h,k,objetivo,ranking,semanas,spread,spread_crudo,atr_ratio,atr_propio,sem_ok,p,fdr_ok,ctrl_spread,ctrl_sd
4,3,largo,atr_24,251,-0.09571797645009085,-0.0016383077948704352,2.033404683558538,1.3237695351599132,0.18725099601593626,1.0,False,-0.15946621831808988,0.008318980659972471
4,3,largo,vol_24,251,-0.09991757137907949,-0.0015808910437661334,1.9854981856047722,1.3334032306956498,0.2151394422310757,1.0,False,-0.15946621831808988,0.008318980659972471
4,3,largo,vol_168,251,-0.09571090341966933,-0.0016083497330619063,1.8566551427396563,1.1366136811201613,0.199203187250996,1.0,False,-0.15946621831808988,0.008318980659972471
4,3,largo,rango_168,251,-0.0867798160140717,-0.001403000802734804,1.7795143343383582,1.1675130040820871,0.22310756972111553,1.0,False,-0.15946621831808988,0.008318980659972471
4,3,largo,roc_24,251,-0.14156894262171754,-0.0018672879915601394,1.5189705948358942,1.2219830196954686,0.1952191235059761,1.0,False,-0.15946621831808988,0.008318980659972471
4,3,largo,roc_72,251,-0.12072914997987375,-0.0015315450417390615,1.6218735375912259,1.2841031781507262,0.18725099601593626,1.0,False,-0.15946621831808988,0.008318980659972471
4,3,largo,roc_168,251,-0.12132002568370683,-0.0015650617424312952,1.6302169956051475,1.2570342430658106,0.21912350597609562,1.0,False,-0.15946621831808988,0.008318980659972471
4,3,largo,roc_720,251,-0.10968190195345032,-0.0017304319032996538,1.5233490851803364,1.0323434991196174,0.18725099601593626,1.0,False,-0.15946621831808988,0.008318980659972471
4,3,largo,compresion,251,-0.15657827453324832,-0.001883773686504246,1.4826581810060706,1.3271568431077672,0.13545816733067728,1.0,False,-0.15946621831808988,0.008318980659972471
4,3,largo,dd_168,251,-0.21345197196832483,-0.0018620515761501324,0.802753940001264,1.0179189829903952,0.07171314741035857,1.0,False,-0.15946621831808988,0.008318980659972471
4,3,largo,dd_720,251,-0.21734808827185204,-0.0017994664355857977,0.8451527000804522,1.0640462575652156,0.06772908366533864,1.0,False,-0.15946621831808988,0.008318980659972471
4,3,largo,pos_168,251,-0.14624002000051306,-0.0016933230061232547,1.2009191210668424,1.119736720444312,0.15139442231075698,1.0,False,-0.15946621831808988,0.008318980659972471
4,3,largo,desbal,251,-0.166777779988339,-0.002157103604098842,0.989098204866842,0.9597575326368548,0.035856573705179286,1.0,False,-0.15946621831808988,0.008318980659972471
4,3,largo,desbal_24,251,-0.16205776437865607,-0.001865134727800098,0.9502767986067737,0.9813243157745023,0.06772908366533864,1.0,False,-0.15946621831808988,0.008318980659972471
4,3,largo,desbal_168,251,-0.1684583747008376,-0.0017183620501431904,0.9107903954267591,0.9931939851045387,0.05976095617529881,1.0,False,-0.15946621831808988,0.008318980659972471
4,3,largo,ticket_rel,251,-0.16718335653015004,-0.0019929115027515535,1.0415483843018822,1.003521692703455,0.06772908366533864,1.0,False,-0.15946621831808988,0.008318980659972471
4,3,largo,turnover,251,-0.1531367803153804,-0.0018669501078789964,1.3423005559444847,1.1814468290814537,0.1553784860557769,1.0,False,-0.15946621831808988,0.008318980659972471
4,3,largo,n_surge,251,-0.15835521893227403,-0.0020117731887920372,1.3770539751631237,1.1924921748858255,0.17928286852589642,1.0,False,-0.15946621831808988,0.008318980659972471
4,3,largo,oi_chg_1h,201,-0.1600106275833174,-0.0021199160021273156,1.2399715839266,1.044842378041818,0.15920398009950248,1.0,False,-0.15946621831808988,0.008318980659972471
4,3,largo,oi_chg_4h,201,-0.16221645926122996,-0.00202156221961269,1.260146084056933,1.070641897782511,0.15920398009950248,1.0,False,-0.15946621831808988,0.008318980659972471
4,3,largo,oi_chg_24h,201,-0.12963018453159664,-0.0015670819363597871,1.462904017311449,1.217221264728717,0.1691542288557214,1.0,False,-0.15946621831808988,0.008318980659972471
4,3,largo,oi_z,200,-0.1742393379196066,-0.002105065346089425,1.0639351136514228,1.005414706721488,0.115,1.0,False,-0.15946621831808988,0.008318980659972471
4,3,largo,oi_rel_168,201,-0.12935979599385053,-0.0015506484100860942,1.6057650665608278,1.3187672305064406,0.208955223880597,1.0,False,-0.15946621831808988,0.008318980659972471
4,3,largo,tt_cuentas,190,-0.1958615288542886,-0.0021046343300374633,0.899572729328812,0.9799284683206058,0.021052631578947368,1.0,False,-0.15946621831808988,0.008318980659972471
4,3,largo,tt_cuentas_chg24,190,-0.17391239282911253,-0.0019488595156521126,1.070932448903609,1.0146268963960154,0.042105263157894736,1.0,False,-0.15946621831808988,0.008318980659972471
4,3,largo,tt_cuentas_pct,189,-0.17312419254901865,-0.0019539399359962003,1.0020937794898126,0.9631070243763129,0.026455026455026454,1.0,False,-0.15946621831808988,0.008318980659972471
4,3,largo,tt_pos,190,-0.19139209329920384,-0.0022306515852454187,0.9797413631054535,0.9565556427586899,0.03684210526315789,1.0,False,-0.15946621831808988,0.008318980659972471
4,3,largo,tt_pos_chg24,190,-0.1772438350758625,-0.002120514171780791,1.1062210976295241,1.0096257467902578,0.05789473684210526,1.0,False,-0.15946621831808988,0.008318980659972471
4,3,largo,tt_pos_pct,189,-0.19307822377724204,-0.0022643288079357126,1.0171022405197152,0.9744125962100203,0.021164021164021163,1.0,False,-0.15946621831808988,0.008318980659972471
4,3,largo,ls_cuentas,201,-0.19597450813753903,-0.0020874213057259553,0.8959352854711848,0.9686581716166336,0.024875621890547265,1.0,False,-0.15946621831808988,0.008318980659972471
4,3,largo,ls_cuentas_chg24,201,-0.17691500117151565,-0.002039706814503571,1.0957100871210537,1.0150878057039683,0.029850746268656716,1.0,False,-0.15946621831808988,0.008318980659972471
4,3,largo,ls_cuentas_pct,201,-0.18018077610819805,-0.0020605582691737433,1.0125284988969925,0.9634141070355636,0.03482587064676617,1.0,False,-0.15946621831808988,0.008318980659972471
4,3,largo,taker,201,-0.1826343496656753,-0.0021315850197895815,0.9711817623875256,0.9601428819104039,0.004975124378109453,1.0,False,-0.15946621831808988,0.008318980659972471
4,3,largo,taker_chg24,201,-0.17367152998051782,-0.002031016382824985,0.9728570909211166,0.9622391898512703,0.04477611940298507,1.0,False,-0.15946621831808988,0.008318980659972471
4,3,largo,taker_pct,200,-0.17462499382266677,-0.0020994943871511683,1.0189662168322988,0.9653662764222533,0.03,1.0,False,-0.15946621831808988,0.008318980659972471
4,3,largo,atr_24 ~ sin roc_24,251,-0.10723958310790145,-0.0017443422588342404,1.8879958097906882,1.239814507886551,0.20717131474103587,1.0,False,-0.15946621831808988,0.008318980659972471
4,3,largo,vol_24 ~ sin roc_24,251,-0.10962651366050509,-0.0017718958601586135,1.8373551215281876,1.2477073782783075,0.19123505976095617,1.0,False,-0.15946621831808988,0.008318980659972471
4,3,largo,vol_168 ~ sin roc_24,251,-0.10864724978482185,-0.00181330373437507,1.7268755148137267,1.1104103215986303,0.1952191235059761,1.0,False,-0.15946621831808988,0.008318980659972471
4,3,largo,rango_168 ~ sin roc_24,251,-0.10589059437350254,-0.0016600300794735253,1.6547288750893876,1.1278543376237713,0.16733067729083664,1.0,False,-0.15946621831808988,0.008318980659972471
4,3,largo,roc_72 ~ sin roc_24,251,-0.13046732944683037,-0.0017449653693474296,1.4858790684202436,1.187788327359124,0.18725099601593626,1.0,False,-0.15946621831808988,0.008318980659972471
4,3,largo,roc_168 ~ sin roc_24,251,-0.12820128293609487,-0.0017258456484806706,1.51511006073234,1.1826213592029158,0.16334661354581673,1.0,False,-0.15946621831808988,0.008318980659972471
4,3,largo,roc_720 ~ sin roc_24,251,-0.11994586150465898,-0.0018574395913497459,1.4595108437224733,1.0096404385235147,0.12350597609561753,1.0,False,-0.15946621831808988,0.008318980659972471
4,3,largo,compresion ~ sin roc_24,251,-0.17619229896596292,-0.0020736943575852995,1.3358001777364008,1.2530720778706754,0.06374501992031872,1.0,False,-0.15946621831808988,0.008318980659972471
4,3,largo,dd_168 ~ sin roc_24,251,-0.21842470921983656,-0.0018716851828137653,0.7439823625259117,0.9808770922509585,0.0398406374501992,1.0,False,-0.15946621831808988,0.008318980659972471
4,3,largo,dd_720 ~ sin roc_24,251,-0.20930599496719016,-0.0017934567585814129,0.8057070350453003,1.026869428256205,0.05179282868525897,1.0,False,-0.15946621831808988,0.008318980659972471
4,3,largo,pos_168 ~ sin roc_24,251,-0.1457490049696044,-0.0016256386377510512,1.0920145911140493,1.0565588137437094,0.11553784860557768,1.0,False,-0.15946621831808988,0.008318980659972471
4,3,largo,desbal ~ sin roc_24,251,-0.1656586321782754,-0.0021002410810846664,0.9813832863681063,0.9544339260610101,0.05976095617529881,1.0,False,-0.15946621831808988,0.008318980659972471
4,3,largo,desbal_24 ~ sin roc_24,251,-0.1625530827773489,-0.0018578879297152218,0.9338860635748027,0.9683968578327488,0.04780876494023904,1.0,False,-0.15946621831808988,0.008318980659972471
4,3,largo,desbal_168 ~ sin roc_24,251,-0.17018597003065492,-0.0017923086395038798,0.908810827968312,0.9863815583579689,0.05976095617529881,1.0,False,-0.15946621831808988,0.008318980659972471
4,3,largo,ticket_rel ~ sin roc_24,251,-0.1682144854200514,-0.0019819088499781856,1.0182779362464083,0.9914581827624652,0.05179282868525897,1.0,False,-0.15946621831808988,0.008318980659972471
4,3,largo,turnover ~ sin roc_24,251,-0.15784957333687147,-0.001848995448722305,1.2628793289394078,1.1291797434403477,0.13545816733067728,1.0,False,-0.15946621831808988,0.008318980659972471
4,3,largo,n_surge ~ sin roc_24,251,-0.1696965761530253,-0.0021188906316461018,1.2898280462579665,1.1364690615497097,0.12749003984063745,1.0,False,-0.15946621831808988,0.008318980659972471
4,3,largo,oi_chg_1h ~ sin roc_24,201,-0.1700335337262612,-0.0021851003077910784,1.2058373703032295,1.0295247986884204,0.12935323383084577,1.0,False,-0.15946621831808988,0.008318980659972471
4,3,largo,oi_chg_4h ~ sin roc_24,201,-0.15525975515259605,-0.0019152139033733688,1.2113633038644074,1.0441265215051785,0.14427860696517414,1.0,False,-0.15946621831808988,0.008318980659972471
4,3,largo,oi_chg_24h ~ sin roc_24,201,-0.1404645659557149,-0.0016930767369254037,1.2667894963989395,1.1154847302680486,0.12437810945273632,1.0,False,-0.15946621831808988,0.008318980659972471
4,3,largo,oi_z ~ sin roc_24,200,-0.18288927704449434,-0.0021332897226070567,1.0380925187485688,0.9940489987766677,0.1,1.0,False,-0.15946621831808988,0.008318980659972471
4,3,largo,oi_rel_168 ~ sin roc_24,201,-0.14908900791441987,-0.0018097929710854132,1.4760209155044817,1.2475709705760385,0.13930348258706468,1.0,False,-0.15946621831808988,0.008318980659972471
4,3,largo,tt_cuentas ~ sin roc_24,190,-0.19552119804224377,-0.0021108435868267914,0.8988393104323732,0.9807804370959211,0.010526315789473684,1.0,False,-0.15946621831808988,0.008318980659972471
4,3,largo,tt_cuentas_chg24 ~ sin roc_24,190,-0.1738905119335091,-0.0020180519167820343,1.0931249298941534,1.0280490290132567,0.04736842105263158,1.0,False,-0.15946621831808988,0.008318980659972471
4,3,largo,tt_cuentas_pct ~ sin roc_24,189,-0.19145858272421656,-0.002217262377126837,1.0131863040255211,0.974476943065067,0.037037037037037035,1.0,False,-0.15946621831808988,0.008318980659972471
4,3,largo,tt_pos ~ sin roc_24,190,-0.189058686209159,-0.0021900833808524223,0.9714272070612755,0.9536542317016632,0.02631578947368421,1.0,False,-0.15946621831808988,0.008318980659972471
4,3,largo,tt_pos_chg24 ~ sin roc_24,190,-0.17070135551130947,-0.002019721654363,1.1074325931007183,1.0099299822349588,0.06315789473684211,1.0,False,-0.15946621831808988,0.008318980659972471
4,3,largo,tt_pos_pct ~ sin roc_24,189,-0.1924094688700862,-0.002249551189504198,1.0292773720487363,0.9817409209187288,0.05291005291005291,1.0,False,-0.15946621831808988,0.008318980659972471
4,3,largo,ls_cuentas ~ sin roc_24,201,-0.19473578201255734,-0.0020541039141606363,0.8910453931500901,0.9690214396075743,0.01990049751243781,1.0,False,-0.15946621831808988,0.008318980659972471
4,3,largo,ls_cuentas_chg24 ~ sin roc_24,201,-0.18392806190437572,-0.002210940851865762,1.1247373556996965,1.03179103035504,0.029850746268656716,1.0,False,-0.15946621831808988,0.008318980659972471
4,3,largo,ls_cuentas_pct ~ sin roc_24,201,-0.19120386499625927,-0.0022546449609370228,1.0133525545893485,0.9693183967427567,0.029850746268656716,1.0,False,-0.15946621831808988,0.008318980659972471
4,3,largo,taker ~ sin roc_24,201,-0.18130805564111055,-0.0021142381225281695,0.9689663343688509,0.9589896808343666,0.014925373134328358,1.0,False,-0.15946621831808988,0.008318980659972471
4,3,largo,taker_chg24 ~ sin roc_24,201,-0.17330604536801594,-0.002014577179714296,0.9763687213085075,0.9634107221077839,0.029850746268656716,1.0,False,-0.15946621831808988,0.008318980659972471
4,3,largo,taker_pct ~ sin roc_24,200,-0.17772437811374978,-0.0020962978449186338,1.0093130610417438,0.963880432253396,0.035,1.0,False,-0.15946621831808988,0.008318980659972471
4,3,largo,atr_24 [bajo],251,-0.28414854847603044,-0.0019288547621336737,0.509530022554554,0.900269020734607,0.0199203187250996,1.0,False,-0.15946621831808988,0.008318980659972471
4,3,largo,vol_24 [bajo],251,-0.2792323565570301,-0.0019730641389972417,0.5201247398861774,0.8840306308568561,0.00398406374501992,1.0,False,-0.15946621831808988,0.008318980659972471
4,3,largo,vol_168 [bajo],251,-0.2917113061420333,-0.0019846586436014493,0.5261437782644619,0.9352123927354254,0.00796812749003984,1.0,False,-0.15946621831808988,0.008318980659972471
4,3,largo,rango_168 [bajo],251,-0.2767134862777666,-0.00197892240218672,0.5570343389338771,0.927416410004156,0.00796812749003984,1.0,False,-0.15946621831808988,0.008318980659972471
4,3,largo,roc_24 [bajo],251,-0.14336323566166834,-0.0019130104428708762,1.289050197914166,1.0243732613211511,0.07569721115537849,1.0,False,-0.15946621831808988,0.008318980659972471
4,3,largo,roc_72 [bajo],251,-0.1380642553531895,-0.001896760233350112,1.1947163110529735,0.9537296593811444,0.08764940239043825,1.0,False,-0.15946621831808988,0.008318980659972471
4,3,largo,roc_168 [bajo],251,-0.14349999748450484,-0.0020244732871179854,1.156712878888202,0.931546423060136,0.04780876494023904,1.0,False,-0.15946621831808988,0.008318980659972471
4,3,largo,roc_720 [bajo],251,-0.1439898745363556,-0.00200351571903755,1.1507751290167862,0.965078860960098,0.06772908366533864,1.0,False,-0.15946621831808988,0.008318980659972471
4,3,largo,compresion [bajo],251,-0.16080393120669242,-0.0019378020318610624,0.9424100768142631,0.874727472657286,0.05976095617529881,1.0,False,-0.15946621831808988,0.008318980659972471
4,3,largo,dd_168 [bajo],251,-0.11684089702939085,-0.0017983985155527941,1.4610797045191979,1.009713582682994,0.1553784860557769,1.0,False,-0.15946621831808988,0.008318980659972471
4,3,largo,dd_720 [bajo],251,-0.12176597067995226,-0.0018975208614650989,1.3181062675112765,0.9383008617836663,0.11952191235059761,1.0,False,-0.15946621831808988,0.008318980659972471
4,3,largo,pos_168 [bajo],251,-0.16116548806252254,-0.0020569610489272958,1.0765375565331552,0.9259830585800655,0.06374501992031872,1.0,False,-0.15946621831808988,0.008318980659972471
4,3,largo,desbal [bajo],251,-0.15418944376264734,-0.0018182913818014738,1.009829434529209,0.962879757010239,0.043824701195219126,1.0,False,-0.15946621831808988,0.008318980659972471
4,3,largo,desbal_24 [bajo],251,-0.1663569479424533,-0.001997377103889657,0.9796043896714586,0.9407978960622276,0.04780876494023904,1.0,False,-0.15946621831808988,0.008318980659972471
4,3,largo,desbal_168 [bajo],251,-0.17512533769982871,-0.0021708043663146927,0.9969360771622559,0.9537118422161371,0.035856573705179286,1.0,False,-0.15946621831808988,0.008318980659972471
4,3,largo,ticket_rel [bajo],251,-0.17033110150285238,-0.0020746540938011695,0.9974752088340868,0.9491062900805056,0.02390438247011952,1.0,False,-0.15946621831808988,0.008318980659972471
4,3,largo,turnover [bajo],251,-0.15597713765410096,-0.0020283147588102965,1.0310124951578519,0.9122358164576772,0.05976095617529881,1.0,False,-0.15946621831808988,0.008318980659972471
4,3,largo,n_surge [bajo],251,-0.15744115304769254,-0.0021286978058322795,1.050771531072522,0.9105026893693293,0.05179282868525897,1.0,False,-0.15946621831808988,0.008318980659972471
4,3,largo,oi_chg_1h [bajo],201,-0.12166909950184931,-0.00157811738391695,1.331416125346193,1.0902403407012102,0.12935323383084577,1.0,False,-0.15946621831808988,0.008318980659972471
4,3,largo,oi_chg_4h [bajo],201,-0.1321963882805951,-0.0016926328957591614,1.3521219814737682,1.099003250219784,0.14427860696517414,1.0,False,-0.15946621831808988,0.008318980659972471
4,3,largo,oi_chg_24h [bajo],201,-0.1461383950136233,-0.0019159164940493372,1.256838650441758,1.0328062817987562,0.05970149253731343,1.0,False,-0.15946621831808988,0.008318980659972471
4,3,largo,oi_z [bajo],200,-0.15542939785925353,-0.0018026584398141106,1.1187660447760561,1.046275631890326,0.075,1.0,False,-0.15946621831808988,0.008318980659972471
4,3,largo,oi_rel_168 [bajo],201,-0.15472717097875396,-0.0020572528428513116,1.1175248306671282,0.919949423460945,0.04975124378109453,1.0,False,-0.15946621831808988,0.008318980659972471
4,3,largo,tt_cuentas [bajo],190,-0.13720194727537655,-0.0015481715074308173,1.2032129804261644,1.0182115303259478,0.15263157894736842,1.0,False,-0.15946621831808988,0.008318980659972471
4,3,largo,tt_cuentas_chg24 [bajo],190,-0.16717705994471457,-0.0019826899645960477,1.127216759613328,1.0632753663507348,0.11052631578947368,1.0,False,-0.15946621831808988,0.008318980659972471
4,3,largo,tt_cuentas_pct [bajo],189,-0.1469825790178659,-0.001723400176007464,1.1310555054682119,1.0630225086989218,0.09523809523809523,1.0,False,-0.15946621831808988,0.008318980659972471
4,3,largo,tt_pos [bajo],190,-0.18566599908924097,-0.001915529721917825,0.9175296257330394,0.9871732930859188,0.07368421052631578,1.0,False,-0.15946621831808988,0.008318980659972471
4,3,largo,tt_pos_chg24 [bajo],190,-0.16225496928209146,-0.0019341441181707103,1.1617747078311973,1.0514695922209438,0.10526315789473684,1.0,False,-0.15946621831808988,0.008318980659972471
4,3,largo,tt_pos_pct [bajo],189,-0.16207528068307622,-0.0018173542658739183,1.080522377491036,1.021260481264287,0.07407407407407407,1.0,False,-0.15946621831808988,0.008318980659972471
4,3,largo,ls_cuentas [bajo],201,-0.12647132807690972,-0.0015057702707443848,1.2513946133469356,1.0332916301431683,0.16417910447761194,1.0,False,-0.15946621831808988,0.008318980659972471
4,3,largo,ls_cuentas_chg24 [bajo],201,-0.16713654398503078,-0.0019636094967946057,1.1491769087809476,1.0666646592873468,0.11442786069651742,1.0,False,-0.15946621831808988,0.008318980659972471
4,3,largo,ls_cuentas_pct [bajo],201,-0.14809341647529345,-0.0017081588699539279,1.131732175195383,1.0597024697592201,0.11442786069651742,1.0,False,-0.15946621831808988,0.008318980659972471
4,3,largo,taker [bajo],201,-0.17435921101692467,-0.0019629884863983493,0.9713995466313383,0.9588249395217436,0.029850746268656716,1.0,False,-0.15946621831808988,0.008318980659972471
4,3,largo,taker_chg24 [bajo],201,-0.17624867121117246,-0.0019657419592884035,0.9808310246109336,0.9705769579740325,0.04477611940298507,1.0,False,-0.15946621831808988,0.008318980659972471
4,3,largo,taker_pct [bajo],200,-0.17602935234226538,-0.0020404620652561003,1.0200860140752006,0.9670912524209174,0.035,1.0,False,-0.15946621831808988,0.008318980659972471
4,3,largo,atr_24 ~ sin roc_24 [bajo],251,-0.26822782018395974,-0.001903131426252118,0.553382858613879,0.9157387740920246,0.027888446215139442,1.0,False,-0.15946621831808988,0.008318980659972471
4,3,largo,vol_24 ~ sin roc_24 [bajo],251,-0.2585867701326025,-0.0019705120924967748,0.5963608008579332,0.9108660836154996,0.02390438247011952,1.0,False,-0.15946621831808988,0.008318980659972471
4,3,largo,vol_168 ~ sin roc_24 [bajo],251,-0.27224194805022245,-0.0019188574201175373,0.5732919400238162,0.955789198638664,0.0199203187250996,1.0,False,-0.15946621831808988,0.008318980659972471
4,3,largo,rango_168 ~ sin roc_24 [bajo],251,-0.2520593008593669,-0.0019717613092619978,0.6356294355704363,0.9437363297952609,0.01593625498007968,1.0,False,-0.15946621831808988,0.008318980659972471
4,3,largo,roc_72 ~ sin roc_24 [bajo],251,-0.1353583992284211,-0.0018625085562789477,1.2199120752039019,0.9758195743639879,0.10756972111553785,1.0,False,-0.15946621831808988,0.008318980659972471
4,3,largo,roc_168 ~ sin roc_24 [bajo],251,-0.14465024245861352,-0.0020225939437789084,1.1780718221344502,0.9538484087955608,0.055776892430278883,1.0,False,-0.15946621831808988,0.008318980659972471
4,3,largo,roc_720 ~ sin roc_24 [bajo],251,-0.1307033046717969,-0.0017861164368140696,1.1746090285394544,0.9874221540228201,0.09163346613545817,1.0,False,-0.15946621831808988,0.008318980659972471
4,3,largo,compresion ~ sin roc_24 [bajo],251,-0.15961882095473387,-0.0019309028002712674,0.9701992265621446,0.8969892937486416,0.07569721115537849,1.0,False,-0.15946621831808988,0.008318980659972471
4,3,largo,dd_168 ~ sin roc_24 [bajo],251,-0.11516196864831854,-0.001728423748453354,1.448420311052653,1.0150019546221416,0.14741035856573706,1.0,False,-0.15946621831808988,0.008318980659972471
4,3,largo,dd_720 ~ sin roc_24 [bajo],251,-0.12240681586541693,-0.0018514189209744376,1.3000891065326814,0.9392085784887871,0.09561752988047809,1.0,False,-0.15946621831808988,0.008318980659972471
4,3,largo,pos_168 ~ sin roc_24 [bajo],251,-0.17636259691973435,-0.002230208123146417,1.058321578400405,0.9358383449712273,0.05179282868525897,1.0,False,-0.15946621831808988,0.008318980659972471
4,3,largo,desbal ~ sin roc_24 [bajo],251,-0.15913976647607433,-0.0019027156869184244,1.0057817333288654,0.9613504532446107,0.05179282868525897,1.0,False,-0.15946621831808988,0.008318980659972471
4,3,largo,desbal_24 ~ sin roc_24 [bajo],251,-0.167978982514068,-0.00200137338389177,0.9774630394702223,0.9451705244637314,0.05179282868525897,1.0,False,-0.15946621831808988,0.008318980659972471
4,3,largo,desbal_168 ~ sin roc_24 [bajo],251,-0.1710262818558321,-0.002097301073196374,0.987747490612291,0.9516611977863966,0.04780876494023904,1.0,False,-0.15946621831808988,0.008318980659972471
4,3,largo,ticket_rel ~ sin roc_24 [bajo],251,-0.16963345678137118,-0.0020448887958738116,0.9993283946313373,0.954455460482357,0.02390438247011952,1.0,False,-0.15946621831808988,0.008318980659972471
4,3,largo,turnover ~ sin roc_24 [bajo],251,-0.15852687381923428,-0.0020365234518682465,1.1819891294816371,0.9972868678003013,0.055776892430278883,1.0,False,-0.15946621831808988,0.008318980659972471
4,3,largo,n_surge ~ sin roc_24 [bajo],251,-0.156445443549526,-0.002072961373074435,1.1868068453818394,0.9948634823128795,0.06374501992031872,1.0,False,-0.15946621831808988,0.008318980659972471
4,3,largo,oi_chg_1h ~ sin roc_24 [bajo],201,-0.12248712983226062,-0.0015789783248461645,1.3300658643195051,1.0986844671618352,0.13432835820895522,1.0,False,-0.15946621831808988,0.008318980659972471
4,3,largo,oi_chg_4h ~ sin roc_24 [bajo],201,-0.1329479489060586,-0.0017476845291555614,1.3739224066951485,1.118621407606504,0.14925373134328357,1.0,False,-0.15946621831808988,0.008318980659972471
4,3,largo,oi_chg_24h ~ sin roc_24 [bajo],201,-0.15879864168827623,-0.0020892073240234843,1.253890357943862,1.054995209065993,0.1044776119402985,1.0,False,-0.15946621831808988,0.008318980659972471
4,3,largo,oi_z ~ sin roc_24 [bajo],200,-0.1524607194076821,-0.0017955563669599123,1.1303145491716133,1.051600034184971,0.095,1.0,False,-0.15946621831808988,0.008318980659972471
4,3,largo,oi_rel_168 ~ sin roc_24 [bajo],201,-0.1595206665197067,-0.0021463825885239393,1.150325700982799,0.9539857508963058,0.03482587064676617,1.0,False,-0.15946621831808988,0.008318980659972471
4,3,largo,tt_cuentas ~ sin roc_24 [bajo],190,-0.15535681961344958,-0.0017359999163730421,1.0860152918558863,0.9788101563604192,0.11578947368421053,1.0,False,-0.15946621831808988,0.008318980659972471
4,3,largo,tt_cuentas_chg24 ~ sin roc_24 [bajo],190,-0.18073487109273897,-0.0021559848006035593,1.0398820763091388,1.0081867585732294,0.042105263157894736,1.0,False,-0.15946621831808988,0.008318980659972471
4,3,largo,tt_cuentas_pct ~ sin roc_24 [bajo],189,-0.18020955760394403,-0.001991044290946294,1.001537026693913,1.0001143497261686,0.037037037037037035,1.0,False,-0.15946621831808988,0.008318980659972471
4,3,largo,tt_pos ~ sin roc_24 [bajo],190,-0.17617745704218687,-0.00175486050460208,0.9080255736291615,0.9771346964205987,0.06315789473684211,1.0,False,-0.15946621831808988,0.008318980659972471
4,3,largo,tt_pos_chg24 ~ sin roc_24 [bajo],190,-0.16194193612339358,-0.001915927812821857,1.1241301893327929,1.031475929737447,0.06315789473684211,1.0,False,-0.15946621831808988,0.008318980659972471
4,3,largo,tt_pos_pct ~ sin roc_24 [bajo],189,-0.16244162713724283,-0.0017870080334779154,1.0350625526586759,0.994320934080271,0.05291005291005291,1.0,False,-0.15946621831808988,0.008318980659972471
4,3,largo,ls_cuentas ~ sin roc_24 [bajo],201,-0.15247647969781114,-0.0017705562015113004,1.1174254506937318,0.987543105168327,0.11940298507462686,1.0,False,-0.15946621831808988,0.008318980659972471
4,3,largo,ls_cuentas_chg24 ~ sin roc_24 [bajo],201,-0.17915764820256186,-0.002098211424628717,1.056150017848822,1.0059690745809342,0.05472636815920398,1.0,False,-0.15946621831808988,0.008318980659972471
4,3,largo,ls_cuentas_pct ~ sin roc_24 [bajo],201,-0.17471424438793282,-0.001975486024060789,1.0051674759491163,0.996635417349003,0.04975124378109453,1.0,False,-0.15946621831808988,0.008318980659972471
4,3,largo,taker ~ sin roc_24 [bajo],201,-0.17386418487422187,-0.0019476005201002923,0.9857726001145792,0.9660087373908266,0.04477611940298507,1.0,False,-0.15946621831808988,0.008318980659972471
4,3,largo,taker_chg24 ~ sin roc_24 [bajo],201,-0.16732448890375223,-0.001851696430459522,0.9799193875798586,0.9695687449787088,0.03980099502487562,1.0,False,-0.15946621831808988,0.008318980659972471
4,3,largo,taker_pct ~ sin roc_24 [bajo],200,-0.17105791632878906,-0.0019724149655660013,1.0157824710340795,0.9666461166640733,0.035,1.0,False,-0.15946621831808988,0.008318980659972471
4,3,largo,CONTROL azar 1,251,-0.15946621831808988,-0.002003782794814004,1.02502735723593,0.9774427039648301,0.055776892430278883,1.0,False,-0.15946621831808988,0.008318980659972471
4,3,largo,CONTROL azar 2,251,-0.14950646882893753,-0.0018250423814154743,1.029492710580164,0.9775242500174923,0.07171314741035857,1.0,False,-0.15946621831808988,0.008318980659972471
4,3,largo,CONTROL azar 3,251,-0.1660283910629319,-0.002064268299011918,1.0276851969230594,0.9744541267643003,0.04780876494023904,1.0,False,-0.15946621831808988,0.008318980659972471
4,3,corto,atr_24,251,-0.1335811496685434,-0.002361692205129565,2.033404683558538,1.3237695351599132,0.17131474103585656,1.0,False,-0.16511643647464078,0.008498941470267316
4,3,corto,vol_24,251,-0.13922230973516517,-0.0024191089562338674,1.9854981856047722,1.3334032306956498,0.20318725099601595,1.0,False,-0.16511643647464078,0.008498941470267316
4,3,corto,vol_168,251,-0.12876027146161687,-0.002391650266938094,1.8566551427396563,1.1366136811201613,0.17928286852589642,1.0,False,-0.16511643647464078,0.008498941470267316
4,3,corto,rango_168,251,-0.15296635482730261,-0.0025969991972651964,1.7795143343383582,1.1675130040820871,0.14741035856573706,1.0,False,-0.16511643647464078,0.008498941470267316
4,3,corto,roc_24,251,-0.16192329698663924,-0.0021327120084398605,1.5189705948358942,1.2219830196954686,0.13545816733067728,1.0,False,-0.16511643647464078,0.008498941470267316
4,3,corto,roc_72,251,-0.1813939212172038,-0.0024684549582609386,1.6218735375912259,1.2841031781507262,0.14342629482071714,1.0,False,-0.16511643647464078,0.008498941470267316
4,3,corto,roc_168,251,-0.17239834261830897,-0.0024349382575687053,1.6302169956051475,1.2570342430658106,0.16733067729083664,1.0,False,-0.16511643647464078,0.008498941470267316
4,3,corto,roc_720,251,-0.1496315382827573,-0.002269568096700346,1.5233490851803364,1.0323434991196174,0.14342629482071714,1.0,False,-0.16511643647464078,0.008498941470267316
4,3,corto,compresion,251,-0.1731376100443815,-0.0021162263134957542,1.4826581810060706,1.3271568431077672,0.13147410358565736,1.0,False,-0.16511643647464078,0.008498941470267316
4,3,corto,dd_168,251,-0.25743831844576387,-0.002137948423849868,0.802753940001264,1.0179189829903952,0.0398406374501992,1.0,False,-0.16511643647464078,0.008498941470267316
4,3,corto,dd_720,251,-0.2663435705341351,-0.002200533564414202,0.8451527000804522,1.0640462575652156,0.043824701195219126,1.0,False,-0.16511643647464078,0.008498941470267316
4,3,corto,pos_168,251,-0.19644253143244111,-0.0023066769938767462,1.2009191210668424,1.119736720444312,0.08366533864541832,1.0,False,-0.16511643647464078,0.008498941470267316
4,3,corto,desbal,251,-0.16192868240691358,-0.0018428963959011581,0.989098204866842,0.9597575326368548,0.0398406374501992,1.0,False,-0.16511643647464078,0.008498941470267316
4,3,corto,desbal_24,251,-0.1920864625150584,-0.002134865272199902,0.9502767986067737,0.9813243157745023,0.03187250996015936,1.0,False,-0.16511643647464078,0.008498941470267316
4,3,corto,desbal_168,251,-0.2164094894457605,-0.0022816379498568095,0.9107903954267591,0.9931939851045387,0.03187250996015936,1.0,False,-0.16511643647464078,0.008498941470267316
4,3,corto,ticket_rel,251,-0.17011755781788088,-0.0020070884972484466,1.0415483843018822,1.003521692703455,0.04780876494023904,1.0,False,-0.16511643647464078,0.008498941470267316
4,3,corto,turnover,251,-0.16679837107369622,-0.002133049892121004,1.3423005559444847,1.1814468290814537,0.15139442231075698,1.0,False,-0.16511643647464078,0.008498941470267316
4,3,corto,n_surge,251,-0.15628308567411056,-0.0019882268112079633,1.3770539751631237,1.1924921748858255,0.1752988047808765,1.0,False,-0.16511643647464078,0.008498941470267316
4,3,corto,oi_chg_1h,201,-0.1535430828553739,-0.0018800839978726845,1.2399715839266,1.044842378041818,0.17412935323383086,1.0,False,-0.16511643647464078,0.008498941470267316
4,3,corto,oi_chg_4h,201,-0.1547681173404747,-0.0019784377803873103,1.260146084056933,1.070641897782511,0.12437810945273632,1.0,False,-0.16511643647464078,0.008498941470267316
4,3,corto,oi_chg_24h,201,-0.19195926275028166,-0.002432918063640214,1.462904017311449,1.217221264728717,0.11940298507462686,1.0,False,-0.16511643647464078,0.008498941470267316
4,3,corto,oi_z,200,-0.1681627574258919,-0.0018949346539105752,1.0639351136514228,1.005414706721488,0.1,1.0,False,-0.16511643647464078,0.008498941470267316
4,3,corto,oi_rel_168,201,-0.19103460440875106,-0.002449351589913906,1.6057650665608278,1.3187672305064406,0.13432835820895522,1.0,False,-0.16511643647464078,0.008498941470267316
4,3,corto,tt_cuentas,190,-0.1828260493282092,-0.0018953656699625373,0.899572729328812,0.9799284683206058,0.015789473684210527,1.0,False,-0.16511643647464078,0.008498941470267316
4,3,corto,tt_cuentas_chg24,190,-0.16606958830141622,-0.0020511404843478877,1.070932448903609,1.0146268963960154,0.031578947368421054,1.0,False,-0.16511643647464078,0.008498941470267316
4,3,corto,tt_cuentas_pct,189,-0.1683109072997828,-0.0020460600640038002,1.0020937794898126,0.9631070243763129,0.037037037037037035,1.0,False,-0.16511643647464078,0.008498941470267316
4,3,corto,tt_pos,190,-0.1519760986460722,-0.0017693484147545816,0.9797413631054535,0.9565556427586899,0.042105263157894736,1.0,False,-0.16511643647464078,0.008498941470267316
4,3,corto,tt_pos_chg24,190,-0.14711055198948397,-0.0018794858282192091,1.1062210976295241,1.0096257467902578,0.04736842105263158,1.0,False,-0.16511643647464078,0.008498941470267316
4,3,corto,tt_pos_pct,189,-0.14693449357746027,-0.0017356711920642873,1.0171022405197152,0.9744125962100203,0.06349206349206349,1.0,False,-0.16511643647464078,0.008498941470267316
4,3,corto,ls_cuentas,201,-0.18112052285207617,-0.0019125786942740448,0.8959352854711848,0.9686581716166336,0.009950248756218905,1.0,False,-0.16511643647464078,0.008498941470267316
4,3,corto,ls_cuentas_chg24,201,-0.15928303566465674,-0.0019602931854964295,1.0957100871210537,1.0150878057039683,0.05472636815920398,1.0,False,-0.16511643647464078,0.008498941470267316
4,3,corto,ls_cuentas_pct,201,-0.15877938546741935,-0.0019394417308262568,1.0125284988969925,0.9634141070355636,0.04975124378109453,1.0,False,-0.16511643647464078,0.008498941470267316
4,3,corto,taker,201,-0.16760380996227636,-0.0018684149802104188,0.9711817623875256,0.9601428819104039,0.01990049751243781,1.0,False,-0.16511643647464078,0.008498941470267316
4,3,corto,taker_chg24,201,-0.17543740342491967,-0.0019689836171750148,0.9728570909211166,0.9622391898512703,0.014925373134328358,1.0,False,-0.16511643647464078,0.008498941470267316
4,3,corto,taker_pct,200,-0.16305492817473988,-0.0019005056128488318,1.0189662168322988,0.9653662764222533,0.04,1.0,False,-0.16511643647464078,0.008498941470267316
4,3,corto,atr_24 ~ sin roc_24,251,-0.12511254715195996,-0.00225565774116576,1.8879958097906882,1.239814507886551,0.1952191235059761,1.0,False,-0.16511643647464078,0.008498941470267316
4,3,corto,vol_24 ~ sin roc_24,251,-0.131223939781172,-0.0022281041398413866,1.8373551215281876,1.2477073782783075,0.1593625498007968,1.0,False,-0.16511643647464078,0.008498941470267316
4,3,corto,vol_168 ~ sin roc_24,251,-0.12157218403724955,-0.00218669626562493,1.7268755148137267,1.1104103215986303,0.16334661354581673,1.0,False,-0.16511643647464078,0.008498941470267316
4,3,corto,rango_168 ~ sin roc_24,251,-0.1388570438844421,-0.0023399699205264753,1.6547288750893876,1.1278543376237713,0.11952191235059761,1.0,False,-0.16511643647464078,0.008498941470267316
4,3,corto,roc_72 ~ sin roc_24,251,-0.1686581253863112,-0.0022550346306525705,1.4858790684202436,1.187788327359124,0.12749003984063745,1.0,False,-0.16511643647464078,0.008498941470267316
4,3,corto,roc_168 ~ sin roc_24,251,-0.1633814375271597,-0.0022741543515193297,1.51511006073234,1.1826213592029158,0.10756972111553785,1.0,False,-0.16511643647464078,0.008498941470267316
4,3,corto,roc_720 ~ sin roc_24,251,-0.13953840710679108,-0.0021425604086502546,1.4595108437224733,1.0096404385235147,0.11952191235059761,1.0,False,-0.16511643647464078,0.008498941470267316
4,3,corto,compresion ~ sin roc_24,251,-0.1639696892573801,-0.0019263056424147008,1.3358001777364008,1.2530720778706754,0.10756972111553785,1.0,False,-0.16511643647464078,0.008498941470267316
4,3,corto,dd_168 ~ sin roc_24,251,-0.25953904610918055,-0.0021283148171862346,0.7439823625259117,0.9808770922509585,0.00398406374501992,1.0,False,-0.16511643647464078,0.008498941470267316
4,3,corto,dd_720 ~ sin roc_24,251,-0.2696940940995844,-0.002206543241418587,0.8057070350453003,1.026869428256205,0.01593625498007968,1.0,False,-0.16511643647464078,0.008498941470267316
4,3,corto,pos_168 ~ sin roc_24,251,-0.21151115290776595,-0.0023743613622489493,1.0920145911140493,1.0565588137437094,0.043824701195219126,1.0,False,-0.16511643647464078,0.008498941470267316
4,3,corto,desbal ~ sin roc_24,251,-0.16420618669395223,-0.0018997589189153339,0.9813832863681063,0.9544339260610101,0.03187250996015936,1.0,False,-0.16511643647464078,0.008498941470267316
4,3,corto,desbal_24 ~ sin roc_24,251,-0.19149377132694015,-0.0021421120702847783,0.9338860635748027,0.9683968578327488,0.03187250996015936,1.0,False,-0.16511643647464078,0.008498941470267316
4,3,corto,desbal_168 ~ sin roc_24,251,-0.2109986417805823,-0.0022076913604961203,0.908810827968312,0.9863815583579689,0.0398406374501992,1.0,False,-0.16511643647464078,0.008498941470267316
4,3,corto,ticket_rel ~ sin roc_24,251,-0.1703291856609156,-0.0020180911500218145,1.0182779362464083,0.9914581827624652,0.02390438247011952,1.0,False,-0.16511643647464078,0.008498941470267316
4,3,corto,turnover ~ sin roc_24,251,-0.16327497576365207,-0.002151004551277695,1.2628793289394078,1.1291797434403477,0.10756972111553785,1.0,False,-0.16511643647464078,0.008498941470267316
4,3,corto,n_surge ~ sin roc_24,251,-0.14666570854692038,-0.0018811093683538985,1.2898280462579665,1.1364690615497097,0.14342629482071714,1.0,False,-0.16511643647464078,0.008498941470267316
4,3,corto,oi_chg_1h ~ sin roc_24,201,-0.1432029841066192,-0.0018148996922089217,1.2058373703032295,1.0295247986884204,0.11940298507462686,1.0,False,-0.16511643647464078,0.008498941470267316
4,3,corto,oi_chg_4h ~ sin roc_24,201,-0.16091270780645914,-0.0020847860966266315,1.2113633038644074,1.0441265215051785,0.12437810945273632,1.0,False,-0.16511643647464078,0.008498941470267316
4,3,corto,oi_chg_24h ~ sin roc_24,201,-0.18300707771889646,-0.002306923263074596,1.2667894963989395,1.1154847302680486,0.07462686567164178,1.0,False,-0.16511643647464078,0.008498941470267316
4,3,corto,oi_z ~ sin roc_24,200,-0.1606025930882241,-0.0018667102773929434,1.0380925187485688,0.9940489987766677,0.08,1.0,False,-0.16511643647464078,0.008498941470267316
4,3,corto,oi_rel_168 ~ sin roc_24,201,-0.17332610759701866,-0.002190207028914587,1.4760209155044817,1.2475709705760385,0.11442786069651742,1.0,False,-0.16511643647464078,0.008498941470267316
4,3,corto,tt_cuentas ~ sin roc_24,190,-0.18395888011465586,-0.0018891564131732089,0.8988393104323732,0.9807804370959211,0.021052631578947368,1.0,False,-0.16511643647464078,0.008498941470267316
4,3,corto,tt_cuentas_chg24 ~ sin roc_24,190,-0.16595389912436137,-0.0019819480832179662,1.0931249298941534,1.0280490290132567,0.05263157894736842,1.0,False,-0.16511643647464078,0.008498941470267316
4,3,corto,tt_cuentas_pct ~ sin roc_24,189,-0.15681506876766543,-0.0017827376228731632,1.0131863040255211,0.974476943065067,0.042328042328042326,1.0,False,-0.16511643647464078,0.008498941470267316
4,3,corto,tt_pos ~ sin roc_24,190,-0.15588549520556197,-0.001809916619147578,0.9714272070612755,0.9536542317016632,0.042105263157894736,1.0,False,-0.16511643647464078,0.008498941470267316
4,3,corto,tt_pos_chg24 ~ sin roc_24,190,-0.1535492442422397,-0.0019802783456369997,1.1074325931007183,1.0099299822349588,0.06842105263157895,1.0,False,-0.16511643647464078,0.008498941470267316
4,3,corto,tt_pos_pct ~ sin roc_24,189,-0.14730474391194082,-0.0017504488104958021,1.0292773720487363,0.9817409209187288,0.06878306878306878,1.0,False,-0.16511643647464078,0.008498941470267316
4,3,corto,ls_cuentas ~ sin roc_24,201,-0.1836946027312472,-0.0019458960858393637,0.8910453931500901,0.9690214396075743,0.01990049751243781,1.0,False,-0.16511643647464078,0.008498941470267316
4,3,corto,ls_cuentas_chg24 ~ sin roc_24,201,-0.1520404877278248,-0.0017890591481342381,1.1247373556996965,1.03179103035504,0.04975124378109453,1.0,False,-0.16511643647464078,0.008498941470267316
4,3,corto,ls_cuentas_pct ~ sin roc_24,201,-0.15497652557851285,-0.0017453550390629771,1.0133525545893485,0.9693183967427567,0.06965174129353234,1.0,False,-0.16511643647464078,0.008498941470267316
4,3,corto,taker ~ sin roc_24,201,-0.16905873116311196,-0.0018857618774718303,0.9689663343688509,0.9589896808343666,0.029850746268656716,1.0,False,-0.16511643647464078,0.008498941470267316
4,3,corto,taker_chg24 ~ sin roc_24,201,-0.17508000333251147,-0.0019854228202857037,0.9763687213085075,0.9634107221077839,0.014925373134328358,1.0,False,-0.16511643647464078,0.008498941470267316
4,3,corto,taker_pct ~ sin roc_24,200,-0.1615036144512642,-0.0019037021550813663,1.0093130610417438,0.963880432253396,0.035,1.0,False,-0.16511643647464078,0.008498941470267316
4,3,corto,atr_24 [bajo],251,-0.32275423104998885,-0.0020711452378663264,0.509530022554554,0.900269020734607,0.01195219123505976,1.0,False,-0.16511643647464078,0.008498941470267316
4,3,corto,vol_24 [bajo],251,-0.3087244301987835,-0.0020269358610027583,0.5201247398861774,0.8840306308568561,0.00796812749003984,1.0,False,-0.16511643647464078,0.008498941470267316
4,3,corto,vol_168 [bajo],251,-0.31749476037066526,-0.0020153413563985508,0.5261437782644619,0.9352123927354254,0.00398406374501992,1.0,False,-0.16511643647464078,0.008498941470267316
4,3,corto,rango_168 [bajo],251,-0.29982314437333435,-0.00202107759781328,0.5570343389338771,0.927416410004156,0.0,1.0,False,-0.16511643647464078,0.008498941470267316
4,3,corto,roc_24 [bajo],251,-0.14158855148248956,-0.0020869895571291237,1.289050197914166,1.0243732613211511,0.09163346613545817,1.0,False,-0.16511643647464078,0.008498941470267316
4,3,corto,roc_72 [bajo],251,-0.14273508300402127,-0.002103239766649888,1.1947163110529735,0.9537296593811444,0.06772908366533864,1.0,False,-0.16511643647464078,0.008498941470267316
4,3,corto,roc_168 [bajo],251,-0.13756090895375078,-0.0019755267128820147,1.156712878888202,0.931546423060136,0.06374501992031872,1.0,False,-0.16511643647464078,0.008498941470267316
4,3,corto,roc_720 [bajo],251,-0.1422630054496231,-0.0019964842809624497,1.1507751290167862,0.965078860960098,0.06772908366533864,1.0,False,-0.16511643647464078,0.008498941470267316
4,3,corto,compresion [bajo],251,-0.172204021820513,-0.002062197968138938,0.9424100768142631,0.874727472657286,0.035856573705179286,1.0,False,-0.16511643647464078,0.008498941470267316
4,3,corto,dd_168 [bajo],251,-0.1299257356570717,-0.0022016014844472064,1.4610797045191979,1.009713582682994,0.08764940239043825,1.0,False,-0.16511643647464078,0.008498941470267316
4,3,corto,dd_720 [bajo],251,-0.12275586100782528,-0.0021024791385349014,1.3181062675112765,0.9383008617836663,0.09163346613545817,1.0,False,-0.16511643647464078,0.008498941470267316
4,3,corto,pos_168 [bajo],251,-0.13657360558558035,-0.0019430389510727043,1.0765375565331552,0.9259830585800655,0.08366533864541832,1.0,False,-0.16511643647464078,0.008498941470267316
4,3,corto,desbal [bajo],251,-0.1683524329491826,-0.002181708618198526,1.009829434529209,0.962879757010239,0.01195219123505976,1.0,False,-0.16511643647464078,0.008498941470267316
4,3,corto,desbal_24 [bajo],251,-0.15981380035109263,-0.002002622896110343,0.9796043896714586,0.9407978960622276,0.035856573705179286,1.0,False,-0.16511643647464078,0.008498941470267316
4,3,corto,desbal_168 [bajo],251,-0.14947111185733566,-0.0018291956336853074,0.9969360771622559,0.9537118422161371,0.03187250996015936,1.0,False,-0.16511643647464078,0.008498941470267316
4,3,corto,ticket_rel [bajo],251,-0.1543935595056073,-0.0019253459061988303,0.9974752088340868,0.9491062900805056,0.043824701195219126,1.0,False,-0.16511643647464078,0.008498941470267316
4,3,corto,turnover [bajo],251,-0.14645813385590972,-0.0019716852411897036,1.0310124951578519,0.9122358164576772,0.05976095617529881,1.0,False,-0.16511643647464078,0.008498941470267316
4,3,corto,n_surge [bajo],251,-0.13976290515566903,-0.0018713021941677203,1.050771531072522,0.9105026893693293,0.06772908366533864,1.0,False,-0.16511643647464078,0.008498941470267316
4,3,corto,oi_chg_1h [bajo],201,-0.18582450496080857,-0.0024218826160830502,1.331416125346193,1.0902403407012102,0.06467661691542288,1.0,False,-0.16511643647464078,0.008498941470267316
4,3,corto,oi_chg_4h [bajo],201,-0.17411103658197172,-0.002307367104240839,1.3521219814737682,1.099003250219784,0.05970149253731343,1.0,False,-0.16511643647464078,0.008498941470267316
4,3,corto,oi_chg_24h [bajo],201,-0.15625723213544124,-0.002084083505950663,1.256838650441758,1.0328062817987562,0.05970149253731343,1.0,False,-0.16511643647464078,0.008498941470267316
4,3,corto,oi_z [bajo],200,-0.18946449736278528,-0.0021973415601858892,1.1187660447760561,1.046275631890326,0.045,1.0,False,-0.16511643647464078,0.008498941470267316
4,3,corto,oi_rel_168 [bajo],201,-0.14036741107497458,-0.001942747157148689,1.1175248306671282,0.919949423460945,0.07462686567164178,1.0,False,-0.16511643647464078,0.008498941470267316
4,3,corto,tt_cuentas [bajo],190,-0.20979178115622613,-0.002451828492569183,1.2032129804261644,1.0182115303259478,0.07894736842105263,1.0,False,-0.16511643647464078,0.008498941470267316
4,3,corto,tt_cuentas_chg24 [bajo],190,-0.17598357409274873,-0.0020173100354039524,1.127216759613328,1.0632753663507348,0.06842105263157895,1.0,False,-0.16511643647464078,0.008498941470267316
4,3,corto,tt_cuentas_pct [bajo],189,-0.2020324461167006,-0.0022765998239925363,1.1310555054682119,1.0630225086989218,0.026455026455026454,1.0,False,-0.16511643647464078,0.008498941470267316
4,3,corto,tt_pos [bajo],190,-0.2222214939492228,-0.0020844702780821755,0.9175296257330394,0.9871732930859188,0.042105263157894736,1.0,False,-0.16511643647464078,0.008498941470267316
4,3,corto,tt_pos_chg24 [bajo],190,-0.1662274096034667,-0.0020658558818292903,1.1617747078311973,1.0514695922209438,0.07894736842105263,1.0,False,-0.16511643647464078,0.008498941470267316
4,3,corto,tt_pos_pct [bajo],189,-0.17987468096423267,-0.0021826457341260824,1.080522377491036,1.021260481264287,0.042328042328042326,1.0,False,-0.16511643647464078,0.008498941470267316
4,3,corto,ls_cuentas [bajo],201,-0.19921090663421262,-0.002494229729255616,1.2513946133469356,1.0332916301431683,0.07960199004975124,1.0,False,-0.16511643647464078,0.008498941470267316
4,3,corto,ls_cuentas_chg24 [bajo],201,-0.17269513926356148,-0.0020363905032053944,1.1491769087809476,1.0666646592873468,0.05472636815920398,1.0,False,-0.16511643647464078,0.008498941470267316
4,3,corto,ls_cuentas_pct [bajo],201,-0.19956122666735734,-0.002291841130046072,1.131732175195383,1.0597024697592201,0.05970149253731343,1.0,False,-0.16511643647464078,0.008498941470267316
4,3,corto,taker [bajo],201,-0.17443181678025815,-0.0020370115136016513,0.9713995466313383,0.9588249395217436,0.029850746268656716,1.0,False,-0.16511643647464078,0.008498941470267316
4,3,corto,taker_chg24 [bajo],201,-0.17363116429245568,-0.002034258040711597,0.9808310246109336,0.9705769579740325,0.01990049751243781,1.0,False,-0.16511643647464078,0.008498941470267316
4,3,corto,taker_pct [bajo],200,-0.16098982461127762,-0.0019595379347439002,1.0200860140752006,0.9670912524209174,0.06,1.0,False,-0.16511643647464078,0.008498941470267316
4,3,corto,atr_24 ~ sin roc_24 [bajo],251,-0.3110219940829137,-0.002096868573747882,0.553382858613879,0.9157387740920246,0.01195219123505976,1.0,False,-0.16511643647464078,0.008498941470267316
4,3,corto,vol_24 ~ sin roc_24 [bajo],251,-0.28616952702919124,-0.002029487907503225,0.5963608008579332,0.9108660836154996,0.01195219123505976,1.0,False,-0.16511643647464078,0.008498941470267316
4,3,corto,vol_168 ~ sin roc_24 [bajo],251,-0.31026269567336523,-0.0020811425798824626,0.5732919400238162,0.955789198638664,0.01593625498007968,1.0,False,-0.16511643647464078,0.008498941470267316
4,3,corto,rango_168 ~ sin roc_24 [bajo],251,-0.2803442682198447,-0.0020282386907380027,0.6356294355704363,0.9437363297952609,0.0199203187250996,1.0,False,-0.16511643647464078,0.008498941470267316
4,3,corto,roc_72 ~ sin roc_24 [bajo],251,-0.14638840338064996,-0.0021374914437210526,1.2199120752039019,0.9758195743639879,0.06772908366533864,1.0,False,-0.16511643647464078,0.008498941470267316
4,3,corto,roc_168 ~ sin roc_24 [bajo],251,-0.13780387983783565,-0.001977406056221092,1.1780718221344502,0.9538484087955608,0.08764940239043825,1.0,False,-0.16511643647464078,0.008498941470267316
4,3,corto,roc_720 ~ sin roc_24 [bajo],251,-0.1577162952739087,-0.00221388356318593,1.1746090285394544,0.9874221540228201,0.055776892430278883,1.0,False,-0.16511643647464078,0.008498941470267316
4,3,corto,compresion ~ sin roc_24 [bajo],251,-0.17003899573305267,-0.0020690971997287333,0.9701992265621446,0.8969892937486416,0.06374501992031872,1.0,False,-0.16511643647464078,0.008498941470267316
4,3,corto,dd_168 ~ sin roc_24 [bajo],251,-0.13571342548753096,-0.0022715762515466468,1.448420311052653,1.0150019546221416,0.09163346613545817,1.0,False,-0.16511643647464078,0.008498941470267316
4,3,corto,dd_720 ~ sin roc_24 [bajo],251,-0.12538249368974075,-0.0021485810790255622,1.3000891065326814,0.9392085784887871,0.10358565737051793,1.0,False,-0.16511643647464078,0.008498941470267316
4,3,corto,pos_168 ~ sin roc_24 [bajo],251,-0.13476880982048545,-0.001769791876853583,1.058321578400405,0.9358383449712273,0.12350597609561753,1.0,False,-0.16511643647464078,0.008498941470267316
4,3,corto,desbal ~ sin roc_24 [bajo],251,-0.16397008702766644,-0.002097284313081576,1.0057817333288654,0.9613504532446107,0.027888446215139442,1.0,False,-0.16511643647464078,0.008498941470267316
4,3,corto,desbal_24 ~ sin roc_24 [bajo],251,-0.1599741359808952,-0.0019986266161082303,0.9774630394702223,0.9451705244637314,0.02390438247011952,1.0,False,-0.16511643647464078,0.008498941470267316
4,3,corto,desbal_168 ~ sin roc_24 [bajo],251,-0.1555388054653059,-0.0019026989268036256,0.987747490612291,0.9516611977863966,0.027888446215139442,1.0,False,-0.16511643647464078,0.008498941470267316
4,3,corto,ticket_rel ~ sin roc_24 [bajo],251,-0.15537183685158198,-0.0019551112041261884,0.9993283946313373,0.954455460482357,0.0398406374501992,1.0,False,-0.16511643647464078,0.008498941470267316
4,3,corto,turnover ~ sin roc_24 [bajo],251,-0.1396686476578486,-0.0019634765481317536,1.1819891294816371,0.9972868678003013,0.09163346613545817,1.0,False,-0.16511643647464078,0.008498941470267316
4,3,corto,n_surge ~ sin roc_24 [bajo],251,-0.13935807908175113,-0.0019270386269255658,1.1868068453818394,0.9948634823128795,0.05976095617529881,1.0,False,-0.16511643647464078,0.008498941470267316
4,3,corto,oi_chg_1h ~ sin roc_24 [bajo],201,-0.18556854741689766,-0.002421021675153836,1.3300658643195051,1.0986844671618352,0.05970149253731343,1.0,False,-0.16511643647464078,0.008498941470267316
4,3,corto,oi_chg_4h ~ sin roc_24 [bajo],201,-0.17375337482917597,-0.002252315470844439,1.3739224066951485,1.118621407606504,0.07462686567164178,1.0,False,-0.16511643647464078,0.008498941470267316
4,3,corto,oi_chg_24h ~ sin roc_24 [bajo],201,-0.14944320255056476,-0.0019107926759765164,1.253890357943862,1.054995209065993,0.0845771144278607,1.0,False,-0.16511643647464078,0.008498941470267316
4,3,corto,oi_z ~ sin roc_24 [bajo],200,-0.19064835835860855,-0.0022044436330400877,1.1303145491716133,1.051600034184971,0.035,1.0,False,-0.16511643647464078,0.008498941470267316
4,3,corto,oi_rel_168 ~ sin roc_24 [bajo],201,-0.13799957049346476,-0.0018536174114760617,1.150325700982799,0.9539857508963058,0.0845771144278607,1.0,False,-0.16511643647464078,0.008498941470267316
4,3,corto,tt_cuentas ~ sin roc_24 [bajo],190,-0.2031279310941751,-0.0022640000836269577,1.0860152918558863,0.9788101563604192,0.06315789473684211,1.0,False,-0.16511643647464078,0.008498941470267316
4,3,corto,tt_cuentas_chg24 ~ sin roc_24 [bajo],190,-0.16585231653194593,-0.0018440151993964408,1.0398820763091388,1.0081867585732294,0.042105263157894736,1.0,False,-0.16511643647464078,0.008498941470267316
4,3,corto,tt_cuentas_pct ~ sin roc_24 [bajo],189,-0.18089454334085045,-0.0020089557090537057,1.001537026693913,1.0001143497261686,0.042328042328042326,1.0,False,-0.16511643647464078,0.008498941470267316
4,3,corto,tt_pos ~ sin roc_24 [bajo],190,-0.22821771771631197,-0.00224513949539792,0.9080255736291615,0.9771346964205987,0.031578947368421054,1.0,False,-0.16511643647464078,0.008498941470267316
4,3,corto,tt_pos_chg24 ~ sin roc_24 [bajo],190,-0.1680618668265287,-0.002084072187178143,1.1241301893327929,1.031475929737447,0.03684210526315789,1.0,False,-0.16511643647464078,0.008498941470267316
4,3,corto,tt_pos_pct ~ sin roc_24 [bajo],189,-0.18369233586505096,-0.002212991966522085,1.0350625526586759,0.994320934080271,0.015873015873015872,1.0,False,-0.16511643647464078,0.008498941470267316
4,3,corto,ls_cuentas ~ sin roc_24 [bajo],201,-0.18900659211999182,-0.0022294437984887,1.1174254506937318,0.987543105168327,0.04975124378109453,1.0,False,-0.16511643647464078,0.008498941470267316
4,3,corto,ls_cuentas_chg24 ~ sin roc_24 [bajo],201,-0.16397956582253453,-0.0019017885753712831,1.056150017848822,1.0059690745809342,0.029850746268656716,1.0,False,-0.16511643647464078,0.008498941470267316
4,3,corto,ls_cuentas_pct ~ sin roc_24 [bajo],201,-0.1863350404685129,-0.0020245139759392113,1.0051674759491163,0.996635417349003,0.029850746268656716,1.0,False,-0.16511643647464078,0.008498941470267316
4,3,corto,taker ~ sin roc_24 [bajo],201,-0.17434704368851187,-0.002052399479899708,0.9857726001145792,0.9660087373908266,0.024875621890547265,1.0,False,-0.16511643647464078,0.008498941470267316
4,3,corto,taker_chg24 ~ sin roc_24 [bajo],201,-0.18197744292122076,-0.002148303569540478,0.9799193875798586,0.9695687449787088,0.009950248756218905,1.0,False,-0.16511643647464078,0.008498941470267316
4,3,corto,taker_pct ~ sin roc_24 [bajo],200,-0.16767738865347787,-0.002027585034433999,1.0157824710340795,0.9666461166640733,0.03,1.0,False,-0.16511643647464078,0.008498941470267316
4,3,corto,CONTROL azar 1,251,-0.16511643647464078,-0.0019962172051859964,1.02502735723593,0.9774427039648301,0.04780876494023904,1.0,False,-0.16511643647464078,0.008498941470267316
4,3,corto,CONTROL azar 2,251,-0.1750590369769854,-0.002174957618584526,1.029492710580164,0.9775242500174923,0.04780876494023904,1.0,False,-0.16511643647464078,0.008498941470267316
4,3,corto,CONTROL azar 3,251,-0.15814811613790616,-0.0019357317009880827,1.0276851969230594,0.9744541267643003,0.03187250996015936,1.0,False,-0.16511643647464078,0.008498941470267316
4,8,largo,atr_24,251,-0.10789703849498433,-0.0017877825208224068,1.5815688560688663,1.157020418275411,0.08764940239043825,1.0,False,-0.15683618337753172,0.00197312374721931
4,8,largo,vol_24,251,-0.11479586210223251,-0.0018331170465685442,1.5626208859193134,1.1623205201160987,0.08366533864541832,1.0,False,-0.15683618337753172,0.00197312374721931
4,8,largo,vol_168,251,-0.1054481897373923,-0.0017431163623002168,1.5122511306484323,1.0623026154925557,0.08366533864541832,1.0,False,-0.15683618337753172,0.00197312374721931
4,8,largo,rango_168,251,-0.10889180129132994,-0.0017116863723648118,1.4559034910703537,1.0727608097732433,0.08366533864541832,1.0,False,-0.15683618337753172,0.00197312374721931
4,8,largo,roc_24,251,-0.1555296330959195,-0.001995556640388129,1.1967564243558928,1.0890633696119347,0.043824701195219126,1.0,False,-0.15683618337753172,0.00197312374721931
4,8,largo,roc_72,251,-0.1514496946611433,-0.0019201565170956173,1.2595064519908403,1.130728549463032,0.06772908366533864,1.0,False,-0.15683618337753172,0.00197312374721931
4,8,largo,roc_168,251,-0.14052171788038884,-0.0017791317792608566,1.2673069776266659,1.1247934412627882,0.0796812749003984,1.0,False,-0.15683618337753172,0.00197312374721931
4,8,largo,roc_720,251,-0.13185546534971745,-0.001847350697400679,1.2332054258838498,1.0135027842681952,0.06772908366533864,1.0,False,-0.15683618337753172,0.00197312374721931
4,8,largo,compresion,251,-0.1599044681427243,-0.0020096422550566497,1.240198872146231,1.1653164158307994,0.043824701195219126,1.0,False,-0.15683618337753172,0.00197312374721931
4,8,largo,dd_168,251,-0.19155334713974395,-0.0019232928329107272,0.8263798782974292,1.0014718693094782,0.01593625498007968,1.0,False,-0.15683618337753172,0.00197312374721931
4,8,largo,dd_720,251,-0.18340363442092578,-0.0018240938368831226,0.8657831395713942,1.0388268497103477,0.03187250996015936,1.0,False,-0.15683618337753172,0.00197312374721931
4,8,largo,pos_168,251,-0.1468992760031664,-0.001792421102579064,1.100808587889224,1.0687429502203627,0.05976095617529881,1.0,False,-0.15683618337753172,0.00197312374721931
4,8,largo,desbal,251,-0.1601488702564963,-0.0020260339548725187,0.9954096094222045,0.9692915641775839,0.00398406374501992,1.0,False,-0.15683618337753172,0.00197312374721931
4,8,largo,desbal_24,251,-0.1578474556608508,-0.0019415032435408592,0.9732730772280985,0.9873327663049785,0.0199203187250996,1.0,False,-0.15683618337753172,0.00197312374721931
4,8,largo,desbal_168,251,-0.1634780266753514,-0.0018942615027040326,0.9463986909646648,0.9930696923583057,0.0199203187250996,1.0,False,-0.15683618337753172,0.00197312374721931
4,8,largo,ticket_rel,251,-0.1506132427294058,-0.001890008063215028,1.0187577990228613,0.9995108287355705,0.0199203187250996,1.0,False,-0.15683618337753172,0.00197312374721931
4,8,largo,turnover,251,-0.1553099261541765,-0.0019898041995877656,1.148252614686577,1.0888511237160636,0.06374501992031872,1.0,False,-0.15683618337753172,0.00197312374721931
4,8,largo,n_surge,251,-0.15676372006310274,-0.001987819728531424,1.1617780724295226,1.0946721876403318,0.05179282868525897,1.0,False,-0.15683618337753172,0.00197312374721931
4,8,largo,oi_chg_1h,201,-0.16821314523245234,-0.0020948812585284845,1.0842037667747026,0.9994334970938392,0.01990049751243781,1.0,False,-0.15683618337753172,0.00197312374721931
4,8,largo,oi_chg_4h,201,-0.16858125042737918,-0.0020986133420378174,1.0866103214626788,1.0085304664627586,0.01990049751243781,1.0,False,-0.15683618337753172,0.00197312374721931
4,8,largo,oi_chg_24h,201,-0.15837945321386027,-0.001912647928285526,1.1622746763091296,1.0789614671902092,0.05970149253731343,1.0,False,-0.15683618337753172,0.00197312374721931
4,8,largo,oi_z,200,-0.17181288521374546,-0.0020597605631657943,1.0104748760416091,0.9821314311355551,0.01,1.0,False,-0.15683618337753172,0.00197312374721931
4,8,largo,oi_rel_168,201,-0.1566262536940466,-0.001854259853886154,1.2325804294137868,1.138365343419749,0.07462686567164178,1.0,False,-0.15683618337753172,0.00197312374721931
4,8,largo,tt_cuentas,190,-0.19214251078841643,-0.0020936374610307233,0.9114436837080213,0.9745663262027213,0.005263157894736842,1.0,False,-0.15683618337753172,0.00197312374721931
4,8,largo,tt_cuentas_chg24,190,-0.16262381770048137,-0.001920574824246183,1.0268458636701765,0.996238196735656,0.015789473684210527,1.0,False,-0.15683618337753172,0.00197312374721931
4,8,largo,tt_cuentas_pct,189,-0.17033409560562834,-0.0020066488283880194,0.9918703903971823,0.9592871953658509,0.005291005291005291,1.0,False,-0.15683618337753172,0.00197312374721931
4,8,largo,tt_pos,190,-0.18258413372364204,-0.0021684284820703303,0.9915273360422321,0.9716064990974118,0.0,1.0,False,-0.15683618337753172,0.00197312374721931
4,8,largo,tt_pos_chg24,190,-0.1743243595473976,-0.0021245496163367866,1.0540735748748664,0.994891850650782,0.010526315789473684,1.0,False,-0.15683618337753172,0.00197312374721931
4,8,largo,tt_pos_pct,189,-0.17493184890693828,-0.0021183967189821475,1.010515234122305,0.973952382580437,0.010582010582010581,1.0,False,-0.15683618337753172,0.00197312374721931
4,8,largo,ls_cuentas,201,-0.19286130704471344,-0.002132212770336807,0.9233922120031538,0.9669282841279104,0.0,1.0,False,-0.15683618337753172,0.00197312374721931
4,8,largo,ls_cuentas_chg24,201,-0.1685049201980744,-0.001976239444016975,1.0368472084036755,0.9937177263743657,0.004975124378109453,1.0,False,-0.15683618337753172,0.00197312374721931
4,8,largo,ls_cuentas_pct,201,-0.1702926531641074,-0.0020503127766021804,0.9980650075352253,0.957786911914107,0.0,1.0,False,-0.15683618337753172,0.00197312374721931
4,8,largo,taker,201,-0.1703201580944,-0.0020261584951358,0.9878921469386205,0.9703379420156568,0.009950248756218905,1.0,False,-0.15683618337753172,0.00197312374721931
4,8,largo,taker_chg24,201,-0.16691055158442966,-0.0020169697027163486,0.9872990446993971,0.9695523633677261,0.0,1.0,False,-0.15683618337753172,0.00197312374721931
4,8,largo,taker_pct,200,-0.16843120505059592,-0.002019292226265361,1.0093261595756127,0.9734759879451662,0.005,1.0,False,-0.15683618337753172,0.00197312374721931
4,8,largo,atr_24 ~ sin roc_24,251,-0.12211179386414192,-0.001939185782459622,1.5150594140157871,1.1180607939650145,0.06374501992031872,1.0,False,-0.15683618337753172,0.00197312374721931
4,8,largo,vol_24 ~ sin roc_24,251,-0.12213162964323991,-0.001909170686502441,1.4854032234017331,1.1223737712122153,0.06374501992031872,1.0,False,-0.15683618337753172,0.00197312374721931
4,8,largo,vol_168 ~ sin roc_24,251,-0.11894425608185842,-0.0019237193314357798,1.4439709556421123,1.04710964730379,0.06772908366533864,1.0,False,-0.15683618337753172,0.00197312374721931
4,8,largo,rango_168 ~ sin roc_24,251,-0.12050029863630753,-0.0018607977883452174,1.4004825708811046,1.0582781328890114,0.05179282868525897,1.0,False,-0.15683618337753172,0.00197312374721931
4,8,largo,roc_72 ~ sin roc_24,251,-0.14669252752586587,-0.0018831911621372483,1.1928471721248632,1.0822139394136445,0.0398406374501992,1.0,False,-0.15683618337753172,0.00197312374721931
4,8,largo,roc_168 ~ sin roc_24,251,-0.1448246082819349,-0.00184736478830463,1.2146897733517699,1.085465965952952,0.05976095617529881,1.0,False,-0.15683618337753172,0.00197312374721931
4,8,largo,roc_720 ~ sin roc_24,251,-0.13298921250947887,-0.0018730867812558395,1.211216542827517,1.0038437690566533,0.05976095617529881,1.0,False,-0.15683618337753172,0.00197312374721931
4,8,largo,compresion ~ sin roc_24,251,-0.1613008219977926,-0.0020117184586722595,1.1832986261956926,1.1295275984438817,0.03187250996015936,1.0,False,-0.15683618337753172,0.00197312374721931
4,8,largo,dd_168 ~ sin roc_24,251,-0.1956810215739428,-0.001968427670412464,0.8039929744658063,0.9773091949108585,0.01195219123505976,1.0,False,-0.15683618337753172,0.00197312374721931
4,8,largo,dd_720 ~ sin roc_24,251,-0.18720706052856823,-0.0018746405777501991,0.8526568442319438,1.0176245953548533,0.01195219123505976,1.0,False,-0.15683618337753172,0.00197312374721931
4,8,largo,pos_168 ~ sin roc_24,251,-0.14928012316241013,-0.0017868172930528483,1.0537659755654396,1.0335832885831189,0.05976095617529881,1.0,False,-0.15683618337753172,0.00197312374721931
4,8,largo,desbal ~ sin roc_24,251,-0.16231638273410923,-0.0020703153923966704,0.9904658806587197,0.9647655899365557,0.00398406374501992,1.0,False,-0.15683618337753172,0.00197312374721931
4,8,largo,desbal_24 ~ sin roc_24,251,-0.15500047239385836,-0.0018990558662758557,0.9614993354631545,0.9749787480391651,0.01593625498007968,1.0,False,-0.15683618337753172,0.00197312374721931
4,8,largo,desbal_168 ~ sin roc_24,251,-0.15814779820168703,-0.0018115228798003522,0.9483118912562981,0.9897831303372161,0.0199203187250996,1.0,False,-0.15683618337753172,0.00197312374721931
4,8,largo,ticket_rel ~ sin roc_24,251,-0.15128155784511524,-0.0018951665837646115,1.0115110468961725,0.9928767722265646,0.0199203187250996,1.0,False,-0.15683618337753172,0.00197312374721931
4,8,largo,turnover ~ sin roc_24,251,-0.15744616899954425,-0.001998682701798892,1.1175871275393012,1.053331002819568,0.043824701195219126,1.0,False,-0.15683618337753172,0.00197312374721931
4,8,largo,n_surge ~ sin roc_24,251,-0.1592922963044547,-0.0020161335480192027,1.1239752361249655,1.057437644262828,0.0199203187250996,1.0,False,-0.15683618337753172,0.00197312374721931
4,8,largo,oi_chg_1h ~ sin roc_24,201,-0.16572662197249763,-0.0020884717312515495,1.0766708900796553,0.9934526896013915,0.014925373134328358,1.0,False,-0.15683618337753172,0.00197312374721931
4,8,largo,oi_chg_4h ~ sin roc_24,201,-0.16715015131037989,-0.002073639516993085,1.0747769679935735,0.9960483539254203,0.01990049751243781,1.0,False,-0.15683618337753172,0.00197312374721931
4,8,largo,oi_chg_24h ~ sin roc_24,201,-0.15987410276663552,-0.0019450435067171425,1.085339299018076,1.024490634055216,0.014925373134328358,1.0,False,-0.15683618337753172,0.00197312374721931
4,8,largo,oi_z ~ sin roc_24,200,-0.17566065123857552,-0.0020847654095372983,1.0038401601915845,0.9767654615153489,0.0,1.0,False,-0.15683618337753172,0.00197312374721931
4,8,largo,oi_rel_168 ~ sin roc_24,201,-0.15542679242319452,-0.0018619978047305248,1.1772132503385517,1.0994457391111836,0.05970149253731343,1.0,False,-0.15683618337753172,0.00197312374721931
4,8,largo,tt_cuentas ~ sin roc_24,190,-0.19081568688429465,-0.0021049819815797395,0.9125620361358672,0.9770255961405097,0.005263157894736842,1.0,False,-0.15683618337753172,0.00197312374721931
4,8,largo,tt_cuentas_chg24 ~ sin roc_24,190,-0.16351540367431328,-0.0019584618059802212,1.0466696156264734,1.0086101337179554,0.010526315789473684,1.0,False,-0.15683618337753172,0.00197312374721931
4,8,largo,tt_cuentas_pct ~ sin roc_24,189,-0.17617174586855436,-0.0020931701209884242,0.9851292911372111,0.96537871456604,0.0,1.0,False,-0.15683618337753172,0.00197312374721931
4,8,largo,tt_pos ~ sin roc_24,190,-0.18192904524375628,-0.002157594224670172,0.9870356576266183,0.9717694918694795,0.0,1.0,False,-0.15683618337753172,0.00197312374721931
4,8,largo,tt_pos_chg24 ~ sin roc_24,190,-0.1735925263180478,-0.002085404393724723,1.0588040385870872,0.999007836313331,0.005263157894736842,1.0,False,-0.15683618337753172,0.00197312374721931
4,8,largo,tt_pos_pct ~ sin roc_24,189,-0.17879363689817382,-0.002150243378511469,1.0047830132155637,0.9729515037722689,0.005291005291005291,1.0,False,-0.15683618337753172,0.00197312374721931
4,8,largo,ls_cuentas ~ sin roc_24,201,-0.1909540233339837,-0.002126726022948784,0.924327332661194,0.9704399482728441,0.004975124378109453,1.0,False,-0.15683618337753172,0.00197312374721931
4,8,largo,ls_cuentas_chg24 ~ sin roc_24,201,-0.16985052766895556,-0.0020470017722090776,1.0577688685984101,1.0076372293353009,0.004975124378109453,1.0,False,-0.15683618337753172,0.00197312374721931
4,8,largo,ls_cuentas_pct ~ sin roc_24,201,-0.179108326248434,-0.002143717666306063,0.9875570266699534,0.9630554457020754,0.0,1.0,False,-0.15683618337753172,0.00197312374721931
4,8,largo,taker ~ sin roc_24,201,-0.17117185407997873,-0.0020432136670517046,0.9921165571158169,0.9724924076848589,0.009950248756218905,1.0,False,-0.15683618337753172,0.00197312374721931
4,8,largo,taker_chg24 ~ sin roc_24,201,-0.1686438705391734,-0.001997350295304804,0.9914184108135838,0.9723558656472955,0.0,1.0,False,-0.15683618337753172,0.00197312374721931
4,8,largo,taker_pct ~ sin roc_24,200,-0.17144808772872622,-0.002043298948260655,1.0012752369796711,0.9698155368159072,0.005,1.0,False,-0.15683618337753172,0.00197312374721931
4,8,largo,atr_24 [bajo],251,-0.2306346312412892,-0.0020207762473988884,0.6546648418874933,0.9053688810443619,0.0,1.0,False,-0.15683618337753172,0.00197312374721931
4,8,largo,vol_24 [bajo],251,-0.22411397514363143,-0.002016950528580283,0.6619712971407101,0.8979936019653831,0.0,1.0,False,-0.15683618337753172,0.00197312374721931
4,8,largo,vol_168 [bajo],251,-0.22636617886145655,-0.001994279245098948,0.6682527032263735,0.9403142462042579,0.00796812749003984,1.0,False,-0.15683618337753172,0.00197312374721931
4,8,largo,rango_168 [bajo],251,-0.21725797393699317,-0.0019927813648824614,0.6948947439139931,0.9312476875124809,0.00398406374501992,1.0,False,-0.15683618337753172,0.00197312374721931
4,8,largo,roc_24 [bajo],251,-0.14687647355559613,-0.0019554213491356147,1.1011724488254104,0.9737388683185475,0.00796812749003984,1.0,False,-0.15683618337753172,0.00197312374721931
4,8,largo,roc_72 [bajo],251,-0.1460117669383752,-0.0019549830555552514,1.0585945341509913,0.9310780379052597,0.0,1.0,False,-0.15683618337753172,0.00197312374721931
4,8,largo,roc_168 [bajo],251,-0.15174282648560838,-0.0020724494541986753,1.0476112215864062,0.9235660949436175,0.00398406374501992,1.0,False,-0.15683618337753172,0.00197312374721931
4,8,largo,roc_720 [bajo],251,-0.15695812889999594,-0.0020278121487313297,1.0446043495741133,0.9631359021902497,0.00398406374501992,1.0,False,-0.15683618337753172,0.00197312374721931
4,8,largo,compresion [bajo],251,-0.15908338984839412,-0.0019910593183448053,0.9354737948584594,0.8830754164422063,0.0,1.0,False,-0.15683618337753172,0.00197312374721931
4,8,largo,dd_168 [bajo],251,-0.1293726624845507,-0.0019179078119540333,1.2642156374480475,0.9808590494792189,0.02390438247011952,1.0,False,-0.15683618337753172,0.00197312374721931
4,8,largo,dd_720 [bajo],251,-0.13174250310047453,-0.0019340426063113693,1.1888977747885716,0.9398576701888872,0.00398406374501992,1.0,False,-0.15683618337753172,0.00197312374721931
4,8,largo,pos_168 [bajo],251,-0.15686053897585858,-0.0020920022747990437,1.0331784790863978,0.9285233249726397,0.00796812749003984,1.0,False,-0.15683618337753172,0.00197312374721931
4,8,largo,desbal [bajo],251,-0.15644887274354446,-0.0019317960834894998,1.0056762437444653,0.9700788844087957,0.00796812749003984,1.0,False,-0.15683618337753172,0.00197312374721931
4,8,largo,desbal_24 [bajo],251,-0.16003429518616227,-0.001944274110534987,0.9910889278029447,0.9530667491426272,0.0,1.0,False,-0.15683618337753172,0.00197312374721931
4,8,largo,desbal_168 [bajo],251,-0.16802303488755996,-0.0021307610232215715,0.9912749815466352,0.9570495654600741,0.01195219123505976,1.0,False,-0.15683618337753172,0.00197312374721931
4,8,largo,ticket_rel [bajo],251,-0.1613051749250071,-0.001999408497294504,0.9886598203643674,0.9554250879838191,0.00398406374501992,1.0,False,-0.15683618337753172,0.00197312374721931
4,8,largo,turnover [bajo],251,-0.16084714932243036,-0.0020689792403504833,0.9988479251118549,0.9197295257129099,0.00796812749003984,1.0,False,-0.15683618337753172,0.00197312374721931
4,8,largo,n_surge [bajo],251,-0.16011698153637643,-0.002095680335405833,1.0085905779155884,0.9177640381243338,0.00398406374501992,1.0,False,-0.15683618337753172,0.00197312374721931
4,8,largo,oi_chg_1h [bajo],201,-0.13773954901518928,-0.0017505147920978809,1.1376677706130045,1.025644786499067,0.024875621890547265,1.0,False,-0.15683618337753172,0.00197312374721931
4,8,largo,oi_chg_4h [bajo],201,-0.13989062756420687,-0.0017611321877530933,1.147690870254718,1.0299256223194573,0.029850746268656716,1.0,False,-0.15683618337753172,0.00197312374721931
4,8,largo,oi_chg_24h [bajo],201,-0.15196128330332878,-0.0019484853940175348,1.1033810204286718,0.987264128612533,0.009950248756218905,1.0,False,-0.15683618337753172,0.00197312374721931
4,8,largo,oi_z [bajo],200,-0.1512982646162382,-0.0018509807723539223,1.0614192288501891,1.0181676984958965,0.015,1.0,False,-0.15683618337753172,0.00197312374721931
4,8,largo,oi_rel_168 [bajo],201,-0.14863985171591618,-0.0019384819147554642,1.048203318064495,0.9218021672998294,0.014925373134328358,1.0,False,-0.15683618337753172,0.00197312374721931
4,8,largo,tt_cuentas [bajo],190,-0.13698652949797302,-0.0017905542456105293,1.1156930971140273,0.9958127588106898,0.05789473684210526,1.0,False,-0.15683618337753172,0.00197312374721931
4,8,largo,tt_cuentas_chg24 [bajo],190,-0.16652898956954118,-0.002000058448216473,1.0466879851495692,1.021670562194167,0.021052631578947368,1.0,False,-0.15683618337753172,0.00197312374721931
4,8,largo,tt_cuentas_pct [bajo],189,-0.15382353599650994,-0.0018567931155017633,1.0622090059681835,1.0328821058209323,0.037037037037037035,1.0,False,-0.15683618337753172,0.00197312374721931
4,8,largo,tt_pos [bajo],190,-0.15796205669048713,-0.0018059187836132302,0.9574082327497183,0.9842613043337334,0.04736842105263158,1.0,False,-0.15683618337753172,0.00197312374721931
4,8,largo,tt_pos_chg24 [bajo],190,-0.15845712365874212,-0.0019382219157446329,1.071169219286319,1.014685513145854,0.015789473684210527,1.0,False,-0.15683618337753172,0.00197312374721931
4,8,largo,tt_pos_pct [bajo],189,-0.1545920048641198,-0.0018243713587474887,1.03510604984396,1.0062627920151734,0.021164021164021163,1.0,False,-0.15683618337753172,0.00197312374721931
4,8,largo,ls_cuentas [bajo],201,-0.13325231044447747,-0.0017538956018059307,1.124349234718219,1.0001085449920168,0.05472636815920398,1.0,False,-0.15683618337753172,0.00197312374721931
4,8,largo,ls_cuentas_chg24 [bajo],201,-0.16233249517478382,-0.0019238736727937242,1.0547001814491996,1.019941919949901,0.03482587064676617,1.0,False,-0.15683618337753172,0.00197312374721931
4,8,largo,ls_cuentas_pct [bajo],201,-0.15711684560847422,-0.0018808637119238564,1.06380593626298,1.0309605862470106,0.029850746268656716,1.0,False,-0.15683618337753172,0.00197312374721931
4,8,largo,taker [bajo],201,-0.17363947123231013,-0.0020200195857435653,0.9876842648564056,0.9683936965316378,0.004975124378109453,1.0,False,-0.15683618337753172,0.00197312374721931
4,8,largo,taker_chg24 [bajo],201,-0.17162139700492432,-0.002014718155951823,0.9897737346656768,0.9717267758446604,0.009950248756218905,1.0,False,-0.15683618337753172,0.00197312374721931
4,8,largo,taker_pct [bajo],200,-0.16654747522459296,-0.0019832520764835938,1.010517840094312,0.9717619789433796,0.005,1.0,False,-0.15683618337753172,0.00197312374721931
4,8,largo,atr_24 ~ sin roc_24 [bajo],251,-0.21691212691225908,-0.001956199930061562,0.6775870794790328,0.9191333988537176,0.0,1.0,False,-0.15683618337753172,0.00197312374721931
4,8,largo,vol_24 ~ sin roc_24 [bajo],251,-0.21122693969939316,-0.0019736159815531046,0.701775661965758,0.9174199931263749,0.0,1.0,False,-0.15683618337753172,0.00197312374721931
4,8,largo,vol_168 ~ sin roc_24 [bajo],251,-0.21741744180362582,-0.0019456426673287485,0.6955724704091337,0.953813621341193,0.00796812749003984,1.0,False,-0.15683618337753172,0.00197312374721931
4,8,largo,rango_168 ~ sin roc_24 [bajo],251,-0.20509428094956847,-0.00196419403027836,0.7370814730737428,0.9438814892018507,0.0,1.0,False,-0.15683618337753172,0.00197312374721931
4,8,largo,roc_72 ~ sin roc_24 [bajo],251,-0.1498610225509327,-0.00200058083721872,1.0754548427159856,0.9553575719312433,0.01593625498007968,1.0,False,-0.15683618337753172,0.00197312374721931
4,8,largo,roc_168 ~ sin roc_24 [bajo],251,-0.15108482123341077,-0.00203114715690391,1.0618626156471356,0.9432127179708116,0.00796812749003984,1.0,False,-0.15683618337753172,0.00197312374721931
4,8,largo,roc_720 ~ sin roc_24 [bajo],251,-0.15153483463675876,-0.001949182394497982,1.0546931228307717,0.9751957095849175,0.01195219123505976,1.0,False,-0.15683618337753172,0.00197312374721931
4,8,largo,compresion ~ sin roc_24 [bajo],251,-0.15598605644147748,-0.0019442472496945839,0.9513073459584983,0.8997250175951494,0.00796812749003984,1.0,False,-0.15683618337753172,0.00197312374721931
4,8,largo,dd_168 ~ sin roc_24 [bajo],251,-0.12933535169520644,-0.0019098010083050294,1.2781847121332675,0.997748150538312,0.03187250996015936,1.0,False,-0.15683618337753172,0.00197312374721931
4,8,largo,dd_720 ~ sin roc_24 [bajo],251,-0.13563343989906085,-0.00195761974292674,1.1854093581133684,0.9463726185793302,0.02390438247011952,1.0,False,-0.15683618337753172,0.00197312374721931
4,8,largo,pos_168 ~ sin roc_24 [bajo],251,-0.1669371635057598,-0.0021589339921285616,1.024319226968022,0.941845447398225,0.00398406374501992,1.0,False,-0.15683618337753172,0.00197312374721931
4,8,largo,desbal ~ sin roc_24 [bajo],251,-0.15641434584243497,-0.001954881658479964,1.0064919806741632,0.9712357435332417,0.00796812749003984,1.0,False,-0.15683618337753172,0.00197312374721931
4,8,largo,desbal_24 ~ sin roc_24 [bajo],251,-0.16494323181654033,-0.0020138368226422575,0.9932139111786153,0.9599020075601197,0.0,1.0,False,-0.15683618337753172,0.00197312374721931
4,8,largo,desbal_168 ~ sin roc_24 [bajo],251,-0.16662985259388008,-0.0020828644136592,0.9887587754207805,0.9579255896948914,0.00796812749003984,1.0,False,-0.15683618337753172,0.00197312374721931
4,8,largo,ticket_rel ~ sin roc_24 [bajo],251,-0.16035433637630017,-0.0019659140652715035,0.9912485389280957,0.9592945115430894,0.01593625498007968,1.0,False,-0.15683618337753172,0.00197312374721931
4,8,largo,turnover ~ sin roc_24 [bajo],251,-0.15326685374706583,-0.0019787167274429858,1.0544560529263356,0.9682453317438088,0.01195219123505976,1.0,False,-0.15683618337753172,0.00197312374721931
4,8,largo,n_surge ~ sin roc_24 [bajo],251,-0.15652039329897202,-0.00206864060516123,1.060568235749859,0.9662175571391645,0.01195219123505976,1.0,False,-0.15683618337753172,0.00197312374721931
4,8,largo,oi_chg_1h ~ sin roc_24 [bajo],201,-0.14247421224525522,-0.0018043946829730563,1.1402557021074327,1.0328153930451591,0.014925373134328358,1.0,False,-0.15683618337753172,0.00197312374721931
4,8,largo,oi_chg_4h ~ sin roc_24 [bajo],201,-0.14879916376558375,-0.0018668909219733722,1.1582923032476304,1.0426628374781584,0.03482587064676617,1.0,False,-0.15683618337753172,0.00197312374721931
4,8,largo,oi_chg_24h ~ sin roc_24 [bajo],201,-0.1525744605820715,-0.0019544885190612366,1.113851294266502,1.0096143436993579,0.014925373134328358,1.0,False,-0.15683618337753172,0.00197312374721931
4,8,largo,oi_z ~ sin roc_24 [bajo],200,-0.15729527810497668,-0.0019440464046537797,1.0646856967126226,1.0231000349445365,0.02,1.0,False,-0.15683618337753172,0.00197312374721931
4,8,largo,oi_rel_168 ~ sin roc_24 [bajo],201,-0.1518225851117146,-0.001973533010230526,1.0665342069945383,0.9467157948476437,0.024875621890547265,1.0,False,-0.15683618337753172,0.00197312374721931
4,8,largo,tt_cuentas ~ sin roc_24 [bajo],190,-0.14319412159177874,-0.0018609067041932335,1.0728922753197392,0.9772649200350814,0.021052631578947368,1.0,False,-0.15683618337753172,0.00197312374721931
4,8,largo,tt_cuentas_chg24 ~ sin roc_24 [bajo],190,-0.17072391342631318,-0.0020238813880718034,1.0106664821771543,0.9909808160973356,0.005263157894736842,1.0,False,-0.15683618337753172,0.00197312374721931
4,8,largo,tt_cuentas_pct ~ sin roc_24 [bajo],189,-0.16757814385969141,-0.0019762062856539123,0.9993475114265725,0.9969528083562029,0.0,1.0,False,-0.15683618337753172,0.00197312374721931
4,8,largo,tt_pos ~ sin roc_24 [bajo],190,-0.1599353884569031,-0.001824556977700122,0.952135485110733,0.976368901401731,0.031578947368421054,1.0,False,-0.15683618337753172,0.00197312374721931
4,8,largo,tt_pos_chg24 ~ sin roc_24 [bajo],190,-0.16136103722173475,-0.001964554764420353,1.0552138796677928,1.0035837086165635,0.021052631578947368,1.0,False,-0.15683618337753172,0.00197312374721931
4,8,largo,tt_pos_pct ~ sin roc_24 [bajo],189,-0.16175249238271536,-0.00189968064995429,1.0114385841332594,0.9926122951255024,0.0,1.0,False,-0.15683618337753172,0.00197312374721931
4,8,largo,ls_cuentas ~ sin roc_24 [bajo],201,-0.14319539636502382,-0.0018209175976607818,1.0739080840572284,0.9784289773153285,0.029850746268656716,1.0,False,-0.15683618337753172,0.00197312374721931
4,8,largo,ls_cuentas_chg24 ~ sin roc_24 [bajo],201,-0.16680441879651575,-0.001984266260037109,1.0149882020688008,0.9888863253022404,0.009950248756218905,1.0,False,-0.15683618337753172,0.00197312374721931
4,8,largo,ls_cuentas_pct ~ sin roc_24 [bajo],201,-0.16486126435433898,-0.0019304754626981477,0.9990039356541941,0.9929284475383258,0.004975124378109453,1.0,False,-0.15683618337753172,0.00197312374721931
4,8,largo,taker ~ sin roc_24 [bajo],201,-0.1728028794479004,-0.00201641917323751,0.9838787879255338,0.967306313445681,0.004975124378109453,1.0,False,-0.15683618337753172,0.00197312374721931
4,8,largo,taker_chg24 ~ sin roc_24 [bajo],201,-0.16802966358844462,-0.001965324010561567,0.9924658317176961,0.973453577323792,0.004975124378109453,1.0,False,-0.15683618337753172,0.00197312374721931
4,8,largo,taker_pct ~ sin roc_24 [bajo],200,-0.16666284466991882,-0.001990304342817495,1.003964597264315,0.9694842142021831,0.005,1.0,False,-0.15683618337753172,0.00197312374721931
4,8,largo,CONTROL azar 1,251,-0.15683618337753172,-0.0019960111266547538,1.0125147124730112,0.9774856120762951,0.00796812749003984,1.0,False,-0.15683618337753172,0.00197312374721931
4,8,largo,CONTROL azar 2,251,-0.15389336789939406,-0.0019371465974884333,1.009955663298587,0.9777044524232321,0.01195219123505976,1.0,False,-0.15683618337753172,0.00197312374721931
4,8,largo,CONTROL azar 3,251,-0.1576417318878773,-0.0019695438465393037,1.0138136093410592,0.977574972479653,0.00796812749003984,1.0,False,-0.15683618337753172,0.00197312374721931
4,8,corto,atr_24,251,-0.1346879595855777,-0.0022122174791775946,1.5815688560688663,1.157020418275411,0.04780876494023904,1.0,False,-0.16098357825052648,0.002266513539000736
4,8,corto,vol_24,251,-0.1351410905151342,-0.0021668829534314572,1.5626208859193134,1.1623205201160987,0.043824701195219126,1.0,False,-0.16098357825052648,0.002266513539000736
4,8,corto,vol_168,251,-0.13340672621400637,-0.0022568836376997844,1.5122511306484323,1.0623026154925557,0.04780876494023904,1.0,False,-0.16098357825052648,0.002266513539000736
4,8,corto,rango_168,251,-0.1428876260741957,-0.002288313627635189,1.4559034910703537,1.0727608097732433,0.0199203187250996,1.0,False,-0.16098357825052648,0.002266513539000736
4,8,corto,roc_24,251,-0.15870830786511286,-0.0020044433596118722,1.1967564243558928,1.0890633696119347,0.027888446215139442,1.0,False,-0.16098357825052648,0.002266513539000736
4,8,corto,roc_72,251,-0.16280917556023322,-0.002079843482904383,1.2595064519908403,1.130728549463032,0.01593625498007968,1.0,False,-0.16098357825052648,0.002266513539000736
4,8,corto,roc_168,251,-0.17075110341581898,-0.002220868220739145,1.2673069776266659,1.1247934412627882,0.01195219123505976,1.0,False,-0.16098357825052648,0.002266513539000736
4,8,corto,roc_720,251,-0.15800190456039756,-0.0021526493025993223,1.2332054258838498,1.0135027842681952,0.01593625498007968,1.0,False,-0.16098357825052648,0.002266513539000736
4,8,corto,compresion,251,-0.1601231488741616,-0.0019903577449433513,1.240198872146231,1.1653164158307994,0.01195219123505976,1.0,False,-0.16098357825052648,0.002266513539000736
4,8,corto,dd_168,251,-0.2126077610181974,-0.002076707167089274,0.8263798782974292,1.0014718693094782,0.0,1.0,False,-0.16098357825052648,0.002266513539000736
4,8,corto,dd_720,251,-0.22259301450376126,-0.002175906163116878,0.8657831395713942,1.0388268497103477,0.00398406374501992,1.0,False,-0.16098357825052648,0.002266513539000736
4,8,corto,pos_168,251,-0.18405476441406723,-0.0022075788974209374,1.100808587889224,1.0687429502203627,0.01195219123505976,1.0,False,-0.16098357825052648,0.002266513539000736
4,8,corto,desbal,251,-0.16069204042304394,-0.0019739660451274822,0.9954096094222045,0.9692915641775839,0.00796812749003984,1.0,False,-0.16098357825052648,0.002266513539000736
4,8,corto,desbal_24,251,-0.17601579098168812,-0.002058496756459142,0.9732730772280985,0.9873327663049785,0.00398406374501992,1.0,False,-0.16098357825052648,0.002266513539000736
4,8,corto,desbal_168,251,-0.18378851386243703,-0.0021057384972959677,0.9463986909646648,0.9930696923583057,0.00398406374501992,1.0,False,-0.16098357825052648,0.002266513539000736
4,8,corto,ticket_rel,251,-0.17432195777098164,-0.0021099919367849732,1.0187577990228613,0.9995108287355705,0.00398406374501992,1.0,False,-0.16098357825052648,0.002266513539000736
4,8,corto,turnover,251,-0.1636374401410063,-0.002010195800412236,1.148252614686577,1.0888511237160636,0.01593625498007968,1.0,False,-0.16098357825052648,0.002266513539000736
4,8,corto,n_surge,251,-0.15996899484443305,-0.002012180271468577,1.1617780724295226,1.0946721876403318,0.0199203187250996,1.0,False,-0.16098357825052648,0.002266513539000736
4,8,corto,oi_chg_1h,201,-0.15324577836696374,-0.0019051187414715165,1.0842037667747026,0.9994334970938392,0.014925373134328358,1.0,False,-0.16098357825052648,0.002266513539000736
4,8,corto,oi_chg_4h,201,-0.15526806634324658,-0.0019013866579621836,1.0866103214626788,1.0085304664627586,0.004975124378109453,1.0,False,-0.16098357825052648,0.002266513539000736
4,8,corto,oi_chg_24h,201,-0.16978286368135437,-0.002087352071714475,1.1622746763091296,1.0789614671902092,0.01990049751243781,1.0,False,-0.16098357825052648,0.002266513539000736
4,8,corto,oi_z,200,-0.16314259181324262,-0.0019402394368342062,1.0104748760416091,0.9821314311355551,0.015,1.0,False,-0.16098357825052648,0.002266513539000736
4,8,corto,oi_rel_168,201,-0.1758075022590744,-0.0021457401461138473,1.2325804294137868,1.138365343419749,0.004975124378109453,1.0,False,-0.16098357825052648,0.002266513539000736
4,8,corto,tt_cuentas,190,-0.17337232183752432,-0.0019063625389692774,0.9114436837080213,0.9745663262027213,0.0,1.0,False,-0.16098357825052648,0.002266513539000736
4,8,corto,tt_cuentas_chg24,190,-0.16985989873283158,-0.0020794251757538184,1.0268458636701765,0.996238196735656,0.0,1.0,False,-0.16098357825052648,0.002266513539000736
4,8,corto,tt_cuentas_pct,189,-0.160332996142443,-0.001993351171611981,0.9918703903971823,0.9592871953658509,0.005291005291005291,1.0,False,-0.16098357825052648,0.002266513539000736
4,8,corto,tt_pos,190,-0.1510919163152461,-0.0018315715179296702,0.9915273360422321,0.9716064990974118,0.005263157894736842,1.0,False,-0.16098357825052648,0.002266513539000736
4,8,corto,tt_pos_chg24,190,-0.14922621834455338,-0.0018754503836632148,1.0540735748748664,0.994891850650782,0.010526315789473684,1.0,False,-0.16098357825052648,0.002266513539000736
4,8,corto,tt_pos_pct,189,-0.15522072936963208,-0.0018816032810178537,1.010515234122305,0.973952382580437,0.015873015873015872,1.0,False,-0.16098357825052648,0.002266513539000736
4,8,corto,ls_cuentas,201,-0.16789839960860323,-0.0018677872296631942,0.9233922120031538,0.9669282841279104,0.0,1.0,False,-0.16098357825052648,0.002266513539000736
4,8,corto,ls_cuentas_chg24,201,-0.16219744525519103,-0.0020237605559830256,1.0368472084036755,0.9937177263743657,0.0,1.0,False,-0.16098357825052648,0.002266513539000736
4,8,corto,ls_cuentas_pct,201,-0.15946597338005064,-0.0019496872233978203,0.9980650075352253,0.957786911914107,0.0,1.0,False,-0.16098357825052648,0.002266513539000736
4,8,corto,taker,201,-0.1670893401582055,-0.001973841504864201,0.9878921469386205,0.9703379420156568,0.004975124378109453,1.0,False,-0.16098357825052648,0.002266513539000736
4,8,corto,taker_chg24,201,-0.17009043110399627,-0.0019830302972836523,0.9872990446993971,0.9695523633677261,0.0,1.0,False,-0.16098357825052648,0.002266513539000736
4,8,corto,taker_pct,200,-0.16302327109288725,-0.00198070777373464,1.0093261595756127,0.9734759879451662,0.005,1.0,False,-0.16098357825052648,0.002266513539000736
4,8,corto,atr_24 ~ sin roc_24,251,-0.12429227022235825,-0.002060814217540379,1.5150594140157871,1.1180607939650145,0.043824701195219126,1.0,False,-0.16098357825052648,0.002266513539000736
4,8,corto,vol_24 ~ sin roc_24,251,-0.13114574153200478,-0.00209082931349756,1.4854032234017331,1.1223737712122153,0.027888446215139442,1.0,False,-0.16098357825052648,0.002266513539000736
4,8,corto,vol_168 ~ sin roc_24,251,-0.12586916950910182,-0.0020762806685642216,1.4439709556421123,1.04710964730379,0.0398406374501992,1.0,False,-0.16098357825052648,0.002266513539000736
4,8,corto,rango_168 ~ sin roc_24,251,-0.13576635716077132,-0.0021392022116547837,1.4004825708811046,1.0582781328890114,0.01593625498007968,1.0,False,-0.16098357825052648,0.002266513539000736
4,8,corto,roc_72 ~ sin roc_24,251,-0.16523738064453378,-0.0021168088378627527,1.1928471721248632,1.0822139394136445,0.00796812749003984,1.0,False,-0.16098357825052648,0.002266513539000736
4,8,corto,roc_168 ~ sin roc_24,251,-0.16441707040895895,-0.002152635211695371,1.2146897733517699,1.085465965952952,0.00796812749003984,1.0,False,-0.16098357825052648,0.002266513539000736
4,8,corto,roc_720 ~ sin roc_24,251,-0.15542254149923015,-0.002126913218744162,1.211216542827517,1.0038437690566533,0.01195219123505976,1.0,False,-0.16098357825052648,0.002266513539000736
4,8,corto,compresion ~ sin roc_24,251,-0.16213552719390809,-0.0019882815413277415,1.1832986261956926,1.1295275984438817,0.01195219123505976,1.0,False,-0.16098357825052648,0.002266513539000736
4,8,corto,dd_168 ~ sin roc_24,251,-0.2089347532440129,-0.0020315723295875367,0.8039929744658063,0.9773091949108585,0.00398406374501992,1.0,False,-0.16098357825052648,0.002266513539000736
4,8,corto,dd_720 ~ sin roc_24,251,-0.21464982600449686,-0.0021253594222498014,0.8526568442319438,1.0176245953548533,0.00398406374501992,1.0,False,-0.16098357825052648,0.002266513539000736
4,8,corto,pos_168 ~ sin roc_24,251,-0.18442105901943073,-0.002213182706947152,1.0537659755654396,1.0335832885831189,0.0,1.0,False,-0.16098357825052648,0.002266513539000736
4,8,corto,desbal ~ sin roc_24,251,-0.1588447618146068,-0.0019296846076033308,0.9904658806587197,0.9647655899365557,0.00796812749003984,1.0,False,-0.16098357825052648,0.002266513539000736
4,8,corto,desbal_24 ~ sin roc_24,251,-0.17879451847447372,-0.0021009441337241455,0.9614993354631545,0.9749787480391651,0.0,1.0,False,-0.16098357825052648,0.002266513539000736
4,8,corto,desbal_168 ~ sin roc_24,251,-0.1876393796845646,-0.0021884771201996487,0.9483118912562981,0.9897831303372161,0.0,1.0,False,-0.16098357825052648,0.002266513539000736
4,8,corto,ticket_rel ~ sin roc_24,251,-0.17340764884815224,-0.0021048334162353894,1.0115110468961725,0.9928767722265646,0.00398406374501992,1.0,False,-0.16098357825052648,0.002266513539000736
4,8,corto,turnover ~ sin roc_24,251,-0.1589269251326431,-0.0020013172982011086,1.1175871275393012,1.053331002819568,0.00796812749003984,1.0,False,-0.16098357825052648,0.002266513539000736
4,8,corto,n_surge ~ sin roc_24,251,-0.15605446010373156,-0.0019838664519807978,1.1239752361249655,1.057437644262828,0.00398406374501992,1.0,False,-0.16098357825052648,0.002266513539000736
4,8,corto,oi_chg_1h ~ sin roc_24,201,-0.15483015919384183,-0.0019115282687484512,1.0766708900796553,0.9934526896013915,0.009950248756218905,1.0,False,-0.16098357825052648,0.002266513539000736
4,8,corto,oi_chg_4h ~ sin roc_24,201,-0.1544724184778782,-0.001926360483006916,1.0747769679935735,0.9960483539254203,0.009950248756218905,1.0,False,-0.16098357825052648,0.002266513539000736
4,8,corto,oi_chg_24h ~ sin roc_24,201,-0.1657678655217238,-0.0020549564932828587,1.085339299018076,1.024490634055216,0.0,1.0,False,-0.16098357825052648,0.002266513539000736
4,8,corto,oi_z ~ sin roc_24,200,-0.15854730988051344,-0.0019152345904627024,1.0038401601915845,0.9767654615153489,0.01,1.0,False,-0.16098357825052648,0.002266513539000736
4,8,corto,oi_rel_168 ~ sin roc_24,201,-0.17513875938205856,-0.0021380021952694763,1.1772132503385517,1.0994457391111836,0.004975124378109453,1.0,False,-0.16098357825052648,0.002266513539000736
4,8,corto,tt_cuentas ~ sin roc_24,190,-0.17468427198849293,-0.0018950180184202617,0.9125620361358672,0.9770255961405097,0.0,1.0,False,-0.16098357825052648,0.002266513539000736
4,8,corto,tt_cuentas_chg24 ~ sin roc_24,190,-0.16851861607452018,-0.0020415381940197793,1.0466696156264734,1.0086101337179554,0.0,1.0,False,-0.16098357825052648,0.002266513539000736
4,8,corto,tt_cuentas_pct ~ sin roc_24,189,-0.15946758487442414,-0.0019068298790115763,0.9851292911372111,0.96537871456604,0.0,1.0,False,-0.16098357825052648,0.002266513539000736
4,8,corto,tt_pos ~ sin roc_24,190,-0.1531070558104029,-0.001842405775329829,0.9870356576266183,0.9717694918694795,0.0,1.0,False,-0.16098357825052648,0.002266513539000736
4,8,corto,tt_pos_chg24 ~ sin roc_24,190,-0.14970968301165488,-0.001914595606275278,1.0588040385870872,0.999007836313331,0.0,1.0,False,-0.16098357825052648,0.002266513539000736
4,8,corto,tt_pos_pct ~ sin roc_24,189,-0.1530887744338543,-0.0018497566214885314,1.0047830132155637,0.9729515037722689,0.031746031746031744,1.0,False,-0.16098357825052648,0.002266513539000736
4,8,corto,ls_cuentas ~ sin roc_24,201,-0.16996476992715745,-0.0018732739770512166,0.924327332661194,0.9704399482728441,0.0,1.0,False,-0.16098357825052648,0.002266513539000736
4,8,corto,ls_cuentas_chg24 ~ sin roc_24,201,-0.1611199116212678,-0.0019529982277909231,1.0577688685984101,1.0076372293353009,0.0,1.0,False,-0.16098357825052648,0.002266513539000736
4,8,corto,ls_cuentas_pct ~ sin roc_24,201,-0.1560231983262063,-0.001856282333693938,0.9875570266699534,0.9630554457020754,0.004975124378109453,1.0,False,-0.16098357825052648,0.002266513539000736
4,8,corto,taker ~ sin roc_24,201,-0.1652144015042883,-0.0019567863329482964,0.9921165571158169,0.9724924076848589,0.004975124378109453,1.0,False,-0.16098357825052648,0.002266513539000736
4,8,corto,taker_chg24 ~ sin roc_24,201,-0.16786014683022585,-0.0020026497046951963,0.9914184108135838,0.9723558656472955,0.0,1.0,False,-0.16098357825052648,0.002266513539000736
4,8,corto,taker_pct ~ sin roc_24,200,-0.16144638412415924,-0.001956701051739346,1.0012752369796711,0.9698155368159072,0.01,1.0,False,-0.16098357825052648,0.002266513539000736
4,8,corto,atr_24 [bajo],251,-0.2354520637087302,-0.001979223752601112,0.6546648418874933,0.9053688810443619,0.00796812749003984,1.0,False,-0.16098357825052648,0.002266513539000736
4,8,corto,vol_24 [bajo],251,-0.23025536982075334,-0.0019830494714197177,0.6619712971407101,0.8979936019653831,0.00398406374501992,1.0,False,-0.16098357825052648,0.002266513539000736
4,8,corto,vol_168 [bajo],251,-0.24048757706811533,-0.002005720754901052,0.6682527032263735,0.9403142462042579,0.00398406374501992,1.0,False,-0.16098357825052648,0.002266513539000736
4,8,corto,rango_168 [bajo],251,-0.2278499708247158,-0.002007218635117539,0.6948947439139931,0.9312476875124809,0.0,1.0,False,-0.16098357825052648,0.002266513539000736
4,8,corto,roc_24 [bajo],251,-0.14976536989166359,-0.0020445786508643867,1.1011724488254104,0.9737388683185475,0.00796812749003984,1.0,False,-0.16098357825052648,0.002266513539000736
4,8,corto,roc_72 [bajo],251,-0.14878174522077156,-0.0020450169444447496,1.0585945341509913,0.9310780379052597,0.01593625498007968,1.0,False,-0.16098357825052648,0.002266513539000736
4,8,corto,roc_168 [bajo],251,-0.14200116996419837,-0.0019275505458013255,1.0476112215864062,0.9235660949436175,0.01195219123505976,1.0,False,-0.16098357825052648,0.002266513539000736
4,8,corto,roc_720 [bajo],251,-0.14748604087490527,-0.0019721878512686717,1.0446043495741133,0.9631359021902497,0.00796812749003984,1.0,False,-0.16098357825052648,0.002266513539000736
4,8,corto,compresion [bajo],251,-0.158818558722059,-0.0020089406816551957,0.9354737948584594,0.8830754164422063,0.01593625498007968,1.0,False,-0.16098357825052648,0.002266513539000736
4,8,corto,dd_168 [bajo],251,-0.13009152459086695,-0.002082092188045968,1.2642156374480475,0.9808590494792189,0.02390438247011952,1.0,False,-0.16098357825052648,0.002266513539000736
4,8,corto,dd_720 [bajo],251,-0.12981750470474251,-0.0020659573936886314,1.1888977747885716,0.9398576701888872,0.035856573705179286,1.0,False,-0.16098357825052648,0.002266513539000736
4,8,corto,pos_168 [bajo],251,-0.14258350921771115,-0.0019079977252009573,1.0331784790863978,0.9285233249726397,0.0199203187250996,1.0,False,-0.16098357825052648,0.002266513539000736
4,8,corto,desbal [bajo],251,-0.16090224589989605,-0.002068203916510501,1.0056762437444653,0.9700788844087957,0.00398406374501992,1.0,False,-0.16098357825052648,0.002266513539000736
4,8,corto,desbal_24 [bajo],251,-0.1577143843464403,-0.002055725889465014,0.9910889278029447,0.9530667491426272,0.00796812749003984,1.0,False,-0.16098357825052648,0.002266513539000736
4,8,corto,desbal_168 [bajo],251,-0.15017652832393283,-0.0018692389767784293,0.9912749815466352,0.9570495654600741,0.00796812749003984,1.0,False,-0.16098357825052648,0.002266513539000736
4,8,corto,ticket_rel [bajo],251,-0.1578936310690898,-0.002000591502705497,0.9886598203643674,0.9554250879838191,0.00796812749003984,1.0,False,-0.16098357825052648,0.002266513539000736
4,8,corto,turnover [bajo],251,-0.14440362669392304,-0.0019310207596495179,0.9988479251118549,0.9197295257129099,0.01593625498007968,1.0,False,-0.16098357825052648,0.002266513539000736
4,8,corto,n_surge [bajo],251,-0.14221671290623158,-0.0019043196645941677,1.0085905779155884,0.9177640381243338,0.01593625498007968,1.0,False,-0.16098357825052648,0.002266513539000736
4,8,corto,oi_chg_1h [bajo],201,-0.1778479633348114,-0.0022494852079021203,1.1376677706130045,1.025644786499067,0.004975124378109453,1.0,False,-0.16098357825052648,0.002266513539000736
4,8,corto,oi_chg_4h [bajo],201,-0.17456356919214103,-0.0022388678122469076,1.147690870254718,1.0299256223194573,0.004975124378109453,1.0,False,-0.16098357825052648,0.002266513539000736
4,8,corto,oi_chg_24h [bajo],201,-0.1584132638260188,-0.002051514605982466,1.1033810204286718,0.987264128612533,0.004975124378109453,1.0,False,-0.16098357825052648,0.002266513539000736
4,8,corto,oi_z [bajo],200,-0.18102235536834435,-0.0021490192276460785,1.0614192288501891,1.0181676984958965,0.01,1.0,False,-0.16098357825052648,0.002266513539000736
4,8,corto,oi_rel_168 [bajo],201,-0.15509004792519238,-0.0020615180852445367,1.048203318064495,0.9218021672998294,0.009950248756218905,1.0,False,-0.16098357825052648,0.002266513539000736
4,8,corto,tt_cuentas [bajo],190,-0.1781704138040866,-0.0022094457543894714,1.1156930971140273,0.9958127588106898,0.015789473684210527,1.0,False,-0.16098357825052648,0.002266513539000736
4,8,corto,tt_cuentas_chg24 [bajo],190,-0.17010214619600658,-0.001999941551783528,1.0466879851495692,1.021670562194167,0.010526315789473684,1.0,False,-0.16098357825052648,0.002266513539000736
4,8,corto,tt_cuentas_pct [bajo],189,-0.18352983818716034,-0.0021432068844982376,1.0622090059681835,1.0328821058209323,0.0,1.0,False,-0.16098357825052648,0.002266513539000736
4,8,corto,tt_pos [bajo],190,-0.1958619201974553,-0.002194081216386771,0.9574082327497183,0.9842613043337334,0.0,1.0,False,-0.16098357825052648,0.002266513539000736
4,8,corto,tt_pos_chg24 [bajo],190,-0.16720973815181303,-0.002061778084255368,1.071169219286319,1.014685513145854,0.010526315789473684,1.0,False,-0.16098357825052648,0.002266513539000736
4,8,corto,tt_pos_pct [bajo],189,-0.17889759011839768,-0.0021756286412525127,1.03510604984396,1.0062627920151734,0.010582010582010581,1.0,False,-0.16098357825052648,0.002266513539000736
4,8,corto,ls_cuentas [bajo],201,-0.18236415406829035,-0.0022461043981940702,1.124349234718219,1.0001085449920168,0.009950248756218905,1.0,False,-0.16098357825052648,0.002266513539000736
4,8,corto,ls_cuentas_chg24 [bajo],201,-0.17294549749549368,-0.002076126327206277,1.0547001814491996,1.019941919949901,0.009950248756218905,1.0,False,-0.16098357825052648,0.002266513539000736
4,8,corto,ls_cuentas_pct [bajo],201,-0.1805959429489363,-0.0021191362880761443,1.06380593626298,1.0309605862470106,0.0,1.0,False,-0.16098357825052648,0.002266513539000736
4,8,corto,taker [bajo],201,-0.1637244705000639,-0.0019799804142564357,0.9876842648564056,0.9683936965316378,0.009950248756218905,1.0,False,-0.16098357825052648,0.002266513539000736
4,8,corto,taker_chg24 [bajo],201,-0.16551561007208,-0.001985281844048178,0.9897737346656768,0.9717267758446604,0.0,1.0,False,-0.16098357825052648,0.002266513539000736
4,8,corto,taker_pct [bajo],200,-0.1647938372651796,-0.002016747923516407,1.010517840094312,0.9717619789433796,0.005,1.0,False,-0.16098357825052648,0.002266513539000736
4,8,corto,atr_24 ~ sin roc_24 [bajo],251,-0.2357715342664145,-0.0020438000699384384,0.6775870794790328,0.9191333988537176,0.00398406374501992,1.0,False,-0.16098357825052648,0.002266513539000736
4,8,corto,vol_24 ~ sin roc_24 [bajo],251,-0.2250778253139332,-0.002026384018446896,0.701775661965758,0.9174199931263749,0.0,1.0,False,-0.16098357825052648,0.002266513539000736
4,8,corto,vol_168 ~ sin roc_24 [bajo],251,-0.2371969138384834,-0.0020543573326712522,0.6955724704091337,0.953813621341193,0.00398406374501992,1.0,False,-0.16098357825052648,0.002266513539000736
4,8,corto,rango_168 ~ sin roc_24 [bajo],251,-0.22185920133115083,-0.0020358059697216406,0.7370814730737428,0.9438814892018507,0.0,1.0,False,-0.16098357825052648,0.002266513539000736
4,8,corto,roc_72 ~ sin roc_24 [bajo],251,-0.14684047784420817,-0.0019994191627812808,1.0754548427159856,0.9553575719312433,0.01195219123505976,1.0,False,-0.16098357825052648,0.002266513539000736
4,8,corto,roc_168 ~ sin roc_24 [bajo],251,-0.14508322313329103,-0.001968852843096091,1.0618626156471356,0.9432127179708116,0.00796812749003984,1.0,False,-0.16098357825052648,0.002266513539000736
4,8,corto,roc_720 ~ sin roc_24 [bajo],251,-0.15400480187532528,-0.0020508176055020187,1.0546931228307717,0.9751957095849175,0.00796812749003984,1.0,False,-0.16098357825052648,0.002266513539000736
4,8,corto,compresion ~ sin roc_24 [bajo],251,-0.16110867449712307,-0.002055752750305417,0.9513073459584983,0.8997250175951494,0.01195219123505976,1.0,False,-0.16098357825052648,0.002266513539000736
4,8,corto,dd_168 ~ sin roc_24 [bajo],251,-0.13256554566243903,-0.002090198991694972,1.2781847121332675,0.997748150538312,0.0199203187250996,1.0,False,-0.16098357825052648,0.002266513539000736
4,8,corto,dd_720 ~ sin roc_24 [bajo],251,-0.12875938743658139,-0.002042380257073261,1.1854093581133684,0.9463726185793302,0.0199203187250996,1.0,False,-0.16098357825052648,0.002266513539000736
4,8,corto,pos_168 ~ sin roc_24 [bajo],251,-0.13939616544482644,-0.0018410660078714393,1.024319226968022,0.941845447398225,0.027888446215139442,1.0,False,-0.16098357825052648,0.002266513539000736
4,8,corto,desbal ~ sin roc_24 [bajo],251,-0.16104195167760604,-0.0020451183415200365,1.0064919806741632,0.9712357435332417,0.01195219123505976,1.0,False,-0.16098357825052648,0.002266513539000736
4,8,corto,desbal_24 ~ sin roc_24 [bajo],251,-0.15347503775237872,-0.0019861631773577435,0.9932139111786153,0.9599020075601197,0.00398406374501992,1.0,False,-0.16098357825052648,0.002266513539000736
4,8,corto,desbal_168 ~ sin roc_24 [bajo],251,-0.1522855189594588,-0.0019171355863408007,0.9887587754207805,0.9579255896948914,0.00796812749003984,1.0,False,-0.16098357825052648,0.002266513539000736
4,8,corto,ticket_rel ~ sin roc_24 [bajo],251,-0.158683159577848,-0.002034085934728497,0.9912485389280957,0.9592945115430894,0.01195219123505976,1.0,False,-0.16098357825052648,0.002266513539000736
4,8,corto,turnover ~ sin roc_24 [bajo],251,-0.15269364352963474,-0.002021283272557015,1.0544560529263356,0.9682453317438088,0.00398406374501992,1.0,False,-0.16098357825052648,0.002266513539000736
4,8,corto,n_surge ~ sin roc_24 [bajo],251,-0.14742267997214353,-0.0019313593948387714,1.060568235749859,0.9662175571391645,0.00796812749003984,1.0,False,-0.16098357825052648,0.002266513539000736
4,8,corto,oi_chg_1h ~ sin roc_24 [bajo],201,-0.17423177744464413,-0.0021956053170269444,1.1402557021074327,1.0328153930451591,0.004975124378109453,1.0,False,-0.16098357825052648,0.002266513539000736
4,8,corto,oi_chg_4h ~ sin roc_24 [bajo],201,-0.16757215132754116,-0.0021331090780266288,1.1582923032476304,1.0426628374781584,0.009950248756218905,1.0,False,-0.16098357825052648,0.002266513539000736
4,8,corto,oi_chg_24h ~ sin roc_24 [bajo],201,-0.1622492672300922,-0.0020455114809387644,1.113851294266502,1.0096143436993579,0.004975124378109453,1.0,False,-0.16098357825052648,0.002266513539000736
4,8,corto,oi_z ~ sin roc_24 [bajo],200,-0.1750182075873252,-0.0020559535953462212,1.0646856967126226,1.0231000349445365,0.005,1.0,False,-0.16098357825052648,0.002266513539000736
4,8,corto,oi_rel_168 ~ sin roc_24 [bajo],201,-0.1546282698951595,-0.0020264669897694754,1.0665342069945383,0.9467157948476437,0.009950248756218905,1.0,False,-0.16098357825052648,0.002266513539000736
4,8,corto,tt_cuentas ~ sin roc_24 [bajo],190,-0.17533946001187897,-0.002139093295806767,1.0728922753197392,0.9772649200350814,0.015789473684210527,1.0,False,-0.16098357825052648,0.002266513539000736
4,8,corto,tt_cuentas_chg24 ~ sin roc_24 [bajo],190,-0.16680717127358105,-0.0019761186119281976,1.0106664821771543,0.9909808160973356,0.005263157894736842,1.0,False,-0.16098357825052648,0.002266513539000736
4,8,corto,tt_cuentas_pct ~ sin roc_24 [bajo],189,-0.17664532501587002,-0.002023793714346089,0.9993475114265725,0.9969528083562029,0.0,1.0,False,-0.16098357825052648,0.002266513539000736
4,8,corto,tt_pos ~ sin roc_24 [bajo],190,-0.19279325364959313,-0.0021754430222998785,0.952135485110733,0.976368901401731,0.0,1.0,False,-0.16098357825052648,0.002266513539000736
4,8,corto,tt_pos_chg24 ~ sin roc_24 [bajo],190,-0.1649975081893118,-0.002035445235579648,1.0552138796677928,1.0035837086165635,0.0,1.0,False,-0.16098357825052648,0.002266513539000736
4,8,corto,tt_pos_pct ~ sin roc_24 [bajo],189,-0.1745109357848507,-0.0021003193500457114,1.0114385841332594,0.9926122951255024,0.0,1.0,False,-0.16098357825052648,0.002266513539000736
4,8,corto,ls_cuentas ~ sin roc_24 [bajo],201,-0.17737676263480645,-0.002179082402339219,1.0739080840572284,0.9784289773153285,0.014925373134328358,1.0,False,-0.16098357825052648,0.002266513539000736
4,8,corto,ls_cuentas_chg24 ~ sin roc_24 [bajo],201,-0.16989592783752863,-0.0020157337399628918,1.0149882020688008,0.9888863253022404,0.0,1.0,False,-0.16098357825052648,0.002266513539000736
4,8,corto,ls_cuentas_pct ~ sin roc_24 [bajo],201,-0.18070570966637947,-0.0020695245373018533,0.9990039356541941,0.9929284475383258,0.004975124378109453,1.0,False,-0.16098357825052648,0.002266513539000736
4,8,corto,taker ~ sin roc_24 [bajo],201,-0.16520844519660613,-0.0019835808267624905,0.9838787879255338,0.967306313445681,0.014925373134328358,1.0,False,-0.16098357825052648,0.002266513539000736
4,8,corto,taker_chg24 ~ sin roc_24 [bajo],201,-0.16859137786099337,-0.002034675989438434,0.9924658317176961,0.973453577323792,0.0,1.0,False,-0.16098357825052648,0.002266513539000736
4,8,corto,taker_pct ~ sin roc_24 [bajo],200,-0.16582432843795775,-0.002009695657182506,1.003964597264315,0.9694842142021831,0.01,1.0,False,-0.16098357825052648,0.002266513539000736
4,8,corto,CONTROL azar 1,251,-0.16098357825052648,-0.0020039888733452476,1.0125147124730112,0.9774856120762951,0.00398406374501992,1.0,False,-0.16098357825052648,0.002266513539000736
4,8,corto,CONTROL azar 2,251,-0.1647111779121898,-0.002062853402511568,1.009955663298587,0.9777044524232321,0.00398406374501992,1.0,False,-0.16098357825052648,0.002266513539000736
4,8,corto,CONTROL azar 3,251,-0.16061354696885288,-0.0020304561534606968,1.0138136093410592,0.977574972479653,0.0,1.0,False,-0.16098357825052648,0.002266513539000736
4,16,largo,atr_24,237,-0.1256190535637265,-0.0018955258577721382,1.3170096228194337,1.0641726615845952,0.02109704641350211,1.0,False,-0.15925035027746914,0.002751510193649658
4,16,largo,vol_24,237,-0.13170065932053274,-0.0019450983939780875,1.3086050974022527,1.0680304253806536,0.02109704641350211,1.0,False,-0.15925035027746914,0.002751510193649658
4,16,largo,vol_168,237,-0.12573581852437324,-0.0018885004957991387,1.2918891726954966,1.0201793273681263,0.008438818565400843,1.0,False,-0.15925035027746914,0.002751510193649658
4,16,largo,rango_168,237,-0.13043981714294492,-0.0018984784841713982,1.259045592626183,1.0261539168111171,0.012658227848101266,1.0,False,-0.15925035027746914,0.002751510193649658
4,16,largo,roc_24,237,-0.16338300071071532,-0.0020334131451307264,1.0455457841559248,1.0211972003010095,0.008438818565400843,1.0,False,-0.15925035027746914,0.002751510193649658
4,16,largo,roc_72,237,-0.1615823555923866,-0.0019761640626858655,1.0752971493949,1.0479239308281747,0.012658227848101266,1.0,False,-0.15925035027746914,0.002751510193649658
4,16,largo,roc_168,237,-0.1578701118654202,-0.0019245573923819808,1.0808696192444973,1.0475882503496337,0.004219409282700422,1.0,False,-0.15925035027746914,0.002751510193649658
4,16,largo,roc_720,237,-0.15374782499249104,-0.001957521483609176,1.0720745147195592,0.9988554081854264,0.0,1.0,False,-0.15925035027746914,0.002751510193649658
4,16,largo,compresion,237,-0.1617676157064613,-0.0020333147871290794,1.1107251888581742,1.0743999919158438,0.0,1.0,False,-0.15925035027746914,0.002751510193649658
4,16,largo,dd_168,237,-0.18402794110561388,-0.0019814954955170673,0.8661585636441915,0.9888605282228431,0.008438818565400843,1.0,False,-0.15925035027746914,0.002751510193649658
4,16,largo,dd_720,237,-0.18017053640702993,-0.001953486068761409,0.8864144984228133,1.0141970579359145,0.004219409282700422,1.0,False,-0.15925035027746914,0.002751510193649658
4,16,largo,pos_168,237,-0.15772674492155303,-0.0019165824024490593,1.02861791115441,1.0274951813415698,0.016877637130801686,1.0,False,-0.15925035027746914,0.002751510193649658
4,16,largo,desbal,237,-0.1646388780495771,-0.0020619862134548983,0.9971397766046819,0.9764494973297769,0.0,1.0,False,-0.15925035027746914,0.002751510193649658
4,16,largo,desbal_24,237,-0.15709602548226856,-0.0019287130309593868,0.992550198776895,0.989854245796455,0.004219409282700422,1.0,False,-0.15925035027746914,0.002751510193649658
4,16,largo,desbal_168,237,-0.16002388199959103,-0.00192955805451103,0.9867078512038867,0.9931143041127835,0.0,1.0,False,-0.15925035027746914,0.002751510193649658
4,16,largo,ticket_rel,237,-0.1564232541658254,-0.001960896011869856,1.0130276373569471,0.9938980077188508,0.004219409282700422,1.0,False,-0.15925035027746914,0.002751510193649658
4,16,largo,turnover,237,-0.15799382455547095,-0.0019895838351223173,1.0550563364866465,1.0362905900654733,0.004219409282700422,1.0,False,-0.15925035027746914,0.002751510193649658
4,16,largo,n_surge,237,-0.16005280191371468,-0.0019884939288738975,1.058237694810421,1.039981910738975,0.008438818565400843,1.0,False,-0.15925035027746914,0.002751510193649658
4,16,largo,oi_chg_1h,185,-0.16715784833976666,-0.0020536959343238066,1.0116912609326811,0.9806570562024726,0.0,1.0,False,-0.15925035027746914,0.002751510193649658
4,16,largo,oi_chg_4h,185,-0.16713602394548235,-0.002055588569533866,1.0103176913564837,0.9830978654190035,0.005405405405405406,1.0,False,-0.15925035027746914,0.002751510193649658
4,16,largo,oi_chg_24h,185,-0.1636826798984876,-0.0019999463503351015,1.0357331595796355,1.0174332194347835,0.0,1.0,False,-0.15925035027746914,0.002751510193649658
4,16,largo,oi_z,183,-0.1690185581909184,-0.0020487608196399455,0.9930933186999963,0.9726156272717154,0.0,1.0,False,-0.15925035027746914,0.002751510193649658
4,16,largo,oi_rel_168,184,-0.16548674780725914,-0.0019741205617476217,1.061718536059268,1.0517923875858592,0.005434782608695652,1.0,False,-0.15925035027746914,0.002751510193649658
4,16,largo,tt_cuentas,185,-0.18249249154502797,-0.002084532316086132,0.9390396440457907,0.9743587478412935,0.0,1.0,False,-0.15925035027746914,0.002751510193649658
4,16,largo,tt_cuentas_chg24,185,-0.1628815092515379,-0.0019336315011837545,1.005523700846821,0.978650059658816,0.0,1.0,False,-0.15925035027746914,0.002751510193649658
4,16,largo,tt_cuentas_pct,184,-0.16878290498478912,-0.0020584842501256174,0.9891277826957022,0.9582929741164805,0.0,1.0,False,-0.15925035027746914,0.002751510193649658
4,16,largo,tt_pos,185,-0.1745319799515524,-0.0021036473370301518,0.9989394672893431,0.9757882608875635,0.0,1.0,False,-0.15925035027746914,0.002751510193649658
4,16,largo,tt_pos_chg24,185,-0.16814059384247607,-0.0020423759317730614,1.0179022590486797,0.9806518479195547,0.005405405405405406,1.0,False,-0.15925035027746914,0.002751510193649658
4,16,largo,tt_pos_pct,184,-0.16975428526468384,-0.00208370862776748,1.0012974076431893,0.9703374060094541,0.0,1.0,False,-0.15925035027746914,0.002751510193649658
4,16,largo,ls_cuentas,185,-0.18187789198472806,-0.0020936771549565337,0.9473043387762722,0.972669618620599,0.0,1.0,False,-0.15925035027746914,0.002751510193649658
4,16,largo,ls_cuentas_chg24,185,-0.16587973605670012,-0.0020099697130782153,1.0082630236685814,0.979629226437143,0.0,1.0,False,-0.15925035027746914,0.002751510193649658
4,16,largo,ls_cuentas_pct,184,-0.16932853242577228,-0.0020613534192716323,0.9916273794498149,0.9602488287111132,0.0,1.0,False,-0.15925035027746914,0.002751510193649658
4,16,largo,taker,185,-0.16346776848750474,-0.001997830281238722,1.000038515788828,0.979620460262087,0.0,1.0,False,-0.15925035027746914,0.002751510193649658
4,16,largo,taker_chg24,185,-0.16267879578083308,-0.0019981194220707013,0.9990992695476189,0.977610023197696,0.0,1.0,False,-0.15925035027746914,0.002751510193649658
4,16,largo,taker_pct,184,-0.1632822065304225,-0.002001232341962536,1.0036621922779925,0.9777392742230179,0.0,1.0,False,-0.15925035027746914,0.002751510193649658
4,16,largo,atr_24 ~ sin roc_24,237,-0.13559478561804095,-0.001996591695578446,1.286388591318484,1.0471018338436462,0.0,1.0,False,-0.15925035027746914,0.002751510193649658
4,16,largo,vol_24 ~ sin roc_24,237,-0.13951760160048107,-0.002019001697221429,1.2683356400599584,1.0476757389299092,0.004219409282700422,1.0,False,-0.15925035027746914,0.002751510193649658
4,16,largo,vol_168 ~ sin roc_24,237,-0.13291012343584788,-0.001955546433534638,1.2569250199437976,1.0114555411507467,0.004219409282700422,1.0,False,-0.15925035027746914,0.002751510193649658
4,16,largo,rango_168 ~ sin roc_24,237,-0.1388933770072926,-0.0019764799945223128,1.2293731060077344,1.0189724789939567,0.0,1.0,False,-0.15925035027746914,0.002751510193649658
4,16,largo,roc_72 ~ sin roc_24,237,-0.1589683712921656,-0.001959071139209182,1.0497971450804797,1.0239344354134987,0.012658227848101266,1.0,False,-0.15925035027746914,0.002751510193649658
4,16,largo,roc_168 ~ sin roc_24,237,-0.15665834561915523,-0.0019049750701306879,1.0600463990740265,1.0288494953140175,0.004219409282700422,1.0,False,-0.15925035027746914,0.002751510193649658
4,16,largo,roc_720 ~ sin roc_24,237,-0.15280648272448055,-0.001966070493711325,1.0632848325954742,0.991443403978042,0.004219409282700422,1.0,False,-0.15925035027746914,0.002751510193649658
4,16,largo,compresion ~ sin roc_24,237,-0.1622414450600513,-0.002025479432874689,1.0867580154051328,1.0576632122434,0.008438818565400843,1.0,False,-0.15925035027746914,0.002751510193649658
4,16,largo,dd_168 ~ sin roc_24,237,-0.18142296514613,-0.001965022612747104,0.861377210830481,0.9742661127552177,0.004219409282700422,1.0,False,-0.15925035027746914,0.002751510193649658
4,16,largo,dd_720 ~ sin roc_24,237,-0.1772319507504257,-0.0019273087223966251,0.8872666156909513,1.0045603053134498,0.0,1.0,False,-0.15925035027746914,0.002751510193649658
4,16,largo,pos_168 ~ sin roc_24,237,-0.15592522046334498,-0.0018937729583437745,1.0184755941844494,1.0101468705631158,0.008438818565400843,1.0,False,-0.15925035027746914,0.002751510193649658
4,16,largo,desbal ~ sin roc_24,237,-0.16219369794133429,-0.002036762310731417,0.9933070731557351,0.9726618712762836,0.004219409282700422,1.0,False,-0.15925035027746914,0.002751510193649658
4,16,largo,desbal_24 ~ sin roc_24,237,-0.15754727476265687,-0.0019333475883505792,0.9856493503332905,0.9812578597587722,0.004219409282700422,1.0,False,-0.15925035027746914,0.002751510193649658
4,16,largo,desbal_168 ~ sin roc_24,237,-0.1583507974371896,-0.0019153636496086453,0.9872167628129564,0.9902313023302657,0.0,1.0,False,-0.15925035027746914,0.002751510193649658
4,16,largo,ticket_rel ~ sin roc_24,237,-0.1562780948970997,-0.0019530354147115254,1.0100242384611129,0.9900098715343602,0.0,1.0,False,-0.15925035027746914,0.002751510193649658
4,16,largo,turnover ~ sin roc_24,237,-0.1606874914849772,-0.0019986639678958164,1.0358827012507525,1.011987134343817,0.004219409282700422,1.0,False,-0.15925035027746914,0.002751510193649658
4,16,largo,n_surge ~ sin roc_24,237,-0.1622973409599388,-0.001998232506319152,1.0373425503927678,1.0135494380567995,0.0,1.0,False,-0.15925035027746914,0.002751510193649658
4,16,largo,oi_chg_1h ~ sin roc_24,185,-0.16617996126222095,-0.0020362752132910555,1.009035222293048,0.976431865159394,0.0,1.0,False,-0.15925035027746914,0.002751510193649658
4,16,largo,oi_chg_4h ~ sin roc_24,185,-0.16638083372463447,-0.002045972801545182,1.0057984308050678,0.9746108289268213,0.0,1.0,False,-0.15925035027746914,0.002751510193649658
4,16,largo,oi_chg_24h ~ sin roc_24,185,-0.1635573022268225,-0.001988965652172099,1.0115151556411628,0.9915765149883382,0.0,1.0,False,-0.15925035027746914,0.002751510193649658
4,16,largo,oi_z ~ sin roc_24,183,-0.1700022976068018,-0.002051660938445966,0.9932527524228472,0.9696720675145606,0.0,1.0,False,-0.15925035027746914,0.002751510193649658
4,16,largo,oi_rel_168 ~ sin roc_24,184,-0.16492188140338312,-0.001964961166603689,1.0432626039162478,1.0321405076864072,0.005434782608695652,1.0,False,-0.15925035027746914,0.002751510193649658
4,16,largo,tt_cuentas ~ sin roc_24,185,-0.18040718930917524,-0.0020542367693247316,0.9415876079212625,0.9795795461576174,0.0,1.0,False,-0.15925035027746914,0.002751510193649658
4,16,largo,tt_cuentas_chg24 ~ sin roc_24,185,-0.16201203568836817,-0.0019561861564762906,1.0203196593971957,0.9930958564956165,0.005405405405405406,1.0,False,-0.15925035027746914,0.002751510193649658
4,16,largo,tt_cuentas_pct ~ sin roc_24,184,-0.1671253064260075,-0.0020492772725218787,0.9919203725356559,0.9653491532879312,0.0,1.0,False,-0.15925035027746914,0.002751510193649658
4,16,largo,tt_pos ~ sin roc_24,185,-0.1734896653640236,-0.0021006092929318136,1.0001687112299373,0.978280029302731,0.0,1.0,False,-0.15925035027746914,0.002751510193649658
4,16,largo,tt_pos_chg24 ~ sin roc_24,185,-0.16787011214870337,-0.0020459658671548556,1.0218663381383384,0.984932204572362,0.0,1.0,False,-0.15925035027746914,0.002751510193649658
4,16,largo,tt_pos_pct ~ sin roc_24,184,-0.16900650925581434,-0.0020752037930796352,1.0002566850952028,0.9707115935425512,0.0,1.0,False,-0.15925035027746914,0.002751510193649658
4,16,largo,ls_cuentas ~ sin roc_24,185,-0.17858707547573152,-0.002040609788263396,0.9498951895782219,0.9782042516741396,0.0,1.0,False,-0.15925035027746914,0.002751510193649658
4,16,largo,ls_cuentas_chg24 ~ sin roc_24,185,-0.16437207646881283,-0.002015048587711188,1.0241622445997394,0.9948753521085818,0.005405405405405406,1.0,False,-0.15925035027746914,0.002751510193649658
4,16,largo,ls_cuentas_pct ~ sin roc_24,184,-0.1697453865106817,-0.002064488662853538,0.9942114900797961,0.9672053135396119,0.0,1.0,False,-0.15925035027746914,0.002751510193649658
4,16,largo,taker ~ sin roc_24,185,-0.16354623871539667,-0.0020124160608247857,1.0052111951582454,0.9826484473758967,0.0,1.0,False,-0.15925035027746914,0.002751510193649658
4,16,largo,taker_chg24 ~ sin roc_24,185,-0.16205458605413367,-0.001984135638269991,1.0001134263454277,0.9790304643412033,0.0,1.0,False,-0.15925035027746914,0.002751510193649658
4,16,largo,taker_pct ~ sin roc_24,184,-0.16411473495791198,-0.002020066144535119,1.0012221496705678,0.9763465131788964,0.0,1.0,False,-0.15925035027746914,0.002751510193649658
4,16,largo,atr_24 [bajo],237,-0.2011166074512091,-0.0020448898311867933,0.7755635788693677,0.9157922626672508,0.0,1.0,False,-0.15925035027746914,0.002751510193649658
4,16,largo,vol_24 [bajo],237,-0.19760458430025268,-0.002033390490624256,0.7798217159268435,0.9135580121432588,0.004219409282700422,1.0,False,-0.15925035027746914,0.002751510193649658
4,16,largo,vol_168 [bajo],237,-0.2016664758504787,-0.002048298995177559,0.7861720199310976,0.9469522743172769,0.0,1.0,False,-0.15925035027746914,0.002751510193649658
4,16,largo,rango_168 [bajo],237,-0.1961361187437412,-0.002044472262991602,0.8032910538916186,0.941622229090781,0.0,1.0,False,-0.15925035027746914,0.002751510193649658
4,16,largo,roc_24 [bajo],237,-0.1558451279707363,-0.0019626933089952,1.0133051041283732,0.9553097066713554,0.0,1.0,False,-0.15925035027746914,0.002751510193649658
4,16,largo,roc_72 [bajo],237,-0.1587718456778976,-0.002021028177798135,0.9946404625814492,0.9323747118371932,0.0,1.0,False,-0.15925035027746914,0.002751510193649658
4,16,largo,roc_168 [bajo],237,-0.15964782603497726,-0.0020457584072559433,0.9928025846033847,0.9296927125071214,0.0,1.0,False,-0.15925035027746914,0.002751510193649658
4,16,largo,roc_720 [bajo],237,-0.16333184349793323,-0.002027569190837896,0.9962331523953218,0.9639931362200225,0.0,1.0,False,-0.15925035027746914,0.002751510193649658
4,16,largo,compresion [bajo],237,-0.15950864687931368,-0.001968815401361949,0.9410076325893423,0.9030195872590754,0.0,1.0,False,-0.15925035027746914,0.002751510193649658
4,16,largo,dd_168 [bajo],237,-0.14252336779143265,-0.0020085609286572595,1.1507257635116346,0.97347267477382,0.0,1.0,False,-0.15925035027746914,0.002751510193649658
4,16,largo,dd_720 [bajo],237,-0.14583671132643314,-0.002018583302903783,1.116172523584278,0.9489550750783889,0.0,1.0,False,-0.15925035027746914,0.002751510193649658
4,16,largo,pos_168 [bajo],237,-0.16129396815521105,-0.0020793644797507207,1.0082615648031263,0.9379322213570438,0.0,1.0,False,-0.15925035027746914,0.002751510193649658
4,16,largo,desbal [bajo],237,-0.1572601056990666,-0.0019429848108580144,1.003931155137955,0.9758928012076094,0.0,1.0,False,-0.15925035027746914,0.002751510193649658
4,16,largo,desbal_24 [bajo],237,-0.16385611413377402,-0.0020436817870015988,1.0002174946818987,0.9628817381146144,0.0,1.0,False,-0.15925035027746914,0.002751510193649658
4,16,largo,desbal_168 [bajo],237,-0.16528304699213048,-0.0020809321693273015,0.9985188118498673,0.9640276193328121,0.0,1.0,False,-0.15925035027746914,0.002751510193649658
4,16,largo,ticket_rel [bajo],237,-0.16463890458391292,-0.0020292475341654598,0.9917312154286801,0.963801840779753,0.0,1.0,False,-0.15925035027746914,0.002751510193649658
4,16,largo,turnover [bajo],237,-0.1598839981023562,-0.0019959497715904446,0.9817801074164516,0.9327283118186005,0.0,1.0,False,-0.15925035027746914,0.002751510193649658
4,16,largo,n_surge [bajo],237,-0.159158320755608,-0.0020014313806268414,0.9843587186959117,0.9303877439872463,0.0,1.0,False,-0.15925035027746914,0.002751510193649658
4,16,largo,oi_chg_1h [bajo],185,-0.1538393093121625,-0.0019054225191981152,1.0413664398405797,0.9967267097172668,0.005405405405405406,1.0,False,-0.15925035027746914,0.002751510193649658
4,16,largo,oi_chg_4h [bajo],185,-0.15443995911138722,-0.0019103270781741172,1.045613525577987,0.9960318997173647,0.0,1.0,False,-0.15925035027746914,0.002751510193649658
4,16,largo,oi_chg_24h [bajo],185,-0.1559547851586852,-0.001961462912276173,1.0236564520445117,0.9669493206241787,0.0,1.0,False,-0.15925035027746914,0.002751510193649658
4,16,largo,oi_z [bajo],183,-0.15625794447513935,-0.001953880836936052,1.0273059288339916,0.9989043262044288,0.00546448087431694,1.0,False,-0.15925035027746914,0.002751510193649658
4,16,largo,oi_rel_168 [bajo],184,-0.1543612812522398,-0.0019681254512006487,1.0065118394146737,0.9293532827319252,0.0,1.0,False,-0.15925035027746914,0.002751510193649658
4,16,largo,tt_cuentas [bajo],185,-0.14024377936112453,-0.0018725590521741792,1.0878475918263253,0.985237039272015,0.0,1.0,False,-0.15925035027746914,0.002751510193649658
4,16,largo,tt_cuentas_chg24 [bajo],185,-0.16253375650180377,-0.0019798442267374957,1.011820054784757,0.9950296308561579,0.0,1.0,False,-0.15925035027746914,0.002751510193649658
4,16,largo,tt_cuentas_pct [bajo],184,-0.15682846858180424,-0.0019080796659326472,1.0250169723984077,1.0050563414389821,0.0,1.0,False,-0.15925035027746914,0.002751510193649658
4,16,largo,tt_pos [bajo],185,-0.15221383483499273,-0.0018476664204308277,0.9896178542911688,0.9840129000537664,0.005405405405405406,1.0,False,-0.15925035027746914,0.002751510193649658
4,16,largo,tt_pos_chg24 [bajo],185,-0.15769703107336633,-0.0019450596688267263,1.0191360738904287,0.9916871143786663,0.0,1.0,False,-0.15925035027746914,0.002751510193649658
4,16,largo,tt_pos_pct [bajo],184,-0.1576235142724571,-0.0019178677940719163,1.0149247191158748,0.9921897311887149,0.0,1.0,False,-0.15925035027746914,0.002751510193649658
4,16,largo,ls_cuentas [bajo],185,-0.14303619686832317,-0.0018788076683700957,1.0746091644989142,0.9867810556246451,0.0,1.0,False,-0.15925035027746914,0.002751510193649658
4,16,largo,ls_cuentas_chg24 [bajo],185,-0.16069308517733563,-0.001953646133943021,1.0126664880574123,0.9945361574641325,0.0,1.0,False,-0.15925035027746914,0.002751510193649658
4,16,largo,ls_cuentas_pct [bajo],184,-0.15621393448870544,-0.001886034870027769,1.0231637457099585,1.0055671150841081,0.005434782608695652,1.0,False,-0.15925035027746914,0.002751510193649658
4,16,largo,taker [bajo],185,-0.1667770657625008,-0.0020196614913505556,0.9987024482332477,0.9768574337743405,0.0,1.0,False,-0.15925035027746914,0.002751510193649658
4,16,largo,taker_chg24 [bajo],185,-0.16521334037878765,-0.002002193011065872,1.0010831200010273,0.979487784968369,0.0,1.0,False,-0.15925035027746914,0.002751510193649658
4,16,largo,taker_pct [bajo],184,-0.16838083228052722,-0.002046057625372375,1.0054039894574602,0.9763402325243418,0.0,1.0,False,-0.15925035027746914,0.002751510193649658
4,16,largo,atr_24 ~ sin roc_24 [bajo],237,-0.19409987325119976,-0.002007936280103712,0.7874503478490777,0.9276431449622043,0.004219409282700422,1.0,False,-0.15925035027746914,0.002751510193649658
4,16,largo,vol_24 ~ sin roc_24 [bajo],237,-0.19183720141795715,-0.002005938186294264,0.7989530792602494,0.9269494915193874,0.0,1.0,False,-0.15925035027746914,0.002751510193649658
4,16,largo,vol_168 ~ sin roc_24 [bajo],237,-0.19425592428036464,-0.0020016566126411393,0.8009542320427513,0.9545086847049755,0.004219409282700422,1.0,False,-0.15925035027746914,0.002751510193649658
4,16,largo,rango_168 ~ sin roc_24 [bajo],237,-0.18753878163230675,-0.001996188166977771,0.8237001698900018,0.9487201697257444,0.004219409282700422,1.0,False,-0.15925035027746914,0.002751510193649658
4,16,largo,roc_72 ~ sin roc_24 [bajo],237,-0.15838898051184377,-0.0020115446692890713,1.0047300411683178,0.9491900863413403,0.0,1.0,False,-0.15925035027746914,0.002751510193649658
4,16,largo,roc_168 ~ sin roc_24 [bajo],237,-0.16040458893441176,-0.002051152317781019,0.9998443426944538,0.9435519533910095,0.0,1.0,False,-0.15925035027746914,0.002751510193649658
4,16,largo,roc_720 ~ sin roc_24 [bajo],237,-0.1623227610710025,-0.002011472231196696,0.999147277544133,0.9709870847032586,0.004219409282700422,1.0,False,-0.15925035027746914,0.002751510193649658
4,16,largo,compresion ~ sin roc_24 [bajo],237,-0.15769518359168436,-0.0019426425760118353,0.9534234414421204,0.9143946810592982,0.0,1.0,False,-0.15925035027746914,0.002751510193649658
4,16,largo,dd_168 ~ sin roc_24 [bajo],237,-0.14399002801670643,-0.0020008051635013366,1.1646118053334917,0.9874948094400512,0.0,1.0,False,-0.15925035027746914,0.002751510193649658
4,16,largo,dd_720 ~ sin roc_24 [bajo],237,-0.14697256440268044,-0.002012908131945362,1.1170001208872862,0.9545896053235143,0.0,1.0,False,-0.15925035027746914,0.002751510193649658
4,16,largo,pos_168 ~ sin roc_24 [bajo],237,-0.16242704330712404,-0.002066099285190871,1.0115081074801753,0.9496076597830927,0.0,1.0,False,-0.15925035027746914,0.002751510193649658
4,16,largo,desbal ~ sin roc_24 [bajo],237,-0.16021850850404065,-0.001987727634807296,1.0063262256543348,0.9790204872821188,0.0,1.0,False,-0.15925035027746914,0.002751510193649658
4,16,largo,desbal_24 ~ sin roc_24 [bajo],237,-0.16377754831429858,-0.0020352264253757166,1.0039416921471294,0.9702613478479123,0.0,1.0,False,-0.15925035027746914,0.002751510193649658
4,16,largo,desbal_168 ~ sin roc_24 [bajo],237,-0.1652341754974755,-0.0020744037041980218,0.9973477002997889,0.9667412145680994,0.0,1.0,False,-0.15925035027746914,0.002751510193649658
4,16,largo,ticket_rel ~ sin roc_24 [bajo],237,-0.16345235727768237,-0.002012366081646072,0.9935711003502546,0.9672423086254783,0.0,1.0,False,-0.15925035027746914,0.002751510193649658
4,16,largo,turnover ~ sin roc_24 [bajo],237,-0.1579301078240122,-0.0019922604994034275,1.0019775367158354,0.9584203793486866,0.0,1.0,False,-0.15925035027746914,0.002751510193649658
4,16,largo,n_surge ~ sin roc_24 [bajo],237,-0.15834842437199717,-0.002016748575058169,1.0036161586538472,0.956559845703917,0.004219409282700422,1.0,False,-0.15925035027746914,0.002751510193649658
4,16,largo,oi_chg_1h ~ sin roc_24 [bajo],185,-0.15535754446730854,-0.001915638979115494,1.042726976764676,1.0010587036369998,0.005405405405405406,1.0,False,-0.15925035027746914,0.002751510193649658
4,16,largo,oi_chg_4h ~ sin roc_24 [bajo],185,-0.15634496496042505,-0.001944991426708064,1.0495272778347908,1.0038946149463799,0.0,1.0,False,-0.15925035027746914,0.002751510193649658
4,16,largo,oi_chg_24h ~ sin roc_24 [bajo],185,-0.15907666954502409,-0.0019893009289544336,1.0373892240287381,0.9883723629133006,0.0,1.0,False,-0.15925035027746914,0.002751510193649658
4,16,largo,oi_z ~ sin roc_24 [bajo],183,-0.15752940318541195,-0.001977388881172265,1.0286286120830037,1.001046810621809,0.00546448087431694,1.0,False,-0.15925035027746914,0.002751510193649658
4,16,largo,oi_rel_168 ~ sin roc_24 [bajo],184,-0.1563439316568108,-0.0019888404019127626,1.0152705066133334,0.9461968644451717,0.0,1.0,False,-0.15925035027746914,0.002751510193649658
4,16,largo,tt_cuentas ~ sin roc_24 [bajo],185,-0.143156672835113,-0.0019125738045249292,1.0734279148688002,0.9768973986650074,0.0,1.0,False,-0.15925035027746914,0.002751510193649658
4,16,largo,tt_cuentas_chg24 ~ sin roc_24 [bajo],185,-0.16669927650567626,-0.0020078693946130096,0.9941371525339453,0.978230265926219,0.0,1.0,False,-0.15925035027746914,0.002751510193649658
4,16,largo,tt_cuentas_pct ~ sin roc_24 [bajo],184,-0.15981099412304398,-0.0019418447157670562,1.0067413900533122,0.991438054761832,0.0,1.0,False,-0.15925035027746914,0.002751510193649658
4,16,largo,tt_pos ~ sin roc_24 [bajo],185,-0.15832710845786777,-0.0019227949675079377,0.9855320665890467,0.9793547761378346,0.0,1.0,False,-0.15925035027746914,0.002751510193649658
4,16,largo,tt_pos_chg24 ~ sin roc_24 [bajo],185,-0.16089994107732636,-0.0019889323561083838,1.0113986254426153,0.9856978418351774,0.0,1.0,False,-0.15925035027746914,0.002751510193649658
4,16,largo,tt_pos_pct ~ sin roc_24 [bajo],184,-0.15817531658826056,-0.0019301860290443181,1.0081064185204127,0.9875980786638383,0.0,1.0,False,-0.15925035027746914,0.002751510193649658
4,16,largo,ls_cuentas ~ sin roc_24 [bajo],185,-0.14582699967654197,-0.0019112428361547753,1.0606426943977552,0.9777552332536692,0.0,1.0,False,-0.15925035027746914,0.002751510193649658
4,16,largo,ls_cuentas_chg24 ~ sin roc_24 [bajo],185,-0.164446344487302,-0.0019829389827786957,0.9938284931358127,0.977072082781963,0.0,1.0,False,-0.15925035027746914,0.002751510193649658
4,16,largo,ls_cuentas_pct ~ sin roc_24 [bajo],184,-0.1588833003636888,-0.001903725900608625,1.0037111341691431,0.990495484120482,0.0,1.0,False,-0.15925035027746914,0.002751510193649658
4,16,largo,taker ~ sin roc_24 [bajo],185,-0.1663704617831397,-0.0020145139617431095,0.9938136524031621,0.9743757605325496,0.0,1.0,False,-0.15925035027746914,0.002751510193649658
4,16,largo,taker_chg24 ~ sin roc_24 [bajo],185,-0.1656108297243672,-0.002012644297954852,1.0009125134906949,0.9792231747227356,0.0,1.0,False,-0.15925035027746914,0.002751510193649658
4,16,largo,taker_pct ~ sin roc_24 [bajo],184,-0.16858751503237052,-0.002060233607673823,1.003731923926669,0.975661170107095,0.0,1.0,False,-0.15925035027746914,0.002751510193649658
4,16,largo,CONTROL azar 1,237,-0.1559885933655422,-0.0019683494004725617,1.0042340902319558,0.978262171474908,0.004219409282700422,1.0,False,-0.15925035027746914,0.002751510193649658
4,16,largo,CONTROL azar 2,237,-0.15925035027746914,-0.0020010428208214626,1.0037166423542323,0.9782857067679886,0.0,1.0,False,-0.15925035027746914,0.002751510193649658
4,16,largo,CONTROL azar 3,237,-0.16145784796551452,-0.002016054540789411,1.00508547481923,0.9782904093830905,0.0,1.0,False,-0.15925035027746914,0.002751510193649658
4,16,corto,atr_24,237,-0.1384198324270177,-0.002104474142227863,1.3170096228194337,1.0641726615845952,0.004219409282700422,1.0,False,-0.16177538439015518,0.002864217465476102
4,16,corto,vol_24,237,-0.1376339683482922,-0.0020549016060219137,1.3086050974022527,1.0680304253806536,0.0,1.0,False,-0.16177538439015518,0.002864217465476102
4,16,corto,vol_168,237,-0.13685179127876307,-0.0021114995042008627,1.2918891726954966,1.0201793273681263,0.0,1.0,False,-0.16177538439015518,0.002864217465476102
4,16,corto,rango_168,237,-0.14059063786324671,-0.002101521515828603,1.259045592626183,1.0261539168111171,0.0,1.0,False,-0.16177538439015518,0.002864217465476102
4,16,corto,roc_24,237,-0.1628858832999539,-0.0019665868548692745,1.0455457841559248,1.0211972003010095,0.0,1.0,False,-0.16177538439015518,0.002864217465476102
4,16,corto,roc_72,237,-0.16527560983493098,-0.002023835937314135,1.0752971493949,1.0479239308281747,0.0,1.0,False,-0.16177538439015518,0.002864217465476102
4,16,corto,roc_168,237,-0.16832373473520398,-0.0020754426076180204,1.0808696192444973,1.0475882503496337,0.0,1.0,False,-0.16177538439015518,0.002864217465476102
4,16,corto,roc_720,237,-0.16169794104806712,-0.0020424785163908254,1.0720745147195592,0.9988554081854264,0.0,1.0,False,-0.16177538439015518,0.002864217465476102
4,16,corto,compresion,237,-0.16053659035214124,-0.0019666852128709215,1.1107251888581742,1.0743999919158438,0.0,1.0,False,-0.16177538439015518,0.002864217465476102
4,16,corto,dd_168,237,-0.19087325065972913,-0.0020185045044829337,0.8661585636441915,0.9888605282228431,0.0,1.0,False,-0.16177538439015518,0.002864217465476102
4,16,corto,dd_720,237,-0.1959924794008855,-0.002046513931238592,0.8864144984228133,1.0141970579359145,0.0,1.0,False,-0.16177538439015518,0.002864217465476102
4,16,corto,pos_168,237,-0.1736417097186967,-0.0020834175975509416,1.02861791115441,1.0274951813415698,0.0,1.0,False,-0.16177538439015518,0.002864217465476102
4,16,corto,desbal,237,-0.15818603964896397,-0.0019380137865451026,0.9971397766046819,0.9764494973297769,0.0,1.0,False,-0.16177538439015518,0.002864217465476102
4,16,corto,desbal_24,237,-0.1711494978816597,-0.002071286969040614,0.992550198776895,0.989854245796455,0.0,1.0,False,-0.16177538439015518,0.002864217465476102
4,16,corto,desbal_168,237,-0.17097540179885123,-0.0020704419454889707,0.9867078512038867,0.9931143041127835,0.0,1.0,False,-0.16177538439015518,0.002864217465476102
4,16,corto,ticket_rel,237,-0.16692023300413977,-0.0020391039881301446,1.0130276373569471,0.9938980077188508,0.0,1.0,False,-0.16177538439015518,0.002864217465476102
4,16,corto,turnover,237,-0.1668139328465472,-0.0020104161648776837,1.0550563364866465,1.0362905900654733,0.0,1.0,False,-0.16177538439015518,0.002864217465476102
4,16,corto,n_surge,237,-0.16526523277952607,-0.0020115060711261034,1.058237694810421,1.039981910738975,0.0,1.0,False,-0.16177538439015518,0.002864217465476102
4,16,corto,oi_chg_1h,185,-0.15934345522672844,-0.0019463040656761948,1.0116912609326811,0.9806570562024726,0.005405405405405406,1.0,False,-0.16177538439015518,0.002864217465476102
4,16,corto,oi_chg_4h,185,-0.16055693870699805,-0.001944411430466135,1.0103176913564837,0.9830978654190035,0.0,1.0,False,-0.16177538439015518,0.002864217465476102
4,16,corto,oi_chg_24h,185,-0.16723246114643678,-0.0020000536496649,1.0357331595796355,1.0174332194347835,0.0,1.0,False,-0.16177538439015518,0.002864217465476102
4,16,corto,oi_z,183,-0.15925484221959635,-0.0019512391803600552,0.9930933186999963,0.9726156272717154,0.00546448087431694,1.0,False,-0.16177538439015518,0.002864217465476102
4,16,corto,oi_rel_168,184,-0.1696299011508923,-0.0020258794382523797,1.061718536059268,1.0517923875858592,0.0,1.0,False,-0.16177538439015518,0.002864217465476102
4,16,corto,tt_cuentas,185,-0.16586472694342058,-0.0019154676839138686,0.9390396440457907,0.9743587478412935,0.0,1.0,False,-0.16177538439015518,0.002864217465476102
4,16,corto,tt_cuentas_chg24,185,-0.16416433861961083,-0.0020663684988162464,1.005523700846821,0.978650059658816,0.0,1.0,False,-0.16177538439015518,0.002864217465476102
4,16,corto,tt_cuentas_pct,184,-0.15637552468796917,-0.0019415157498743835,0.9891277826957022,0.9582929741164805,0.0,1.0,False,-0.16177538439015518,0.002864217465476102
4,16,corto,tt_pos,185,-0.15465245807474456,-0.0018963526629698492,0.9989394672893431,0.9757882608875635,0.0,1.0,False,-0.16177538439015518,0.002864217465476102
4,16,corto,tt_pos_chg24,185,-0.1561196964084139,-0.001957624068226939,1.0179022590486797,0.9806518479195547,0.005405405405405406,1.0,False,-0.16177538439015518,0.002864217465476102
4,16,corto,tt_pos_pct,184,-0.1555698370768038,-0.001916291372232521,1.0012974076431893,0.9703374060094541,0.005434782608695652,1.0,False,-0.16177538439015518,0.002864217465476102
4,16,corto,ls_cuentas,185,-0.16291819186860418,-0.0019063228450434675,0.9473043387762722,0.972669618620599,0.0,1.0,False,-0.16177538439015518,0.002864217465476102
4,16,corto,ls_cuentas_chg24,185,-0.16072044285290146,-0.001990030286921786,1.0082630236685814,0.979629226437143,0.0,1.0,False,-0.16177538439015518,0.002864217465476102
4,16,corto,ls_cuentas_pct,184,-0.15556876875263814,-0.0019386465807283686,0.9916273794498149,0.9602488287111132,0.0,1.0,False,-0.16177538439015518,0.002864217465476102
4,16,corto,taker,185,-0.1651327456889272,-0.002002169718761279,1.000038515788828,0.979620460262087,0.0,1.0,False,-0.16177538439015518,0.002864217465476102
4,16,corto,taker_chg24,185,-0.16567654481633845,-0.0020018805779292996,0.9990992695476189,0.977610023197696,0.0,1.0,False,-0.16177538439015518,0.002864217465476102
4,16,corto,taker_pct,184,-0.1637114685364187,-0.001998767658037465,1.0036621922779925,0.9777392742230179,0.0,1.0,False,-0.16177538439015518,0.002864217465476102
4,16,corto,atr_24 ~ sin roc_24,237,-0.13233889485302439,-0.002003408304421555,1.286388591318484,1.0471018338436462,0.008438818565400843,1.0,False,-0.16177538439015518,0.002864217465476102
4,16,corto,vol_24 ~ sin roc_24,237,-0.13341793171514596,-0.001980998302778572,1.2683356400599584,1.0476757389299092,0.012658227848101266,1.0,False,-0.16177538439015518,0.002864217465476102
4,16,corto,vol_168 ~ sin roc_24,237,-0.13405779591645958,-0.002044453566465363,1.2569250199437976,1.0114555411507467,0.004219409282700422,1.0,False,-0.16177538439015518,0.002864217465476102
4,16,corto,rango_168 ~ sin roc_24,237,-0.1362661673066056,-0.0020235200054776886,1.2293731060077344,1.0189724789939567,0.004219409282700422,1.0,False,-0.16177538439015518,0.002864217465476102
4,16,corto,roc_72 ~ sin roc_24,237,-0.16613146470222154,-0.002040928860790819,1.0497971450804797,1.0239344354134987,0.0,1.0,False,-0.16177538439015518,0.002864217465476102
4,16,corto,roc_168 ~ sin roc_24,237,-0.16789464252213548,-0.0020950249298693126,1.0600463990740265,1.0288494953140175,0.0,1.0,False,-0.16177538439015518,0.002864217465476102
4,16,corto,roc_720 ~ sin roc_24,237,-0.1606827479766799,-0.0020339295062886758,1.0632848325954742,0.991443403978042,0.004219409282700422,1.0,False,-0.16177538439015518,0.002864217465476102
4,16,corto,compresion ~ sin roc_24,237,-0.16151029651347518,-0.001974520567125312,1.0867580154051328,1.0576632122434,0.0,1.0,False,-0.16177538439015518,0.002864217465476102
4,16,corto,dd_168 ~ sin roc_24,237,-0.19205967869719504,-0.0020349773872528967,0.861377210830481,0.9742661127552177,0.0,1.0,False,-0.16177538439015518,0.002864217465476102
4,16,corto,dd_720 ~ sin roc_24,237,-0.19573698627773647,-0.0020726912776033754,0.8872666156909513,1.0045603053134498,0.0,1.0,False,-0.16177538439015518,0.002864217465476102
4,16,corto,pos_168 ~ sin roc_24,237,-0.1745179337766989,-0.0021062270416562262,1.0184755941844494,1.0101468705631158,0.0,1.0,False,-0.16177538439015518,0.002864217465476102
4,16,corto,desbal ~ sin roc_24,237,-0.1609432271063759,-0.001963237689268584,0.9933070731557351,0.9726618712762836,0.0,1.0,False,-0.16177538439015518,0.002864217465476102
4,16,corto,desbal_24 ~ sin roc_24,237,-0.17055195286050645,-0.0020666524116494216,0.9856493503332905,0.9812578597587722,0.0,1.0,False,-0.16177538439015518,0.002864217465476102
4,16,corto,desbal_168 ~ sin roc_24,237,-0.17163778742008887,-0.002084636350391356,0.9872167628129564,0.9902313023302657,0.0,1.0,False,-0.16177538439015518,0.002864217465476102
4,16,corto,ticket_rel ~ sin roc_24,237,-0.16691636371968424,-0.0020469645852884753,1.0100242384611129,0.9900098715343602,0.0,1.0,False,-0.16177538439015518,0.002864217465476102
4,16,corto,turnover ~ sin roc_24,237,-0.1626315157812256,-0.0020013360321041846,1.0358827012507525,1.011987134343817,0.0,1.0,False,-0.16177538439015518,0.002864217465476102
4,16,corto,n_surge ~ sin roc_24,237,-0.16142799980645914,-0.002001767493680849,1.0373425503927678,1.0135494380567995,0.0,1.0,False,-0.16177538439015518,0.002864217465476102
4,16,corto,oi_chg_1h ~ sin roc_24,185,-0.15963162368481007,-0.001963724786708945,1.009035222293048,0.976431865159394,0.0,1.0,False,-0.16177538439015518,0.002864217465476102
4,16,corto,oi_chg_4h ~ sin roc_24,185,-0.16004791707713173,-0.0019540271984548187,1.0057984308050678,0.9746108289268213,0.0,1.0,False,-0.16177538439015518,0.002864217465476102
4,16,corto,oi_chg_24h ~ sin roc_24,185,-0.1648068689628631,-0.0020110343478279024,1.0115151556411628,0.9915765149883382,0.0,1.0,False,-0.16177538439015518,0.002864217465476102
4,16,corto,oi_z ~ sin roc_24,183,-0.15737093755366913,-0.0019483390615540348,0.9932527524228472,0.9696720675145606,0.00546448087431694,1.0,False,-0.16177538439015518,0.002864217465476102
4,16,corto,oi_rel_168 ~ sin roc_24,184,-0.16823622214213235,-0.002035038833396312,1.0432626039162478,1.0321405076864072,0.0,1.0,False,-0.16177538439015518,0.002864217465476102
4,16,corto,tt_cuentas ~ sin roc_24,185,-0.1679811522019143,-0.0019457632306752696,0.9415876079212625,0.9795795461576174,0.0,1.0,False,-0.16177538439015518,0.002864217465476102
4,16,corto,tt_cuentas_chg24 ~ sin roc_24,185,-0.16471274598516433,-0.0020438138435237103,1.0203196593971957,0.9930958564956165,0.0,1.0,False,-0.16177538439015518,0.002864217465476102
4,16,corto,tt_cuentas_pct ~ sin roc_24,184,-0.15880275766032387,-0.0019507227274781216,0.9919203725356559,0.9653491532879312,0.0,1.0,False,-0.16177538439015518,0.002864217465476102
4,16,corto,tt_pos ~ sin roc_24,185,-0.15548216223803704,-0.0018993907070681871,1.0001687112299373,0.978280029302731,0.0,1.0,False,-0.16177538439015518,0.002864217465476102
4,16,corto,tt_pos_chg24 ~ sin roc_24,185,-0.15596864016357634,-0.001954034132845145,1.0218663381383384,0.984932204572362,0.005405405405405406,1.0,False,-0.16177538439015518,0.002864217465476102
4,16,corto,tt_pos_pct ~ sin roc_24,184,-0.15678294860631456,-0.0019247962069203655,1.0002566850952028,0.9707115935425512,0.0,1.0,False,-0.16177538439015518,0.002864217465476102
4,16,corto,ls_cuentas ~ sin roc_24,185,-0.1664622450960982,-0.001959390211736605,0.9498951895782219,0.9782042516741396,0.0,1.0,False,-0.16177538439015518,0.002864217465476102
4,16,corto,ls_cuentas_chg24 ~ sin roc_24,185,-0.16200400946859475,-0.0019849514122888125,1.0241622445997394,0.9948753521085818,0.0,1.0,False,-0.16177538439015518,0.002864217465476102
4,16,corto,ls_cuentas_pct ~ sin roc_24,184,-0.1562591772980627,-0.001935511337146463,0.9942114900797961,0.9672053135396119,0.005434782608695652,1.0,False,-0.16177538439015518,0.002864217465476102
4,16,corto,taker ~ sin roc_24,185,-0.16379692209817892,-0.0019875839391752153,1.0052111951582454,0.9826484473758967,0.0,1.0,False,-0.16177538439015518,0.002864217465476102
4,16,corto,taker_chg24 ~ sin roc_24,185,-0.166091248285427,-0.00201586436173001,1.0001134263454277,0.9790304643412033,0.0,1.0,False,-0.16177538439015518,0.002864217465476102
4,16,corto,taker_pct ~ sin roc_24,184,-0.16315457607987033,-0.0019799338554648814,1.0012221496705678,0.9763465131788964,0.0,1.0,False,-0.16177538439015518,0.002864217465476102
4,16,corto,atr_24 [bajo],237,-0.1996914059399592,-0.0019551101688132073,0.7755635788693677,0.9157922626672508,0.0,1.0,False,-0.16177538439015518,0.002864217465476102
4,16,corto,vol_24 [bajo],237,-0.19663372966085527,-0.001966609509375745,0.7798217159268435,0.9135580121432588,0.0,1.0,False,-0.16177538439015518,0.002864217465476102
4,16,corto,vol_168 [bajo],237,-0.20070923277871022,-0.001951701004822442,0.7861720199310976,0.9469522743172769,0.0,1.0,False,-0.16177538439015518,0.002864217465476102
4,16,corto,rango_168 [bajo],237,-0.1946534716267929,-0.001955527737008399,0.8032910538916186,0.941622229090781,0.0,1.0,False,-0.16177538439015518,0.002864217465476102
4,16,corto,roc_24 [bajo],237,-0.15781751320456605,-0.002037306691004801,1.0133051041283732,0.9553097066713554,0.004219409282700422,1.0,False,-0.16177538439015518,0.002864217465476102
4,16,corto,roc_72 [bajo],237,-0.15384067168679041,-0.0019789718222018656,0.9946404625814492,0.9323747118371932,0.012658227848101266,1.0,False,-0.16177538439015518,0.002864217465476102
4,16,corto,roc_168 [bajo],237,-0.15277233698884796,-0.0019542415927440576,0.9928025846033847,0.9296927125071214,0.008438818565400843,1.0,False,-0.16177538439015518,0.002864217465476102
4,16,corto,roc_720 [bajo],237,-0.15697580492927937,-0.001972430809162105,0.9962331523953218,0.9639931362200225,0.0,1.0,False,-0.16177538439015518,0.002864217465476102
4,16,corto,compresion [bajo],237,-0.16029225822652457,-0.002031184598638052,0.9410076325893423,0.9030195872590754,0.0,1.0,False,-0.16177538439015518,0.002864217465476102
4,16,corto,dd_168 [bajo],237,-0.13651079597543087,-0.001991439071342741,1.1507257635116346,0.97347267477382,0.012658227848101266,1.0,False,-0.16177538439015518,0.002864217465476102
4,16,corto,dd_720 [bajo],237,-0.13532330317024271,-0.001981416697096218,1.116172523584278,0.9489550750783889,0.016877637130801686,1.0,False,-0.16177538439015518,0.002864217465476102
4,16,corto,pos_168 [bajo],237,-0.14779221074789545,-0.00192063552024928,1.0082615648031263,0.9379322213570438,0.012658227848101266,1.0,False,-0.16177538439015518,0.002864217465476102
4,16,corto,desbal [bajo],237,-0.16271735337415552,-0.0020570151891419865,1.003931155137955,0.9758928012076094,0.0,1.0,False,-0.16177538439015518,0.002864217465476102
4,16,corto,desbal_24 [bajo],237,-0.1538686415707281,-0.0019563182129984018,1.0002174946818987,0.9628817381146144,0.0,1.0,False,-0.16177538439015518,0.002864217465476102
4,16,corto,desbal_168 [bajo],237,-0.153217335297101,-0.0019190678306726997,0.9985188118498673,0.9640276193328121,0.0,1.0,False,-0.16177538439015518,0.002864217465476102
4,16,corto,ticket_rel [bajo],237,-0.15585720232619552,-0.001970752465834541,0.9917312154286801,0.963801840779753,0.008438818565400843,1.0,False,-0.16177538439015518,0.002864217465476102
4,16,corto,turnover [bajo],237,-0.15501850622700647,-0.002004050228409556,0.9817801074164516,0.9327283118186005,0.008438818565400843,1.0,False,-0.16177538439015518,0.002864217465476102
4,16,corto,n_surge [bajo],237,-0.15416209853822352,-0.00199856861937316,0.9843587186959117,0.9303877439872463,0.004219409282700422,1.0,False,-0.16177538439015518,0.002864217465476102
4,16,corto,oi_chg_1h [bajo],185,-0.16902728151964824,-0.0020945774808018855,1.0413664398405797,0.9967267097172668,0.0,1.0,False,-0.16177538439015518,0.002864217465476102
4,16,corto,oi_chg_4h [bajo],185,-0.16692548278325942,-0.0020896729218258837,1.045613525577987,0.9960318997173647,0.0,1.0,False,-0.16177538439015518,0.002864217465476102
4,16,corto,oi_chg_24h [bajo],185,-0.16230657302285637,-0.0020385370877238273,1.0236564520445117,0.9669493206241787,0.0,1.0,False,-0.16177538439015518,0.002864217465476102
4,16,corto,oi_z [bajo],183,-0.17014578892986207,-0.0020461191630639485,1.0273059288339916,0.9989043262044288,0.0,1.0,False,-0.16177538439015518,0.002864217465476102
4,16,corto,oi_rel_168 [bajo],184,-0.15797494520559516,-0.0020318745487993527,1.0065118394146737,0.9293532827319252,0.0,1.0,False,-0.16177538439015518,0.002864217465476102
4,16,corto,tt_cuentas [bajo],185,-0.16540558384664744,-0.0021274409478258217,1.0878475918263253,0.985237039272015,0.0,1.0,False,-0.16177538439015518,0.002864217465476102
4,16,corto,tt_cuentas_chg24 [bajo],185,-0.16808045462507912,-0.0020201557732625053,1.011820054784757,0.9950296308561579,0.0,1.0,False,-0.16177538439015518,0.002864217465476102
4,16,corto,tt_cuentas_pct [bajo],184,-0.17395990304460715,-0.002091920334067354,1.0250169723984077,1.0050563414389821,0.0,1.0,False,-0.16177538439015518,0.002864217465476102
4,16,corto,tt_pos [bajo],185,-0.17953411028110555,-0.0021523335795691732,0.9896178542911688,0.9840129000537664,0.0,1.0,False,-0.16177538439015518,0.002864217465476102
4,16,corto,tt_pos_chg24 [bajo],185,-0.16882527454739646,-0.0020549403311732745,1.0191360738904287,0.9916871143786663,0.0,1.0,False,-0.16177538439015518,0.002864217465476102
4,16,corto,tt_pos_pct [bajo],184,-0.1700630243034574,-0.002082132205928085,1.0149247191158748,0.9921897311887149,0.0,1.0,False,-0.16177538439015518,0.002864217465476102
4,16,corto,ls_cuentas [bajo],185,-0.16696650488174605,-0.0021211923316299054,1.0746091644989142,0.9867810556246451,0.0,1.0,False,-0.16177538439015518,0.002864217465476102
4,16,corto,ls_cuentas_chg24 [bajo],185,-0.16928235313259984,-0.00204635386605698,1.0126664880574123,0.9945361574641325,0.0,1.0,False,-0.16177538439015518,0.002864217465476102
4,16,corto,ls_cuentas_pct [bajo],184,-0.1746452455185388,-0.0021139651299722315,1.0231637457099585,1.0055671150841081,0.0,1.0,False,-0.16177538439015518,0.002864217465476102
4,16,corto,taker [bajo],185,-0.16176528122377148,-0.001980338508649445,0.9987024482332477,0.9768574337743405,0.0,1.0,False,-0.16177538439015518,0.002864217465476102
4,16,corto,taker_chg24 [bajo],185,-0.16295392590928762,-0.0019978069889341286,1.0010831200010273,0.979487784968369,0.0,1.0,False,-0.16177538439015518,0.002864217465476102
4,16,corto,taker_pct [bajo],184,-0.15798597867190703,-0.0019539423746276264,1.0054039894574602,0.9763402325243418,0.0,1.0,False,-0.16177538439015518,0.002864217465476102
4,16,corto,atr_24 ~ sin roc_24 [bajo],237,-0.20043745591560516,-0.0019920637198962885,0.7874503478490777,0.9276431449622043,0.0,1.0,False,-0.16177538439015518,0.002864217465476102
4,16,corto,vol_24 ~ sin roc_24 [bajo],237,-0.1952637883810283,-0.0019940618137057366,0.7989530792602494,0.9269494915193874,0.0,1.0,False,-0.16177538439015518,0.002864217465476102
4,16,corto,vol_168 ~ sin roc_24 [bajo],237,-0.20190030935737988,-0.0019983433873588616,0.8009542320427513,0.9545086847049755,0.0,1.0,False,-0.16177538439015518,0.002864217465476102
4,16,corto,rango_168 ~ sin roc_24 [bajo],237,-0.19531978074857473,-0.0020038118330222296,0.8237001698900018,0.9487201697257444,0.0,1.0,False,-0.16177538439015518,0.002864217465476102
4,16,corto,roc_72 ~ sin roc_24 [bajo],237,-0.15529516235670038,-0.00198845533071093,1.0047300411683178,0.9491900863413403,0.004219409282700422,1.0,False,-0.16177538439015518,0.002864217465476102
4,16,corto,roc_168 ~ sin roc_24 [bajo],237,-0.15350672733918877,-0.0019488476822189815,0.9998443426944538,0.9435519533910095,0.008438818565400843,1.0,False,-0.16177538439015518,0.002864217465476102
4,16,corto,roc_720 ~ sin roc_24 [bajo],237,-0.1589187041898028,-0.0019885277688033052,0.999147277544133,0.9709870847032586,0.004219409282700422,1.0,False,-0.16177538439015518,0.002864217465476102
4,16,corto,compresion ~ sin roc_24 [bajo],237,-0.16127298118147684,-0.002057357423988166,0.9534234414421204,0.9143946810592982,0.004219409282700422,1.0,False,-0.16177538439015518,0.002864217465476102
4,16,corto,dd_168 ~ sin roc_24 [bajo],237,-0.13617409590138818,-0.0019991948364986643,1.1646118053334917,0.9874948094400512,0.012658227848101266,1.0,False,-0.16177538439015518,0.002864217465476102
4,16,corto,dd_720 ~ sin roc_24 [bajo],237,-0.13643376602351803,-0.001987091868054639,1.1170001208872862,0.9545896053235143,0.008438818565400843,1.0,False,-0.16177538439015518,0.002864217465476102
4,16,corto,pos_168 ~ sin roc_24 [bajo],237,-0.1493039698701915,-0.0019339007148091298,1.0115081074801753,0.9496076597830927,0.0,1.0,False,-0.16177538439015518,0.002864217465476102
4,16,corto,desbal ~ sin roc_24 [bajo],237,-0.15967675861558378,-0.002012272365192705,1.0063262256543348,0.9790204872821188,0.0,1.0,False,-0.16177538439015518,0.002864217465476102
4,16,corto,desbal_24 ~ sin roc_24 [bajo],237,-0.15438982535429085,-0.001964773574624284,1.0039416921471294,0.9702613478479123,0.0,1.0,False,-0.16177538439015518,0.002864217465476102
4,16,corto,desbal_168 ~ sin roc_24 [bajo],237,-0.15398818218006977,-0.001925596295801979,0.9973477002997889,0.9667412145680994,0.0,1.0,False,-0.16177538439015518,0.002864217465476102
4,16,corto,ticket_rel ~ sin roc_24 [bajo],237,-0.15740092504603614,-0.001987633918353929,0.9935711003502546,0.9672423086254783,0.004219409282700422,1.0,False,-0.16177538439015518,0.002864217465476102
4,16,corto,turnover ~ sin roc_24 [bajo],237,-0.15801851930308192,-0.002007739500596574,1.0019775367158354,0.9584203793486866,0.0,1.0,False,-0.16177538439015518,0.002864217465476102
4,16,corto,n_surge ~ sin roc_24 [bajo],237,-0.1569150342358104,-0.0019832514249418314,1.0036161586538472,0.956559845703917,0.004219409282700422,1.0,False,-0.16177538439015518,0.002864217465476102
4,16,corto,oi_chg_1h ~ sin roc_24 [bajo],185,-0.168214110620549,-0.0020843610208845067,1.042726976764676,1.0010587036369998,0.0,1.0,False,-0.16177538439015518,0.002864217465476102
4,16,corto,oi_chg_4h ~ sin roc_24 [bajo],185,-0.1663910719498314,-0.0020550085732919375,1.0495272778347908,1.0038946149463799,0.005405405405405406,1.0,False,-0.16177538439015518,0.002864217465476102
4,16,corto,oi_chg_24h ~ sin roc_24 [bajo],185,-0.16141314994919384,-0.0020106990710455673,1.0373892240287381,0.9883723629133006,0.0,1.0,False,-0.16177538439015518,0.002864217465476102
4,16,corto,oi_z ~ sin roc_24 [bajo],183,-0.16909809628252973,-0.002022611118827736,1.0286286120830037,1.001046810621809,0.0,1.0,False,-0.16177538439015518,0.002864217465476102
4,16,corto,oi_rel_168 ~ sin roc_24 [bajo],184,-0.15827135901647263,-0.0020111595980872384,1.0152705066133334,0.9461968644451717,0.0,1.0,False,-0.16177538439015518,0.002864217465476102
4,16,corto,tt_cuentas ~ sin roc_24 [bajo],185,-0.1633346613995525,-0.0020874261954750718,1.0734279148688002,0.9768973986650074,0.0,1.0,False,-0.16177538439015518,0.002864217465476102
4,16,corto,tt_cuentas_chg24 ~ sin roc_24 [bajo],185,-0.1645255789336163,-0.001992130605386991,0.9941371525339453,0.978230265926219,0.0,1.0,False,-0.16177538439015518,0.002864217465476102
4,16,corto,tt_cuentas_pct ~ sin roc_24 [bajo],184,-0.1725404916404905,-0.002058155284232945,1.0067413900533122,0.991438054761832,0.0,1.0,False,-0.16177538439015518,0.002864217465476102
4,16,corto,tt_pos ~ sin roc_24 [bajo],185,-0.17380609406698985,-0.0020772050324920632,0.9855320665890467,0.9793547761378346,0.0,1.0,False,-0.16177538439015518,0.002864217465476102
4,16,corto,tt_pos_chg24 ~ sin roc_24 [bajo],185,-0.16605319870874571,-0.0020110676438916167,1.0113986254426153,0.9856978418351774,0.0,1.0,False,-0.16177538439015518,0.002864217465476102
4,16,corto,tt_pos_pct ~ sin roc_24 [bajo],184,-0.17023643773395125,-0.0020698139709556833,1.0081064185204127,0.9875980786638383,0.0,1.0,False,-0.16177538439015518,0.002864217465476102
4,16,corto,ls_cuentas ~ sin roc_24 [bajo],185,-0.16477379859362534,-0.0020887571638452253,1.0606426943977552,0.9777552332536692,0.0,1.0,False,-0.16177538439015518,0.002864217465476102
4,16,corto,ls_cuentas_chg24 ~ sin roc_24 [bajo],185,-0.16635766652125958,-0.0020170610172213052,0.9938284931358127,0.977072082781963,0.0,1.0,False,-0.16177538439015518,0.002864217465476102
4,16,corto,ls_cuentas_pct ~ sin roc_24 [bajo],184,-0.17383220437597083,-0.0020962740993913757,1.0037111341691431,0.990495484120482,0.0,1.0,False,-0.16177538439015518,0.002864217465476102
4,16,corto,taker ~ sin roc_24 [bajo],185,-0.16307850779106603,-0.001985486038256891,0.9938136524031621,0.9743757605325496,0.0,1.0,False,-0.16177538439015518,0.002864217465476102
4,16,corto,taker_chg24 ~ sin roc_24 [bajo],185,-0.1623754950917153,-0.0019873557020451487,1.0009125134906949,0.9792231747227356,0.0,1.0,False,-0.16177538439015518,0.002864217465476102
4,16,corto,taker_pct ~ sin roc_24 [bajo],184,-0.15805173328749897,-0.001939766392326178,1.003731923926669,0.975661170107095,0.0,1.0,False,-0.16177538439015518,0.002864217465476102
4,16,corto,CONTROL azar 1,237,-0.16480929658034293,-0.0020316505995274393,1.0042340902319558,0.978262171474908,0.0,1.0,False,-0.16177538439015518,0.002864217465476102
4,16,corto,CONTROL azar 2,237,-0.16177538439015518,-0.0019989571791785388,1.0037166423542323,0.9782857067679886,0.0,1.0,False,-0.16177538439015518,0.002864217465476102
4,16,corto,CONTROL azar 3,237,-0.1590842818253338,-0.00198394545921059,1.00508547481923,0.9782904093830905,0.0,1.0,False,-0.16177538439015518,0.002864217465476102
8,3,largo,atr_24,251,-0.06667867953318109,-0.001142011345058928,2.033949206686814,1.3246243645302997,0.28286852589641437,1.0,False,-0.167611370945999,0.010810098116111817
8,3,largo,vol_24,251,-0.07753070546285104,-0.0011989506605358485,1.9863881285458291,1.333375005137819,0.30677290836653387,1.0,False,-0.167611370945999,0.010810098116111817
8,3,largo,vol_168,251,-0.07143302349629173,-0.0011326148141348916,1.8563909326786834,1.135759294527165,0.33067729083665337,1.0,False,-0.167611370945999,0.010810098116111817
8,3,largo,rango_168,251,-0.055941747731572074,-0.0008655528061283704,1.7807235125262402,1.1670235866387682,0.3386454183266932,1.0,False,-0.167611370945999,0.010810098116111817
8,3,largo,roc_24,251,-0.13273457422036639,-0.0017278714801744156,1.5169010850354325,1.2219220148915737,0.27091633466135456,1.0,False,-0.167611370945999,0.010810098116111817
8,3,largo,roc_72,251,-0.09492263227152085,-0.0011286126619225597,1.620722882149312,1.2851637370739053,0.30677290836653387,1.0,False,-0.167611370945999,0.010810098116111817
8,3,largo,roc_168,251,-0.09201023182262291,-0.0010758846387254912,1.6287319827470375,1.2563628044560722,0.3147410358565737,1.0,False,-0.167611370945999,0.010810098116111817
8,3,largo,roc_720,251,-0.08400026710332045,-0.0013236168094937658,1.523466135816255,1.0318993507135572,0.32270916334661354,1.0,False,-0.167611370945999,0.010810098116111817
8,3,largo,compresion,251,-0.15681495796980632,-0.001881748996851053,1.4798045133233466,1.3258247330115682,0.24302788844621515,1.0,False,-0.167611370945999,0.010810098116111817
8,3,largo,dd_168,251,-0.20662819295957205,-0.00187062349456891,0.8033946473007157,1.0188359051561753,0.16733067729083664,1.0,False,-0.167611370945999,0.010810098116111817
8,3,largo,dd_720,251,-0.19827419783987332,-0.0016111407848096032,0.8446792586959342,1.0639836218637053,0.21115537848605578,1.0,False,-0.167611370945999,0.010810098116111817
8,3,largo,pos_168,251,-0.1315885847728818,-0.001544584799387837,1.2015625848540676,1.1192155279377594,0.2908366533864542,1.0,False,-0.167611370945999,0.010810098116111817
8,3,largo,desbal,251,-0.19232549625197515,-0.002485463006671321,0.9894355625072102,0.9574421866419973,0.15139442231075698,1.0,False,-0.167611370945999,0.010810098116111817
8,3,largo,desbal_24,251,-0.14575327488046652,-0.0016112658678280635,0.9517920732678156,0.9809258477905675,0.1593625498007968,1.0,False,-0.167611370945999,0.010810098116111817
8,3,largo,desbal_168,251,-0.14531539005379573,-0.0014505706026671553,0.9114009096844324,0.9954907630197324,0.20318725099601595,1.0,False,-0.167611370945999,0.010810098116111817
8,3,largo,ticket_rel,251,-0.16149385339742842,-0.0020217931260854798,1.0340026498813188,1.0036875957980969,0.17131474103585656,1.0,False,-0.167611370945999,0.010810098116111817
8,3,largo,turnover,251,-0.13760207296057847,-0.0016277843619372802,1.3470025779920993,1.1837841581985453,0.2749003984063745,1.0,False,-0.167611370945999,0.010810098116111817
8,3,largo,n_surge,251,-0.152575230381336,-0.0018565043912529208,1.3806642551089068,1.1947452583995033,0.24701195219123506,1.0,False,-0.167611370945999,0.010810098116111817
8,3,largo,oi_chg_1h,201,-0.17254721933477166,-0.0022010842800153424,1.2467292317923953,1.0472563767019945,0.24875621890547264,1.0,False,-0.167611370945999,0.010810098116111817
8,3,largo,oi_chg_4h,201,-0.14745003807165696,-0.0019737970111738065,1.2624858160435548,1.0723171564251788,0.2885572139303483,1.0,False,-0.167611370945999,0.010810098116111817
8,3,largo,oi_chg_24h,201,-0.09072091158468414,-0.0011738024422731622,1.4652430620147683,1.217866442530177,0.32338308457711445,1.0,False,-0.167611370945999,0.010810098116111817
8,3,largo,oi_z,200,-0.193644826546777,-0.002307705775331182,1.072019196500578,1.0091529325493174,0.21,1.0,False,-0.167611370945999,0.010810098116111817
8,3,largo,oi_rel_168,201,-0.08816109008383347,-0.0010437738294613351,1.6093433565039512,1.3217095529730385,0.29850746268656714,1.0,False,-0.167611370945999,0.010810098116111817
8,3,largo,tt_cuentas,190,-0.2113427053291957,-0.00227319979404667,0.8998938859792538,0.9811064927920901,0.08421052631578947,1.0,False,-0.167611370945999,0.010810098116111817
8,3,largo,tt_cuentas_chg24,190,-0.16762259320494977,-0.0018564037317713874,1.0719652230156977,1.0154045029850098,0.15789473684210525,1.0,False,-0.167611370945999,0.010810098116111817
8,3,largo,tt_cuentas_pct,189,-0.17881667537667897,-0.001882990427336615,0.9938917667790093,0.9618124653381147,0.14814814814814814,1.0,False,-0.167611370945999,0.010810098116111817
8,3,largo,tt_pos,190,-0.21106319566746753,-0.0024206338408795888,0.9785832866299242,0.9554688846180064,0.1,1.0,False,-0.167611370945999,0.010810098116111817
8,3,largo,tt_pos_chg24,190,-0.19949586436729572,-0.002278096212726699,1.108034035986032,1.0093385843552132,0.14210526315789473,1.0,False,-0.167611370945999,0.010810098116111817
8,3,largo,tt_pos_pct,189,-0.2272765602635739,-0.0025230363212548072,1.0137495691335159,0.9744684127755739,0.06878306878306878,1.0,False,-0.167611370945999,0.010810098116111817
8,3,largo,ls_cuentas,201,-0.21553365226444254,-0.0023009488603461087,0.8959328256771052,0.969124419809743,0.07960199004975124,1.0,False,-0.167611370945999,0.010810098116111817
8,3,largo,ls_cuentas_chg24,201,-0.18737604394329194,-0.002121437286750144,1.096620158419703,1.0148316072931594,0.11940298507462686,1.0,False,-0.167611370945999,0.010810098116111817
8,3,largo,ls_cuentas_pct,201,-0.19375589398773108,-0.002117804432940364,1.0081178900002892,0.9628824597940591,0.11940298507462686,1.0,False,-0.167611370945999,0.010810098116111817
8,3,largo,taker,201,-0.18696949296237889,-0.002154029076994732,0.9718906248178493,0.9596727514144923,0.13930348258706468,1.0,False,-0.167611370945999,0.010810098116111817
8,3,largo,taker_chg24,201,-0.18674335759567703,-0.002234175664610896,0.9712761772251021,0.9609539115830049,0.11940298507462686,1.0,False,-0.167611370945999,0.010810098116111817
8,3,largo,taker_pct,200,-0.17825947407573622,-0.0021278974556678087,1.0240154579582694,0.9670941115671202,0.145,1.0,False,-0.167611370945999,0.010810098116111817
8,3,largo,atr_24 ~ sin roc_24,251,-0.10498350016731654,-0.001645037450738586,1.8890856006885002,1.2401204169371915,0.30278884462151395,1.0,False,-0.167611370945999,0.010810098116111817
8,3,largo,vol_24 ~ sin roc_24,251,-0.12247293818428928,-0.0019228638625588144,1.83730529193036,1.2507257869429416,0.2788844621513944,1.0,False,-0.167611370945999,0.010810098116111817
8,3,largo,vol_168 ~ sin roc_24,251,-0.10912666158509203,-0.0018217860534683332,1.7273618374886688,1.1098913615050732,0.30278884462151395,1.0,False,-0.167611370945999,0.010810098116111817
8,3,largo,rango_168 ~ sin roc_24,251,-0.09116592108088667,-0.0014215289397213721,1.6561534656398536,1.1275873819867848,0.3187250996015936,1.0,False,-0.167611370945999,0.010810098116111817
8,3,largo,roc_72 ~ sin roc_24,251,-0.10561757765644093,-0.001341096822642634,1.4854197333703196,1.1869054535135417,0.2868525896414343,1.0,False,-0.167611370945999,0.010810098116111817
8,3,largo,roc_168 ~ sin roc_24,251,-0.1103068518862875,-0.0013414254682109486,1.513440026816833,1.182114035846371,0.2589641434262948,1.0,False,-0.167611370945999,0.010810098116111817
8,3,largo,roc_720 ~ sin roc_24,251,-0.10660222231717026,-0.001710068499635552,1.4597340442346498,1.0108410700343216,0.2948207171314741,1.0,False,-0.167611370945999,0.010810098116111817
8,3,largo,compresion ~ sin roc_24,251,-0.17013496433080869,-0.002042912039858831,1.3342583881197536,1.2532187360897318,0.22310756972111553,1.0,False,-0.167611370945999,0.010810098116111817
8,3,largo,dd_168 ~ sin roc_24,251,-0.20764014418621884,-0.0018629330654124472,0.745692500177122,0.9807468709620579,0.1553784860557769,1.0,False,-0.167611370945999,0.010810098116111817
8,3,largo,dd_720 ~ sin roc_24,251,-0.19758655651323787,-0.0017609441937814331,0.8064610062493791,1.0276008426896208,0.18725099601593626,1.0,False,-0.167611370945999,0.010810098116111817
8,3,largo,pos_168 ~ sin roc_24,251,-0.1202883191000147,-0.0013690888351122062,1.093618776278946,1.0580366438917217,0.24302788844621515,1.0,False,-0.167611370945999,0.010810098116111817
8,3,largo,desbal ~ sin roc_24,251,-0.18688381508918037,-0.0023702817433412402,0.9806062765745803,0.9524043351610612,0.15139442231075698,1.0,False,-0.167611370945999,0.010810098116111817
8,3,largo,desbal_24 ~ sin roc_24,251,-0.14834693006826546,-0.0017013073999999737,0.935474034391058,0.9681903074246648,0.17928286852589642,1.0,False,-0.167611370945999,0.010810098116111817
8,3,largo,desbal_168 ~ sin roc_24,251,-0.14251972430931145,-0.0015381022346395014,0.9107438044406585,0.987976817699405,0.23107569721115537,1.0,False,-0.167611370945999,0.010810098116111817
8,3,largo,ticket_rel ~ sin roc_24,251,-0.15631691257038022,-0.0019171401688060261,1.0127602757420737,0.991816313343575,0.16334661354581673,1.0,False,-0.167611370945999,0.010810098116111817
8,3,largo,turnover ~ sin roc_24,251,-0.15435453306294186,-0.0018089972741275478,1.2699896720487258,1.1353401643445324,0.21912350597609562,1.0,False,-0.167611370945999,0.010810098116111817
8,3,largo,n_surge ~ sin roc_24,251,-0.180788574236112,-0.0021823559260963224,1.2967896408174753,1.1404599682398622,0.22310756972111553,1.0,False,-0.167611370945999,0.010810098116111817
8,3,largo,oi_chg_1h ~ sin roc_24,201,-0.18286224148414293,-0.0023418615058376406,1.2135031927220123,1.030585316752679,0.208955223880597,1.0,False,-0.167611370945999,0.010810098116111817
8,3,largo,oi_chg_4h ~ sin roc_24,201,-0.17752025455223958,-0.002196177850069284,1.2170449570033812,1.0436218920179239,0.23880597014925373,1.0,False,-0.167611370945999,0.010810098116111817
8,3,largo,oi_chg_24h ~ sin roc_24,201,-0.12040874843255055,-0.0014597291457806567,1.2683001027878364,1.1147660900473364,0.27860696517412936,1.0,False,-0.167611370945999,0.010810098116111817
8,3,largo,oi_z ~ sin roc_24,200,-0.20501506741284473,-0.002420344536547093,1.0404954139533664,0.9963333176001881,0.19,1.0,False,-0.167611370945999,0.010810098116111817
8,3,largo,oi_rel_168 ~ sin roc_24,201,-0.12446937636074511,-0.001477449583802134,1.4800746182018607,1.249147669324439,0.24875621890547264,1.0,False,-0.167611370945999,0.010810098116111817
8,3,largo,tt_cuentas ~ sin roc_24,190,-0.2020285703782765,-0.002167422847483824,0.8983345788016165,0.980239784367433,0.1,1.0,False,-0.167611370945999,0.010810098116111817
8,3,largo,tt_cuentas_chg24 ~ sin roc_24,190,-0.17665182499083504,-0.001946759392903284,1.0925001504006666,1.0295719129447172,0.13157894736842105,1.0,False,-0.167611370945999,0.010810098116111817
8,3,largo,tt_cuentas_pct ~ sin roc_24,189,-0.21427493281114604,-0.0024107333493036437,1.0100364199858773,0.9724850994749173,0.1164021164021164,1.0,False,-0.167611370945999,0.010810098116111817
8,3,largo,tt_pos ~ sin roc_24,190,-0.20779788133925006,-0.0023630616440621704,0.9710604643104057,0.9529704001462472,0.09473684210526316,1.0,False,-0.167611370945999,0.010810098116111817
8,3,largo,tt_pos_chg24 ~ sin roc_24,190,-0.18495085312769832,-0.0020960202686900477,1.1080359823000292,1.0096829781982133,0.16842105263157894,1.0,False,-0.167611370945999,0.010810098116111817
8,3,largo,tt_pos_pct ~ sin roc_24,189,-0.2180183134405433,-0.0024689393384993313,1.027534459419881,0.9814462516546034,0.14285714285714285,1.0,False,-0.167611370945999,0.010810098116111817
8,3,largo,ls_cuentas ~ sin roc_24,201,-0.20555102620608717,-0.002147799578290301,0.8906134929866464,0.9696787453534601,0.07960199004975124,1.0,False,-0.167611370945999,0.010810098116111817
8,3,largo,ls_cuentas_chg24 ~ sin roc_24,201,-0.19138837404292214,-0.0022644781978495183,1.1235426691580135,1.0314599612976798,0.13930348258706468,1.0,False,-0.167611370945999,0.010810098116111817
8,3,largo,ls_cuentas_pct ~ sin roc_24,201,-0.22478759228445364,-0.002612354780016151,1.014830128968851,0.9694830409995696,0.11940298507462686,1.0,False,-0.167611370945999,0.010810098116111817
8,3,largo,taker ~ sin roc_24,201,-0.18555071397267298,-0.0021622487030475935,0.9704876227775057,0.958587090262394,0.15920398009950248,1.0,False,-0.167611370945999,0.010810098116111817
8,3,largo,taker_chg24 ~ sin roc_24,201,-0.17977523626591055,-0.0021146912920435358,0.9777261054372842,0.9624266736220589,0.1791044776119403,1.0,False,-0.167611370945999,0.010810098116111817
8,3,largo,taker_pct ~ sin roc_24,200,-0.18689849476259637,-0.002217622656221252,1.0155574630778366,0.9660168675304046,0.115,1.0,False,-0.167611370945999,0.010810098116111817
8,3,largo,atr_24 [bajo],251,-0.2642668443419615,-0.001854368978654283,0.5094979265606127,0.8996239457351051,0.12749003984063745,1.0,False,-0.167611370945999,0.010810098116111817
8,3,largo,vol_24 [bajo],251,-0.26381303410140283,-0.0019290450909861857,0.5200868995518917,0.8836928668940562,0.10358565737051793,1.0,False,-0.167611370945999,0.010810098116111817
8,3,largo,vol_168 [bajo],251,-0.2775466836181132,-0.0019559640853061395,0.5261370046533905,0.9328411240924086,0.09561752988047809,1.0,False,-0.167611370945999,0.010810098116111817
8,3,largo,rango_168 [bajo],251,-0.263218647385932,-0.0019360273788343323,0.5571449177183985,0.9254411832377576,0.10358565737051793,1.0,False,-0.167611370945999,0.010810098116111817
8,3,largo,roc_24 [bajo],251,-0.1516619001934332,-0.0019347821514279372,1.2902399796162234,1.0258956570632103,0.22310756972111553,1.0,False,-0.167611370945999,0.010810098116111817
8,3,largo,roc_72 [bajo],251,-0.1417770392232891,-0.0018404715295436123,1.195924363853438,0.9527562185981687,0.23904382470119523,1.0,False,-0.167611370945999,0.010810098116111817
8,3,largo,roc_168 [bajo],251,-0.1488362979986417,-0.002038478447315044,1.1569776165277013,0.9324163197660664,0.18725099601593626,1.0,False,-0.167611370945999,0.010810098116111817
8,3,largo,roc_720 [bajo],251,-0.14710275926797925,-0.00205745735647469,1.1516545387898327,0.9643144452438972,0.16733067729083664,1.0,False,-0.167611370945999,0.010810098116111817
8,3,largo,compresion [bajo],251,-0.1550370048327954,-0.0018673980623339266,0.9413022914951018,0.8746363152231202,0.17928286852589642,1.0,False,-0.167611370945999,0.010810098116111817
8,3,largo,dd_168 [bajo],251,-0.11302025666131106,-0.001674983074470093,1.4612333407149953,1.0108632184888495,0.3187250996015936,1.0,False,-0.167611370945999,0.010810098116111817
8,3,largo,dd_720 [bajo],251,-0.1296454320815149,-0.0019206899344309462,1.3169118561125335,0.9395672030267963,0.24302788844621515,1.0,False,-0.167611370945999,0.010810098116111817
8,3,largo,pos_168 [bajo],251,-0.17704651804695898,-0.0022469360416019052,1.0747460669495037,0.9265061054350384,0.19123505976095617,1.0,False,-0.167611370945999,0.010810098116111817
8,3,largo,desbal [bajo],251,-0.12826479140993086,-0.001374478376091183,1.0081256344140284,0.9635457731615856,0.19123505976095617,1.0,False,-0.167611370945999,0.010810098116111817
8,3,largo,desbal_24 [bajo],251,-0.1716046937525898,-0.0020156053184150133,0.9792168725058886,0.9394052569554787,0.12749003984063745,1.0,False,-0.167611370945999,0.010810098116111817
8,3,largo,desbal_168 [bajo],251,-0.18533436372662104,-0.0023210176631914188,0.9976920620862235,0.9529876033345628,0.11155378486055777,1.0,False,-0.167611370945999,0.010810098116111817
8,3,largo,ticket_rel [bajo],251,-0.17068782387295756,-0.002103342513750531,0.996125602255648,0.947935356623345,0.11952191235059761,1.0,False,-0.167611370945999,0.010810098116111817
8,3,largo,turnover [bajo],251,-0.1498696985814553,-0.0020162560264463843,1.0244381230849493,0.9099316580293589,0.20318725099601595,1.0,False,-0.167611370945999,0.010810098116111817
8,3,largo,n_surge [bajo],251,-0.1622808637735229,-0.002237017886056107,1.0449547029004782,0.9090646114326864,0.16733067729083664,1.0,False,-0.167611370945999,0.010810098116111817
8,3,largo,oi_chg_1h [bajo],201,-0.12721984167667336,-0.0016913456666154886,1.3380094084972483,1.0919904894983885,0.23880597014925373,1.0,False,-0.167611370945999,0.010810098116111817
8,3,largo,oi_chg_4h [bajo],201,-0.1291049969147272,-0.001514570812002019,1.3516620161780064,1.0972372739798626,0.24875621890547264,1.0,False,-0.167611370945999,0.010810098116111817
8,3,largo,oi_chg_24h [bajo],201,-0.14459227069969668,-0.0019576044825467755,1.254828619298487,1.031086322008036,0.17412935323383086,1.0,False,-0.167611370945999,0.010810098116111817
8,3,largo,oi_z [bajo],200,-0.16207432418691547,-0.0018548056168524465,1.1245644705536528,1.0459563191359353,0.19,1.0,False,-0.167611370945999,0.010810098116111817
8,3,largo,oi_rel_168 [bajo],201,-0.16008820345323954,-0.00212080401518736,1.1189545783863795,0.9196860533552315,0.19402985074626866,1.0,False,-0.167611370945999,0.010810098116111817
8,3,largo,tt_cuentas [bajo],190,-0.08907637055878694,-0.000981208928341096,1.2039622997703,1.0173706839669932,0.3526315789473684,1.0,False,-0.167611370945999,0.010810098116111817
8,3,largo,tt_cuentas_chg24 [bajo],190,-0.1609821876978325,-0.0018394684946919633,1.1260983388260388,1.0623555197593206,0.24210526315789474,1.0,False,-0.167611370945999,0.010810098116111817
8,3,largo,tt_cuentas_pct [bajo],189,-0.11611457381382947,-0.0014135054933937146,1.13195241668114,1.059605548247722,0.24338624338624337,1.0,False,-0.167611370945999,0.010810098116111817
8,3,largo,tt_pos [bajo],190,-0.16411455447884282,-0.001799210045320345,0.9194206767104718,0.9877503299497562,0.21578947368421053,1.0,False,-0.167611370945999,0.010810098116111817
8,3,largo,tt_pos_chg24 [bajo],190,-0.1802119368943841,-0.0020980505147906972,1.1606245790392884,1.049704443020648,0.20526315789473684,1.0,False,-0.167611370945999,0.010810098116111817
8,3,largo,tt_pos_pct [bajo],189,-0.1576704984507384,-0.0017746294563782607,1.0849009608178881,1.0200185070416294,0.19047619047619047,1.0,False,-0.167611370945999,0.010810098116111817
8,3,largo,ls_cuentas [bajo],201,-0.10005395553434131,-0.0010819909816720487,1.250808364145521,1.0326084052225828,0.2835820895522388,1.0,False,-0.167611370945999,0.010810098116111817
8,3,largo,ls_cuentas_chg24 [bajo],201,-0.18534407664698668,-0.0021195615467986865,1.149197277572645,1.0650161523501191,0.19402985074626866,1.0,False,-0.167611370945999,0.010810098116111817
8,3,largo,ls_cuentas_pct [bajo],201,-0.13327453192058308,-0.001629879296272036,1.1339958882304886,1.0568692837529738,0.26865671641791045,1.0,False,-0.167611370945999,0.010810098116111817
8,3,largo,taker [bajo],201,-0.18152040958906265,-0.00203472435490673,0.9758556818787925,0.9583393788999145,0.15422885572139303,1.0,False,-0.167611370945999,0.010810098116111817
8,3,largo,taker_chg24 [bajo],201,-0.18207182084275775,-0.002045287335251594,0.9837007820970297,0.9718434676893075,0.10945273631840796,1.0,False,-0.167611370945999,0.010810098116111817
8,3,largo,taker_pct [bajo],200,-0.16239133727459926,-0.001841311349798902,1.0274141032071122,0.9669074631766937,0.155,1.0,False,-0.167611370945999,0.010810098116111817
8,3,largo,atr_24 ~ sin roc_24 [bajo],251,-0.24691675650794281,-0.001842709626162397,0.5546836092262023,0.9157649496830852,0.13545816733067728,1.0,False,-0.167611370945999,0.010810098116111817
8,3,largo,vol_24 ~ sin roc_24 [bajo],251,-0.23808862578398224,-0.001904978535343659,0.5969198168519971,0.9107204971556627,0.1593625498007968,1.0,False,-0.167611370945999,0.010810098116111817
8,3,largo,vol_168 ~ sin roc_24 [bajo],251,-0.2574463198886898,-0.0018811359672040856,0.574684308381777,0.9552628275617838,0.12749003984063745,1.0,False,-0.167611370945999,0.010810098116111817
8,3,largo,rango_168 ~ sin roc_24 [bajo],251,-0.23634027679400132,-0.0019488419589872392,0.6358692541682375,0.941895549719395,0.12749003984063745,1.0,False,-0.167611370945999,0.010810098116111817
8,3,largo,roc_72 ~ sin roc_24 [bajo],251,-0.13357883530459927,-0.0018003925340769856,1.2214488198757654,0.9763392477085655,0.24701195219123506,1.0,False,-0.167611370945999,0.010810098116111817
8,3,largo,roc_168 ~ sin roc_24 [bajo],251,-0.14404499541143365,-0.0020339407250408326,1.1756532041121928,0.9533704310848639,0.1952191235059761,1.0,False,-0.167611370945999,0.010810098116111817
8,3,largo,roc_720 ~ sin roc_24 [bajo],251,-0.12727554823294848,-0.0017792136774908705,1.173693838464275,0.9867543380244792,0.21115537848605578,1.0,False,-0.167611370945999,0.010810098116111817
8,3,largo,compresion ~ sin roc_24 [bajo],251,-0.14664980027931976,-0.0018343262511178397,0.9691364083737619,0.8965860785833846,0.21912350597609562,1.0,False,-0.167611370945999,0.010810098116111817
8,3,largo,dd_168 ~ sin roc_24 [bajo],251,-0.1261156498613835,-0.0018490415598094332,1.4497000265532596,1.0160280827541694,0.2589641434262948,1.0,False,-0.167611370945999,0.010810098116111817
8,3,largo,dd_720 ~ sin roc_24 [bajo],251,-0.13263139086240933,-0.001937460323598734,1.2983456077913902,0.9397131503191407,0.23904382470119523,1.0,False,-0.167611370945999,0.010810098116111817
8,3,largo,pos_168 ~ sin roc_24 [bajo],251,-0.21753264140175652,-0.0027244536456181444,1.0582224223843333,0.936174541635078,0.09163346613545817,1.0,False,-0.167611370945999,0.010810098116111817
8,3,largo,desbal ~ sin roc_24 [bajo],251,-0.12984963630055854,-0.0014399738120342068,1.0044183716369282,0.9628706403066911,0.18725099601593626,1.0,False,-0.167611370945999,0.010810098116111817
8,3,largo,desbal_24 ~ sin roc_24 [bajo],251,-0.17243586571705433,-0.0020098037881670057,0.9766263896992817,0.9433031013579434,0.12749003984063745,1.0,False,-0.167611370945999,0.010810098116111817
8,3,largo,desbal_168 ~ sin roc_24 [bajo],251,-0.18621518348593863,-0.0022955488709085407,0.9877357171292428,0.9496588056154238,0.11952191235059761,1.0,False,-0.167611370945999,0.010810098116111817
8,3,largo,ticket_rel ~ sin roc_24 [bajo],251,-0.1734148254628015,-0.002092451096799126,0.9981116676587176,0.9546007545460163,0.11155378486055777,1.0,False,-0.167611370945999,0.010810098116111817
8,3,largo,turnover ~ sin roc_24 [bajo],251,-0.15927716847711085,-0.0020887094109760308,1.1791666153155536,0.9957683162202013,0.17131474103585656,1.0,False,-0.167611370945999,0.010810098116111817
8,3,largo,n_surge ~ sin roc_24 [bajo],251,-0.15558889538409745,-0.0021467752423632224,1.1823411978795013,0.992624632533238,0.1952191235059761,1.0,False,-0.167611370945999,0.010810098116111817
8,3,largo,oi_chg_1h ~ sin roc_24 [bajo],201,-0.1200849969469613,-0.0015959168880278838,1.338603175581712,1.1018921626667846,0.24875621890547264,1.0,False,-0.167611370945999,0.010810098116111817
8,3,largo,oi_chg_4h ~ sin roc_24 [bajo],201,-0.12200963411295668,-0.0014304105643188026,1.3727697448550764,1.1183127943950326,0.3034825870646766,1.0,False,-0.167611370945999,0.010810098116111817
8,3,largo,oi_chg_24h ~ sin roc_24 [bajo],201,-0.14048229637864196,-0.0018938638919579142,1.2557356161158262,1.0530203582155997,0.23383084577114427,1.0,False,-0.167611370945999,0.010810098116111817
8,3,largo,oi_z ~ sin roc_24 [bajo],200,-0.15393723213353014,-0.0018237808737568506,1.1378168845645242,1.0523836052496967,0.21,1.0,False,-0.167611370945999,0.010810098116111817
8,3,largo,oi_rel_168 ~ sin roc_24 [bajo],201,-0.17012788782068977,-0.002328728560823531,1.1489638799114674,0.9530454943017648,0.1691542288557214,1.0,False,-0.167611370945999,0.010810098116111817
8,3,largo,tt_cuentas ~ sin roc_24 [bajo],190,-0.13391509745957678,-0.0015217636104412186,1.0886495829704719,0.9793169168211808,0.2894736842105263,1.0,False,-0.167611370945999,0.010810098116111817
8,3,largo,tt_cuentas_chg24 ~ sin roc_24 [bajo],190,-0.1855416878672048,-0.002174475136852919,1.043008772671005,1.0104908077746664,0.12631578947368421,1.0,False,-0.167611370945999,0.010810098116111817
8,3,largo,tt_cuentas_pct ~ sin roc_24 [bajo],189,-0.1677744618595969,-0.0017758901625852376,0.9993413564738485,0.9995148959845452,0.18518518518518517,1.0,False,-0.167611370945999,0.010810098116111817
8,3,largo,tt_pos ~ sin roc_24 [bajo],190,-0.15003136918179394,-0.0015355368104146446,0.9077949297532515,0.9779483377779695,0.2,1.0,False,-0.167611370945999,0.010810098116111817
8,3,largo,tt_pos_chg24 ~ sin roc_24 [bajo],190,-0.17906194658116825,-0.0020493237213495734,1.1263814362966917,1.0286392590963882,0.16842105263157894,1.0,False,-0.167611370945999,0.010810098116111817
8,3,largo,tt_pos_pct ~ sin roc_24 [bajo],189,-0.17562626085539737,-0.0019827104517957266,1.034734028433497,0.9941829207808242,0.1693121693121693,1.0,False,-0.167611370945999,0.010810098116111817
8,3,largo,ls_cuentas ~ sin roc_24 [bajo],201,-0.14278314394396613,-0.0016456482259260188,1.1185250391116093,0.9869969470394075,0.263681592039801,1.0,False,-0.167611370945999,0.010810098116111817
8,3,largo,ls_cuentas_chg24 ~ sin roc_24 [bajo],201,-0.17758389586199105,-0.00205228288418507,1.0552002155110767,1.0049186477576337,0.15920398009950248,1.0,False,-0.167611370945999,0.010810098116111817
8,3,largo,ls_cuentas_pct ~ sin roc_24 [bajo],201,-0.15645211616084612,-0.0017727726483868376,1.0036985649040109,0.9951157954532045,0.1791044776119403,1.0,False,-0.167611370945999,0.010810098116111817
8,3,largo,taker ~ sin roc_24 [bajo],201,-0.1802304735409856,-0.00198934492638607,0.9887581638550063,0.9648402211068168,0.13432835820895522,1.0,False,-0.167611370945999,0.010810098116111817
8,3,largo,taker_chg24 ~ sin roc_24 [bajo],201,-0.19094616392244784,-0.0021254397778455126,0.9807275263695001,0.9706300078290894,0.0945273631840796,1.0,False,-0.167611370945999,0.010810098116111817
8,3,largo,taker_pct ~ sin roc_24 [bajo],200,-0.17447845888198785,-0.0020056728974689915,1.0188832034012147,0.9651596326290055,0.15,1.0,False,-0.167611370945999,0.010810098116111817
8,3,largo,CONTROL azar 1,251,-0.167611370945999,-0.002016789863472559,1.0322147867830338,0.9800626082544278,0.13545816733067728,1.0,False,-0.167611370945999,0.010810098116111817
8,3,largo,CONTROL azar 2,251,-0.17377291377095425,-0.00218401212706161,1.0359237029347432,0.9787456419908742,0.12749003984063745,1.0,False,-0.167611370945999,0.010810098116111817
8,3,largo,CONTROL azar 3,251,-0.15274496413035188,-0.0018441565258903152,1.0261201430285354,0.9750370904740218,0.16733067729083664,1.0,False,-0.167611370945999,0.010810098116111817
8,3,corto,atr_24,251,-0.16257564586166875,-0.002857988654941073,2.033949206686814,1.3246243645302997,0.3386454183266932,1.0,False,-0.156078297093742,0.01134576243678815
8,3,corto,vol_24,251,-0.1613915056475021,-0.002801049339464152,1.9863881285458291,1.333375005137819,0.30677290836653387,1.0,False,-0.156078297093742,0.01134576243678815
8,3,corto,vol_168,251,-0.15305451819199975,-0.00286738518586511,1.8563909326786834,1.135759294527165,0.2948207171314741,1.0,False,-0.156078297093742,0.01134576243678815
8,3,corto,rango_168,251,-0.18386337757833943,-0.003134447193871631,1.7807235125262402,1.1670235866387682,0.28286852589641437,1.0,False,-0.156078297093742,0.01134576243678815
8,3,corto,roc_24,251,-0.17104379389617458,-0.0022721285198255853,1.5169010850354325,1.2219220148915737,0.3545816733067729,1.0,False,-0.156078297093742,0.01134576243678815
8,3,corto,roc_72,251,-0.20714836149992144,-0.002871387338077441,1.620722882149312,1.2851637370739053,0.30278884462151395,1.0,False,-0.156078297093742,0.01134576243678815
8,3,corto,roc_168,251,-0.20177113718137057,-0.0029241153612745096,1.6287319827470375,1.2563628044560722,0.2948207171314741,1.0,False,-0.156078297093742,0.01134576243678815
8,3,corto,roc_720,251,-0.17544285968906279,-0.0026763831905062345,1.523466135816255,1.0318993507135572,0.2908366533864542,1.0,False,-0.156078297093742,0.01134576243678815
8,3,corto,compresion,251,-0.17319909232855324,-0.002118251003148948,1.4798045133233466,1.3258247330115682,0.27091633466135456,1.0,False,-0.156078297093742,0.01134576243678815
8,3,corto,dd_168,251,-0.26415635983418756,-0.0021293765054310903,0.8033946473007157,1.0188359051561753,0.11553784860557768,1.0,False,-0.156078297093742,0.01134576243678815
8,3,corto,dd_720,251,-0.28549568216379917,-0.002388859215190397,0.8446792586959342,1.0639836218637053,0.14741035856573706,1.0,False,-0.156078297093742,0.01134576243678815
8,3,corto,pos_168,251,-0.21072500995623802,-0.002455415200612164,1.2015625848540676,1.1192155279377594,0.23107569721115537,1.0,False,-0.156078297093742,0.01134576243678815
8,3,corto,desbal,251,-0.1364899899042331,-0.0015145369933286792,0.9894355625072102,0.9574421866419973,0.19123505976095617,1.0,False,-0.156078297093742,0.01134576243678815
8,3,corto,desbal_24,251,-0.20810543859843833,-0.002388734132171937,0.9517920732678156,0.9809258477905675,0.11952191235059761,1.0,False,-0.156078297093742,0.01134576243678815
8,3,corto,desbal_168,251,-0.2394129413358894,-0.002549429397332845,0.9114009096844324,0.9954907630197324,0.11553784860557768,1.0,False,-0.156078297093742,0.01134576243678815
8,3,corto,ticket_rel,251,-0.179072915696777,-0.0019782068739145203,1.0340026498813188,1.0036875957980969,0.19123505976095617,1.0,False,-0.156078297093742,0.01134576243678815
8,3,corto,turnover,251,-0.18240057454563918,-0.0023722156380627207,1.3470025779920993,1.1837841581985453,0.29880478087649404,1.0,False,-0.156078297093742,0.01134576243678815
8,3,corto,n_surge,251,-0.16163612893820045,-0.0021434956087470797,1.3806642551089068,1.1947452583995033,0.33067729083665337,1.0,False,-0.156078297093742,0.01134576243678815
8,3,corto,oi_chg_1h,201,-0.14019523436171177,-0.001798915719984658,1.2467292317923953,1.0472563767019945,0.36318407960199006,1.0,False,-0.156078297093742,0.01134576243678815
8,3,corto,oi_chg_4h,201,-0.16987979573264914,-0.002026202988826194,1.2624858160435548,1.0723171564251788,0.29850746268656714,1.0,False,-0.156078297093742,0.01134576243678815
8,3,corto,oi_chg_24h,201,-0.23054830551680355,-0.002826197557726838,1.4652430620147683,1.217866442530177,0.2537313432835821,1.0,False,-0.156078297093742,0.01134576243678815
8,3,corto,oi_z,200,-0.14877169758279557,-0.0016922942246688183,1.072019196500578,1.0091529325493174,0.315,1.0,False,-0.156078297093742,0.01134576243678815
8,3,corto,oi_rel_168,201,-0.23220669199218516,-0.002956226170538666,1.6093433565039512,1.3217095529730385,0.26865671641791045,1.0,False,-0.156078297093742,0.01134576243678815
8,3,corto,tt_cuentas,190,-0.1674360677490421,-0.00172680020595333,0.8998938859792538,0.9811064927920901,0.1368421052631579,1.0,False,-0.156078297093742,0.01134576243678815
8,3,corto,tt_cuentas_chg24,190,-0.17202960269472808,-0.0021435962682286127,1.0719652230156977,1.0154045029850098,0.15789473684210525,1.0,False,-0.156078297093742,0.01134576243678815
8,3,corto,tt_cuentas_pct,189,-0.1661470731155438,-0.0021170095726633855,0.9938917667790093,0.9618124653381147,0.15343915343915343,1.0,False,-0.156078297093742,0.01134576243678815
8,3,corto,tt_pos,190,-0.13240403547011065,-0.001579366159120411,0.9785832866299242,0.9554688846180064,0.18947368421052632,1.0,False,-0.156078297093742,0.01134576243678815
8,3,corto,tt_pos_chg24,190,-0.12440674355039587,-0.0017219037872733016,1.108034035986032,1.0093385843552132,0.2631578947368421,1.0,False,-0.156078297093742,0.01134576243678815
8,3,corto,tt_pos_pct,189,-0.11355310756147145,-0.0014769636787451933,1.0137495691335159,0.9744684127755739,0.24867724867724866,1.0,False,-0.156078297093742,0.01134576243678815
8,3,corto,ls_cuentas,201,-0.16195735081512463,-0.0016990511396538913,0.8959328256771052,0.969124419809743,0.16417910447761194,1.0,False,-0.156078297093742,0.01134576243678815
8,3,corto,ls_cuentas_chg24,201,-0.14836334425980968,-0.0018785627132498568,1.096620158419703,1.0148316072931594,0.1691542288557214,1.0,False,-0.156078297093742,0.01134576243678815
8,3,corto,ls_cuentas_pct,201,-0.1463847580012064,-0.0018821955670596366,1.0081178900002892,0.9628824597940591,0.17412935323383086,1.0,False,-0.156078297093742,0.01134576243678815
8,3,corto,taker,201,-0.1632923697542585,-0.0018459709230052687,0.9718906248178493,0.9596727514144923,0.14427860696517414,1.0,False,-0.156078297093742,0.01134576243678815
8,3,corto,taker_chg24,201,-0.16209187750884255,-0.0017658243353891048,0.9712761772251021,0.9609539115830049,0.1890547263681592,1.0,False,-0.156078297093742,0.01134576243678815
8,3,corto,taker_pct,200,-0.15907955462188902,-0.0018721025443321918,1.0240154579582694,0.9670941115671202,0.17,1.0,False,-0.156078297093742,0.01134576243678815
8,3,corto,atr_24 ~ sin roc_24,251,-0.1270470939604939,-0.002354962549261415,1.8890856006885002,1.2401204169371915,0.33067729083665337,1.0,False,-0.156078297093742,0.01134576243678815
8,3,corto,vol_24 ~ sin roc_24,251,-0.11818138804305972,-0.0020771361374411867,1.83730529193036,1.2507257869429416,0.3426294820717131,1.0,False,-0.156078297093742,0.01134576243678815
8,3,corto,vol_168 ~ sin roc_24,251,-0.12125990506749296,-0.0021782139465316673,1.7273618374886688,1.1098913615050732,0.32669322709163345,1.0,False,-0.156078297093742,0.01134576243678815
8,3,corto,rango_168 ~ sin roc_24,251,-0.15374022591187178,-0.002578471060278628,1.6561534656398536,1.1275873819867848,0.2948207171314741,1.0,False,-0.156078297093742,0.01134576243678815
8,3,corto,roc_72 ~ sin roc_24,251,-0.19447972031309632,-0.002658903177357367,1.4854197333703196,1.1869054535135417,0.22310756972111553,1.0,False,-0.156078297093742,0.01134576243678815
8,3,corto,roc_168 ~ sin roc_24,251,-0.18165389529106488,-0.002658574531789052,1.513440026816833,1.182114035846371,0.2549800796812749,1.0,False,-0.156078297093742,0.01134576243678815
8,3,corto,roc_720 ~ sin roc_24,251,-0.15258021182285827,-0.0022899315003644485,1.4597340442346498,1.0108410700343216,0.250996015936255,1.0,False,-0.156078297093742,0.01134576243678815
8,3,corto,compresion ~ sin roc_24,251,-0.1706618667906067,-0.001957087960141169,1.3342583881197536,1.2532187360897318,0.23904382470119523,1.0,False,-0.156078297093742,0.01134576243678815
8,3,corto,dd_168 ~ sin roc_24,251,-0.270242424244736,-0.0021370669345875527,0.745692500177122,0.9807468709620579,0.08764940239043825,1.0,False,-0.156078297093742,0.01134576243678815
8,3,corto,dd_720 ~ sin roc_24,251,-0.28083416257431937,-0.0022390558062185674,0.8064610062493791,1.0276008426896208,0.08764940239043825,1.0,False,-0.156078297093742,0.01134576243678815
8,3,corto,pos_168 ~ sin roc_24,251,-0.23695298157018252,-0.0026309111648877936,1.093618776278946,1.0580366438917217,0.13147410358565736,1.0,False,-0.156078297093742,0.01134576243678815
8,3,corto,desbal ~ sin roc_24,251,-0.14339112750236796,-0.00162971825665876,0.9806062765745803,0.9524043351610612,0.1952191235059761,1.0,False,-0.156078297093742,0.01134576243678815
8,3,corto,desbal_24 ~ sin roc_24,251,-0.20546172238730578,-0.0022986926000000264,0.935474034391058,0.9681903074246648,0.09561752988047809,1.0,False,-0.156078297093742,0.01134576243678815
8,3,corto,desbal_168 ~ sin roc_24,251,-0.2379492960997963,-0.002461897765360499,0.9107438044406585,0.987976817699405,0.12749003984063745,1.0,False,-0.156078297093742,0.01134576243678815
8,3,corto,ticket_rel ~ sin roc_24,251,-0.1858586086735908,-0.002082859831193974,1.0127602757420737,0.991816313343575,0.16334661354581673,1.0,False,-0.156078297093742,0.01134576243678815
8,3,corto,turnover ~ sin roc_24,251,-0.1668600392730446,-0.002191002725872453,1.2699896720487258,1.1353401643445324,0.27091633466135456,1.0,False,-0.156078297093742,0.01134576243678815
8,3,corto,n_surge ~ sin roc_24,251,-0.1351067100360923,-0.0018176440739036785,1.2967896408174753,1.1404599682398622,0.3386454183266932,1.0,False,-0.156078297093742,0.01134576243678815
8,3,corto,oi_chg_1h ~ sin roc_24,201,-0.12925062138950863,-0.00165813849416236,1.2135031927220123,1.030585316752679,0.32338308457711445,1.0,False,-0.156078297093742,0.01134576243678815
8,3,corto,oi_chg_4h ~ sin roc_24,201,-0.13873982867458493,-0.0018038221499307168,1.2170449570033812,1.0436218920179239,0.3034825870646766,1.0,False,-0.156078297093742,0.01134576243678815
8,3,corto,oi_chg_24h ~ sin roc_24,201,-0.2030878213607508,-0.0025402708542193436,1.2683001027878364,1.1147660900473364,0.19900497512437812,1.0,False,-0.156078297093742,0.01134576243678815
8,3,corto,oi_z ~ sin roc_24,200,-0.13921532355702573,-0.0015796554634529075,1.0404954139533664,0.9963333176001881,0.31,1.0,False,-0.156078297093742,0.01134576243678815
8,3,corto,oi_rel_168 ~ sin roc_24,201,-0.19820226230647714,-0.0025225504161978662,1.4800746182018607,1.249147669324439,0.2537313432835821,1.0,False,-0.156078297093742,0.01134576243678815
8,3,corto,tt_cuentas ~ sin roc_24,190,-0.17741896401406482,-0.0018325771525161759,0.8983345788016165,0.980239784367433,0.12631578947368421,1.0,False,-0.156078297093742,0.01134576243678815
8,3,corto,tt_cuentas_chg24 ~ sin roc_24,190,-0.16350816665321166,-0.0020532406070967162,1.0925001504006666,1.0295719129447172,0.19473684210526315,1.0,False,-0.156078297093742,0.01134576243678815
8,3,corto,tt_cuentas_pct ~ sin roc_24,189,-0.13533467694714316,-0.001589266650696357,1.0100364199858773,0.9724850994749173,0.21693121693121692,1.0,False,-0.156078297093742,0.01134576243678815
8,3,corto,tt_pos ~ sin roc_24,190,-0.1373016319508478,-0.0016369383559378297,0.9710604643104057,0.9529704001462472,0.17894736842105263,1.0,False,-0.156078297093742,0.01134576243678815
8,3,corto,tt_pos_chg24 ~ sin roc_24,190,-0.13852896317542754,-0.001903979731309953,1.1080359823000292,1.0096829781982133,0.2,1.0,False,-0.156078297093742,0.01134576243678815
8,3,corto,tt_pos_pct ~ sin roc_24,189,-0.12247356545978313,-0.0015310606615006694,1.027534459419881,0.9814462516546034,0.2222222222222222,1.0,False,-0.156078297093742,0.01134576243678815
8,3,corto,ls_cuentas ~ sin roc_24,201,-0.17325151891781182,-0.001852200421709699,0.8906134929866464,0.9696787453534601,0.11940298507462686,1.0,False,-0.156078297093742,0.01134576243678815
8,3,corto,ls_cuentas_chg24 ~ sin roc_24,201,-0.14507427905938985,-0.0017355218021504817,1.1235426691580135,1.0314599612976798,0.21393034825870647,1.0,False,-0.156078297093742,0.01134576243678815
8,3,corto,ls_cuentas_pct ~ sin roc_24,201,-0.12215023176362945,-0.0013876452199838491,1.014830128968851,0.9694830409995696,0.22885572139303484,1.0,False,-0.156078297093742,0.01134576243678815
8,3,corto,taker ~ sin roc_24,201,-0.16489028854722612,-0.001837751296952407,0.9704876227775057,0.958587090262394,0.13432835820895522,1.0,False,-0.156078297093742,0.01134576243678815
8,3,corto,taker_chg24 ~ sin roc_24,201,-0.16818232892921262,-0.001885308707956465,0.9777261054372842,0.9624266736220589,0.1791044776119403,1.0,False,-0.156078297093742,0.01134576243678815
8,3,corto,taker_pct ~ sin roc_24,200,-0.1516055760495431,-0.0017823773437787482,1.0155574630778366,0.9660168675304046,0.145,1.0,False,-0.156078297093742,0.01134576243678815
8,3,corto,atr_24 [bajo],251,-0.3423823243523383,-0.002145631021345717,0.5094979265606127,0.8996239457351051,0.055776892430278883,1.0,False,-0.156078297093742,0.01134576243678815
8,3,corto,vol_24 [bajo],251,-0.32408136989779474,-0.002070954909013814,0.5200868995518917,0.8836928668940562,0.055776892430278883,1.0,False,-0.156078297093742,0.01134576243678815
8,3,corto,vol_168 [bajo],251,-0.3315666693437472,-0.002044035914693861,0.5261370046533905,0.9328411240924086,0.07171314741035857,1.0,False,-0.156078297093742,0.01134576243678815
8,3,corto,rango_168 [bajo],251,-0.3130403655021039,-0.0020639726211656674,0.5571449177183985,0.9254411832377576,0.06772908366533864,1.0,False,-0.156078297093742,0.01134576243678815
8,3,corto,roc_24 [bajo],251,-0.1338802258093284,-0.0020652178485720627,1.2902399796162234,1.0258956570632103,0.23904382470119523,1.0,False,-0.156078297093742,0.01134576243678815
8,3,corto,roc_72 [bajo],251,-0.13908664955725,-0.0021595284704563882,1.195924363853438,0.9527562185981687,0.2151394422310757,1.0,False,-0.156078297093742,0.01134576243678815
8,3,corto,roc_168 [bajo],251,-0.1321028880915664,-0.001961521552684956,1.1569776165277013,0.9324163197660664,0.20717131474103587,1.0,False,-0.156078297093742,0.01134576243678815
8,3,corto,roc_720 [bajo],251,-0.13884760767288412,-0.0019425426435253107,1.1516545387898327,0.9643144452438972,0.18725099601593626,1.0,False,-0.156078297093742,0.01134576243678815
8,3,corto,compresion [bajo],251,-0.1783507267993731,-0.0021326019376660737,0.9413022914951018,0.8746363152231202,0.16334661354581673,1.0,False,-0.156078297093742,0.01134576243678815
8,3,corto,dd_168 [bajo],251,-0.1341125617123383,-0.002325016925529908,1.4612333407149953,1.0108632184888495,0.26294820717131473,1.0,False,-0.156078297093742,0.01134576243678815
8,3,corto,dd_720 [bajo],251,-0.11505149569675496,-0.002079310065569054,1.3169118561125335,0.9395672030267963,0.2749003984063745,1.0,False,-0.156078297093742,0.01134576243678815
8,3,corto,pos_168 [bajo],251,-0.12058932795281589,-0.0017530639583980953,1.0747460669495037,0.9265061054350384,0.250996015936255,1.0,False,-0.156078297093742,0.01134576243678815
8,3,corto,desbal [bajo],251,-0.19560855335511734,-0.002625521623908817,1.0081256344140284,0.9635457731615856,0.09561752988047809,1.0,False,-0.156078297093742,0.01134576243678815
8,3,corto,desbal_24 [bajo],251,-0.15508017204040841,-0.0019843946815849872,0.9792168725058886,0.9394052569554787,0.1752988047808765,1.0,False,-0.156078297093742,0.01134576243678815
8,3,corto,desbal_168 [bajo],251,-0.13913221388328745,-0.0016789823368085815,0.9976920620862235,0.9529876033345628,0.199203187250996,1.0,False,-0.156078297093742,0.01134576243678815
8,3,corto,ticket_rel [bajo],251,-0.15382144406288625,-0.0018966574862494692,0.996125602255648,0.947935356623345,0.14342629482071714,1.0,False,-0.156078297093742,0.01134576243678815
8,3,corto,turnover [bajo],251,-0.15499361725898814,-0.0019837439735536167,1.0244381230849493,0.9099316580293589,0.199203187250996,1.0,False,-0.156078297093742,0.01134576243678815
8,3,corto,n_surge [bajo],251,-0.13712019067462297,-0.0017629821139438933,1.0449547029004782,0.9090646114326864,0.199203187250996,1.0,False,-0.156078297093742,0.01134576243678815
8,3,corto,oi_chg_1h [bajo],201,-0.1788061392703758,-0.002308654333384512,1.3380094084972483,1.0919904894983885,0.23880597014925373,1.0,False,-0.156078297093742,0.01134576243678815
8,3,corto,oi_chg_4h [bajo],201,-0.1769908506244287,-0.0024854291879979817,1.3516620161780064,1.0972372739798626,0.22885572139303484,1.0,False,-0.156078297093742,0.01134576243678815
8,3,corto,oi_chg_24h [bajo],201,-0.15826064500187467,-0.002042395517453225,1.254828619298487,1.031086322008036,0.18407960199004975,1.0,False,-0.156078297093742,0.01134576243678815
8,3,corto,oi_z [bajo],200,-0.18040917133215587,-0.002145194383147554,1.1245644705536528,1.0459563191359353,0.19,1.0,False,-0.156078297093742,0.01134576243678815
8,3,corto,oi_rel_168 [bajo],201,-0.13505504567279256,-0.0018791959848126407,1.1189545783863795,0.9196860533552315,0.21393034825870647,1.0,False,-0.156078297093742,0.01134576243678815
8,3,corto,tt_cuentas [bajo],190,-0.2570962465219001,-0.0030187910716589043,1.2039622997703,1.0173706839669932,0.18421052631578946,1.0,False,-0.156078297093742,0.01134576243678815
8,3,corto,tt_cuentas_chg24 [bajo],190,-0.18233754337264588,-0.0021605315053080374,1.1260983388260388,1.0623555197593206,0.2578947368421053,1.0,False,-0.156078297093742,0.01134576243678815
8,3,corto,tt_cuentas_pct [bajo],189,-0.23214796565847962,-0.0025864945066062864,1.13195241668114,1.059605548247722,0.17989417989417988,1.0,False,-0.156078297093742,0.01134576243678815
8,3,corto,tt_pos [bajo],190,-0.2436734170991801,-0.002200789954679655,0.9194206767104718,0.9877503299497562,0.18947368421052632,1.0,False,-0.156078297093742,0.01134576243678815
8,3,corto,tt_pos_chg24 [bajo],190,-0.14855350501708028,-0.0019019494852093033,1.1606245790392884,1.049704443020648,0.28421052631578947,1.0,False,-0.156078297093742,0.01134576243678815
8,3,corto,tt_pos_pct [bajo],189,-0.1834739495395373,-0.002225370543621739,1.0849009608178881,1.0200185070416294,0.1746031746031746,1.0,False,-0.156078297093742,0.01134576243678815
8,3,corto,ls_cuentas [bajo],201,-0.22522309271261673,-0.002918009018327952,1.250808364145521,1.0326084052225828,0.1890547263681592,1.0,False,-0.156078297093742,0.01134576243678815
8,3,corto,ls_cuentas_chg24 [bajo],201,-0.15530589798284017,-0.001880438453201314,1.149197277572645,1.0650161523501191,0.25870646766169153,1.0,False,-0.156078297093742,0.01134576243678815
8,3,corto,ls_cuentas_pct [bajo],201,-0.21441961145713723,-0.0023701207037279642,1.1339958882304886,1.0568692837529738,0.20398009950248755,1.0,False,-0.156078297093742,0.01134576243678815
8,3,corto,taker [bajo],201,-0.16498084472064425,-0.00196527564509327,0.9758556818787925,0.9583393788999145,0.20398009950248755,1.0,False,-0.156078297093742,0.01134576243678815
8,3,corto,taker_chg24 [bajo],201,-0.16669624138127223,-0.001954712664748406,0.9837007820970297,0.9718434676893075,0.12437810945273632,1.0,False,-0.156078297093742,0.01134576243678815
8,3,corto,taker_pct [bajo],200,-0.1716275921569127,-0.0021586886502010984,1.0274141032071122,0.9669074631766937,0.165,1.0,False,-0.156078297093742,0.01134576243678815
8,3,corto,atr_24 ~ sin roc_24 [bajo],251,-0.33182684908624366,-0.0021572903738376033,0.5546836092262023,0.9157649496830852,0.07569721115537849,1.0,False,-0.156078297093742,0.01134576243678815
8,3,corto,vol_24 ~ sin roc_24 [bajo],251,-0.305676425808248,-0.002095021464656342,0.5969198168519971,0.9107204971556627,0.0796812749003984,1.0,False,-0.156078297093742,0.01134576243678815
8,3,corto,vol_168 ~ sin roc_24 [bajo],251,-0.3241730858392791,-0.0021188640327959147,0.574684308381777,0.9552628275617838,0.06374501992031872,1.0,False,-0.156078297093742,0.01134576243678815
8,3,corto,rango_168 ~ sin roc_24 [bajo],251,-0.2953432939820745,-0.002051158041012761,0.6358692541682375,0.941895549719395,0.08366533864541832,1.0,False,-0.156078297093742,0.01134576243678815
8,3,corto,roc_72 ~ sin roc_24 [bajo],251,-0.14794133890061717,-0.002199607465923015,1.2214488198757654,0.9763392477085655,0.20318725099601595,1.0,False,-0.156078297093742,0.01134576243678815
8,3,corto,roc_168 ~ sin roc_24 [bajo],251,-0.13904535199554865,-0.0019660592749591674,1.1756532041121928,0.9533704310848639,0.23107569721115537,1.0,False,-0.156078297093742,0.01134576243678815
8,3,corto,roc_720 ~ sin roc_24 [bajo],251,-0.16094844955613505,-0.0022207863225091303,1.173693838464275,0.9867543380244792,0.1952191235059761,1.0,False,-0.156078297093742,0.01134576243678815
8,3,corto,compresion ~ sin roc_24 [bajo],251,-0.1837473984000246,-0.002165673748882161,0.9691364083737619,0.8965860785833846,0.21912350597609562,1.0,False,-0.156078297093742,0.01134576243678815
8,3,corto,dd_168 ~ sin roc_24 [bajo],251,-0.1252058017121032,-0.0021509584401905673,1.4497000265532596,1.0160280827541694,0.2589641434262948,1.0,False,-0.156078297093742,0.01134576243678815
8,3,corto,dd_720 ~ sin roc_24 [bajo],251,-0.1153227848474228,-0.002062539676401267,1.2983456077913902,0.9397131503191407,0.2549800796812749,1.0,False,-0.156078297093742,0.01134576243678815
8,3,corto,pos_168 ~ sin roc_24 [bajo],251,-0.09382783397557078,-0.0012755463543818566,1.0582224223843333,0.936174541635078,0.28286852589641437,1.0,False,-0.156078297093742,0.01134576243678815
8,3,corto,desbal ~ sin roc_24 [bajo],251,-0.1941867473750355,-0.002560026187965794,1.0044183716369282,0.9628706403066911,0.09163346613545817,1.0,False,-0.156078297093742,0.01134576243678815
8,3,corto,desbal_24 ~ sin roc_24 [bajo],251,-0.15591850966701118,-0.0019901962118329944,0.9766263896992817,0.9433031013579434,0.18326693227091634,1.0,False,-0.156078297093742,0.01134576243678815
8,3,corto,desbal_168 ~ sin roc_24 [bajo],251,-0.139928433182802,-0.0017044511290914594,0.9877357171292428,0.9496588056154238,0.20717131474103587,1.0,False,-0.156078297093742,0.01134576243678815
8,3,corto,ticket_rel ~ sin roc_24 [bajo],251,-0.1507264615107534,-0.0019075489032008748,0.9981116676587176,0.9546007545460163,0.16334661354581673,1.0,False,-0.156078297093742,0.01134576243678815
8,3,corto,turnover ~ sin roc_24 [bajo],251,-0.13976346858141586,-0.0019112905890239697,1.1791666153155536,0.9957683162202013,0.20717131474103587,1.0,False,-0.156078297093742,0.01134576243678815
8,3,corto,n_surge ~ sin roc_24 [bajo],251,-0.14159779539597,-0.0018532247576367779,1.1823411978795013,0.992624632533238,0.22310756972111553,1.0,False,-0.156078297093742,0.01134576243678815
8,3,corto,oi_chg_1h ~ sin roc_24 [bajo],201,-0.18736872596812873,-0.002404083111972116,1.338603175581712,1.1018921626667846,0.22388059701492538,1.0,False,-0.156078297093742,0.01134576243678815
8,3,corto,oi_chg_4h ~ sin roc_24 [bajo],201,-0.18470116918474624,-0.0025695894356811983,1.3727697448550764,1.1183127943950326,0.21890547263681592,1.0,False,-0.156078297093742,0.01134576243678815
8,3,corto,oi_chg_24h ~ sin roc_24 [bajo],201,-0.16763492656567583,-0.0021061361080420863,1.2557356161158262,1.0530203582155997,0.19402985074626866,1.0,False,-0.156078297093742,0.01134576243678815
8,3,corto,oi_z ~ sin roc_24 [bajo],200,-0.18796377773355352,-0.0021762191262431497,1.1378168845645242,1.0523836052496967,0.165,1.0,False,-0.156078297093742,0.01134576243678815
8,3,corto,oi_rel_168 ~ sin roc_24 [bajo],201,-0.12753425386260323,-0.0016712714391764693,1.1489638799114674,0.9530454943017648,0.22388059701492538,1.0,False,-0.156078297093742,0.01134576243678815
8,3,corto,tt_cuentas ~ sin roc_24 [bajo],190,-0.22316056697486097,-0.0024782363895587815,1.0886495829704719,0.9793169168211808,0.18947368421052632,1.0,False,-0.156078297093742,0.01134576243678815
8,3,corto,tt_cuentas_chg24 ~ sin roc_24 [bajo],190,-0.1606911494834647,-0.0018255248631470814,1.043008772671005,1.0104908077746664,0.21578947368421053,1.0,False,-0.156078297093742,0.01134576243678815
8,3,corto,tt_cuentas_pct ~ sin roc_24 [bajo],189,-0.19331365957668006,-0.0022241098374147627,0.9993413564738485,0.9995148959845452,0.15873015873015872,1.0,False,-0.156078297093742,0.01134576243678815
8,3,corto,tt_pos ~ sin roc_24 [bajo],190,-0.25516809758333786,-0.0024644631895853553,0.9077949297532515,0.9779483377779695,0.11052631578947368,1.0,False,-0.156078297093742,0.01134576243678815
8,3,corto,tt_pos_chg24 ~ sin roc_24 [bajo],190,-0.15090628703491382,-0.001950676278650427,1.1263814362966917,1.0286392590963882,0.21052631578947367,1.0,False,-0.156078297093742,0.01134576243678815
8,3,corto,tt_pos_pct ~ sin roc_24 [bajo],189,-0.17012313510830882,-0.0020172895482042734,1.034734028433497,0.9941829207808242,0.15873015873015872,1.0,False,-0.156078297093742,0.01134576243678815
8,3,corto,ls_cuentas ~ sin roc_24 [bajo],201,-0.19747911767123957,-0.0023543517740739813,1.1185250391116093,0.9869969470394075,0.1691542288557214,1.0,False,-0.156078297093742,0.01134576243678815
8,3,corto,ls_cuentas_chg24 ~ sin roc_24 [bajo],201,-0.16604859658634566,-0.0019477171158149304,1.0552002155110767,1.0049186477576337,0.16417910447761194,1.0,False,-0.156078297093742,0.01134576243678815
8,3,corto,ls_cuentas_pct ~ sin roc_24 [bajo],201,-0.20450728179492167,-0.002227227351613162,1.0036985649040109,0.9951157954532045,0.13432835820895522,1.0,False,-0.156078297093742,0.01134576243678815
8,3,corto,taker ~ sin roc_24 [bajo],201,-0.16509778249072105,-0.00201065507361393,0.9887581638550063,0.9648402211068168,0.1691542288557214,1.0,False,-0.156078297093742,0.01134576243678815
8,3,corto,taker_chg24 ~ sin roc_24 [bajo],201,-0.15726704118334126,-0.0018745602221544877,0.9807275263695001,0.9706300078290894,0.12935323383084577,1.0,False,-0.156078297093742,0.01134576243678815
8,3,corto,taker_pct ~ sin roc_24 [bajo],200,-0.1622931290523446,-0.0019943271025310086,1.0188832034012147,0.9651596326290055,0.155,1.0,False,-0.156078297093742,0.01134576243678815
8,3,corto,CONTROL azar 1,251,-0.156078297093742,-0.001983210136527441,1.0322147867830338,0.9800626082544278,0.14741035856573706,1.0,False,-0.156078297093742,0.01134576243678815
8,3,corto,CONTROL azar 2,251,-0.15023580238189616,-0.0018159878729383907,1.0359237029347432,0.9787456419908742,0.17131474103585656,1.0,False,-0.156078297093742,0.01134576243678815
8,3,corto,CONTROL azar 3,251,-0.17214593905427567,-0.0021558434741096853,1.0261201430285354,0.9750370904740218,0.15139442231075698,1.0,False,-0.156078297093742,0.01134576243678815
8,8,largo,atr_24,251,-0.09356671736018816,-0.001584413426413059,1.5814482270915255,1.1564052783296852,0.22709163346613545,1.0,False,-0.16386601234980702,0.0036607210613617976
8,8,largo,vol_24,251,-0.10779910162075688,-0.0017196080382612603,1.5623547826339428,1.1617105386021258,0.18326693227091634,1.0,False,-0.16386601234980702,0.0036607210613617976
8,8,largo,vol_168,251,-0.09224084275789242,-0.0015235632195774885,1.5120845657687205,1.0627229452354663,0.20318725099601595,1.0,False,-0.16386601234980702,0.0036607210613617976
8,8,largo,rango_168,251,-0.09486296418452612,-0.0014745985869945978,1.455427310789391,1.0731120484879575,0.20717131474103587,1.0,False,-0.16386601234980702,0.0036607210613617976
8,8,largo,roc_24,251,-0.1544407838442184,-0.001982542416002467,1.1969320111384276,1.087750255505337,0.16733067729083664,1.0,False,-0.16386601234980702,0.0036607210613617976
8,8,largo,roc_72,251,-0.14085811636689805,-0.001784273189605749,1.2587692181189596,1.1297166524163331,0.13545816733067728,1.0,False,-0.16386601234980702,0.0036607210613617976
8,8,largo,roc_168,251,-0.1255540757599044,-0.0015517278721666708,1.2669869046862297,1.1243749991589531,0.18326693227091634,1.0,False,-0.16386601234980702,0.0036607210613617976
8,8,largo,roc_720,251,-0.11313397075668999,-0.0016249354163843407,1.2333607497225758,1.0139250087609695,0.1952191235059761,1.0,False,-0.16386601234980702,0.0036607210613617976
8,8,largo,compresion,251,-0.16058375626400204,-0.0019954108869247563,1.2394178058206688,1.165308848538349,0.12749003984063745,1.0,False,-0.16386601234980702,0.0036607210613617976
8,8,largo,dd_168,251,-0.18875046230419198,-0.0019247557759502663,0.8271226957847417,1.0008865988462792,0.07171314741035857,1.0,False,-0.16386601234980702,0.0036607210613617976
8,8,largo,dd_720,251,-0.16635700720060406,-0.0016730399377665323,0.8649459065289016,1.037583511174868,0.11553784860557768,1.0,False,-0.16386601234980702,0.0036607210613617976
8,8,largo,pos_168,251,-0.13215547666189337,-0.0016319896319385197,1.1005465343742147,1.0685272751108565,0.1752988047808765,1.0,False,-0.16386601234980702,0.0036607210613617976
8,8,largo,desbal,251,-0.16872835419527146,-0.002175589832940664,0.9938615102926598,0.9685182829235924,0.06374501992031872,1.0,False,-0.16386601234980702,0.0036607210613617976
8,8,largo,desbal_24,251,-0.15127755799537226,-0.001840036692374049,0.9731474588995961,0.9867215887033425,0.07171314741035857,1.0,False,-0.16386601234980702,0.0036607210613617976
8,8,largo,desbal_168,251,-0.15396962281576707,-0.0018168602694153227,0.9466768081117755,0.9932942740128372,0.07569721115537849,1.0,False,-0.16386601234980702,0.0036607210613617976
8,8,largo,ticket_rel,251,-0.14689982514558303,-0.0018476542019401844,1.012194968033354,0.9997587131060836,0.09163346613545817,1.0,False,-0.16386601234980702,0.0036607210613617976
8,8,largo,turnover,251,-0.15092660768859206,-0.0019088965785746142,1.1534091910564295,1.090343743821667,0.12350597609561753,1.0,False,-0.16386601234980702,0.0036607210613617976
8,8,largo,n_surge,251,-0.14357407170508796,-0.0017782309706165858,1.1676200990327685,1.0957585478521281,0.15139442231075698,1.0,False,-0.16386601234980702,0.0036607210613617976
8,8,largo,oi_chg_1h,201,-0.1696499528345808,-0.0020983656337855315,1.08822259546449,1.0005622376239438,0.11442786069651742,1.0,False,-0.16386601234980702,0.0036607210613617976
8,8,largo,oi_chg_4h,201,-0.1621622966051137,-0.0020688950008879254,1.089481002906074,1.0088890350158144,0.12935323383084577,1.0,False,-0.16386601234980702,0.0036607210613617976
8,8,largo,oi_chg_24h,201,-0.1491146538486531,-0.0018314964634883882,1.161634837075471,1.078421068738022,0.13432835820895522,1.0,False,-0.16386601234980702,0.0036607210613617976
8,8,largo,oi_z,200,-0.18190190197213973,-0.0021797630360806688,1.013277879712168,0.984179365748443,0.095,1.0,False,-0.16386601234980702,0.0036607210613617976
8,8,largo,oi_rel_168,201,-0.13888360350044066,-0.0016576696617752217,1.2324959650704321,1.1373162204582545,0.16417910447761194,1.0,False,-0.16386601234980702,0.0036607210613617976
8,8,largo,tt_cuentas,190,-0.2057874089176781,-0.002233948445255773,0.9110818735579279,0.9741273789415189,0.031578947368421054,1.0,False,-0.16386601234980702,0.0036607210613617976
8,8,largo,tt_cuentas_chg24,190,-0.16574823013504095,-0.001880342358773994,1.027024849517123,0.9965522703146628,0.04736842105263158,1.0,False,-0.16386601234980702,0.0036607210613617976
8,8,largo,tt_cuentas_pct,189,-0.17507500668856524,-0.0020051486217198874,0.9900115802166031,0.9589806124874988,0.042328042328042326,1.0,False,-0.16386601234980702,0.0036607210613617976
8,8,largo,tt_pos,190,-0.19901825980882304,-0.0023534356035647516,0.9919677594140605,0.9707732897024466,0.03684210526315789,1.0,False,-0.16386601234980702,0.0036607210613617976
8,8,largo,tt_pos_chg24,190,-0.18752011831463117,-0.0022191860561919584,1.0548359113503634,0.9942256063924526,0.06842105263157895,1.0,False,-0.16386601234980702,0.0036607210613617976
8,8,largo,tt_pos_pct,189,-0.18242196941268535,-0.0021855095603774224,1.0092543061667623,0.9725739462743701,0.07407407407407407,1.0,False,-0.16386601234980702,0.0036607210613617976
8,8,largo,ls_cuentas,201,-0.2059224851373017,-0.0022657771142876597,0.9233111029932707,0.9670602724043877,0.024875621890547265,1.0,False,-0.16386601234980702,0.0036607210613617976
8,8,largo,ls_cuentas_chg24,201,-0.17740789621414219,-0.0020382330906415663,1.0376186107119287,0.994318568103441,0.05472636815920398,1.0,False,-0.16386601234980702,0.0036607210613617976
8,8,largo,ls_cuentas_pct,201,-0.17701423534855715,-0.002060083288410527,0.996898023704702,0.9574649408371828,0.06467661691542288,1.0,False,-0.16386601234980702,0.0036607210613617976
8,8,largo,taker,201,-0.17613333921648217,-0.0020996003933243645,0.9887639563342074,0.9709483866008906,0.04975124378109453,1.0,False,-0.16386601234980702,0.0036607210613617976
8,8,largo,taker_chg24,201,-0.16465083224337254,-0.0020296326479803863,0.987474195686909,0.9702454722253837,0.04975124378109453,1.0,False,-0.16386601234980702,0.0036607210613617976
8,8,largo,taker_pct,200,-0.17550064718406688,-0.0021328688698668756,1.0095531303269205,0.9734376897114041,0.05,1.0,False,-0.16386601234980702,0.0036607210613617976
8,8,largo,atr_24 ~ sin roc_24,251,-0.11981197885066207,-0.0018679378408784063,1.5158680018146637,1.1188446184922562,0.16334661354581673,1.0,False,-0.16386601234980702,0.0036607210613617976
8,8,largo,vol_24 ~ sin roc_24,251,-0.11991659020658145,-0.0018209563427984134,1.4857371710165137,1.1229148106195312,0.1752988047808765,1.0,False,-0.16386601234980702,0.0036607210613617976
8,8,largo,vol_168 ~ sin roc_24,251,-0.11883235399144776,-0.0018998443423783177,1.4437233643461522,1.0472006210008895,0.14741035856573706,1.0,False,-0.16386601234980702,0.0036607210613617976
8,8,largo,rango_168 ~ sin roc_24,251,-0.11987360860576776,-0.0018339129716848364,1.4007049253991832,1.0582400352331747,0.16733067729083664,1.0,False,-0.16386601234980702,0.0036607210613617976
8,8,largo,roc_72 ~ sin roc_24,251,-0.14116950041939977,-0.0018012865677493395,1.1930920424979992,1.082470346010927,0.13545816733067728,1.0,False,-0.16386601234980702,0.0036607210613617976
8,8,largo,roc_168 ~ sin roc_24,251,-0.13245692906208067,-0.0016510616811365422,1.2147942932051834,1.0858247524239548,0.1553784860557769,1.0,False,-0.16386601234980702,0.0036607210613617976
8,8,largo,roc_720 ~ sin roc_24,251,-0.12342441015151963,-0.0017546522934074216,1.2110052789778818,1.0042415935776854,0.1593625498007968,1.0,False,-0.16386601234980702,0.0036607210613617976
8,8,largo,compresion ~ sin roc_24,251,-0.1623986877337558,-0.001991375112282746,1.1824248607519052,1.1298211723634275,0.11155378486055777,1.0,False,-0.16386601234980702,0.0036607210613617976
8,8,largo,dd_168 ~ sin roc_24,251,-0.18648408355817467,-0.001945757961479659,0.8050686439405166,0.9776580989733363,0.07171314741035857,1.0,False,-0.16386601234980702,0.0036607210613617976
8,8,largo,dd_720 ~ sin roc_24,251,-0.17401813331386168,-0.0017566871621268916,0.8520101163232682,1.0179457465522446,0.099601593625498,1.0,False,-0.16386601234980702,0.0036607210613617976
8,8,largo,pos_168 ~ sin roc_24,251,-0.12668491481484853,-0.001583554829578639,1.0545474130459855,1.0337653663648918,0.14342629482071714,1.0,False,-0.16386601234980702,0.0036607210613617976
8,8,largo,desbal ~ sin roc_24,251,-0.16946741627485687,-0.002174900785694432,0.9891312180404089,0.9638615101928032,0.04780876494023904,1.0,False,-0.16386601234980702,0.0036607210613617976
8,8,largo,desbal_24 ~ sin roc_24,251,-0.14652911313720796,-0.0018099725536259543,0.9608452668071367,0.9742188168471594,0.06374501992031872,1.0,False,-0.16386601234980702,0.0036607210613617976
8,8,largo,desbal_168 ~ sin roc_24,251,-0.14914409878987125,-0.001713535491559473,0.9485310586625636,0.9896212908923037,0.08366533864541832,1.0,False,-0.16386601234980702,0.0036607210613617976
8,8,largo,ticket_rel ~ sin roc_24,251,-0.14627651290913438,-0.0018132067793475903,1.0047185917709425,0.9932286670169976,0.09561752988047809,1.0,False,-0.16386601234980702,0.0036607210613617976
8,8,largo,turnover ~ sin roc_24,251,-0.15424629842367488,-0.0019681917411599513,1.1196607670183738,1.0560397268079798,0.11553784860557768,1.0,False,-0.16386601234980702,0.0036607210613617976
8,8,largo,n_surge ~ sin roc_24,251,-0.14750835070647497,-0.0018416236902408089,1.1300254998159656,1.0593907596711898,0.12749003984063745,1.0,False,-0.16386601234980702,0.0036607210613617976
8,8,largo,oi_chg_1h ~ sin roc_24,201,-0.17310085333202274,-0.0021480467674032944,1.078191526581531,0.99403164763267,0.11940298507462686,1.0,False,-0.16386601234980702,0.0036607210613617976
8,8,largo,oi_chg_4h ~ sin roc_24,201,-0.1667480869833993,-0.002116393601169612,1.0771927652811153,0.9967795364214466,0.12935323383084577,1.0,False,-0.16386601234980702,0.0036607210613617976
8,8,largo,oi_chg_24h ~ sin roc_24,201,-0.15017814007052185,-0.0018286332545148372,1.085845532910452,1.0254216778461283,0.1044776119402985,1.0,False,-0.16386601234980702,0.0036607210613617976
8,8,largo,oi_z ~ sin roc_24,200,-0.18572900701189915,-0.0022277962391458127,1.00635574551704,0.9776979482956072,0.09,1.0,False,-0.16386601234980702,0.0036607210613617976
8,8,largo,oi_rel_168 ~ sin roc_24,201,-0.14248229855026937,-0.001708948516244236,1.1769997545499762,1.100132251496134,0.1691542288557214,1.0,False,-0.16386601234980702,0.0036607210613617976
8,8,largo,tt_cuentas ~ sin roc_24,190,-0.19927788491834997,-0.0021953287221391526,0.9121600597863199,0.9766071705959374,0.015789473684210527,1.0,False,-0.16386601234980702,0.0036607210613617976
8,8,largo,tt_cuentas_chg24 ~ sin roc_24,190,-0.17013016081002677,-0.0019669680690345558,1.047139970291633,1.00873028907551,0.05263157894736842,1.0,False,-0.16386601234980702,0.0036607210613617976
8,8,largo,tt_cuentas_pct ~ sin roc_24,189,-0.18588813285654315,-0.0021521938003032474,0.9836173147087895,0.9650693764713494,0.042328042328042326,1.0,False,-0.16386601234980702,0.0036607210613617976
8,8,largo,tt_pos ~ sin roc_24,190,-0.19514839866031863,-0.002279893033633001,0.9875508625026068,0.9710792558434707,0.02631578947368421,1.0,False,-0.16386601234980702,0.0036607210613617976
8,8,largo,tt_pos_chg24 ~ sin roc_24,190,-0.18451632343220972,-0.0021202113637183236,1.0585856175048733,0.9985526454895658,0.05789473684210526,1.0,False,-0.16386601234980702,0.0036607210613617976
8,8,largo,tt_pos_pct ~ sin roc_24,189,-0.18606555584046472,-0.0022022845514339737,1.0030897489851425,0.9717818890718002,0.05291005291005291,1.0,False,-0.16386601234980702,0.0036607210613617976
8,8,largo,ls_cuentas ~ sin roc_24,201,-0.2070990393220654,-0.0022957388698893856,0.9238765056136701,0.9705169103807956,0.03482587064676617,1.0,False,-0.16386601234980702,0.0036607210613617976
8,8,largo,ls_cuentas_chg24 ~ sin roc_24,201,-0.18143715835777402,-0.0021432057298418714,1.0556569627009114,1.0074064968026941,0.03980099502487562,1.0,False,-0.16386601234980702,0.0036607210613617976
8,8,largo,ls_cuentas_pct ~ sin roc_24,201,-0.1892021869687573,-0.0021842340979327233,0.9873847700206616,0.9625711955745059,0.03482587064676617,1.0,False,-0.16386601234980702,0.0036607210613617976
8,8,largo,taker ~ sin roc_24,201,-0.17505393831185906,-0.0021124098979608463,0.9928381987206107,0.9730313938374214,0.07462686567164178,1.0,False,-0.16386601234980702,0.0036607210613617976
8,8,largo,taker_chg24 ~ sin roc_24,201,-0.1694096136960039,-0.002079226396972293,0.9911616511053265,0.9721753170624399,0.07960199004975124,1.0,False,-0.16386601234980702,0.0036607210613617976
8,8,largo,taker_pct ~ sin roc_24,200,-0.17677822008874436,-0.0021573839695449835,1.0002333056554849,0.9695669598693233,0.05,1.0,False,-0.16386601234980702,0.0036607210613617976
8,8,largo,atr_24 [bajo],251,-0.22435108311462393,-0.002002893439414734,0.6547722838650186,0.9049684730980574,0.0398406374501992,1.0,False,-0.16386601234980702,0.0036607210613617976
8,8,largo,vol_24 [bajo],251,-0.22203048860457483,-0.0020309225812155034,0.662001060223507,0.8978102803031279,0.035856573705179286,1.0,False,-0.16386601234980702,0.0036607210613617976
8,8,largo,vol_168 [bajo],251,-0.22157876822062827,-0.002008125097353585,0.6683428079182693,0.9385768242683713,0.03187250996015936,1.0,False,-0.16386601234980702,0.0036607210613617976
8,8,largo,rango_168 [bajo],251,-0.21311247890317683,-0.001997443664436215,0.6947037426799124,0.9303068374729454,0.04780876494023904,1.0,False,-0.16386601234980702,0.0036607210613617976
8,8,largo,roc_24 [bajo],251,-0.14217779077504847,-0.00187906584656279,1.101797592562009,0.9736670773116107,0.0796812749003984,1.0,False,-0.16386601234980702,0.0036607210613617976
8,8,largo,roc_72 [bajo],251,-0.14936486181861788,-0.001961683622979755,1.0593271001158953,0.9313207791344909,0.10358565737051793,1.0,False,-0.16386601234980702,0.0036607210613617976
8,8,largo,roc_168 [bajo],251,-0.15991986722765217,-0.0021871549301509022,1.0473512106625722,0.9238836157482022,0.07569721115537849,1.0,False,-0.16386601234980702,0.0036607210613617976
8,8,largo,roc_720 [bajo],251,-0.16054638592306014,-0.0020432098083234323,1.0444864040875415,0.9627990766106767,0.08366533864541832,1.0,False,-0.16386601234980702,0.0036607210613617976
8,8,largo,compresion [bajo],251,-0.1555611926035419,-0.0019215628667424624,0.9362617964302051,0.8832925970635392,0.09561752988047809,1.0,False,-0.16386601234980702,0.0036607210613617976
8,8,largo,dd_168 [bajo],251,-0.14059197600732992,-0.002031087148910511,1.2653524130298899,0.9821362009460803,0.10756972111553785,1.0,False,-0.16386601234980702,0.0036607210613617976
8,8,largo,dd_720 [bajo],251,-0.1359425120000909,-0.0019224584843862038,1.1891212934049205,0.940613429108452,0.11952191235059761,1.0,False,-0.16386601234980702,0.0036607210613617976
8,8,largo,pos_168 [bajo],251,-0.1732401011885099,-0.0022783153359694727,1.0331276247564296,0.9293757658549809,0.05179282868525897,1.0,False,-0.16386601234980702,0.0036607210613617976
8,8,largo,desbal [bajo],251,-0.13965939261445057,-0.0017077298024343805,1.0035539587359428,0.9701189570904925,0.07569721115537849,1.0,False,-0.16386601234980702,0.0036607210613617976
8,8,largo,desbal_24 [bajo],251,-0.16678742264477145,-0.0019692800500608998,0.9905606091589592,0.9520564574367061,0.06374501992031872,1.0,False,-0.16386601234980702,0.0036607210613617976
8,8,largo,desbal_168 [bajo],251,-0.17980736592685867,-0.002273031947576897,0.9911116704340397,0.9566617221170806,0.03187250996015936,1.0,False,-0.16386601234980702,0.0036607210613617976
8,8,largo,ticket_rel [bajo],251,-0.1595190363225458,-0.0019637627845121262,0.9904882076256427,0.9548333360036627,0.05179282868525897,1.0,False,-0.16386601234980702,0.0036607210613617976
8,8,largo,turnover [bajo],251,-0.17169767897533048,-0.0022319351337772883,0.9938809752622478,0.9182905920584521,0.05179282868525897,1.0,False,-0.16386601234980702,0.0036607210613617976
8,8,largo,n_surge [bajo],251,-0.1646744964388291,-0.002182092227202391,1.0019243513622595,0.915750866785465,0.05976095617529881,1.0,False,-0.16386601234980702,0.0036607210613617976
8,8,largo,oi_chg_1h [bajo],201,-0.13378623567043874,-0.001658431098866687,1.1429694090175109,1.0260248050832517,0.12437810945273632,1.0,False,-0.16386601234980702,0.0036607210613617976
8,8,largo,oi_chg_4h [bajo],201,-0.1325545229915102,-0.0016168792238415554,1.146474168935741,1.0301059865624433,0.13432835820895522,1.0,False,-0.16386601234980702,0.0036607210613617976
8,8,largo,oi_chg_24h [bajo],201,-0.14432716246003474,-0.001923333581088272,1.1053149825475206,0.9887077719052213,0.0945273631840796,1.0,False,-0.16386601234980702,0.0036607210613617976
8,8,largo,oi_z [bajo],200,-0.1509387666918696,-0.0018417840037302808,1.0641873835057365,1.0191679983679554,0.09,1.0,False,-0.16386601234980702,0.0036607210613617976
8,8,largo,oi_rel_168 [bajo],201,-0.14983155705960693,-0.0019439676328846687,1.0494879702084883,0.9208170734179711,0.08955223880597014,1.0,False,-0.16386601234980702,0.0036607210613617976
8,8,largo,tt_cuentas [bajo],190,-0.11833538545792402,-0.0015968710384839865,1.1169580164611876,0.9965053772428141,0.22105263157894736,1.0,False,-0.16386601234980702,0.0036607210613617976
8,8,largo,tt_cuentas_chg24 [bajo],190,-0.16765677406572538,-0.002064443259108478,1.045752509973577,1.02186274108987,0.11052631578947368,1.0,False,-0.16386601234980702,0.0036607210613617976
8,8,largo,tt_cuentas_pct [bajo],189,-0.13474759601750452,-0.001677397838684702,1.0648074076092109,1.031914735317988,0.12698412698412698,1.0,False,-0.16386601234980702,0.0036607210613617976
8,8,largo,tt_pos [bajo],190,-0.13687424431914144,-0.0015883651873684049,0.9575974102457365,0.9843284907147833,0.13157894736842105,1.0,False,-0.16386601234980702,0.0036607210613617976
8,8,largo,tt_pos_chg24 [bajo],190,-0.15717383363272056,-0.0018932332706365917,1.0727906621943735,1.015344136568733,0.08421052631578947,1.0,False,-0.16386601234980702,0.0036607210613617976
8,8,largo,tt_pos_pct [bajo],189,-0.14854190193026617,-0.0017682883809477584,1.037092903171043,1.0066535749224201,0.10582010582010581,1.0,False,-0.16386601234980702,0.0036607210613617976
8,8,largo,ls_cuentas [bajo],201,-0.11194598362430223,-0.0015488853680982618,1.124394887770298,1.0001351478523999,0.19402985074626866,1.0,False,-0.16386601234980702,0.0036607210613617976
8,8,largo,ls_cuentas_chg24 [bajo],201,-0.1666449496789615,-0.0020284718336015225,1.0543897279409058,1.019875928874988,0.11442786069651742,1.0,False,-0.16386601234980702,0.0036607210613617976
8,8,largo,ls_cuentas_pct [bajo],201,-0.1447038862978286,-0.001790670095506844,1.0638868546875704,1.0303794994999165,0.14925373134328357,1.0,False,-0.16386601234980702,0.0036607210613617976
8,8,largo,taker [bajo],201,-0.1678258335257558,-0.0019708126723472336,0.9876557964077886,0.9677867120105121,0.04975124378109453,1.0,False,-0.16386601234980702,0.0036607210613617976
8,8,largo,taker_chg24 [bajo],201,-0.17123233528471205,-0.0019607102905182445,0.9900771254414906,0.9713639943561788,0.06467661691542288,1.0,False,-0.16386601234980702,0.0036607210613617976
8,8,largo,taker_pct [bajo],200,-0.1698921648251165,-0.002023062097535875,1.0116750649416777,0.972081754268928,0.05,1.0,False,-0.16386601234980702,0.0036607210613617976
8,8,largo,atr_24 ~ sin roc_24 [bajo],251,-0.207407151083221,-0.0019369944758802445,0.678135848401105,0.9184098218792598,0.05179282868525897,1.0,False,-0.16386601234980702,0.0036607210613617976
8,8,largo,vol_24 ~ sin roc_24 [bajo],251,-0.20665342875037435,-0.0020133924347489405,0.7023042144864724,0.9173532483025046,0.03187250996015936,1.0,False,-0.16386601234980702,0.0036607210613617976
8,8,largo,vol_168 ~ sin roc_24 [bajo],251,-0.21331203723694422,-0.0019758105926492653,0.6960657614827042,0.9529862700215557,0.043824701195219126,1.0,False,-0.16386601234980702,0.0036607210613617976
8,8,largo,rango_168 ~ sin roc_24 [bajo],251,-0.1996034067147274,-0.0019706723837705164,0.7372524994930295,0.9431438730687849,0.03187250996015936,1.0,False,-0.16386601234980702,0.0036607210613617976
8,8,largo,roc_72 ~ sin roc_24 [bajo],251,-0.15411589902804806,-0.0020459983592467468,1.0752379548827387,0.9551240969717065,0.08764940239043825,1.0,False,-0.16386601234980702,0.0036607210613617976
8,8,largo,roc_168 ~ sin roc_24 [bajo],251,-0.15698487917611859,-0.0021611773347808014,1.0616885031046734,0.9431790208557103,0.06374501992031872,1.0,False,-0.16386601234980702,0.0036607210613617976
8,8,largo,roc_720 ~ sin roc_24 [bajo],251,-0.15332912157629444,-0.001955415289421822,1.0540525614525182,0.9751469826959633,0.099601593625498,1.0,False,-0.16386601234980702,0.0036607210613617976
8,8,largo,compresion ~ sin roc_24 [bajo],251,-0.15405372019406566,-0.0019452928638179514,0.9507498482085934,0.8995450294906964,0.05976095617529881,1.0,False,-0.16386601234980702,0.0036607210613617976
8,8,largo,dd_168 ~ sin roc_24 [bajo],251,-0.13696094868056746,-0.001973806092274438,1.277259879264241,0.9971139481734466,0.13545816733067728,1.0,False,-0.16386601234980702,0.0036607210613617976
8,8,largo,dd_720 ~ sin roc_24 [bajo],251,-0.14322923923230801,-0.001993111824099407,1.185028486698084,0.9469825177203984,0.09163346613545817,1.0,False,-0.16386601234980702,0.0036607210613617976
8,8,largo,pos_168 ~ sin roc_24 [bajo],251,-0.18405461583932506,-0.0023283192550736177,1.0245859684159875,0.9425653848993072,0.07171314741035857,1.0,False,-0.16386601234980702,0.0036607210613617976
8,8,largo,desbal ~ sin roc_24 [bajo],251,-0.14229547569326348,-0.001735097800138595,1.0052904170505645,0.9724210594994425,0.08366533864541832,1.0,False,-0.16386601234980702,0.0036607210613617976
8,8,largo,desbal_24 ~ sin roc_24 [bajo],251,-0.17652301127057124,-0.002114007465113232,0.9925807232847715,0.9589139305506124,0.07569721115537849,1.0,False,-0.16386601234980702,0.0036607210613617976
8,8,largo,desbal_168 ~ sin roc_24 [bajo],251,-0.1804010030122867,-0.0022735577230572116,0.9885003742178143,0.9572778149142476,0.043824701195219126,1.0,False,-0.16386601234980702,0.0036607210613617976
8,8,largo,ticket_rel ~ sin roc_24 [bajo],251,-0.162194010222582,-0.001982712580344488,0.9926506244360515,0.9589829722382052,0.06374501992031872,1.0,False,-0.16386601234980702,0.0036607210613617976
8,8,largo,turnover ~ sin roc_24 [bajo],251,-0.16193196267009835,-0.00214545550358417,1.0525204795615484,0.966684984222,0.08366533864541832,1.0,False,-0.16386601234980702,0.0036607210613617976
8,8,largo,n_surge ~ sin roc_24 [bajo],251,-0.15615672254514698,-0.002154286507916038,1.0555835752197078,0.9641763647702631,0.07569721115537849,1.0,False,-0.16386601234980702,0.0036607210613617976
8,8,largo,oi_chg_1h ~ sin roc_24 [bajo],201,-0.1327569489578074,-0.0016789745966416284,1.144154250684696,1.0354780841547362,0.13432835820895522,1.0,False,-0.16386601234980702,0.0036607210613617976
8,8,largo,oi_chg_4h ~ sin roc_24 [bajo],201,-0.14725188466336653,-0.001730794140811226,1.1583653365982987,1.043069987087797,0.09950248756218906,1.0,False,-0.16386601234980702,0.0036607210613617976
8,8,largo,oi_chg_24h ~ sin roc_24 [bajo],201,-0.14338313601530747,-0.001894228374000379,1.1144884835025273,1.0088800453892368,0.05970149253731343,1.0,False,-0.16386601234980702,0.0036607210613617976
8,8,largo,oi_z ~ sin roc_24 [bajo],200,-0.1581802391343176,-0.002002667473832637,1.067261066348929,1.0252031172871887,0.09,1.0,False,-0.16386601234980702,0.0036607210613617976
8,8,largo,oi_rel_168 ~ sin roc_24 [bajo],201,-0.1547828179672073,-0.002032690175508689,1.0657044693234912,0.9454629924601914,0.06965174129353234,1.0,False,-0.16386601234980702,0.0036607210613617976
8,8,largo,tt_cuentas ~ sin roc_24 [bajo],190,-0.1268684753704261,-0.0016917088913438409,1.0745386223033948,0.9772388568863697,0.16842105263157894,1.0,False,-0.16386601234980702,0.0036607210613617976
8,8,largo,tt_cuentas_chg24 ~ sin roc_24 [bajo],190,-0.1772398084641473,-0.002103837507901096,1.0090265437668144,0.9904030349346038,0.05789473684210526,1.0,False,-0.16386601234980702,0.0036607210613617976
8,8,largo,tt_cuentas_pct ~ sin roc_24 [bajo],189,-0.1611341046470256,-0.0019396511571241873,1.000066509306274,0.9958257973662179,0.0582010582010582,1.0,False,-0.16386601234980702,0.0036607210613617976
8,8,largo,tt_pos ~ sin roc_24 [bajo],190,-0.14467932558967128,-0.0017014695491664748,0.9520181316994698,0.9753266718294726,0.10526315789473684,1.0,False,-0.16386601234980702,0.0036607210613617976
8,8,largo,tt_pos_chg24 ~ sin roc_24 [bajo],190,-0.1611903850978554,-0.0019580617492631664,1.054906147893653,1.0026843122530535,0.05263157894736842,1.0,False,-0.16386601234980702,0.0036607210613617976
8,8,largo,tt_pos_pct ~ sin roc_24 [bajo],189,-0.15704341102132627,-0.0018997157277920514,1.0137872047543566,0.9931798605524286,0.06878306878306878,1.0,False,-0.16386601234980702,0.0036607210613617976
8,8,largo,ls_cuentas ~ sin roc_24 [bajo],201,-0.12409414609227275,-0.0015897014386715696,1.0746429844558538,0.9783550549249656,0.18407960199004975,1.0,False,-0.16386601234980702,0.0036607210613617976
8,8,largo,ls_cuentas_chg24 ~ sin roc_24 [bajo],201,-0.17056434379257457,-0.002004086963134952,1.0150407965735855,0.988436851134878,0.05970149253731343,1.0,False,-0.16386601234980702,0.0036607210613617976
8,8,largo,ls_cuentas_pct ~ sin roc_24 [bajo],201,-0.15328332628393504,-0.0017807996850726004,1.0002219910313226,0.9925361123596093,0.09950248756218906,1.0,False,-0.16386601234980702,0.0036607210613617976
8,8,largo,taker ~ sin roc_24 [bajo],201,-0.17111794846842165,-0.002045942225220351,0.9841857120774512,0.9684588524084373,0.06467661691542288,1.0,False,-0.16386601234980702,0.0036607210613617976
8,8,largo,taker_chg24 ~ sin roc_24 [bajo],201,-0.1692386665620447,-0.0019598719175516095,0.9926141504776824,0.9730086168395751,0.07462686567164178,1.0,False,-0.16386601234980702,0.0036607210613617976
8,8,largo,taker_pct ~ sin roc_24 [bajo],200,-0.17309582591544045,-0.0020635263874543364,1.0060079825213248,0.9698802890863678,0.035,1.0,False,-0.16386601234980702,0.0036607210613617976
8,8,largo,CONTROL azar 1,251,-0.15917031075764781,-0.002008512518564372,1.0104429507170765,0.9783751434281142,0.055776892430278883,1.0,False,-0.16386601234980702,0.0036607210613617976
8,8,largo,CONTROL azar 2,251,-0.16386601234980702,-0.0020500252519348354,1.0130910156316082,0.9778082821143235,0.027888446215139442,1.0,False,-0.16386601234980702,0.0036607210613617976
8,8,largo,CONTROL azar 3,251,-0.1663828738767059,-0.0020665188930992016,1.0120681619253753,0.9772297905977985,0.05179282868525897,1.0,False,-0.16386601234980702,0.0036607210613617976
8,8,corto,atr_24,251,-0.14906505200275397,-0.0024155865735869426,1.5814482270915255,1.1564052783296852,0.16334661354581673,1.0,False,-0.15397138114812045,0.0036975497747989377
8,8,corto,vol_24,251,-0.14237431625545152,-0.0022803919617387417,1.5623547826339428,1.1617105386021258,0.16733067729083664,1.0,False,-0.15397138114812045,0.0036975497747989377
8,8,corto,vol_168,251,-0.14660702516616717,-0.002476436780422513,1.5120845657687205,1.0627229452354663,0.1553784860557769,1.0,False,-0.15397138114812045,0.0036975497747989377
8,8,corto,rango_168,251,-0.15694670647708434,-0.002525401413005404,1.455427310789391,1.0731120484879575,0.14342629482071714,1.0,False,-0.15397138114812045,0.0036975497747989377
8,8,corto,roc_24,251,-0.15973498157789354,-0.002017457583997534,1.1969320111384276,1.087750255505337,0.15139442231075698,1.0,False,-0.15397138114812045,0.0036975497747989377
8,8,corto,roc_72,251,-0.1736014811008628,-0.0022157268103942525,1.2587692181189596,1.1297166524163331,0.13147410358565736,1.0,False,-0.15397138114812045,0.0036975497747989377
8,8,corto,roc_168,251,-0.18554264374180424,-0.002448272127833331,1.2669869046862297,1.1243749991589531,0.11952191235059761,1.0,False,-0.15397138114812045,0.0036975497747989377
8,8,corto,roc_720,251,-0.17677844834491938,-0.002375064583615661,1.2333607497225758,1.0139250087609695,0.11553784860557768,1.0,False,-0.15397138114812045,0.0036975497747989377
8,8,corto,compresion,251,-0.15948508686772456,-0.002004589113075245,1.2394178058206688,1.165308848538349,0.1394422310756972,1.0,False,-0.15397138114812045,0.0036975497747989377
8,8,corto,dd_168,251,-0.2149668479293401,-0.002075244224049735,0.8271226957847417,1.0008865988462792,0.05976095617529881,1.0,False,-0.15397138114812045,0.0036975497747989377
8,8,corto,dd_720,251,-0.23968849937288628,-0.002326960062233469,0.8649459065289016,1.037583511174868,0.05179282868525897,1.0,False,-0.15397138114812045,0.0036975497747989377
8,8,corto,pos_168,251,-0.19862120491119334,-0.002368010368061482,1.1005465343742147,1.0685272751108565,0.08764940239043825,1.0,False,-0.15397138114812045,0.0036975497747989377
8,8,corto,desbal,251,-0.15258253691777213,-0.0018244101670593376,0.9938615102926598,0.9685182829235924,0.0796812749003984,1.0,False,-0.15397138114812045,0.0036975497747989377
8,8,corto,desbal_24,251,-0.18272366584985394,-0.0021599633076259525,0.9731474588995961,0.9867215887033425,0.03187250996015936,1.0,False,-0.15397138114812045,0.0036975497747989377
8,8,corto,desbal_168,251,-0.1932027878282639,-0.002183139730584679,0.9466768081117755,0.9932942740128372,0.0199203187250996,1.0,False,-0.15397138114812045,0.0036975497747989377
8,8,corto,ticket_rel,251,-0.18077926409881215,-0.0021523457980598165,1.012194968033354,0.9997587131060836,0.07171314741035857,1.0,False,-0.15397138114812045,0.0036975497747989377
8,8,corto,turnover,251,-0.1675467824930849,-0.002091103421425387,1.1534091910564295,1.090343743821667,0.10358565737051793,1.0,False,-0.15397138114812045,0.0036975497747989377
8,8,corto,n_surge,251,-0.17228848612883343,-0.0022217690293834164,1.1676200990327685,1.0957585478521281,0.14342629482071714,1.0,False,-0.15397138114812045,0.0036975497747989377
8,8,corto,oi_chg_1h,201,-0.15137236637552787,-0.0019016343662144701,1.08822259546449,1.0005622376239438,0.10945273631840796,1.0,False,-0.15397138114812045,0.0036975497747989377
8,8,corto,oi_chg_4h,201,-0.1613271107403763,-0.0019311049991120766,1.089481002906074,1.0088890350158144,0.12935323383084577,1.0,False,-0.15397138114812045,0.0036975497747989377
8,8,corto,oi_chg_24h,201,-0.179141376926443,-0.0021685035365116134,1.161634837075471,1.078421068738022,0.10945273631840796,1.0,False,-0.15397138114812045,0.0036975497747989377
8,8,corto,oi_z,200,-0.15331715865154913,-0.0018202369639193328,1.013277879712168,0.984179365748443,0.105,1.0,False,-0.15397138114812045,0.0036975497747989377
8,8,corto,oi_rel_168,201,-0.1936521724826545,-0.00234233033822478,1.2324959650704321,1.1373162204582545,0.0945273631840796,1.0,False,-0.15397138114812045,0.0036975497747989377
8,8,corto,tt_cuentas,190,-0.15980930030957075,-0.0017660515547442285,0.9110818735579279,0.9741273789415189,0.05789473684210526,1.0,False,-0.15397138114812045,0.0036975497747989377
8,8,corto,tt_cuentas_chg24,190,-0.16682226850269305,-0.0021196576412260077,1.027024849517123,0.9965522703146628,0.06315789473684211,1.0,False,-0.15397138114812045,0.0036975497747989377
8,8,corto,tt_cuentas_pct,189,-0.15665860806308626,-0.0019948513782801144,0.9900115802166031,0.9589806124874988,0.07407407407407407,1.0,False,-0.15397138114812045,0.0036975497747989377
8,8,corto,tt_pos,190,-0.13460439252329495,-0.0016465643964352502,0.9919677594140605,0.9707732897024466,0.08947368421052632,1.0,False,-0.15397138114812045,0.0036975497747989377
8,8,corto,tt_pos_chg24,190,-0.1357531186494391,-0.0017808139438080426,1.0548359113503634,0.9942256063924526,0.11052631578947368,1.0,False,-0.15397138114812045,0.0036975497747989377
8,8,corto,tt_pos_pct,189,-0.14803868755221603,-0.001814490439622579,1.0092543061667623,0.9725739462743701,0.08465608465608465,1.0,False,-0.15397138114812045,0.0036975497747989377
8,8,corto,ls_cuentas,201,-0.15499518566010162,-0.0017342228857123415,0.9233111029932707,0.9670602724043877,0.07462686567164178,1.0,False,-0.15397138114812045,0.0036975497747989377
8,8,corto,ls_cuentas_chg24,201,-0.15341342057745858,-0.001961766909358435,1.0376186107119287,0.994318568103441,0.0945273631840796,1.0,False,-0.15397138114812045,0.0036975497747989377
8,8,corto,ls_cuentas_pct,201,-0.15309401434678238,-0.0019399167115894745,0.996898023704702,0.9574649408371828,0.1044776119402985,1.0,False,-0.15397138114812045,0.0036975497747989377
8,8,corto,taker,201,-0.16075494311729754,-0.001900399606675637,0.9887639563342074,0.9709483866008906,0.04477611940298507,1.0,False,-0.15397138114812045,0.0036975497747989377
8,8,corto,taker_chg24,201,-0.17228924148580352,-0.001970367352019615,0.987474195686909,0.9702454722253837,0.06965174129353234,1.0,False,-0.15397138114812045,0.0036975497747989377
8,8,corto,taker_pct,200,-0.1556741436570056,-0.0018671311301331262,1.0095531303269205,0.9734376897114041,0.065,1.0,False,-0.15397138114812045,0.0036975497747989377
8,8,corto,atr_24 ~ sin roc_24,251,-0.12686404969732315,-0.0021320621591215958,1.5158680018146637,1.1188446184922562,0.12749003984063745,1.0,False,-0.15397138114812045,0.0036975497747989377
8,8,corto,vol_24 ~ sin roc_24,251,-0.13363256584916094,-0.002179043657201588,1.4857371710165137,1.1229148106195312,0.1593625498007968,1.0,False,-0.15397138114812045,0.0036975497747989377
8,8,corto,vol_168 ~ sin roc_24,251,-0.1260576770334081,-0.0021001556576216844,1.4437233643461522,1.0472006210008895,0.14342629482071714,1.0,False,-0.15397138114812045,0.0036975497747989377
8,8,corto,rango_168 ~ sin roc_24,251,-0.13640258982935888,-0.002166087028315165,1.4007049253991832,1.0582400352331747,0.1553784860557769,1.0,False,-0.15397138114812045,0.0036975497747989377
8,8,corto,roc_72 ~ sin roc_24,251,-0.17099084061042127,-0.002198713432250662,1.1930920424979992,1.082470346010927,0.10756972111553785,1.0,False,-0.15397138114812045,0.0036975497747989377
8,8,corto,roc_168 ~ sin roc_24,251,-0.17663802846983823,-0.0023489383188634596,1.2147942932051834,1.0858247524239548,0.11155378486055777,1.0,False,-0.15397138114812045,0.0036975497747989377
8,8,corto,roc_720 ~ sin roc_24,251,-0.1650764076962761,-0.0022453477065925796,1.2110052789778818,1.0042415935776854,0.12350597609561753,1.0,False,-0.15397138114812045,0.0036975497747989377
8,8,corto,compresion ~ sin roc_24,251,-0.1610977365613979,-0.0020086248877172557,1.1824248607519052,1.1298211723634275,0.099601593625498,1.0,False,-0.15397138114812045,0.0036975497747989377
8,8,corto,dd_168 ~ sin roc_24,251,-0.21751165524945673,-0.0020542420385203423,0.8050686439405166,0.9776580989733363,0.0199203187250996,1.0,False,-0.15397138114812045,0.0036975497747989377
8,8,corto,dd_720 ~ sin roc_24,251,-0.22808128953594053,-0.0022433128378731093,0.8520101163232682,1.0179457465522446,0.043824701195219126,1.0,False,-0.15397138114812045,0.0036975497747989377
8,8,corto,pos_168 ~ sin roc_24,251,-0.20643288885152622,-0.0024164451704213625,1.0545474130459855,1.0337653663648918,0.04780876494023904,1.0,False,-0.15397138114812045,0.0036975497747989377
8,8,corto,desbal ~ sin roc_24,251,-0.15199752194666993,-0.001825099214305569,0.9891312180404089,0.9638615101928032,0.055776892430278883,1.0,False,-0.15397138114812045,0.0036975497747989377
8,8,corto,desbal_24 ~ sin roc_24,251,-0.18749265716095764,-0.0021900274463740473,0.9608452668071367,0.9742188168471594,0.03187250996015936,1.0,False,-0.15397138114812045,0.0036975497747989377
8,8,corto,desbal_168 ~ sin roc_24,251,-0.19661200977690474,-0.0022864645084405277,0.9485310586625636,0.9896212908923037,0.03187250996015936,1.0,False,-0.15397138114812045,0.0036975497747989377
8,8,corto,ticket_rel ~ sin roc_24,251,-0.18129458616416713,-0.002186793220652411,1.0047185917709425,0.9932286670169976,0.04780876494023904,1.0,False,-0.15397138114812045,0.0036975497747989377
8,8,corto,turnover ~ sin roc_24,251,-0.16212547651670006,-0.0020318082588400496,1.1196607670183738,1.0560397268079798,0.09561752988047809,1.0,False,-0.15397138114812045,0.0036975497747989377
8,8,corto,n_surge ~ sin roc_24,251,-0.1670620691455681,-0.0021583763097591927,1.1300254998159656,1.0593907596711898,0.09163346613545817,1.0,False,-0.15397138114812045,0.0036975497747989377
8,8,corto,oi_chg_1h ~ sin roc_24,201,-0.14729631179963842,-0.0018519532325967068,1.078191526581531,0.99403164763267,0.12935323383084577,1.0,False,-0.15397138114812045,0.0036975497747989377
8,8,corto,oi_chg_4h ~ sin roc_24,201,-0.15463869929112922,-0.0018836063988303892,1.0771927652811153,0.9967795364214466,0.11940298507462686,1.0,False,-0.15397138114812045,0.0036975497747989377
8,8,corto,oi_chg_24h ~ sin roc_24,201,-0.17546489058968356,-0.0021713667454851646,1.085845532910452,1.0254216778461283,0.05472636815920398,1.0,False,-0.15397138114812045,0.0036975497747989377
8,8,corto,oi_z ~ sin roc_24,200,-0.14887884992536496,-0.0017722037608541884,1.00635574551704,0.9776979482956072,0.08,1.0,False,-0.15397138114812045,0.0036975497747989377
8,8,corto,oi_rel_168 ~ sin roc_24,201,-0.18841625952592703,-0.0022910514837557656,1.1769997545499762,1.100132251496134,0.08955223880597014,1.0,False,-0.15397138114812045,0.0036975497747989377
8,8,corto,tt_cuentas ~ sin roc_24,190,-0.16623073035116634,-0.0018046712778608481,0.9121600597863199,0.9766071705959374,0.06315789473684211,1.0,False,-0.15397138114812045,0.0036975497747989377
8,8,corto,tt_cuentas_chg24 ~ sin roc_24,190,-0.16170793275221976,-0.002033031930965446,1.047139970291633,1.00873028907551,0.06315789473684211,1.0,False,-0.15397138114812045,0.0036975497747989377
8,8,corto,tt_cuentas_pct ~ sin roc_24,189,-0.15026146844526317,-0.001847806199696754,0.9836173147087895,0.9650693764713494,0.08465608465608465,1.0,False,-0.15397138114812045,0.0036975497747989377
8,8,corto,tt_pos ~ sin roc_24,190,-0.14006668239657702,-0.0017201069663670004,0.9875508625026068,0.9710792558434707,0.08421052631578947,1.0,False,-0.15397138114812045,0.0036975497747989377
8,8,corto,tt_pos_chg24 ~ sin roc_24,190,-0.13868183463302597,-0.001879788636281678,1.0585856175048733,0.9985526454895658,0.08947368421052632,1.0,False,-0.15397138114812045,0.0036975497747989377
8,8,corto,tt_pos_pct ~ sin roc_24,189,-0.14619412257099246,-0.0017977154485660275,1.0030897489851425,0.9717818890718002,0.08465608465608465,1.0,False,-0.15397138114812045,0.0036975497747989377
8,8,corto,ls_cuentas ~ sin roc_24,201,-0.15393507680558105,-0.0017042611301106157,0.9238765056136701,0.9705169103807956,0.07960199004975124,1.0,False,-0.15397138114812045,0.0036975497747989377
8,8,corto,ls_cuentas_chg24 ~ sin roc_24,201,-0.14974337031397744,-0.0018567942701581304,1.0556569627009114,1.0074064968026941,0.0945273631840796,1.0,False,-0.15397138114812045,0.0036975497747989377
8,8,corto,ls_cuentas_pct ~ sin roc_24,201,-0.14648494779605725,-0.0018157659020672783,0.9873847700206616,0.9625711955745059,0.0945273631840796,1.0,False,-0.15397138114812045,0.0036975497747989377
8,8,corto,taker ~ sin roc_24,201,-0.16091102822886838,-0.0018875901020391553,0.9928381987206107,0.9730313938374214,0.05970149253731343,1.0,False,-0.15397138114812045,0.0036975497747989377
8,8,corto,taker_chg24 ~ sin roc_24,201,-0.16695646262562422,-0.0019207736030277082,0.9911616511053265,0.9721753170624399,0.0845771144278607,1.0,False,-0.15397138114812045,0.0036975497747989377
8,8,corto,taker_pct ~ sin roc_24,200,-0.1561422372451138,-0.0018426160304550177,1.0002333056554849,0.9695669598693233,0.07,1.0,False,-0.15397138114812045,0.0036975497747989377
8,8,corto,atr_24 [bajo],251,-0.2415869346409093,-0.001997106560585267,0.6547722838650186,0.9049684730980574,0.035856573705179286,1.0,False,-0.15397138114812045,0.0036975497747989377
8,8,corto,vol_24 [bajo],251,-0.2324065761842008,-0.001969077418784498,0.662001060223507,0.8978102803031279,0.035856573705179286,1.0,False,-0.15397138114812045,0.0036975497747989377
8,8,corto,vol_168 [bajo],251,-0.24527670559256137,-0.0019918749026464158,0.6683428079182693,0.9385768242683713,0.02390438247011952,1.0,False,-0.15397138114812045,0.0036975497747989377
8,8,corto,rango_168 [bajo],251,-0.23197538325020695,-0.002002556335563786,0.6947037426799124,0.9303068374729454,0.027888446215139442,1.0,False,-0.15397138114812045,0.0036975497747989377
8,8,corto,roc_24 [bajo],251,-0.15439727440165427,-0.002120934153437212,1.101797592562009,0.9736670773116107,0.05976095617529881,1.0,False,-0.15397138114812045,0.0036975497747989377
8,8,corto,roc_72 [bajo],251,-0.1454181239512311,-0.0020383163770202467,1.0593271001158953,0.9313207791344909,0.0796812749003984,1.0,False,-0.15397138114812045,0.0036975497747989377
8,8,corto,roc_168 [bajo],251,-0.1338837101241735,-0.001812845069849099,1.0473512106625722,0.9238836157482022,0.09163346613545817,1.0,False,-0.15397138114812045,0.0036975497747989377
8,8,corto,roc_720 [bajo],251,-0.14385835369852712,-0.0019567901916765695,1.0444864040875415,0.9627990766106767,0.099601593625498,1.0,False,-0.15397138114812045,0.0036975497747989377
8,8,corto,compresion [bajo],251,-0.162040837275131,-0.002078437133257539,0.9362617964302051,0.8832925970635392,0.06772908366533864,1.0,False,-0.15397138114812045,0.0036975497747989377
8,8,corto,dd_168 [bajo],251,-0.11888958007302196,-0.0019689128510894907,1.2653524130298899,0.9821362009460803,0.13545816733067728,1.0,False,-0.15397138114812045,0.0036975497747989377
8,8,corto,dd_720 [bajo],251,-0.12566430019862024,-0.0020775415156137978,1.1891212934049205,0.940613429108452,0.12749003984063745,1.0,False,-0.15397138114812045,0.0036975497747989377
8,8,corto,pos_168 [bajo],251,-0.12643835895124927,-0.0017216846640305285,1.0331276247564296,0.9293757658549809,0.11553784860557768,1.0,False,-0.15397138114812045,0.0036975497747989377
8,8,corto,desbal [bajo],251,-0.17812607776762635,-0.002292270197565621,1.0035539587359428,0.9701189570904925,0.035856573705179286,1.0,False,-0.15397138114812045,0.0036975497747989377
8,8,corto,desbal_24 [bajo],251,-0.15090971949097698,-0.0020307199499391016,0.9905606091589592,0.9520564574367061,0.07171314741035857,1.0,False,-0.15397138114812045,0.0036975497747989377
8,8,corto,desbal_168 [bajo],251,-0.13829815268039602,-0.0017269680524231042,0.9911116704340397,0.9566617221170806,0.07171314741035857,1.0,False,-0.15397138114812045,0.0036975497747989377
8,8,corto,ticket_rel [bajo],251,-0.15925941315359607,-0.002036237215487875,0.9904882076256427,0.9548333360036627,0.05179282868525897,1.0,False,-0.15397138114812045,0.0036975497747989377
8,8,corto,turnover [bajo],251,-0.13473874371828837,-0.001768064866222713,0.9938809752622478,0.9182905920584521,0.08764940239043825,1.0,False,-0.15397138114812045,0.0036975497747989377
8,8,corto,n_surge [bajo],251,-0.13977180917221216,-0.00181790777279761,1.0019243513622595,0.915750866785465,0.07569721115537849,1.0,False,-0.15397138114812045,0.0036975497747989377
8,8,corto,oi_chg_1h [bajo],201,-0.18036838917349562,-0.0023415689011333147,1.1429694090175109,1.0260248050832517,0.06467661691542288,1.0,False,-0.15397138114812045,0.0036975497747989377
8,8,corto,oi_chg_4h [bajo],201,-0.181605198906778,-0.002383120776158446,1.146474168935741,1.0301059865624433,0.06965174129353234,1.0,False,-0.15397138114812045,0.0036975497747989377
8,8,corto,oi_chg_24h [bajo],201,-0.16575669634980605,-0.0020766664189117295,1.1053149825475206,0.9887077719052213,0.06965174129353234,1.0,False,-0.15397138114812045,0.0036975497747989377
8,8,corto,oi_z [bajo],200,-0.18028882316181685,-0.00215821599626972,1.0641873835057365,1.0191679983679554,0.045,1.0,False,-0.15397138114812045,0.0036975497747989377
8,8,corto,oi_rel_168 [bajo],201,-0.1537771821915143,-0.0020560323671153327,1.0494879702084883,0.9208170734179711,0.05970149253731343,1.0,False,-0.15397138114812045,0.0036975497747989377
8,8,corto,tt_cuentas [bajo],190,-0.19660901089889646,-0.0024031289615160153,1.1169580164611876,0.9965053772428141,0.10526315789473684,1.0,False,-0.15397138114812045,0.0036975497747989377
8,8,corto,tt_cuentas_chg24 [bajo],190,-0.1692799235514213,-0.0019355567408915232,1.045752509973577,1.02186274108987,0.11052631578947368,1.0,False,-0.15397138114812045,0.0036975497747989377
8,8,corto,tt_cuentas_pct [bajo],189,-0.20149773376658858,-0.0023226021613152997,1.0648074076092109,1.031914735317988,0.06349206349206349,1.0,False,-0.15397138114812045,0.0036975497747989377
8,8,corto,tt_pos [bajo],190,-0.21698909687720894,-0.0024116348126315963,0.9575974102457365,0.9843284907147833,0.02631578947368421,1.0,False,-0.15397138114812045,0.0036975497747989377
8,8,corto,tt_pos_chg24 [bajo],190,-0.1685325976272701,-0.00210676672936341,1.0727906621943735,1.015344136568733,0.09473684210526316,1.0,False,-0.15397138114812045,0.0036975497747989377
8,8,corto,tt_pos_pct [bajo],189,-0.18477656611949472,-0.002231711619052243,1.037092903171043,1.0066535749224201,0.06878306878306878,1.0,False,-0.15397138114812045,0.0036975497747989377
8,8,corto,ls_cuentas [bajo],201,-0.20346000000106465,-0.0024511146319017396,1.124394887770298,1.0001351478523999,0.07462686567164178,1.0,False,-0.15397138114812045,0.0036975497747989377
8,8,corto,ls_cuentas_chg24 [bajo],201,-0.16896791862357047,-0.001971528166398479,1.0543897279409058,1.019875928874988,0.07462686567164178,1.0,False,-0.15397138114812045,0.0036975497747989377
8,8,corto,ls_cuentas_pct [bajo],201,-0.1925840355860311,-0.0022093299044931578,1.0638868546875704,1.0303794994999165,0.07462686567164178,1.0,False,-0.15397138114812045,0.0036975497747989377
8,8,corto,taker [bajo],201,-0.16925362154744675,-0.0020291873276527678,0.9876557964077886,0.9677867120105121,0.04975124378109453,1.0,False,-0.15397138114812045,0.0036975497747989377
8,8,corto,taker_chg24 [bajo],201,-0.1659920063416738,-0.002039289709481757,0.9900771254414906,0.9713639943561788,0.05970149253731343,1.0,False,-0.15397138114812045,0.0036975497747989377
8,8,corto,taker_pct [bajo],200,-0.16096142341908348,-0.0019769379024641267,1.0116750649416777,0.972081754268928,0.075,1.0,False,-0.15397138114812045,0.0036975497747989377
8,8,corto,atr_24 ~ sin roc_24 [bajo],251,-0.24481687696009763,-0.0020630055241197564,0.678135848401105,0.9184098218792598,0.0199203187250996,1.0,False,-0.15397138114812045,0.0036975497747989377
8,8,corto,vol_24 ~ sin roc_24 [bajo],251,-0.22946002570998558,-0.0019866075652510604,0.7023042144864724,0.9173532483025046,0.035856573705179286,1.0,False,-0.15397138114812045,0.0036975497747989377
8,8,corto,vol_168 ~ sin roc_24 [bajo],251,-0.2411283497213358,-0.0020241894073507356,0.6960657614827042,0.9529862700215557,0.02390438247011952,1.0,False,-0.15397138114812045,0.0036975497747989377
8,8,corto,rango_168 ~ sin roc_24 [bajo],251,-0.2272482834701938,-0.0020293276162294846,0.7372524994930295,0.9431438730687849,0.027888446215139442,1.0,False,-0.15397138114812045,0.0036975497747989377
8,8,corto,roc_72 ~ sin roc_24 [bajo],251,-0.14256208770885828,-0.0019540016407532546,1.0752379548827387,0.9551240969717065,0.10756972111553785,1.0,False,-0.15397138114812045,0.0036975497747989377
8,8,corto,roc_168 ~ sin roc_24 [bajo],251,-0.13924483055669648,-0.0018388226652192004,1.0616885031046734,0.9431790208557103,0.10756972111553785,1.0,False,-0.15397138114812045,0.0036975497747989377
8,8,corto,roc_720 ~ sin roc_24 [bajo],251,-0.1524547973035292,-0.0020445847105781795,1.0540525614525182,0.9751469826959633,0.07171314741035857,1.0,False,-0.15397138114812045,0.0036975497747989377
8,8,corto,compresion ~ sin roc_24 [bajo],251,-0.16306803505977713,-0.0020547071361820502,0.9507498482085934,0.8995450294906964,0.08764940239043825,1.0,False,-0.15397138114812045,0.0036975497747989377
8,8,corto,dd_168 ~ sin roc_24 [bajo],251,-0.12509836220805837,-0.002026193907725564,1.277259879264241,0.9971139481734466,0.13147410358565736,1.0,False,-0.15397138114812045,0.0036975497747989377
8,8,corto,dd_720 ~ sin roc_24 [bajo],251,-0.12135546375817621,-0.002006888175900595,1.185028486698084,0.9469825177203984,0.1394422310756972,1.0,False,-0.15397138114812045,0.0036975497747989377
8,8,corto,pos_168 ~ sin roc_24 [bajo],251,-0.12232396186309868,-0.0016716807449263836,1.0245859684159875,0.9425653848993072,0.14741035856573706,1.0,False,-0.15397138114812045,0.0036975497747989377
8,8,corto,desbal ~ sin roc_24 [bajo],251,-0.17559314050698732,-0.002264902199861406,1.0052904170505645,0.9724210594994425,0.043824701195219126,1.0,False,-0.15397138114812045,0.0036975497747989377
8,8,corto,desbal_24 ~ sin roc_24 [bajo],251,-0.14207400685047958,-0.0018859925348867696,0.9925807232847715,0.9589139305506124,0.10358565737051793,1.0,False,-0.15397138114812045,0.0036975497747989377
8,8,corto,desbal_168 ~ sin roc_24 [bajo],251,-0.13834402345715696,-0.0017264422769427898,0.9885003742178143,0.9572778149142476,0.08366533864541832,1.0,False,-0.15397138114812045,0.0036975497747989377
8,8,corto,ticket_rel ~ sin roc_24 [bajo],251,-0.1561911894169144,-0.0020172874196555135,0.9926506244360515,0.9589829722382052,0.06772908366533864,1.0,False,-0.15397138114812045,0.0036975497747989377
8,8,corto,turnover ~ sin roc_24 [bajo],251,-0.14455179802859133,-0.0018545444964158315,1.0525204795615484,0.966684984222,0.10358565737051793,1.0,False,-0.15397138114812045,0.0036975497747989377
8,8,corto,n_surge ~ sin roc_24 [bajo],251,-0.1490034175347012,-0.001845713492083964,1.0555835752197078,0.9641763647702631,0.09163346613545817,1.0,False,-0.15397138114812045,0.0036975497747989377
8,8,corto,oi_chg_1h ~ sin roc_24 [bajo],201,-0.18291099242874442,-0.002321025403358373,1.144154250684696,1.0354780841547362,0.05970149253731343,1.0,False,-0.15397138114812045,0.0036975497747989377
8,8,corto,oi_chg_4h ~ sin roc_24 [bajo],201,-0.16860290472075315,-0.0022692058591887755,1.1583653365982987,1.043069987087797,0.07960199004975124,1.0,False,-0.15397138114812045,0.0036975497747989377
8,8,corto,oi_chg_24h ~ sin roc_24 [bajo],201,-0.17118418874145816,-0.0021057716259996226,1.1144884835025273,1.0088800453892368,0.07960199004975124,1.0,False,-0.15397138114812045,0.0036975497747989377
8,8,corto,oi_z ~ sin roc_24 [bajo],200,-0.17317277750851642,-0.0019973325261673646,1.067261066348929,1.0252031172871887,0.04,1.0,False,-0.15397138114812045,0.0036975497747989377
8,8,corto,oi_rel_168 ~ sin roc_24 [bajo],201,-0.1517464315717788,-0.0019673098244913124,1.0657044693234912,0.9454629924601914,0.0945273631840796,1.0,False,-0.15397138114812045,0.0036975497747989377
8,8,corto,tt_cuentas ~ sin roc_24 [bajo],190,-0.1912504259501587,-0.0023082911086561605,1.0745386223033948,0.9772388568863697,0.07894736842105263,1.0,False,-0.15397138114812045,0.0036975497747989377
8,8,corto,tt_cuentas_chg24 ~ sin roc_24 [bajo],190,-0.16055817073320464,-0.0018961624920989055,1.0090265437668144,0.9904030349346038,0.07368421052631578,1.0,False,-0.15397138114812045,0.0036975497747989377
8,8,corto,tt_cuentas_pct ~ sin roc_24 [bajo],189,-0.18252806556797088,-0.0020603488428758148,1.000066509306274,0.9958257973662179,0.047619047619047616,1.0,False,-0.15397138114812045,0.0036975497747989377
8,8,corto,tt_pos ~ sin roc_24 [bajo],190,-0.20784241811206736,-0.0022985304508335263,0.9520181316994698,0.9753266718294726,0.03684210526315789,1.0,False,-0.15397138114812045,0.0036975497747989377
8,8,corto,tt_pos_chg24 ~ sin roc_24 [bajo],190,-0.16520828144849162,-0.0020419382507368346,1.054906147893653,1.0026843122530535,0.07368421052631578,1.0,False,-0.15397138114812045,0.0036975497747989377
8,8,corto,tt_pos_pct ~ sin roc_24 [bajo],189,-0.17914147076442288,-0.00210028427220795,1.0137872047543566,0.9931798605524286,0.05291005291005291,1.0,False,-0.15397138114812045,0.0036975497747989377
8,8,corto,ls_cuentas ~ sin roc_24 [bajo],201,-0.196359003735804,-0.0024102985613284316,1.0746429844558538,0.9783550549249656,0.0945273631840796,1.0,False,-0.15397138114812045,0.0036975497747989377
8,8,corto,ls_cuentas_chg24 ~ sin roc_24 [bajo],201,-0.16632525834143122,-0.00199591303686505,1.0150407965735855,0.988436851134878,0.0945273631840796,1.0,False,-0.15397138114812045,0.0036975497747989377
8,8,corto,ls_cuentas_pct ~ sin roc_24 [bajo],201,-0.1919500859088001,-0.0022192003149274007,1.0002219910313226,0.9925361123596093,0.03482587064676617,1.0,False,-0.15397138114812045,0.0036975497747989377
8,8,corto,taker ~ sin roc_24 [bajo],201,-0.16674664705896147,-0.00195405777477965,0.9841857120774512,0.9684588524084373,0.03482587064676617,1.0,False,-0.15397138114812045,0.0036975497747989377
8,8,corto,taker_chg24 ~ sin roc_24 [bajo],201,-0.16739636350370107,-0.002040128082448392,0.9926141504776824,0.9730086168395751,0.05970149253731343,1.0,False,-0.15397138114812045,0.0036975497747989377
8,8,corto,taker_pct ~ sin roc_24 [bajo],200,-0.15873940636563133,-0.0019364736125456648,1.0060079825213248,0.9698802890863678,0.07,1.0,False,-0.15397138114812045,0.0036975497747989377
8,8,corto,CONTROL azar 1,251,-0.15933718196982893,-0.0019914874814356298,1.0104429507170765,0.9783751434281142,0.04780876494023904,1.0,False,-0.15397138114812045,0.0036975497747989377
8,8,corto,CONTROL azar 2,251,-0.15397138114812045,-0.0019499747480651655,1.0130910156316082,0.9778082821143235,0.05976095617529881,1.0,False,-0.15397138114812045,0.0036975497747989377
8,8,corto,CONTROL azar 3,251,-0.15224726905982505,-0.0019334811069008004,1.0120681619253753,0.9772297905977985,0.06772908366533864,1.0,False,-0.15397138114812045,0.0036975497747989377
8,16,largo,atr_24,237,-0.12143159470345981,-0.001807212136059621,1.317183331191907,1.0641320175671067,0.06751054852320675,1.0,False,-0.16027103485351507,0.0005744159616650173
8,16,largo,vol_24,237,-0.13044239944094155,-0.001910041192677811,1.3087756536993316,1.067753764965357,0.05485232067510549,1.0,False,-0.16027103485351507,0.0005744159616650173
8,16,largo,vol_168,237,-0.12034895779343202,-0.0017877166216785393,1.2919572369254835,1.02024892793688,0.06751054852320675,1.0,False,-0.16027103485351507,0.0005744159616650173
8,16,largo,rango_168,237,-0.12385997098435185,-0.0017796917865466747,1.2592677703461255,1.0265459646414956,0.05907172995780591,1.0,False,-0.16027103485351507,0.0005744159616650173
8,16,largo,roc_24,237,-0.16496964993300228,-0.002082117559214983,1.0443586127368962,1.0202045153355486,0.04219409282700422,1.0,False,-0.16027103485351507,0.0005744159616650173
8,16,largo,roc_72,237,-0.1573266498920797,-0.001924011409543037,1.0745019606904682,1.0473017420140156,0.05485232067510549,1.0,False,-0.16027103485351507,0.0005744159616650173
8,16,largo,roc_168,237,-0.15286545757396724,-0.0018479815760096272,1.080543875383018,1.0469714958108285,0.05063291139240506,1.0,False,-0.16027103485351507,0.0005744159616650173
8,16,largo,roc_720,237,-0.1487772642756453,-0.0019031682037324205,1.0721593792961206,0.998831053892603,0.05907172995780591,1.0,False,-0.16027103485351507,0.0005744159616650173
8,16,largo,compresion,237,-0.161101059714864,-0.002043290928535,1.1109745945591984,1.0740275641235761,0.03375527426160337,1.0,False,-0.16027103485351507,0.0005744159616650173
8,16,largo,dd_168,237,-0.17994183849477716,-0.0019676133121968543,0.8661030302877838,0.9887630009375415,0.02531645569620253,1.0,False,-0.16027103485351507,0.0005744159616650173
8,16,largo,dd_720,237,-0.17300258735774518,-0.0019064631091478402,0.886048532551862,1.0141742160440175,0.04219409282700422,1.0,False,-0.16027103485351507,0.0005744159616650173
8,16,largo,pos_168,237,-0.14780965881185784,-0.0018100926963963905,1.0290727818596688,1.026970067603026,0.06751054852320675,1.0,False,-0.16027103485351507,0.0005744159616650173
8,16,largo,desbal,237,-0.17344237459879688,-0.0021735790131723826,0.9975276566119393,0.9769939478521272,0.02109704641350211,1.0,False,-0.16027103485351507,0.0005744159616650173
8,16,largo,desbal_24,237,-0.1544810682303519,-0.0019241880123379567,0.9922795943349969,0.989438948955742,0.0379746835443038,1.0,False,-0.16027103485351507,0.0005744159616650173
8,16,largo,desbal_168,237,-0.15580299783712767,-0.0018725209874721517,0.9867583095530663,0.9928851723340808,0.02531645569620253,1.0,False,-0.16027103485351507,0.0005744159616650173
8,16,largo,ticket_rel,237,-0.15538192326243552,-0.0019285319918813926,1.009771312304332,0.9936420876379966,0.016877637130801686,1.0,False,-0.16027103485351507,0.0005744159616650173
8,16,largo,turnover,237,-0.15278863404385903,-0.001933981848729878,1.058378391695557,1.0371363512628893,0.046413502109704644,1.0,False,-0.16027103485351507,0.0005744159616650173
8,16,largo,n_surge,237,-0.1524663451932858,-0.001888676169147849,1.0633635810914173,1.0409829247542866,0.05063291139240506,1.0,False,-0.16027103485351507,0.0005744159616650173
8,16,largo,oi_chg_1h,185,-0.17110760280992915,-0.00209321218130759,1.0126685619538407,0.9808133453725512,0.032432432432432434,1.0,False,-0.16027103485351507,0.0005744159616650173
8,16,largo,oi_chg_4h,185,-0.16492636295222063,-0.0020549936847297327,1.0112528990625524,0.9830394444780007,0.04864864864864865,1.0,False,-0.16027103485351507,0.0005744159616650173
8,16,largo,oi_chg_24h,185,-0.16336367155489406,-0.0020031957125050443,1.0358845171419218,1.0173613842207891,0.043243243243243246,1.0,False,-0.16027103485351507,0.0005744159616650173
8,16,largo,oi_z,183,-0.17379517003506945,-0.002089077349834026,0.9939193798314949,0.9731450527330416,0.01639344262295082,1.0,False,-0.16027103485351507,0.0005744159616650173
8,16,largo,oi_rel_168,184,-0.16255154129287552,-0.0019364621602273612,1.061064227759707,1.0512394655394426,0.059782608695652176,1.0,False,-0.16027103485351507,0.0005744159616650173
8,16,largo,tt_cuentas,185,-0.19134488001218952,-0.0021743329972501464,0.9390478502255697,0.974186931716926,0.010810810810810811,1.0,False,-0.16027103485351507,0.0005744159616650173
8,16,largo,tt_cuentas_chg24,185,-0.16552416943016057,-0.0019508751907935538,1.005029921342976,0.9785404592076028,0.021621621621621623,1.0,False,-0.16027103485351507,0.0005744159616650173
8,16,largo,tt_cuentas_pct,184,-0.17348462246335322,-0.002104519872351959,0.9891617706360605,0.9583648393834729,0.010869565217391304,1.0,False,-0.16027103485351507,0.0005744159616650173
8,16,largo,tt_pos,185,-0.18526612210809282,-0.002196492716107655,0.9986807472510691,0.9756314487518993,0.010810810810810811,1.0,False,-0.16027103485351507,0.0005744159616650173
8,16,largo,tt_pos_chg24,185,-0.17372657911224226,-0.002054548967702408,1.0178566104269002,0.9802857848617117,0.032432432432432434,1.0,False,-0.16027103485351507,0.0005744159616650173
8,16,largo,tt_pos_pct,184,-0.1767294273094623,-0.002155587245065879,1.0003150858727368,0.9694404157588774,0.016304347826086956,1.0,False,-0.16027103485351507,0.0005744159616650173
8,16,largo,ls_cuentas,185,-0.19003782155026033,-0.002163377970859759,0.9471849963065488,0.9725065600067013,0.005405405405405406,1.0,False,-0.16027103485351507,0.0005744159616650173
8,16,largo,ls_cuentas_chg24,185,-0.1673020477043572,-0.001998050049167116,1.0091554533761422,0.9791634041556838,0.03783783783783784,1.0,False,-0.16027103485351507,0.0005744159616650173
8,16,largo,ls_cuentas_pct,184,-0.17603422997479998,-0.0021458395094448466,0.9914517866928119,0.9599361644828015,0.010869565217391304,1.0,False,-0.16027103485351507,0.0005744159616650173
8,16,largo,taker,185,-0.164483624180747,-0.0020708487291828982,0.9996630129105621,0.9785482328793444,0.021621621621621623,1.0,False,-0.16027103485351507,0.0005744159616650173
8,16,largo,taker_chg24,185,-0.16606675634224752,-0.002060662270848625,0.9998302534389392,0.9771135755099414,0.02702702702702703,1.0,False,-0.16027103485351507,0.0005744159616650173
8,16,largo,taker_pct,184,-0.16641829778619607,-0.0020669558596280993,1.0029858261373936,0.9770997548381146,0.0,1.0,False,-0.16027103485351507,0.0005744159616650173
8,16,largo,atr_24 ~ sin roc_24,237,-0.13603621908847857,-0.0019607590756601347,1.2861839425923844,1.0472243400185812,0.05907172995780591,1.0,False,-0.16027103485351507,0.0005744159616650173
8,16,largo,vol_24 ~ sin roc_24,237,-0.13988317435799622,-0.0019895420267465294,1.269420361104208,1.0475094953430113,0.03375527426160337,1.0,False,-0.16027103485351507,0.0005744159616650173
8,16,largo,vol_168 ~ sin roc_24,237,-0.13361315881227587,-0.0019336227372516656,1.2565157086547118,1.0114826214307748,0.046413502109704644,1.0,False,-0.16027103485351507,0.0005744159616650173
8,16,largo,rango_168 ~ sin roc_24,237,-0.13970658424142762,-0.001954794139992783,1.2296749129657516,1.0187113310427984,0.03375527426160337,1.0,False,-0.16027103485351507,0.0005744159616650173
8,16,largo,roc_72 ~ sin roc_24,237,-0.15272202552394673,-0.001867963723712224,1.0499636004992705,1.0241067701410596,0.0379746835443038,1.0,False,-0.16027103485351507,0.0005744159616650173
8,16,largo,roc_168 ~ sin roc_24,237,-0.14980887333820833,-0.0018021258279087731,1.0592698944826833,1.0292877944241934,0.04219409282700422,1.0,False,-0.16027103485351507,0.0005744159616650173
8,16,largo,roc_720 ~ sin roc_24,237,-0.1506987046544611,-0.0019553396268337953,1.063700800850031,0.9909615417593081,0.029535864978902954,1.0,False,-0.16027103485351507,0.0005744159616650173
8,16,largo,compresion ~ sin roc_24,237,-0.16189518230700045,-0.002021180531593259,1.0863894075816474,1.0574778446432762,0.03375527426160337,1.0,False,-0.16027103485351507,0.0005744159616650173
8,16,largo,dd_168 ~ sin roc_24,237,-0.17416396859801506,-0.001919295062432236,0.8616672842355275,0.9740983839219036,0.02531645569620253,1.0,False,-0.16027103485351507,0.0005744159616650173
8,16,largo,dd_720 ~ sin roc_24,237,-0.16845439301169754,-0.0018541389703567604,0.8868753409893534,1.0038675547677185,0.046413502109704644,1.0,False,-0.16027103485351507,0.0005744159616650173
8,16,largo,pos_168 ~ sin roc_24,237,-0.14420693987445157,-0.00178419374775866,1.0199844283045512,1.0104142976019839,0.05907172995780591,1.0,False,-0.16027103485351507,0.0005744159616650173
8,16,largo,desbal ~ sin roc_24,237,-0.1728417723282042,-0.002169896996657111,0.9933633025690582,0.9726029047620134,0.016877637130801686,1.0,False,-0.16027103485351507,0.0005744159616650173
8,16,largo,desbal_24 ~ sin roc_24,237,-0.15314287875610247,-0.0019031697037908079,0.9859721828826822,0.9813985092953867,0.02109704641350211,1.0,False,-0.16027103485351507,0.0005744159616650173
8,16,largo,desbal_168 ~ sin roc_24,237,-0.15139227836074587,-0.0018190434336915946,0.9873774506006382,0.9901372286539246,0.03375527426160337,1.0,False,-0.16027103485351507,0.0005744159616650173
8,16,largo,ticket_rel ~ sin roc_24,237,-0.15532698129597877,-0.0019230031278418655,1.0066609991665347,0.9894261436533445,0.02109704641350211,1.0,False,-0.16027103485351507,0.0005744159616650173
8,16,largo,turnover ~ sin roc_24,237,-0.15488119863807537,-0.001917892541911343,1.0374510296958008,1.0135571478949956,0.046413502109704644,1.0,False,-0.16027103485351507,0.0005744159616650173
8,16,largo,n_surge ~ sin roc_24,237,-0.15506422798130337,-0.0018772529640514867,1.0407242316061742,1.014822323884258,0.0379746835443038,1.0,False,-0.16027103485351507,0.0005744159616650173
8,16,largo,oi_chg_1h ~ sin roc_24,185,-0.1703316404998045,-0.0020765992668593746,1.0091552206090786,0.9764118004936735,0.02702702702702703,1.0,False,-0.16027103485351507,0.0005744159616650173
8,16,largo,oi_chg_4h ~ sin roc_24,185,-0.1649073673436291,-0.002091691064312599,1.006482294602801,0.9744374528273207,0.03783783783783784,1.0,False,-0.16027103485351507,0.0005744159616650173
8,16,largo,oi_chg_24h ~ sin roc_24,185,-0.15962987938755427,-0.0019483892647079977,1.0110872556014008,0.9918660522270263,0.02702702702702703,1.0,False,-0.16027103485351507,0.0005744159616650173
8,16,largo,oi_z ~ sin roc_24,183,-0.1716651722288615,-0.002064867437175004,0.99411847692873,0.9691834051567929,0.0273224043715847,1.0,False,-0.16027103485351507,0.0005744159616650173
8,16,largo,oi_rel_168 ~ sin roc_24,184,-0.16346033180598593,-0.0019400178259189682,1.0435112327620082,1.0320754829781482,0.02717391304347826,1.0,False,-0.16027103485351507,0.0005744159616650173
8,16,largo,tt_cuentas ~ sin roc_24,185,-0.1890327525319547,-0.0021255090215488875,0.9414859379626316,0.979102022116774,0.016216216216216217,1.0,False,-0.16027103485351507,0.0005744159616650173
8,16,largo,tt_cuentas_chg24 ~ sin roc_24,185,-0.16458739496932537,-0.0019582646164778175,1.0204503003751717,0.9931377437733643,0.02702702702702703,1.0,False,-0.16027103485351507,0.0005744159616650173
8,16,largo,tt_cuentas_pct ~ sin roc_24,184,-0.1751740909651989,-0.002126287113649371,0.9910479161090404,0.9652094985597723,0.010869565217391304,1.0,False,-0.16027103485351507,0.0005744159616650173
8,16,largo,tt_pos ~ sin roc_24,185,-0.18475082996971046,-0.002214908832583758,0.9992332148195334,0.9780635397983195,0.005405405405405406,1.0,False,-0.16027103485351507,0.0005744159616650173
8,16,largo,tt_pos_chg24 ~ sin roc_24,185,-0.170163378277374,-0.0020277092035854084,1.0218415446057125,0.9840489238030736,0.016216216216216217,1.0,False,-0.16027103485351507,0.0005744159616650173
8,16,largo,tt_pos_pct ~ sin roc_24,184,-0.17776115018803768,-0.0021549487832149355,0.9994757986638928,0.9702846762257278,0.010869565217391304,1.0,False,-0.16027103485351507,0.0005744159616650173
8,16,largo,ls_cuentas ~ sin roc_24,185,-0.1872808791302858,-0.0021177090911382143,0.9499140554433878,0.9777397367036218,0.005405405405405406,1.0,False,-0.16027103485351507,0.0005744159616650173
8,16,largo,ls_cuentas_chg24 ~ sin roc_24,185,-0.1726178454680155,-0.0021014205231248894,1.0244001831713754,0.9943952483907004,0.010810810810810811,1.0,False,-0.16027103485351507,0.0005744159616650173
8,16,largo,ls_cuentas_pct ~ sin roc_24,184,-0.17746255563252147,-0.002138555904736486,0.9933630169017558,0.9669130783860626,0.016304347826086956,1.0,False,-0.16027103485351507,0.0005744159616650173
8,16,largo,taker ~ sin roc_24,185,-0.1656623378105488,-0.0020875249046235517,1.0042927924574085,0.9806406798927585,0.016216216216216217,1.0,False,-0.16027103485351507,0.0005744159616650173
8,16,largo,taker_chg24 ~ sin roc_24,185,-0.16456875669664103,-0.0020551603310257913,1.000210191703283,0.9779563918372114,0.016216216216216217,1.0,False,-0.16027103485351507,0.0005744159616650173
8,16,largo,taker_pct ~ sin roc_24,184,-0.16733407048644794,-0.002097502570357059,1.0000728619045758,0.9752963188173844,0.016304347826086956,1.0,False,-0.16027103485351507,0.0005744159616650173
8,16,largo,atr_24 [bajo],237,-0.20077691521192728,-0.0020749896728190858,0.7755107005811299,0.9158375677371196,0.004219409282700422,1.0,False,-0.16027103485351507,0.0005744159616650173
8,16,largo,vol_24 [bajo],237,-0.1968135174586495,-0.0020503901834041946,0.7797056903771493,0.9140110200972655,0.004219409282700422,1.0,False,-0.16027103485351507,0.0005744159616650173
8,16,largo,vol_168 [bajo],237,-0.20210100924791402,-0.002084153775619194,0.7861244077481657,0.946041366414365,0.008438818565400843,1.0,False,-0.16027103485351507,0.0005744159616650173
8,16,largo,rango_168 [bajo],237,-0.19979521814003443,-0.0021083786014425058,0.8031130983217124,0.9410309591089456,0.0,1.0,False,-0.16027103485351507,0.0005744159616650173
8,16,largo,roc_24 [bajo],237,-0.15234256010720085,-0.0019074932136621948,1.0132466878840283,0.9557444259111024,0.029535864978902954,1.0,False,-0.16027103485351507,0.0005744159616650173
8,16,largo,roc_72 [bajo],237,-0.16139433876203452,-0.0020416837508526655,0.9941633486900957,0.932645444507918,0.016877637130801686,1.0,False,-0.16027103485351507,0.0005744159616650173
8,16,largo,roc_168 [bajo],237,-0.16431097619912913,-0.0021043467110339123,0.9931014200396094,0.9297993307857328,0.004219409282700422,1.0,False,-0.16027103485351507,0.0005744159616650173
8,16,largo,roc_720 [bajo],237,-0.16539828714825272,-0.0020565849966253094,0.9962580652554922,0.963413730473024,0.008438818565400843,1.0,False,-0.16027103485351507,0.0005744159616650173
8,16,largo,compresion [bajo],237,-0.15864724948355918,-0.0019454286557866766,0.9414092101427117,0.9030134405487033,0.02531645569620253,1.0,False,-0.16027103485351507,0.0005744159616650173
8,16,largo,dd_168 [bajo],237,-0.14640423107668488,-0.0020194868015072703,1.1514263877024484,0.9740030260474137,0.016877637130801686,1.0,False,-0.16027103485351507,0.0005744159616650173
8,16,largo,dd_720 [bajo],237,-0.15138645953108756,-0.00205504237016241,1.1164975295540016,0.9489640695188672,0.012658227848101266,1.0,False,-0.16027103485351507,0.0005744159616650173
8,16,largo,pos_168 [bajo],237,-0.1708815765740794,-0.002178601531881857,1.0080940823250233,0.9381539116744064,0.012658227848101266,1.0,False,-0.16027103485351507,0.0005744159616650173
8,16,largo,desbal [bajo],237,-0.1474188453272626,-0.0018412836566849594,1.0022665285305499,0.9751666668972628,0.02109704641350211,1.0,False,-0.16027103485351507,0.0005744159616650173
8,16,largo,desbal_24 [bajo],237,-0.17016762515306738,-0.00210642981016198,1.0002020454718843,0.9629411828711398,0.0,1.0,False,-0.16027103485351507,0.0005744159616650173
8,16,largo,desbal_168 [bajo],237,-0.17215503786439337,-0.002163279207799283,0.9984917819758622,0.9634478441828989,0.008438818565400843,1.0,False,-0.16027103485351507,0.0005744159616650173
8,16,largo,ticket_rel [bajo],237,-0.16770895657170165,-0.0020795062708284253,0.9935927918519597,0.9636465674666513,0.004219409282700422,1.0,False,-0.16027103485351507,0.0005744159616650173
8,16,largo,turnover [bajo],237,-0.16719950496834407,-0.002096754016194634,0.9786379088861855,0.9314085679988773,0.012658227848101266,1.0,False,-0.16027103485351507,0.0005744159616650173
8,16,largo,n_surge [bajo],237,-0.16784053619067513,-0.0021252512267003476,0.9786219391595017,0.9291215926959683,0.02531645569620253,1.0,False,-0.16027103485351507,0.0005744159616650173
8,16,largo,oi_chg_1h [bajo],185,-0.15077443613295333,-0.001868175044467372,1.042899510901736,0.9970397749045421,0.03783783783783784,1.0,False,-0.16027103485351507,0.0005744159616650173
8,16,largo,oi_chg_4h [bajo],185,-0.15228561942357827,-0.001863132663137381,1.044130108177518,0.9960197629160275,0.021621621621621623,1.0,False,-0.16027103485351507,0.0005744159616650173
8,16,largo,oi_chg_24h [bajo],185,-0.14973254179834516,-0.0018798751758786084,1.023396562278031,0.9663937429861384,0.010810810810810811,1.0,False,-0.16027103485351507,0.0005744159616650173
8,16,largo,oi_z [bajo],183,-0.15513145493925742,-0.0019449243807653518,1.02825072880114,0.9989075638494298,0.02185792349726776,1.0,False,-0.16027103485351507,0.0005744159616650173
8,16,largo,oi_rel_168 [bajo],184,-0.15215516205966378,-0.0019478498739897627,1.0064542640795735,0.9284804033373323,0.010869565217391304,1.0,False,-0.16027103485351507,0.0005744159616650173
8,16,largo,tt_cuentas [bajo],185,-0.12942054680286127,-0.0017743226961957808,1.0880147050531077,0.9851748744351376,0.06486486486486487,1.0,False,-0.16027103485351507,0.0005744159616650173
8,16,largo,tt_cuentas_chg24 [bajo],185,-0.16439582184702975,-0.0020383436664857093,1.011507181797592,0.9948694266670268,0.021621621621621623,1.0,False,-0.16027103485351507,0.0005744159616650173
8,16,largo,tt_cuentas_pct [bajo],184,-0.15091213249834423,-0.00184637260568374,1.0257413741717443,1.0049840268038008,0.04891304347826087,1.0,False,-0.16027103485351507,0.0005744159616650173
8,16,largo,tt_pos [bajo],185,-0.13966494015396733,-0.0017108027169257974,0.9901294513149574,0.9835864551090072,0.043243243243243246,1.0,False,-0.16027103485351507,0.0005744159616650173
8,16,largo,tt_pos_chg24 [bajo],185,-0.15460932134464683,-0.0018965212413438904,1.019001589379114,0.9917608593007436,0.032432432432432434,1.0,False,-0.16027103485351507,0.0005744159616650173
8,16,largo,tt_pos_pct [bajo],184,-0.1485314977615103,-0.001827991679631289,1.0154183686543186,0.9923702764158819,0.02717391304347826,1.0,False,-0.16027103485351507,0.0005744159616650173
8,16,largo,ls_cuentas [bajo],185,-0.13378561747587908,-0.0017885068953416767,1.0758006171399457,0.9868419828325425,0.07027027027027027,1.0,False,-0.16027103485351507,0.0005744159616650173
8,16,largo,ls_cuentas_chg24 [bajo],185,-0.1617182429141378,-0.001962054737863021,1.0127412608027588,0.994608994195582,0.016216216216216217,1.0,False,-0.16027103485351507,0.0005744159616650173
8,16,largo,ls_cuentas_pct [bajo],184,-0.1520889195368132,-0.0018556075033917122,1.023138916506912,1.0045989544355147,0.06521739130434782,1.0,False,-0.16027103485351507,0.0005744159616650173
8,16,largo,taker [bajo],185,-0.16289561249942486,-0.0019680473524638607,1.0002190616336386,0.9772196162761417,0.010810810810810811,1.0,False,-0.16027103485351507,0.0005744159616650173
8,16,largo,taker_chg24 [bajo],185,-0.16096765373086208,-0.0019654214223110847,1.0012016572492521,0.9796515018549612,0.016216216216216217,1.0,False,-0.16027103485351507,0.0005744159616650173
8,16,largo,taker_pct [bajo],184,-0.16316997557147003,-0.001957386142229859,1.0071312848160539,0.9770420370268242,0.005434782608695652,1.0,False,-0.16027103485351507,0.0005744159616650173
8,16,largo,atr_24 ~ sin roc_24 [bajo],237,-0.19025167570881038,-0.0020191204584230973,0.7876916506068716,0.9273599061720859,0.012658227848101266,1.0,False,-0.16027103485351507,0.0005744159616650173
8,16,largo,vol_24 ~ sin roc_24 [bajo],237,-0.18753659810063994,-0.0020069986914525466,0.7991199078644734,0.9269325826244741,0.012658227848101266,1.0,False,-0.16027103485351507,0.0005744159616650173
8,16,largo,vol_168 ~ sin roc_24 [bajo],237,-0.1922895474046095,-0.002013012532156707,0.8008899443051805,0.9542017513803731,0.012658227848101266,1.0,False,-0.16027103485351507,0.0005744159616650173
8,16,largo,rango_168 ~ sin roc_24 [bajo],237,-0.18863554073119163,-0.0020429869798528114,0.8240131161522685,0.9480093238746755,0.004219409282700422,1.0,False,-0.16027103485351507,0.0005744159616650173
8,16,largo,roc_72 ~ sin roc_24 [bajo],237,-0.16092671402026387,-0.002033241713072271,1.0044464586102453,0.9488588717445592,0.016877637130801686,1.0,False,-0.16027103485351507,0.0005744159616650173
8,16,largo,roc_168 ~ sin roc_24 [bajo],237,-0.16085104943826284,-0.002096961923161712,0.9993933373148923,0.9427680387478984,0.016877637130801686,1.0,False,-0.16027103485351507,0.0005744159616650173
8,16,largo,roc_720 ~ sin roc_24 [bajo],237,-0.16267151065353383,-0.0020233726260214606,0.9989367044364726,0.9709870847032586,0.02109704641350211,1.0,False,-0.16027103485351507,0.0005744159616650173
8,16,largo,compresion ~ sin roc_24 [bajo],237,-0.15817049087237364,-0.0019596243306295885,0.9537289156445293,0.9145616797077086,0.016877637130801686,1.0,False,-0.16027103485351507,0.0005744159616650173
8,16,largo,dd_168 ~ sin roc_24 [bajo],237,-0.1448877227885946,-0.001968940134643474,1.1644295956952289,0.9878082104331047,0.02109704641350211,1.0,False,-0.16027103485351507,0.0005744159616650173
8,16,largo,dd_720 ~ sin roc_24 [bajo],237,-0.15307614170094583,-0.0020485287991407627,1.1164728498491823,0.9545484369826154,0.012658227848101266,1.0,False,-0.16027103485351507,0.0005744159616650173
8,16,largo,pos_168 ~ sin roc_24 [bajo],237,-0.17187418338831514,-0.0021560165344084855,1.0107383361864994,0.9491890375026101,0.008438818565400843,1.0,False,-0.16027103485351507,0.0005744159616650173
8,16,largo,desbal ~ sin roc_24 [bajo],237,-0.1544559074415992,-0.0019265297183151677,1.0056573814250627,0.97912896523039,0.012658227848101266,1.0,False,-0.16027103485351507,0.0005744159616650173
8,16,largo,desbal_24 ~ sin roc_24 [bajo],237,-0.1714741610763219,-0.002116147424485914,1.0034805430213705,0.9698775215586276,0.004219409282700422,1.0,False,-0.16027103485351507,0.0005744159616650173
8,16,largo,desbal_168 ~ sin roc_24 [bajo],237,-0.17209976449730105,-0.0021401995366999013,0.9974468476264342,0.965880007406763,0.012658227848101266,1.0,False,-0.16027103485351507,0.0005744159616650173
8,16,largo,ticket_rel ~ sin roc_24 [bajo],237,-0.16914720741584652,-0.0020947052539178686,0.9950885879020054,0.967185106241313,0.004219409282700422,1.0,False,-0.16027103485351507,0.0005744159616650173
8,16,largo,turnover ~ sin roc_24 [bajo],237,-0.16071998935300755,-0.002052658731312147,1.0006215556947813,0.9568330672711349,0.012658227848101266,1.0,False,-0.16027103485351507,0.0005744159616650173
8,16,largo,n_surge ~ sin roc_24 [bajo],237,-0.16296286047466063,-0.0021144625103711383,1.000693087891256,0.9545272277132526,0.02109704641350211,1.0,False,-0.16027103485351507,0.0005744159616650173
8,16,largo,oi_chg_1h ~ sin roc_24 [bajo],185,-0.15269675926472867,-0.0018832601238105181,1.0456340553988848,1.0019017824322098,0.021621621621621623,1.0,False,-0.16027103485351507,0.0005744159616650173
8,16,largo,oi_chg_4h ~ sin roc_24 [bajo],185,-0.15350810103986123,-0.0018559831551409626,1.0487738093434482,1.0047333036068244,0.02702702702702703,1.0,False,-0.16027103485351507,0.0005744159616650173
8,16,largo,oi_chg_24h ~ sin roc_24 [bajo],185,-0.15993755320140132,-0.0019888858522739447,1.0374689383228324,0.9880110099896675,0.016216216216216217,1.0,False,-0.16027103485351507,0.0005744159616650173
8,16,largo,oi_z ~ sin roc_24 [bajo],183,-0.1527407416689647,-0.00194702373448797,1.030614973110415,1.0008378371629558,0.04371584699453552,1.0,False,-0.16027103485351507,0.0005744159616650173
8,16,largo,oi_rel_168 ~ sin roc_24 [bajo],184,-0.15398038672351963,-0.0019548173390617255,1.0153948684095044,0.9450948368138061,0.02717391304347826,1.0,False,-0.16027103485351507,0.0005744159616650173
8,16,largo,tt_cuentas ~ sin roc_24 [bajo],185,-0.13072172850219577,-0.0018040057961227892,1.0737656584124373,0.9769638917497494,0.04864864864864865,1.0,False,-0.16027103485351507,0.0005744159616650173
8,16,largo,tt_cuentas_chg24 ~ sin roc_24 [bajo],185,-0.16593760656998854,-0.002010620481220582,0.9941072527079777,0.9777270479596791,0.005405405405405406,1.0,False,-0.16027103485351507,0.0005744159616650173
8,16,largo,tt_cuentas_pct ~ sin roc_24 [bajo],184,-0.1534413237421024,-0.0018758252279653296,1.007205573804508,0.9911488534052171,0.02717391304347826,1.0,False,-0.16027103485351507,0.0005744159616650173
8,16,largo,tt_pos ~ sin roc_24 [bajo],185,-0.14829903089698876,-0.0018218280097486467,0.986552449665588,0.978944227721076,0.032432432432432434,1.0,False,-0.16027103485351507,0.0005744159616650173
8,16,largo,tt_pos_chg24 ~ sin roc_24 [bajo],185,-0.16162401095024925,-0.002005814067303228,1.011203281860904,0.985759583078361,0.016216216216216217,1.0,False,-0.16027103485351507,0.0005744159616650173
8,16,largo,tt_pos_pct ~ sin roc_24 [bajo],184,-0.1531144004570481,-0.0018914168920219215,1.0087850345889695,0.9880330918310842,0.010869565217391304,1.0,False,-0.16027103485351507,0.0005744159616650173
8,16,largo,ls_cuentas ~ sin roc_24 [bajo],185,-0.13675738650315122,-0.0018299190859252066,1.0610023105325674,0.977699706026465,0.03783783783783784,1.0,False,-0.16027103485351507,0.0005744159616650173
8,16,largo,ls_cuentas_chg24 ~ sin roc_24 [bajo],185,-0.16454979591183994,-0.001972187237734215,0.994503566831558,0.9773402959281032,0.010810810810810811,1.0,False,-0.16027103485351507,0.0005744159616650173
8,16,largo,ls_cuentas_pct ~ sin roc_24 [bajo],184,-0.1539215177516014,-0.001860128048551416,1.0047755645241268,0.9898192123726299,0.02717391304347826,1.0,False,-0.16027103485351507,0.0005744159616650173
8,16,largo,taker ~ sin roc_24 [bajo],185,-0.16062609043229792,-0.001958558761452306,0.995589295033899,0.9752674535882997,0.010810810810810811,1.0,False,-0.16027103485351507,0.0005744159616650173
8,16,largo,taker_chg24 ~ sin roc_24 [bajo],185,-0.1584403142993421,-0.0019366677629471833,1.0009123173348207,0.9797797355759056,0.005405405405405406,1.0,False,-0.16027103485351507,0.0005744159616650173
8,16,largo,taker_pct ~ sin roc_24 [bajo],184,-0.16070958164467886,-0.00197502565206055,1.0055264108471609,0.9766127599372924,0.0,1.0,False,-0.16027103485351507,0.0005744159616650173
8,16,largo,CONTROL azar 1,237,-0.16034466104048603,-0.0019754422982227464,1.0036102368305464,0.9774137965374505,0.0,1.0,False,-0.16027103485351507,0.0005744159616650173
8,16,largo,CONTROL azar 2,237,-0.16027103485351507,-0.001972893385569525,1.0049375484094538,0.9778744477807246,0.012658227848101266,1.0,False,-0.16027103485351507,0.0005744159616650173
8,16,largo,CONTROL azar 3,237,-0.15931497560903823,-0.0019530196999026535,1.0034268295126465,0.9782336336717912,0.008438818565400843,1.0,False,-0.16027103485351507,0.0005744159616650173
8,16,corto,atr_24,237,-0.14258993801496728,-0.0021927878639403805,1.317183331191907,1.0641320175671067,0.03375527426160337,1.0,False,-0.16058553185006758,0.0008689311851670579
8,16,corto,vol_24,237,-0.13888345452876286,-0.002089958807322191,1.3087756536993316,1.067753764965357,0.0379746835443038,1.0,False,-0.16058553185006758,0.0008689311851670579
8,16,corto,vol_168,237,-0.14223939852072456,-0.002212283378321462,1.2919572369254835,1.02024892793688,0.03375527426160337,1.0,False,-0.16058553185006758,0.0008689311851670579
8,16,corto,rango_168,237,-0.1472030197075948,-0.002220308213453327,1.2592677703461255,1.0265459646414956,0.02109704641350211,1.0,False,-0.16058553185006758,0.0008689311851670579
8,16,corto,roc_24,237,-0.1613381930023181,-0.0019178824407850184,1.0443586127368962,1.0202045153355486,0.008438818565400843,1.0,False,-0.16058553185006758,0.0008689311851670579
8,16,corto,roc_72,237,-0.16960255931942567,-0.0020759885904569645,1.0745019606904682,1.0473017420140156,0.02109704641350211,1.0,False,-0.16058553185006758,0.0008689311851670579
8,16,corto,roc_168,237,-0.17326776391910842,-0.0021520184239903744,1.080543875383018,1.0469714958108285,0.004219409282700422,1.0,False,-0.16058553185006758,0.0008689311851670579
8,16,corto,roc_720,237,-0.16665698241931243,-0.002096831796267581,1.0721593792961206,0.998831053892603,0.03375527426160337,1.0,False,-0.16058553185006758,0.0008689311851670579
8,16,corto,compresion,237,-0.1612633937303198,-0.001956709071465002,1.1109745945591984,1.0740275641235761,0.016877637130801686,1.0,False,-0.16058553185006758,0.0008689311851670579
8,16,corto,dd_168,237,-0.1948831093867179,-0.0020323866878031466,0.8661030302877838,0.9887630009375415,0.012658227848101266,1.0,False,-0.16058553185006758,0.0008689311851670579
8,16,corto,dd_720,237,-0.20317998583036032,-0.002093536890852161,0.886048532551862,1.0141742160440175,0.004219409282700422,1.0,False,-0.16058553185006758,0.0008689311851670579
8,16,corto,pos_168,237,-0.18345358804928702,-0.0021899073036036115,1.0290727818596688,1.026970067603026,0.008438818565400843,1.0,False,-0.16058553185006758,0.0008689311851670579
8,16,corto,desbal,237,-0.14944458578190362,-0.0018264209868276188,0.9975276566119393,0.9769939478521272,0.02109704641350211,1.0,False,-0.16058553185006758,0.0008689311851670579
8,16,corto,desbal_24,237,-0.1737431583837706,-0.0020758119876620445,0.9922795943349969,0.989438948955742,0.004219409282700422,1.0,False,-0.16058553185006758,0.0008689311851670579
8,16,corto,desbal_168,237,-0.17518761719140233,-0.0021274790125278497,0.9867583095530663,0.9928851723340808,0.004219409282700422,1.0,False,-0.16058553185006758,0.0008689311851670579
8,16,corto,ticket_rel,237,-0.16913828915334977,-0.002071468008118609,1.009771312304332,0.9936420876379966,0.012658227848101266,1.0,False,-0.16058553185006758,0.0008689311851670579
8,16,corto,turnover,237,-0.171410053625383,-0.0020660181512701234,1.058378391695557,1.0371363512628893,0.016877637130801686,1.0,False,-0.16058553185006758,0.0008689311851670579
8,16,corto,n_surge,237,-0.17151244620768819,-0.0021113238308521523,1.0633635810914173,1.0409829247542866,0.02109704641350211,1.0,False,-0.16058553185006758,0.0008689311851670579
8,16,corto,oi_chg_1h,185,-0.15550441760054984,-0.0019067878186924117,1.0126685619538407,0.9808133453725512,0.021621621621621623,1.0,False,-0.16058553185006758,0.0008689311851670579
8,16,corto,oi_chg_4h,185,-0.16271528666353452,-0.0019450063152702693,1.0112528990625524,0.9830394444780007,0.016216216216216217,1.0,False,-0.16058553185006758,0.0008689311851670579
8,16,corto,oi_chg_24h,185,-0.1674756752385712,-0.0019968042874949576,1.0358845171419218,1.0173613842207891,0.0,1.0,False,-0.16058553185006758,0.0008689311851670579
8,16,corto,oi_z,183,-0.15467984422796674,-0.0019109226501659762,0.9939193798314949,0.9731450527330416,0.02185792349726776,1.0,False,-0.16058553185006758,0.0008689311851670579
8,16,corto,oi_rel_168,184,-0.17267167976433834,-0.00206353783977264,1.061064227759707,1.0512394655394426,0.016304347826086956,1.0,False,-0.16058553185006758,0.0008689311851670579
8,16,corto,tt_cuentas,185,-0.1570542827293721,-0.0018256670027498548,0.9390478502255697,0.974186931716926,0.03783783783783784,1.0,False,-0.16058553185006758,0.0008689311851670579
8,16,corto,tt_cuentas_chg24,185,-0.16169787313855893,-0.0020491248092064473,1.005029921342976,0.9785404592076028,0.016216216216216217,1.0,False,-0.16058553185006758,0.0008689311851670579
8,16,corto,tt_cuentas_pct,184,-0.15185016348325248,-0.0018954801276480427,0.9891617706360605,0.9583648393834729,0.016304347826086956,1.0,False,-0.16058553185006758,0.0008689311851670579
8,16,corto,tt_pos,185,-0.1440277573339349,-0.0018035072838923465,0.9986807472510691,0.9756314487518993,0.032432432432432434,1.0,False,-0.16058553185006758,0.0008689311851670579
8,16,corto,tt_pos_chg24,185,-0.1506416409995059,-0.0019454510322975936,1.0178566104269002,0.9802857848617117,0.02702702702702703,1.0,False,-0.16058553185006758,0.0008689311851670579
8,16,corto,tt_pos_pct,184,-0.14886373315308382,-0.001844412754934122,1.0003150858727368,0.9694404157588774,0.04891304347826087,1.0,False,-0.16058553185006758,0.0008689311851670579
8,16,corto,ls_cuentas,185,-0.15482037053833997,-0.0018366220291402425,0.9471849963065488,0.9725065600067013,0.02702702702702703,1.0,False,-0.16058553185006758,0.0008689311851670579
8,16,corto,ls_cuentas_chg24,185,-0.15888586702007504,-0.0020019499508328858,1.0091554533761422,0.9791634041556838,0.010810810810810811,1.0,False,-0.16058553185006758,0.0008689311851670579
8,16,corto,ls_cuentas_pct,184,-0.14905600637421196,-0.0018541604905551548,0.9914517866928119,0.9599361644828015,0.03260869565217391,1.0,False,-0.16058553185006758,0.0008689311851670579
8,16,corto,taker,185,-0.16407886156738813,-0.0019291512708171032,0.9996630129105621,0.9785482328793444,0.02702702702702703,1.0,False,-0.16058553185006758,0.0008689311851670579
8,16,corto,taker_chg24,185,-0.16235541711389243,-0.001939337729151376,0.9998302534389392,0.9771135755099414,0.021621621621621623,1.0,False,-0.16058553185006758,0.0008689311851670579
8,16,corto,taker_pct,184,-0.1605335047084216,-0.0019330441403719021,1.0029858261373936,0.9770997548381146,0.016304347826086956,1.0,False,-0.16058553185006758,0.0008689311851670579
8,16,corto,atr_24 ~ sin roc_24,237,-0.1319524472280369,-0.002039240924339867,1.2861839425923844,1.0472243400185812,0.04219409282700422,1.0,False,-0.16058553185006758,0.0008689311851670579
8,16,corto,vol_24 ~ sin roc_24,237,-0.133089281029013,-0.002010457973253473,1.269420361104208,1.0475094953430113,0.0379746835443038,1.0,False,-0.16058553185006758,0.0008689311851670579
8,16,corto,vol_168 ~ sin roc_24,237,-0.13343346787935956,-0.002066377262748336,1.2565157086547118,1.0114826214307748,0.0379746835443038,1.0,False,-0.16058553185006758,0.0008689311851670579
8,16,corto,rango_168 ~ sin roc_24,237,-0.1354498814644756,-0.0020452058600072182,1.2296749129657516,1.0187113310427984,0.0379746835443038,1.0,False,-0.16058553185006758,0.0008689311851670579
8,16,corto,roc_72 ~ sin roc_24,237,-0.17231955203706123,-0.002132036276287777,1.0499636004992705,1.0241067701410596,0.016877637130801686,1.0,False,-0.16058553185006758,0.0008689311851670579
8,16,corto,roc_168 ~ sin roc_24,237,-0.17482431115711955,-0.002197874172091228,1.0592698944826833,1.0292877944241934,0.008438818565400843,1.0,False,-0.16058553185006758,0.0008689311851670579
8,16,corto,roc_720 ~ sin roc_24,237,-0.1625769015593442,-0.002044660373166206,1.063700800850031,0.9909615417593081,0.029535864978902954,1.0,False,-0.16058553185006758,0.0008689311851670579
8,16,corto,compresion ~ sin roc_24,237,-0.1620596977594105,-0.0019788194684067424,1.0863894075816474,1.0574778446432762,0.02531645569620253,1.0,False,-0.16058553185006758,0.0008689311851670579
8,16,corto,dd_168 ~ sin roc_24,237,-0.19923668229968922,-0.0020807049375677652,0.8616672842355275,0.9740983839219036,0.0,1.0,False,-0.16058553185006758,0.0008689311851670579
8,16,corto,dd_720 ~ sin roc_24,237,-0.20457741531898926,-0.0021458610296432403,0.8868753409893534,1.0038675547677185,0.008438818565400843,1.0,False,-0.16058553185006758,0.0008689311851670579
8,16,corto,pos_168 ~ sin roc_24,237,-0.18587416349038438,-0.0022158062522413414,1.0199844283045512,1.0104142976019839,0.0,1.0,False,-0.16058553185006758,0.0008689311851670579
8,16,corto,desbal ~ sin roc_24,237,-0.15043342724079584,-0.00183010300334289,0.9933633025690582,0.9726029047620134,0.012658227848101266,1.0,False,-0.16058553185006758,0.0008689311851670579
8,16,corto,desbal_24 ~ sin roc_24,237,-0.17495676109525912,-0.002096830296209194,0.9859721828826822,0.9813985092953867,0.008438818565400843,1.0,False,-0.16058553185006758,0.0008689311851670579
8,16,corto,desbal_168 ~ sin roc_24,237,-0.17868416775682963,-0.002180956566308407,0.9873774506006382,0.9901372286539246,0.004219409282700422,1.0,False,-0.16058553185006758,0.0008689311851670579
8,16,corto,ticket_rel ~ sin roc_24,237,-0.16902170157731425,-0.002076996872158136,1.0066609991665347,0.9894261436533445,0.02109704641350211,1.0,False,-0.16058553185006758,0.0008689311851670579
8,16,corto,turnover ~ sin roc_24,237,-0.1682141927792782,-0.0020821074580886583,1.0374510296958008,1.0135571478949956,0.012658227848101266,1.0,False,-0.16058553185006758,0.0008689311851670579
8,16,corto,n_surge ~ sin roc_24,237,-0.1678991107424398,-0.0021227470359485145,1.0407242316061742,1.014822323884258,0.016877637130801686,1.0,False,-0.16058553185006758,0.0008689311851670579
8,16,corto,oi_chg_1h ~ sin roc_24,185,-0.1556090699108462,-0.0019234007331406266,1.0091552206090786,0.9764118004936735,0.02702702702702703,1.0,False,-0.16058553185006758,0.0008689311851670579
8,16,corto,oi_chg_4h ~ sin roc_24,185,-0.16161437700682454,-0.0019083089356874024,1.006482294602801,0.9744374528273207,0.010810810810810811,1.0,False,-0.16058553185006758,0.0008689311851670579
8,16,corto,oi_chg_24h ~ sin roc_24,185,-0.16885470007394945,-0.002051610735292004,1.0110872556014008,0.9918660522270263,0.010810810810810811,1.0,False,-0.16058553185006758,0.0008689311851670579
8,16,corto,oi_z ~ sin roc_24,183,-0.15576880728200707,-0.001935132562824997,0.99411847692873,0.9691834051567929,0.03278688524590164,1.0,False,-0.16058553185006758,0.0008689311851670579
8,16,corto,oi_rel_168 ~ sin roc_24,184,-0.1698213350289923,-0.0020599821740810327,1.0435112327620082,1.0320754829781482,0.021739130434782608,1.0,False,-0.16058553185006758,0.0008689311851670579
8,16,corto,tt_cuentas ~ sin roc_24,185,-0.15935891683231634,-0.0018744909784511139,0.9414859379626316,0.979102022116774,0.016216216216216217,1.0,False,-0.16058553185006758,0.0008689311851670579
8,16,corto,tt_cuentas_chg24 ~ sin roc_24,185,-0.16234618455990085,-0.0020417353835221834,1.0204503003751717,0.9931377437733643,0.010810810810810811,1.0,False,-0.16058553185006758,0.0008689311851670579
8,16,corto,tt_cuentas_pct ~ sin roc_24,184,-0.1510848448147918,-0.0018737128863506305,0.9910479161090404,0.9652094985597723,0.016304347826086956,1.0,False,-0.16058553185006758,0.0008689311851670579
8,16,corto,tt_pos ~ sin roc_24,185,-0.14444371822499993,-0.0017850911674162436,0.9992332148195334,0.9780635397983195,0.010810810810810811,1.0,False,-0.16058553185006758,0.0008689311851670579
8,16,corto,tt_pos_chg24 ~ sin roc_24,185,-0.15394291473992305,-0.0019722907964145934,1.0218415446057125,0.9840489238030736,0.05405405405405406,1.0,False,-0.16058553185006758,0.0008689311851670579
8,16,corto,tt_pos_pct ~ sin roc_24,184,-0.1481646043487133,-0.0018450512167850657,0.9994757986638928,0.9702846762257278,0.03804347826086957,1.0,False,-0.16058553185006758,0.0008689311851670579
8,16,corto,ls_cuentas ~ sin roc_24,185,-0.15780897466084923,-0.0018822909088617873,0.9499140554433878,0.9777397367036218,0.021621621621621623,1.0,False,-0.16058553185006758,0.0008689311851670579
8,16,corto,ls_cuentas_chg24 ~ sin roc_24,185,-0.15369354879678337,-0.0018985794768751124,1.0244001831713754,0.9943952483907004,0.016216216216216217,1.0,False,-0.16058553185006758,0.0008689311851670579
8,16,corto,ls_cuentas_pct ~ sin roc_24,184,-0.14889308509723917,-0.0018614440952635153,0.9933630169017558,0.9669130783860626,0.05434782608695652,1.0,False,-0.16058553185006758,0.0008689311851670579
8,16,corto,taker ~ sin roc_24,185,-0.1617543576243367,-0.0019124750953764494,1.0042927924574085,0.9806406798927585,0.010810810810810811,1.0,False,-0.16058553185006758,0.0008689311851670579
8,16,corto,taker_chg24 ~ sin roc_24,185,-0.1635115140927205,-0.0019448396689742099,1.000210191703283,0.9779563918372114,0.005405405405405406,1.0,False,-0.16058553185006758,0.0008689311851670579
8,16,corto,taker_pct ~ sin roc_24,184,-0.1599384200808955,-0.001902497429642942,1.0000728619045758,0.9752963188173844,0.010869565217391304,1.0,False,-0.16058553185006758,0.0008689311851670579
8,16,corto,atr_24 [bajo],237,-0.20002665866076597,-0.0019250103271809154,0.7755107005811299,0.9158375677371196,0.016877637130801686,1.0,False,-0.16058553185006758,0.0008689311851670579
8,16,corto,vol_24 [bajo],237,-0.19740800988671037,-0.0019496098165958065,0.7797056903771493,0.9140110200972655,0.02109704641350211,1.0,False,-0.16058553185006758,0.0008689311851670579
8,16,corto,vol_168 [bajo],237,-0.20026481277681388,-0.001915846224380807,0.7861244077481657,0.946041366414365,0.016877637130801686,1.0,False,-0.16058553185006758,0.0008689311851670579
8,16,corto,rango_168 [bajo],237,-0.1909106827864418,-0.0018916213985574958,0.8031130983217124,0.9410309591089456,0.02109704641350211,1.0,False,-0.16058553185006758,0.0008689311851670579
8,16,corto,roc_24 [bajo],237,-0.16155588951279093,-0.0020925067863378066,1.0132466878840283,0.9557444259111024,0.0379746835443038,1.0,False,-0.16058553185006758,0.0008689311851670579
8,16,corto,roc_72 [bajo],237,-0.15139291025939847,-0.001958316249147336,0.9941633486900957,0.932645444507918,0.03375527426160337,1.0,False,-0.16058553185006758,0.0008689311851670579
8,16,corto,roc_168 [bajo],237,-0.14807030466430418,-0.0018956532889660889,0.9931014200396094,0.9297993307857328,0.0379746835443038,1.0,False,-0.16058553185006758,0.0008689311851670579
8,16,corto,roc_720 [bajo],237,-0.1548677583933362,-0.0019434150033746924,0.9962580652554922,0.963413730473024,0.03375527426160337,1.0,False,-0.16058553185006758,0.0008689311851670579
8,16,corto,compresion [bajo],237,-0.16112223799992131,-0.0020545713442133248,0.9414092101427117,0.9030134405487033,0.029535864978902954,1.0,False,-0.16058553185006758,0.0008689311851670579
8,16,corto,dd_168 [bajo],237,-0.1325591684148867,-0.0019805131984927307,1.1514263877024484,0.9740030260474137,0.04219409282700422,1.0,False,-0.16058553185006758,0.0008689311851670579
8,16,corto,dd_720 [bajo],237,-0.1297684205946116,-0.0019449576298375913,1.1164975295540016,0.9489640695188672,0.046413502109704644,1.0,False,-0.16058553185006758,0.0008689311851670579
8,16,corto,pos_168 [bajo],237,-0.13848193349547516,-0.0018213984681181444,1.0080940823250233,0.9381539116744064,0.05485232067510549,1.0,False,-0.16058553185006758,0.0008689311851670579
8,16,corto,desbal [bajo],237,-0.17293985314299318,-0.002158716343315042,1.0022665285305499,0.9751666668972628,0.004219409282700422,1.0,False,-0.16058553185006758,0.0008689311851670579
8,16,corto,desbal_24 [bajo],237,-0.14764865744451636,-0.0018935701898380214,1.0002020454718843,0.9629411828711398,0.03375527426160337,1.0,False,-0.16058553185006758,0.0008689311851670579
8,16,corto,desbal_168 [bajo],237,-0.1462709178544713,-0.0018367207922007178,0.9984917819758622,0.9634478441828989,0.029535864978902954,1.0,False,-0.16058553185006758,0.0008689311851670579
8,16,corto,ticket_rel [bajo],237,-0.1519340107910703,-0.0019204937291715759,0.9935927918519597,0.9636465674666513,0.029535864978902954,1.0,False,-0.16058553185006758,0.0008689311851670579
8,16,corto,turnover [bajo],237,-0.14883821900945943,-0.0019032459838053677,0.9786379088861855,0.9314085679988773,0.03375527426160337,1.0,False,-0.16058553185006758,0.0008689311851670579
8,16,corto,n_surge [bajo],237,-0.1473005313747192,-0.001874748773299654,0.9786219391595017,0.9291215926959683,0.04219409282700422,1.0,False,-0.16058553185006758,0.0008689311851670579
8,16,corto,oi_chg_1h [bajo],185,-0.17157274265478228,-0.002131824955532629,1.042899510901736,0.9970397749045421,0.016216216216216217,1.0,False,-0.16058553185006758,0.0008689311851670579
8,16,corto,oi_chg_4h [bajo],185,-0.16924210165098907,-0.0021368673368626205,1.044130108177518,0.9960197629160275,0.016216216216216217,1.0,False,-0.16058553185006758,0.0008689311851670579
8,16,corto,oi_chg_24h [bajo],185,-0.1685132260660351,-0.0021201248241213932,1.023396562278031,0.9663937429861384,0.016216216216216217,1.0,False,-0.16058553185006758,0.0008689311851670579
8,16,corto,oi_z [bajo],183,-0.17052387186314663,-0.00205507561923465,1.02825072880114,0.9989075638494298,0.01092896174863388,1.0,False,-0.16058553185006758,0.0008689311851670579
8,16,corto,oi_rel_168 [bajo],184,-0.16007970641874605,-0.0020521501260102382,1.0064542640795735,0.9284804033373323,0.043478260869565216,1.0,False,-0.16058553185006758,0.0008689311851670579
8,16,corto,tt_cuentas [bajo],185,-0.17617958264266534,-0.0022256773038042206,1.0880147050531077,0.9851748744351376,0.032432432432432434,1.0,False,-0.16058553185006758,0.0008689311851670579
8,16,corto,tt_cuentas_chg24 [bajo],185,-0.16607218561068468,-0.0019616563335142917,1.011507181797592,0.9948694266670268,0.005405405405405406,1.0,False,-0.16058553185006758,0.0008689311851670579
8,16,corto,tt_cuentas_pct [bajo],184,-0.17957537082292194,-0.002153627394316261,1.0257413741717443,1.0049840268038008,0.010869565217391304,1.0,False,-0.16058553185006758,0.0008689311851670579
8,16,corto,tt_pos [bajo],185,-0.19191078652024107,-0.002289197283074204,0.9901294513149574,0.9835864551090072,0.0,1.0,False,-0.16058553185006758,0.0008689311851670579
8,16,corto,tt_pos_chg24 [bajo],185,-0.17181842381167683,-0.002103478758656111,1.019001589379114,0.9917608593007436,0.005405405405405406,1.0,False,-0.16058553185006758,0.0008689311851670579
8,16,corto,tt_pos_pct [bajo],184,-0.1791234518600146,-0.0021720083203687125,1.0154183686543186,0.9923702764158819,0.016304347826086956,1.0,False,-0.16058553185006758,0.0008689311851670579
8,16,corto,ls_cuentas [bajo],185,-0.1760503719966874,-0.002211493104658325,1.0758006171399457,0.9868419828325425,0.02702702702702703,1.0,False,-0.16058553185006758,0.0008689311851670579
8,16,corto,ls_cuentas_chg24 [bajo],185,-0.16822234020245783,-0.00203794526213698,1.0127412608027588,0.994608994195582,0.016216216216216217,1.0,False,-0.16058553185006758,0.0008689311851670579
8,16,corto,ls_cuentas_pct [bajo],184,-0.17851258474448645,-0.0021443924966082894,1.023138916506912,1.0045989544355147,0.0,1.0,False,-0.16058553185006758,0.0008689311851670579
8,16,corto,taker [bajo],185,-0.16535885102930745,-0.0020319526475361407,1.0002190616336386,0.9772196162761417,0.02702702702702703,1.0,False,-0.16058553185006758,0.0008689311851670579
8,16,corto,taker_chg24 [bajo],185,-0.16729483853212923,-0.0020345785776889162,1.0012016572492521,0.9796515018549612,0.005405405405405406,1.0,False,-0.16058553185006758,0.0008689311851670579
8,16,corto,taker_pct [bajo],184,-0.1628223583394667,-0.0020426138577701422,1.0071312848160539,0.9770420370268242,0.021739130434782608,1.0,False,-0.16058553185006758,0.0008689311851670579
8,16,corto,atr_24 ~ sin roc_24 [bajo],237,-0.2040955342333098,-0.0019808795415769036,0.7876916506068716,0.9273599061720859,0.004219409282700422,1.0,False,-0.16058553185006758,0.0008689311851670579
8,16,corto,vol_24 ~ sin roc_24 [bajo],237,-0.19945648154050016,-0.001993001308547454,0.7991199078644734,0.9269325826244741,0.004219409282700422,1.0,False,-0.16058553185006758,0.0008689311851670579
8,16,corto,vol_168 ~ sin roc_24 [bajo],237,-0.20374765658200705,-0.001986987467843294,0.8008899443051805,0.9542017513803731,0.008438818565400843,1.0,False,-0.16058553185006758,0.0008689311851670579
8,16,corto,rango_168 ~ sin roc_24 [bajo],237,-0.19401344426146372,-0.001957013020147189,0.8240131161522685,0.9480093238746755,0.004219409282700422,1.0,False,-0.16058553185006758,0.0008689311851670579
8,16,corto,roc_72 ~ sin roc_24 [bajo],237,-0.1528912666592468,-0.0019667582869277306,1.0044464586102453,0.9488588717445592,0.029535864978902954,1.0,False,-0.16058553185006758,0.0008689311851670579
8,16,corto,roc_168 ~ sin roc_24 [bajo],237,-0.1531674280592494,-0.0019030380768382893,0.9993933373148923,0.9427680387478984,0.029535864978902954,1.0,False,-0.16058553185006758,0.0008689311851670579
8,16,corto,roc_720 ~ sin roc_24 [bajo],237,-0.15858847578969967,-0.0019766273739785407,0.9989367044364726,0.9709870847032586,0.02531645569620253,1.0,False,-0.16058553185006758,0.0008689311851670579
8,16,corto,compresion ~ sin roc_24 [bajo],237,-0.16064881921179996,-0.002040375669370413,0.9537289156445293,0.9145616797077086,0.016877637130801686,1.0,False,-0.16058553185006758,0.0008689311851670579
8,16,corto,dd_168 ~ sin roc_24 [bajo],237,-0.135339134381061,-0.0020310598653565273,1.1644295956952289,0.9878082104331047,0.029535864978902954,1.0,False,-0.16058553185006758,0.0008689311851670579
8,16,corto,dd_720 ~ sin roc_24 [bajo],237,-0.1303675585514617,-0.0019514712008592387,1.1164728498491823,0.9545484369826154,0.05485232067510549,1.0,False,-0.16058553185006758,0.0008689311851670579
8,16,corto,pos_168 ~ sin roc_24 [bajo],237,-0.14018573452301536,-0.0018439834655915167,1.0107383361864994,0.9491890375026101,0.05485232067510549,1.0,False,-0.16058553185006758,0.0008689311851670579
8,16,corto,desbal ~ sin roc_24 [bajo],237,-0.16575902463724054,-0.0020734702816848334,1.0056573814250627,0.97912896523039,0.008438818565400843,1.0,False,-0.16058553185006758,0.0008689311851670579
8,16,corto,desbal_24 ~ sin roc_24 [bajo],237,-0.14688315768581467,-0.001883852575514088,1.0034805430213705,0.9698775215586276,0.03375527426160337,1.0,False,-0.16058553185006758,0.0008689311851670579
8,16,corto,desbal_168 ~ sin roc_24 [bajo],237,-0.14707793891659252,-0.0018598004633000999,0.9974468476264342,0.965880007406763,0.02109704641350211,1.0,False,-0.16058553185006758,0.0008689311851670579
8,16,corto,ticket_rel ~ sin roc_24 [bajo],237,-0.15097976252524395,-0.001905294746082133,0.9950885879020054,0.967185106241313,0.02109704641350211,1.0,False,-0.16058553185006758,0.0008689311851670579
8,16,corto,turnover ~ sin roc_24 [bajo],237,-0.15570385662065261,-0.0019473412686878545,1.0006215556947813,0.9568330672711349,0.02531645569620253,1.0,False,-0.16058553185006758,0.0008689311851670579
8,16,corto,n_surge ~ sin roc_24 [bajo],237,-0.15347353057853513,-0.001885537489628863,1.000693087891256,0.9545272277132526,0.029535864978902954,1.0,False,-0.16058553185006758,0.0008689311851670579
8,16,corto,oi_chg_1h ~ sin roc_24 [bajo],185,-0.1701995862929474,-0.0021167398761894832,1.0456340553988848,1.0019017824322098,0.010810810810810811,1.0,False,-0.16058553185006758,0.0008689311851670579
8,16,corto,oi_chg_4h ~ sin roc_24 [bajo],185,-0.16928475924327685,-0.0021440168448590385,1.0487738093434482,1.0047333036068244,0.016216216216216217,1.0,False,-0.16058553185006758,0.0008689311851670579
8,16,corto,oi_chg_24h ~ sin roc_24 [bajo],185,-0.16061603810721536,-0.0020111141477260563,1.0374689383228324,0.9880110099896675,0.021621621621621623,1.0,False,-0.16058553185006758,0.0008689311851670579
8,16,corto,oi_z ~ sin roc_24 [bajo],183,-0.17323637731344152,-0.0020529762655120314,1.030614973110415,1.0008378371629558,0.01092896174863388,1.0,False,-0.16058553185006758,0.0008689311851670579
8,16,corto,oi_rel_168 ~ sin roc_24 [bajo],184,-0.1607689886495303,-0.002045182660938276,1.0153948684095044,0.9450948368138061,0.02717391304347826,1.0,False,-0.16058553185006758,0.0008689311851670579
8,16,corto,tt_cuentas ~ sin roc_24 [bajo],185,-0.17585531939837215,-0.002195994203877212,1.0737656584124373,0.9769638917497494,0.03783783783783784,1.0,False,-0.16058553185006758,0.0008689311851670579
8,16,corto,tt_cuentas_chg24 ~ sin roc_24 [bajo],185,-0.1650966726507798,-0.0019893795187794195,0.9941072527079777,0.9777270479596791,0.032432432432432434,1.0,False,-0.16058553185006758,0.0008689311851670579
8,16,corto,tt_cuentas_pct ~ sin roc_24 [bajo],184,-0.17875745329532114,-0.0021241747720346714,1.007205573804508,0.9911488534052171,0.010869565217391304,1.0,False,-0.16058553185006758,0.0008689311851670579
8,16,corto,tt_pos ~ sin roc_24 [bajo],185,-0.18369851340317925,-0.002178171990251355,0.986552449665588,0.978944227721076,0.0,1.0,False,-0.16058553185006758,0.0008689311851670579
8,16,corto,tt_pos_chg24 ~ sin roc_24 [bajo],185,-0.1654110513227497,-0.0019941859326967734,1.011203281860904,0.985759583078361,0.016216216216216217,1.0,False,-0.16058553185006758,0.0008689311851670579
8,16,corto,tt_pos_pct ~ sin roc_24 [bajo],184,-0.17520168763209545,-0.0021085831079780803,1.0087850345889695,0.9880330918310842,0.010869565217391304,1.0,False,-0.16058553185006758,0.0008689311851670579
8,16,corto,ls_cuentas ~ sin roc_24 [bajo],185,-0.17382562349926256,-0.002170080914074795,1.0610023105325674,0.977699706026465,0.02702702702702703,1.0,False,-0.16058553185006758,0.0008689311851670579
8,16,corto,ls_cuentas_chg24 ~ sin roc_24 [bajo],185,-0.16628354050837785,-0.0020278127622657864,0.994503566831558,0.9773402959281032,0.02702702702702703,1.0,False,-0.16058553185006758,0.0008689311851670579
8,16,corto,ls_cuentas_pct ~ sin roc_24 [bajo],184,-0.17854844667904,-0.002139871951448585,1.0047755645241268,0.9898192123726299,0.010869565217391304,1.0,False,-0.16058553185006758,0.0008689311851670579
8,16,corto,taker ~ sin roc_24 [bajo],185,-0.16842389340937886,-0.002041441238547695,0.995589295033899,0.9752674535882997,0.016216216216216217,1.0,False,-0.16058553185006758,0.0008689311851670579
8,16,corto,taker_chg24 ~ sin roc_24 [bajo],185,-0.1696628296392526,-0.0020633322370528185,1.0009123173348207,0.9797797355759056,0.016216216216216217,1.0,False,-0.16058553185006758,0.0008689311851670579
8,16,corto,taker_pct ~ sin roc_24 [bajo],184,-0.16547833481342877,-0.0020249743479394513,1.0055264108471609,0.9766127599372924,0.021739130434782608,1.0,False,-0.16058553185006758,0.0008689311851670579
8,16,corto,CONTROL azar 1,237,-0.16058553185006758,-0.002024557701777255,1.0036102368305464,0.9774137965374505,0.004219409282700422,1.0,False,-0.16058553185006758,0.0008689311851670579
8,16,corto,CONTROL azar 2,237,-0.1605446854315378,-0.0020271066144304764,1.0049375484094538,0.9778744477807246,0.02531645569620253,1.0,False,-0.16058553185006758,0.0008689311851670579
8,16,corto,CONTROL azar 3,237,-0.16206972583173115,-0.002046980300097348,1.0034268295126465,0.9782336336717912,0.02531645569620253,1.0,False,-0.16058553185006758,0.0008689311851670579
24,3,largo,atr_24,251,0.026059924332024725,0.0006985648314975859,2.0342305756902523,1.3268513390652004,0.4063745019920319,0.3815,False,-0.19915157455872418,0.055053383948669245
24,3,largo,vol_24,251,0.011791291221757054,0.0006800649019898944,1.9858617812123005,1.3314840213802697,0.398406374501992,0.4425,False,-0.19915157455872418,0.055053383948669245
24,3,largo,vol_168,251,0.021727823444065576,0.0006658364341961546,1.8541000694799843,1.1305385377942763,0.4581673306772908,0.373,False,-0.19915157455872418,0.055053383948669245
24,3,largo,rango_168,251,0.06915957857007408,0.0012819424986287116,1.77760555311624,1.1647682705153988,0.450199203187251,0.1545,False,-0.19915157455872418,0.055053383948669245
24,3,largo,roc_24,251,-0.14611244777337976,-0.0016472043038964204,1.5197288724027014,1.22170217636401,0.33067729083665337,1.0,False,-0.19915157455872418,0.055053383948669245
24,3,largo,roc_72,251,-0.04333951118153237,-0.00012772690821794892,1.6177990864264107,1.2835560211468289,0.3705179282868526,1.0,False,-0.19915157455872418,0.055053383948669245
24,3,largo,roc_168,251,-0.0026308799593198827,0.00037671537177703463,1.635810576776176,1.2629078582295699,0.4262948207171315,1.0,False,-0.19915157455872418,0.055053383948669245
24,3,largo,roc_720,251,-0.017205154094837628,-0.0001728379446530226,1.5243797478006655,1.0331383142694848,0.44223107569721115,1.0,False,-0.19915157455872418,0.055053383948669245
24,3,largo,compresion,251,-0.1939311369376939,-0.0022874467778341077,1.4778536408259608,1.3253114693701182,0.3426294820717131,1.0,False,-0.19915157455872418,0.055053383948669245
24,3,largo,dd_168,251,-0.20539951795755323,-0.0022492793395572854,0.8120422125541642,1.0184046426146809,0.35856573705179284,1.0,False,-0.19915157455872418,0.055053383948669245
24,3,largo,dd_720,251,-0.1763221769241824,-0.0017397935599685504,0.8457039433337058,1.0677193562134975,0.38247011952191234,1.0,False,-0.19915157455872418,0.055053383948669245
24,3,largo,pos_168,251,-0.09286643024279236,-0.0012019727073127068,1.1976080622482854,1.11849521112986,0.3784860557768924,1.0,False,-0.19915157455872418,0.055053383948669245
24,3,largo,desbal,251,-0.23199296736620845,-0.003058479218524285,1.004703870435939,0.962070524667848,0.30677290836653387,1.0,False,-0.19915157455872418,0.055053383948669245
24,3,largo,desbal_24,251,-0.10454384930346755,-0.0014347825540515897,0.9515459467285226,0.9841814702397885,0.3705179282868526,1.0,False,-0.19915157455872418,0.055053383948669245
24,3,largo,desbal_168,251,-0.04416919650785831,-0.0002819590933271085,0.9106238885331281,0.9943535807332767,0.4103585657370518,1.0,False,-0.19915157455872418,0.055053383948669245
24,3,largo,ticket_rel,251,-0.10975143075857421,-0.0017246890470420562,1.0139013588783503,1.0022340813957702,0.3904382470119522,1.0,False,-0.19915157455872418,0.055053383948669245
24,3,largo,turnover,251,-0.16394870880305595,-0.001977297328424243,1.352592048612749,1.1964318002359788,0.350597609561753,1.0,False,-0.19915157455872418,0.055053383948669245
24,3,largo,n_surge,251,-0.2269028091443675,-0.002563356260821985,1.3858717322917453,1.2051300197300834,0.29880478087649404,1.0,False,-0.19915157455872418,0.055053383948669245
24,3,largo,oi_chg_1h,201,-0.2396916886844812,-0.00311012504006003,1.249644357732823,1.050634483278896,0.3333333333333333,1.0,False,-0.19915157455872418,0.055053383948669245
24,3,largo,oi_chg_4h,201,-0.09855897191712365,-0.000882528445729903,1.2343741770928192,1.064494411296587,0.38308457711442784,1.0,False,-0.19915157455872418,0.055053383948669245
24,3,largo,oi_chg_24h,201,-0.05671718141130658,-0.0006650713177963062,1.4697778775721728,1.2205764142218918,0.39303482587064675,1.0,False,-0.19915157455872418,0.055053383948669245
24,3,largo,oi_z,199,-0.21310825683758267,-0.0027671832625828863,1.0806410152113224,1.0095431091468199,0.32663316582914576,1.0,False,-0.19915157455872418,0.055053383948669245
24,3,largo,oi_rel_168,201,0.009531053903751743,0.0005119237636992695,1.6019029753356742,1.3204662133627387,0.42786069651741293,0.446,False,-0.19915157455872418,0.055053383948669245
24,3,largo,tt_cuentas,190,-0.25475109786613903,-0.0029931384166601406,0.8978721241680947,0.9799863637762768,0.19473684210526315,1.0,False,-0.19915157455872418,0.055053383948669245
24,3,largo,tt_cuentas_chg24,190,-0.15984873869298682,-0.0014198938295739867,1.0697227802272415,1.0139813326790197,0.3105263157894737,1.0,False,-0.19915157455872418,0.055053383948669245
24,3,largo,tt_cuentas_pct,189,-0.19679614535489634,-0.0020911372042278064,0.986618998893516,0.962879757010239,0.31746031746031744,1.0,False,-0.19915157455872418,0.055053383948669245
24,3,largo,tt_pos,190,-0.27193998045423134,-0.00295255829355712,0.9800797842357866,0.9518476327626194,0.2894736842105263,1.0,False,-0.19915157455872418,0.055053383948669245
24,3,largo,tt_pos_chg24,190,-0.19231424282180584,-0.0021433321344864536,1.1027413436560805,1.004816385612157,0.33157894736842103,1.0,False,-0.19915157455872418,0.055053383948669245
24,3,largo,tt_pos_pct,189,-0.25575443885389654,-0.002953217739708817,1.0146417015558755,0.9687941921358012,0.2698412698412698,1.0,False,-0.19915157455872418,0.055053383948669245
24,3,largo,ls_cuentas,201,-0.24920399591436906,-0.0027908142598324992,0.8923987390878916,0.9675542560361172,0.23880597014925373,1.0,False,-0.19915157455872418,0.055053383948669245
24,3,largo,ls_cuentas_chg24,201,-0.12586516886383994,-0.0011789414494906836,1.09436569582712,1.013851045891506,0.3482587064676617,1.0,False,-0.19915157455872418,0.055053383948669245
24,3,largo,ls_cuentas_pct,201,-0.18320401104999476,-0.0021459902582349095,0.9993358586421959,0.9653727613494365,0.30845771144278605,1.0,False,-0.19915157455872418,0.055053383948669245
24,3,largo,taker,201,-0.12804285484561428,-0.0017367310795747607,0.9803086217414713,0.9565467371318768,0.34328358208955223,1.0,False,-0.19915157455872418,0.055053383948669245
24,3,largo,taker_chg24,201,-0.16170986851350438,-0.0024419553257120767,0.9745438906515529,0.9623101726655668,0.31343283582089554,1.0,False,-0.19915157455872418,0.055053383948669245
24,3,largo,taker_pct,200,-0.13808628609595333,-0.0017200202861609654,1.03101793424156,0.9680444103032606,0.345,1.0,False,-0.19915157455872418,0.055053383948669245
24,3,largo,atr_24 ~ sin roc_24,251,-0.03774301221411099,-1.1048800687103108e-05,1.8919187106566127,1.243099257813487,0.398406374501992,1.0,False,-0.19915157455872418,0.055053383948669245
24,3,largo,vol_24 ~ sin roc_24,251,-0.09607766632386608,-0.0011170915861168844,1.8372450828379987,1.2511564321522761,0.40239043824701193,1.0,False,-0.19915157455872418,0.055053383948669245
24,3,largo,vol_168 ~ sin roc_24,251,-0.05301462439685683,-0.00041449622783836827,1.7313332224139246,1.1086628194719776,0.398406374501992,1.0,False,-0.19915157455872418,0.055053383948669245
24,3,largo,rango_168 ~ sin roc_24,251,-0.008199239909972674,0.00022162547645031256,1.6566691735741688,1.1259450114697196,0.4262948207171315,1.0,False,-0.19915157455872418,0.055053383948669245
24,3,largo,roc_72 ~ sin roc_24,251,-0.036438652747057154,-0.0008384008784105797,1.4908025680175183,1.1872540285500595,0.3784860557768924,1.0,False,-0.19915157455872418,0.055053383948669245
24,3,largo,roc_168 ~ sin roc_24,251,-0.009987038726422369,0.00011629131749358161,1.522952312769101,1.186469475533281,0.4103585657370518,1.0,False,-0.19915157455872418,0.055053383948669245
24,3,largo,roc_720 ~ sin roc_24,251,-0.05409177214195945,-0.0007598661187893736,1.464760270231484,1.0074435161690412,0.44223107569721115,1.0,False,-0.19915157455872418,0.055053383948669245
24,3,largo,compresion ~ sin roc_24,251,-0.20015299818029186,-0.0025070812417294654,1.3309655066708288,1.2525160384816263,0.3466135458167331,1.0,False,-0.19915157455872418,0.055053383948669245
24,3,largo,dd_168 ~ sin roc_24,251,-0.145462044055512,-0.0017918931188671192,0.750488592610642,0.9799051053049135,0.3665338645418327,1.0,False,-0.19915157455872418,0.055053383948669245
24,3,largo,dd_720 ~ sin roc_24,251,-0.11013898433993564,-0.0014985885786330032,0.8148039559610197,1.0289045911925716,0.3944223107569721,1.0,False,-0.19915157455872418,0.055053383948669245
24,3,largo,pos_168 ~ sin roc_24,251,-0.0679535532055441,-0.0010892818624429253,1.093067512191076,1.0604199539531303,0.3705179282868526,1.0,False,-0.19915157455872418,0.055053383948669245
24,3,largo,desbal ~ sin roc_24,251,-0.19258506247989204,-0.00229415104071405,0.9929470357302674,0.9562554337950582,0.3545816733067729,1.0,False,-0.19915157455872418,0.055053383948669245
24,3,largo,desbal_24 ~ sin roc_24,251,-0.1205922020641063,-0.0015706741412215305,0.9317191878819091,0.9693584961279141,0.36254980079681276,1.0,False,-0.19915157455872418,0.055053383948669245
24,3,largo,desbal_168 ~ sin roc_24,251,-0.044553474075763,-0.0006918312518347095,0.9088148210060905,0.9864254257046343,0.4302788844621514,1.0,False,-0.19915157455872418,0.055053383948669245
24,3,largo,ticket_rel ~ sin roc_24,251,-0.07280981884522633,-0.001158160953315559,0.9966822392277042,0.9924746364594098,0.4063745019920319,1.0,False,-0.19915157455872418,0.055053383948669245
24,3,largo,turnover ~ sin roc_24,251,-0.17006249441666135,-0.002105993799882685,1.2719121860896587,1.1427513965871885,0.3147410358565737,1.0,False,-0.19915157455872418,0.055053383948669245
24,3,largo,n_surge ~ sin roc_24,251,-0.21418779593255938,-0.0023004526445296585,1.2954191657464613,1.144571102602022,0.3386454183266932,1.0,False,-0.19915157455872418,0.055053383948669245
24,3,largo,oi_chg_1h ~ sin roc_24,201,-0.2376805130909247,-0.003100193975365742,1.2232989820424853,1.0286495128473718,0.32338308457711445,1.0,False,-0.19915157455872418,0.055053383948669245
24,3,largo,oi_chg_4h ~ sin roc_24,201,-0.17015572987216804,-0.001767281875059429,1.2079078139161255,1.037138839437586,0.35323383084577115,1.0,False,-0.19915157455872418,0.055053383948669245
24,3,largo,oi_chg_24h ~ sin roc_24,201,-0.062681252734867,-0.001153696632707945,1.279515176423317,1.1251674881011002,0.373134328358209,1.0,False,-0.19915157455872418,0.055053383948669245
24,3,largo,oi_z ~ sin roc_24,199,-0.26425074861860876,-0.003225605130382226,1.045063936706687,0.994583290522745,0.2864321608040201,1.0,False,-0.19915157455872418,0.055053383948669245
24,3,largo,oi_rel_168 ~ sin roc_24,201,-0.04963793135139212,-0.0008338549853223578,1.4761286648902618,1.2538180317254306,0.417910447761194,1.0,False,-0.19915157455872418,0.055053383948669245
24,3,largo,tt_cuentas ~ sin roc_24,190,-0.24629210061806225,-0.002696488239759671,0.8980716449107051,0.9799863637762768,0.21052631578947367,1.0,False,-0.19915157455872418,0.055053383948669245
24,3,largo,tt_cuentas_chg24 ~ sin roc_24,190,-0.12463853881162304,-0.0013831809085271842,1.0874625611785795,1.0272718530141303,0.3263157894736842,1.0,False,-0.19915157455872418,0.055053383948669245
24,3,largo,tt_cuentas_pct ~ sin roc_24,189,-0.19064693770205798,-0.002239584648265741,0.9938197030871537,0.9706637811428929,0.30158730158730157,1.0,False,-0.19915157455872418,0.055053383948669245
24,3,largo,tt_pos ~ sin roc_24,190,-0.28837214831447017,-0.0030886957645652933,0.9727430637484992,0.9510134721871122,0.2894736842105263,1.0,False,-0.19915157455872418,0.055053383948669245
24,3,largo,tt_pos_chg24 ~ sin roc_24,190,-0.16113841579384602,-0.0017130520917865836,1.10972493990747,1.0067225027751743,0.34210526315789475,1.0,False,-0.19915157455872418,0.055053383948669245
24,3,largo,tt_pos_pct ~ sin roc_24,189,-0.2023558423866204,-0.0023146701646482326,1.027230994186945,0.977994550611275,0.2962962962962963,1.0,False,-0.19915157455872418,0.055053383948669245
24,3,largo,ls_cuentas ~ sin roc_24,201,-0.23172728228954478,-0.002539549435974431,0.8881227001820788,0.9711477476353959,0.21890547263681592,1.0,False,-0.19915157455872418,0.055053383948669245
24,3,largo,ls_cuentas_chg24 ~ sin roc_24,201,-0.12028032780099633,-0.0014799019911523464,1.1172781906230937,1.0297262056033936,0.3333333333333333,1.0,False,-0.19915157455872418,0.055053383948669245
24,3,largo,ls_cuentas_pct ~ sin roc_24,201,-0.19925719019571383,-0.002731911964135005,1.0041995866497377,0.970301502145851,0.3582089552238806,1.0,False,-0.19915157455872418,0.055053383948669245
24,3,largo,taker ~ sin roc_24,201,-0.12969584870474854,-0.0016585272831651841,0.9788430005745635,0.9560058644227145,0.32338308457711445,1.0,False,-0.19915157455872418,0.055053383948669245
24,3,largo,taker_chg24 ~ sin roc_24,201,-0.1539670957660682,-0.0023676535847071667,0.986453990289556,0.9662708931866674,0.31840796019900497,1.0,False,-0.19915157455872418,0.055053383948669245
24,3,largo,taker_pct ~ sin roc_24,200,-0.12344578935973644,-0.001670986330927688,1.0269240160235344,0.9695232455765364,0.335,1.0,False,-0.19915157455872418,0.055053383948669245
24,3,largo,atr_24 [bajo],251,-0.1735409657853387,-0.0015001979037928223,0.5088235694756369,0.8990066716940963,0.3705179282868526,1.0,False,-0.19915157455872418,0.055053383948669245
24,3,largo,vol_24 [bajo],251,-0.19763314862454956,-0.0018522550940830316,0.5200134338755686,0.8829907099370653,0.3426294820717131,1.0,False,-0.19915157455872418,0.055053383948669245
24,3,largo,vol_168 [bajo],251,-0.19973289596659094,-0.0017395936195920237,0.5252640486225642,0.9327163035693069,0.350597609561753,1.0,False,-0.19915157455872418,0.055053383948669245
24,3,largo,rango_168 [bajo],251,-0.2343186624117817,-0.001929414399432395,0.557079517131998,0.9221747481110908,0.33067729083665337,1.0,False,-0.19915157455872418,0.055053383948669245
24,3,largo,roc_24 [bajo],251,-0.17146248745718567,-0.0017831466441107122,1.2991560372183093,1.0266358302701273,0.38645418326693226,1.0,False,-0.19915157455872418,0.055053383948669245
24,3,largo,roc_72 [bajo],251,-0.07402111948363899,-0.0007254001928373962,1.1953202931763147,0.9573105621852003,0.4302788844621514,1.0,False,-0.19915157455872418,0.055053383948669245
24,3,largo,roc_168 [bajo],251,-0.13394163997273312,-0.0019056184170316848,1.1589702814758676,0.9364759401688719,0.398406374501992,1.0,False,-0.19915157455872418,0.055053383948669245
24,3,largo,roc_720 [bajo],251,-0.15683818670295036,-0.002141023200432353,1.1535679911796948,0.9649891369383734,0.350597609561753,1.0,False,-0.19915157455872418,0.055053383948669245
24,3,largo,compresion [bajo],251,-0.14562284331109535,-0.001615086441114874,0.9381008991908198,0.870195286027073,0.3944223107569721,1.0,False,-0.19915157455872418,0.055053383948669245
24,3,largo,dd_168 [bajo],251,-0.10421128944184924,-0.0010906335804981696,1.4584983836215222,1.0147612190554123,0.4262948207171315,1.0,False,-0.19915157455872418,0.055053383948669245
24,3,largo,dd_720 [bajo],251,-0.14926428474500605,-0.0017295455751254673,1.3138244464716209,0.9382717080919027,0.3944223107569721,1.0,False,-0.19915157455872418,0.055053383948669245
24,3,largo,pos_168 [bajo],251,-0.18202000717714192,-0.0021194099818630393,1.0897432849736208,0.9308631254420479,0.3466135458167331,1.0,False,-0.19915157455872418,0.055053383948669245
24,3,largo,desbal [bajo],251,-0.09310335132115297,-0.0008693444217002149,1.0051354186632195,0.9625998503185647,0.3745019920318725,1.0,False,-0.19915157455872418,0.055053383948669245
24,3,largo,desbal_24 [bajo],251,-0.20860285109589918,-0.002135264771725333,0.9776934111407253,0.9395732998876103,0.2908366533864542,1.0,False,-0.19915157455872418,0.055053383948669245
24,3,largo,desbal_168 [bajo],251,-0.25607954655875836,-0.0034247487058767043,0.9988902822819756,0.9513806110107073,0.27091633466135456,1.0,False,-0.19915157455872418,0.055053383948669245
24,3,largo,ticket_rel [bajo],251,-0.17617223538509047,-0.0019112822856531772,1.0164506347981779,0.947941800859746,0.33067729083665337,1.0,False,-0.19915157455872418,0.055053383948669245
24,3,largo,turnover [bajo],251,-0.17110356369031782,-0.0020520398106890865,1.035186291098918,0.9108209824370618,0.3545816733067729,1.0,False,-0.19915157455872418,0.055053383948669245
24,3,largo,n_surge [bajo],251,-0.15554411807104945,-0.002194520726750831,1.0343648183254393,0.9039452435660211,0.3346613545816733,1.0,False,-0.19915157455872418,0.055053383948669245
24,3,largo,oi_chg_1h [bajo],201,-0.07238469770167842,-0.000884058819021756,1.332430017275046,1.0925048819659133,0.417910447761194,1.0,False,-0.19915157455872418,0.055053383948669245
24,3,largo,oi_chg_4h [bajo],201,-0.017557585290362995,-0.00039067652236894726,1.3600784985604484,1.0969166938860397,0.417910447761194,1.0,False,-0.19915157455872418,0.055053383948669245
24,3,largo,oi_chg_24h [bajo],201,-0.05118596232698785,-0.0005257909751232136,1.247049750521451,1.0298319499073214,0.43781094527363185,1.0,False,-0.19915157455872418,0.055053383948669245
24,3,largo,oi_z [bajo],199,-0.11080232881173296,-0.0011262059785744677,1.10705825806735,1.0386769691569973,0.35678391959798994,1.0,False,-0.19915157455872418,0.055053383948669245
24,3,largo,oi_rel_168 [bajo],201,-0.1818297390482146,-0.002505283672932121,1.1246961984228214,0.9207817640992971,0.35323383084577115,1.0,False,-0.19915157455872418,0.055053383948669245
24,3,largo,tt_cuentas [bajo],190,-0.029699049006321695,-8.775564101665272e-05,1.2063039007325107,1.0136996051472231,0.46842105263157896,1.0,False,-0.19915157455872418,0.055053383948669245
24,3,largo,tt_cuentas_chg24 [bajo],190,-0.2240590581083356,-0.0027347696032593064,1.1252286210692775,1.070056281615276,0.34210526315789475,1.0,False,-0.19915157455872418,0.055053383948669245
24,3,largo,tt_cuentas_pct [bajo],189,-0.15875196420807028,-0.002057081316903631,1.1256099793633865,1.0569625902834807,0.3333333333333333,1.0,False,-0.19915157455872418,0.055053383948669245
24,3,largo,tt_pos [bajo],190,-0.12080033436392433,-0.0015691166102511443,0.922944857161407,0.989546782641483,0.4,1.0,False,-0.19915157455872418,0.055053383948669245
24,3,largo,tt_pos_chg24 [bajo],190,-0.2943736207863103,-0.003615925297035669,1.1595483167065985,1.0440727485012928,0.26842105263157895,1.0,False,-0.19915157455872418,0.055053383948669245
24,3,largo,tt_pos_pct [bajo],189,-0.12015486734207595,-0.0010332870309699438,1.0982287219682856,1.0183359522983926,0.37037037037037035,1.0,False,-0.19915157455872418,0.055053383948669245
24,3,largo,ls_cuentas [bajo],201,-0.010666033195326576,-0.00012608140498263537,1.2481685311927122,1.0284654352995553,0.48258706467661694,1.0,False,-0.19915157455872418,0.055053383948669245
24,3,largo,ls_cuentas_chg24 [bajo],201,-0.23058746287210055,-0.0023465213798222057,1.1537868492318828,1.0772019640397243,0.31343283582089554,1.0,False,-0.19915157455872418,0.055053383948669245
24,3,largo,ls_cuentas_pct [bajo],201,-0.11506907270739333,-0.001497027712901631,1.1260556855712178,1.0545581046935857,0.39303482587064675,1.0,False,-0.19915157455872418,0.055053383948669245
24,3,largo,taker [bajo],201,-0.1644135438194558,-0.0016307978510502696,0.9816731900234988,0.9600520997283607,0.31840796019900497,1.0,False,-0.19915157455872418,0.055053383948669245
24,3,largo,taker_chg24 [bajo],201,-0.2345925845756205,-0.0026636592338855803,0.986399505588423,0.9757086328637021,0.32338308457711445,1.0,False,-0.19915157455872418,0.055053383948669245
24,3,largo,taker_pct [bajo],200,-0.13491576320370127,-0.001351776888811044,1.033128889951248,0.9727238019928313,0.365,1.0,False,-0.19915157455872418,0.055053383948669245
24,3,largo,atr_24 ~ sin roc_24 [bajo],251,-0.16879719309790225,-0.001635319354566033,0.5553767740057707,0.9123603973156562,0.3784860557768924,1.0,False,-0.19915157455872418,0.055053383948669245
24,3,largo,vol_24 ~ sin roc_24 [bajo],251,-0.18440057011834596,-0.0019967541406402606,0.5972360600380865,0.9074871139151451,0.3346613545816733,1.0,False,-0.19915157455872418,0.055053383948669245
24,3,largo,vol_168 ~ sin roc_24 [bajo],251,-0.18838703191693776,-0.0018792351783280068,0.5748196140376562,0.9564063606687321,0.36254980079681276,1.0,False,-0.19915157455872418,0.055053383948669245
24,3,largo,rango_168 ~ sin roc_24 [bajo],251,-0.1831503830464826,-0.0020582358205740617,0.6330792037366159,0.9371245667251056,0.36254980079681276,1.0,False,-0.19915157455872418,0.055053383948669245
24,3,largo,roc_72 ~ sin roc_24 [bajo],251,-0.1458646406399319,-0.0016618942534144115,1.2179644571037234,0.9761663181868983,0.3784860557768924,1.0,False,-0.19915157455872418,0.055053383948669245
24,3,largo,roc_168 ~ sin roc_24 [bajo],251,-0.14972772550772162,-0.0021277058305828565,1.1762395059521842,0.9521811680960763,0.3944223107569721,1.0,False,-0.19915157455872418,0.055053383948669245
24,3,largo,roc_720 ~ sin roc_24 [bajo],251,-0.12380549712045363,-0.0016621523812632875,1.1730720388577167,0.9869991692037201,0.3705179282868526,1.0,False,-0.19915157455872418,0.055053383948669245
24,3,largo,compresion ~ sin roc_24 [bajo],251,-0.1379111997920304,-0.001639516379880478,0.9656384909568355,0.8938901135918493,0.35856573705179284,1.0,False,-0.19915157455872418,0.055053383948669245
24,3,largo,dd_168 ~ sin roc_24 [bajo],251,-0.09308869609230251,-0.0008959655011239087,1.4412583231697238,1.0177230825928876,0.4063745019920319,1.0,False,-0.19915157455872418,0.055053383948669245
24,3,largo,dd_720 ~ sin roc_24 [bajo],251,-0.13484370084124897,-0.001616442172006887,1.294886032397073,0.9400161126177737,0.3745019920318725,1.0,False,-0.19915157455872418,0.055053383948669245
24,3,largo,pos_168 ~ sin roc_24 [bajo],251,-0.2676865561351998,-0.003462893858162954,1.0654753600102695,0.9362561648133034,0.30677290836653387,1.0,False,-0.19915157455872418,0.055053383948669245
24,3,largo,desbal ~ sin roc_24 [bajo],251,-0.11505772807279492,-0.0012226590715611466,1.0032549886528417,0.96090031336313,0.3665338645418327,1.0,False,-0.19915157455872418,0.055053383948669245
24,3,largo,desbal_24 ~ sin roc_24 [bajo],251,-0.19638019176021346,-0.0021328084233793675,0.9786235406391183,0.9443116824728741,0.3187250996015936,1.0,False,-0.19915157455872418,0.055053383948669245
24,3,largo,desbal_168 ~ sin roc_24 [bajo],251,-0.23483619638748301,-0.003154554221585535,0.9885314021549487,0.9484947285243402,0.2948207171314741,1.0,False,-0.19915157455872418,0.055053383948669245
24,3,largo,ticket_rel ~ sin roc_24 [bajo],251,-0.16569598851337777,-0.0018953263469668091,1.0173569676777008,0.9536666326537142,0.3187250996015936,1.0,False,-0.19915157455872418,0.055053383948669245
24,3,largo,turnover ~ sin roc_24 [bajo],251,-0.1583612831335341,-0.001554324726292865,1.1832600563177469,0.9956653818633021,0.3705179282868526,1.0,False,-0.19915157455872418,0.055053383948669245
24,3,largo,n_surge ~ sin roc_24 [bajo],251,-0.1595990284293326,-0.0018363776151993389,1.174812388884241,0.9923833867757197,0.3784860557768924,1.0,False,-0.19915157455872418,0.055053383948669245
24,3,largo,oi_chg_1h ~ sin roc_24 [bajo],201,-0.11922497581863077,-0.0013268844410361641,1.3488110540351885,1.1062425119934018,0.373134328358209,1.0,False,-0.19915157455872418,0.055053383948669245
24,3,largo,oi_chg_4h ~ sin roc_24 [bajo],201,-0.03446065392889642,-0.0007946114271143013,1.3715869009735944,1.118024096859798,0.4079601990049751,1.0,False,-0.19915157455872418,0.055053383948669245
24,3,largo,oi_chg_24h ~ sin roc_24 [bajo],201,-0.08221876965705842,-0.0011168865747697887,1.2565701205297013,1.0525509795163184,0.39303482587064675,1.0,False,-0.19915157455872418,0.055053383948669245
24,3,largo,oi_z ~ sin roc_24 [bajo],199,-0.1602733508813802,-0.0018186019036228046,1.129588627291737,1.0513803991321384,0.34673366834170855,1.0,False,-0.19915157455872418,0.055053383948669245
24,3,largo,oi_rel_168 ~ sin roc_24 [bajo],201,-0.1812515825624231,-0.002359248826142105,1.1538623760868902,0.9505871367286672,0.35323383084577115,1.0,False,-0.19915157455872418,0.055053383948669245
24,3,largo,tt_cuentas ~ sin roc_24 [bajo],190,-0.011875335871173797,-0.0004607518560290655,1.0824776229436532,0.9806954530474281,0.4368421052631579,1.0,False,-0.19915157455872418,0.055053383948669245
24,3,largo,tt_cuentas_chg24 ~ sin roc_24 [bajo],190,-0.22481817017045408,-0.00249719883868205,1.0420922123427538,1.0159187923104573,0.2736842105263158,1.0,False,-0.19915157455872418,0.055053383948669245
24,3,largo,tt_cuentas_pct ~ sin roc_24 [bajo],189,-0.12699902736943908,-0.0015768356648897248,0.9979889411040894,1.0005821177695775,0.4074074074074074,1.0,False,-0.19915157455872418,0.055053383948669245
24,3,largo,tt_pos ~ sin roc_24 [bajo],190,-0.07504636400837217,-0.0010184475058864638,0.9147568156536731,0.9838968979785453,0.4421052631578947,1.0,False,-0.19915157455872418,0.055053383948669245
24,3,largo,tt_pos_chg24 ~ sin roc_24 [bajo],190,-0.24826795953665243,-0.0029043164063529124,1.1266168224976676,1.023362737739408,0.3526315789473684,1.0,False,-0.19915157455872418,0.055053383948669245
24,3,largo,tt_pos_pct ~ sin roc_24 [bajo],189,-0.20469190715111385,-0.0025103052131587073,1.040156486753878,0.9980088398872031,0.328042328042328,1.0,False,-0.19915157455872418,0.055053383948669245
24,3,largo,ls_cuentas ~ sin roc_24 [bajo],201,-0.06954839734251972,-0.0010136799231768084,1.1117105892572603,0.9866976550500992,0.4129353233830846,1.0,False,-0.19915157455872418,0.055053383948669245
24,3,largo,ls_cuentas_chg24 ~ sin roc_24 [bajo],201,-0.2224114375853568,-0.002185177096553952,1.0561231475430246,1.0117515897091671,0.29850746268656714,1.0,False,-0.19915157455872418,0.055053383948669245
24,3,largo,ls_cuentas_pct ~ sin roc_24 [bajo],201,-0.14815346141361502,-0.0019059251529894446,1.0022060223722409,0.9969510345811707,0.29850746268656714,1.0,False,-0.19915157455872418,0.055053383948669245
24,3,largo,taker ~ sin roc_24 [bajo],201,-0.17675719923131397,-0.0018055253315068587,0.9978300399878265,0.9707035040996298,0.3333333333333333,1.0,False,-0.19915157455872418,0.055053383948669245
24,3,largo,taker_chg24 ~ sin roc_24 [bajo],201,-0.2645135893790381,-0.003116297586801534,0.9878922879852279,0.9733151764940393,0.2885572139303483,1.0,False,-0.19915157455872418,0.055053383948669245
24,3,largo,taker_pct ~ sin roc_24 [bajo],200,-0.1422265962675009,-0.0015487845245274316,1.028290871760936,0.9728371901916806,0.335,1.0,False,-0.19915157455872418,0.055053383948669245
24,3,largo,CONTROL azar 1,251,-0.26777029150692716,-0.00344985473331869,1.0272633201140973,0.9689776850578277,0.28286852589641437,1.0,False,-0.19915157455872418,0.055053383948669245
24,3,largo,CONTROL azar 2,251,-0.19915157455872418,-0.002200985061491765,1.0272917243181394,0.9764090981325675,0.3426294820717131,1.0,False,-0.19915157455872418,0.055053383948669245
24,3,largo,CONTROL azar 3,251,-0.1588872847655887,-0.0017437768253356107,1.0270543756696002,0.973842217912233,0.3426294820717131,1.0,False,-0.19915157455872418,0.055053383948669245
24,3,corto,atr_24,251,-0.25581935881891243,-0.0046985648314975875,2.0342305756902523,1.3268513390652004,0.4701195219123506,1.0,False,-0.12601471588060162,0.055285129443114485
24,3,corto,vol_24,251,-0.25072787885002895,-0.004680064901989896,1.9858617812123005,1.3314840213802697,0.4541832669322709,1.0,False,-0.12601471588060162,0.055285129443114485
24,3,corto,vol_168,251,-0.24612232537809836,-0.004665836434196155,1.8541000694799843,1.1305385377942763,0.41434262948207173,1.0,False,-0.12601471588060162,0.055285129443114485
24,3,corto,rango_168,251,-0.3091121221275817,-0.005281942498628713,1.77760555311624,1.1647682705153988,0.4342629482071713,1.0,False,-0.12601471588060162,0.055285129443114485
24,3,corto,roc_24,251,-0.15545423446454523,-0.0023527956961035806,1.5197288724027014,1.22170217636401,0.5059760956175299,1.0,False,-0.12601471588060162,0.055285129443114485
24,3,corto,roc_72,251,-0.259462537185134,-0.0038722730917820527,1.6177990864264107,1.2835560211468289,0.4820717131474104,1.0,False,-0.12601471588060162,0.055285129443114485
24,3,corto,roc_168,251,-0.2907890603497667,-0.004376715371777036,1.635810576776176,1.2629078582295699,0.4581673306772908,1.0,False,-0.12601471588060162,0.055285129443114485
24,3,corto,roc_720,251,-0.24167689040737736,-0.003827162055346979,1.5243797478006655,1.0331383142694848,0.40239043824701193,1.0,False,-0.12601471588060162,0.055285129443114485
24,3,corto,compresion,251,-0.13663520041014823,-0.0017125532221658934,1.4778536408259608,1.3253114693701182,0.4900398406374502,1.0,False,-0.12601471588060162,0.055285129443114485
24,3,corto,dd_168,251,-0.2617957900922174,-0.0017507206604427147,0.8120422125541642,1.0184046426146809,0.33067729083665337,1.0,False,-0.12601471588060162,0.055285129443114485
24,3,corto,dd_720,251,-0.3079973563666609,-0.00226020644003145,0.8457039433337058,1.0677193562134975,0.3426294820717131,1.0,False,-0.12601471588060162,0.055285129443114485
24,3,corto,pos_168,251,-0.24851892498118291,-0.0027980272926872943,1.1976080622482854,1.11849521112986,0.42231075697211157,1.0,False,-0.12601471588060162,0.055285129443114485
24,3,corto,desbal,251,-0.09256938109208201,-0.0009415207814757164,1.004703870435939,0.962070524667848,0.41434262948207173,1.0,False,-0.12601471588060162,0.055285129443114485
24,3,corto,desbal_24,251,-0.24932391651469352,-0.0025652174459484117,0.9515459467285226,0.9841814702397885,0.3705179282868526,1.0,False,-0.12601471588060162,0.055285129443114485
24,3,corto,desbal_168,251,-0.34037185413467874,-0.0037180409066728923,0.9106238885331281,0.9943535807332767,0.2908366533864542,1.0,False,-0.12601471588060162,0.055285129443114485
24,3,corto,ticket_rel,251,-0.23755222263503162,-0.0022753109529579448,1.0139013588783503,1.0022340813957702,0.4063745019920319,1.0,False,-0.12601471588060162,0.055285129443114485
24,3,corto,turnover,251,-0.15768250292795885,-0.0020227026715757585,1.352592048612749,1.1964318002359788,0.4701195219123506,1.0,False,-0.12601471588060162,0.055285129443114485
24,3,corto,n_surge,251,-0.08907937125173349,-0.0014366437391780168,1.3858717322917453,1.2051300197300834,0.5219123505976095,1.0,False,-0.12601471588060162,0.055285129443114485
24,3,corto,oi_chg_1h,201,-0.07391024324522125,-0.0008898749599399711,1.249644357732823,1.050634483278896,0.47761194029850745,1.0,False,-0.12601471588060162,0.055285129443114485
24,3,corto,oi_chg_4h,201,-0.21746518007674798,-0.0031174715542700983,1.2343741770928192,1.064494411296587,0.43781094527363185,1.0,False,-0.12601471588060162,0.055285129443114485
24,3,corto,oi_chg_24h,201,-0.2622930763863538,-0.0033349286822036946,1.4697778775721728,1.2205764142218918,0.42786069651741293,1.0,False,-0.12601471588060162,0.055285129443114485
24,3,corto,oi_z,199,-0.1281575709219783,-0.001232816737417115,1.0806410152113224,1.0095431091468199,0.47738693467336685,1.0,False,-0.12601471588060162,0.055285129443114485
24,3,corto,oi_rel_168,201,-0.33139053529886403,-0.004511923763699271,1.6019029753356742,1.3204662133627387,0.4228855721393035,1.0,False,-0.12601471588060162,0.055285129443114485
24,3,corto,tt_cuentas,190,-0.12487224376318183,-0.00100686158333986,0.8978721241680947,0.9799863637762768,0.4473684210526316,1.0,False,-0.12601471588060162,0.055285129443114485
24,3,corto,tt_cuentas_chg24,190,-0.18005046038243888,-0.002580106170426014,1.0697227802272415,1.0139813326790197,0.3526315789473684,1.0,False,-0.12601471588060162,0.055285129443114485
24,3,corto,tt_cuentas_pct,189,-0.14887491049515011,-0.0019088627957721948,0.986618998893516,0.962879757010239,0.37566137566137564,1.0,False,-0.12601471588060162,0.055285129443114485
24,3,corto,tt_pos,190,-0.071357127348417,-0.001047441706442881,0.9800797842357866,0.9518476327626194,0.46842105263157896,1.0,False,-0.12601471588060162,0.055285129443114485
24,3,corto,tt_pos_chg24,190,-0.13097655709127706,-0.0018566678655135475,1.1027413436560805,1.004816385612157,0.39473684210526316,1.0,False,-0.12601471588060162,0.055285129443114485
24,3,corto,tt_pos_pct,189,-0.08392047000508604,-0.0010467822602911847,1.0146417015558755,0.9687941921358012,0.3915343915343915,1.0,False,-0.12601471588060162,0.055285129443114485
24,3,corto,ls_cuentas,201,-0.1285114603016402,-0.0012091857401675017,0.8923987390878916,0.9675542560361172,0.38308457711442784,1.0,False,-0.12601471588060162,0.055285129443114485
24,3,corto,ls_cuentas_chg24,201,-0.21061097579534505,-0.002821058550509318,1.09436569582712,1.013851045891506,0.39303482587064675,1.0,False,-0.12601471588060162,0.055285129443114485
24,3,corto,ls_cuentas_pct,201,-0.16004593587216695,-0.0018540097417650914,0.9993358586421959,0.9653727613494365,0.3383084577114428,1.0,False,-0.12601471588060162,0.055285129443114485
24,3,corto,taker,201,-0.21972435181161692,-0.00226326892042524,0.9803086217414713,0.9565467371318768,0.40298507462686567,1.0,False,-0.12601471588060162,0.055285129443114485
24,3,corto,taker_chg24,201,-0.1855235574248465,-0.0015580446742879245,0.9745438906515529,0.9623101726655668,0.42786069651741293,1.0,False,-0.12601471588060162,0.055285129443114485
24,3,corto,taker_pct,200,-0.19680304738398027,-0.002279979713839036,1.03101793424156,0.9680444103032606,0.38,1.0,False,-0.12601471588060162,0.055285129443114485
24,3,corto,atr_24 ~ sin roc_24,251,-0.19518816029109118,-0.003988951199312898,1.8919187106566127,1.243099257813487,0.4342629482071713,1.0,False,-0.12601471588060162,0.055285129443114485
24,3,corto,vol_24 ~ sin roc_24,251,-0.14493670765571326,-0.0028829084138831174,1.8372450828379987,1.2511564321522761,0.4581673306772908,1.0,False,-0.12601471588060162,0.055285129443114485
24,3,corto,vol_168 ~ sin roc_24,251,-0.177174593264117,-0.003585503772161633,1.7313332224139246,1.1086628194719776,0.4701195219123506,1.0,False,-0.12601471588060162,0.055285129443114485
24,3,corto,rango_168 ~ sin roc_24,251,-0.2366334301061628,-0.004221625476450314,1.6566691735741688,1.1259450114697196,0.42231075697211157,1.0,False,-0.12601471588060162,0.055285129443114485
24,3,corto,roc_72 ~ sin roc_24,251,-0.2604501919068727,-0.003161599121589421,1.4908025680175183,1.1872540285500595,0.44223107569721115,1.0,False,-0.12601471588060162,0.055285129443114485
24,3,corto,roc_168 ~ sin roc_24,251,-0.28016860668587595,-0.004116291317493584,1.522952312769101,1.186469475533281,0.4541832669322709,1.0,False,-0.12601471588060162,0.055285129443114485
24,3,corto,roc_720 ~ sin roc_24,251,-0.20435268670578818,-0.003240133881210628,1.464760270231484,1.0074435161690412,0.4342629482071713,1.0,False,-0.12601471588060162,0.055285129443114485
24,3,corto,compresion ~ sin roc_24,251,-0.1411616243254652,-0.0014929187582705355,1.3309655066708288,1.2525160384816263,0.4541832669322709,1.0,False,-0.12601471588060162,0.055285129443114485
24,3,corto,dd_168 ~ sin roc_24,251,-0.32999433935606187,-0.002208106881132882,0.750488592610642,0.9799051053049135,0.33067729083665337,1.0,False,-0.12601471588060162,0.055285129443114485
24,3,corto,dd_720 ~ sin roc_24,251,-0.3661618897983489,-0.0025014114213669975,0.8148039559610197,1.0289045911925716,0.2908366533864542,1.0,False,-0.12601471588060162,0.055285129443114485
24,3,corto,pos_168 ~ sin roc_24,251,-0.2858582968880426,-0.0029107181375570756,1.093067512191076,1.0604199539531303,0.3665338645418327,1.0,False,-0.12601471588060162,0.055285129443114485
24,3,corto,desbal ~ sin roc_24,251,-0.1344383915441856,-0.0017058489592859508,0.9929470357302674,0.9562554337950582,0.398406374501992,1.0,False,-0.12601471588060162,0.055285129443114485
24,3,corto,desbal_24 ~ sin roc_24,251,-0.23566132550762556,-0.00242932585877847,0.9317191878819091,0.9693584961279141,0.3745019920318725,1.0,False,-0.12601471588060162,0.055285129443114485
24,3,corto,desbal_168 ~ sin roc_24,251,-0.3351691035358168,-0.0033081687481652917,0.9088148210060905,0.9864254257046343,0.3147410358565737,1.0,False,-0.12601471588060162,0.055285129443114485
24,3,corto,ticket_rel ~ sin roc_24,251,-0.27495462465560777,-0.0028418390466844424,0.9966822392277042,0.9924746364594098,0.33067729083665337,1.0,False,-0.12601471588060162,0.055285129443114485
24,3,corto,turnover ~ sin roc_24,251,-0.15281362931313597,-0.0018940062001173155,1.2719121860896587,1.1427513965871885,0.4900398406374502,1.0,False,-0.12601471588060162,0.055285129443114485
24,3,corto,n_surge ~ sin roc_24,251,-0.10359483083840591,-0.001699547355470343,1.2954191657464613,1.144571102602022,0.5059760956175299,1.0,False,-0.12601471588060162,0.055285129443114485
24,3,corto,oi_chg_1h ~ sin roc_24,201,-0.07502549167236351,-0.0008998060246342588,1.2232989820424853,1.0286495128473718,0.44776119402985076,1.0,False,-0.12601471588060162,0.055285129443114485
24,3,corto,oi_chg_4h ~ sin roc_24,201,-0.14453859562791926,-0.0022327181249405725,1.2079078139161255,1.037138839437586,0.4577114427860697,1.0,False,-0.12601471588060162,0.055285129443114485
24,3,corto,oi_chg_24h ~ sin roc_24,201,-0.2597852357606244,-0.002846303367292056,1.279515176423317,1.1251674881011002,0.4079601990049751,1.0,False,-0.12601471588060162,0.055285129443114485
24,3,corto,oi_z ~ sin roc_24,199,-0.07911841183487729,-0.0007743948696177752,1.045063936706687,0.994583290522745,0.49748743718592964,1.0,False,-0.12601471588060162,0.055285129443114485
24,3,corto,oi_rel_168 ~ sin roc_24,201,-0.2750899890420391,-0.003166145014677643,1.4761286648902618,1.2538180317254306,0.44776119402985076,1.0,False,-0.12601471588060162,0.055285129443114485
24,3,corto,tt_cuentas ~ sin roc_24,190,-0.13335116055396437,-0.00130351176024033,0.8980716449107051,0.9799863637762768,0.4052631578947368,1.0,False,-0.12601471588060162,0.055285129443114485
24,3,corto,tt_cuentas_chg24 ~ sin roc_24,190,-0.21737239512221726,-0.002616819091472817,1.0874625611785795,1.0272718530141303,0.3894736842105263,1.0,False,-0.12601471588060162,0.055285129443114485
24,3,corto,tt_cuentas_pct ~ sin roc_24,189,-0.16130449714124134,-0.00176041535173426,0.9938197030871537,0.9706637811428929,0.38095238095238093,1.0,False,-0.12601471588060162,0.055285129443114485
24,3,corto,tt_pos ~ sin roc_24,190,-0.056441360815498755,-0.0009113042354347076,0.9727430637484992,0.9510134721871122,0.45789473684210524,1.0,False,-0.12601471588060162,0.055285129443114485
24,3,corto,tt_pos_chg24 ~ sin roc_24,190,-0.16219343283531196,-0.0022869479082134173,1.10972493990747,1.0067225027751743,0.39473684210526316,1.0,False,-0.12601471588060162,0.055285129443114485
24,3,corto,tt_pos_pct ~ sin roc_24,189,-0.1386991868049205,-0.0016853298353517684,1.027230994186945,0.977994550611275,0.4126984126984127,1.0,False,-0.12601471588060162,0.055285129443114485
24,3,corto,ls_cuentas ~ sin roc_24,201,-0.14639740368596663,-0.0014604505640255698,0.8881227001820788,0.9711477476353959,0.39800995024875624,1.0,False,-0.12601471588060162,0.055285129443114485
24,3,corto,ls_cuentas_chg24 ~ sin roc_24,201,-0.217789431713391,-0.0025200980088476545,1.1172781906230937,1.0297262056033936,0.4129353233830846,1.0,False,-0.12601471588060162,0.055285129443114485
24,3,corto,ls_cuentas_pct ~ sin roc_24,201,-0.15198840187867912,-0.0012680880358649964,1.0041995866497377,0.970301502145851,0.40298507462686567,1.0,False,-0.12601471588060162,0.055285129443114485
24,3,corto,taker ~ sin roc_24,201,-0.21703874148574887,-0.002341472716834817,0.9788430005745635,0.9560058644227145,0.373134328358209,1.0,False,-0.12601471588060162,0.055285129443114485
24,3,corto,taker_chg24 ~ sin roc_24,201,-0.191855061577392,-0.0016323464152928344,0.986453990289556,0.9662708931866674,0.4129353233830846,1.0,False,-0.12601471588060162,0.055285129443114485
24,3,corto,taker_pct ~ sin roc_24,200,-0.2121728150034494,-0.0023290136690723127,1.0269240160235344,0.9695232455765364,0.395,1.0,False,-0.12601471588060162,0.055285129443114485
24,3,corto,atr_24 [bajo],251,-0.4328196474808513,-0.0024998020962071783,0.5088235694756369,0.8990066716940963,0.24302788844621515,1.0,False,-0.12601471588060162,0.055285129443114485
24,3,corto,vol_24 [bajo],251,-0.38977314323898554,-0.0021477449059169687,0.5200134338755686,0.8829907099370653,0.28286852589641437,1.0,False,-0.12601471588060162,0.055285129443114485
24,3,corto,vol_168 [bajo],251,-0.4091164377761142,-0.0022604063804079768,0.5252640486225642,0.9327163035693069,0.2549800796812749,1.0,False,-0.12601471588060162,0.055285129443114485
24,3,corto,rango_168 [bajo],251,-0.34140610536613475,-0.0020705856005676054,0.557079517131998,0.9221747481110908,0.2788844621513944,1.0,False,-0.12601471588060162,0.055285129443114485
24,3,corto,roc_24 [bajo],251,-0.11296031080481866,-0.0022168533558892885,1.2991560372183093,1.0266358302701273,0.4342629482071713,1.0,False,-0.12601471588060162,0.055285129443114485
24,3,corto,roc_72 [bajo],251,-0.20953194141196196,-0.0032745998071626045,1.1953202931763147,0.9573105621852003,0.3784860557768924,1.0,False,-0.12601471588060162,0.055285129443114485
24,3,corto,roc_168 [bajo],251,-0.1473188561906303,-0.002094381582968316,1.1589702814758676,0.9364759401688719,0.3705179282868526,1.0,False,-0.12601471588060162,0.055285129443114485
24,3,corto,roc_720 [bajo],251,-0.12889992513282325,-0.0018589767995676476,1.1535679911796948,0.9649891369383734,0.3904382470119522,1.0,False,-0.12601471588060162,0.055285129443114485
24,3,corto,compresion [bajo],251,-0.1872591302626674,-0.0023849135588851268,0.9381008991908198,0.870195286027073,0.3745019920318725,1.0,False,-0.12601471588060162,0.055285129443114485
24,3,corto,dd_168 [bajo],251,-0.14367933440003636,-0.0029093664195018313,1.4584983836215222,1.0147612190554123,0.38645418326693226,1.0,False,-0.12601471588060162,0.055285129443114485
24,3,corto,dd_720 [bajo],251,-0.09550445611709728,-0.002270454424874534,1.3138244464716209,0.9382717080919027,0.41832669322709165,1.0,False,-0.12601471588060162,0.055285129443114485
24,3,corto,pos_168 [bajo],251,-0.1137322295806903,-0.0018805900181369625,1.0897432849736208,0.9308631254420479,0.42231075697211157,1.0,False,-0.12601471588060162,0.055285129443114485
24,3,corto,desbal [bajo],251,-0.23266173045653807,-0.0031306555782997865,1.0051354186632195,0.9625998503185647,0.3665338645418327,1.0,False,-0.12601471588060162,0.055285129443114485
24,3,corto,desbal_24 [bajo],251,-0.11797015161842604,-0.0018647352282746682,0.9776934111407253,0.9395732998876103,0.4581673306772908,1.0,False,-0.12601471588060162,0.055285129443114485
24,3,corto,desbal_168 [bajo],251,-0.06759884506745274,-0.0005752512941232964,0.9988902822819756,0.9513806110107073,0.46215139442231074,1.0,False,-0.12601471588060162,0.055285129443114485
24,3,corto,ticket_rel [bajo],251,-0.1428917438495764,-0.0020887177143468242,1.0164506347981779,0.947941800859746,0.38645418326693226,1.0,False,-0.12601471588060162,0.055285129443114485
24,3,corto,turnover [bajo],251,-0.13228930761208169,-0.0019479601893109145,1.035186291098918,0.9108209824370618,0.40239043824701193,1.0,False,-0.12601471588060162,0.055285129443114485
24,3,corto,n_surge [bajo],251,-0.1482016767102197,-0.0018054792732491696,1.0343648183254393,0.9039452435660211,0.398406374501992,1.0,False,-0.12601471588060162,0.055285129443114485
24,3,corto,oi_chg_1h [bajo],201,-0.23273087715428697,-0.003115941180978245,1.332430017275046,1.0925048819659133,0.4129353233830846,1.0,False,-0.12601471588060162,0.055285129443114485
24,3,corto,oi_chg_4h [bajo],201,-0.2858126763285711,-0.003609323477631054,1.3600784985604484,1.0969166938860397,0.39303482587064675,1.0,False,-0.12601471588060162,0.055285129443114485
24,3,corto,oi_chg_24h [bajo],201,-0.2519696098841004,-0.003474209024876787,1.247049750521451,1.0298319499073214,0.29850746268656714,1.0,False,-0.12601471588060162,0.055285129443114485
24,3,corto,oi_z [bajo],199,-0.2334678561117743,-0.002873794021425534,1.10705825806735,1.0386769691569973,0.33668341708542715,1.0,False,-0.12601471588060162,0.055285129443114485
24,3,corto,oi_rel_168 [bajo],201,-0.11278830297758588,-0.00149471632706788,1.1246961984228214,0.9207817640992971,0.4228855721393035,1.0,False,-0.12601471588060162,0.055285129443114485
24,3,corto,tt_cuentas [bajo],190,-0.3152781311556747,-0.003912244358983349,1.2063039007325107,1.0136996051472231,0.3526315789473684,1.0,False,-0.12601471588060162,0.055285129443114485
24,3,corto,tt_cuentas_chg24 [bajo],190,-0.12019113705770726,-0.0012652303967406946,1.1252286210692775,1.070056281615276,0.4421052631578947,1.0,False,-0.12601471588060162,0.055285129443114485
24,3,corto,tt_cuentas_pct [bajo],189,-0.1910775500835878,-0.0019429186830963703,1.1256099793633865,1.0569625902834807,0.3862433862433862,1.0,False,-0.12601471588060162,0.055285129443114485
24,3,corto,tt_pos [bajo],190,-0.2864923809228943,-0.0024308833897488565,0.922944857161407,0.989546782641483,0.3631578947368421,1.0,False,-0.12601471588060162,0.055285129443114485
24,3,corto,tt_pos_chg24 [bajo],190,-0.034939117872318445,-0.00038407470296433223,1.1595483167065985,1.0440727485012928,0.5210526315789473,1.0,False,-0.12601471588060162,0.055285129443114485
24,3,corto,tt_pos_pct [bajo],189,-0.2189316416609622,-0.0029667129690300574,1.0982287219682856,1.0183359522983926,0.4021164021164021,1.0,False,-0.12601471588060162,0.055285129443114485
24,3,corto,ls_cuentas [bajo],201,-0.31545554966088757,-0.003873918595017366,1.2481685311927122,1.0284654352995553,0.3482587064676617,1.0,False,-0.12601471588060162,0.055285129443114485
24,3,corto,ls_cuentas_chg24 [bajo],201,-0.10883253524334932,-0.0016534786201777953,1.1537868492318828,1.0772019640397243,0.43781094527363185,1.0,False,-0.12601471588060162,0.055285129443114485
24,3,corto,ls_cuentas_pct [bajo],201,-0.2337910876678005,-0.0025029722870983703,1.1260556855712178,1.0545581046935857,0.3681592039800995,1.0,False,-0.12601471588060162,0.055285129443114485
24,3,corto,taker [bajo],201,-0.18335025221902815,-0.0023692021489497314,0.9816731900234988,0.9600520997283607,0.3880597014925373,1.0,False,-0.12601471588060162,0.055285129443114485
24,3,corto,taker_chg24 [bajo],201,-0.11355990119612298,-0.0013363407661144207,0.986399505588423,0.9757086328637021,0.43283582089552236,1.0,False,-0.12601471588060162,0.055285129443114485
24,3,corto,taker_pct [bajo],200,-0.20185394058955455,-0.0026482231111889577,1.033128889951248,0.9727238019928313,0.365,1.0,False,-0.12601471588060162,0.055285129443114485
24,3,corto,atr_24 ~ sin roc_24 [bajo],251,-0.4083319862414613,-0.002364680645433967,0.5553767740057707,0.9123603973156562,0.2788844621513944,1.0,False,-0.12601471588060162,0.055285129443114485
24,3,corto,vol_24 ~ sin roc_24 [bajo],251,-0.3583366971556901,-0.0020032458593597395,0.5972360600380865,0.9074871139151451,0.3147410358565737,1.0,False,-0.12601471588060162,0.055285129443114485
24,3,corto,vol_168 ~ sin roc_24 [bajo],251,-0.393259056132685,-0.0021207648216719937,0.5748196140376562,0.9564063606687321,0.30677290836653387,1.0,False,-0.12601471588060162,0.055285129443114485
24,3,corto,rango_168 ~ sin roc_24 [bajo],251,-0.34896203143769533,-0.0019417641794259395,0.6330792037366159,0.9371245667251056,0.2908366533864542,1.0,False,-0.12601471588060162,0.055285129443114485
24,3,corto,roc_72 ~ sin roc_24 [bajo],251,-0.13554295723252852,-0.0023381057465855894,1.2179644571037234,0.9761663181868983,0.4063745019920319,1.0,False,-0.12601471588060162,0.055285129443114485
24,3,corto,roc_168 ~ sin roc_24 [bajo],251,-0.13354993049875152,-0.0018722941694171442,1.1762395059521842,0.9521811680960763,0.3745019920318725,1.0,False,-0.12601471588060162,0.055285129443114485
24,3,corto,roc_720 ~ sin roc_24 [bajo],251,-0.16514640829732657,-0.002337847618736714,1.1730720388577167,0.9869991692037201,0.350597609561753,1.0,False,-0.12601471588060162,0.055285129443114485
24,3,corto,compresion ~ sin roc_24 [bajo],251,-0.19297341031881451,-0.002360483620119523,0.9656384909568355,0.8938901135918493,0.38645418326693226,1.0,False,-0.12601471588060162,0.055285129443114485
24,3,corto,dd_168 ~ sin roc_24 [bajo],251,-0.15908026885049323,-0.003104034498876093,1.4412583231697238,1.0177230825928876,0.398406374501992,1.0,False,-0.12601471588060162,0.055285129443114485
24,3,corto,dd_720 ~ sin roc_24 [bajo],251,-0.11376346183378498,-0.0023835578279931143,1.294886032397073,0.9400161126177737,0.4262948207171315,1.0,False,-0.12601471588060162,0.055285129443114485
24,3,corto,pos_168 ~ sin roc_24 [bajo],251,-0.041807674583638536,-0.0005371061418370475,1.0654753600102695,0.9362561648133034,0.450199203187251,1.0,False,-0.12601471588060162,0.055285129443114485
24,3,corto,desbal ~ sin roc_24 [bajo],251,-0.2109673882178699,-0.0027773409284388545,1.0032549886528417,0.96090031336313,0.3705179282868526,1.0,False,-0.12601471588060162,0.055285129443114485
24,3,corto,desbal_24 ~ sin roc_24 [bajo],251,-0.13161987365651,-0.0018671915766206334,0.9786235406391183,0.9443116824728741,0.41434262948207173,1.0,False,-0.12601471588060162,0.055285129443114485
24,3,corto,desbal_168 ~ sin roc_24 [bajo],251,-0.09114066538579595,-0.0008454457784144658,0.9885314021549487,0.9484947285243402,0.41832669322709165,1.0,False,-0.12601471588060162,0.055285129443114485
24,3,corto,ticket_rel ~ sin roc_24 [bajo],251,-0.15412129843424488,-0.0021046736530331922,1.0173569676777008,0.9536666326537142,0.38247011952191234,1.0,False,-0.12601471588060162,0.055285129443114485
24,3,corto,turnover ~ sin roc_24 [bajo],251,-0.14175135122159752,-0.002445675273707136,1.1832600563177469,0.9956653818633021,0.3944223107569721,1.0,False,-0.12601471588060162,0.055285129443114485
24,3,corto,n_surge ~ sin roc_24 [bajo],251,-0.1397296545088875,-0.002163622384800662,1.174812388884241,0.9923833867757197,0.4063745019920319,1.0,False,-0.12601471588060162,0.055285129443114485
24,3,corto,oi_chg_1h ~ sin roc_24 [bajo],201,-0.18598519112942835,-0.002673115558963837,1.3488110540351885,1.1062425119934018,0.39800995024875624,1.0,False,-0.12601471588060162,0.055285129443114485
24,3,corto,oi_chg_4h ~ sin roc_24 [bajo],201,-0.2699332112919164,-0.0032053885728857,1.3715869009735944,1.118024096859798,0.36318407960199006,1.0,False,-0.12601471588060162,0.055285129443114485
24,3,corto,oi_chg_24h ~ sin roc_24 [bajo],201,-0.224999368946872,-0.0028831134252302127,1.2565701205297013,1.0525509795163184,0.3781094527363184,1.0,False,-0.12601471588060162,0.055285129443114485
24,3,corto,oi_z ~ sin roc_24 [bajo],199,-0.18201927583925848,-0.0021813980963771968,1.129588627291737,1.0513803991321384,0.38190954773869346,1.0,False,-0.12601471588060162,0.055285129443114485
24,3,corto,oi_rel_168 ~ sin roc_24 [bajo],201,-0.11610255605581707,-0.0016407511738578966,1.1538623760868902,0.9505871367286672,0.39303482587064675,1.0,False,-0.12601471588060162,0.055285129443114485
24,3,corto,tt_cuentas ~ sin roc_24 [bajo],190,-0.346173384979034,-0.003539248143970936,1.0824776229436532,0.9806954530474281,0.33157894736842103,1.0,False,-0.12601471588060162,0.055285129443114485
24,3,corto,tt_cuentas_chg24 ~ sin roc_24 [bajo],190,-0.1229569025997532,-0.001502801161317951,1.0420922123427538,1.0159187923104573,0.43157894736842106,1.0,False,-0.12601471588060162,0.055285129443114485
24,3,corto,tt_cuentas_pct ~ sin roc_24 [bajo],189,-0.23373805394553276,-0.002423164335110276,0.9979889411040894,1.0005821177695775,0.37566137566137564,1.0,False,-0.12601471588060162,0.055285129443114485
24,3,corto,tt_pos ~ sin roc_24 [bajo],190,-0.3303551259226848,-0.0029815524941135363,0.9147568156536731,0.9838968979785453,0.33157894736842103,1.0,False,-0.12601471588060162,0.055285129443114485
24,3,corto,tt_pos_chg24 ~ sin roc_24 [bajo],190,-0.08183402631497415,-0.0010956835936470892,1.1266168224976676,1.023362737739408,0.45789473684210524,1.0,False,-0.12601471588060162,0.055285129443114485
24,3,corto,tt_pos_pct ~ sin roc_24 [bajo],189,-0.1381059162025415,-0.0014896947868412943,1.040156486753878,0.9980088398872031,0.4126984126984127,1.0,False,-0.12601471588060162,0.055285129443114485
24,3,corto,ls_cuentas ~ sin roc_24 [bajo],201,-0.2712010767004859,-0.0029863200768231925,1.1117105892572603,0.9866976550500992,0.373134328358209,1.0,False,-0.12601471588060162,0.055285129443114485
24,3,corto,ls_cuentas_chg24 ~ sin roc_24 [bajo],201,-0.12280460324555618,-0.0018148229034460489,1.0561231475430246,1.0117515897091671,0.3880597014925373,1.0,False,-0.12601471588060162,0.055285129443114485
24,3,corto,ls_cuentas_pct ~ sin roc_24 [bajo],201,-0.2137934452241016,-0.0020940748470105568,1.0022060223722409,0.9969510345811707,0.39303482587064675,1.0,False,-0.12601471588060162,0.055285129443114485
24,3,corto,taker ~ sin roc_24 [bajo],201,-0.16904468043159745,-0.0021944746684931424,0.9978300399878265,0.9707035040996298,0.44776119402985076,1.0,False,-0.12601471588060162,0.055285129443114485
24,3,corto,taker_chg24 ~ sin roc_24 [bajo],201,-0.08179933638678548,-0.0008837024131984669,0.9878922879852279,0.9733151764940393,0.472636815920398,1.0,False,-0.12601471588060162,0.055285129443114485
24,3,corto,taker_pct ~ sin roc_24 [bajo],200,-0.19660444313442127,-0.0024512154754725694,1.028290871760936,0.9728371901916806,0.36,1.0,False,-0.12601471588060162,0.055285129443114485
24,3,corto,CONTROL azar 1,251,-0.05535854908784327,-0.0005501452666813109,1.0272633201140973,0.9689776850578277,0.47808764940239046,1.0,False,-0.12601471588060162,0.055285129443114485
24,3,corto,CONTROL azar 2,251,-0.12601471588060162,-0.0017990149385082354,1.0272917243181394,0.9764090981325675,0.41434262948207173,1.0,False,-0.12601471588060162,0.055285129443114485
24,3,corto,CONTROL azar 3,251,-0.1643420204965139,-0.0022562231746643905,1.0270543756696002,0.973842217912233,0.36254980079681276,1.0,False,-0.12601471588060162,0.055285129443114485
24,8,largo,atr_24,251,-0.03819379306199775,-0.0006896613274570121,1.5827004062833285,1.1562960458050728,0.38645418326693226,1.0,False,-0.17089142819092473,0.016687726225544538
24,8,largo,vol_24,251,-0.0646832279804711,-0.0009931704331220899,1.5628518351689018,1.163889499510912,0.3904382470119522,1.0,False,-0.17089142819092473,0.016687726225544538
24,8,largo,vol_168,251,-0.04644974654079384,-0.000639788031845251,1.5148207971730852,1.0656034592338823,0.41832669322709165,1.0,False,-0.17089142819092473,0.016687726225544538
24,8,largo,rango_168,251,-0.03259662901383252,-0.00042345109880966106,1.457109249588943,1.075167193447959,0.398406374501992,1.0,False,-0.17089142819092473,0.016687726225544538
24,8,largo,roc_24,251,-0.15567631739475485,-0.0017840546879657002,1.1975700419149524,1.0938729129023572,0.30278884462151395,1.0,False,-0.17089142819092473,0.016687726225544538
24,8,largo,roc_72,251,-0.11542272719365519,-0.0012942651098941684,1.2551094106760228,1.129941790809513,0.33067729083665337,1.0,False,-0.17089142819092473,0.016687726225544538
24,8,largo,roc_168,251,-0.08549530567419068,-0.0008390868235670969,1.266304671259157,1.1257633440153265,0.38645418326693226,1.0,False,-0.17089142819092473,0.016687726225544538
24,8,largo,roc_720,251,-0.059259316987805434,-0.0009783542304011403,1.2342040113796438,1.0149074258629485,0.3705179282868526,1.0,False,-0.17089142819092473,0.016687726225544538
24,8,largo,compresion,251,-0.15124393681404313,-0.0017610575083448316,1.2376186680842534,1.1669521150990292,0.2749003984063745,1.0,False,-0.17089142819092473,0.016687726225544538
24,8,largo,dd_168,251,-0.19685686134770858,-0.0022661316975603634,0.8270184847732067,1.0007491762271081,0.2589641434262948,1.0,False,-0.17089142819092473,0.016687726225544538
24,8,largo,dd_720,251,-0.11158270502132317,-0.0012376465984410181,0.8655703997294997,1.0360934615377433,0.350597609561753,1.0,False,-0.17089142819092473,0.016687726225544538
24,8,largo,pos_168,251,-0.09641708624975673,-0.001274820899136871,1.0949888417391396,1.0690200464031847,0.33067729083665337,1.0,False,-0.17089142819092473,0.016687726225544538
24,8,largo,desbal,251,-0.18407886886540015,-0.0024094022015431083,1.0009577983275306,0.9721886115634706,0.23107569721115537,1.0,False,-0.17089142819092473,0.016687726225544538
24,8,largo,desbal_24,251,-0.13932538216346008,-0.001813827233518562,0.9747649515715597,0.9856570721454581,0.29880478087649404,1.0,False,-0.17089142819092473,0.016687726225544538
24,8,largo,desbal_168,251,-0.11391296719620547,-0.0013368159175172387,0.9464760918357937,0.9936026867661397,0.350597609561753,1.0,False,-0.17089142819092473,0.016687726225544538
24,8,largo,ticket_rel,251,-0.12652017228558154,-0.0017593128002067282,0.9958933369510529,0.9979680216467701,0.3187250996015936,1.0,False,-0.17089142819092473,0.016687726225544538
24,8,largo,turnover,251,-0.12310841543822963,-0.0018658583717125231,1.1582338442816333,1.0951403643773712,0.3187250996015936,1.0,False,-0.17089142819092473,0.016687726225544538
24,8,largo,n_surge,251,-0.11441658772819265,-0.0014987149890971117,1.1763295436873693,1.0995397018047952,0.3187250996015936,1.0,False,-0.17089142819092473,0.016687726225544538
24,8,largo,oi_chg_1h,201,-0.18681001426643978,-0.00235360771004207,1.0877282636159145,0.9992724425725026,0.27860696517412936,1.0,False,-0.17089142819092473,0.016687726225544538
24,8,largo,oi_chg_4h,201,-0.14016037933203693,-0.0014982444832967127,1.0744992000001727,1.0029890316911783,0.3383084577114428,1.0,False,-0.17089142819092473,0.016687726225544538
24,8,largo,oi_chg_24h,201,-0.09812063263024001,-0.0011995595600438988,1.1636557041448392,1.0865007144492167,0.3383084577114428,1.0,False,-0.17089142819092473,0.016687726225544538
24,8,largo,oi_z,199,-0.2075016658773062,-0.00240128349866602,1.0157575221367214,0.986167802713642,0.25125628140703515,1.0,False,-0.17089142819092473,0.016687726225544538
24,8,largo,oi_rel_168,201,-0.07918311328413659,-0.0008468770372067948,1.2248042969945727,1.1422100170554903,0.373134328358209,1.0,False,-0.17089142819092473,0.016687726225544538
24,8,largo,tt_cuentas,190,-0.22581870221024353,-0.0024734013548865547,0.9093912836357996,0.9730996203683004,0.21052631578947367,1.0,False,-0.17089142819092473,0.016687726225544538
24,8,largo,tt_cuentas_chg24,190,-0.11139023731042298,-0.0011250829086359427,1.0237041864507443,0.9962987037230508,0.3157894736842105,1.0,False,-0.17089142819092473,0.016687726225544538
24,8,largo,tt_cuentas_pct,189,-0.20977085408867946,-0.0023883136155386053,0.9848177783999621,0.9599132234919946,0.2222222222222222,1.0,False,-0.17089142819092473,0.016687726225544538
24,8,largo,tt_pos,190,-0.26756835450750277,-0.0031139447919987327,0.9929968207556878,0.9707055773954154,0.17894736842105263,1.0,False,-0.17089142819092473,0.016687726225544538
24,8,largo,tt_pos_chg24,190,-0.18248023383453063,-0.0018808767248009708,1.0546633882774217,0.993577078427173,0.28421052631578947,1.0,False,-0.17089142819092473,0.016687726225544538
24,8,largo,tt_pos_pct,189,-0.19466919702727528,-0.0022434252942295408,1.0051873218016987,0.9723305550860739,0.25925925925925924,1.0,False,-0.17089142819092473,0.016687726225544538
24,8,largo,ls_cuentas,201,-0.23897052666947255,-0.0026124518872897005,0.9222891310021158,0.9672502950032849,0.208955223880597,1.0,False,-0.17089142819092473,0.016687726225544538
24,8,largo,ls_cuentas_chg24,201,-0.1151375323141349,-0.0013285154649438267,1.0335563081273316,0.9931333799540297,0.31343283582089554,1.0,False,-0.17089142819092473,0.016687726225544538
24,8,largo,ls_cuentas_pct,201,-0.17404675298223418,-0.0021443697657851264,0.9890148099194688,0.9595441222876879,0.22388059701492538,1.0,False,-0.17089142819092473,0.016687726225544538
24,8,largo,taker,201,-0.15537947859001244,-0.0018679524503401096,0.9943281009055075,0.9697697557958176,0.2835820895522388,1.0,False,-0.17089142819092473,0.016687726225544538
24,8,largo,taker_chg24,201,-0.15602991056807308,-0.002093922748851256,0.9883879098488938,0.9718119894762256,0.25870646766169153,1.0,False,-0.17089142819092473,0.016687726225544538
24,8,largo,taker_pct,200,-0.1509066826145201,-0.0018187847792293925,1.0122589455456392,0.9726873757547236,0.265,1.0,False,-0.17089142819092473,0.016687726225544538
24,8,largo,atr_24 ~ sin roc_24,251,-0.07163314070306424,-0.00123529026697753,1.5167129382305784,1.1185733724769955,0.3466135458167331,1.0,False,-0.17089142819092473,0.016687726225544538
24,8,largo,vol_24 ~ sin roc_24,251,-0.0983179433395457,-0.0014530175415804008,1.484136458966443,1.122632726636625,0.35856573705179284,1.0,False,-0.17089142819092473,0.016687726225544538
24,8,largo,vol_168 ~ sin roc_24,251,-0.09342569021400728,-0.0013832565267399607,1.4484375530706675,1.0512627599300568,0.3466135458167331,1.0,False,-0.17089142819092473,0.016687726225544538
24,8,largo,rango_168 ~ sin roc_24,251,-0.07864384836775497,-0.0012557907516055704,1.402438404235939,1.0596354272098814,0.38247011952191234,1.0,False,-0.17089142819092473,0.016687726225544538
24,8,largo,roc_72 ~ sin roc_24,251,-0.1211126810824474,-0.0016088009380504102,1.1914276969555742,1.0835925782719318,0.3386454183266932,1.0,False,-0.17089142819092473,0.016687726225544538
24,8,largo,roc_168 ~ sin roc_24,251,-0.10557988328853696,-0.001269630220707155,1.2166832210778893,1.0859358870085696,0.35856573705179284,1.0,False,-0.17089142819092473,0.016687726225544538
24,8,largo,roc_720 ~ sin roc_24,251,-0.07815067663109093,-0.0011682209270180825,1.2138280301495727,1.0047443042836157,0.3944223107569721,1.0,False,-0.17089142819092473,0.016687726225544538
24,8,largo,compresion ~ sin roc_24,251,-0.15232160042844567,-0.0018879845058567398,1.1822977313399012,1.1324509902839084,0.2749003984063745,1.0,False,-0.17089142819092473,0.016687726225544538
24,8,largo,dd_168 ~ sin roc_24,251,-0.1675924480636654,-0.001963605105297991,0.8058353805041252,0.9764928932972855,0.2549800796812749,1.0,False,-0.17089142819092473,0.016687726225544538
24,8,largo,dd_720 ~ sin roc_24,251,-0.14542200349634105,-0.0018027763961943966,0.8534956411373819,1.0181645925721854,0.350597609561753,1.0,False,-0.17089142819092473,0.016687726225544538
24,8,largo,pos_168 ~ sin roc_24,251,-0.08215296598897456,-0.0013896826370908154,1.0505075958022851,1.0337214989244887,0.3466135458167331,1.0,False,-0.17089142819092473,0.016687726225544538
24,8,largo,desbal ~ sin roc_24,251,-0.18438535076862245,-0.002418957427921796,0.9934489215012803,0.9641621447050381,0.2589641434262948,1.0,False,-0.17089142819092473,0.016687726225544538
24,8,largo,desbal_24 ~ sin roc_24,251,-0.14549391076587054,-0.001975965190252927,0.9597127946204406,0.9727116760299084,0.29880478087649404,1.0,False,-0.17089142819092473,0.016687726225544538
24,8,largo,desbal_168 ~ sin roc_24,251,-0.11694332882769215,-0.0013220078261873816,0.9490160239469644,0.9894958884755609,0.3346613545816733,1.0,False,-0.17089142819092473,0.016687726225544538
24,8,largo,ticket_rel ~ sin roc_24,251,-0.10864933879196521,-0.001527424473131367,0.989304964554976,0.9921252970190264,0.35856573705179284,1.0,False,-0.17089142819092473,0.016687726225544538
24,8,largo,turnover ~ sin roc_24,251,-0.12379597756703674,-0.0017866341375760901,1.1240261992848348,1.0601128634790449,0.3187250996015936,1.0,False,-0.17089142819092473,0.016687726225544538
24,8,largo,n_surge ~ sin roc_24,251,-0.1460871203178444,-0.0018089708493883808,1.1341095415981057,1.0616829468150601,0.30677290836653387,1.0,False,-0.17089142819092473,0.016687726225544538
24,8,largo,oi_chg_1h ~ sin roc_24,201,-0.1633494880824584,-0.0021991697683911423,1.0798618408223246,0.9910761945432385,0.27860696517412936,1.0,False,-0.17089142819092473,0.016687726225544538
24,8,largo,oi_chg_4h ~ sin roc_24,201,-0.16960217804290625,-0.0019276025854061242,1.066600264997017,0.9913102950691024,0.2537313432835821,1.0,False,-0.17089142819092473,0.016687726225544538
24,8,largo,oi_chg_24h ~ sin roc_24,201,-0.14327503116031085,-0.0019986768932382217,1.088556486600369,1.0272766143024454,0.30845771144278605,1.0,False,-0.17089142819092473,0.016687726225544538
24,8,largo,oi_z ~ sin roc_24,199,-0.22933492816502468,-0.0027168835501058543,1.004391291679235,0.9781935033708182,0.2562814070351759,1.0,False,-0.17089142819092473,0.016687726225544538
24,8,largo,oi_rel_168 ~ sin roc_24,201,-0.11155601576796853,-0.0013824744134892542,1.1685687755600243,1.1003351152651817,0.32338308457711445,1.0,False,-0.17089142819092473,0.016687726225544538
24,8,largo,tt_cuentas ~ sin roc_24,190,-0.22431620205168973,-0.0024318788813286235,0.9111700954358862,0.9770813079105414,0.22631578947368422,1.0,False,-0.17089142819092473,0.016687726225544538
24,8,largo,tt_cuentas_chg24 ~ sin roc_24,190,-0.1440208709233014,-0.0014636099621627746,1.0436950602044859,1.0094787871178887,0.2894736842105263,1.0,False,-0.17089142819092473,0.016687726225544538
24,8,largo,tt_cuentas_pct ~ sin roc_24,189,-0.2104195484711109,-0.002393444124245508,0.9791048033925512,0.9669219986632442,0.2275132275132275,1.0,False,-0.17089142819092473,0.016687726225544538
24,8,largo,tt_pos ~ sin roc_24,190,-0.26489985857948967,-0.003090959616778582,0.9879303474621112,0.9722639794415879,0.16842105263157894,1.0,False,-0.17089142819092473,0.016687726225544538
24,8,largo,tt_pos_chg24 ~ sin roc_24,190,-0.18515156241486525,-0.0018227011722616684,1.0597814875429628,0.9990556328526284,0.24736842105263157,1.0,False,-0.17089142819092473,0.016687726225544538
24,8,largo,tt_pos_pct ~ sin roc_24,189,-0.19372320813738234,-0.0021073873921812407,0.9982314254468561,0.9710043999194005,0.2222222222222222,1.0,False,-0.17089142819092473,0.016687726225544538
24,8,largo,ls_cuentas ~ sin roc_24,201,-0.24033199506340414,-0.0026461898315853953,0.9238394240736159,0.9715060871976009,0.21890547263681592,1.0,False,-0.17089142819092473,0.016687726225544538
24,8,largo,ls_cuentas_chg24 ~ sin roc_24,201,-0.19297458505344312,-0.0023200802556827263,1.0534437928503975,1.0064296805665265,0.27860696517412936,1.0,False,-0.17089142819092473,0.016687726225544538
24,8,largo,ls_cuentas_pct ~ sin roc_24,201,-0.18599076376790685,-0.002079094925560068,0.9832584502360683,0.9638527263998723,0.26865671641791045,1.0,False,-0.17089142819092473,0.016687726225544538
24,8,largo,taker ~ sin roc_24,201,-0.1414421980152649,-0.0016747548897184238,0.9978024612556583,0.9700284211913057,0.2885572139303483,1.0,False,-0.17089142819092473,0.016687726225544538
24,8,largo,taker_chg24 ~ sin roc_24,201,-0.15202205024489718,-0.002030971194687143,0.9922190403774461,0.9709586503418569,0.3034825870646766,1.0,False,-0.17089142819092473,0.016687726225544538
24,8,largo,taker_pct ~ sin roc_24,200,-0.1610673006117382,-0.0019479801870320023,1.0048746276599385,0.9682303077819625,0.255,1.0,False,-0.17089142819092473,0.016687726225544538
24,8,largo,atr_24 [bajo],251,-0.181526262673346,-0.001856223711738723,0.6543917351763758,0.9044181234842908,0.26693227091633465,1.0,False,-0.17089142819092473,0.016687726225544538
24,8,largo,vol_24 [bajo],251,-0.19202410190417454,-0.0019489416432712282,0.6614350136759664,0.8982190180972274,0.2948207171314741,1.0,False,-0.17089142819092473,0.016687726225544538
24,8,largo,vol_168 [bajo],251,-0.19894355790775053,-0.002021566136351147,0.6678390190197252,0.9373498202081694,0.26693227091633465,1.0,False,-0.17089142819092473,0.016687726225544538
24,8,largo,rango_168 [bajo],251,-0.1963665507253594,-0.001997931154924094,0.6943488647745693,0.9294769759175878,0.23904382470119523,1.0,False,-0.17089142819092473,0.016687726225544538
24,8,largo,roc_24 [bajo],251,-0.14003692966138526,-0.0018158868725049635,1.1000737183047695,0.9749874269338186,0.33067729083665337,1.0,False,-0.17089142819092473,0.016687726225544538
24,8,largo,roc_72 [bajo],251,-0.15078634453602288,-0.001814618816409072,1.0555824032310297,0.9341775324712714,0.36254980079681276,1.0,False,-0.17089142819092473,0.016687726225544538
24,8,largo,roc_168 [bajo],251,-0.18052415617646686,-0.0025151119430962304,1.0467185267696413,0.9252684614390294,0.29880478087649404,1.0,False,-0.17089142819092473,0.016687726225544538
24,8,largo,roc_720 [bajo],251,-0.18228602559029114,-0.0022311923922818952,1.0429469010342023,0.9620053621028903,0.26294820717131473,1.0,False,-0.17089142819092473,0.016687726225544538
24,8,largo,compresion [bajo],251,-0.14211467925741228,-0.0018104167860992985,0.9349060411613495,0.8837133344255985,0.2948207171314741,1.0,False,-0.17089142819092473,0.016687726225544538
24,8,largo,dd_168 [bajo],251,-0.1398805013642907,-0.001721277315523409,1.2664622117045385,0.9841532621402846,0.35856573705179284,1.0,False,-0.17089142819092473,0.016687726225544538
24,8,largo,dd_720 [bajo],251,-0.14444376720539634,-0.0016872567559184843,1.190595791597751,0.9403184304440657,0.3545816733067729,1.0,False,-0.17089142819092473,0.016687726225544538
24,8,largo,pos_168 [bajo],251,-0.18956414633738142,-0.002517156622650204,1.0352309543823264,0.9311067334159382,0.30278884462151395,1.0,False,-0.17089142819092473,0.016687726225544538
24,8,largo,desbal [bajo],251,-0.1302780300981892,-0.0015634798744178328,1.0040704893469548,0.9706468944859912,0.30677290836653387,1.0,False,-0.17089142819092473,0.016687726225544538
24,8,largo,desbal_24 [bajo],251,-0.17792008159167644,-0.002227749218688805,0.9900797956677758,0.9526774500647052,0.2749003984063745,1.0,False,-0.17089142819092473,0.016687726225544538
24,8,largo,desbal_168 [bajo],251,-0.2182475811147428,-0.00278998321572457,0.9900071665012441,0.957018531052225,0.20717131474103587,1.0,False,-0.17089142819092473,0.016687726225544538
24,8,largo,ticket_rel [bajo],251,-0.16822312547993218,-0.0019208120584043472,1.007683832188315,0.9584652542420846,0.27091633466135456,1.0,False,-0.17089142819092473,0.016687726225544538
24,8,largo,turnover [bajo],251,-0.18885757399189107,-0.0023008267525176243,0.9918039440622628,0.918143551888935,0.2788844621513944,1.0,False,-0.17089142819092473,0.016687726225544538
24,8,largo,n_surge [bajo],251,-0.1949609778502382,-0.0025074457180057313,0.9822389878540189,0.9141340719287785,0.29880478087649404,1.0,False,-0.17089142819092473,0.016687726225544538
24,8,largo,oi_chg_1h [bajo],201,-0.1269198195270107,-0.0015817440966637828,1.1440170765324387,1.0247623333942593,0.29850746268656714,1.0,False,-0.17089142819092473,0.016687726225544538
24,8,largo,oi_chg_4h [bajo],201,-0.09174521927773154,-0.0014005150507070904,1.156765558616189,1.0314461231271084,0.3383084577114428,1.0,False,-0.17089142819092473,0.016687726225544538
24,8,largo,oi_chg_24h [bajo],201,-0.08142632793872004,-0.0010857119316630976,1.1022204409184784,0.9886809298187449,0.35323383084577115,1.0,False,-0.17089142819092473,0.016687726225544538
24,8,largo,oi_z [bajo],199,-0.14354694530806078,-0.001716163197463184,1.0634598956944101,1.019251799206884,0.2964824120603015,1.0,False,-0.17089142819092473,0.016687726225544538
24,8,largo,oi_rel_168 [bajo],201,-0.15472615208381718,-0.001990220580968595,1.0541136875440476,0.9231905853878313,0.30845771144278605,1.0,False,-0.17089142819092473,0.016687726225544538
24,8,largo,tt_cuentas [bajo],190,-0.03431867722586586,-0.0007882996528617978,1.1155002469442994,0.9969824174733803,0.45263157894736844,1.0,False,-0.17089142819092473,0.016687726225544538
24,8,largo,tt_cuentas_chg24 [bajo],190,-0.2120539372718565,-0.0025028182603265424,1.048063609900188,1.0286980210312935,0.22105263157894736,1.0,False,-0.17089142819092473,0.016687726225544538
24,8,largo,tt_cuentas_pct [bajo],189,-0.1499080642025631,-0.0017347611840538265,1.0598757439781143,1.0305724085690442,0.3386243386243386,1.0,False,-0.17089142819092473,0.016687726225544538
24,8,largo,tt_pos [bajo],190,-0.05730505122225672,-0.0009569247666953999,0.9591564699718921,0.9872448498849073,0.3894736842105263,1.0,False,-0.17089142819092473,0.016687726225544538
24,8,largo,tt_pos_chg24 [bajo],190,-0.2227514820539478,-0.002520176839022365,1.0728180508597114,1.0151593394231107,0.21578947368421053,1.0,False,-0.17089142819092473,0.016687726225544538
24,8,largo,tt_pos_pct [bajo],189,-0.13267732222602124,-0.0016301019177163293,1.041611135697572,1.0091944255485994,0.31746031746031744,1.0,False,-0.17089142819092473,0.016687726225544538
24,8,largo,ls_cuentas [bajo],201,-0.04036916947642908,-0.0008449752988837721,1.1241977207454583,1.0003224890472924,0.417910447761194,1.0,False,-0.17089142819092473,0.016687726225544538
24,8,largo,ls_cuentas_chg24 [bajo],201,-0.2203829170349368,-0.002633246879377681,1.0556491348842465,1.0228491398797246,0.2537313432835821,1.0,False,-0.17089142819092473,0.016687726225544538
24,8,largo,ls_cuentas_pct [bajo],201,-0.1544179473303846,-0.0019509217429931546,1.0638972048222857,1.0332120956757964,0.29850746268656714,1.0,False,-0.17089142819092473,0.016687726225544538
24,8,largo,taker [bajo],201,-0.16650208179203296,-0.0019272179680340702,0.9858329408693425,0.9679059783582957,0.2736318407960199,1.0,False,-0.17089142819092473,0.016687726225544538
24,8,largo,taker_chg24 [bajo],201,-0.1933941489073547,-0.0023437439192004433,0.9981438823466178,0.9736357444435428,0.2537313432835821,1.0,False,-0.17089142819092473,0.016687726225544538
24,8,largo,taker_pct [bajo],200,-0.1486582181901999,-0.0016553531696826857,1.0111283453024464,0.9736974239809817,0.29,1.0,False,-0.17089142819092473,0.016687726225544538
24,8,largo,atr_24 ~ sin roc_24 [bajo],251,-0.17301253521451881,-0.0018407868645607766,0.6777494981520062,0.9170457124061027,0.29880478087649404,1.0,False,-0.17089142819092473,0.016687726225544538
24,8,largo,vol_24 ~ sin roc_24 [bajo],251,-0.1813689160997196,-0.0020682683922538365,0.7032232854399845,0.9153384817877497,0.2868525896414343,1.0,False,-0.17089142819092473,0.016687726225544538
24,8,largo,vol_168 ~ sin roc_24 [bajo],251,-0.18803145102104823,-0.001974687696516314,0.6961597814240063,0.9512663977078191,0.2908366533864542,1.0,False,-0.17089142819092473,0.016687726225544538
24,8,largo,rango_168 ~ sin roc_24 [bajo],251,-0.17489929922889844,-0.0020025716337293206,0.7340489288531167,0.9402254059667581,0.26693227091633465,1.0,False,-0.17089142819092473,0.016687726225544538
24,8,largo,roc_72 ~ sin roc_24 [bajo],251,-0.13758684036951702,-0.0019294877049108794,1.0730180931070477,0.9581579810678822,0.32669322709163345,1.0,False,-0.17089142819092473,0.016687726225544538
24,8,largo,roc_168 ~ sin roc_24 [bajo],251,-0.1677334750260805,-0.0023872885074765217,1.0610804748647933,0.9434846368678987,0.2908366533864542,1.0,False,-0.17089142819092473,0.016687726225544538
24,8,largo,roc_720 ~ sin roc_24 [bajo],251,-0.15839390214491872,-0.0019189109576686052,1.0534487218850264,0.974396042657694,0.3107569721115538,1.0,False,-0.17089142819092473,0.016687726225544538
24,8,largo,compresion ~ sin roc_24 [bajo],251,-0.1326087643804363,-0.001709426730084575,0.9510333250114799,0.8988609006973183,0.32669322709163345,1.0,False,-0.17089142819092473,0.016687726225544538
24,8,largo,dd_168 ~ sin roc_24 [bajo],251,-0.1283341456475173,-0.001661482921709521,1.2782952470595583,0.9998015955906039,0.3386454183266932,1.0,False,-0.17089142819092473,0.016687726225544538
24,8,largo,dd_720 ~ sin roc_24 [bajo],251,-0.17113445601701444,-0.002144535609711254,1.1844483675998045,0.9458453819485939,0.33067729083665337,1.0,False,-0.17089142819092473,0.016687726225544538
24,8,largo,pos_168 ~ sin roc_24 [bajo],251,-0.22603048970031192,-0.0028066884109306457,1.0281119322937116,0.9431034819943385,0.24701195219123506,1.0,False,-0.17089142819092473,0.016687726225544538
24,8,largo,desbal ~ sin roc_24 [bajo],251,-0.13183675133455086,-0.0015150760121774847,1.006948758501803,0.9757123152568565,0.30677290836653387,1.0,False,-0.17089142819092473,0.016687726225544538
24,8,largo,desbal_24 ~ sin roc_24 [bajo],251,-0.19628729326950195,-0.0023830874283847264,0.9923453148894884,0.9586288128877907,0.26294820717131473,1.0,False,-0.17089142819092473,0.016687726225544538
24,8,largo,desbal_168 ~ sin roc_24 [bajo],251,-0.2257167119445498,-0.0028936039214140347,0.9886409565838755,0.9577330410760264,0.20318725099601595,1.0,False,-0.17089142819092473,0.016687726225544538
24,8,largo,ticket_rel ~ sin roc_24 [bajo],251,-0.1790300755342632,-0.0020999238457977353,1.0067234623133763,0.9607431832503708,0.28286852589641437,1.0,False,-0.17089142819092473,0.016687726225544538
24,8,largo,turnover ~ sin roc_24 [bajo],251,-0.17314112770024068,-0.0019679823822891297,1.0565262443403483,0.9682762143680342,0.250996015936255,1.0,False,-0.17089142819092473,0.016687726225544538
24,8,largo,n_surge ~ sin roc_24 [bajo],251,-0.16498986384487094,-0.002061370784396674,1.0430118952502956,0.9637189956517318,0.2948207171314741,1.0,False,-0.17089142819092473,0.016687726225544538
24,8,largo,oi_chg_1h ~ sin roc_24 [bajo],201,-0.11775933123784522,-0.0014975870922579785,1.1476917367037387,1.0365660313338658,0.3482587064676617,1.0,False,-0.17089142819092473,0.016687726225544538
24,8,largo,oi_chg_4h ~ sin roc_24 [bajo],201,-0.0969225913017774,-0.0013935579292963355,1.1648745150408442,1.0433976588705363,0.3582089552238806,1.0,False,-0.17089142819092473,0.016687726225544538
24,8,largo,oi_chg_24h ~ sin roc_24 [bajo],201,-0.10357987881127609,-0.0013977079872789662,1.1124203592832547,1.0096143436993579,0.2885572139303483,1.0,False,-0.17089142819092473,0.016687726225544538
24,8,largo,oi_z ~ sin roc_24 [bajo],199,-0.1467302040126515,-0.0019109656662900216,1.067766025893089,1.0245005197686134,0.32663316582914576,1.0,False,-0.17089142819092473,0.016687726225544538
24,8,largo,oi_rel_168 ~ sin roc_24 [bajo],201,-0.141324719982307,-0.0017843079672045243,1.0694751684102775,0.9460373453907232,0.31840796019900497,1.0,False,-0.17089142819092473,0.016687726225544538
24,8,largo,tt_cuentas ~ sin roc_24 [bajo],190,-0.07271096157307563,-0.0013800044980168502,1.0769508869527855,0.9791267418628078,0.41578947368421054,1.0,False,-0.17089142819092473,0.016687726225544538
24,8,largo,tt_cuentas_chg24 ~ sin roc_24 [bajo],190,-0.16469894596403917,-0.0018996272420232507,1.0100632432465653,0.9965211464496675,0.24210526315789474,1.0,False,-0.17089142819092473,0.016687726225544538
24,8,largo,tt_cuentas_pct ~ sin roc_24 [bajo],189,-0.1445300533952804,-0.0016792961884534092,0.9963348336372442,0.9958526911743114,0.31746031746031744,1.0,False,-0.17089142819092473,0.016687726225544538
24,8,largo,tt_pos ~ sin roc_24 [bajo],190,-0.0608400856651374,-0.0008544939821129149,0.9531042302512638,0.9766169316678124,0.3894736842105263,1.0,False,-0.17089142819092473,0.016687726225544538
24,8,largo,tt_pos_chg24 ~ sin roc_24 [bajo],190,-0.2351850986151384,-0.002890284233515062,1.054439917661014,1.0019216483505673,0.22105263157894736,1.0,False,-0.17089142819092473,0.016687726225544538
24,8,largo,tt_pos_pct ~ sin roc_24 [bajo],189,-0.15567437843509202,-0.001875442075364693,1.0157039967351822,0.9950213827760019,0.2962962962962963,1.0,False,-0.17089142819092473,0.016687726225544538
24,8,largo,ls_cuentas ~ sin roc_24 [bajo],201,-0.0806458703601674,-0.0012623893974947969,1.0767097558565908,0.9787021229319415,0.39800995024875624,1.0,False,-0.17089142819092473,0.016687726225544538
24,8,largo,ls_cuentas_chg24 ~ sin roc_24 [bajo],201,-0.17981802182533277,-0.001984920593558436,1.014634061013207,0.9928610119637249,0.24875621890547264,1.0,False,-0.17089142819092473,0.016687726225544538
24,8,largo,ls_cuentas_pct ~ sin roc_24 [bajo],201,-0.1293306471925973,-0.0016002642170305508,0.9983963830886905,0.9933893830746374,0.31343283582089554,1.0,False,-0.17089142819092473,0.016687726225544538
24,8,largo,taker ~ sin roc_24 [bajo],201,-0.17937506576875048,-0.002005107451820498,0.9846419826154084,0.9720507048208931,0.2885572139303483,1.0,False,-0.17089142819092473,0.016687726225544538
24,8,largo,taker_chg24 ~ sin roc_24 [bajo],201,-0.19173567888277768,-0.0025152822150405194,0.9989094891461978,0.9751573781423202,0.2537313432835821,1.0,False,-0.17089142819092473,0.016687726225544538
24,8,largo,taker_pct ~ sin roc_24 [bajo],200,-0.15987542419110207,-0.0017703511267520749,1.0063746070264792,0.9727295670090429,0.265,1.0,False,-0.17089142819092473,0.016687726225544538
24,8,largo,CONTROL azar 1,251,-0.18659232955786506,-0.0025142857492354864,1.0115453454367243,0.973549959911446,0.24302788844621515,1.0,False,-0.17089142819092473,0.016687726225544538
24,8,largo,CONTROL azar 2,251,-0.17089142819092473,-0.0019518378347417754,1.0100964248055777,0.9768694736191805,0.2908366533864542,1.0,False,-0.17089142819092473,0.016687726225544538
24,8,largo,CONTROL azar 3,251,-0.15323596011157853,-0.0018204969540980727,1.0133998730200313,0.9779085424492049,0.2749003984063745,1.0,False,-0.17089142819092473,0.016687726225544538
24,8,corto,atr_24,251,-0.20428451035401493,-0.003310338672542991,1.5827004062833285,1.1562960458050728,0.3705179282868526,1.0,False,-0.14793479299981738,0.017032261420713457
24,8,corto,vol_24,251,-0.18521622998457607,-0.0030068295668779126,1.5628518351689018,1.163889499510912,0.38247011952191234,1.0,False,-0.14793479299981738,0.017032261420713457
24,8,corto,vol_168,251,-0.19230564035720601,-0.0033602119681547513,1.5148207971730852,1.0656034592338823,0.35856573705179284,1.0,False,-0.14793479299981738,0.017032261420713457
24,8,corto,rango_168,251,-0.21916307370070767,-0.0035765489011903417,1.457109249588943,1.075167193447959,0.2868525896414343,1.0,False,-0.14793479299981738,0.017032261420713457
24,8,corto,roc_24,251,-0.15845456071712116,-0.0022159453120343025,1.1975700419149524,1.0938729129023572,0.3944223107569721,1.0,False,-0.14793479299981738,0.017032261420713457
24,8,corto,roc_72,251,-0.19920462750005216,-0.002705734890105834,1.2551094106760228,1.129941790809513,0.398406374501992,1.0,False,-0.14793479299981738,0.017032261420713457
24,8,corto,roc_168,251,-0.22556264177001847,-0.003160913176432905,1.266304671259157,1.1257633440153265,0.3386454183266932,1.0,False,-0.14793479299981738,0.017032261420713457
24,8,corto,roc_720,251,-0.2305455905919404,-0.0030216457695988624,1.2342040113796438,1.0149074258629485,0.3147410358565737,1.0,False,-0.14793479299981738,0.017032261420713457
24,8,corto,compresion,251,-0.1692463250524178,-0.0022389424916551704,1.2376186680842534,1.1669521150990292,0.3705179282868526,1.0,False,-0.14793479299981738,0.017032261420713457
24,8,corto,dd_168,251,-0.206601595397433,-0.0017338683024396386,0.8270184847732067,1.0007491762271081,0.2948207171314741,1.0,False,-0.14793479299981738,0.017032261420713457
24,8,corto,dd_720,251,-0.2944987630473604,-0.0027623534015589844,0.8655703997294997,1.0360934615377433,0.26294820717131473,1.0,False,-0.14793479299981738,0.017032261420713457
24,8,corto,pos_168,251,-0.23541656397958127,-0.002725179100863132,1.0949888417391396,1.0690200464031847,0.3545816733067729,1.0,False,-0.14793479299981738,0.017032261420713457
24,8,corto,desbal,251,-0.13572162260498344,-0.001590597798456894,1.0009577983275306,0.9721886115634706,0.3346613545816733,1.0,False,-0.14793479299981738,0.017032261420713457
24,8,corto,desbal_24,251,-0.19411472033665492,-0.00218617276648144,0.9747649515715597,0.9856570721454581,0.26693227091633465,1.0,False,-0.14793479299981738,0.017032261420713457
24,8,corto,desbal_168,251,-0.23248044294387124,-0.0026631840824827635,0.9464760918357937,0.9936026867661397,0.2589641434262948,1.0,False,-0.14793479299981738,0.017032261420713457
24,8,corto,ticket_rel,251,-0.20608486860022046,-0.0022406871997932743,0.9958933369510529,0.9979680216467701,0.3147410358565737,1.0,False,-0.14793479299981738,0.017032261420713457
24,8,corto,turnover,251,-0.19534939309554825,-0.0021341416282874793,1.1582338442816333,1.0951403643773712,0.3346613545816733,1.0,False,-0.14793479299981738,0.017032261420713457
24,8,corto,n_surge,251,-0.20002721906192605,-0.002501285010902891,1.1763295436873693,1.0995397018047952,0.350597609561753,1.0,False,-0.14793479299981738,0.017032261420713457
24,8,corto,oi_chg_1h,201,-0.1345990613902283,-0.0016463922899579322,1.0877282636159145,0.9992724425725026,0.36318407960199006,1.0,False,-0.14793479299981738,0.017032261420713457
24,8,corto,oi_chg_4h,201,-0.1854633247019286,-0.002501755516703289,1.0744992000001727,1.0029890316911783,0.31840796019900497,1.0,False,-0.14793479299981738,0.017032261420713457
24,8,corto,oi_chg_24h,201,-0.22998468180071605,-0.002800440439956103,1.1636557041448392,1.0865007144492167,0.3034825870646766,1.0,False,-0.14793479299981738,0.017032261420713457
24,8,corto,oi_z,199,-0.12806367646333008,-0.001598716501333982,1.0157575221367214,0.986167802713642,0.35175879396984927,1.0,False,-0.14793479299981738,0.017032261420713457
24,8,corto,oi_rel_168,201,-0.2543669262190526,-0.003153122962793208,1.2248042969945727,1.1422100170554903,0.3582089552238806,1.0,False,-0.14793479299981738,0.017032261420713457
24,8,corto,tt_cuentas,190,-0.14041115208876523,-0.0015265986451134476,0.9093912836357996,0.9730996203683004,0.3263157894736842,1.0,False,-0.14793479299981738,0.017032261420713457
24,8,corto,tt_cuentas_chg24,190,-0.22221697436337962,-0.00287491709136406,1.0237041864507443,0.9962987037230508,0.2,1.0,False,-0.14793479299981738,0.017032261420713457
24,8,corto,tt_cuentas_pct,189,-0.12336035637302727,-0.0016116863844613967,0.9848177783999621,0.9599132234919946,0.3386243386243386,1.0,False,-0.14793479299981738,0.017032261420713457
24,8,corto,tt_pos,190,-0.0657645493060881,-0.0008860552080012694,0.9929968207556878,0.9707055773954154,0.37894736842105264,1.0,False,-0.14793479299981738,0.017032261420713457
24,8,corto,tt_pos_chg24,190,-0.14037564179748616,-0.002119123275199031,1.0546633882774217,0.993577078427173,0.3526315789473684,1.0,False,-0.14793479299981738,0.017032261420713457
24,8,corto,tt_pos_pct,189,-0.13606624572936565,-0.0017565747057704617,1.0051873218016987,0.9723305550860739,0.30687830687830686,1.0,False,-0.14793479299981738,0.017032261420713457
24,8,corto,ls_cuentas,201,-0.12218000315334882,-0.001387548112710302,0.9222891310021158,0.9672502950032849,0.40298507462686567,1.0,False,-0.14793479299981738,0.017032261420713457
24,8,corto,ls_cuentas_chg24,201,-0.2162376614499554,-0.0026714845350561756,1.0335563081273316,0.9931333799540297,0.263681592039801,1.0,False,-0.14793479299981738,0.017032261420713457
24,8,corto,ls_cuentas_pct,201,-0.15780657491517328,-0.0018556302342148756,0.9890148099194688,0.9595441222876879,0.31343283582089554,1.0,False,-0.14793479299981738,0.017032261420713457
24,8,corto,taker,201,-0.1795541437539153,-0.0021320475496598924,0.9943281009055075,0.9697697557958176,0.2835820895522388,1.0,False,-0.14793479299981738,0.017032261420713457
24,8,corto,taker_chg24,201,-0.17972197971048307,-0.001906077251148746,0.9883879098488938,0.9718119894762256,0.2736318407960199,1.0,False,-0.14793479299981738,0.017032261420713457
24,8,corto,taker_pct,200,-0.1784685190108086,-0.00218121522077061,1.0122589455456392,0.9726873757547236,0.27,1.0,False,-0.14793479299981738,0.017032261420713457
24,8,corto,atr_24 ~ sin roc_24,251,-0.1750454922619933,-0.0027647097330224728,1.5167129382305784,1.1185733724769955,0.3665338645418327,1.0,False,-0.14793479299981738,0.017032261420713457
24,8,corto,vol_24 ~ sin roc_24,251,-0.15546066719112991,-0.0025469824584196015,1.484136458966443,1.122632726636625,0.38247011952191234,1.0,False,-0.14793479299981738,0.017032261420713457
24,8,corto,vol_168 ~ sin roc_24,251,-0.15166173529558366,-0.0026167434732600418,1.4484375530706675,1.0512627599300568,0.36254980079681276,1.0,False,-0.14793479299981738,0.017032261420713457
24,8,corto,rango_168 ~ sin roc_24,251,-0.1774426305943861,-0.002744209248394432,1.402438404235939,1.0596354272098814,0.32270916334661354,1.0,False,-0.14793479299981738,0.017032261420713457
24,8,corto,roc_72 ~ sin roc_24,251,-0.19045259907234152,-0.0023911990619495927,1.1914276969555742,1.0835925782719318,0.32669322709163345,1.0,False,-0.14793479299981738,0.017032261420713457
24,8,corto,roc_168 ~ sin roc_24,251,-0.20364618672753274,-0.002730369779292847,1.2166832210778893,1.0859358870085696,0.32669322709163345,1.0,False,-0.14793479299981738,0.017032261420713457
24,8,corto,roc_720 ~ sin roc_24,251,-0.20983341779860834,-0.00283177907298192,1.2138280301495727,1.0047443042836157,0.33067729083665337,1.0,False,-0.14793479299981738,0.017032261420713457
24,8,corto,compresion ~ sin roc_24,251,-0.1708731348866897,-0.0021120154941432624,1.1822977313399012,1.1324509902839084,0.3426294820717131,1.0,False,-0.14793479299981738,0.017032261420713457
24,8,corto,dd_168 ~ sin roc_24,251,-0.2356678703944675,-0.0020363948947020112,0.8058353805041252,0.9764928932972855,0.250996015936255,1.0,False,-0.14793479299981738,0.017032261420713457
24,8,corto,dd_720 ~ sin roc_24,251,-0.2553960686086379,-0.0021972236038056052,0.8534956411373819,1.0181645925721854,0.23904382470119523,1.0,False,-0.14793479299981738,0.017032261420713457
24,8,corto,pos_168 ~ sin roc_24,251,-0.25136215154270347,-0.0026103173629091867,1.0505075958022851,1.0337214989244887,0.30278884462151395,1.0,False,-0.14793479299981738,0.017032261420713457
24,8,corto,desbal ~ sin roc_24,251,-0.13583970631394104,-0.0015810425720782064,0.9934489215012803,0.9641621447050381,0.3107569721115538,1.0,False,-0.14793479299981738,0.017032261420713457
24,8,corto,desbal_24 ~ sin roc_24,251,-0.1883936288121169,-0.002024034809747075,0.9597127946204406,0.9727116760299084,0.27091633466135456,1.0,False,-0.14793479299981738,0.017032261420713457
24,8,corto,desbal_168 ~ sin roc_24,251,-0.2281172899884569,-0.0026779921738126207,0.9490160239469644,0.9894958884755609,0.24701195219123506,1.0,False,-0.14793479299981738,0.017032261420713457
24,8,corto,ticket_rel ~ sin roc_24,251,-0.22373892565946715,-0.002472575526868636,0.989304964554976,0.9921252970190264,0.26294820717131473,1.0,False,-0.14793479299981738,0.017032261420713457
24,8,corto,turnover ~ sin roc_24,251,-0.19226118254592708,-0.002213365862423912,1.1240261992848348,1.0601128634790449,0.3386454183266932,1.0,False,-0.14793479299981738,0.017032261420713457
24,8,corto,n_surge ~ sin roc_24,251,-0.16753548070879518,-0.002191029150611621,1.1341095415981057,1.0616829468150601,0.3705179282868526,1.0,False,-0.14793479299981738,0.017032261420713457
24,8,corto,oi_chg_1h ~ sin roc_24,201,-0.15722840791548884,-0.0018008302316088601,1.0798618408223246,0.9910761945432385,0.35323383084577115,1.0,False,-0.14793479299981738,0.017032261420713457
24,8,corto,oi_chg_4h ~ sin roc_24,201,-0.1539140002761918,-0.0020723974145938785,1.066600264997017,0.9913102950691024,0.3333333333333333,1.0,False,-0.14793479299981738,0.017032261420713457
24,8,corto,oi_chg_24h ~ sin roc_24,201,-0.18220762269370805,-0.00200132310676178,1.088556486600369,1.0272766143024454,0.30845771144278605,1.0,False,-0.14793479299981738,0.017032261420713457
24,8,corto,oi_z ~ sin roc_24,199,-0.10648458622482049,-0.0012831164498941475,1.004391291679235,0.9781935033708182,0.4271356783919598,1.0,False,-0.14793479299981738,0.017032261420713457
24,8,corto,oi_rel_168 ~ sin roc_24,201,-0.22003180042578557,-0.0026175255865107483,1.1685687755600243,1.1003351152651817,0.3582089552238806,1.0,False,-0.14793479299981738,0.017032261420713457
24,8,corto,tt_cuentas ~ sin roc_24,190,-0.14150486693549322,-0.0015681211186713783,0.9111700954358862,0.9770813079105414,0.3473684210526316,1.0,False,-0.14793479299981738,0.017032261420713457
24,8,corto,tt_cuentas_chg24 ~ sin roc_24,190,-0.1884050059812381,-0.0025363900378372276,1.0436950602044859,1.0094787871178887,0.28421052631578947,1.0,False,-0.14793479299981738,0.017032261420713457
24,8,corto,tt_cuentas_pct ~ sin roc_24,189,-0.12766083995847272,-0.001606555875754494,0.9791048033925512,0.9669219986632442,0.328042328042328,1.0,False,-0.14793479299981738,0.017032261420713457
24,8,corto,tt_pos ~ sin roc_24,190,-0.07055564096902392,-0.00090904038322142,0.9879303474621112,0.9722639794415879,0.37894736842105264,1.0,False,-0.14793479299981738,0.017032261420713457
24,8,corto,tt_pos_chg24 ~ sin roc_24,190,-0.13743627196646752,-0.002177298827738334,1.0597814875429628,0.9990556328526284,0.34210526315789475,1.0,False,-0.14793479299981738,0.017032261420713457
24,8,corto,tt_pos_pct ~ sin roc_24,189,-0.13912095215716855,-0.0018926126078187614,0.9982314254468561,0.9710043999194005,0.328042328042328,1.0,False,-0.14793479299981738,0.017032261420713457
24,8,corto,ls_cuentas ~ sin roc_24,201,-0.12069200198839873,-0.0013538101684146065,0.9238394240736159,0.9715060871976009,0.3582089552238806,1.0,False,-0.14793479299981738,0.017032261420713457
24,8,corto,ls_cuentas_chg24 ~ sin roc_24,201,-0.13820153811964392,-0.001679919744317276,1.0534437928503975,1.0064296805665265,0.3333333333333333,1.0,False,-0.14793479299981738,0.017032261420713457
24,8,corto,ls_cuentas_pct ~ sin roc_24,201,-0.1513255065698309,-0.0019209050744399341,0.9832584502360683,0.9638527263998723,0.31343283582089554,1.0,False,-0.14793479299981738,0.017032261420713457
24,8,corto,taker ~ sin roc_24,201,-0.19241733105164138,-0.0023252451102815782,0.9978024612556583,0.9700284211913057,0.2736318407960199,1.0,False,-0.14793479299981738,0.017032261420713457
24,8,corto,taker_chg24 ~ sin roc_24,201,-0.18241959468503152,-0.001969028805312859,0.9922190403774461,0.9709586503418569,0.2935323383084577,1.0,False,-0.14793479299981738,0.017032261420713457
24,8,corto,taker_pct ~ sin roc_24,200,-0.16971684366865997,-0.0020520198129679998,1.0048746276599385,0.9682303077819625,0.29,1.0,False,-0.14793479299981738,0.017032261420713457
24,8,corto,atr_24 [bajo],251,-0.28410347585266743,-0.0021437762882612786,0.6543917351763758,0.9044181234842908,0.21115537848605578,1.0,False,-0.14793479299981738,0.017032261420713457
24,8,corto,vol_24 [bajo],251,-0.2626304456911001,-0.002051058356728774,0.6614350136759664,0.8982190180972274,0.1952191235059761,1.0,False,-0.14793479299981738,0.017032261420713457
24,8,corto,vol_168 [bajo],251,-0.2678303862277139,-0.0019784338636488546,0.6678390190197252,0.9373498202081694,0.21912350597609562,1.0,False,-0.14793479299981738,0.017032261420713457
24,8,corto,rango_168 [bajo],251,-0.2487457115974375,-0.002002068845075908,0.6943488647745693,0.9294769759175878,0.21115537848605578,1.0,False,-0.14793479299981738,0.017032261420713457
24,8,corto,roc_24 [bajo],251,-0.15719578942699958,-0.002184113127495039,1.1000737183047695,0.9749874269338186,0.2908366533864542,1.0,False,-0.14793479299981738,0.017032261420713457
24,8,corto,roc_72 [bajo],251,-0.14533728322786446,-0.00218538118359093,1.0555824032310297,0.9341775324712714,0.30677290836653387,1.0,False,-0.14793479299981738,0.017032261420713457
24,8,corto,roc_168 [bajo],251,-0.11328854257462039,-0.0014848880569037725,1.0467185267696413,0.9252684614390294,0.3107569721115538,1.0,False,-0.14793479299981738,0.017032261420713457
24,8,corto,roc_720 [bajo],251,-0.12221090068182044,-0.001768807607718107,1.0429469010342023,0.9620053621028903,0.3187250996015936,1.0,False,-0.14793479299981738,0.017032261420713457
24,8,corto,compresion [bajo],251,-0.1757056276873607,-0.0021895832139007037,0.9349060411613495,0.8837133344255985,0.27091633466135456,1.0,False,-0.14793479299981738,0.017032261420713457
24,8,corto,dd_168 [bajo],251,-0.11958523432382373,-0.0022787226844765934,1.2664622117045385,0.9841532621402846,0.30677290836653387,1.0,False,-0.14793479299981738,0.017032261420713457
24,8,corto,dd_720 [bajo],251,-0.11692612465397481,-0.002312743244081519,1.190595791597751,0.9403184304440657,0.36254980079681276,1.0,False,-0.14793479299981738,0.017032261420713457
24,8,corto,pos_168 [bajo],251,-0.10998671522391477,-0.001482843377349798,1.0352309543823264,0.9311067334159382,0.3107569721115538,1.0,False,-0.14793479299981738,0.017032261420713457
24,8,corto,desbal [bajo],251,-0.18818951024725222,-0.0024365201255821694,1.0040704893469548,0.9706468944859912,0.26693227091633465,1.0,False,-0.14793479299981738,0.017032261420713457
24,8,corto,desbal_24 [bajo],251,-0.13961319846298242,-0.0017722507813111971,0.9900797956677758,0.9526774500647052,0.3466135458167331,1.0,False,-0.14793479299981738,0.017032261420713457
24,8,corto,desbal_168 [bajo],251,-0.09974878510549298,-0.0012100167842754323,0.9900071665012441,0.957018531052225,0.3705179282868526,1.0,False,-0.14793479299981738,0.017032261420713457
24,8,corto,ticket_rel [bajo],251,-0.14533910650883247,-0.0020791879415956553,1.007683832188315,0.9584652542420846,0.27091633466135456,1.0,False,-0.14793479299981738,0.017032261420713457
24,8,corto,turnover [bajo],251,-0.11785334482305215,-0.0016991732474823775,0.9918039440622628,0.918143551888935,0.350597609561753,1.0,False,-0.14793479299981738,0.017032261420713457
24,8,corto,n_surge [bajo],251,-0.11567844099065112,-0.0014925542819942711,0.9822389878540189,0.9141340719287785,0.3147410358565737,1.0,False,-0.14793479299981738,0.017032261420713457
24,8,corto,oi_chg_1h [bajo],201,-0.1860126456107586,-0.0024182559033362194,1.1440170765324387,1.0247623333942593,0.29850746268656714,1.0,False,-0.14793479299981738,0.017032261420713457
24,8,corto,oi_chg_4h [bajo],201,-0.2201953900556341,-0.002599484949292912,1.156765558616189,1.0314461231271084,0.25870646766169153,1.0,False,-0.14793479299981738,0.017032261420713457
24,8,corto,oi_chg_24h [bajo],201,-0.22895213641750897,-0.002914288068336905,1.1022204409184784,0.9886809298187449,0.24875621890547264,1.0,False,-0.14793479299981738,0.017032261420713457
24,8,corto,oi_z [bajo],199,-0.18704136227647877,-0.0022838368025368183,1.0634598956944101,1.019251799206884,0.3065326633165829,1.0,False,-0.14793479299981738,0.017032261420713457
24,8,corto,oi_rel_168 [bajo],201,-0.14795057313751694,-0.0020097794190314074,1.0541136875440476,0.9231905853878313,0.32338308457711445,1.0,False,-0.14793479299981738,0.017032261420713457
24,8,corto,tt_cuentas [bajo],190,-0.28110822208633174,-0.0032117003471382045,1.1155002469442994,0.9969824174733803,0.2894736842105263,1.0,False,-0.14793479299981738,0.017032261420713457
24,8,corto,tt_cuentas_chg24 [bajo],190,-0.12600643589081065,-0.0014971817396734603,1.048063609900188,1.0286980210312935,0.3157894736842105,1.0,False,-0.14793479299981738,0.017032261420713457
24,8,corto,tt_cuentas_pct [bajo],189,-0.1866638776963999,-0.0022652388159461762,1.0598757439781143,1.0305724085690442,0.30158730158730157,1.0,False,-0.14793479299981738,0.017032261420713457
24,8,corto,tt_pos [bajo],190,-0.29577037395610345,-0.003043075233304602,0.9591564699718921,0.9872448498849073,0.24210526315789474,1.0,False,-0.14793479299981738,0.017032261420713457
24,8,corto,tt_pos_chg24 [bajo],190,-0.10351370666364025,-0.0014798231609776374,1.0728180508597114,1.0151593394231107,0.3473684210526316,1.0,False,-0.14793479299981738,0.017032261420713457
24,8,corto,tt_pos_pct [bajo],189,-0.19920719362447445,-0.0023698980822836726,1.041611135697572,1.0091944255485994,0.2804232804232804,1.0,False,-0.14793479299981738,0.017032261420713457
24,8,corto,ls_cuentas [bajo],201,-0.2746828793518686,-0.0031550247011162304,1.1241977207454583,1.0003224890472924,0.24875621890547264,1.0,False,-0.14793479299981738,0.017032261420713457
24,8,corto,ls_cuentas_chg24 [bajo],201,-0.11645547355582168,-0.0013667531206223214,1.0556491348842465,1.0228491398797246,0.39303482587064675,1.0,False,-0.14793479299981738,0.017032261420713457
24,8,corto,ls_cuentas_pct [bajo],201,-0.18202677441708515,-0.002049078257006847,1.0638972048222857,1.0332120956757964,0.30845771144278605,1.0,False,-0.14793479299981738,0.017032261420713457
24,8,corto,taker [bajo],201,-0.17190557130649287,-0.0020727820319659325,0.9858329408693425,0.9679059783582957,0.2935323383084577,1.0,False,-0.14793479299981738,0.017032261420713457
24,8,corto,taker_chg24 [bajo],201,-0.1421541495747988,-0.0016562560807995587,0.9981438823466178,0.9736357444435428,0.3482587064676617,1.0,False,-0.14793479299981738,0.017032261420713457
24,8,corto,taker_pct [bajo],200,-0.18377419678069692,-0.002344646830317317,1.0111283453024464,0.9736974239809817,0.28,1.0,False,-0.14793479299981738,0.017032261420713457
24,8,corto,atr_24 ~ sin roc_24 [bajo],251,-0.278662038441188,-0.0021592131354392255,0.6777494981520062,0.9170457124061027,0.21912350597609562,1.0,False,-0.14793479299981738,0.017032261420713457
24,8,corto,vol_24 ~ sin roc_24 [bajo],251,-0.25404641247440696,-0.0019317316077461654,0.7032232854399845,0.9153384817877497,0.23904382470119523,1.0,False,-0.14793479299981738,0.017032261420713457
24,8,corto,vol_168 ~ sin roc_24 [bajo],251,-0.26596420255777875,-0.0020253123034836883,0.6961597814240063,0.9512663977078191,0.22709163346613545,1.0,False,-0.14793479299981738,0.017032261420713457
24,8,corto,rango_168 ~ sin roc_24 [bajo],251,-0.252439239674396,-0.0019974283662706816,0.7340489288531167,0.9402254059667581,0.2151394422310757,1.0,False,-0.14793479299981738,0.017032261420713457
24,8,corto,roc_72 ~ sin roc_24 [bajo],251,-0.1601046560928177,-0.0020705122950891233,1.0730180931070477,0.9581579810678822,0.3107569721115538,1.0,False,-0.14793479299981738,0.017032261420713457
24,8,corto,roc_168 ~ sin roc_24 [bajo],251,-0.1290748730669298,-0.0016127114925234807,1.0610804748647933,0.9434846368678987,0.2908366533864542,1.0,False,-0.14793479299981738,0.017032261420713457
24,8,corto,roc_720 ~ sin roc_24 [bajo],251,-0.14688816181187522,-0.002081089042331397,1.0534487218850264,0.974396042657694,0.2948207171314741,1.0,False,-0.14793479299981738,0.017032261420713457
24,8,corto,compresion ~ sin roc_24 [bajo],251,-0.18433100489442222,-0.0022905732699154274,0.9510333250114799,0.8988609006973183,0.2549800796812749,1.0,False,-0.14793479299981738,0.017032261420713457
24,8,corto,dd_168 ~ sin roc_24 [bajo],251,-0.1335565165696999,-0.0023385170782904818,1.2782952470595583,0.9998015955906039,0.2948207171314741,1.0,False,-0.14793479299981738,0.017032261420713457
24,8,corto,dd_720 ~ sin roc_24 [bajo],251,-0.09347285796941009,-0.0018554643902887488,1.1844483675998045,0.9458453819485939,0.3705179282868526,1.0,False,-0.14793479299981738,0.017032261420713457
24,8,corto,pos_168 ~ sin roc_24 [bajo],251,-0.07950161092945558,-0.0011933115890693563,1.0281119322937116,0.9431034819943385,0.3545816733067729,1.0,False,-0.14793479299981738,0.017032261420713457
24,8,corto,desbal ~ sin roc_24 [bajo],251,-0.18698376294444344,-0.002484923987822518,1.006948758501803,0.9757123152568565,0.250996015936255,1.0,False,-0.14793479299981738,0.017032261420713457
24,8,corto,desbal_24 ~ sin roc_24 [bajo],251,-0.12232920993714744,-0.0016169125716152762,0.9923453148894884,0.9586288128877907,0.3426294820717131,1.0,False,-0.14793479299981738,0.017032261420713457
24,8,corto,desbal_168 ~ sin roc_24 [bajo],251,-0.09290843963449352,-0.0011063960785859682,0.9886409565838755,0.9577330410760264,0.3545816733067729,1.0,False,-0.14793479299981738,0.017032261420713457
24,8,corto,ticket_rel ~ sin roc_24 [bajo],251,-0.1346769487994582,-0.001900076154202267,1.0067234623133763,0.9607431832503708,0.2948207171314741,1.0,False,-0.14793479299981738,0.017032261420713457
24,8,corto,turnover ~ sin roc_24 [bajo],251,-0.13350629301481406,-0.002032017617710873,1.0565262443403483,0.9682762143680342,0.30677290836653387,1.0,False,-0.14793479299981738,0.017032261420713457
24,8,corto,n_surge ~ sin roc_24 [bajo],251,-0.14407317362022887,-0.0019386292156033287,1.0430118952502956,0.9637189956517318,0.32669322709163345,1.0,False,-0.14793479299981738,0.017032261420713457
24,8,corto,oi_chg_1h ~ sin roc_24 [bajo],201,-0.19632316978499267,-0.0025024129077420238,1.1476917367037387,1.0365660313338658,0.263681592039801,1.0,False,-0.14793479299981738,0.017032261420713457
24,8,corto,oi_chg_4h ~ sin roc_24 [bajo],201,-0.21639380789369667,-0.0026064420707036665,1.1648745150408442,1.0433976588705363,0.27860696517412936,1.0,False,-0.14793479299981738,0.017032261420713457
24,8,corto,oi_chg_24h ~ sin roc_24 [bajo],201,-0.21041215929462692,-0.002602292012721036,1.1124203592832547,1.0096143436993579,0.26865671641791045,1.0,False,-0.14793479299981738,0.017032261420713457
24,8,corto,oi_z ~ sin roc_24 [bajo],199,-0.18334565847227183,-0.0020890343337099807,1.067766025893089,1.0245005197686134,0.32160804020100503,1.0,False,-0.14793479299981738,0.017032261420713457
24,8,corto,oi_rel_168 ~ sin roc_24 [bajo],201,-0.16466139883424621,-0.0022156920327954777,1.0694751684102775,0.9460373453907232,0.3034825870646766,1.0,False,-0.14793479299981738,0.017032261420713457
24,8,corto,tt_cuentas ~ sin roc_24 [bajo],190,-0.24491449726034129,-0.0026199955019831516,1.0769508869527855,0.9791267418628078,0.2789473684210526,1.0,False,-0.14793479299981738,0.017032261420713457
24,8,corto,tt_cuentas_chg24 ~ sin roc_24 [bajo],190,-0.17422675674397486,-0.0021003727579767518,1.0100632432465653,0.9965211464496675,0.28421052631578947,1.0,False,-0.14793479299981738,0.017032261420713457
24,8,corto,tt_cuentas_pct ~ sin roc_24 [bajo],189,-0.19939989312771572,-0.0023207038115465933,0.9963348336372442,0.9958526911743114,0.2698412698412698,1.0,False,-0.14793479299981738,0.017032261420713457
24,8,corto,tt_pos ~ sin roc_24 [bajo],190,-0.29090196962960185,-0.003145506017887088,0.9531042302512638,0.9766169316678124,0.2,1.0,False,-0.14793479299981738,0.017032261420713457
24,8,corto,tt_pos_chg24 ~ sin roc_24 [bajo],190,-0.09130932557369302,-0.0011097157664849402,1.054439917661014,1.0019216483505673,0.3894736842105263,1.0,False,-0.14793479299981738,0.017032261420713457
24,8,corto,tt_pos_pct ~ sin roc_24 [bajo],189,-0.17997201900569973,-0.002124557924635309,1.0157039967351822,0.9950213827760019,0.2698412698412698,1.0,False,-0.14793479299981738,0.017032261420713457
24,8,corto,ls_cuentas ~ sin roc_24 [bajo],201,-0.23942773929477515,-0.002737610602505205,1.0767097558565908,0.9787021229319415,0.25870646766169153,1.0,False,-0.14793479299981738,0.017032261420713457
24,8,corto,ls_cuentas_chg24 ~ sin roc_24 [bajo],201,-0.1584822381072217,-0.002015079406441566,1.014634061013207,0.9928610119637249,0.30845771144278605,1.0,False,-0.14793479299981738,0.017032261420713457
24,8,corto,ls_cuentas_pct ~ sin roc_24 [bajo],201,-0.21527900128055666,-0.002399735782969451,0.9983963830886905,0.9933893830746374,0.2885572139303483,1.0,False,-0.14793479299981738,0.017032261420713457
24,8,corto,taker ~ sin roc_24 [bajo],201,-0.16043392094638245,-0.0019948925481795042,0.9846419826154084,0.9720507048208931,0.263681592039801,1.0,False,-0.14793479299981738,0.017032261420713457
24,8,corto,taker_chg24 ~ sin roc_24 [bajo],201,-0.14393613536097247,-0.0014847177849594824,0.9989094891461978,0.9751573781423202,0.35323383084577115,1.0,False,-0.14793479299981738,0.017032261420713457
24,8,corto,taker_pct ~ sin roc_24 [bajo],200,-0.17367356236000275,-0.002229648873247928,1.0063746070264792,0.9727295670090429,0.275,1.0,False,-0.14793479299981738,0.017032261420713457
24,8,corto,CONTROL azar 1,251,-0.13098604681054377,-0.0014857142507645159,1.0115453454367243,0.973549959911446,0.3665338645418327,1.0,False,-0.14793479299981738,0.017032261420713457
24,8,corto,CONTROL azar 2,251,-0.14793479299981738,-0.002048162165258227,1.0100964248055777,0.9768694736191805,0.2788844621513944,1.0,False,-0.14793479299981738,0.017032261420713457
24,8,corto,CONTROL azar 3,251,-0.165050433372728,-0.00217950304590193,1.0133998730200313,0.9779085424492049,0.26693227091633465,1.0,False,-0.14793479299981738,0.017032261420713457
24,16,largo,atr_24,237,-0.10995529116745313,-0.0015236211654373732,1.3180481245533775,1.067568102216655,0.2911392405063291,1.0,False,-0.1646071257286746,0.005425202183932845
24,16,largo,vol_24,237,-0.11759202117460422,-0.001641686778763545,1.309544666083827,1.0705716912135568,0.2869198312236287,1.0,False,-0.1646071257286746,0.005425202183932845
24,16,largo,vol_168,237,-0.10490569739220175,-0.0014144521905997158,1.2930596868141129,1.0218156264389249,0.2911392405063291,1.0,False,-0.1646071257286746,0.005425202183932845
24,16,largo,rango_168,237,-0.10846055683989231,-0.0013772256055077476,1.2599116431424262,1.027222587336171,0.28270042194092826,1.0,False,-0.1646071257286746,0.005425202183932845
24,16,largo,roc_24,237,-0.1695815403354341,-0.002062634759203755,1.046713428743505,1.022386850190306,0.1729957805907173,1.0,False,-0.1646071257286746,0.005425202183932845
24,16,largo,roc_72,237,-0.13669715049220144,-0.0016569034733600497,1.0743614797379355,1.0489688507064447,0.22784810126582278,1.0,False,-0.1646071257286746,0.005425202183932845
24,16,largo,roc_168,237,-0.12090408154543231,-0.0013072214819441392,1.078987623705052,1.048537808100518,0.26582278481012656,1.0,False,-0.1646071257286746,0.005425202183932845
24,16,largo,roc_720,237,-0.13486248671745754,-0.0017712113286461543,1.0717229056323545,0.9985759216969199,0.24050632911392406,1.0,False,-0.1646071257286746,0.005425202183932845
24,16,largo,compresion,237,-0.15036127534875357,-0.0018276705799440023,1.1110398816338587,1.0776125570795143,0.18565400843881857,1.0,False,-0.1646071257286746,0.005425202183932845
24,16,largo,dd_168,237,-0.1748398058819484,-0.0020613559868308293,0.8649785827860161,0.9881789192812862,0.16455696202531644,1.0,False,-0.1646071257286746,0.005425202183932845
24,16,largo,dd_720,237,-0.14284461406528876,-0.001713436178184933,0.8847725104739619,1.015190678273831,0.21940928270042195,1.0,False,-0.1646071257286746,0.005425202183932845
24,16,largo,pos_168,237,-0.12200218985022791,-0.001576969205636719,1.026023570807601,1.027336643878656,0.22784810126582278,1.0,False,-0.1646071257286746,0.005425202183932845
24,16,largo,desbal,237,-0.17845460489543144,-0.002387869236348437,0.9985462711766527,0.9786365515821918,0.16033755274261605,1.0,False,-0.1646071257286746,0.005425202183932845
24,16,largo,desbal_24,237,-0.136262391818162,-0.0016934258368042875,0.9921025054960687,0.9901073866589978,0.2109704641350211,1.0,False,-0.1646071257286746,0.005425202183932845
24,16,largo,desbal_168,237,-0.13920846554113298,-0.001637238482194643,0.9861264207993863,0.993695914308736,0.23628691983122363,1.0,False,-0.1646071257286746,0.005425202183932845
24,16,largo,ticket_rel,237,-0.14355083090177018,-0.0019052603853444885,0.9975232664849908,0.9937366167326378,0.22362869198312235,1.0,False,-0.1646071257286746,0.005425202183932845
24,16,largo,turnover,237,-0.13624379756210442,-0.0018403266058368835,1.0605791154249258,1.039071178098605,0.16455696202531644,1.0,False,-0.1646071257286746,0.005425202183932845
24,16,largo,n_surge,237,-0.1410619452144868,-0.0018151394463583805,1.0735198537391888,1.0442538096545841,0.2109704641350211,1.0,False,-0.1646071257286746,0.005425202183932845
24,16,largo,oi_chg_1h,185,-0.1793561331664615,-0.0023461447353892192,1.0125744778793397,0.9821577955877037,0.1837837837837838,1.0,False,-0.1646071257286746,0.005425202183932845
24,16,largo,oi_chg_4h,185,-0.16574465731323682,-0.0019347065758721245,1.0054144679938595,0.981866098206938,0.21081081081081082,1.0,False,-0.1646071257286746,0.005425202183932845
24,16,largo,oi_chg_24h,185,-0.15910589370898287,-0.0020095533661765672,1.036905541101001,1.0190145866977964,0.20540540540540542,1.0,False,-0.1646071257286746,0.005425202183932845
24,16,largo,oi_z,182,-0.19329528398296006,-0.0022707558200097872,0.9937371224711509,0.9752572222851383,0.15934065934065933,1.0,False,-0.1646071257286746,0.005425202183932845
24,16,largo,oi_rel_168,184,-0.1401460918177687,-0.0017253558941749572,1.0592661492280657,1.0513195685129473,0.20108695652173914,1.0,False,-0.1646071257286746,0.005425202183932845
24,16,largo,tt_cuentas,185,-0.22750124625699167,-0.002554555778686136,0.9386282404817832,0.9750920172453335,0.15135135135135136,1.0,False,-0.1646071257286746,0.005425202183932845
24,16,largo,tt_cuentas_chg24,185,-0.15003600201683956,-0.0017267932187233818,1.0024182091033382,0.9801220855985386,0.23243243243243245,1.0,False,-0.1646071257286746,0.005425202183932845
24,16,largo,tt_cuentas_pct,184,-0.17981374088715005,-0.0020898205961605468,0.9855145029556064,0.9588190695655047,0.17391304347826086,1.0,False,-0.1646071257286746,0.005425202183932845
24,16,largo,tt_pos,185,-0.21086705725192942,-0.002486362129599668,0.9983044715433211,0.9771987698341204,0.11891891891891893,1.0,False,-0.1646071257286746,0.005425202183932845
24,16,largo,tt_pos_chg24,185,-0.1476152118300962,-0.001677840372882433,1.01678383659972,0.9790688026147703,0.20540540540540542,1.0,False,-0.1646071257286746,0.005425202183932845
24,16,largo,tt_pos_pct,184,-0.17905443465421014,-0.0021646319455168343,0.9995008880943119,0.971874674758878,0.16304347826086957,1.0,False,-0.1646071257286746,0.005425202183932845
24,16,largo,ls_cuentas,185,-0.21312884202987256,-0.002420941961767317,0.9462529125195739,0.9732523529182806,0.14594594594594595,1.0,False,-0.1646071257286746,0.005425202183932845
24,16,largo,ls_cuentas_chg24,185,-0.14819327427004786,-0.0018285417221113201,1.0066560553610937,0.9810385764994491,0.1945945945945946,1.0,False,-0.1646071257286746,0.005425202183932845
24,16,largo,ls_cuentas_pct,184,-0.17065274333124994,-0.002054927018296152,0.9890924802915386,0.9616848131475525,0.14673913043478262,1.0,False,-0.1646071257286746,0.005425202183932845
24,16,largo,taker,185,-0.1382621784843566,-0.0017424096369239824,1.0009517966501704,0.9782451376553619,0.24864864864864866,1.0,False,-0.1646071257286746,0.005425202183932845
24,16,largo,taker_chg24,185,-0.15948033196019923,-0.0019394836900176974,0.999951169641887,0.9781414169943456,0.15135135135135136,1.0,False,-0.1646071257286746,0.005425202183932845
24,16,largo,taker_pct,184,-0.13860746825354522,-0.0017625598824009222,1.0043360910366874,0.9769536957603926,0.19021739130434784,1.0,False,-0.1646071257286746,0.005425202183932845
24,16,largo,atr_24 ~ sin roc_24,237,-0.12103529370662122,-0.001650686349384229,1.2858725706671432,1.0501181913581719,0.23628691983122363,1.0,False,-0.1646071257286746,0.005425202183932845
24,16,largo,vol_24 ~ sin roc_24,237,-0.12419421701199115,-0.0016961145554214693,1.2699163581566877,1.0490499106098172,0.22362869198312235,1.0,False,-0.1646071257286746,0.005425202183932845
24,16,largo,vol_168 ~ sin roc_24,237,-0.11718879077526119,-0.001624158211383088,1.2560265493958451,1.0119035348641874,0.26582278481012656,1.0,False,-0.1646071257286746,0.005425202183932845
24,16,largo,rango_168 ~ sin roc_24,237,-0.12607268655281784,-0.0017008857784906225,1.2289758287844914,1.0192836126093967,0.23628691983122363,1.0,False,-0.1646071257286746,0.005425202183932845
24,16,largo,roc_72 ~ sin roc_24,237,-0.15121766487740335,-0.001891525562090349,1.0498423038972697,1.0251541022218356,0.23628691983122363,1.0,False,-0.1646071257286746,0.005425202183932845
24,16,largo,roc_168 ~ sin roc_24,237,-0.12620200153846167,-0.0014065770729645446,1.0592268314512159,1.0297319137893948,0.26582278481012656,1.0,False,-0.1646071257286746,0.005425202183932845
24,16,largo,roc_720 ~ sin roc_24,237,-0.1478573552833063,-0.001926926242647507,1.0645103907408169,0.9923344895873969,0.22784810126582278,1.0,False,-0.1646071257286746,0.005425202183932845
24,16,largo,compresion ~ sin roc_24,237,-0.1558401443360372,-0.0019197418315704538,1.086251187931542,1.0596121641151952,0.21940928270042195,1.0,False,-0.1646071257286746,0.005425202183932845
24,16,largo,dd_168 ~ sin roc_24,237,-0.16031562212773834,-0.001962759946792131,0.8602908895370632,0.9722902395362716,0.2109704641350211,1.0,False,-0.1646071257286746,0.005425202183932845
24,16,largo,dd_720 ~ sin roc_24,237,-0.1425931235226368,-0.0017395039669330448,0.8861938701022779,1.0043398498905436,0.24472573839662448,1.0,False,-0.1646071257286746,0.005425202183932845
24,16,largo,pos_168 ~ sin roc_24,237,-0.11474398777935205,-0.0015590840191389993,1.0163036560290057,1.0100151058697662,0.2489451476793249,1.0,False,-0.1646071257286746,0.005425202183932845
24,16,largo,desbal ~ sin roc_24,237,-0.17658468065950883,-0.0023558067139790766,0.9926001548180663,0.9729095244718187,0.16033755274261605,1.0,False,-0.1646071257286746,0.005425202183932845
24,16,largo,desbal_24 ~ sin roc_24,237,-0.1321052875113048,-0.0017090611355675364,0.984986622613323,0.981457178153683,0.19831223628691982,1.0,False,-0.1646071257286746,0.005425202183932845
24,16,largo,desbal_168 ~ sin roc_24,237,-0.13494429103235697,-0.0016438838166244931,0.9863203144708789,0.9903292971809663,0.23628691983122363,1.0,False,-0.1646071257286746,0.005425202183932845
24,16,largo,ticket_rel ~ sin roc_24,237,-0.1349821842196255,-0.001845544008649496,0.9949805248383489,0.9895637322064261,0.2320675105485232,1.0,False,-0.1646071257286746,0.005425202183932845
24,16,largo,turnover ~ sin roc_24,237,-0.13313446084029207,-0.0018450914420342628,1.0395281988648244,1.0149737524265607,0.24472573839662448,1.0,False,-0.1646071257286746,0.005425202183932845
24,16,largo,n_surge ~ sin roc_24,237,-0.14882596780407034,-0.0018167456279432237,1.0465801261645094,1.0165457766456156,0.24050632911392406,1.0,False,-0.1646071257286746,0.005425202183932845
24,16,largo,oi_chg_1h ~ sin roc_24,185,-0.18010408507304532,-0.002229679874445063,1.005991729676158,0.977157703765863,0.14054054054054055,1.0,False,-0.1646071257286746,0.005425202183932845
24,16,largo,oi_chg_4h ~ sin roc_24,185,-0.1702800259412366,-0.0020751226168845833,1.0001073066336275,0.9732163525251649,0.1945945945945946,1.0,False,-0.1646071257286746,0.005425202183932845
24,16,largo,oi_chg_24h ~ sin roc_24,185,-0.16509683081356205,-0.0021381859177127555,1.0096973520741148,0.9919704033780132,0.1945945945945946,1.0,False,-0.1646071257286746,0.005425202183932845
24,16,largo,oi_z ~ sin roc_24,182,-0.200135897206869,-0.0023082365910334405,0.9909517762827482,0.9708896280482494,0.14835164835164835,1.0,False,-0.1646071257286746,0.005425202183932845
24,16,largo,oi_rel_168 ~ sin roc_24,184,-0.14892677058090775,-0.0018876798235427966,1.0405108491786368,1.031819555900297,0.20108695652173914,1.0,False,-0.1646071257286746,0.005425202183932845
24,16,largo,tt_cuentas ~ sin roc_24,185,-0.2135284170650373,-0.002338963285088161,0.9410262828194964,0.979922028802561,0.12972972972972974,1.0,False,-0.1646071257286746,0.005425202183932845
24,16,largo,tt_cuentas_chg24 ~ sin roc_24,185,-0.15767940581030984,-0.0018353932238915156,1.0197316915979855,0.9937366167326378,0.2,1.0,False,-0.1646071257286746,0.005425202183932845
24,16,largo,tt_cuentas_pct ~ sin roc_24,184,-0.18331499744945598,-0.0021090216207683603,0.9883327762702734,0.9671390223312687,0.15760869565217392,1.0,False,-0.1646071257286746,0.005425202183932845
24,16,largo,tt_pos ~ sin roc_24,185,-0.216229946719539,-0.002582351881734636,0.9976651214142966,0.9794212007182067,0.11351351351351352,1.0,False,-0.1646071257286746,0.005425202183932845
24,16,largo,tt_pos_chg24 ~ sin roc_24,185,-0.14000125417832054,-0.0016052468276437047,1.0203754598294026,0.9838252413395995,0.21081081081081082,1.0,False,-0.1646071257286746,0.005425202183932845
24,16,largo,tt_pos_pct ~ sin roc_24,184,-0.17443656948339784,-0.002099122805618924,0.9988777256538428,0.9728493871611711,0.18478260869565216,1.0,False,-0.1646071257286746,0.005425202183932845
24,16,largo,ls_cuentas ~ sin roc_24,185,-0.2293007600258258,-0.0025586004646006954,0.9488008881526698,0.9790841718956178,0.11351351351351352,1.0,False,-0.1646071257286746,0.005425202183932845
24,16,largo,ls_cuentas_chg24 ~ sin roc_24,185,-0.18054623288453997,-0.002217021936446014,1.0237143487343254,0.9928408218318476,0.21621621621621623,1.0,False,-0.1646071257286746,0.005425202183932845
24,16,largo,ls_cuentas_pct ~ sin roc_24,184,-0.18588167353373458,-0.002133678770114761,0.9910981435556011,0.9678524733710163,0.20108695652173914,1.0,False,-0.1646071257286746,0.005425202183932845
24,16,largo,taker ~ sin roc_24,185,-0.14113243558803348,-0.0017835608595583206,1.0068131193571335,0.9795259492593438,0.22702702702702704,1.0,False,-0.1646071257286746,0.005425202183932845
24,16,largo,taker_chg24 ~ sin roc_24,185,-0.13474753196733866,-0.0016743616304572427,0.9997174425857472,0.9771258697734261,0.22162162162162163,1.0,False,-0.1646071257286746,0.005425202183932845
24,16,largo,taker_pct ~ sin roc_24,184,-0.14964897901973656,-0.001952301181638036,1.0019915837615134,0.974573263764591,0.1793478260869565,1.0,False,-0.1646071257286746,0.005425202183932845
24,16,largo,atr_24 [bajo],237,-0.1936485715047503,-0.0021483376256712866,0.7750703462288075,0.9159075373699078,0.17721518987341772,1.0,False,-0.1646071257286746,0.005425202183932845
24,16,largo,vol_24 [bajo],237,-0.1962142114295011,-0.0021983383862028126,0.7792070263679843,0.9140512159243894,0.18565400843881857,1.0,False,-0.1646071257286746,0.005425202183932845
24,16,largo,vol_168 [bajo],237,-0.20055684754923142,-0.0022537708976118663,0.7857471101208833,0.9452609192870387,0.14767932489451477,1.0,False,-0.1646071257286746,0.005425202183932845
24,16,largo,rango_168 [bajo],237,-0.19763203368749913,-0.0022708402874769855,0.8026074306827461,0.9404619426424357,0.16877637130801687,1.0,False,-0.1646071257286746,0.005425202183932845
24,16,largo,roc_24 [bajo],237,-0.13804151303702164,-0.0017150450230218092,1.0113061185528815,0.9555045583559368,0.27848101265822783,1.0,False,-0.1646071257286746,0.005425202183932845
24,16,largo,roc_72 [bajo],237,-0.17695070784011854,-0.0022527191273836074,0.9935045795590742,0.9341276221922499,0.25316455696202533,1.0,False,-0.1646071257286746,0.005425202183932845
24,16,largo,roc_168 [bajo],237,-0.18282326905256546,-0.0023740922253344555,0.9930877571710626,0.9304966986375236,0.20675105485232068,1.0,False,-0.1646071257286746,0.005425202183932845
24,16,largo,roc_720 [bajo],237,-0.18599515601877178,-0.002236018999526559,0.9956878929550399,0.9636451762216736,0.189873417721519,1.0,False,-0.1646071257286746,0.005425202183932845
24,16,largo,compresion [bajo],237,-0.153588370410669,-0.0019042191813062209,0.9412067707191145,0.9042736893343858,0.20253164556962025,1.0,False,-0.1646071257286746,0.005425202183932845
24,16,largo,dd_168 [bajo],237,-0.15356379588344493,-0.001976331547806173,1.1511400107105711,0.9754685967892038,0.2320675105485232,1.0,False,-0.1646071257286746,0.005425202183932845
24,16,largo,dd_720 [bajo],237,-0.16698689515553322,-0.0021115097870681413,1.1157154751679224,0.9488952027258912,0.2320675105485232,1.0,False,-0.1646071257286746,0.005425202183932845
24,16,largo,pos_168 [bajo],237,-0.19415771015556582,-0.002470043049519297,1.0097184900261742,0.9386773389787327,0.15611814345991562,1.0,False,-0.1646071257286746,0.005425202183932845
24,16,largo,desbal [bajo],237,-0.12650047383814436,-0.0015691210633509381,1.0027896988830172,0.9775208812037606,0.26582278481012656,1.0,False,-0.1646071257286746,0.005425202183932845
24,16,largo,desbal_24 [bajo],237,-0.17964391177377037,-0.0022434612106631037,0.9990709326967796,0.9638172656200323,0.16455696202531644,1.0,False,-0.1646071257286746,0.005425202183932845
24,16,largo,desbal_168 [bajo],237,-0.19676298569565193,-0.0024495848490112006,0.9977038574324657,0.9629072798114592,0.14345991561181434,1.0,False,-0.1646071257286746,0.005425202183932845
24,16,largo,ticket_rel [bajo],237,-0.18720364435608625,-0.0022096846892114843,1.0048492007587164,0.96602948826065,0.1729957805907173,1.0,False,-0.1646071257286746,0.005425202183932845
24,16,largo,turnover [bajo],237,-0.19304496010204272,-0.0023804968678417513,0.9753298305059954,0.9315449604110837,0.16033755274261605,1.0,False,-0.1646071257286746,0.005425202183932845
24,16,largo,n_surge [bajo],237,-0.17731733832120936,-0.0021445297684259826,0.9651912829977362,0.9300095757981813,0.1940928270042194,1.0,False,-0.1646071257286746,0.005425202183932845
24,16,largo,oi_chg_1h [bajo],185,-0.1383152293659249,-0.0015939392396088167,1.0440184602928897,0.9970179552077078,0.2648648648648649,1.0,False,-0.1646071257286746,0.005425202183932845
24,16,largo,oi_chg_4h [bajo],185,-0.13445034660126173,-0.0017632882735264734,1.0503119569942352,0.9966952511686287,0.22162162162162163,1.0,False,-0.1646071257286746,0.005425202183932845
24,16,largo,oi_chg_24h [bajo],185,-0.11986592519363802,-0.0014990992068953162,1.0193701794165242,0.966247660811145,0.3081081081081081,1.0,False,-0.1646071257286746,0.005425202183932845
24,16,largo,oi_z [bajo],182,-0.14539548690448037,-0.0019290771479042084,1.0279660363710545,0.9967464138649912,0.21978021978021978,1.0,False,-0.1646071257286746,0.005425202183932845
24,16,largo,oi_rel_168 [bajo],184,-0.15737226936312976,-0.002015799633881825,1.008072583438983,0.9302044497141966,0.23369565217391305,1.0,False,-0.1646071257286746,0.005425202183932845
24,16,largo,tt_cuentas [bajo],185,-0.08698692709885188,-0.0013670544955798427,1.0891809194995583,0.9869920602613962,0.35135135135135137,1.0,False,-0.1646071257286746,0.005425202183932845
24,16,largo,tt_cuentas_chg24 [bajo],185,-0.1864206788913157,-0.0022553371351279362,1.0144885585144454,0.9966634942608452,0.1891891891891892,1.0,False,-0.1646071257286746,0.005425202183932845
24,16,largo,tt_cuentas_pct [bajo],184,-0.16400550150593102,-0.0021129037505804335,1.0273941157581923,1.0065286920074796,0.20652173913043478,1.0,False,-0.1646071257286746,0.005425202183932845
24,16,largo,tt_pos [bajo],185,-0.08860569132500792,-0.001103215749380488,0.9906182016055405,0.9856432520827019,0.2972972972972973,1.0,False,-0.1646071257286746,0.005425202183932845
24,16,largo,tt_pos_chg24 [bajo],185,-0.19097041130532802,-0.0023072356864445483,1.018709845386535,0.9930944040117308,0.16756756756756758,1.0,False,-0.1646071257286746,0.005425202183932845
24,16,largo,tt_pos_pct [bajo],184,-0.13403590831010262,-0.0017205049703375012,1.0135723704002886,0.9932983059068042,0.20652173913043478,1.0,False,-0.1646071257286746,0.005425202183932845
24,16,largo,ls_cuentas [bajo],185,-0.10293877290924677,-0.0014459999924565513,1.0740848728789016,0.9874911682361514,0.33513513513513515,1.0,False,-0.1646071257286746,0.005425202183932845
24,16,largo,ls_cuentas_chg24 [bajo],185,-0.18255110685163867,-0.002163547434558172,1.0150080488503366,0.997593971053933,0.2,1.0,False,-0.1646071257286746,0.005425202183932845
24,16,largo,ls_cuentas_pct [bajo],184,-0.14983847229418862,-0.0017989522358027408,1.0226156351103928,1.0066613550301766,0.20108695652173914,1.0,False,-0.1646071257286746,0.005425202183932845
24,16,largo,taker [bajo],185,-0.16981071053856966,-0.0020457034471534933,0.9982736280633123,0.9777877768618087,0.16216216216216217,1.0,False,-0.1646071257286746,0.005425202183932845
24,16,largo,taker_chg24 [bajo],185,-0.16472289354056377,-0.002019384505328048,1.004648102063219,0.9807757517007126,0.16756756756756758,1.0,False,-0.1646071257286746,0.005425202183932845
24,16,largo,taker_pct [bajo],184,-0.1891620632555886,-0.002237875623658357,1.0055769940348882,0.9782001431277749,0.1358695652173913,1.0,False,-0.1646071257286746,0.005425202183932845
24,16,largo,atr_24 ~ sin roc_24 [bajo],237,-0.18930057368971584,-0.0021440183242039997,0.7872889943747666,0.9275379312399856,0.15611814345991562,1.0,False,-0.1646071257286746,0.005425202183932845
24,16,largo,vol_24 ~ sin roc_24 [bajo],237,-0.18930584813960213,-0.002178694193760705,0.7986840234389682,0.926648914031676,0.17721518987341772,1.0,False,-0.1646071257286746,0.005425202183932845
24,16,largo,vol_168 ~ sin roc_24 [bajo],237,-0.18840777150440302,-0.002140534217349832,0.800133021768621,0.9531237202214664,0.1729957805907173,1.0,False,-0.1646071257286746,0.005425202183932845
24,16,largo,rango_168 ~ sin roc_24 [bajo],237,-0.17771325512283775,-0.002118811790632523,0.8239985812548924,0.9473835598749303,0.18565400843881857,1.0,False,-0.1646071257286746,0.005425202183932845
24,16,largo,roc_72 ~ sin roc_24 [bajo],237,-0.1475496874129999,-0.001891913151286745,1.0029038962034962,0.9509689597167739,0.24050632911392406,1.0,False,-0.1646071257286746,0.005425202183932845
24,16,largo,roc_168 ~ sin roc_24 [bajo],237,-0.17436057651250064,-0.0023451640033271617,0.9986446863584554,0.9428806446816875,0.18565400843881857,1.0,False,-0.1646071257286746,0.005425202183932845
24,16,largo,roc_720 ~ sin roc_24 [bajo],237,-0.16092771086852098,-0.0019398414630581063,0.9985846335153021,0.9716642357123522,0.1940928270042194,1.0,False,-0.1646071257286746,0.005425202183932845
24,16,largo,compresion ~ sin roc_24 [bajo],237,-0.16109812100596607,-0.002039719590530918,0.953606907802623,0.9148295874328387,0.18565400843881857,1.0,False,-0.1646071257286746,0.005425202183932845
24,16,largo,dd_168 ~ sin roc_24 [bajo],237,-0.16315939574117905,-0.0020931985358326652,1.1638815960148121,0.9892489642279911,0.20675105485232068,1.0,False,-0.1646071257286746,0.005425202183932845
24,16,largo,dd_720 ~ sin roc_24 [bajo],237,-0.16662962507740778,-0.0020312898243456724,1.11470336845258,0.9555611508166897,0.189873417721519,1.0,False,-0.1646071257286746,0.005425202183932845
24,16,largo,pos_168 ~ sin roc_24 [bajo],237,-0.18595561973371663,-0.0023233545927502787,1.0131907564746765,0.9519494702583431,0.15611814345991562,1.0,False,-0.1646071257286746,0.005425202183932845
24,16,largo,desbal ~ sin roc_24 [bajo],237,-0.14642942487634583,-0.0018000698302460968,1.0071787744348948,0.9815875941285055,0.24472573839662448,1.0,False,-0.1646071257286746,0.005425202183932845
24,16,largo,desbal_24 ~ sin roc_24 [bajo],237,-0.17929348618321853,-0.0022125833843735098,1.003287990487325,0.9710843232514386,0.16877637130801687,1.0,False,-0.1646071257286746,0.005425202183932845
24,16,largo,desbal_168 ~ sin roc_24 [bajo],237,-0.18613119415478,-0.002281226645239931,0.9969881443225601,0.9662733374801653,0.1350210970464135,1.0,False,-0.1646071257286746,0.005425202183932845
24,16,largo,ticket_rel ~ sin roc_24 [bajo],237,-0.1825059772129529,-0.0021611643052241464,1.0055588273645628,0.9701760857487389,0.16033755274261605,1.0,False,-0.1646071257286746,0.005425202183932845
24,16,largo,turnover ~ sin roc_24 [bajo],237,-0.1824740038817838,-0.002163569173036439,0.9988657257032563,0.9577711971671001,0.18565400843881857,1.0,False,-0.1646071257286746,0.005425202183932845
24,16,largo,n_surge ~ sin roc_24 [bajo],237,-0.16438714597864182,-0.002083610464550959,0.9922189150811123,0.9549048310329339,0.18565400843881857,1.0,False,-0.1646071257286746,0.005425202183932845
24,16,largo,oi_chg_1h ~ sin roc_24 [bajo],185,-0.13417591125084863,-0.0015187734847241362,1.0480064193159286,1.0029346184672012,0.24324324324324326,1.0,False,-0.1646071257286746,0.005425202183932845
24,16,largo,oi_chg_4h ~ sin roc_24 [bajo],185,-0.13680744181487423,-0.0018150492820970356,1.0548805551550444,1.0054571983840186,0.20540540540540542,1.0,False,-0.1646071257286746,0.005425202183932845
24,16,largo,oi_chg_24h ~ sin roc_24 [bajo],185,-0.14258779543275624,-0.001678343489069137,1.0369270115506508,0.9893895233370733,0.21081081081081082,1.0,False,-0.1646071257286746,0.005425202183932845
24,16,largo,oi_z ~ sin roc_24 [bajo],182,-0.1490218816761471,-0.001935547797136119,1.0313873967662368,1.0011986515798021,0.24175824175824176,1.0,False,-0.1646071257286746,0.005425202183932845
24,16,largo,oi_rel_168 ~ sin roc_24 [bajo],184,-0.16172824684234396,-0.0019508685629951426,1.0171678578609922,0.9472497273819763,0.20108695652173914,1.0,False,-0.1646071257286746,0.005425202183932845
24,16,largo,tt_cuentas ~ sin roc_24 [bajo],185,-0.08524135328146666,-0.0013821380561123316,1.0747018683484473,0.9785962207144171,0.35135135135135137,1.0,False,-0.1646071257286746,0.005425202183932845
24,16,largo,tt_cuentas_chg24 ~ sin roc_24 [bajo],185,-0.1601561849145721,-0.001940457723061724,0.9947628955349754,0.9804232240012695,0.1783783783783784,1.0,False,-0.1646071257286746,0.005425202183932845
24,16,largo,tt_cuentas_pct ~ sin roc_24 [bajo],184,-0.13655206161431147,-0.0017701584753671287,1.0071607709054722,0.9914514016793933,0.1956521739130435,1.0,False,-0.1646071257286746,0.005425202183932845
24,16,largo,tt_pos ~ sin roc_24 [bajo],185,-0.1176385698198685,-0.0014840479685761508,0.986980218191397,0.9814455239743602,0.2810810810810811,1.0,False,-0.1646071257286746,0.005425202183932845
24,16,largo,tt_pos_chg24 ~ sin roc_24 [bajo],185,-0.1961787193405231,-0.002416108101784601,1.0101099938020617,0.9860368582191658,0.12432432432432433,1.0,False,-0.1646071257286746,0.005425202183932845
24,16,largo,tt_pos_pct ~ sin roc_24 [bajo],184,-0.1418334431480592,-0.0018313050182654433,1.0078077058074413,0.9886428784473071,0.1793478260869565,1.0,False,-0.1646071257286746,0.005425202183932845
24,16,largo,ls_cuentas ~ sin roc_24 [bajo],185,-0.09451098937213957,-0.00139072964060896,1.0598780413439046,0.9794817363270156,0.33513513513513515,1.0,False,-0.1646071257286746,0.005425202183932845
24,16,largo,ls_cuentas_chg24 ~ sin roc_24 [bajo],185,-0.1658194462208526,-0.0019464366216407473,0.9939385953246592,0.9802739315286262,0.21621621621621623,1.0,False,-0.1646071257286746,0.005425202183932845
24,16,largo,ls_cuentas_pct ~ sin roc_24 [bajo],184,-0.13787588544665466,-0.0016794996520374235,1.0041035612074538,0.9914182304066836,0.20108695652173914,1.0,False,-0.1646071257286746,0.005425202183932845
24,16,largo,taker ~ sin roc_24 [bajo],185,-0.17717873698447364,-0.0021187661299293795,0.9931941508437645,0.9765906145642127,0.12432432432432433,1.0,False,-0.1646071257286746,0.005425202183932845
24,16,largo,taker_chg24 ~ sin roc_24 [bajo],185,-0.1773181647788019,-0.0021804384064111103,1.0039619264638941,0.9814772398980143,0.1783783783783784,1.0,False,-0.1646071257286746,0.005425202183932845
24,16,largo,taker_pct ~ sin roc_24 [bajo],184,-0.172396784122661,-0.0021081806666999035,1.003192080021956,0.977743395468986,0.16304347826086957,1.0,False,-0.1646071257286746,0.005425202183932845
24,16,largo,CONTROL azar 1,237,-0.1646071257286746,-0.002033649124010043,1.0044962475829273,0.9778322233284665,0.17721518987341772,1.0,False,-0.1646071257286746,0.005425202183932845
24,16,largo,CONTROL azar 2,237,-0.16606411192284234,-0.001966424352639629,1.0047240049412958,0.9792808298688067,0.1940928270042194,1.0,False,-0.1646071257286746,0.005425202183932845
24,16,largo,CONTROL azar 3,237,-0.1560239943900248,-0.0018863552714543765,1.0022138230131583,0.98065408927383,0.2489451476793249,1.0,False,-0.1646071257286746,0.005425202183932845
24,16,corto,atr_24,237,-0.15410413408042264,-0.002476378834562629,1.3180481245533775,1.067568102216655,0.2616033755274262,1.0,False,-0.15618424205015877,0.006105799686917653
24,16,corto,vol_24,237,-0.15186801192422722,-0.0023583132212364574,1.309544666083827,1.0705716912135568,0.2616033755274262,1.0,False,-0.15618424205015877,0.006105799686917653
24,16,corto,vol_168,237,-0.15757127223269754,-0.0025855478094002865,1.2930596868141129,1.0218156264389249,0.20253164556962025,1.0,False,-0.15618424205015877,0.006105799686917653
24,16,corto,rango_168,237,-0.16244562304446603,-0.0026227743944922544,1.2599116431424262,1.027222587336171,0.20675105485232068,1.0,False,-0.15618424205015877,0.006105799686917653
24,16,corto,roc_24,237,-0.15624590394016563,-0.0019373652407962474,1.046713428743505,1.022386850190306,0.24050632911392406,1.0,False,-0.15618424205015877,0.006105799686917653
24,16,corto,roc_72,237,-0.18997909306261346,-0.0023430965266399524,1.0743614797379355,1.0489688507064447,0.23628691983122363,1.0,False,-0.15618424205015877,0.006105799686917653
24,16,corto,roc_168,237,-0.20522916456739784,-0.0026927785180558632,1.078987623705052,1.048537808100518,0.22784810126582278,1.0,False,-0.15618424205015877,0.006105799686917653
24,16,corto,roc_720,237,-0.18046549159615077,-0.0022287886713538477,1.0717229056323545,0.9985759216969199,0.22784810126582278,1.0,False,-0.15618424205015877,0.006105799686917653
24,16,corto,compresion,237,-0.17181410010054554,-0.002172329420056,1.1110398816338587,1.0776125570795143,0.2320675105485232,1.0,False,-0.15618424205015877,0.006105799686917653
24,16,corto,dd_168,237,-0.2000854225060425,-0.0019386440131691732,0.8649785827860161,0.9881789192812862,0.189873417721519,1.0,False,-0.15618424205015877,0.006105799686917653
24,16,corto,dd_720,237,-0.23354191433714516,-0.002286563821815069,0.8847725104739619,1.015190678273831,0.14345991561181434,1.0,False,-0.15618424205015877,0.006105799686917653
24,16,corto,pos_168,237,-0.2100213463977823,-0.0024230307943632835,1.026023570807601,1.027336643878656,0.17721518987341772,1.0,False,-0.15618424205015877,0.006105799686917653
24,16,corto,desbal,237,-0.14390689876602733,-0.0016121307636515652,0.9985462711766527,0.9786365515821918,0.24050632911392406,1.0,False,-0.15618424205015877,0.006105799686917653
24,16,corto,desbal_24,237,-0.19218983625766606,-0.0023065741631957152,0.9921025054960687,0.9901073866589978,0.16455696202531644,1.0,False,-0.15618424205015877,0.006105799686917653
24,16,corto,desbal_168,237,-0.1918289068711584,-0.0023627615178053595,0.9861264207993863,0.993695914308736,0.15611814345991562,1.0,False,-0.15618424205015877,0.006105799686917653
24,16,corto,ticket_rel,237,-0.1843380715757352,-0.0020947396146555135,0.9975232664849908,0.9937366167326378,0.15611814345991562,1.0,False,-0.15618424205015877,0.006105799686917653
24,16,corto,turnover,237,-0.1874445410466258,-0.002159673394163119,1.0605791154249258,1.039071178098605,0.20675105485232068,1.0,False,-0.15618424205015877,0.006105799686917653
24,16,corto,n_surge,237,-0.18003624681026245,-0.0021848605536416215,1.0735198537391888,1.0442538096545841,0.18143459915611815,1.0,False,-0.15618424205015877,0.006105799686917653
24,16,corto,oi_chg_1h,185,-0.1477107718565905,-0.0016538552646107832,1.0125744778793397,0.9821577955877037,0.21081081081081082,1.0,False,-0.15618424205015877,0.006105799686917653
24,16,corto,oi_chg_4h,185,-0.16332345373697693,-0.0020652934241278775,1.0054144679938595,0.981866098206938,0.21621621621621623,1.0,False,-0.15618424205015877,0.006105799686917653
24,16,corto,oi_chg_24h,185,-0.17160313544710135,-0.0019904466338234355,1.036905541101001,1.0190145866977964,0.23243243243243245,1.0,False,-0.15618424205015877,0.006105799686917653
24,16,corto,oi_z,182,-0.13631960142925462,-0.0017292441799902148,0.9937371224711509,0.9752572222851383,0.21978021978021978,1.0,False,-0.15618424205015877,0.006105799686917653
24,16,corto,oi_rel_168,184,-0.19530268988140512,-0.0022746441058250446,1.0592661492280657,1.0513195685129473,0.20108695652173914,1.0,False,-0.15618424205015877,0.006105799686917653
24,16,corto,tt_cuentas,185,-0.1210608406063998,-0.001445444221313867,0.9386282404817832,0.9750920172453335,0.2810810810810811,1.0,False,-0.15618424205015877,0.006105799686917653
24,16,corto,tt_cuentas_chg24,185,-0.17746208582759035,-0.0022732067812766205,1.0024182091033382,0.9801220855985386,0.16756756756756758,1.0,False,-0.15618424205015877,0.006105799686917653
24,16,corto,tt_cuentas_pct,184,-0.14653570779836111,-0.0019101794038394557,0.9855145029556064,0.9588190695655047,0.21195652173913043,1.0,False,-0.15618424205015877,0.006105799686917653
24,16,corto,tt_pos,185,-0.1185227449329439,-0.0015136378704003336,0.9983044715433211,0.9771987698341204,0.25405405405405407,1.0,False,-0.15618424205015877,0.006105799686917653
24,16,corto,tt_pos_chg24,185,-0.17622097649966753,-0.002322159627117569,1.01678383659972,0.9790688026147703,0.16216216216216217,1.0,False,-0.15618424205015877,0.006105799686917653
24,16,corto,tt_pos_pct,184,-0.14691806110590475,-0.001835368054483168,0.9995008880943119,0.971874674758878,0.19021739130434784,1.0,False,-0.15618424205015877,0.006105799686917653
24,16,corto,ls_cuentas,185,-0.13167681114132446,-0.0015790580382326854,0.9462529125195739,0.9732523529182806,0.2594594594594595,1.0,False,-0.15618424205015877,0.006105799686917653
24,16,corto,ls_cuentas_chg24,185,-0.17848446220366226,-0.002171458277888683,1.0066560553610937,0.9810385764994491,0.1945945945945946,1.0,False,-0.15618424205015877,0.006105799686917653
24,16,corto,ls_cuentas_pct,184,-0.15512121565641954,-0.0019450729817038505,0.9890924802915386,0.9616848131475525,0.19021739130434784,1.0,False,-0.15618424205015877,0.006105799686917653
24,16,corto,taker,185,-0.189296293714592,-0.00225759036307602,1.0009517966501704,0.9782451376553619,0.15675675675675677,1.0,False,-0.15618424205015877,0.006105799686917653
24,16,corto,taker_chg24,185,-0.16848175812970245,-0.0020605163099823047,0.999951169641887,0.9781414169943456,0.15135135135135136,1.0,False,-0.15618424205015877,0.006105799686917653
24,16,corto,taker_pct,184,-0.18715943665070442,-0.00223744011759908,1.0043360910366874,0.9769536957603926,0.16304347826086957,1.0,False,-0.15618424205015877,0.006105799686917653
24,16,corto,atr_24 ~ sin roc_24,237,-0.1472201405679534,-0.002349313650615773,1.2858725706671432,1.0501181913581719,0.25738396624472576,1.0,False,-0.15618424205015877,0.006105799686917653
24,16,corto,vol_24 ~ sin roc_24,237,-0.1487418183043551,-0.002303885444578533,1.2699163581566877,1.0490499106098172,0.24050632911392406,1.0,False,-0.15618424205015877,0.006105799686917653
24,16,corto,vol_168 ~ sin roc_24,237,-0.14985806269530857,-0.0023758417886169145,1.2560265493958451,1.0119035348641874,0.24050632911392406,1.0,False,-0.15618424205015877,0.006105799686917653
24,16,corto,rango_168 ~ sin roc_24,237,-0.1487274086820772,-0.0022991142215093795,1.2289758287844914,1.0192836126093967,0.25316455696202533,1.0,False,-0.15618424205015877,0.006105799686917653
24,16,corto,roc_72 ~ sin roc_24,237,-0.17325620095917682,-0.0021084744379096534,1.0498423038972697,1.0251541022218356,0.22784810126582278,1.0,False,-0.15618424205015877,0.006105799686917653
24,16,corto,roc_168 ~ sin roc_24,237,-0.19816899374338323,-0.0025934229270354577,1.0592268314512159,1.0297319137893948,0.20675105485232068,1.0,False,-0.15618424205015877,0.006105799686917653
24,16,corto,roc_720 ~ sin roc_24,237,-0.16514007935880903,-0.002073073757352495,1.0645103907408169,0.9923344895873969,0.22784810126582278,1.0,False,-0.15618424205015877,0.006105799686917653
24,16,corto,compresion ~ sin roc_24,237,-0.16766794293138546,-0.0020802581684295483,1.086251187931542,1.0596121641151952,0.2109704641350211,1.0,False,-0.15618424205015877,0.006105799686917653
24,16,corto,dd_168 ~ sin roc_24,237,-0.21327200761991688,-0.0020372400532078705,0.8602908895370632,0.9722902395362716,0.16455696202531644,1.0,False,-0.15618424205015877,0.006105799686917653
24,16,corto,dd_720 ~ sin roc_24,237,-0.2303331295760113,-0.002260496033066957,0.8861938701022779,1.0043398498905436,0.1518987341772152,1.0,False,-0.15618424205015877,0.006105799686917653
24,16,corto,pos_168 ~ sin roc_24,237,-0.21594365463757742,-0.0024409159808610023,1.0163036560290057,1.0100151058697662,0.16033755274261605,1.0,False,-0.15618424205015877,0.006105799686917653
24,16,corto,desbal ~ sin roc_24,237,-0.14628251854651064,-0.0016441932860209254,0.9926001548180663,0.9729095244718187,0.20675105485232068,1.0,False,-0.15618424205015877,0.006105799686917653
24,16,corto,desbal_24 ~ sin roc_24,237,-0.19609125727004592,-0.002290938864432466,0.984986622613323,0.981457178153683,0.10126582278481013,1.0,False,-0.15618424205015877,0.006105799686917653
24,16,corto,desbal_168 ~ sin roc_24,237,-0.1952515999863224,-0.0023561161833755098,0.9863203144708789,0.9903292971809663,0.14767932489451477,1.0,False,-0.15618424205015877,0.006105799686917653
24,16,corto,ticket_rel ~ sin roc_24,237,-0.19278175533048666,-0.002154455991350506,0.9949805248383489,0.9895637322064261,0.13924050632911392,1.0,False,-0.15618424205015877,0.006105799686917653
24,16,corto,turnover ~ sin roc_24,237,-0.18921475762174883,-0.0021549085579657392,1.0395281988648244,1.0149737524265607,0.19831223628691982,1.0,False,-0.15618424205015877,0.006105799686917653
24,16,corto,n_surge ~ sin roc_24,237,-0.17208624358751376,-0.002183254372056779,1.0465801261645094,1.0165457766456156,0.22784810126582278,1.0,False,-0.15618424205015877,0.006105799686917653
24,16,corto,oi_chg_1h ~ sin roc_24,185,-0.14668989921045228,-0.0017703201255549394,1.005991729676158,0.977157703765863,0.2648648648648649,1.0,False,-0.15618424205015877,0.006105799686917653
24,16,corto,oi_chg_4h ~ sin roc_24,185,-0.15790880431530727,-0.0019248773831154185,1.0001073066336275,0.9732163525251649,0.2,1.0,False,-0.15618424205015877,0.006105799686917653
24,16,corto,oi_chg_24h ~ sin roc_24,185,-0.16346713888907496,-0.0018618140822872465,1.0096973520741148,0.9919704033780132,0.22702702702702704,1.0,False,-0.15618424205015877,0.006105799686917653
24,16,corto,oi_z ~ sin roc_24,182,-0.129063430284135,-0.001691763408966562,0.9909517762827482,0.9708896280482494,0.25824175824175827,1.0,False,-0.15618424205015877,0.006105799686917653
24,16,corto,oi_rel_168 ~ sin roc_24,184,-0.18467218854578088,-0.002112320176457205,1.0405108491786368,1.031819555900297,0.18478260869565216,1.0,False,-0.15618424205015877,0.006105799686917653
24,16,corto,tt_cuentas ~ sin roc_24,185,-0.13477966593539864,-0.0016610367149118412,0.9410262828194964,0.979922028802561,0.2810810810810811,1.0,False,-0.15618424205015877,0.006105799686917653
24,16,corto,tt_cuentas_chg24 ~ sin roc_24,185,-0.1690832465861482,-0.002164606776108487,1.0197316915979855,0.9937366167326378,0.2,1.0,False,-0.15618424205015877,0.006105799686917653
24,16,corto,tt_cuentas_pct ~ sin roc_24,184,-0.14382550459193588,-0.001890978379231642,0.9883327762702734,0.9671390223312687,0.21195652173913043,1.0,False,-0.15618424205015877,0.006105799686917653
24,16,corto,tt_pos ~ sin roc_24,185,-0.113342448043107,-0.0014176481182653666,0.9976651214142966,0.9794212007182067,0.2648648648648649,1.0,False,-0.15618424205015877,0.006105799686917653
24,16,corto,tt_pos_chg24 ~ sin roc_24,185,-0.1838640967346553,-0.0023947531723562975,1.0203754598294026,0.9838252413395995,0.1945945945945946,1.0,False,-0.15618424205015877,0.006105799686917653
24,16,corto,tt_pos_pct ~ sin roc_24,184,-0.1519133840681682,-0.0019008771943810783,0.9988777256538428,0.9728493871611711,0.16304347826086957,1.0,False,-0.15618424205015877,0.006105799686917653
24,16,corto,ls_cuentas ~ sin roc_24,185,-0.11574355930326924,-0.0014413995353993068,0.9488008881526698,0.9790841718956178,0.2702702702702703,1.0,False,-0.15618424205015877,0.006105799686917653
24,16,corto,ls_cuentas_chg24 ~ sin roc_24,185,-0.14572848525174323,-0.0017829780635539884,1.0237143487343254,0.9928408218318476,0.1891891891891892,1.0,False,-0.15618424205015877,0.006105799686917653
24,16,corto,ls_cuentas_pct ~ sin roc_24,184,-0.1410674065520297,-0.0018663212298852413,0.9910981435556011,0.9678524733710163,0.23369565217391305,1.0,False,-0.15618424205015877,0.006105799686917653
24,16,corto,taker ~ sin roc_24,185,-0.18537639778286752,-0.002216439140441682,1.0068131193571335,0.9795259492593438,0.14054054054054055,1.0,False,-0.15618424205015877,0.006105799686917653
24,16,corto,taker_chg24 ~ sin roc_24,185,-0.19260903066334356,-0.0023256383695427598,0.9997174425857472,0.9771258697734261,0.1783783783783784,1.0,False,-0.15618424205015877,0.006105799686917653
24,16,corto,taker_pct ~ sin roc_24,184,-0.176532980870693,-0.0020476988183619664,1.0019915837615134,0.974573263764591,0.125,1.0,False,-0.15618424205015877,0.006105799686917653
24,16,corto,atr_24 [bajo],237,-0.20710702106714146,-0.0018516623743287154,0.7750703462288075,0.9159075373699078,0.13924050632911392,1.0,False,-0.15618424205015877,0.006105799686917653
24,16,corto,vol_24 [bajo],237,-0.1981433261885094,-0.0018016616137971895,0.7792070263679843,0.9140512159243894,0.15611814345991562,1.0,False,-0.15618424205015877,0.006105799686917653
24,16,corto,vol_168 [bajo],237,-0.20180765018766564,-0.0017462291023881353,0.7857471101208833,0.9452609192870387,0.16455696202531644,1.0,False,-0.15618424205015877,0.006105799686917653
24,16,corto,rango_168 [bajo],237,-0.19302374590161647,-0.0017291597125230161,0.8026074306827461,0.9404619426424357,0.16877637130801687,1.0,False,-0.15618424205015877,0.006105799686917653
24,16,corto,roc_24 [bajo],237,-0.1764239431581663,-0.002284954976978192,1.0113061185528815,0.9555045583559368,0.1940928270042194,1.0,False,-0.15618424205015877,0.006105799686917653
24,16,corto,roc_72 [bajo],237,-0.13612772727232933,-0.0017472808726163949,0.9935045795590742,0.9341276221922499,0.270042194092827,1.0,False,-0.15618424205015877,0.006105799686917653
24,16,corto,roc_168 [bajo],237,-0.12952677708739938,-0.0016259077746655472,0.9930877571710626,0.9304966986375236,0.2320675105485232,1.0,False,-0.15618424205015877,0.006105799686917653
24,16,corto,roc_720 [bajo],237,-0.13450892334137493,-0.001763981000473443,0.9956878929550399,0.9636451762216736,0.22784810126582278,1.0,False,-0.15618424205015877,0.006105799686917653
24,16,corto,compresion [bajo],237,-0.16634948032729638,-0.0020957808186937814,0.9412067707191145,0.9042736893343858,0.15611814345991562,1.0,False,-0.15618424205015877,0.006105799686917653
24,16,corto,dd_168 [bajo],237,-0.12525859267991774,-0.0020236684521938294,1.1511400107105711,0.9754685967892038,0.22784810126582278,1.0,False,-0.15618424205015877,0.006105799686917653
24,16,corto,dd_720 [bajo],237,-0.11419230829141482,-0.0018884902129318619,1.1157154751679224,0.9488952027258912,0.25316455696202533,1.0,False,-0.15618424205015877,0.006105799686917653
24,16,corto,pos_168 [bajo],237,-0.11462116502731706,-0.0015299569504807055,1.0097184900261742,0.9386773389787327,0.22784810126582278,1.0,False,-0.15618424205015877,0.006105799686917653
24,16,corto,desbal [bajo],237,-0.19419017368147898,-0.002430878936649064,1.0027896988830172,0.9775208812037606,0.15611814345991562,1.0,False,-0.15618424205015877,0.006105799686917653
24,16,corto,desbal_24 [bajo],237,-0.13827295116496394,-0.0017565387893368983,0.9990709326967796,0.9638172656200323,0.2320675105485232,1.0,False,-0.15618424205015877,0.006105799686917653
24,16,corto,desbal_168 [bajo],237,-0.12149321743371731,-0.0015504151509888016,0.9977038574324657,0.9629072798114592,0.2616033755274262,1.0,False,-0.15618424205015877,0.006105799686917653
24,16,corto,ticket_rel [bajo],237,-0.12881060463380306,-0.0017903153107885182,1.0048492007587164,0.96602948826065,0.189873417721519,1.0,False,-0.15618424205015877,0.006105799686917653
24,16,corto,turnover [bajo],237,-0.12388337627771986,-0.0016195031321582507,0.9753298305059954,0.9315449604110837,0.20253164556962025,1.0,False,-0.15618424205015877,0.006105799686917653
24,16,corto,n_surge [bajo],237,-0.14182345715288816,-0.0018554702315740196,0.9651912829977362,0.9300095757981813,0.22784810126582278,1.0,False,-0.15618424205015877,0.006105799686917653
24,16,corto,oi_chg_1h [bajo],185,-0.1827480476773437,-0.0024060607603911864,1.0440184602928897,0.9970179552077078,0.1783783783783784,1.0,False,-0.15618424205015877,0.006105799686917653
24,16,corto,oi_chg_4h [bajo],185,-0.185731609245145,-0.0022367117264735286,1.0503119569942352,0.9966952511686287,0.15675675675675677,1.0,False,-0.15618424205015877,0.006105799686917653
24,16,corto,oi_chg_24h [bajo],185,-0.19897982916431353,-0.0025009007931046856,1.0193701794165242,0.966247660811145,0.15135135135135136,1.0,False,-0.15618424205015877,0.006105799686917653
24,16,corto,oi_z [bajo],182,-0.17906947985486876,-0.002070922852095794,1.0279660363710545,0.9967464138649912,0.1978021978021978,1.0,False,-0.15618424205015877,0.006105799686917653
24,16,corto,oi_rel_168 [bajo],184,-0.15431666613730433,-0.001984200366118177,1.008072583438983,0.9302044497141966,0.19021739130434784,1.0,False,-0.15618424205015877,0.006105799686917653
24,16,corto,tt_cuentas [bajo],185,-0.21858016949270695,-0.002632945504420159,1.0891809194995583,0.9869920602613962,0.16756756756756758,1.0,False,-0.15618424205015877,0.006105799686917653
24,16,corto,tt_cuentas_chg24 [bajo],185,-0.14362672097980855,-0.0017446628648720656,1.0144885585144454,0.9966634942608452,0.21621621621621623,1.0,False,-0.15618424205015877,0.006105799686917653
24,16,corto,tt_cuentas_pct [bajo],184,-0.16613639066191102,-0.001887096249419569,1.0273941157581923,1.0065286920074796,0.19021739130434784,1.0,False,-0.15618424205015877,0.006105799686917653
24,16,corto,tt_pos [bajo],185,-0.24287238487287732,-0.002896784250619514,0.9906182016055405,0.9856432520827019,0.10810810810810811,1.0,False,-0.15618424205015877,0.006105799686917653
24,16,corto,tt_pos_chg24 [bajo],185,-0.13590305802918096,-0.0016927643135554544,1.018709845386535,0.9930944040117308,0.23783783783783785,1.0,False,-0.15618424205015877,0.006105799686917653
24,16,corto,tt_pos_pct [bajo],184,-0.19350738819963698,-0.002279495029662501,1.0135723704002886,0.9932983059068042,0.1358695652173913,1.0,False,-0.15618424205015877,0.006105799686917653
24,16,corto,ls_cuentas [bajo],185,-0.20725924146405933,-0.0025540000075434505,1.0740848728789016,0.9874911682361514,0.1837837837837838,1.0,False,-0.15618424205015877,0.006105799686917653
24,16,corto,ls_cuentas_chg24 [bajo],185,-0.14769631965436392,-0.0018364525654418306,1.0150080488503366,0.997593971053933,0.24864864864864866,1.0,False,-0.15618424205015877,0.006105799686917653
24,16,corto,ls_cuentas_pct [bajo],184,-0.18100296810272506,-0.0022010477641972617,1.0226156351103928,1.0066613550301766,0.16847826086956522,1.0,False,-0.15618424205015877,0.006105799686917653
24,16,corto,taker [bajo],185,-0.1590537833202709,-0.0019542965528465085,0.9982736280633123,0.9777877768618087,0.15135135135135136,1.0,False,-0.15618424205015877,0.006105799686917653
24,16,corto,taker_chg24 [bajo],185,-0.1633077354832492,-0.001980615494671954,1.004648102063219,0.9807757517007126,0.20540540540540542,1.0,False,-0.15618424205015877,0.006105799686917653
24,16,corto,taker_pct [bajo],184,-0.13763440869575738,-0.001762124376341645,1.0055769940348882,0.9782001431277749,0.21739130434782608,1.0,False,-0.15618424205015877,0.006105799686917653
24,16,corto,atr_24 ~ sin roc_24 [bajo],237,-0.20501683074857527,-0.0018559816757960023,0.7872889943747666,0.9275379312399856,0.1308016877637131,1.0,False,-0.15618424205015877,0.006105799686917653
24,16,corto,vol_24 ~ sin roc_24 [bajo],237,-0.1973575145972044,-0.0018213058062392976,0.7986840234389682,0.926648914031676,0.17721518987341772,1.0,False,-0.15618424205015877,0.006105799686917653
24,16,corto,vol_168 ~ sin roc_24 [bajo],237,-0.20734580012506906,-0.0018594657826501702,0.800133021768621,0.9531237202214664,0.15611814345991562,1.0,False,-0.15618424205015877,0.006105799686917653
24,16,corto,rango_168 ~ sin roc_24 [bajo],237,-0.20444171212488652,-0.001881188209367479,0.8239985812548924,0.9473835598749303,0.13924050632911392,1.0,False,-0.15618424205015877,0.006105799686917653
24,16,corto,roc_72 ~ sin roc_24 [bajo],237,-0.1670309916656613,-0.0021080868487132576,1.0029038962034962,0.9509689597167739,0.20675105485232068,1.0,False,-0.15618424205015877,0.006105799686917653
24,16,corto,roc_168 ~ sin roc_24 [bajo],237,-0.14012598028776235,-0.0016548359966728392,0.9986446863584554,0.9428806446816875,0.25738396624472576,1.0,False,-0.15618424205015877,0.006105799686917653
24,16,corto,roc_720 ~ sin roc_24 [bajo],237,-0.1606679784253896,-0.002060158536941896,0.9985846335153021,0.9716642357123522,0.21940928270042195,1.0,False,-0.15618424205015877,0.006105799686917653
24,16,corto,compresion ~ sin roc_24 [bajo],237,-0.15782408336976073,-0.0019602804094690836,0.953606907802623,0.9148295874328387,0.18565400843881857,1.0,False,-0.15618424205015877,0.006105799686917653
24,16,corto,dd_168 ~ sin roc_24 [bajo],237,-0.11708885249681206,-0.0019068014641673361,1.1638815960148121,0.9892489642279911,0.27848101265822783,1.0,False,-0.15618424205015877,0.006105799686917653
24,16,corto,dd_720 ~ sin roc_24 [bajo],237,-0.11697172677819269,-0.0019687101756543303,1.11470336845258,0.9555611508166897,0.25738396624472576,1.0,False,-0.15618424205015877,0.006105799686917653
24,16,corto,pos_168 ~ sin roc_24 [bajo],237,-0.1255933160122155,-0.0016766454072497234,1.0131907564746765,0.9519494702583431,0.20253164556962025,1.0,False,-0.15618424205015877,0.006105799686917653
24,16,corto,desbal ~ sin roc_24 [bajo],237,-0.17416513774764755,-0.0021999301697539055,1.0071787744348948,0.9815875941285055,0.1940928270042194,1.0,False,-0.15618424205015877,0.006105799686917653
24,16,corto,desbal_24 ~ sin roc_24 [bajo],237,-0.13900356900333655,-0.0017874166156264923,1.003287990487325,0.9710843232514386,0.24050632911392406,1.0,False,-0.15618424205015877,0.006105799686917653
24,16,corto,desbal_168 ~ sin roc_24 [bajo],237,-0.13293907009274056,-0.0017187733547600714,0.9969881443225601,0.9662733374801653,0.24050632911392406,1.0,False,-0.15618424205015877,0.006105799686917653
24,16,corto,ticket_rel ~ sin roc_24 [bajo],237,-0.13476309430000627,-0.0018388356947758565,1.0055588273645628,0.9701760857487389,0.22784810126582278,1.0,False,-0.15618424205015877,0.006105799686917653
24,16,corto,turnover ~ sin roc_24 [bajo],237,-0.13423441960337887,-0.0018364308269635636,0.9988657257032563,0.9577711971671001,0.20675105485232068,1.0,False,-0.15618424205015877,0.006105799686917653
24,16,corto,n_surge ~ sin roc_24 [bajo],237,-0.15518730517256968,-0.001916389535449043,0.9922189150811123,0.9549048310329339,0.18565400843881857,1.0,False,-0.15618424205015877,0.006105799686917653
24,16,corto,oi_chg_1h ~ sin roc_24 [bajo],185,-0.18746646839419814,-0.002481226515275866,1.0480064193159286,1.0029346184672012,0.12432432432432433,1.0,False,-0.15618424205015877,0.006105799686917653
24,16,corto,oi_chg_4h ~ sin roc_24 [bajo],185,-0.18424744422315675,-0.002184950717902967,1.0548805551550444,1.0054571983840186,0.15675675675675677,1.0,False,-0.15618424205015877,0.006105799686917653
24,16,corto,oi_chg_24h ~ sin roc_24 [bajo],185,-0.1773827567410239,-0.0023216565109308654,1.0369270115506508,0.9893895233370733,0.1783783783783784,1.0,False,-0.15618424205015877,0.006105799686917653
24,16,corto,oi_z ~ sin roc_24 [bajo],182,-0.1757625922361359,-0.0020644522028638833,1.0313873967662368,1.0011986515798021,0.16483516483516483,1.0,False,-0.15618424205015877,0.006105799686917653
24,16,corto,oi_rel_168 ~ sin roc_24 [bajo],184,-0.15263279191106813,-0.00204913143700486,1.0171678578609922,0.9472497273819763,0.1956521739130435,1.0,False,-0.15618424205015877,0.006105799686917653
24,16,corto,tt_cuentas ~ sin roc_24 [bajo],185,-0.2216744328821205,-0.0026178619438876707,1.0747018683484473,0.9785962207144171,0.1783783783783784,1.0,False,-0.15618424205015877,0.006105799686917653
24,16,corto,tt_cuentas_chg24 ~ sin roc_24 [bajo],185,-0.17097641412131795,-0.002059542276938278,0.9947628955349754,0.9804232240012695,0.1783783783783784,1.0,False,-0.15618424205015877,0.006105799686917653
24,16,corto,tt_cuentas_pct ~ sin roc_24 [bajo],184,-0.19525814566336022,-0.0022298415246328734,1.0071607709054722,0.9914514016793933,0.15760869565217392,1.0,False,-0.15618424205015877,0.006105799686917653
24,16,corto,tt_pos ~ sin roc_24 [bajo],185,-0.21422026620377624,-0.0025159520314238515,0.986980218191397,0.9814455239743602,0.14054054054054055,1.0,False,-0.15618424205015877,0.006105799686917653
24,16,corto,tt_pos_chg24 ~ sin roc_24 [bajo],185,-0.13100245386588238,-0.0015838918982154018,1.0101099938020617,0.9860368582191658,0.24324324324324326,1.0,False,-0.15618424205015877,0.006105799686917653
24,16,corto,tt_pos_pct ~ sin roc_24 [bajo],184,-0.18605648514896406,-0.002168694981734559,1.0078077058074413,0.9886428784473071,0.16847826086956522,1.0,False,-0.15618424205015877,0.006105799686917653
24,16,corto,ls_cuentas ~ sin roc_24 [bajo],185,-0.21611156334329817,-0.0026092703593910416,1.0598780413439046,0.9794817363270156,0.16216216216216217,1.0,False,-0.15618424205015877,0.006105799686917653
24,16,corto,ls_cuentas_chg24 ~ sin roc_24 [bajo],185,-0.16601926988835064,-0.002053563378359255,0.9939385953246592,0.9802739315286262,0.22702702702702704,1.0,False,-0.15618424205015877,0.006105799686917653
24,16,corto,ls_cuentas_pct ~ sin roc_24 [bajo],184,-0.194491948796255,-0.0023205003479625785,1.0041035612074538,0.9914182304066836,0.14673913043478262,1.0,False,-0.15618424205015877,0.006105799686917653
24,16,corto,taker ~ sin roc_24 [bajo],185,-0.1528936731923814,-0.0018812338700706223,0.9931941508437645,0.9765906145642127,0.1837837837837838,1.0,False,-0.15618424205015877,0.006105799686917653
24,16,corto,taker_chg24 ~ sin roc_24 [bajo],185,-0.15092273055489827,-0.001819561593588892,1.0039619264638941,0.9814772398980143,0.20540540540540542,1.0,False,-0.15618424205015877,0.006105799686917653
24,16,corto,taker_pct ~ sin roc_24 [bajo],184,-0.1549983654363051,-0.0018918193333000988,1.003192080021956,0.977743395468986,0.17391304347826086,1.0,False,-0.15618424205015877,0.006105799686917653
24,16,corto,CONTROL azar 1,237,-0.15618424205015877,-0.0019663508759899585,1.0044962475829273,0.9778322233284665,0.14767932489451477,1.0,False,-0.15618424205015877,0.006105799686917653
24,16,corto,CONTROL azar 2,237,-0.15487602011721424,-0.0020335756473603733,1.0047240049412958,0.9792808298688067,0.21518987341772153,1.0,False,-0.15618424205015877,0.006105799686917653
24,16,corto,CONTROL azar 3,237,-0.1660448248966757,-0.0021136447285456253,1.0022138230131583,0.98065408927383,0.189873417721519,1.0,False,-0.15618424205015877,0.006105799686917653
72,3,largo,atr_24,251,0.3666178251146106,0.007744724688908591,2.0406977249478335,1.3230142566191447,0.4581673306772908,0.054,False,-0.10645192695570387,0.09307594112884485
72,3,largo,vol_24,251,0.27849833745683583,0.005957242097899563,1.9935393581516088,1.335836275945967,0.47808764940239046,0.098,False,-0.10645192695570387,0.09307594112884485
72,3,largo,vol_168,251,0.17066340982001058,0.003659189732588584,1.876505567739153,1.1407494339587163,0.46613545816733065,0.202,False,-0.10645192695570387,0.09307594112884485
72,3,largo,rango_168,251,0.21595607350843787,0.0040553839582615145,1.792668102002612,1.1783888827684454,0.47410358565737054,0.145,False,-0.10645192695570387,0.09307594112884485
72,3,largo,roc_24,251,-0.050289411994276695,-0.0009791839082522555,1.5316128297968499,1.2381992785126832,0.4262948207171315,1.0,False,-0.10645192695570387,0.09307594112884485
72,3,largo,roc_72,251,0.23702612638333584,0.0034494689836303814,1.6308420118442688,1.3055174086936299,0.47410358565737054,0.157,False,-0.10645192695570387,0.09307594112884485
72,3,largo,roc_168,251,0.28916275935280716,0.0045409560859332385,1.644228127328138,1.2748708313923771,0.4581673306772908,0.088,False,-0.10645192695570387,0.09307594112884485
72,3,largo,roc_720,251,0.2636143606386445,0.004193309739184003,1.532911601125162,1.0485484745911786,0.5099601593625498,0.055,False,-0.10645192695570387,0.09307594112884485
72,3,largo,compresion,251,0.10244881255036613,0.0012905528374493442,1.4948467400929404,1.3368861455486778,0.42231075697211157,0.3165,False,-0.10645192695570387,0.09307594112884485
72,3,largo,dd_168,251,0.029906839166528656,-0.0010552752254915766,0.8016902321723804,1.0128000429036093,0.5099601593625498,0.4135,False,-0.10645192695570387,0.09307594112884485
72,3,largo,dd_720,251,0.09599367554298746,-0.00046867513974086346,0.8471516984327747,1.0733452221926787,0.50199203187251,0.281,False,-0.10645192695570387,0.09307594112884485
72,3,largo,pos_168,251,0.09766760649946299,0.0012865292684678055,1.2016904594969897,1.1282299085370506,0.4063745019920319,0.2985,False,-0.10645192695570387,0.09307594112884485
72,3,largo,desbal,251,-0.23275776430575143,-0.0031691282571725075,1.0044816577905173,0.9657406956070744,0.4342629482071713,1.0,False,-0.10645192695570387,0.09307594112884485
72,3,largo,desbal_24,251,0.041103473342251604,-0.0007186645196888266,0.9560896795923741,0.9854351452496236,0.4262948207171315,0.38,False,-0.10645192695570387,0.09307594112884485
72,3,largo,desbal_168,251,0.19075834654308807,0.0012983026347856664,0.9080247398711604,0.9980939568204003,0.5099601593625498,0.087,False,-0.10645192695570387,0.09307594112884485
72,3,largo,ticket_rel,251,-0.11997716512464703,-0.001701231079620411,1.022952782651086,0.994310344827585,0.41434262948207173,1.0,False,-0.10645192695570387,0.09307594112884485
72,3,largo,turnover,251,0.33394258088451506,0.005270579021121826,1.3649606229543068,1.1993036973929707,0.47410358565737054,0.06,False,-0.10645192695570387,0.09307594112884485
72,3,largo,n_surge,251,0.20636991991812723,0.003645425117550619,1.3904879336077738,1.208980785296576,0.46215139442231074,0.1855,False,-0.10645192695570387,0.09307594112884485
72,3,largo,oi_chg_1h,201,-0.2859133901156832,-0.004348413692097324,1.2602842432109782,1.05661409023328,0.373134328358209,1.0,False,-0.10645192695570387,0.09307594112884485
72,3,largo,oi_chg_4h,201,0.20253681660948686,0.002238264091805427,1.2268699141233264,1.0788255740322477,0.4129353233830846,0.1915,False,-0.10645192695570387,0.09307594112884485
72,3,largo,oi_chg_24h,201,0.16929946764886708,0.0013620242988955718,1.4586437024027776,1.2253524778973415,0.4079601990049751,0.2355,False,-0.10645192695570387,0.09307594112884485
72,3,largo,oi_z,197,-0.22155342172360515,-0.004060977168432244,1.070403094463988,1.006965271156437,0.38071065989847713,1.0,False,-0.10645192695570387,0.09307594112884485
72,3,largo,oi_rel_168,201,0.5922975371874372,0.007533583798602434,1.587308951543926,1.317490795407046,0.4975124378109453,0.0095,False,-0.10645192695570387,0.09307594112884485
72,3,largo,tt_cuentas,190,-0.5067803659342728,-0.005539992321921206,0.8930949745767921,0.9792848387703172,0.2631578947368421,1.0,False,-0.10645192695570387,0.09307594112884485
72,3,largo,tt_cuentas_chg24,190,-0.33798290035564654,-0.003265450459496462,1.0648015621453986,1.0200610174490263,0.4,1.0,False,-0.10645192695570387,0.09307594112884485
72,3,largo,tt_cuentas_pct,188,-0.19551218362363107,-0.0011169440208833932,0.9802833423543394,0.9588006750973664,0.35638297872340424,1.0,False,-0.10645192695570387,0.09307594112884485
72,3,largo,tt_pos,190,-0.536166196604486,-0.005819784753820494,0.9862495555716121,0.9505451954600034,0.3263157894736842,1.0,False,-0.10645192695570387,0.09307594112884485
72,3,largo,tt_pos_chg24,190,-0.22622833703026002,-0.003172426845578114,1.1078590877034222,1.002759473801146,0.3736842105263158,1.0,False,-0.10645192695570387,0.09307594112884485
72,3,largo,tt_pos_pct,189,-0.12081078458885952,-0.001693203000313559,1.0137576424273969,0.9692330953264765,0.3968253968253968,1.0,False,-0.10645192695570387,0.09307594112884485
72,3,largo,ls_cuentas,201,-0.4379503013269191,-0.004157087930650707,0.889454032253705,0.9629178401278483,0.3034825870646766,1.0,False,-0.10645192695570387,0.09307594112884485
72,3,largo,ls_cuentas_chg24,201,-0.2792769853502081,-0.0029903535104033644,1.094212112182666,1.0192634952029898,0.39800995024875624,1.0,False,-0.10645192695570387,0.09307594112884485
72,3,largo,ls_cuentas_pct,201,-0.22360749187418985,-0.0026396583936781908,0.9931292569167346,0.9602722111513582,0.3681592039800995,1.0,False,-0.10645192695570387,0.09307594112884485
72,3,largo,taker,201,0.010919828124258738,-0.0009704322410863739,0.9913212903649914,0.9610707486176798,0.43781094527363185,0.4805,False,-0.10645192695570387,0.09307594112884485
72,3,largo,taker_chg24,201,-0.19716310506372692,-0.0033412626973413776,0.9813683642606299,0.960120484599759,0.4129353233830846,1.0,False,-0.10645192695570387,0.09307594112884485
72,3,largo,taker_pct,200,0.05147372530049859,9.522672383833072e-05,1.0593266914700343,0.9653522932484632,0.43,0.354,False,-0.10645192695570387,0.09307594112884485
72,3,largo,atr_24 ~ sin roc_24,251,0.18580362299625558,0.005696827093358536,1.9140222516861696,1.2563730883867843,0.4701195219123506,0.1925,False,-0.10645192695570387,0.09307594112884485
72,3,largo,vol_24 ~ sin roc_24,251,0.2155219436974881,0.004105073492799806,1.8543718141826555,1.2697469347648462,0.4940239043824701,0.148,False,-0.10645192695570387,0.09307594112884485
72,3,largo,vol_168 ~ sin roc_24,251,0.1862217756679271,0.0045909839342830865,1.76129037007955,1.1156127021129245,0.4701195219123506,0.1815,False,-0.10645192695570387,0.09307594112884485
72,3,largo,rango_168 ~ sin roc_24,251,0.2692977522132497,0.005168791767491198,1.685976405727925,1.1407494339587163,0.46215139442231074,0.084,False,-0.10645192695570387,0.09307594112884485
72,3,largo,roc_72 ~ sin roc_24,251,0.2045936056058913,0.0025024751717793742,1.5044111020120134,1.202000726663355,0.4541832669322709,0.1485,False,-0.10645192695570387,0.09307594112884485
72,3,largo,roc_168 ~ sin roc_24,251,0.3243992720223036,0.0046309319770815194,1.5365321199773299,1.2031694898074887,0.4860557768924303,0.0495,False,-0.10645192695570387,0.09307594112884485
72,3,largo,roc_720 ~ sin roc_24,251,0.1867097579563428,0.0036068993347234198,1.482511558748311,1.0212233015467798,0.4701195219123506,0.135,False,-0.10645192695570387,0.09307594112884485
72,3,largo,compresion ~ sin roc_24,251,0.06119710860020739,0.00013098863643060983,1.3484600962806739,1.2623597108828137,0.40239043824701193,0.387,False,-0.10645192695570387,0.09307594112884485
72,3,largo,dd_168 ~ sin roc_24,251,-0.08883518559338621,-0.0017806473985755753,0.7455181863115222,0.9800659344899121,0.44223107569721115,1.0,False,-0.10645192695570387,0.09307594112884485
72,3,largo,dd_720 ~ sin roc_24,251,0.11072490756869442,0.0008066136006515952,0.8207428642665893,1.0368136659328675,0.4820717131474104,0.1965,False,-0.10645192695570387,0.09307594112884485
72,3,largo,pos_168 ~ sin roc_24,251,0.04944628045307628,0.000822759505417805,1.1134184309366428,1.0675217039723075,0.4581673306772908,0.356,False,-0.10645192695570387,0.09307594112884485
72,3,largo,desbal ~ sin roc_24,251,-0.12974449558170692,-0.0013456114743108276,0.9905242570088724,0.9594260474861058,0.44621513944223107,1.0,False,-0.10645192695570387,0.09307594112884485
72,3,largo,desbal_24 ~ sin roc_24,251,-0.055225806146992865,-0.0018280518142444865,0.9394796398196915,0.9707465389179611,0.44223107569721115,1.0,False,-0.10645192695570387,0.09307594112884485
72,3,largo,desbal_168 ~ sin roc_24,251,0.13621436919475347,0.0010244093728965836,0.9060730398181177,0.9875834163183936,0.49800796812749004,0.137,False,-0.10645192695570387,0.09307594112884485
72,3,largo,ticket_rel ~ sin roc_24,251,0.04161531808726925,0.0003083885803187071,1.0079331850907183,0.9847318061074387,0.44223107569721115,0.3865,False,-0.10645192695570387,0.09307594112884485
72,3,largo,turnover ~ sin roc_24,251,0.06749967419987657,0.001741740041336187,1.2626115683981707,1.1420676746689136,0.4262948207171315,0.3745,False,-0.10645192695570387,0.09307594112884485
72,3,largo,n_surge ~ sin roc_24,251,-0.08480221255636025,-3.044654159191567e-05,1.3008685166359706,1.1474805275311373,0.41832669322709165,1.0,False,-0.10645192695570387,0.09307594112884485
72,3,largo,oi_chg_1h ~ sin roc_24,201,-0.22269832139740464,-0.00423878397041062,1.2383746925549324,1.028783935392476,0.39800995024875624,1.0,False,-0.10645192695570387,0.09307594112884485
72,3,largo,oi_chg_4h ~ sin roc_24,201,0.09776017801591816,0.0006150389867918896,1.2110006356469452,1.052214876078971,0.42786069651741293,0.333,False,-0.10645192695570387,0.09307594112884485
72,3,largo,oi_chg_24h ~ sin roc_24,201,0.159802061866181,0.0007813702878245185,1.280783270301706,1.1328986126124017,0.4577114427860697,0.245,False,-0.10645192695570387,0.09307594112884485
72,3,largo,oi_z ~ sin roc_24,197,-0.1443604920027335,-0.0026905533905299387,1.0329735560287774,0.9924892706064127,0.38578680203045684,1.0,False,-0.10645192695570387,0.09307594112884485
72,3,largo,oi_rel_168 ~ sin roc_24,201,0.46559435014607203,0.005802441883247576,1.4937507965195005,1.254965866294543,0.47761194029850745,0.0315,False,-0.10645192695570387,0.09307594112884485
72,3,largo,tt_cuentas ~ sin roc_24,190,-0.5196061823687262,-0.005472861002059658,0.8896220007078743,0.9801487016803694,0.2631578947368421,1.0,False,-0.10645192695570387,0.09307594112884485
72,3,largo,tt_cuentas_chg24 ~ sin roc_24,190,-0.32798382954145366,-0.004137698766362933,1.1007524677222569,1.0346607215430954,0.39473684210526316,1.0,False,-0.10645192695570387,0.09307594112884485
72,3,largo,tt_cuentas_pct ~ sin roc_24,188,-0.05720513964211789,-0.0012786139148147095,0.9945515777665864,0.9639772068550433,0.4148936170212766,1.0,False,-0.10645192695570387,0.09307594112884485
72,3,largo,tt_pos ~ sin roc_24,190,-0.5775018861479613,-0.006590850498704576,0.9769955892375486,0.9515642840737045,0.33157894736842103,1.0,False,-0.10645192695570387,0.09307594112884485
72,3,largo,tt_pos_chg24 ~ sin roc_24,190,-0.25635631189416674,-0.0030453107341018503,1.109288253600621,1.0027048341655396,0.38421052631578945,1.0,False,-0.10645192695570387,0.09307594112884485
72,3,largo,tt_pos_pct ~ sin roc_24,189,-0.304830331012067,-0.0029489093890120574,1.0191223585111018,0.9797027364091839,0.3862433862433862,1.0,False,-0.10645192695570387,0.09307594112884485
72,3,largo,ls_cuentas ~ sin roc_24,201,-0.377785778773131,-0.003256973243779253,0.8830835975105835,0.9723935300594401,0.29850746268656714,1.0,False,-0.10645192695570387,0.09307594112884485
72,3,largo,ls_cuentas_chg24 ~ sin roc_24,201,-0.15766766119600562,-0.0026583651303794414,1.122042215089946,1.03746560809245,0.36318407960199006,1.0,False,-0.10645192695570387,0.09307594112884485
72,3,largo,ls_cuentas_pct ~ sin roc_24,201,-0.05058121726160243,-0.0010676565064350124,1.0038437173676438,0.9644799866157598,0.43283582089552236,1.0,False,-0.10645192695570387,0.09307594112884485
72,3,largo,taker ~ sin roc_24,201,-0.036011677714429015,-0.0006601518446052294,0.9876395793079088,0.9613260098796164,0.44776119402985076,1.0,False,-0.10645192695570387,0.09307594112884485
72,3,largo,taker_chg24 ~ sin roc_24,201,-0.2332572816038558,-0.003560493522004365,0.9934531536341729,0.9693037174962997,0.3880597014925373,1.0,False,-0.10645192695570387,0.09307594112884485
72,3,largo,taker_pct ~ sin roc_24,200,0.06033972595740625,0.0002590195952286184,1.0413077326023206,0.965863777889715,0.415,0.367,False,-0.10645192695570387,0.09307594112884485
72,3,largo,atr_24 [bajo],251,0.05975603987888605,-0.000911838468516837,0.5075369310678666,0.8980922656726052,0.4900398406374502,0.3115,False,-0.10645192695570387,0.09307594112884485
72,3,largo,vol_24 [bajo],251,-0.018898439998411256,-0.0016821558687551176,0.5188540317479559,0.8807838541890176,0.4581673306772908,1.0,False,-0.10645192695570387,0.09307594112884485
72,3,largo,vol_168 [bajo],251,0.029059146543392218,-0.001061725694065557,0.5230154307395977,0.9319372706484648,0.4860557768924303,0.414,False,-0.10645192695570387,0.09307594112884485
72,3,largo,rango_168 [bajo],251,-0.08419461975639937,-0.0015459348725280827,0.557163393891978,0.9255646655921459,0.47410358565737054,1.0,False,-0.10645192695570387,0.09307594112884485
72,3,largo,roc_24 [bajo],251,-0.15400171479168304,-0.0018583745284228052,1.286618032355013,1.0421463655913756,0.450199203187251,1.0,False,-0.10645192695570387,0.09307594112884485
72,3,largo,roc_72 [bajo],251,-0.20269747081690304,-0.003794480115670921,1.2030583243596098,0.9631195738090527,0.44621513944223107,1.0,False,-0.10645192695570387,0.09307594112884485
72,3,largo,roc_168 [bajo],251,-0.09007327965934869,-0.0015839082337373376,1.1557626935230314,0.9402052119613677,0.44621513944223107,1.0,False,-0.10645192695570387,0.09307594112884485
72,3,largo,roc_720 [bajo],251,-0.24291376416114618,-0.0031099960144562113,1.1527106878545919,0.9703718588653377,0.38645418326693226,1.0,False,-0.10645192695570387,0.09307594112884485
72,3,largo,compresion [bajo],251,0.04848343603252903,7.207699373191686e-05,0.9369299704540248,0.8706796116504844,0.4820717131474104,0.368,False,-0.10645192695570387,0.09307594112884485
72,3,largo,dd_168 [bajo],251,-0.09242672947971911,4.24644102991308e-05,1.472456694971458,1.0272502192173514,0.4581673306772908,1.0,False,-0.10645192695570387,0.09307594112884485
72,3,largo,dd_720 [bajo],251,-0.24364905485587735,-0.002660493785248031,1.3197352530090363,0.9383461582056208,0.43824701195219123,1.0,False,-0.10645192695570387,0.09307594112884485
72,3,largo,pos_168 [bajo],251,-0.2424166957432612,-0.00427790451477449,1.0837188973672989,0.9327900198790995,0.41832669322709165,1.0,False,-0.10645192695570387,0.09307594112884485
72,3,largo,desbal [bajo],251,-0.1407441989757859,-0.0015017607673962804,1.0079754310288132,0.9676119011347006,0.40239043824701193,1.0,False,-0.10645192695570387,0.09307594112884485
72,3,largo,desbal_24 [bajo],251,-0.1982668349998942,-0.0017777539977016485,0.9854146566715652,0.9475939220795683,0.38645418326693226,1.0,False,-0.10645192695570387,0.09307594112884485
72,3,largo,desbal_168 [bajo],251,-0.2901670788357686,-0.004602664839251377,0.9981920500594154,0.9519695030291901,0.3944223107569721,1.0,False,-0.10645192695570387,0.09307594112884485
72,3,largo,ticket_rel [bajo],251,-0.09658014999751544,-0.0014222771351917222,1.0094014106160747,0.9497878525133988,0.398406374501992,1.0,False,-0.10645192695570387,0.09307594112884485
72,3,largo,turnover [bajo],251,-0.0007570948596378978,-7.518842332978683e-05,1.0335805197081982,0.9174181844401568,0.4860557768924303,1.0,False,-0.10645192695570387,0.09307594112884485
72,3,largo,n_surge [bajo],251,-0.1665903132727829,-0.0024429594146110254,1.0285701779759764,0.9082795518341688,0.4262948207171315,1.0,False,-0.10645192695570387,0.09307594112884485
72,3,largo,oi_chg_1h [bajo],201,0.13352078607885975,0.0018702565308834284,1.3171618287816125,1.089447594304517,0.4129353233830846,0.282,False,-0.10645192695570387,0.09307594112884485
72,3,largo,oi_chg_4h [bajo],201,0.0693934748293926,0.0017183398197599179,1.3517633023764621,1.095356175464734,0.43283582089552236,0.3575,False,-0.10645192695570387,0.09307594112884485
72,3,largo,oi_chg_24h [bajo],201,-0.08190827502342868,-3.910448082436844e-05,1.2452306586349915,1.033630311177866,0.48258706467661694,1.0,False,-0.10645192695570387,0.09307594112884485
72,3,largo,oi_z [bajo],197,0.043187481998361345,0.0009465318907342292,1.0981132433443974,1.0395402586121425,0.48223350253807107,0.412,False,-0.10645192695570387,0.09307594112884485
72,3,largo,oi_rel_168 [bajo],201,-0.18576050299219685,-0.002295407589791691,1.1153825751763045,0.92587554116806,0.42786069651741293,1.0,False,-0.10645192695570387,0.09307594112884485
72,3,largo,tt_cuentas [bajo],190,0.38964374253228484,0.004091377417831839,1.2165971052924442,1.0173939378908876,0.5263157894736842,0.021,False,-0.10645192695570387,0.09307594112884485
72,3,largo,tt_cuentas_chg24 [bajo],190,-0.20335310260302833,-0.002680278229612905,1.1266338712864332,1.058441228994007,0.42105263157894735,1.0,False,-0.10645192695570387,0.09307594112884485
72,3,largo,tt_cuentas_pct [bajo],188,0.2330486942342719,0.0030313003925863716,1.1194912013771638,1.0580772641640905,0.48936170212765956,0.1265,False,-0.10645192695570387,0.09307594112884485
72,3,largo,tt_pos [bajo],190,0.2779149039728684,0.002231553829220135,0.915787722289658,0.9816516928432057,0.5052631578947369,0.07,False,-0.10645192695570387,0.09307594112884485
72,3,largo,tt_pos_chg24 [bajo],190,-0.49998184193810813,-0.005540536995788482,1.1639602102474556,1.0390681423927615,0.3684210526315789,1.0,False,-0.10645192695570387,0.09307594112884485
72,3,largo,tt_pos_pct [bajo],189,-0.060643019008329434,-0.001057419600769899,1.1031970294961686,1.0146801540542225,0.42857142857142855,1.0,False,-0.10645192695570387,0.09307594112884485
72,3,largo,ls_cuentas [bajo],201,0.32932689137814186,0.003221117685853233,1.2426587666745095,1.0341592944356002,0.5223880597014925,0.0335,False,-0.10645192695570387,0.09307594112884485
72,3,largo,ls_cuentas_chg24 [bajo],201,-0.3481175274841968,-0.004491974727164862,1.1592994348115613,1.0684115192608008,0.38308457711442784,1.0,False,-0.10645192695570387,0.09307594112884485
72,3,largo,ls_cuentas_pct [bajo],201,0.02119720329281142,-0.000738651316958757,1.115340724815838,1.0440260061311624,0.43283582089552236,0.469,False,-0.10645192695570387,0.09307594112884485
72,3,largo,taker [bajo],201,-0.23469387532233374,-0.003147010943167497,0.9802971621453401,0.9611929660752797,0.417910447761194,1.0,False,-0.10645192695570387,0.09307594112884485
72,3,largo,taker_chg24 [bajo],201,-0.3393180505033701,-0.0041477407413173795,0.98076320003126,0.9776327003144092,0.4228855721393035,1.0,False,-0.10645192695570387,0.09307594112884485
72,3,largo,taker_pct [bajo],200,-0.29084184207696145,-0.00380509961518114,1.0363552584228475,0.9708857331405627,0.42,1.0,False,-0.10645192695570387,0.09307594112884485
72,3,largo,atr_24 ~ sin roc_24 [bajo],251,0.07555945364667761,-0.0006447999428875847,0.558476457856434,0.9157333222804808,0.47808764940239046,0.276,False,-0.10645192695570387,0.09307594112884485
72,3,largo,vol_24 ~ sin roc_24 [bajo],251,-0.025075705214463534,-0.0016244880700085555,0.6028475314219397,0.9107169723235166,0.4820717131474104,1.0,False,-0.10645192695570387,0.09307594112884485
72,3,largo,vol_168 ~ sin roc_24 [bajo],251,0.03184916163068178,-0.0007323122625009065,0.5770291193140668,0.9557548335099322,0.4900398406374502,0.4085,False,-0.10645192695570387,0.09307594112884485
72,3,largo,rango_168 ~ sin roc_24 [bajo],251,-0.13812698773766618,-0.0019001794137806006,0.6301114239237563,0.9446268187230459,0.43824701195219123,1.0,False,-0.10645192695570387,0.09307594112884485
72,3,largo,roc_72 ~ sin roc_24 [bajo],251,-0.04730234759058208,-0.0008583851694969768,1.217005215545675,0.9847861592251711,0.46215139442231074,1.0,False,-0.10645192695570387,0.09307594112884485
72,3,largo,roc_168 ~ sin roc_24 [bajo],251,-0.055919009087182975,-0.0009117397087712985,1.1867606150530539,0.9643997306409704,0.4581673306772908,1.0,False,-0.10645192695570387,0.09307594112884485
72,3,largo,roc_720 ~ sin roc_24 [bajo],251,-0.0307374386812343,0.0001131661630750071,1.1759515936475107,0.9966758455587214,0.4063745019920319,1.0,False,-0.10645192695570387,0.09307594112884485
72,3,largo,compresion ~ sin roc_24 [bajo],251,0.008581955490195841,0.00023747037848894704,0.9624789758750144,0.8939122528715769,0.44223107569721115,0.48,False,-0.10645192695570387,0.09307594112884485
72,3,largo,dd_168 ~ sin roc_24 [bajo],251,-0.0935936952188307,-2.5271061676780344e-05,1.4598020877087938,1.025233506077507,0.4701195219123506,1.0,False,-0.10645192695570387,0.09307594112884485
72,3,largo,dd_720 ~ sin roc_24 [bajo],251,-0.126154924748014,-0.0009732181443210911,1.3047764393903625,0.9425034174189405,0.43824701195219123,1.0,False,-0.10645192695570387,0.09307594112884485
72,3,largo,pos_168 ~ sin roc_24 [bajo],251,-0.338568669558863,-0.005088332422097116,1.0550940818205867,0.938274227926836,0.3784860557768924,1.0,False,-0.10645192695570387,0.09307594112884485
72,3,largo,desbal ~ sin roc_24 [bajo],251,-0.21289211345354206,-0.0022330689575305804,1.0000994906174965,0.9631195738090527,0.4063745019920319,1.0,False,-0.10645192695570387,0.09307594112884485
72,3,largo,desbal_24 ~ sin roc_24 [bajo],251,-0.16035313422078432,-0.0012928452601060365,0.9872430661889167,0.9507612051978678,0.3705179282868526,1.0,False,-0.10645192695570387,0.09307594112884485
72,3,largo,desbal_168 ~ sin roc_24 [bajo],251,-0.27528276592518175,-0.004922014503460337,0.9885303914082771,0.9506195490237993,0.3904382470119522,1.0,False,-0.10645192695570387,0.09307594112884485
72,3,largo,ticket_rel ~ sin roc_24 [bajo],251,-0.013866122802133526,-0.000534575502154854,1.005199775777414,0.958484403070389,0.4063745019920319,1.0,False,-0.10645192695570387,0.09307594112884485
72,3,largo,turnover ~ sin roc_24 [bajo],251,0.003321136304548578,0.0009149697697275606,1.1694304239910858,0.9909709497629696,0.47808764940239046,0.4745,False,-0.10645192695570387,0.09307594112884485
72,3,largo,n_surge ~ sin roc_24 [bajo],251,-0.043537236432027025,-1.596761448334632e-05,1.1610371719246149,0.9867560720521095,0.46613545816733065,1.0,False,-0.10645192695570387,0.09307594112884485
72,3,largo,oi_chg_1h ~ sin roc_24 [bajo],201,0.28058154697210236,0.003446216822977455,1.3598192698684426,1.0987428162680462,0.47761194029850745,0.0865,False,-0.10645192695570387,0.09307594112884485
72,3,largo,oi_chg_4h ~ sin roc_24 [bajo],201,0.12648288065854726,0.0017143031876487558,1.3758939466133149,1.110646885613545,0.472636815920398,0.264,False,-0.10645192695570387,0.09307594112884485
72,3,largo,oi_chg_24h ~ sin roc_24 [bajo],201,0.3526240831308206,0.0034527455302611277,1.2688026853109124,1.047724204534787,0.4925373134328358,0.0225,False,-0.10645192695570387,0.09307594112884485
72,3,largo,oi_z ~ sin roc_24 [bajo],197,0.04830565743640557,0.0008553660616564513,1.144086799205337,1.053944621471835,0.49238578680203043,0.3875,False,-0.10645192695570387,0.09307594112884485
72,3,largo,oi_rel_168 ~ sin roc_24 [bajo],201,-0.198369888647832,-0.00294699764850508,1.1470088111754961,0.9454191774782799,0.3880597014925373,1.0,False,-0.10645192695570387,0.09307594112884485
72,3,largo,tt_cuentas ~ sin roc_24 [bajo],190,0.30980651318354613,0.004024697446156445,1.100608584256661,0.9848738547768906,0.5157894736842106,0.0235,False,-0.10645192695570387,0.09307594112884485
72,3,largo,tt_cuentas_chg24 ~ sin roc_24 [bajo],190,-0.5005744344932884,-0.006273033519981907,1.0259003935828905,1.0147274139715972,0.3263157894736842,1.0,False,-0.10645192695570387,0.09307594112884485
72,3,largo,tt_cuentas_pct ~ sin roc_24 [bajo],188,0.08486174097085512,0.0009632101701440018,0.9965830560929114,0.9967991157647699,0.44148936170212766,0.316,False,-0.10645192695570387,0.09307594112884485
72,3,largo,tt_pos ~ sin roc_24 [bajo],190,0.2579793184058282,0.00242790800117991,0.9151486272448278,0.981305592571434,0.49473684210526314,0.0845,False,-0.10645192695570387,0.09307594112884485
72,3,largo,tt_pos_chg24 ~ sin roc_24 [bajo],190,-0.45802722348494823,-0.005034517493629418,1.1224427699273816,1.0120371735375295,0.3684210526315789,1.0,False,-0.10645192695570387,0.09307594112884485
72,3,largo,tt_pos_pct ~ sin roc_24 [bajo],189,-0.15876185515389638,-0.002270621387844738,1.0606822021929618,0.9981299446008427,0.4126984126984127,1.0,False,-0.10645192695570387,0.09307594112884485
72,3,largo,ls_cuentas ~ sin roc_24 [bajo],201,0.1769845521082166,0.0023783157220258542,1.1244604562938043,0.9950058148562151,0.5124378109452736,0.1345,False,-0.10645192695570387,0.09307594112884485
72,3,largo,ls_cuentas_chg24 ~ sin roc_24 [bajo],201,-0.5106795349566995,-0.006227016436069507,1.0483515811054238,1.0069412647245648,0.3333333333333333,1.0,False,-0.10645192695570387,0.09307594112884485
72,3,largo,ls_cuentas_pct ~ sin roc_24 [bajo],201,-0.16600814959261878,-0.002354278367450582,0.9909550800584995,0.9995610005096535,0.4079601990049751,1.0,False,-0.10645192695570387,0.09307594112884485
72,3,largo,taker ~ sin roc_24 [bajo],201,-0.23772176668814698,-0.0028994759550143774,0.9960698648949641,0.9659383348933335,0.39800995024875624,1.0,False,-0.10645192695570387,0.09307594112884485
72,3,largo,taker_chg24 ~ sin roc_24 [bajo],201,-0.33999436427338614,-0.00409356076239192,0.9780080080330107,0.9743159179399695,0.39303482587064675,1.0,False,-0.10645192695570387,0.09307594112884485
72,3,largo,taker_pct ~ sin roc_24 [bajo],200,-0.2013868229082707,-0.002370855091720275,1.0381320960656162,0.9670900901590047,0.44,1.0,False,-0.10645192695570387,0.09307594112884485
72,3,largo,CONTROL azar 1,251,-0.2575934771193204,-0.0029724691231780022,1.0406733918482212,0.9763716998561034,0.42231075697211157,1.0,False,-0.10645192695570387,0.09307594112884485
72,3,largo,CONTROL azar 2,251,-0.10645192695570387,-0.0025695573047019383,1.020591367699179,0.9827984508321367,0.4262948207171315,1.0,False,-0.10645192695570387,0.09307594112884485
72,3,largo,CONTROL azar 3,251,-0.08791337034471551,-0.001882800733840301,1.0372188243845848,0.9915455388289381,0.41434262948207173,1.0,False,-0.10645192695570387,0.09307594112884485
72,3,corto,atr_24,251,-0.5938539793112377,-0.011744724688908595,2.0406977249478335,1.3230142566191447,0.4860557768924303,1.0,False,-0.22122296830753163,0.09308052724016244
72,3,corto,vol_24,251,-0.5153218644719644,-0.009957242097899565,1.9935393581516088,1.335836275945967,0.4860557768924303,1.0,False,-0.22122296830753163,0.09308052724016244
72,3,corto,vol_168,251,-0.39375744354134395,-0.0076591897325885856,1.876505567739153,1.1407494339587163,0.4820717131474104,1.0,False,-0.22122296830753163,0.09308052724016244
72,3,corto,rango_168,251,-0.4555569975722464,-0.008055383958261515,1.792668102002612,1.1783888827684454,0.4940239043824701,1.0,False,-0.22122296830753163,0.09308052724016244
72,3,corto,roc_24,251,-0.24623088901146595,-0.003020816091747746,1.5316128297968499,1.2381992785126832,0.5418326693227091,1.0,False,-0.22122296830753163,0.09308052724016244
72,3,corto,roc_72,251,-0.5365167217490164,-0.007449468983630382,1.6308420118442688,1.3055174086936299,0.5059760956175299,1.0,False,-0.22122296830753163,0.09308052724016244
72,3,corto,roc_168,251,-0.5800107422588896,-0.008540956085933242,1.644228127328138,1.2748708313923771,0.47410358565737054,1.0,False,-0.22122296830753163,0.09308052724016244
72,3,corto,roc_720,251,-0.5223069872026616,-0.008193309739184005,1.532911601125162,1.0485484745911786,0.4342629482071713,1.0,False,-0.22122296830753163,0.09308052724016244
72,3,corto,compresion,251,-0.42802989611622655,-0.0052905528374493456,1.4948467400929404,1.3368861455486778,0.5179282868525896,1.0,False,-0.22122296830753163,0.09308052724016244
72,3,corto,dd_168,251,-0.4978561102563958,-0.0029447247745084254,0.8016902321723804,1.0128000429036093,0.41832669322709165,1.0,False,-0.22122296830753163,0.09308052724016244
72,3,corto,dd_720,251,-0.579916801713982,-0.003531324860259138,0.8471516984327747,1.0733452221926787,0.41434262948207173,1.0,False,-0.22122296830753163,0.09308052724016244
72,3,corto,pos_168,251,-0.4382278391613578,-0.005286529268467807,1.2016904594969897,1.1282299085370506,0.5219123505976095,1.0,False,-0.22122296830753163,0.09308052724016244
72,3,corto,desbal,251,-0.09217974394510002,-0.0008308717428274937,1.0044816577905173,0.9657406956070744,0.47410358565737054,1.0,False,-0.22122296830753163,0.09308052724016244
72,3,corto,desbal_24,251,-0.395149511250911,-0.0032813354803111756,0.9560896795923741,0.9854351452496236,0.49800796812749004,1.0,False,-0.22122296830753163,0.09308052724016244
72,3,corto,desbal_168,251,-0.5748606981294647,-0.005298302634785667,0.9080247398711604,0.9980939568204003,0.4302788844621514,1.0,False,-0.22122296830753163,0.09308052724016244
72,3,corto,ticket_rel,251,-0.22685366752717837,-0.002298768920379591,1.022952782651086,0.994310344827585,0.5099601593625498,1.0,False,-0.22122296830753163,0.09308052724016244
72,3,corto,turnover,251,-0.6548882263316148,-0.00927057902112183,1.3649606229543068,1.1993036973929707,0.450199203187251,1.0,False,-0.22122296830753163,0.09308052724016244
72,3,corto,n_surge,251,-0.5208569285339741,-0.007645425117550619,1.3904879336077738,1.208980785296576,0.4860557768924303,1.0,False,-0.22122296830753163,0.09308052724016244
72,3,corto,oi_chg_1h,201,-0.02960957893526872,0.0003484136920973211,1.2602842432109782,1.05661409023328,0.5572139303482587,1.0,False,-0.22122296830753163,0.09308052724016244
72,3,corto,oi_chg_4h,201,-0.520189780930677,-0.006238264091805428,1.2268699141233264,1.0788255740322477,0.48258706467661694,1.0,False,-0.22122296830753163,0.09308052724016244
72,3,corto,oi_chg_24h,201,-0.486492872227757,-0.005362024298895574,1.4586437024027776,1.2253524778973415,0.5223880597014925,1.0,False,-0.22122296830753163,0.09308052724016244
72,3,corto,oi_z,197,-0.12406128845526936,6.0977168432242446e-05,1.070403094463988,1.006965271156437,0.5380710659898477,1.0,False,-0.22122296830753163,0.09308052724016244
72,3,corto,oi_rel_168,201,-0.9126231359977411,-0.011533583798602436,1.587308951543926,1.317490795407046,0.43781094527363185,1.0,False,-0.22122296830753163,0.09308052724016244
72,3,corto,tt_cuentas,190,0.12603923739391718,0.0015399923219212052,0.8930949745767921,0.9792848387703172,0.6,0.126,False,-0.22122296830753163,0.09308052724016244
72,3,corto,tt_cuentas_chg24,190,-0.004843424612050137,-0.0007345495405035397,1.0648015621453986,1.0200610174490263,0.5210526315789473,1.0,False,-0.22122296830753163,0.09308052724016244
72,3,corto,tt_cuentas_pct,188,-0.15009364824087082,-0.0028830559791166097,0.9802833423543394,0.9588006750973664,0.5212765957446809,1.0,False,-0.22122296830753163,0.09308052724016244
72,3,corto,tt_pos,190,0.19276996370448968,0.0018197847538204913,0.9862495555716121,0.9505451954600034,0.5578947368421052,0.057,False,-0.22122296830753163,0.09308052724016244
72,3,corto,tt_pos_chg24,190,-0.0943235887566791,-0.0008275731544218889,1.1078590877034222,1.002759473801146,0.5263157894736842,1.0,False,-0.22122296830753163,0.09308052724016244
72,3,corto,tt_pos_pct,189,-0.2187625186986067,-0.0023067969996864433,1.0137576424273969,0.9692330953264765,0.5238095238095238,1.0,False,-0.22122296830753163,0.09308052724016244
72,3,corto,ls_cuentas,201,0.05812239714292527,0.00015708793065070554,0.889454032253705,0.9629178401278483,0.5771144278606966,0.297,False,-0.22122296830753163,0.09308052724016244
72,3,corto,ls_cuentas_chg24,201,-0.05722290372085238,-0.0010096464895966376,1.094212112182666,1.0192634952029898,0.5373134328358209,1.0,False,-0.22122296830753163,0.09308052724016244
72,3,corto,ls_cuentas_pct,201,-0.11719737394307342,-0.001360341606321811,0.9931292569167346,0.9602722111513582,0.5223880597014925,1.0,False,-0.22122296830753163,0.09308052724016244
72,3,corto,taker,201,-0.35377695889118077,-0.003029567758913628,0.9913212903649914,0.9610707486176798,0.4925373134328358,1.0,False,-0.22122296830753163,0.09308052724016244
72,3,corto,taker_chg24,201,-0.14713430035798025,-0.0006587373026586245,0.9813683642606299,0.960120484599759,0.5124378109452736,1.0,False,-0.22122296830753163,0.09308052724016244
72,3,corto,taker_pct,200,-0.37710676082856515,-0.004095226723838333,1.0593266914700343,0.9653522932484632,0.49,1.0,False,-0.22122296830753163,0.09308052724016244
72,3,corto,atr_24 ~ sin roc_24,251,-0.4158268654020524,-0.009696827093358538,1.9140222516861696,1.2563730883867843,0.47410358565737054,1.0,False,-0.22122296830753163,0.09308052724016244
72,3,corto,vol_24 ~ sin roc_24,251,-0.453566492961755,-0.008105073492799807,1.8543718141826555,1.2697469347648462,0.450199203187251,1.0,False,-0.22122296830753163,0.09308052724016244
72,3,corto,vol_168 ~ sin roc_24,251,-0.41552127760563684,-0.008590983934283088,1.76129037007955,1.1156127021129245,0.47410358565737054,1.0,False,-0.22122296830753163,0.09308052724016244
72,3,corto,rango_168 ~ sin roc_24,251,-0.5125144468400165,-0.009168791767491202,1.685976405727925,1.1407494339587163,0.4820717131474104,1.0,False,-0.22122296830753163,0.09308052724016244
72,3,corto,roc_72 ~ sin roc_24,251,-0.5063631944906198,-0.006502475171779375,1.5044111020120134,1.202000726663355,0.49800796812749004,1.0,False,-0.22122296830753163,0.09308052724016244
72,3,corto,roc_168 ~ sin roc_24,251,-0.6150873814926849,-0.008630931977081521,1.5365321199773299,1.2031694898074887,0.4701195219123506,1.0,False,-0.22122296830753163,0.09308052724016244
72,3,corto,roc_720 ~ sin roc_24,251,-0.44600047677801113,-0.007606899334723421,1.482511558748311,1.0212233015467798,0.47410358565737054,1.0,False,-0.22122296830753163,0.09308052724016244
72,3,corto,compresion ~ sin roc_24,251,-0.39805613576964527,-0.004130988636430611,1.3484600962806739,1.2623597108828137,0.49800796812749004,1.0,False,-0.22122296830753163,0.09308052724016244
72,3,corto,dd_168 ~ sin roc_24,251,-0.3909581442854499,-0.0022193526014244263,0.7455181863115222,0.9800659344899121,0.41434262948207173,1.0,False,-0.22122296830753163,0.09308052724016244
72,3,corto,dd_720 ~ sin roc_24,251,-0.5912064919518071,-0.004806613600651596,0.8207428642665893,1.0368136659328675,0.398406374501992,1.0,False,-0.22122296830753163,0.09308052724016244
72,3,corto,pos_168 ~ sin roc_24,251,-0.40089946099436896,-0.004822759505417808,1.1134184309366428,1.0675217039723075,0.46215139442231074,1.0,False,-0.22122296830753163,0.09308052724016244
72,3,corto,desbal ~ sin roc_24,251,-0.19834850945257368,-0.0026543885256891738,0.9905242570088724,0.9594260474861058,0.44223107569721115,1.0,False,-0.22122296830753163,0.09308052724016244
72,3,corto,desbal_24 ~ sin roc_24,251,-0.2988976057152586,-0.0021719481857555155,0.9394796398196915,0.9707465389179611,0.46215139442231074,1.0,False,-0.22122296830753163,0.09308052724016244
72,3,corto,desbal_168 ~ sin roc_24,251,-0.5128948539549475,-0.005024409372896585,0.9060730398181177,0.9875834163183936,0.4103585657370518,1.0,False,-0.22122296830753163,0.09308052724016244
72,3,corto,ticket_rel ~ sin roc_24,251,-0.3864580112162342,-0.0043083885803187096,1.0079331850907183,0.9847318061074387,0.46613545816733065,1.0,False,-0.22122296830753163,0.09308052724016244
72,3,corto,turnover ~ sin roc_24,251,-0.3903988280354217,-0.005741740041336188,1.2626115683981707,1.1420676746689136,0.47410358565737054,1.0,False,-0.22122296830753163,0.09308052724016244
72,3,corto,n_surge ~ sin roc_24,251,-0.22974254867083263,-0.0039695534584080865,1.3008685166359706,1.1474805275311373,0.49800796812749004,1.0,False,-0.22122296830753163,0.09308052724016244
72,3,corto,oi_chg_1h ~ sin roc_24,201,-0.09038405219518254,0.0002387839704106192,1.2383746925549324,1.028783935392476,0.5572139303482587,1.0,False,-0.22122296830753163,0.09308052724016244
72,3,corto,oi_chg_4h ~ sin roc_24,201,-0.414014554752908,-0.004615038986791891,1.2110006356469452,1.052214876078971,0.48258706467661694,1.0,False,-0.22122296830753163,0.09308052724016244
72,3,corto,oi_chg_24h ~ sin roc_24,201,-0.4804968206911765,-0.00478137028782452,1.280783270301706,1.1328986126124017,0.44776119402985076,1.0,False,-0.22122296830753163,0.09308052724016244
72,3,corto,oi_z ~ sin roc_24,197,-0.20335210159560355,-0.0013094466094700633,1.0329735560287774,0.9924892706064127,0.5532994923857868,1.0,False,-0.22122296830753163,0.09308052724016244
72,3,corto,oi_rel_168 ~ sin roc_24,201,-0.7911477702745751,-0.009802441883247578,1.4937507965195005,1.254965866294543,0.472636815920398,1.0,False,-0.22122296830753163,0.09308052724016244
72,3,corto,tt_cuentas ~ sin roc_24,190,0.13761994786491155,0.0014728610020596567,0.8896220007078743,0.9801487016803694,0.6,0.099,False,-0.22122296830753163,0.09308052724016244
72,3,corto,tt_cuentas_chg24 ~ sin roc_24,190,-0.012513470106804755,0.000137698766362931,1.1007524677222569,1.0346607215430954,0.531578947368421,1.0,False,-0.22122296830753163,0.09308052724016244
72,3,corto,tt_cuentas_pct ~ sin roc_24,188,-0.2886643244352928,-0.002721386085185292,0.9945515777665864,0.9639772068550433,0.4734042553191489,1.0,False,-0.22122296830753163,0.09308052724016244
72,3,corto,tt_pos ~ sin roc_24,190,0.23293960632729635,0.0025908504987045755,0.9769955892375486,0.9515642840737045,0.5631578947368421,0.029,False,-0.22122296830753163,0.09308052724016244
72,3,corto,tt_pos_chg24 ~ sin roc_24,190,-0.06564778880021838,-0.0009546892658981514,1.109288253600621,1.0027048341655396,0.48947368421052634,1.0,False,-0.22122296830753163,0.09308052724016244
72,3,corto,tt_pos_pct ~ sin roc_24,189,-0.04092467169787404,-0.0010510906109879449,1.0191223585111018,0.9797027364091839,0.5079365079365079,1.0,False,-0.22122296830753163,0.09308052724016244
72,3,corto,ls_cuentas ~ sin roc_24,201,-0.003299333971244923,-0.0007430267562207478,0.8830835975105835,0.9723935300594401,0.572139303482587,1.0,False,-0.22122296830753163,0.09308052724016244
72,3,corto,ls_cuentas_chg24 ~ sin roc_24,201,-0.17798549342039205,-0.0013416348696205602,1.122042215089946,1.03746560809245,0.5472636815920398,1.0,False,-0.22122296830753163,0.09308052724016244
72,3,corto,ls_cuentas_pct ~ sin roc_24,201,-0.29585952621100237,-0.00293234349356499,1.0038437173676438,0.9644799866157598,0.5024875621890548,1.0,False,-0.22122296830753163,0.09308052724016244
72,3,corto,taker ~ sin roc_24,201,-0.3050316958192177,-0.0033398481553947733,0.9876395793079088,0.9613260098796164,0.46766169154228854,1.0,False,-0.22122296830753163,0.09308052724016244
72,3,corto,taker_chg24 ~ sin roc_24,201,-0.10936580542311036,-0.0004395064779956364,0.9934531536341729,0.9693037174962997,0.5124378109452736,1.0,False,-0.22122296830753163,0.09308052724016244
72,3,corto,taker_pct ~ sin roc_24,200,-0.3897091575738465,-0.00425901959522862,1.0413077326023206,0.965863777889715,0.51,1.0,False,-0.22122296830753163,0.09308052724016244
72,3,corto,atr_24 [bajo],251,-0.6663660710765011,-0.0030881615314831638,0.5075369310678666,0.8980922656726052,0.3784860557768924,1.0,False,-0.22122296830753163,0.09308052724016244
72,3,corto,vol_24 [bajo],251,-0.5691326215936066,-0.002317844131244883,0.5188540317479559,0.8807838541890176,0.41434262948207173,1.0,False,-0.22122296830753163,0.09308052724016244
72,3,corto,vol_168 [bajo],251,-0.6365040515069855,-0.0029382743059344443,0.5230154307395977,0.9319372706484648,0.3705179282868526,1.0,False,-0.22122296830753163,0.09308052724016244
72,3,corto,rango_168 [bajo],251,-0.48715117743070296,-0.002454065127471919,0.557163393891978,0.9255646655921459,0.40239043824701193,1.0,False,-0.22122296830753163,0.09308052724016244
72,3,corto,roc_24 [bajo],251,-0.13082622642056527,-0.0021416254715771956,1.286618032355013,1.0421463655913756,0.47410358565737054,1.0,False,-0.22122296830753163,0.09308052724016244
72,3,corto,roc_72 [bajo],251,-0.07694695755507495,-0.00020551988432908038,1.2030583243596098,0.9631195738090527,0.47410358565737054,1.0,False,-0.22122296830753163,0.09308052724016244
72,3,corto,roc_168 [bajo],251,-0.1908464994208705,-0.0024160917662626644,1.1557626935230314,0.9402052119613677,0.46613545816733065,1.0,False,-0.22122296830753163,0.09308052724016244
72,3,corto,roc_720 [bajo],251,-0.04257754095928421,-0.0008900039855437905,1.1527106878545919,0.9703718588653377,0.5139442231075697,1.0,False,-0.22122296830753163,0.09308052724016244
72,3,corto,compresion [bajo],251,-0.38065521559241,-0.004072076993731919,0.9369299704540248,0.8706796116504844,0.4342629482071713,1.0,False,-0.22122296830753163,0.09308052724016244
72,3,corto,dd_168 [bajo],251,-0.15534185960547833,-0.004042464410299133,1.472456694971458,1.0272502192173514,0.47808764940239046,1.0,False,-0.22122296830753163,0.09308052724016244
72,3,corto,dd_720 [bajo],251,0.00038450297127149016,-0.0013395062147519708,1.3197352530090363,0.9383461582056208,0.4940239043824701,0.4945,False,-0.22122296830753163,0.09308052724016244
72,3,corto,pos_168 [bajo],251,-0.054061591383837274,0.00027790451477448767,1.0837188973672989,0.9327900198790995,0.50199203187251,1.0,False,-0.22122296830753163,0.09308052724016244
72,3,corto,desbal [bajo],251,-0.18229152892962674,-0.0024982392326037216,1.0079754310288132,0.9676119011347006,0.5059760956175299,1.0,False,-0.22122296830753163,0.09308052724016244
72,3,corto,desbal_24 [bajo],251,-0.12749477521447591,-0.002222246002298354,0.9854146566715652,0.9475939220795683,0.549800796812749,1.0,False,-0.22122296830753163,0.09308052724016244
72,3,corto,desbal_168 [bajo],251,-0.032883751896472684,0.0006026648392513756,0.9981920500594154,0.9519695030291901,0.5418326693227091,1.0,False,-0.22122296830753163,0.09308052724016244
72,3,corto,ticket_rel [bajo],251,-0.2232657755644981,-0.0025777228648082794,1.0094014106160747,0.9497878525133988,0.4860557768924303,1.0,False,-0.22122296830753163,0.09308052724016244
72,3,corto,turnover [bajo],251,-0.3016327015484493,-0.0039248115766702145,1.0335805197081982,0.9174181844401568,0.3904382470119522,1.0,False,-0.22122296830753163,0.09308052724016244
72,3,corto,n_surge [bajo],251,-0.13859957396799016,-0.0015570405853889758,1.0285701779759764,0.9082795518341688,0.4820717131474104,1.0,False,-0.22122296830753163,0.09308052724016244
72,3,corto,oi_chg_1h [bajo],201,-0.4390960674587503,-0.00587025653088343,1.3171618287816125,1.089447594304517,0.44776119402985076,1.0,False,-0.22122296830753163,0.09308052724016244
72,3,corto,oi_chg_4h [bajo],201,-0.369310896039717,-0.005718339819759921,1.3517633023764621,1.095356175464734,0.47761194029850745,1.0,False,-0.22122296830753163,0.09308052724016244
72,3,corto,oi_chg_24h [bajo],201,-0.22351916144212045,-0.003960895519175633,1.2452306586349915,1.033630311177866,0.4577114427860697,1.0,False,-0.22122296830753163,0.09308052724016244
72,3,corto,oi_z [bajo],197,-0.3920500596459215,-0.004946531890734232,1.0981132433443974,1.0395402586121425,0.4213197969543147,1.0,False,-0.22122296830753163,0.09308052724016244
72,3,corto,oi_rel_168 [bajo],201,-0.11065903304560715,-0.0017045924102083107,1.1153825751763045,0.92587554116806,0.5024875621890548,1.0,False,-0.22122296830753163,0.09308052724016244
72,3,corto,tt_cuentas [bajo],190,-0.7337186731097558,-0.00809137741783184,1.2165971052924442,1.0173939378908876,0.42105263157894735,1.0,False,-0.22122296830753163,0.09308052724016244
72,3,corto,tt_cuentas_chg24 [bajo],190,-0.14391705717094255,-0.0013197217703870968,1.1266338712864332,1.058441228994007,0.5368421052631579,1.0,False,-0.22122296830753163,0.09308052724016244
72,3,corto,tt_cuentas_pct [bajo],188,-0.5882818459931962,-0.007031300392586373,1.1194912013771638,1.0580772641640905,0.4095744680851064,1.0,False,-0.22122296830753163,0.09308052724016244
72,3,corto,tt_pos [bajo],190,-0.6861440240409646,-0.006231553829220138,0.915787722289658,0.9816516928432057,0.4,1.0,False,-0.22122296830753163,0.09308052724016244
72,3,corto,tt_pos_chg24 [bajo],190,0.16780480551490384,0.0015405369957884798,1.1639602102474556,1.0390681423927615,0.5894736842105263,0.1385,False,-0.22122296830753163,0.09308052724016244
72,3,corto,tt_pos_pct [bajo],189,-0.2775640792618323,-0.002942580399230103,1.1031970294961686,1.0146801540542225,0.48677248677248675,1.0,False,-0.22122296830753163,0.09308052724016244
72,3,corto,ls_cuentas [bajo],201,-0.6598798195117974,-0.007221117685853236,1.2426587666745095,1.0341592944356002,0.4427860696517413,1.0,False,-0.22122296830753163,0.09308052724016244
72,3,corto,ls_cuentas_chg24 [bajo],201,0.007090122128466345,0.0004919747271648607,1.1592994348115613,1.0684115192608008,0.5223880597014925,0.4865,False,-0.22122296830753163,0.09308052724016244
72,3,corto,ls_cuentas_pct [bajo],201,-0.37321398187697213,-0.003261348683041245,1.115340724815838,1.0440260061311624,0.472636815920398,1.0,False,-0.22122296830753163,0.09308052724016244
72,3,corto,taker [bajo],201,-0.11170678646057766,-0.0008529890568325047,0.9802971621453401,0.9611929660752797,0.5024875621890548,1.0,False,-0.22122296830753163,0.09308052724016244
72,3,corto,taker_chg24 [bajo],201,-0.011184284095056505,0.00014774074131737708,0.98076320003126,0.9776327003144092,0.4626865671641791,1.0,False,-0.22122296830753163,0.09308052724016244
72,3,corto,taker_pct [bajo],200,-0.04352182493133897,-0.0001949003848188613,1.0363552584228475,0.9708857331405627,0.465,1.0,False,-0.22122296830753163,0.09308052724016244
72,3,corto,atr_24 ~ sin roc_24 [bajo],251,-0.649905863955024,-0.003355200057112417,0.558476457856434,0.9157333222804808,0.42231075697211157,1.0,False,-0.22122296830753163,0.09308052724016244
72,3,corto,vol_24 ~ sin roc_24 [bajo],251,-0.51665025403938,-0.0023755119299914457,0.6028475314219397,0.9107169723235166,0.4262948207171315,1.0,False,-0.22122296830753163,0.09308052724016244
72,3,corto,vol_168 ~ sin roc_24 [bajo],251,-0.6111745134123683,-0.0032676877374990944,0.5770291193140668,0.9557548335099322,0.38247011952191234,1.0,False,-0.22122296830753163,0.09308052724016244
72,3,corto,rango_168 ~ sin roc_24 [bajo],251,-0.39671703523384,-0.002099820586219401,0.6301114239237563,0.9446268187230459,0.40239043824701193,1.0,False,-0.22122296830753163,0.09308052724016244
72,3,corto,roc_72 ~ sin roc_24 [bajo],251,-0.2346997681687567,-0.003141614830503025,1.217005215545675,0.9847861592251711,0.47808764940239046,1.0,False,-0.22122296830753163,0.09308052724016244
72,3,corto,roc_168 ~ sin roc_24 [bajo],251,-0.22469445478664057,-0.0030882602912287024,1.1867606150530539,0.9643997306409704,0.44223107569721115,1.0,False,-0.22122296830753163,0.09308052724016244
72,3,corto,roc_720 ~ sin roc_24 [bajo],251,-0.2568094384460236,-0.00411316616307501,1.1759515936475107,0.9966758455587214,0.5219123505976095,1.0,False,-0.22122296830753163,0.09308052724016244
72,3,corto,compresion ~ sin roc_24 [bajo],251,-0.33994291764729584,-0.0042374703784889495,0.9624789758750144,0.8939122528715769,0.44621513944223107,1.0,False,-0.22122296830753163,0.09308052724016244
72,3,corto,dd_168 ~ sin roc_24 [bajo],251,-0.15583983543740118,-0.003974728938323222,1.4598020877087938,1.025233506077507,0.4581673306772908,1.0,False,-0.22122296830753163,0.09308052724016244
72,3,corto,dd_720 ~ sin roc_24 [bajo],251,-0.1220537803774148,-0.00302678185567891,1.3047764393903625,0.9425034174189405,0.49800796812749004,1.0,False,-0.22122296830753163,0.09308052724016244
72,3,corto,pos_168 ~ sin roc_24 [bajo],251,0.030474484239660156,0.0010883324220971142,1.0550940818205867,0.938274227926836,0.5418326693227091,0.4075,False,-0.22122296830753163,0.09308052724016244
72,3,corto,desbal ~ sin roc_24 [bajo],251,-0.11180724937700182,-0.001766931042469421,1.0000994906174965,0.9631195738090527,0.50199203187251,1.0,False,-0.22122296830753163,0.09308052724016244
72,3,corto,desbal_24 ~ sin roc_24 [bajo],251,-0.16545412489192782,-0.0027071547398939654,0.9872430661889167,0.9507612051978678,0.549800796812749,1.0,False,-0.22122296830753163,0.09308052724016244
72,3,corto,desbal_168 ~ sin roc_24 [bajo],251,-0.04961447396732359,0.0009220145034603357,0.9885303914082771,0.9506195490237993,0.5059760956175299,1.0,False,-0.22122296830753163,0.09308052724016244
72,3,corto,ticket_rel ~ sin roc_24 [bajo],251,-0.3065411350166724,-0.0034654244978451474,1.005199775777414,0.958484403070389,0.4701195219123506,1.0,False,-0.22122296830753163,0.09308052724016244
72,3,corto,turnover ~ sin roc_24 [bajo],251,-0.3023006442071974,-0.004914969769727563,1.1694304239910858,0.9909709497629696,0.4541832669322709,1.0,False,-0.22122296830753163,0.09308052724016244
72,3,corto,n_surge ~ sin roc_24 [bajo],251,-0.25600173187520264,-0.003984032385516655,1.1610371719246149,0.9867560720521095,0.46613545816733065,1.0,False,-0.22122296830753163,0.09308052724016244
72,3,corto,oi_chg_1h ~ sin roc_24 [bajo],201,-0.5815661511080549,-0.007446216822977458,1.3598192698684426,1.0987428162680462,0.417910447761194,1.0,False,-0.22122296830753163,0.09308052724016244
72,3,corto,oi_chg_4h ~ sin roc_24 [bajo],201,-0.42792459874943556,-0.005714303187648758,1.3758939466133149,1.110646885613545,0.43781094527363185,1.0,False,-0.22122296830753163,0.09308052724016244
72,3,corto,oi_chg_24h ~ sin roc_24 [bajo],201,-0.6575220086914572,-0.0074527455302611295,1.2688026853109124,1.047724204534787,0.4527363184079602,1.0,False,-0.22122296830753163,0.09308052724016244
72,3,corto,oi_z ~ sin roc_24 [bajo],197,-0.3900668624017859,-0.004855366061656453,1.144086799205337,1.053944621471835,0.40609137055837563,1.0,False,-0.22122296830753163,0.09308052724016244
72,3,corto,oi_rel_168 ~ sin roc_24 [bajo],201,-0.09738601996717813,-0.0010530023514949219,1.1470088111754961,0.9454191774782799,0.527363184079602,1.0,False,-0.22122296830753163,0.09308052724016244
72,3,corto,tt_cuentas ~ sin roc_24 [bajo],190,-0.6601686420311318,-0.008024697446156448,1.100608584256661,0.9848738547768906,0.42105263157894735,1.0,False,-0.22122296830753163,0.09308052724016244
72,3,corto,tt_cuentas_chg24 ~ sin roc_24 [bajo],190,0.14556176747254884,0.0022730335199819054,1.0259003935828905,1.0147274139715972,0.5631578947368421,0.118,False,-0.22122296830753163,0.09308052724016244
72,3,corto,tt_cuentas_pct ~ sin roc_24 [bajo],188,-0.4461389224403726,-0.004963210170144002,0.9965830560929114,0.9967991157647699,0.4308510638297872,1.0,False,-0.22122296830753163,0.09308052724016244
72,3,corto,tt_pos ~ sin roc_24 [bajo],190,-0.6643206834367693,-0.00642790800117991,0.9151486272448278,0.981305592571434,0.42105263157894735,1.0,False,-0.22122296830753163,0.09308052724016244
72,3,corto,tt_pos_chg24 ~ sin roc_24 [bajo],190,0.12617702955815913,0.0010345174936294151,1.1224427699273816,1.0120371735375295,0.5684210526315789,0.1655,False,-0.22122296830753163,0.09308052724016244
72,3,corto,tt_pos_pct ~ sin roc_24 [bajo],189,-0.1811430052664192,-0.0017293786121552635,1.0606822021929618,0.9981299446008427,0.48148148148148145,1.0,False,-0.22122296830753163,0.09308052724016244
72,3,corto,ls_cuentas ~ sin roc_24 [bajo],201,-0.5132593486679149,-0.006378315722025855,1.1244604562938043,0.9950058148562151,0.4228855721393035,1.0,False,-0.22122296830753163,0.09308052724016244
72,3,corto,ls_cuentas_chg24 ~ sin roc_24 [bajo],201,0.15955399619789803,0.0022270164360695057,1.0483515811054238,1.0069412647245648,0.5422885572139303,0.0875,False,-0.22122296830753163,0.09308052724016244
72,3,corto,ls_cuentas_pct ~ sin roc_24 [bajo],201,-0.1985376127707243,-0.00164572163254942,0.9909550800584995,0.9995610005096535,0.4626865671641791,1.0,False,-0.22122296830753163,0.09308052724016244
72,3,corto,taker ~ sin roc_24 [bajo],201,-0.10477985251920988,-0.0011005240449856247,0.9960698648949641,0.9659383348933335,0.5323383084577115,1.0,False,-0.22122296830753163,0.09308052724016244
72,3,corto,taker_chg24 ~ sin roc_24 [bajo],201,-0.010152938681290798,9.356076239191845e-05,0.9780080080330107,0.9743159179399695,0.5174129353233831,1.0,False,-0.22122296830753163,0.09308052724016244
72,3,corto,taker_pct ~ sin roc_24 [bajo],200,-0.1328226618973046,-0.0016291449082797265,1.0381320960656162,0.9670900901590047,0.465,1.0,False,-0.22122296830753163,0.09308052724016244
72,3,corto,CONTROL azar 1,251,-0.06633574520930842,-0.0010275308768220002,1.0406733918482212,0.9763716998561034,0.5139442231075697,1.0,False,-0.22122296830753163,0.09308052724016244
72,3,corto,CONTROL azar 2,251,-0.22122296830753163,-0.0014304426952980638,1.020591367699179,0.9827984508321367,0.49800796812749004,1.0,False,-0.22122296830753163,0.09308052724016244
72,3,corto,CONTROL azar 3,251,-0.23321880412148677,-0.002117199266159701,1.0372188243845848,0.9915455388289381,0.4820717131474104,1.0,False,-0.22122296830753163,0.09308052724016244
72,8,largo,atr_24,251,0.1669823747890932,0.0022461927203763898,1.588686022277016,1.1628916459074055,0.4940239043824701,0.05,False,-0.1569681959861137,0.024453362102572176
72,8,largo,vol_24,251,0.12003536887738354,0.0018695191939934598,1.5718252044842722,1.167730541059171,0.4820717131474104,0.129,False,-0.1569681959861137,0.024453362102572176
72,8,largo,vol_168,251,0.09968123070006578,0.0017488496324665464,1.5236497685104,1.0732280162563783,0.5059760956175299,0.1335,False,-0.1569681959861137,0.024453362102572176
72,8,largo,rango_168,251,0.07310971981125927,0.0015593168185550328,1.467307242763984,1.0829120025421561,0.4860557768924303,0.2295,False,-0.1569681959861137,0.024453362102572176
72,8,largo,roc_24,251,0.022111240738075806,0.0003692643454039893,1.197691175487033,1.0912225799740152,0.42231075697211157,0.435,False,-0.1569681959861137,0.024453362102572176
72,8,largo,roc_72,251,0.05895636080252047,0.0006735912894348256,1.2596498868586183,1.130243058392689,0.4541832669322709,0.3035,False,-0.1569681959861137,0.024453362102572176
72,8,largo,roc_168,251,0.014030688288431794,0.0012213951590850458,1.2631613337471548,1.1323066906520856,0.4581673306772908,0.4555,False,-0.1569681959861137,0.024453362102572176
72,8,largo,roc_720,251,0.06376654654375279,0.0001688276201547747,1.2354621253698104,1.016329939419148,0.50199203187251,0.261,False,-0.1569681959861137,0.024453362102572176
72,8,largo,compresion,251,-0.09684749249918408,-0.0010381848576903009,1.2398416311759377,1.1701994367863688,0.40239043824701193,1.0,False,-0.1569681959861137,0.024453362102572176
72,8,largo,dd_168,251,-0.08719232325992195,-0.0011727385492680494,0.8265763924159372,1.0007821915660808,0.4701195219123506,1.0,False,-0.1569681959861137,0.024453362102572176
72,8,largo,dd_720,251,0.031131459857279813,6.042262100024071e-05,0.8658744747706275,1.0390182095114273,0.4940239043824701,0.388,False,-0.1569681959861137,0.024453362102572176
72,8,largo,pos_168,251,0.11822497061823053,0.00166447653906686,1.0930530227603188,1.0704232605858037,0.4820717131474104,0.1335,False,-0.1569681959861137,0.024453362102572176
72,8,largo,desbal,251,-0.13108160908216787,-0.001572539390151535,1.002313523777018,0.9736746214467303,0.398406374501992,1.0,False,-0.1569681959861137,0.024453362102572176
72,8,largo,desbal_24,251,-0.06050807819262255,-0.0014260999836351609,0.9761872860311736,0.989413361622874,0.40239043824701193,1.0,False,-0.1569681959861137,0.024453362102572176
72,8,largo,desbal_168,251,-0.027500147651425857,-0.0004894845353408248,0.9469633351663138,0.9969450281250911,0.44621513944223107,1.0,False,-0.1569681959861137,0.024453362102572176
72,8,largo,ticket_rel,251,-0.03022958432487329,-0.0010566848329077272,0.9900253549950908,0.99833223156644,0.4342629482071713,1.0,False,-0.1569681959861137,0.024453362102572176
72,8,largo,turnover,251,0.05307602590428593,0.0006682592612001655,1.1546767881318494,1.095622452539628,0.450199203187251,0.2935,False,-0.1569681959861137,0.024453362102572176
72,8,largo,n_surge,251,0.04652140840177585,0.000826516896285918,1.1736969803548798,1.1031499392216888,0.4581673306772908,0.329,False,-0.1569681959861137,0.024453362102572176
72,8,largo,oi_chg_1h,201,-0.13853961326553807,-0.002089970538506482,1.0855453853635897,0.9994172248961717,0.39800995024875624,1.0,False,-0.1569681959861137,0.024453362102572176
72,8,largo,oi_chg_4h,201,-0.13568646546911287,-0.002003051798963229,1.0733224861973232,1.0047615926519784,0.3582089552238806,1.0,False,-0.1569681959861137,0.024453362102572176
72,8,largo,oi_chg_24h,201,0.08069314271748242,0.0006322803538265184,1.1657838327220258,1.0795728894894587,0.43781094527363185,0.252,False,-0.1569681959861137,0.024453362102572176
72,8,largo,oi_z,197,-0.11628972901693395,-0.0017876040708823804,1.0109134432288487,0.9851369560741721,0.39593908629441626,1.0,False,-0.1569681959861137,0.024453362102572176
72,8,largo,oi_rel_168,201,0.1792298656983351,0.002122314930921111,1.2243902634267922,1.1428291171844331,0.4527363184079602,0.0715,False,-0.1569681959861137,0.024453362102572176
72,8,largo,tt_cuentas,190,-0.40079738949519833,-0.004278233606113293,0.9092810849155816,0.9720020777394252,0.2789473684210526,1.0,False,-0.1569681959861137,0.024453362102572176
72,8,largo,tt_cuentas_chg24,190,-0.1943402497536072,-0.001590293231617081,1.0301846166335007,0.9924520379184736,0.3736842105263158,1.0,False,-0.1569681959861137,0.024453362102572176
72,8,largo,tt_cuentas_pct,188,-0.3480758629331405,-0.004097056102148579,0.9826456757903428,0.9557739451211736,0.3351063829787234,1.0,False,-0.1569681959861137,0.024453362102572176
72,8,largo,tt_pos,190,-0.4763424127040244,-0.005294966419297871,0.9948693685207474,0.9699960101623705,0.29473684210526313,1.0,False,-0.1569681959861137,0.024453362102572176
72,8,largo,tt_pos_chg24,190,-0.25297769235354356,-0.003260835156607792,1.0581167972529042,0.992626932379205,0.3368421052631579,1.0,False,-0.1569681959861137,0.024453362102572176
72,8,largo,tt_pos_pct,189,-0.2552468915816003,-0.0032292554215464578,1.009006518017123,0.9789068840588779,0.3862433862433862,1.0,False,-0.1569681959861137,0.024453362102572176
72,8,largo,ls_cuentas,201,-0.32961822684057673,-0.003330150607081827,0.9242187336382196,0.9642166245370709,0.2885572139303483,1.0,False,-0.1569681959861137,0.024453362102572176
72,8,largo,ls_cuentas_chg24,201,-0.22510109630536992,-0.002795524737784498,1.0342823817818247,0.9884612512178814,0.3582089552238806,1.0,False,-0.1569681959861137,0.024453362102572176
72,8,largo,ls_cuentas_pct,201,-0.24101209132161003,-0.002830335777502002,0.9855253872910268,0.954721370542555,0.3781094527363184,1.0,False,-0.1569681959861137,0.024453362102572176
72,8,largo,taker,201,-0.19122778658985373,-0.0024866493788421396,1.00128775560433,0.9660668529263993,0.4129353233830846,1.0,False,-0.1569681959861137,0.024453362102572176
72,8,largo,taker_chg24,201,-0.13153793620587095,-0.001994461776773403,0.9909012082813219,0.9685136697149537,0.39800995024875624,1.0,False,-0.1569681959861137,0.024453362102572176
72,8,largo,taker_pct,200,-0.16005998122999515,-0.001780420154742006,1.0202560671599812,0.9697680084513037,0.385,1.0,False,-0.1569681959861137,0.024453362102572176
72,8,largo,atr_24 ~ sin roc_24,251,0.050739072907077847,0.00126744441312393,1.526887025543132,1.127745487836017,0.4701195219123506,0.272,False,-0.1569681959861137,0.024453362102572176
72,8,largo,vol_24 ~ sin roc_24,251,-0.01602931716769845,0.0003171363338631048,1.4973658090713762,1.13062115954676,0.4581673306772908,1.0,False,-0.1569681959861137,0.024453362102572176
72,8,largo,vol_168 ~ sin roc_24,251,0.008493555601877848,0.0004558963259164933,1.4565238323140877,1.0566799716537267,0.4701195219123506,0.47,False,-0.1569681959861137,0.024453362102572176
72,8,largo,rango_168 ~ sin roc_24,251,-0.0005215688495939339,0.0005956815775625697,1.405729771993036,1.0635769507297752,0.49800796812749004,1.0,False,-0.1569681959861137,0.024453362102572176
72,8,largo,roc_72 ~ sin roc_24,251,0.0059150266688278745,6.711330874114045e-05,1.1970528406816054,1.0904827219639488,0.44621513944223107,0.4925,False,-0.1569681959861137,0.024453362102572176
72,8,largo,roc_168 ~ sin roc_24,251,0.05230376655978293,0.0014339875451701437,1.2219811748840472,1.091803825317819,0.47410358565737054,0.2985,False,-0.1569681959861137,0.024453362102572176
72,8,largo,roc_720 ~ sin roc_24,251,0.05208553239075234,0.0004840882931501368,1.2140046989280844,1.0076927007892893,0.5139442231075697,0.277,False,-0.1569681959861137,0.024453362102572176
72,8,largo,compresion ~ sin roc_24,251,-0.11942703686258298,-0.0012909404674761545,1.1839171769745198,1.1387625779282402,0.398406374501992,1.0,False,-0.1569681959861137,0.024453362102572176
72,8,largo,dd_168 ~ sin roc_24,251,-0.11567643647296832,-0.0015651060628418386,0.8056686705065266,0.9791336663864929,0.4262948207171315,1.0,False,-0.1569681959861137,0.024453362102572176
72,8,largo,dd_720 ~ sin roc_24,251,-0.027951352517091965,-0.0006671448200606848,0.8582642079553423,1.0238620279547206,0.4900398406374502,1.0,False,-0.1569681959861137,0.024453362102572176
72,8,largo,pos_168 ~ sin roc_24,251,0.00197521281945259,5.127127556378243e-05,1.0622375063037859,1.0434951294463213,0.4940239043824701,0.4895,False,-0.1569681959861137,0.024453362102572176
72,8,largo,desbal ~ sin roc_24,251,-0.12335084556182632,-0.0014021645961521836,0.9971129229573732,0.9674926096048471,0.4103585657370518,1.0,False,-0.1569681959861137,0.024453362102572176
72,8,largo,desbal_24 ~ sin roc_24,251,-0.11836813951816151,-0.002186430755922162,0.9651269504506216,0.979301024441887,0.4103585657370518,1.0,False,-0.1569681959861137,0.024453362102572176
72,8,largo,desbal_168 ~ sin roc_24,251,-0.04098788026752019,-0.0007080897583610852,0.9519886318445331,0.9935213342687786,0.4541832669322709,1.0,False,-0.1569681959861137,0.024453362102572176
72,8,largo,ticket_rel ~ sin roc_24,251,-0.02100756908016281,-0.0009558049127415178,0.9861071239111378,0.9928951385345811,0.46613545816733065,1.0,False,-0.1569681959861137,0.024453362102572176
72,8,largo,turnover ~ sin roc_24,251,0.04021032387178603,0.0005432041422196337,1.1216031660345414,1.0687443295272336,0.4302788844621514,0.354,False,-0.1569681959861137,0.024453362102572176
72,8,largo,n_surge ~ sin roc_24,251,0.02405951126057757,0.000586721806907882,1.13104139936836,1.0681171892546175,0.4820717131474104,0.4145,False,-0.1569681959861137,0.024453362102572176
72,8,largo,oi_chg_1h ~ sin roc_24,201,-0.11179658016640862,-0.0024385641512188164,1.075065174782964,0.9911695684526816,0.4527363184079602,1.0,False,-0.1569681959861137,0.024453362102572176
72,8,largo,oi_chg_4h ~ sin roc_24,201,-0.15244482448441346,-0.002583881455817009,1.0658633651597422,0.9942476155823675,0.36318407960199006,1.0,False,-0.1569681959861137,0.024453362102572176
72,8,largo,oi_chg_24h ~ sin roc_24,201,-0.07450018788936984,-0.0015456593638413616,1.0925007579725865,1.0215771614033413,0.42786069651741293,1.0,False,-0.1569681959861137,0.024453362102572176
72,8,largo,oi_z ~ sin roc_24,197,-0.09919035705371364,-0.001809933227743468,1.001257675199953,0.9784694540956895,0.38071065989847713,1.0,False,-0.1569681959861137,0.024453362102572176
72,8,largo,oi_rel_168 ~ sin roc_24,201,0.08685577865515333,0.0009352186571541972,1.1772720544442288,1.1042305042332674,0.4427860696517413,0.227,False,-0.1569681959861137,0.024453362102572176
72,8,largo,tt_cuentas ~ sin roc_24,190,-0.402288535201821,-0.004322784538401909,0.9125706047919045,0.9748082984602119,0.28421052631578947,1.0,False,-0.1569681959861137,0.024453362102572176
72,8,largo,tt_cuentas_chg24 ~ sin roc_24,190,-0.23878562566954128,-0.00269345067499726,1.0481711094888382,1.0095819216460749,0.34210526315789475,1.0,False,-0.1569681959861137,0.024453362102572176
72,8,largo,tt_cuentas_pct ~ sin roc_24,188,-0.3059927659428141,-0.004084853970831053,0.9712542223574786,0.9602722111513582,0.3351063829787234,1.0,False,-0.1569681959861137,0.024453362102572176
72,8,largo,tt_pos ~ sin roc_24,190,-0.49809647849315325,-0.005739070790887692,0.9885966981992017,0.9709979684970774,0.28421052631578947,1.0,False,-0.1569681959861137,0.024453362102572176
72,8,largo,tt_pos_chg24 ~ sin roc_24,190,-0.2734170459195055,-0.0032560219769815625,1.05797678529558,0.9995805856472306,0.3473684210526316,1.0,False,-0.1569681959861137,0.024453362102572176
72,8,largo,tt_pos_pct ~ sin roc_24,189,-0.2603836042353572,-0.0032592831426895663,0.9997044194885232,0.976373745970214,0.36507936507936506,1.0,False,-0.1569681959861137,0.024453362102572176
72,8,largo,ls_cuentas ~ sin roc_24,201,-0.33517676279351205,-0.003583118616154618,0.9267208754284767,0.9681820095999842,0.2835820895522388,1.0,False,-0.1569681959861137,0.024453362102572176
72,8,largo,ls_cuentas_chg24 ~ sin roc_24,201,-0.22058986600568833,-0.0025792033544426224,1.0604376847407744,1.0027013791044945,0.3781094527363184,1.0,False,-0.1569681959861137,0.024453362102572176
72,8,largo,ls_cuentas_pct ~ sin roc_24,201,-0.21050469455778528,-0.0021884140401331707,0.9832787181342942,0.958799459760294,0.39303482587064675,1.0,False,-0.1569681959861137,0.024453362102572176
72,8,largo,taker ~ sin roc_24,201,-0.1480233655167381,-0.0015911756590378707,1.0019609454930036,0.9656524991325595,0.38308457711442784,1.0,False,-0.1569681959861137,0.024453362102572176
72,8,largo,taker_chg24 ~ sin roc_24,201,-0.19149351892610222,-0.0022720957333288326,0.9953785398557139,0.9693425546487839,0.417910447761194,1.0,False,-0.1569681959861137,0.024453362102572176
72,8,largo,taker_pct ~ sin roc_24,200,-0.10964103976366615,-0.00101137461865045,1.0117265120266379,0.9653408413728184,0.395,1.0,False,-0.1569681959861137,0.024453362102572176
72,8,largo,atr_24 [bajo],251,-0.17681234428950868,-0.0023830421752863416,0.6532777672222855,0.9058517570845679,0.4262948207171315,1.0,False,-0.1569681959861137,0.024453362102572176
72,8,largo,vol_24 [bajo],251,-0.16658649502655576,-0.0024636332057597563,0.6596939462424308,0.9002074556771211,0.4063745019920319,1.0,False,-0.1569681959861137,0.024453362102572176
72,8,largo,vol_168 [bajo],251,-0.11545711579181572,-0.0017808262687608297,0.6668523526663401,0.9377470505593242,0.44223107569721115,1.0,False,-0.1569681959861137,0.024453362102572176
72,8,largo,rango_168 [bajo],251,-0.12057663115811969,-0.0018356986645247362,0.6953515229081205,0.9328018039914239,0.4262948207171315,1.0,False,-0.1569681959861137,0.024453362102572176
72,8,largo,roc_24 [bajo],251,-0.11298428095020886,-0.00217247889008706,1.0966721375569333,0.9846043921157794,0.46613545816733065,1.0,False,-0.1569681959861137,0.024453362102572176
72,8,largo,roc_72 [bajo],251,-0.15715534790541358,-0.002448898830580469,1.0558340124408248,0.9378714985496366,0.43824701195219123,1.0,False,-0.1569681959861137,0.024453362102572176
72,8,largo,roc_168 [bajo],251,-0.13175502416323395,-0.0026515411649359563,1.042689123260024,0.9294146622828368,0.4302788844621514,1.0,False,-0.1569681959861137,0.024453362102572176
72,8,largo,roc_720 [bajo],251,-0.24438231756911163,-0.002826872822962402,1.0421535297580464,0.967380213427014,0.36254980079681276,1.0,False,-0.1569681959861137,0.024453362102572176
72,8,largo,compresion [bajo],251,-0.08742741017653417,-0.0017887324055315989,0.9262088842520861,0.8866341936067277,0.4342629482071713,1.0,False,-0.1569681959861137,0.024453362102572176
72,8,largo,dd_168 [bajo],251,-0.15912192660167787,-0.0018625880996727315,1.2744226529752978,0.9915096734858899,0.4103585657370518,1.0,False,-0.1569681959861137,0.024453362102572176
72,8,largo,dd_720 [bajo],251,-0.21924886633680057,-0.002284923981971173,1.193996914025182,0.9402259925748981,0.398406374501992,1.0,False,-0.1569681959861137,0.024453362102572176
72,8,largo,pos_168 [bajo],251,-0.2460943466165572,-0.004068220527192654,1.0350527934855505,0.9316985248544942,0.41832669322709165,1.0,False,-0.1569681959861137,0.024453362102572176
72,8,largo,desbal [bajo],251,-0.14107228020707102,-0.002427076148738816,1.007051521591603,0.9790916095269884,0.42231075697211157,1.0,False,-0.1569681959861137,0.024453362102572176
72,8,largo,desbal_24 [bajo],251,-0.2023487635740159,-0.0023910891129113295,0.9925253944429053,0.9586644005340225,0.38645418326693226,1.0,False,-0.1569681959861137,0.024453362102572176
72,8,largo,desbal_168 [bajo],251,-0.32989219825057275,-0.004602719653492923,0.9878109787539161,0.9614476450170042,0.3107569721115538,1.0,False,-0.1569681959861137,0.024453362102572176
72,8,largo,ticket_rel [bajo],251,-0.16506414698842214,-0.0019261288094525957,1.0035933176860377,0.9644534138813197,0.44223107569721115,1.0,False,-0.1569681959861137,0.024453362102572176
72,8,largo,turnover [bajo],251,-0.15223892013118076,-0.0016368983547104797,0.9879113794368953,0.9229159101725065,0.4342629482071713,1.0,False,-0.1569681959861137,0.024453362102572176
72,8,largo,n_surge [bajo],251,-0.20146441078903873,-0.002644014576503662,0.9830692734168766,0.917798607746878,0.4103585657370518,1.0,False,-0.1569681959861137,0.024453362102572176
72,8,largo,oi_chg_1h [bajo],201,-0.020365911227906316,-0.0003583864045352622,1.142864834375885,1.0202720090088602,0.46766169154228854,1.0,False,-0.1569681959861137,0.024453362102572176
72,8,largo,oi_chg_4h [bajo],201,-0.030137583105499435,-0.00021253019548435372,1.1559159448371352,1.034079487122192,0.46766169154228854,1.0,False,-0.1569681959861137,0.024453362102572176
72,8,largo,oi_chg_24h [bajo],201,-0.12062803678677969,-0.00138910528349568,1.09643205485571,0.9923445813542309,0.4527363184079602,1.0,False,-0.1569681959861137,0.024453362102572176
72,8,largo,oi_z [bajo],197,-0.0757735163631773,-0.0009859615834183727,1.0664860199038535,1.0187024526292519,0.4213197969543147,1.0,False,-0.1569681959861137,0.024453362102572176
72,8,largo,oi_rel_168 [bajo],201,-0.20670730694441308,-0.002211770275290293,1.047092702665951,0.9230859482159703,0.44776119402985076,1.0,False,-0.1569681959861137,0.024453362102572176
72,8,largo,tt_cuentas [bajo],190,0.21170290717803072,0.0015795860052570457,1.1220702227394392,0.9991421858572254,0.5421052631578948,0.024,False,-0.1569681959861137,0.024453362102572176
72,8,largo,tt_cuentas_chg24 [bajo],190,-0.24995055135634406,-0.003511158940322958,1.0416816303972722,1.0237722913087541,0.3631578947368421,1.0,False,-0.1569681959861137,0.024453362102572176
72,8,largo,tt_cuentas_pct [bajo],188,0.03514120654511536,-0.00027718900243550536,1.0623392751948855,1.0275918862841336,0.44148936170212766,0.397,False,-0.1569681959861137,0.024453362102572176
72,8,largo,tt_pos [bajo],190,0.19505950446480827,0.0016392481724101062,0.9608630717238471,0.9851581000330033,0.531578947368421,0.022,False,-0.1569681959861137,0.024453362102572176
72,8,largo,tt_pos_chg24 [bajo],190,-0.15262908956269694,-0.0015748533931204912,1.0703807307331126,1.0074570183390938,0.3894736842105263,1.0,False,-0.1569681959861137,0.024453362102572176
72,8,largo,tt_pos_pct [bajo],189,-0.086083673031175,-0.0011724198535085705,1.0378973249486287,1.0057135783038618,0.41798941798941797,1.0,False,-0.1569681959861137,0.024453362102572176
72,8,largo,ls_cuentas [bajo],201,0.224697172167644,0.0018454368585920887,1.125758695923146,1.0017331542819776,0.5522388059701493,0.0145,False,-0.1569681959861137,0.024453362102572176
72,8,largo,ls_cuentas_chg24 [bajo],201,-0.1597499659004809,-0.002355230960577684,1.0561860160805385,1.0174376316436393,0.39303482587064675,1.0,False,-0.1569681959861137,0.024453362102572176
72,8,largo,ls_cuentas_pct [bajo],201,0.025965886791718483,-0.00017602690643943016,1.064141562816961,1.032890071068857,0.4079601990049751,0.439,False,-0.1569681959861137,0.024453362102572176
72,8,largo,taker [bajo],201,-0.2467050591658149,-0.002860249268084191,0.9785488558579746,0.9663812556995637,0.38308457711442784,1.0,False,-0.1569681959861137,0.024453362102572176
72,8,largo,taker_chg24 [bajo],201,-0.12699507812367355,-0.0018655973281429458,0.9919382477734959,0.9756807989746388,0.4427860696517413,1.0,False,-0.1569681959861137,0.024453362102572176
72,8,largo,taker_pct [bajo],200,-0.2442336600517179,-0.002850256450752595,1.0060021883053627,0.9721257729839073,0.395,1.0,False,-0.1569681959861137,0.024453362102572176
72,8,largo,atr_24 ~ sin roc_24 [bajo],251,-0.15022812486786008,-0.001979621831771006,0.6776308000673191,0.922307113973637,0.44223107569721115,1.0,False,-0.1569681959861137,0.024453362102572176
72,8,largo,vol_24 ~ sin roc_24 [bajo],251,-0.1292422975310795,-0.0018999616578739035,0.7021883729059045,0.9198958296056085,0.4262948207171315,1.0,False,-0.1569681959861137,0.024453362102572176
72,8,largo,vol_168 ~ sin roc_24 [bajo],251,-0.15616112154338224,-0.001966381963149452,0.6993038065581455,0.9551689553598092,0.4302788844621514,1.0,False,-0.1569681959861137,0.024453362102572176
72,8,largo,rango_168 ~ sin roc_24 [bajo],251,-0.07735932698702287,-0.0013699348445829625,0.7327851771758609,0.9444326946503976,0.46613545816733065,1.0,False,-0.1569681959861137,0.024453362102572176
72,8,largo,roc_72 ~ sin roc_24 [bajo],251,-0.12706625977436373,-0.0017866680897484948,1.075622723860792,0.9614101714773027,0.46613545816733065,1.0,False,-0.1569681959861137,0.024453362102572176
72,8,largo,roc_168 ~ sin roc_24 [bajo],251,-0.05765561149253318,-0.001596678762054786,1.0620987309605605,0.9466590075696963,0.4860557768924303,1.0,False,-0.1569681959861137,0.024453362102572176
72,8,largo,roc_720 ~ sin roc_24 [bajo],251,-0.20533080458046776,-0.0019885723744210997,1.0525323622101397,0.9786929482450846,0.38247011952191234,1.0,False,-0.1569681959861137,0.024453362102572176
72,8,largo,compresion ~ sin roc_24 [bajo],251,-0.07105881225144622,-0.001239079993382318,0.9434541404472033,0.8994576917169953,0.4063745019920319,1.0,False,-0.1569681959861137,0.024453362102572176
72,8,largo,dd_168 ~ sin roc_24 [bajo],251,-0.2130780651074814,-0.0026394788775809357,1.2816522416117666,1.0078689298476993,0.4063745019920319,1.0,False,-0.1569681959861137,0.024453362102572176
72,8,largo,dd_720 ~ sin roc_24 [bajo],251,-0.2745501781667745,-0.0031870227379484648,1.1867711871368833,0.9479262930893475,0.3665338645418327,1.0,False,-0.1569681959861137,0.024453362102572176
72,8,largo,pos_168 ~ sin roc_24 [bajo],251,-0.23037325763819005,-0.0033200097323778117,1.0257035474093668,0.9421076780035882,0.398406374501992,1.0,False,-0.1569681959861137,0.024453362102572176
72,8,largo,desbal ~ sin roc_24 [bajo],251,-0.13917979424870774,-0.0019598930824367327,1.0111606453129829,0.9826258300239914,0.4302788844621514,1.0,False,-0.1569681959861137,0.024453362102572176
72,8,largo,desbal_24 ~ sin roc_24 [bajo],251,-0.18601484708173557,-0.0018774357205307926,0.9993241403915819,0.9617918207109963,0.3904382470119522,1.0,False,-0.1569681959861137,0.024453362102572176
72,8,largo,desbal_168 ~ sin roc_24 [bajo],251,-0.2893725360916135,-0.003956210543430189,0.986900301241686,0.9617243594758487,0.32669322709163345,1.0,False,-0.1569681959861137,0.024453362102572176
72,8,largo,ticket_rel ~ sin roc_24 [bajo],251,-0.12252501548895951,-0.0013578205912688542,1.0036851509138525,0.9660550291123233,0.42231075697211157,1.0,False,-0.1569681959861137,0.024453362102572176
72,8,largo,turnover ~ sin roc_24 [bajo],251,-0.13970968828610034,-0.0012431773956530067,1.0628072945485556,0.9701456573455683,0.4342629482071713,1.0,False,-0.1569681959861137,0.024453362102572176
72,8,largo,n_surge ~ sin roc_24 [bajo],251,-0.2052212737750224,-0.002387928355756839,1.0393193914229266,0.9654554792937813,0.3665338645418327,1.0,False,-0.1569681959861137,0.024453362102572176
72,8,largo,oi_chg_1h ~ sin roc_24 [bajo],201,-0.004991058393585283,0.00020477080444956347,1.1541912490743578,1.0304409894540218,0.4626865671641791,1.0,False,-0.1569681959861137,0.024453362102572176
72,8,largo,oi_chg_4h ~ sin roc_24 [bajo],201,-0.05358194950214219,-0.0005827247679545453,1.1635068513853664,1.0438962909588532,0.4577114427860697,1.0,False,-0.1569681959861137,0.024453362102572176
72,8,largo,oi_chg_24h ~ sin roc_24 [bajo],201,0.15005979518259951,0.0024794196203966135,1.116027221531739,1.005802714755293,0.4975124378109453,0.0505,False,-0.1569681959861137,0.024453362102572176
72,8,largo,oi_z ~ sin roc_24 [bajo],197,-0.07687653752647243,-0.0012250656703175359,1.0719380534080039,1.022156854833736,0.39593908629441626,1.0,False,-0.1569681959861137,0.024453362102572176
72,8,largo,oi_rel_168 ~ sin roc_24 [bajo],201,-0.12210450618813048,-0.0012861080240658142,1.0640441421355142,0.9440584021739398,0.4577114427860697,1.0,False,-0.1569681959861137,0.024453362102572176
72,8,largo,tt_cuentas ~ sin roc_24 [bajo],190,0.1705046843836012,0.0013566812521705592,1.0921925534224435,0.9815278985815412,0.5368421052631579,0.049,False,-0.1569681959861137,0.024453362102572176
72,8,largo,tt_cuentas_chg24 ~ sin roc_24 [bajo],190,-0.27224472835104,-0.003696451360348798,1.0082553479268481,0.9953169864463296,0.35789473684210527,1.0,False,-0.1569681959861137,0.024453362102572176
72,8,largo,tt_cuentas_pct ~ sin roc_24 [bajo],188,-0.016544685644478356,-0.0005381929977168233,1.0012514700061945,0.9968912214413128,0.4627659574468085,1.0,False,-0.1569681959861137,0.024453362102572176
72,8,largo,tt_pos ~ sin roc_24 [bajo],190,0.14269680061323464,0.001186604055780088,0.9486647968405647,0.9771343800739147,0.5157894736842106,0.0555,False,-0.1569681959861137,0.024453362102572176
72,8,largo,tt_pos_chg24 ~ sin roc_24 [bajo],190,-0.27455830699222794,-0.0028183939860612866,1.0476505382773322,0.9983405531477649,0.39473684210526316,1.0,False,-0.1569681959861137,0.024453362102572176
72,8,largo,tt_pos_pct ~ sin roc_24 [bajo],189,-0.16654421802503697,-0.0017986950826319747,1.0161684966629467,0.9909846920104934,0.3968253968253968,1.0,False,-0.1569681959861137,0.024453362102572176
72,8,largo,ls_cuentas ~ sin roc_24 [bajo],201,0.17648977048587008,0.0017070955366062244,1.0884048946674505,0.9808378784738425,0.5422885572139303,0.0365,False,-0.1569681959861137,0.024453362102572176
72,8,largo,ls_cuentas_chg24 ~ sin roc_24 [bajo],201,-0.23387248918210612,-0.0032735468501768595,1.0103424512121937,0.9911047835519701,0.35323383084577115,1.0,False,-0.1569681959861137,0.024453362102572176
72,8,largo,ls_cuentas_pct ~ sin roc_24 [bajo],201,-0.07949468276923487,-0.00102417123830641,1.0007734526544614,0.9971356340313253,0.4129353233830846,1.0,False,-0.1569681959861137,0.024453362102572176
72,8,largo,taker ~ sin roc_24 [bajo],201,-0.22327498084205674,-0.002825362745187734,0.9748506731479791,0.9697996386756331,0.40298507462686567,1.0,False,-0.1569681959861137,0.024453362102572176
72,8,largo,taker_chg24 ~ sin roc_24 [bajo],201,-0.13577333056404267,-0.0020311288261255795,0.993626370517045,0.9776061411477208,0.3880597014925373,1.0,False,-0.1569681959861137,0.024453362102572176
72,8,largo,taker_pct ~ sin roc_24 [bajo],200,-0.20523212222868906,-0.0018692875208876636,1.000015050422338,0.9721257729839073,0.405,1.0,False,-0.1569681959861137,0.024453362102572176
72,8,largo,CONTROL azar 1,251,-0.1563248531869798,-0.0022825290340627497,1.0121724183725822,0.9792808298688067,0.40239043824701193,1.0,False,-0.1569681959861137,0.024453362102572176
72,8,largo,CONTROL azar 2,251,-0.1569681959861137,-0.0024700876360043617,1.0060162826405366,0.9803762063638874,0.3904382470119522,1.0,False,-0.1569681959861137,0.024453362102572176
72,8,largo,CONTROL azar 3,251,-0.19899732548677346,-0.0026156923830247514,1.00467125105881,0.98499438830849,0.398406374501992,1.0,False,-0.1569681959861137,0.024453362102572176
72,8,corto,atr_24,251,-0.4086219200704963,-0.0062461927203763925,1.588686022277016,1.1628916459074055,0.41434262948207173,1.0,False,-0.1608900148849582,0.02318721503879764
72,8,corto,vol_24,251,-0.3689905999003093,-0.005869519193993463,1.5718252044842722,1.167730541059171,0.4342629482071713,1.0,False,-0.1608900148849582,0.02318721503879764
72,8,corto,vol_168,251,-0.3382262350535172,-0.005748849632466549,1.5236497685104,1.0732280162563783,0.41434262948207173,1.0,False,-0.1608900148849582,0.02318721503879764
72,8,corto,rango_168,251,-0.3249043070218504,-0.005559316818555035,1.467307242763984,1.0829120025421561,0.3944223107569721,1.0,False,-0.1608900148849582,0.02318721503879764
72,8,corto,roc_24,251,-0.3345159795210849,-0.004369264345403992,1.197691175487033,1.0912225799740152,0.4701195219123506,1.0,False,-0.1608900148849582,0.02318721503879764
72,8,corto,roc_72,251,-0.37333516059138266,-0.004673591289434828,1.2596498868586183,1.130243058392689,0.41434262948207173,1.0,False,-0.1608900148849582,0.02318721503879764
72,8,corto,roc_168,251,-0.3254593104653918,-0.005221395159085049,1.2631613337471548,1.1323066906520856,0.3944223107569721,1.0,False,-0.1608900148849582,0.02318721503879764
72,8,corto,roc_720,251,-0.3537517485154309,-0.0041688276201547764,1.2354621253698104,1.016329939419148,0.398406374501992,1.0,False,-0.1608900148849582,0.02318721503879764
72,8,corto,compresion,251,-0.22375682823697315,-0.0029618151423097022,1.2398416311759377,1.1701994367863688,0.450199203187251,1.0,False,-0.1608900148849582,0.02318721503879764
72,8,corto,dd_168,251,-0.3161686049372247,-0.0028272614507319532,0.8265763924159372,1.0007821915660808,0.36254980079681276,1.0,False,-0.1608900148849582,0.02318721503879764
72,8,corto,dd_720,251,-0.4381359685989761,-0.004060422621000243,0.8658744747706275,1.0390182095114273,0.350597609561753,1.0,False,-0.1608900148849582,0.02318721503879764
72,8,corto,pos_168,251,-0.4498076576313736,-0.005664476539066862,1.0930530227603188,1.0704232605858037,0.398406374501992,1.0,False,-0.1608900148849582,0.02318721503879764
72,8,corto,desbal,251,-0.18819637901585956,-0.0024274606098484675,1.002313523777018,0.9736746214467303,0.44223107569721115,1.0,False,-0.1608900148849582,0.02318721503879764
72,8,corto,desbal_24,251,-0.27133666061324524,-0.0025739000163648423,0.9761872860311736,0.989413361622874,0.44223107569721115,1.0,False,-0.1608900148849582,0.02318721503879764
72,8,corto,desbal_168,251,-0.31782925347021573,-0.003510515464659177,0.9469633351663138,0.9969450281250911,0.3944223107569721,1.0,False,-0.1608900148849582,0.02318721503879764
72,8,corto,ticket_rel,251,-0.30294532648832084,-0.0029433151670922755,0.9900253549950908,0.99833223156644,0.43824701195219123,1.0,False,-0.1608900148849582,0.02318721503879764
72,8,corto,turnover,251,-0.3712063635490645,-0.004668259261200168,1.1546767881318494,1.095622452539628,0.4342629482071713,1.0,False,-0.1608900148849582,0.02318721503879764
72,8,corto,n_surge,251,-0.35915542026558,-0.004826516896285921,1.1736969803548798,1.1031499392216888,0.4302788844621514,1.0,False,-0.1608900148849582,0.02318721503879764
72,8,corto,oi_chg_1h,201,-0.18316237811902314,-0.0019100294614935209,1.0855453853635897,0.9994172248961717,0.47761194029850745,1.0,False,-0.1608900148849582,0.02318721503879764
72,8,corto,oi_chg_4h,201,-0.19181513386844815,-0.001996948201036773,1.0733224861973232,1.0047615926519784,0.472636815920398,1.0,False,-0.1608900148849582,0.02318721503879764
72,8,corto,oi_chg_24h,201,-0.4086478510176601,-0.004632280353826521,1.1657838327220258,1.0795728894894587,0.43283582089552236,1.0,False,-0.1608900148849582,0.02318721503879764
72,8,corto,oi_z,197,-0.2197101601139098,-0.0022123959291176216,1.0109134432288487,0.9851369560741721,0.4720812182741117,1.0,False,-0.1608900148849582,0.02318721503879764
72,8,corto,oi_rel_168,201,-0.5139457748102156,-0.006122314930921114,1.2243902634267922,1.1428291171844331,0.4129353233830846,1.0,False,-0.1608900148849582,0.02318721503879764
72,8,corto,tt_cuentas,190,0.03399991183150104,0.00027823360611329,0.9092810849155816,0.9720020777394252,0.5052631578947369,0.322,False,-0.1608900148849582,0.02318721503879764
72,8,corto,tt_cuentas_chg24,190,-0.13761553732658902,-0.0024097067683829213,1.0301846166335007,0.9924520379184736,0.4631578947368421,1.0,False,-0.1608900148849582,0.02318721503879764
72,8,corto,tt_cuentas_pct,188,0.015231926997373633,9.705610214857579e-05,0.9826456757903428,0.9557739451211736,0.5,0.432,False,-0.1608900148849582,0.02318721503879764
72,8,corto,tt_pos,190,0.1430443776376681,0.0012949664192978677,0.9948693685207474,0.9699960101623705,0.5473684210526316,0.025,False,-0.1608900148849582,0.02318721503879764
72,8,corto,tt_pos_chg24,190,-0.06997053495829944,-0.00073916484339221,1.0581167972529042,0.992626932379205,0.47368421052631576,1.0,False,-0.1608900148849582,0.02318721503879764
72,8,corto,tt_pos_pct,189,-0.0747233818286137,-0.0007707445784535453,1.009006518017123,0.9789068840588779,0.49206349206349204,1.0,False,-0.1608900148849582,0.02318721503879764
72,8,corto,ls_cuentas,201,-0.03129950833623464,-0.000669849392918176,0.9242187336382196,0.9642166245370709,0.5074626865671642,1.0,False,-0.1608900148849582,0.02318721503879764
72,8,corto,ls_cuentas_chg24,201,-0.10525693093759092,-0.0012044752622155047,1.0342823817818247,0.9884612512178814,0.472636815920398,1.0,False,-0.1608900148849582,0.02318721503879764
72,8,corto,ls_cuentas_pct,201,-0.09068375020856832,-0.0011696642224980007,0.9855253872910268,0.954721370542555,0.472636815920398,1.0,False,-0.1608900148849582,0.02318721503879764
72,8,corto,taker,201,-0.1408121037584181,-0.0015133506211578629,1.00128775560433,0.9660668529263993,0.44776119402985076,1.0,False,-0.1608900148849582,0.02318721503879764
72,8,corto,taker_chg24,201,-0.20260826504894422,-0.0020055382232266003,0.9909012082813219,0.9685136697149537,0.4527363184079602,1.0,False,-0.1608900148849582,0.02318721503879764
72,8,corto,taker_pct,200,-0.1663207418273528,-0.002219579845257997,1.0202560671599812,0.9697680084513037,0.465,1.0,False,-0.1608900148849582,0.02318721503879764
72,8,corto,atr_24 ~ sin roc_24,251,-0.29567811338862676,-0.005267444413123932,1.526887025543132,1.127745487836017,0.43824701195219123,1.0,False,-0.1608900148849582,0.02318721503879764
72,8,corto,vol_24 ~ sin roc_24,251,-0.2362971392949655,-0.004317136333863108,1.4973658090713762,1.13062115954676,0.43824701195219123,1.0,False,-0.1608900148849582,0.02318721503879764
72,8,corto,vol_168 ~ sin roc_24,251,-0.25245690889907085,-0.004455896325916496,1.4565238323140877,1.0566799716537267,0.4342629482071713,1.0,False,-0.1608900148849582,0.02318721503879764
72,8,corto,rango_168 ~ sin roc_24,251,-0.2540269021849904,-0.004595681577562572,1.405729771993036,1.0635769507297752,0.41832669322709165,1.0,False,-0.1608900148849582,0.02318721503879764
72,8,corto,roc_72 ~ sin roc_24,251,-0.3176778099064408,-0.004067113308741144,1.1970528406816054,1.0904827219639488,0.41832669322709165,1.0,False,-0.1608900148849582,0.02318721503879764
72,8,corto,roc_168 ~ sin roc_24,251,-0.3605904517760157,-0.005433987545170147,1.2219811748840472,1.091803825317819,0.44223107569721115,1.0,False,-0.1608900148849582,0.02318721503879764
72,8,corto,roc_720 ~ sin roc_24,251,-0.3379952933008964,-0.004484088293150139,1.2140046989280844,1.0076927007892893,0.41434262948207173,1.0,False,-0.1608900148849582,0.02318721503879764
72,8,corto,compresion ~ sin roc_24,251,-0.2038366422650815,-0.002709059532523849,1.1839171769745198,1.1387625779282402,0.4541832669322709,1.0,False,-0.1608900148849582,0.02318721503879764
72,8,corto,dd_168 ~ sin roc_24,251,-0.2868184341230438,-0.0024348939371581636,0.8056686705065266,0.9791336663864929,0.3705179282868526,1.0,False,-0.1608900148849582,0.02318721503879764
72,8,corto,dd_720 ~ sin roc_24,251,-0.37307031322310896,-0.003332855179939318,0.8582642079553423,1.0238620279547206,0.3545816733067729,1.0,False,-0.1608900148849582,0.02318721503879764
72,8,corto,pos_168 ~ sin roc_24,251,-0.3330636122128858,-0.004051271275563785,1.0622375063037859,1.0434951294463213,0.3944223107569721,1.0,False,-0.1608900148849582,0.02318721503879764
72,8,corto,desbal ~ sin roc_24,251,-0.19566271481779693,-0.002597835403847819,0.9971129229573732,0.9674926096048471,0.43824701195219123,1.0,False,-0.1608900148849582,0.02318721503879764
72,8,corto,desbal_24 ~ sin roc_24,251,-0.2148591256239997,-0.0018135692440778403,0.9651269504506216,0.979301024441887,0.4581673306772908,1.0,False,-0.1608900148849582,0.02318721503879764
72,8,corto,desbal_168 ~ sin roc_24,251,-0.3035293273981702,-0.003291910241638917,0.9519886318445331,0.9935213342687786,0.38645418326693226,1.0,False,-0.1608900148849582,0.02318721503879764
72,8,corto,ticket_rel ~ sin roc_24,251,-0.31225812924269297,-0.003044195087258485,0.9861071239111378,0.9928951385345811,0.40239043824701193,1.0,False,-0.1608900148849582,0.02318721503879764
72,8,corto,turnover ~ sin roc_24,251,-0.35670915275618975,-0.004543204142219637,1.1216031660345414,1.0687443295272336,0.4541832669322709,1.0,False,-0.1608900148849582,0.02318721503879764
72,8,corto,n_surge ~ sin roc_24,251,-0.3370020599633054,-0.0045867218069078845,1.13104139936836,1.0681171892546175,0.398406374501992,1.0,False,-0.1608900148849582,0.02318721503879764
72,8,corto,oi_chg_1h ~ sin roc_24,201,-0.209367436128267,-0.0015614358487811859,1.075065174782964,0.9911695684526816,0.47761194029850745,1.0,False,-0.1608900148849582,0.02318721503879764
72,8,corto,oi_chg_4h ~ sin roc_24,201,-0.17256790804612385,-0.001416118544182994,1.0658633651597422,0.9942476155823675,0.4925373134328358,1.0,False,-0.1608900148849582,0.02318721503879764
72,8,corto,oi_chg_24h ~ sin roc_24,201,-0.24896712563484635,-0.0024543406361586407,1.0925007579725865,1.0215771614033413,0.44776119402985076,1.0,False,-0.1608900148849582,0.02318721503879764
72,8,corto,oi_z ~ sin roc_24,197,-0.23882551880676778,-0.002190066772256535,1.001257675199953,0.9784694540956895,0.45685279187817257,1.0,False,-0.1608900148849582,0.02318721503879764
72,8,corto,oi_rel_168 ~ sin roc_24,201,-0.41805642447320573,-0.004935218657154199,1.1772720544442288,1.1042305042332674,0.4129353233830846,1.0,False,-0.1608900148849582,0.02318721503879764
72,8,corto,tt_cuentas ~ sin roc_24,190,0.03594777506056203,0.00032278453840190575,0.9125706047919045,0.9748082984602119,0.5157894736842106,0.3125,False,-0.1608900148849582,0.02318721503879764
72,8,corto,tt_cuentas_chg24 ~ sin roc_24,190,-0.09311862021215316,-0.0013065493250027428,1.0481711094888382,1.0095819216460749,0.4842105263157895,1.0,False,-0.1608900148849582,0.02318721503879764
72,8,corto,tt_cuentas_pct ~ sin roc_24,188,-0.03256958907002442,8.48539708310508e-05,0.9712542223574786,0.9602722111513582,0.4734042553191489,1.0,False,-0.1608900148849582,0.02318721503879764
72,8,corto,tt_pos ~ sin roc_24,190,0.16256918256814606,0.001739070790887688,0.9885966981992017,0.9709979684970774,0.5631578947368421,0.015,False,-0.1608900148849582,0.02318721503879764
72,8,corto,tt_pos_chg24 ~ sin roc_24,190,-0.05089050255891264,-0.0007439780230184397,1.05797678529558,0.9995805856472306,0.5157894736842106,1.0,False,-0.1608900148849582,0.02318721503879764
72,8,corto,tt_pos_pct ~ sin roc_24,189,-0.07354341701171166,-0.0007407168573104362,0.9997044194885232,0.976373745970214,0.5502645502645502,1.0,False,-0.1608900148849582,0.02318721503879764
72,8,corto,ls_cuentas ~ sin roc_24,201,-0.025917675357934284,-0.00041688138384538497,0.9267208754284767,0.9681820095999842,0.5174129353233831,1.0,False,-0.1608900148849582,0.02318721503879764
72,8,corto,ls_cuentas_chg24 ~ sin roc_24,201,-0.10828444954959117,-0.0014207966455573806,1.0604376847407744,1.0027013791044945,0.472636815920398,1.0,False,-0.1608900148849582,0.02318721503879764
72,8,corto,ls_cuentas_pct ~ sin roc_24,201,-0.12591144903752277,-0.0018115859598668322,0.9832787181342942,0.958799459760294,0.48756218905472637,1.0,False,-0.1608900148849582,0.02318721503879764
72,8,corto,taker ~ sin roc_24,201,-0.18395523920976664,-0.0024088243409621317,1.0019609454930036,0.9656524991325595,0.47761194029850745,1.0,False,-0.1608900148849582,0.02318721503879764
72,8,corto,taker_chg24 ~ sin roc_24,201,-0.1411375485080711,-0.0017279042666711703,0.9953785398557139,0.9693425546487839,0.4577114427860697,1.0,False,-0.1608900148849582,0.02318721503879764
72,8,corto,taker_pct ~ sin roc_24,200,-0.2186011035012686,-0.002988625381349552,1.0117265120266379,0.9653408413728184,0.465,1.0,False,-0.1608900148849582,0.02318721503879764
72,8,corto,atr_24 [bajo],251,-0.2882255041536674,-0.0016169578247136607,0.6532777672222855,0.9058517570845679,0.3904382470119522,1.0,False,-0.1608900148849582,0.02318721503879764
72,8,corto,vol_24 [bajo],251,-0.28674010513004117,-0.0015363667942402464,0.6596939462424308,0.9002074556771211,0.38645418326693226,1.0,False,-0.1608900148849582,0.02318721503879764
72,8,corto,vol_168 [bajo],251,-0.3501272931776604,-0.002219173731239173,0.6668523526663401,0.9377470505593242,0.4103585657370518,1.0,False,-0.1608900148849582,0.02318721503879764
72,8,corto,rango_168 [bajo],251,-0.32273507293036174,-0.0021643013354752665,0.6953515229081205,0.9328018039914239,0.38645418326693226,1.0,False,-0.1608900148849582,0.02318721503879764
72,8,corto,roc_24 [bajo],251,-0.1853762229306108,-0.001827521109912943,1.0966721375569333,0.9846043921157794,0.4063745019920319,1.0,False,-0.1608900148849582,0.02318721503879764
72,8,corto,roc_72 [bajo],251,-0.13707064375268327,-0.0015511011694195331,1.0558340124408248,0.9378714985496366,0.41434262948207173,1.0,False,-0.1608900148849582,0.02318721503879764
72,8,corto,roc_168 [bajo],251,-0.16308758414772773,-0.0013484588350640464,1.042689123260024,0.9294146622828368,0.40239043824701193,1.0,False,-0.1608900148849582,0.02318721503879764
72,8,corto,roc_720 [bajo],251,-0.05972812171867042,-0.0011731271770376009,1.0421535297580464,0.967380213427014,0.50199203187251,1.0,False,-0.1608900148849582,0.02318721503879764
72,8,corto,compresion [bajo],251,-0.23047163991738773,-0.002211267594468404,0.9262088842520861,0.8866341936067277,0.41434262948207173,1.0,False,-0.1608900148849582,0.02318721503879764
72,8,corto,dd_168 [bajo],251,-0.10015619839959489,-0.0021374119003272716,1.2744226529752978,0.9915096734858899,0.4701195219123506,1.0,False,-0.1608900148849582,0.02318721503879764
72,8,corto,dd_720 [bajo],251,-0.04151792506467334,-0.0017150760180288296,1.193996914025182,0.9402259925748981,0.5139442231075697,1.0,False,-0.1608900148849582,0.02318721503879764
72,8,corto,pos_168 [bajo],251,-0.05241686871161986,6.822052719265118e-05,1.0350527934855505,0.9316985248544942,0.47410358565737054,1.0,False,-0.1608900148849582,0.02318721503879764
72,8,corto,desbal [bajo],251,-0.1764296256231859,-0.0015729238512611867,1.007051521591603,0.9790916095269884,0.43824701195219123,1.0,False,-0.1608900148849582,0.02318721503879764
72,8,corto,desbal_24 [bajo],251,-0.11502494384037755,-0.0016089108870886732,0.9925253944429053,0.9586644005340225,0.4900398406374502,1.0,False,-0.1608900148849582,0.02318721503879764
72,8,corto,desbal_168 [bajo],251,0.012054421908823294,0.0006027196534929206,0.9878109787539161,0.9614476450170042,0.5179282868525896,0.4355,False,-0.1608900148849582,0.02318721503879764
72,8,corto,ticket_rel [bajo],251,-0.1479198950148981,-0.0020738711905474074,1.0035933176860377,0.9644534138813197,0.41832669322709165,1.0,False,-0.1608900148849582,0.02318721503879764
72,8,corto,turnover [bajo],251,-0.15580845565377324,-0.002363101645289523,0.9879113794368953,0.9229159101725065,0.4103585657370518,1.0,False,-0.1608900148849582,0.02318721503879764
72,8,corto,n_surge [bajo],251,-0.10867127727074338,-0.0013559854234963405,0.9830692734168766,0.917798607746878,0.450199203187251,1.0,False,-0.1608900148849582,0.02318721503879764
72,8,corto,oi_chg_1h [bajo],201,-0.29192938383603556,-0.0036416135954647406,1.142864834375885,1.0202720090088602,0.4129353233830846,1.0,False,-0.1608900148849582,0.02318721503879764
72,8,corto,oi_chg_4h [bajo],201,-0.28080879267775405,-0.003787469804515649,1.1559159448371352,1.034079487122192,0.3781094527363184,1.0,False,-0.1608900148849582,0.02318721503879764
72,8,corto,oi_chg_24h [bajo],201,-0.19065883001217637,-0.0026108947165043223,1.09643205485571,0.9923445813542309,0.43283582089552236,1.0,False,-0.1608900148849582,0.02318721503879764
72,8,corto,oi_z [bajo],197,-0.25496586732227305,-0.00301403841658163,1.0664860199038535,1.0187024526292519,0.40609137055837563,1.0,False,-0.1608900148849582,0.02318721503879764
72,8,corto,oi_rel_168 [bajo],201,-0.09819603867169095,-0.00178822972470971,1.047092702665951,0.9230859482159703,0.4228855721393035,1.0,False,-0.1608900148849582,0.02318721503879764
72,8,corto,tt_cuentas [bajo],190,-0.5262057257817009,-0.0055795860052570475,1.1220702227394392,0.9991421858572254,0.35789473684210527,1.0,False,-0.1608900148849582,0.02318721503879764
72,8,corto,tt_cuentas_chg24 [bajo],190,-0.08952569436182156,-0.0004888410596770453,1.0416816303972722,1.0237722913087541,0.4842105263157895,1.0,False,-0.1608900148849582,0.02318721503879764
72,8,corto,tt_cuentas_pct [bajo],188,-0.3720077426248258,-0.0037228109975644976,1.0623392751948855,1.0275918862841336,0.42021276595744683,1.0,False,-0.1608900148849582,0.02318721503879764
72,8,corto,tt_pos [bajo],190,-0.5473999929179406,-0.005639248172410108,0.9608630717238471,0.9851581000330033,0.3105263157894737,1.0,False,-0.1608900148849582,0.02318721503879764
72,8,corto,tt_pos_chg24 [bajo],190,-0.1738282213524426,-0.002425146606879511,1.0703807307331126,1.0074570183390938,0.43157894736842106,1.0,False,-0.1608900148849582,0.02318721503879764
72,8,corto,tt_pos_pct [bajo],189,-0.2469216650380643,-0.0028275801464914324,1.0378973249486287,1.0057135783038618,0.41798941798941797,1.0,False,-0.1608900148849582,0.02318721503879764
72,8,corto,ls_cuentas [bajo],201,-0.5392127509047927,-0.005845436858592091,1.125758695923146,1.0017331542819776,0.35323383084577115,1.0,False,-0.1608900148849582,0.02318721503879764
72,8,corto,ls_cuentas_chg24 [bajo],201,-0.1781005484653451,-0.0016447690394223186,1.0561860160805385,1.0174376316436393,0.4577114427860697,1.0,False,-0.1608900148849582,0.02318721503879764
72,8,corto,ls_cuentas_pct [bajo],201,-0.3642718061285983,-0.003823973093560573,1.064141562816961,1.032890071068857,0.472636815920398,1.0,False,-0.1608900148849582,0.02318721503879764
72,8,corto,taker [bajo],201,-0.09315609924186796,-0.0011397507319158117,0.9785488558579746,0.9663812556995637,0.46766169154228854,1.0,False,-0.1608900148849582,0.02318721503879764
72,8,corto,taker_chg24 [bajo],201,-0.21206251248118674,-0.0021344026718570566,0.9919382477734959,0.9756807989746388,0.4228855721393035,1.0,False,-0.1608900148849582,0.02318721503879764
72,8,corto,taker_pct [bajo],200,-0.08895205396534664,-0.001149743549247408,1.0060021883053627,0.9721257729839073,0.46,1.0,False,-0.1608900148849582,0.02318721503879764
72,8,corto,atr_24 ~ sin roc_24 [bajo],251,-0.30248868525578243,-0.0020203781682289965,0.6776308000673191,0.922307113973637,0.4063745019920319,1.0,False,-0.1608900148849582,0.02318721503879764
72,8,corto,vol_24 ~ sin roc_24 [bajo],251,-0.3062366011799784,-0.002100038342126099,0.7021883729059045,0.9198958296056085,0.4103585657370518,1.0,False,-0.1608900148849582,0.02318721503879764
72,8,corto,vol_168 ~ sin roc_24 [bajo],251,-0.2970652230850077,-0.002033618036850551,0.6993038065581455,0.9551689553598092,0.3904382470119522,1.0,False,-0.1608900148849582,0.02318721503879764
72,8,corto,rango_168 ~ sin roc_24 [bajo],251,-0.3499113183501115,-0.0026300651554170404,0.7327851771758609,0.9444326946503976,0.3904382470119522,1.0,False,-0.1608900148849582,0.02318721503879764
72,8,corto,roc_72 ~ sin roc_24 [bajo],251,-0.16965246589945138,-0.002213331910251508,1.075622723860792,0.9614101714773027,0.42231075697211157,1.0,False,-0.1608900148849582,0.02318721503879764
72,8,corto,roc_168 ~ sin roc_24 [bajo],251,-0.2379069301423735,-0.0024033212379452164,1.0620987309605605,0.9466590075696963,0.38645418326693226,1.0,False,-0.1608900148849582,0.02318721503879764
72,8,corto,roc_720 ~ sin roc_24 [bajo],251,-0.09960330939135963,-0.002011427625578903,1.0525323622101397,0.9786929482450846,0.5139442231075697,1.0,False,-0.1608900148849582,0.02318721503879764
72,8,corto,compresion ~ sin roc_24 [bajo],251,-0.24571478290063747,-0.002760920006617685,0.9434541404472033,0.8994576917169953,0.44621513944223107,1.0,False,-0.1608900148849582,0.02318721503879764
72,8,corto,dd_168 ~ sin roc_24 [bajo],251,-0.04770183365087492,-0.001360521122419067,1.2816522416117666,1.0078689298476993,0.4860557768924303,1.0,False,-0.1608900148849582,0.02318721503879764
72,8,corto,dd_720 ~ sin roc_24 [bajo],251,0.010897369283067592,-0.000812977262051538,1.1867711871368833,0.9479262930893475,0.5219123505976095,0.4425,False,-0.1608900148849582,0.02318721503879764
72,8,corto,pos_168 ~ sin roc_24 [bajo],251,-0.07434285923884115,-0.0006799902676221909,1.0257035474093668,0.9421076780035882,0.4820717131474104,1.0,False,-0.1608900148849582,0.02318721503879764
72,8,corto,desbal ~ sin roc_24 [bajo],251,-0.1782088832989755,-0.00204010691756327,1.0111606453129829,0.9826258300239914,0.44621513944223107,1.0,False,-0.1608900148849582,0.02318721503879764
72,8,corto,desbal_24 ~ sin roc_24 [bajo],251,-0.1317854101579307,-0.0021225642794692108,0.9993241403915819,0.9617918207109963,0.4860557768924303,1.0,False,-0.1608900148849582,0.02318721503879764
72,8,corto,desbal_168 ~ sin roc_24 [bajo],251,-0.02931628065440418,-4.378945656981375e-05,0.986900301241686,0.9617243594758487,0.5338645418326693,1.0,False,-0.1608900148849582,0.02318721503879764
72,8,corto,ticket_rel ~ sin roc_24 [bajo],251,-0.19038846504098664,-0.002642179408731149,1.0036851509138525,0.9660550291123233,0.4302788844621514,1.0,False,-0.1608900148849582,0.02318721503879764
72,8,corto,turnover ~ sin roc_24 [bajo],251,-0.16574634218304085,-0.0027568226043469964,1.0628072945485556,0.9701456573455683,0.4302788844621514,1.0,False,-0.1608900148849582,0.02318721503879764
72,8,corto,n_surge ~ sin roc_24 [bajo],251,-0.10426886170635866,-0.0016120716442431639,1.0393193914229266,0.9654554792937813,0.47410358565737054,1.0,False,-0.1608900148849582,0.02318721503879764
72,8,corto,oi_chg_1h ~ sin roc_24 [bajo],201,-0.3075514744079447,-0.004204770804449566,1.1541912490743578,1.0304409894540218,0.42786069651741293,1.0,False,-0.1608900148849582,0.02318721503879764
72,8,corto,oi_chg_4h ~ sin roc_24 [bajo],201,-0.2586462252345254,-0.0034172752320454575,1.1635068513853664,1.0438962909588532,0.3781094527363184,1.0,False,-0.1608900148849582,0.02318721503879764
72,8,corto,oi_chg_24h ~ sin roc_24 [bajo],201,-0.4615136725281206,-0.006479419620396617,1.116027221531739,1.005802714755293,0.3482587064676617,1.0,False,-0.1608900148849582,0.02318721503879764
72,8,corto,oi_z ~ sin roc_24 [bajo],197,-0.251584918828606,-0.0027749343296824664,1.0719380534080039,1.022156854833736,0.4517766497461929,1.0,False,-0.1608900148849582,0.02318721503879764
72,8,corto,oi_rel_168 ~ sin roc_24 [bajo],201,-0.18447136109292994,-0.0027138919759341885,1.0640441421355142,0.9440584021739398,0.42786069651741293,1.0,False,-0.1608900148849582,0.02318721503879764
72,8,corto,tt_cuentas ~ sin roc_24 [bajo],190,-0.48619104379095696,-0.005356681252170562,1.0921925534224435,0.9815278985815412,0.3684210526315789,1.0,False,-0.1608900148849582,0.02318721503879764
72,8,corto,tt_cuentas_chg24 ~ sin roc_24 [bajo],190,-0.06875977785002318,-0.00030354863965120483,1.0082553479268481,0.9953169864463296,0.46842105263157896,1.0,False,-0.1608900148849582,0.02318721503879764
72,8,corto,tt_cuentas_pct ~ sin roc_24 [bajo],188,-0.32737028717790917,-0.0034618070022831796,1.0012514700061945,0.9968912214413128,0.425531914893617,1.0,False,-0.1608900148849582,0.02318721503879764
72,8,corto,tt_pos ~ sin roc_24 [bajo],190,-0.49547922456736615,-0.005186604055780091,0.9486647968405647,0.9771343800739147,0.33157894736842103,1.0,False,-0.1608900148849582,0.02318721503879764
72,8,corto,tt_pos_chg24 ~ sin roc_24 [bajo],190,-0.051942624394162015,-0.0011816060139387163,1.0476505382773322,0.9983405531477649,0.4473684210526316,1.0,False,-0.1608900148849582,0.02318721503879764
72,8,corto,tt_pos_pct ~ sin roc_24 [bajo],189,-0.16913708890934281,-0.002201304917368028,1.0161684966629467,0.9909846920104934,0.455026455026455,1.0,False,-0.1608900148849582,0.02318721503879764
72,8,corto,ls_cuentas ~ sin roc_24 [bajo],201,-0.4945851388098393,-0.005707095536606227,1.0884048946674505,0.9808378784738425,0.38308457711442784,1.0,False,-0.1608900148849582,0.02318721503879764
72,8,corto,ls_cuentas_chg24 ~ sin roc_24 [bajo],201,-0.10607068466599286,-0.0007264531498231429,1.0103424512121937,0.9911047835519701,0.48258706467661694,1.0,False,-0.1608900148849582,0.02318721503879764
72,8,corto,ls_cuentas_pct ~ sin roc_24 [bajo],201,-0.2679709230058814,-0.002975828761693593,1.0007734526544614,0.9971356340313253,0.43283582089552236,1.0,False,-0.1608900148849582,0.02318721503879764
72,8,corto,taker ~ sin roc_24 [bajo],201,-0.11818387330065808,-0.0011746372548122686,0.9748506731479791,0.9697996386756331,0.4577114427860697,1.0,False,-0.1608900148849582,0.02318721503879764
72,8,corto,taker_chg24 ~ sin roc_24 [bajo],201,-0.2023164734577448,-0.0019688711738744236,0.993626370517045,0.9776061411477208,0.43781094527363185,1.0,False,-0.1608900148849582,0.02318721503879764
72,8,corto,taker_pct ~ sin roc_24 [bajo],200,-0.12909589844961072,-0.0021307124791123395,1.000015050422338,0.9721257729839073,0.43,1.0,False,-0.1608900148849582,0.02318721503879764
72,8,corto,CONTROL azar 1,251,-0.1608900148849582,-0.0017174709659372527,1.0121724183725822,0.9792808298688067,0.4342629482071713,1.0,False,-0.1608900148849582,0.02318721503879764
72,8,corto,CONTROL azar 2,251,-0.16294857482116273,-0.0015299123639956405,1.0060162826405366,0.9803762063638874,0.4581673306772908,1.0,False,-0.1608900148849582,0.02318721503879764
72,8,corto,CONTROL azar 3,251,-0.12179744828528494,-0.0013843076169752513,1.00467125105881,0.98499438830849,0.4581673306772908,1.0,False,-0.1608900148849582,0.02318721503879764
72,16,largo,atr_24,236,-0.022924021022842894,-0.00013341243041004586,1.3207810235311714,1.0730975645503644,0.4322033898305085,1.0,False,-0.1311191077155333,0.06344208431419998
72,16,largo,vol_24,236,-0.07172698254009498,-0.0006622529059818149,1.3126118793297399,1.076233482067795,0.4152542372881356,1.0,False,-0.1311191077155333,0.06344208431419998
72,16,largo,vol_168,236,-0.05193262347579969,-0.0003211094320051442,1.2948384993457922,1.0262350423641493,0.4491525423728814,1.0,False,-0.1311191077155333,0.06344208431419998
72,16,largo,rango_168,236,-0.05940923489950412,-0.0003820727680959994,1.2633037571465973,1.0334056382941341,0.4067796610169492,1.0,False,-0.1311191077155333,0.06344208431419998
72,16,largo,roc_24,236,-0.15468049869173522,-0.0017320235223165226,1.0471150187217644,1.0229347395431265,0.3686440677966102,1.0,False,-0.1311191077155333,0.06344208431419998
72,16,largo,roc_72,236,-0.07919632309095181,-0.000749901326725757,1.0792521719304597,1.050856000290587,0.423728813559322,1.0,False,-0.1311191077155333,0.06344208431419998
72,16,largo,roc_168,236,-0.048409778754692816,-0.0003496660083459775,1.0821785677272107,1.0510788379103069,0.4279661016949153,1.0,False,-0.1311191077155333,0.06344208431419998
72,16,largo,roc_720,236,-0.09281525305006326,-0.001356753988527763,1.0707039526877693,1.0014554603481611,0.4067796610169492,1.0,False,-0.1311191077155333,0.06344208431419998
72,16,largo,compresion,236,-0.15034327373514128,-0.0015062978970339699,1.1114741155868326,1.0808199142374475,0.3898305084745763,1.0,False,-0.1311191077155333,0.06344208431419998
72,16,largo,dd_168,236,-0.10988612899691493,-0.001501250856152458,0.865172688216714,0.9888533033664508,0.3686440677966102,1.0,False,-0.1311191077155333,0.06344208431419998
72,16,largo,dd_720,236,-0.07167108218262964,-0.0009277098888776442,0.8858096730605645,1.0171396626809739,0.4322033898305085,1.0,False,-0.1311191077155333,0.06344208431419998
72,16,largo,pos_168,236,-0.05213772064526593,-0.0008215719122115114,1.031779523719495,1.0324235939311937,0.4025423728813559,1.0,False,-0.1311191077155333,0.06344208431419998
72,16,largo,desbal,236,-0.1450751718698934,-0.0019125523369867652,0.999065642326396,0.9789592522655315,0.3728813559322034,1.0,False,-0.1311191077155333,0.06344208431419998
72,16,largo,desbal_24,236,-0.09222222120550592,-0.0012389126542713298,0.9930081045059397,0.9936788491272117,0.4152542372881356,1.0,False,-0.1311191077155333,0.06344208431419998
72,16,largo,desbal_168,236,-0.08897047568953123,-0.0009711609066553866,0.9866764439795037,0.9976518666416848,0.4491525423728814,1.0,False,-0.1311191077155333,0.06344208431419998
72,16,largo,ticket_rel,236,-0.07925269211234542,-0.0015242408681390284,0.9960754755868229,0.9937700267568483,0.3940677966101695,1.0,False,-0.1311191077155333,0.06344208431419998
72,16,largo,turnover,236,-0.046264208549553876,-0.0009082151424444795,1.0656456887101453,1.043800577473296,0.423728813559322,1.0,False,-0.1311191077155333,0.06344208431419998
72,16,largo,n_surge,236,-0.09108900440979711,-0.0010732755481698728,1.0760385779040142,1.050146380789025,0.4067796610169492,1.0,False,-0.1311191077155333,0.06344208431419998
72,16,largo,oi_chg_1h,185,-0.1635017441028591,-0.002243143957892003,1.0095320053437928,0.9803844633078588,0.3837837837837838,1.0,False,-0.1311191077155333,0.06344208431419998
72,16,largo,oi_chg_4h,185,-0.14054314670613297,-0.0021916264646351428,1.002332937689955,0.979378973174502,0.372972972972973,1.0,False,-0.1311191077155333,0.06344208431419998
72,16,largo,oi_chg_24h,185,-0.07364687478613056,-0.001206749201482713,1.0399667954610052,1.0162261390966447,0.3837837837837838,1.0,False,-0.1311191077155333,0.06344208431419998
72,16,largo,oi_z,180,-0.14253147384324752,-0.0020256849144690108,0.9978084224237046,0.9737225781749912,0.4,1.0,False,-0.1311191077155333,0.06344208431419998
72,16,largo,oi_rel_168,184,-0.0137190827560933,0.00013338800006401202,1.0634641114671022,1.0515386223229164,0.358695652173913,1.0,False,-0.1311191077155333,0.06344208431419998
72,16,largo,tt_cuentas,185,-0.3960266320092896,-0.004277353281865957,0.9388373236589256,0.9749284945778307,0.2756756756756757,1.0,False,-0.1311191077155333,0.06344208431419998
72,16,largo,tt_cuentas_chg24,185,-0.20942172831830486,-0.0023472775510222908,1.003554713409965,0.9823920367893273,0.33513513513513515,1.0,False,-0.1311191077155333,0.06344208431419998
72,16,largo,tt_cuentas_pct,183,-0.25270671580143483,-0.002623478554042206,0.9850949649813179,0.956550497367692,0.3989071038251366,1.0,False,-0.1311191077155333,0.06344208431419998
72,16,largo,tt_pos,185,-0.3160797238204103,-0.0037609840549037445,0.998182878785652,0.9762408432808918,0.24324324324324326,1.0,False,-0.1311191077155333,0.06344208431419998
72,16,largo,tt_pos_chg24,185,-0.19804342642597414,-0.0025961096211765075,1.014573134407953,0.978387249975855,0.32972972972972975,1.0,False,-0.1311191077155333,0.06344208431419998
72,16,largo,tt_pos_pct,184,-0.25729380353210124,-0.0031577197105163712,1.000778430194783,0.9737445126795847,0.3423913043478261,1.0,False,-0.1311191077155333,0.06344208431419998
72,16,largo,ls_cuentas,185,-0.3794503286502128,-0.004108394918189913,0.9467650935843152,0.9736702747938575,0.2972972972972973,1.0,False,-0.1311191077155333,0.06344208431419998
72,16,largo,ls_cuentas_chg24,185,-0.16618676618484543,-0.0017571193092126738,1.0099073841057038,0.9805383312695846,0.4,1.0,False,-0.1311191077155333,0.06344208431419998
72,16,largo,ls_cuentas_pct,184,-0.25086938964787486,-0.0025775734512225963,0.9879154367412498,0.9600106268661076,0.3804347826086957,1.0,False,-0.1311191077155333,0.06344208431419998
72,16,largo,taker,185,-0.14014217439375282,-0.0013620401716976022,1.0054904433241896,0.9785454393515123,0.3621621621621622,1.0,False,-0.1311191077155333,0.06344208431419998
72,16,largo,taker_chg24,185,-0.19596048989803283,-0.0023174560835005084,1.0019095164288372,0.9769978351517465,0.3621621621621622,1.0,False,-0.1311191077155333,0.06344208431419998
72,16,largo,taker_pct,184,-0.18515778263137495,-0.002203688249399648,1.0068970211176256,0.9759356397601973,0.3695652173913043,1.0,False,-0.1311191077155333,0.06344208431419998
72,16,largo,atr_24 ~ sin roc_24,236,-0.07692583112240452,-0.0007424625672146354,1.2886912246159048,1.0525229588619136,0.4449152542372881,1.0,False,-0.1311191077155333,0.06344208431419998
72,16,largo,vol_24 ~ sin roc_24,236,-0.09120440885028344,-0.0009070307434740742,1.2750204580589541,1.0535109370427151,0.4025423728813559,1.0,False,-0.1311191077155333,0.06344208431419998
72,16,largo,vol_168 ~ sin roc_24,236,-0.08824640523311224,-0.0007271870765602729,1.2574343177869851,1.0165202740937933,0.4449152542372881,1.0,False,-0.1311191077155333,0.06344208431419998
72,16,largo,rango_168 ~ sin roc_24,236,-0.13479202861821238,-0.00140011944411519,1.2346309489017857,1.0240952101280762,0.4110169491525424,1.0,False,-0.1311191077155333,0.06344208431419998
72,16,largo,roc_72 ~ sin roc_24,236,-0.10869626954917927,-0.0013273684000164128,1.0535205689674192,1.0284742083352156,0.4279661016949153,1.0,False,-0.1311191077155333,0.06344208431419998
72,16,largo,roc_168 ~ sin roc_24,236,-0.06872269044769984,-0.0005247322233790065,1.05918263908027,1.0350561009232315,0.4110169491525424,1.0,False,-0.1311191077155333,0.06344208431419998
72,16,largo,roc_720 ~ sin roc_24,236,-0.14506749435837665,-0.0019294788379542202,1.0672901197598503,0.9968755460189869,0.4322033898305085,1.0,False,-0.1311191077155333,0.06344208431419998
72,16,largo,compresion ~ sin roc_24,236,-0.18950020980349466,-0.0022170852514983336,1.0885663778040209,1.065578207640085,0.3728813559322034,1.0,False,-0.1311191077155333,0.06344208431419998
72,16,largo,dd_168 ~ sin roc_24,236,-0.12977723512304043,-0.0017186481888015889,0.8614602115361647,0.9766179027319332,0.3940677966101695,1.0,False,-0.1311191077155333,0.06344208431419998
72,16,largo,dd_720 ~ sin roc_24,236,-0.0717009461920641,-0.0011094836413614868,0.8866716924509365,1.0075191200395608,0.4533898305084746,1.0,False,-0.1311191077155333,0.06344208431419998
72,16,largo,pos_168 ~ sin roc_24,236,-0.06532610302061358,-0.0013046487339814373,1.0188415531459483,1.0155819220037534,0.3940677966101695,1.0,False,-0.1311191077155333,0.06344208431419998
72,16,largo,desbal ~ sin roc_24,236,-0.17638770202749804,-0.0022913668433095333,0.9916687452062067,0.9737271488734897,0.3135593220338983,1.0,False,-0.1311191077155333,0.06344208431419998
72,16,largo,desbal_24 ~ sin roc_24,236,-0.08533476355170613,-0.001298175645504832,0.9855784313001248,0.9842203475237656,0.4279661016949153,1.0,False,-0.1311191077155333,0.06344208431419998
72,16,largo,desbal_168 ~ sin roc_24,236,-0.08003718001920561,-0.000878150464797141,0.9869633403733336,0.9943598123530923,0.4194915254237288,1.0,False,-0.1311191077155333,0.06344208431419998
72,16,largo,ticket_rel ~ sin roc_24,236,-0.09335809638929134,-0.0018483907969680774,0.9939192702385073,0.9909455554378392,0.4110169491525424,1.0,False,-0.1311191077155333,0.06344208431419998
72,16,largo,turnover ~ sin roc_24,236,-0.07135473592015547,-0.0011892671460161973,1.0450563420780385,1.0209036922985455,0.4491525423728814,1.0,False,-0.1311191077155333,0.06344208431419998
72,16,largo,n_surge ~ sin roc_24,236,-0.07706286212165188,-0.0009317489856365404,1.0487652898675828,1.0228538370986187,0.4576271186440678,1.0,False,-0.1311191077155333,0.06344208431419998
72,16,largo,oi_chg_1h ~ sin roc_24,185,-0.12149979388931789,-0.0018669989325481747,1.0025136608920928,0.9742383459302998,0.3783783783783784,1.0,False,-0.1311191077155333,0.06344208431419998
72,16,largo,oi_chg_4h ~ sin roc_24,185,-0.15377535403180587,-0.002463669789964753,0.998862031238371,0.9737585268789949,0.3891891891891892,1.0,False,-0.1311191077155333,0.06344208431419998
72,16,largo,oi_chg_24h ~ sin roc_24,185,-0.16658656935019225,-0.0025597502530662515,1.0095588263455395,0.9890285663358742,0.3675675675675676,1.0,False,-0.1311191077155333,0.06344208431419998
72,16,largo,oi_z ~ sin roc_24,180,-0.14610745745023182,-0.002172615463657375,0.9936244258442124,0.967897712999961,0.40555555555555556,1.0,False,-0.1311191077155333,0.06344208431419998
72,16,largo,oi_rel_168 ~ sin roc_24,184,-0.12520463567672768,-0.0018749284736679001,1.0444980456441586,1.0343604605104155,0.3423913043478261,1.0,False,-0.1311191077155333,0.06344208431419998
72,16,largo,tt_cuentas ~ sin roc_24,185,-0.3379043948701568,-0.0035433752419167775,0.9408924954945087,0.977967408739844,0.31351351351351353,1.0,False,-0.1311191077155333,0.06344208431419998
72,16,largo,tt_cuentas_chg24 ~ sin roc_24,185,-0.17618429959728002,-0.001664462256727878,1.022362907198552,0.9920144693058476,0.34054054054054056,1.0,False,-0.1311191077155333,0.06344208431419998
72,16,largo,tt_cuentas_pct ~ sin roc_24,183,-0.27141680282781017,-0.002904562309226956,0.9906994342786857,0.9645733303744166,0.3333333333333333,1.0,False,-0.1311191077155333,0.06344208431419998
72,16,largo,tt_pos ~ sin roc_24,185,-0.32894354518335617,-0.0039021593758653285,0.9977631333915047,0.9777930034378062,0.2756756756756757,1.0,False,-0.1311191077155333,0.06344208431419998
72,16,largo,tt_pos_chg24 ~ sin roc_24,185,-0.16216329951034197,-0.0019108147886119338,1.017024033313286,0.9822481122563539,0.372972972972973,1.0,False,-0.1311191077155333,0.06344208431419998
72,16,largo,tt_pos_pct ~ sin roc_24,184,-0.2377556020783639,-0.0029372704472728976,1.0002595701288097,0.9756807989746388,0.34782608695652173,1.0,False,-0.1311191077155333,0.06344208431419998
72,16,largo,ls_cuentas ~ sin roc_24,185,-0.38618001565963206,-0.004265327961556478,0.947946840278709,0.9781881524202184,0.2810810810810811,1.0,False,-0.1311191077155333,0.06344208431419998
72,16,largo,ls_cuentas_chg24 ~ sin roc_24,185,-0.17120314634474676,-0.0018577938286882586,1.0298592961203528,0.9888434700963291,0.34054054054054056,1.0,False,-0.1311191077155333,0.06344208431419998
72,16,largo,ls_cuentas_pct ~ sin roc_24,184,-0.26787262919403715,-0.0028001693095600247,0.9897297443331028,0.9676385065278472,0.33152173913043476,1.0,False,-0.1311191077155333,0.06344208431419998
72,16,largo,taker ~ sin roc_24,185,-0.11597784410157136,-0.0012273676807096484,1.0118567287962237,0.9788592304391099,0.3675675675675676,1.0,False,-0.1311191077155333,0.06344208431419998
72,16,largo,taker_chg24 ~ sin roc_24,185,-0.19298424329980476,-0.00210033783788551,1.002748986100979,0.9766156287883501,0.3783783783783784,1.0,False,-0.1311191077155333,0.06344208431419998
72,16,largo,taker_pct ~ sin roc_24,184,-0.17204639683105968,-0.001954413352199505,1.0047230709540411,0.9738838103746461,0.358695652173913,1.0,False,-0.1311191077155333,0.06344208431419998
72,16,largo,atr_24 [bajo],236,-0.23496220401958792,-0.003176268147054664,0.7764684227279502,0.9205721576744412,0.3389830508474576,1.0,False,-0.1311191077155333,0.06344208431419998
72,16,largo,vol_24 [bajo],236,-0.22938643438686934,-0.003088238387506186,0.780736374944391,0.916943107977287,0.3516949152542373,1.0,False,-0.1311191077155333,0.06344208431419998
72,16,largo,vol_168 [bajo],236,-0.20688128203258507,-0.002721771653646428,0.7869009806285129,0.9490547908593214,0.3728813559322034,1.0,False,-0.1311191077155333,0.06344208431419998
72,16,largo,rango_168 [bajo],236,-0.20095076098709183,-0.002646432607846179,0.804976197223935,0.9445524236822258,0.3516949152542373,1.0,False,-0.1311191077155333,0.06344208431419998
72,16,largo,roc_24 [bajo],236,-0.13825938402957327,-0.0022586174122135637,1.0086582457235655,0.9611914954156842,0.4449152542372881,1.0,False,-0.1311191077155333,0.06344208431419998
72,16,largo,roc_72 [bajo],236,-0.19518875353512025,-0.0026953040990425324,0.9938186556656274,0.9372366899558562,0.4025423728813559,1.0,False,-0.1311191077155333,0.06344208431419998
72,16,largo,roc_168 [bajo],236,-0.1813536039543728,-0.0025106169836041636,0.9925746930495899,0.9311516764756378,0.3813559322033898,1.0,False,-0.1311191077155333,0.06344208431419998
72,16,largo,roc_720 [bajo],236,-0.25096981415616687,-0.0030534261907453255,0.9948025233570771,0.9661147571904969,0.3601694915254237,1.0,False,-0.1311191077155333,0.06344208431419998
72,16,largo,compresion [bajo],236,-0.08209125029722304,-0.0013844682139732502,0.9402553476397973,0.9072682625239605,0.4322033898305085,1.0,False,-0.1311191077155333,0.06344208431419998
72,16,largo,dd_168 [bajo],236,-0.15504867253080656,-0.0016556008119684403,1.1533004465886179,0.9804299754755412,0.3983050847457627,1.0,False,-0.1311191077155333,0.06344208431419998
72,16,largo,dd_720 [bajo],236,-0.22769108113621078,-0.0026472330798735294,1.1139429266616752,0.9511893224288082,0.3559322033898305,1.0,False,-0.1311191077155333,0.06344208431419998
72,16,largo,pos_168 [bajo],236,-0.24143689466158386,-0.0031201971834954327,1.0084445796271242,0.9415075985836122,0.3855932203389831,1.0,False,-0.1311191077155333,0.06344208431419998
72,16,largo,desbal [bajo],236,-0.11319771672672044,-0.0017628890968495296,1.0059572069245026,0.9858393987345181,0.4364406779661017,1.0,False,-0.1311191077155333,0.06344208431419998
72,16,largo,desbal_24 [bajo],236,-0.1991327309585003,-0.002794976503089373,0.9991870428649875,0.9670683947104108,0.3432203389830508,1.0,False,-0.1311191077155333,0.06344208431419998
72,16,largo,desbal_168 [bajo],236,-0.24699944348190994,-0.003117514538662299,0.998113044373869,0.9668567808731061,0.2966101694915254,1.0,False,-0.1311191077155333,0.06344208431419998
72,16,largo,ticket_rel [bajo],236,-0.2515904211298823,-0.0028617050672004127,1.0059960579851326,0.9706868115751051,0.3135593220338983,1.0,False,-0.1311191077155333,0.06344208431419998
72,16,largo,turnover [bajo],236,-0.22099951530173836,-0.002503238851355104,0.9725661852645494,0.935029528386613,0.3813559322033898,1.0,False,-0.1311191077155333,0.06344208431419998
72,16,largo,n_surge [bajo],236,-0.1831698815980089,-0.002351142575253383,0.9669308786159261,0.9334849953111306,0.3813559322033898,1.0,False,-0.1311191077155333,0.06344208431419998
72,16,largo,oi_chg_1h [bajo],185,-0.13479094801151686,-0.0011308643561864693,1.0455441692195226,0.9963039007586156,0.41621621621621624,1.0,False,-0.1311191077155333,0.06344208431419998
72,16,largo,oi_chg_4h [bajo],185,-0.10057120857301088,-0.001006428626764241,1.0486280641687806,0.9989232746245327,0.41081081081081083,1.0,False,-0.1311191077155333,0.06344208431419998
72,16,largo,oi_chg_24h [bajo],185,-0.17008822413597804,-0.0018223453912501219,1.0113860724542993,0.9707919960532125,0.41081081081081083,1.0,False,-0.1311191077155333,0.06344208431419998
72,16,largo,oi_z [bajo],180,-0.09140326215149482,-0.0010904745181782019,1.028682650408051,0.9949483919323032,0.42777777777777776,1.0,False,-0.1311191077155333,0.06344208431419998
72,16,largo,oi_rel_168 [bajo],184,-0.22186231501136888,-0.0028818402610456067,1.0042835307928224,0.9295947956481669,0.3804347826086957,1.0,False,-0.1311191077155333,0.06344208431419998
72,16,largo,tt_cuentas [bajo],185,0.13595966967644058,0.001061599518255056,1.0922050431911172,0.9871931672466379,0.5783783783783784,0.0145,False,-0.1311191077155333,0.06344208431419998
72,16,largo,tt_cuentas_chg24 [bajo],185,-0.1334370514642442,-0.0018656228023890898,1.0133032020909756,0.9940754658771007,0.40540540540540543,1.0,False,-0.1311191077155333,0.06344208431419998
72,16,largo,tt_cuentas_pct [bajo],183,-0.05567334086652092,-0.000955838568631009,1.0279138860882608,1.0035241907205075,0.3825136612021858,1.0,False,-0.1311191077155333,0.06344208431419998
72,16,largo,tt_pos [bajo],185,0.06216537987079084,0.00044693616485926246,0.9909245024340712,0.9866978207554271,0.4864864864864865,0.1275,False,-0.1311191077155333,0.06344208431419998
72,16,largo,tt_pos_chg24 [bajo],185,-0.11530783520570434,-0.0010828819656050197,1.0171276067062438,0.9891251983558393,0.3783783783783784,1.0,False,-0.1311191077155333,0.06344208431419998
72,16,largo,tt_pos_pct [bajo],184,-0.02801260993807268,-0.00015355831757142926,1.0172858611914692,0.991040800075027,0.42934782608695654,1.0,False,-0.1311191077155333,0.06344208431419998
72,16,largo,ls_cuentas [bajo],185,0.08554299879583464,0.0004889245951971185,1.0791398391591174,0.9871029487203455,0.518918918918919,0.0655,False,-0.1311191077155333,0.06344208431419998
72,16,largo,ls_cuentas_chg24 [bajo],185,-0.1056187356339928,-0.0017017239899786,1.0109004135724153,0.9951183537069392,0.3945945945945946,1.0,False,-0.1311191077155333,0.06344208431419998
72,16,largo,ls_cuentas_pct [bajo],184,-0.0845912087479999,-0.001194186563117974,1.0194896743301558,1.0081955958681792,0.3695652173913043,1.0,False,-0.1311191077155333,0.06344208431419998
72,16,largo,taker [bajo],185,-0.1892637599880074,-0.0021098914825896735,0.9943801084042259,0.9770456897323758,0.3837837837837838,1.0,False,-0.1311191077155333,0.06344208431419998
72,16,largo,taker_chg24 [bajo],185,-0.14187744537460026,-0.001957531334503352,0.9986267955022112,0.9806073347695087,0.3567567567567568,1.0,False,-0.1311191077155333,0.06344208431419998
72,16,largo,taker_pct [bajo],184,-0.21635873280412002,-0.0025878787162924204,1.0016293237691758,0.9789652194365763,0.3804347826086957,1.0,False,-0.1311191077155333,0.06344208431419998
72,16,largo,atr_24 ~ sin roc_24 [bajo],236,-0.2023604974258609,-0.0027759131657780285,0.7889438098493332,0.9312567947468898,0.3516949152542373,1.0,False,-0.1311191077155333,0.06344208431419998
72,16,largo,vol_24 ~ sin roc_24 [bajo],236,-0.1708373953699025,-0.0023374741233861867,0.8007842820740938,0.9298461992700323,0.3644067796610169,1.0,False,-0.1311191077155333,0.06344208431419998
72,16,largo,vol_168 ~ sin roc_24 [bajo],236,-0.16137583340965242,-0.0022449795944202446,0.8015655229741776,0.9575808788353648,0.3728813559322034,1.0,False,-0.1311191077155333,0.06344208431419998
72,16,largo,rango_168 ~ sin roc_24 [bajo],236,-0.14332042434577688,-0.002169536431223429,0.8277273118480312,0.9516198107192527,0.3601694915254237,1.0,False,-0.1311191077155333,0.06344208431419998
72,16,largo,roc_72 ~ sin roc_24 [bajo],236,-0.1603583258180351,-0.0022986212890629357,1.0042928826590065,0.9532610405729923,0.423728813559322,1.0,False,-0.1311191077155333,0.06344208431419998
72,16,largo,roc_168 ~ sin roc_24 [bajo],236,-0.15675513965004023,-0.0022973615593656167,1.0000208856052777,0.9442104557233291,0.4110169491525424,1.0,False,-0.1311191077155333,0.06344208431419998
72,16,largo,roc_720 ~ sin roc_24 [bajo],236,-0.18289019576615828,-0.0021826622636450235,0.9986599572729009,0.9752891244274858,0.3601694915254237,1.0,False,-0.1311191077155333,0.06344208431419998
72,16,largo,compresion ~ sin roc_24 [bajo],236,-0.07678999517459123,-0.0012007420682884195,0.9494837429666733,0.9170175593665736,0.4322033898305085,1.0,False,-0.1311191077155333,0.06344208431419998
72,16,largo,dd_168 ~ sin roc_24 [bajo],236,-0.17870310827671565,-0.0019697889354471036,1.167978672244132,0.9946703239516574,0.3644067796610169,1.0,False,-0.1311191077155333,0.06344208431419998
72,16,largo,dd_720 ~ sin roc_24 [bajo],236,-0.2571207932455577,-0.0029294728625876344,1.113125345037386,0.9572075632981034,0.3389830508474576,1.0,False,-0.1311191077155333,0.06344208431419998
72,16,largo,pos_168 ~ sin roc_24 [bajo],236,-0.19127473675803192,-0.002157367377010696,1.0122762039016162,0.9537162845304016,0.3559322033898305,1.0,False,-0.1311191077155333,0.06344208431419998
72,16,largo,desbal ~ sin roc_24 [bajo],236,-0.086610243218063,-0.0011433349969111298,1.010616914186991,0.9888595462346359,0.4406779661016949,1.0,False,-0.1311191077155333,0.06344208431419998
72,16,largo,desbal_24 ~ sin roc_24 [bajo],236,-0.18093396152936064,-0.002447148378801628,1.0025112594791148,0.9737804613835884,0.3347457627118644,1.0,False,-0.1311191077155333,0.06344208431419998
72,16,largo,desbal_168 ~ sin roc_24 [bajo],236,-0.26689353433548213,-0.003403906052667437,0.9976417525316988,0.9688476010614046,0.2923728813559322,1.0,False,-0.1311191077155333,0.06344208431419998
72,16,largo,ticket_rel ~ sin roc_24 [bajo],236,-0.2355908354481016,-0.002574986622520454,1.0062322504020167,0.9732802845579016,0.3305084745762712,1.0,False,-0.1311191077155333,0.06344208431419998
72,16,largo,turnover ~ sin roc_24 [bajo],236,-0.19269453269479292,-0.002101383773497619,0.996596471248045,0.9597654562560954,0.3559322033898305,1.0,False,-0.1311191077155333,0.06344208431419998
72,16,largo,n_surge ~ sin roc_24 [bajo],236,-0.17869830459344316,-0.002201773983612176,0.9918173856562524,0.9580104077955707,0.3771186440677966,1.0,False,-0.1311191077155333,0.06344208431419998
72,16,largo,oi_chg_1h ~ sin roc_24 [bajo],185,-0.1452102311270508,-0.0009422342883674213,1.0493888848464648,1.0021187844274966,0.41081081081081083,1.0,False,-0.1311191077155333,0.06344208431419998
72,16,largo,oi_chg_4h ~ sin roc_24 [bajo],185,-0.13213585187077234,-0.0015101954423127352,1.0534770137417204,1.0046677493514289,0.3783783783783784,1.0,False,-0.1311191077155333,0.06344208431419998
72,16,largo,oi_chg_24h ~ sin roc_24 [bajo],185,-0.07280329518331907,-0.0005918152598658599,1.0363558622204383,0.9878215692311137,0.3783783783783784,1.0,False,-0.1311191077155333,0.06344208431419998
72,16,largo,oi_z ~ sin roc_24 [bajo],180,-0.10857371540061714,-0.0012182522411188982,1.031430145235639,1.001372391020998,0.39444444444444443,1.0,False,-0.1311191077155333,0.06344208431419998
72,16,largo,oi_rel_168 ~ sin roc_24 [bajo],184,-0.16852109488296713,-0.0020753252224728082,1.015889954289741,0.9452737210735777,0.3804347826086957,1.0,False,-0.1311191077155333,0.06344208431419998
72,16,largo,tt_cuentas ~ sin roc_24 [bajo],185,0.06604920598195825,0.00015192131908074434,1.076853496995142,0.9817940436977715,0.5351351351351351,0.119,False,-0.1311191077155333,0.06344208431419998
72,16,largo,tt_cuentas_chg24 ~ sin roc_24 [bajo],185,-0.16600174668985831,-0.0024373240132426065,0.9952613152386838,0.978789998035504,0.3783783783783784,1.0,False,-0.1311191077155333,0.06344208431419998
72,16,largo,tt_cuentas_pct ~ sin roc_24 [bajo],183,-0.02808251224471366,-0.000739171709472371,1.0026554585115381,0.9897585562763033,0.40437158469945356,1.0,False,-0.1311191077155333,0.06344208431419998
72,16,largo,tt_pos ~ sin roc_24 [bajo],185,0.04936019007474987,0.00025179927322087207,0.9874750332325649,0.9833815560525188,0.5027027027027027,0.1845,False,-0.1311191077155333,0.06344208431419998
72,16,largo,tt_pos_chg24 ~ sin roc_24 [bajo],185,-0.13901821203713347,-0.001697435729587407,1.0082991793747802,0.9842212093929925,0.3837837837837838,1.0,False,-0.1311191077155333,0.06344208431419998
72,16,largo,tt_pos_pct ~ sin roc_24 [bajo],184,-0.06135984408636716,-0.000776856423658406,1.011177220136968,0.987346088957769,0.42391304347826086,1.0,False,-0.1311191077155333,0.06344208431419998
72,16,largo,ls_cuentas ~ sin roc_24 [bajo],185,0.06120257858312578,0.00015832201562014517,1.0602902690560183,0.982440392780894,0.5243243243243243,0.1245,False,-0.1311191077155333,0.06344208431419998
72,16,largo,ls_cuentas_chg24 ~ sin roc_24 [bajo],185,-0.17959877612886638,-0.002625416229426653,0.9918492866535229,0.9799100750189962,0.4,1.0,False,-0.1311191077155333,0.06344208431419998
72,16,largo,ls_cuentas_pct ~ sin roc_24 [bajo],184,-0.0813772351408555,-0.0011323751279260007,1.0015345465090468,0.9934636156494767,0.3858695652173913,1.0,False,-0.1311191077155333,0.06344208431419998
72,16,largo,taker ~ sin roc_24 [bajo],185,-0.19440407739302734,-0.0022702421043647066,0.9865467849199548,0.9747441755982185,0.35135135135135137,1.0,False,-0.1311191077155333,0.06344208431419998
72,16,largo,taker_chg24 ~ sin roc_24 [bajo],185,-0.11257542979812821,-0.0016393875783513232,0.9998022474456669,0.9800081203971256,0.40540540540540543,1.0,False,-0.1311191077155333,0.06344208431419998
72,16,largo,taker_pct ~ sin roc_24 [bajo],184,-0.21606487420967116,-0.002598922504691536,0.9985024804946458,0.9766190564140038,0.3695652173913043,1.0,False,-0.1311191077155333,0.06344208431419998
72,16,largo,CONTROL azar 1,236,-0.19132775493178686,-0.002457912219640761,1.0032494298647128,0.9814557897052871,0.3559322033898305,1.0,False,-0.1311191077155333,0.06344208431419998
72,16,largo,CONTROL azar 2,236,-0.1311191077155333,-0.001766802073944273,1.0064058084588678,0.9825407744723106,0.3686440677966102,1.0,False,-0.1311191077155333,0.06344208431419998
72,16,largo,CONTROL azar 3,236,-0.06449761632744656,-0.0008834356584614627,1.0011680243604077,0.9817173460110542,0.4491525423728814,1.0,False,-0.1311191077155333,0.06344208431419998
72,16,corto,atr_24,236,-0.24111099687502077,-0.003866587569589957,1.3207810235311714,1.0730975645503644,0.4025423728813559,1.0,False,-0.18958462621049701,0.06419856975629128
72,16,corto,vol_24,236,-0.19730347913614035,-0.003337747094018188,1.3126118793297399,1.076233482067795,0.4067796610169492,1.0,False,-0.18958462621049701,0.06419856975629128
72,16,corto,vol_168,236,-0.2107316353604581,-0.003678890567994859,1.2948384993457922,1.0262350423641493,0.3644067796610169,1.0,False,-0.18958462621049701,0.06419856975629128
72,16,corto,rango_168,236,-0.21160786445272622,-0.0036179272319040038,1.2633037571465973,1.0334056382941341,0.3686440677966102,1.0,False,-0.18958462621049701,0.06419856975629128
72,16,corto,roc_24,236,-0.1706612571485034,-0.00226797647768348,1.0471150187217644,1.0229347395431265,0.3855932203389831,1.0,False,-0.18958462621049701,0.06419856975629128
72,16,corto,roc_72,236,-0.24712843953690994,-0.0032500986732742457,1.0792521719304597,1.050856000290587,0.3983050847457627,1.0,False,-0.18958462621049701,0.06419856975629128
72,16,corto,roc_168,236,-0.2766480734777126,-0.0036503339916540254,1.0821785677272107,1.0510788379103069,0.3347457627118644,1.0,False,-0.18958462621049701,0.06419856975629128
72,16,corto,roc_720,236,-0.22249058065937816,-0.0026432460114722395,1.0707039526877693,1.0014554603481611,0.3813559322033898,1.0,False,-0.18958462621049701,0.06419856975629128
72,16,corto,compresion,236,-0.17199623846109185,-0.002493702102966033,1.1114741155868326,1.0808199142374475,0.3983050847457627,1.0,False,-0.18958462621049701,0.06419856975629128
72,16,corto,dd_168,236,-0.26485265893628324,-0.002498749143847545,0.865172688216714,0.9888533033664508,0.326271186440678,1.0,False,-0.18958462621049701,0.06419856975629128
72,16,corto,dd_720,236,-0.3050316957392747,-0.003072290111122359,0.8858096730605645,1.0171396626809739,0.3093220338983051,1.0,False,-0.18958462621049701,0.06419856975629128
72,16,corto,pos_168,236,-0.279539105082299,-0.003178428087788492,1.031779523719495,1.0324235939311937,0.3771186440677966,1.0,False,-0.18958462621049701,0.06419856975629128
72,16,corto,desbal,236,-0.17762507854510226,-0.0020874476630132377,0.999065642326396,0.9789592522655315,0.3813559322033898,1.0,False,-0.18958462621049701,0.06419856975629128
72,16,corto,desbal_24,236,-0.23613459545258444,-0.002761087345728673,0.9930081045059397,0.9936788491272117,0.3686440677966102,1.0,False,-0.18958462621049701,0.06419856975629128
72,16,corto,desbal_168,236,-0.2419132516329499,-0.003028839093344616,0.9866764439795037,0.9976518666416848,0.288135593220339,1.0,False,-0.18958462621049701,0.06419856975629128
72,16,corto,ticket_rel,236,-0.24963316477610348,-0.0024757591318609736,0.9960754755868229,0.9937700267568483,0.3389830508474576,1.0,False,-0.18958462621049701,0.06419856975629128
72,16,corto,turnover,236,-0.2763677569770712,-0.0030917848575555233,1.0656456887101453,1.043800577473296,0.3516949152542373,1.0,False,-0.18958462621049701,0.06419856975629128
72,16,corto,n_surge,236,-0.22938010502333286,-0.00292672445183013,1.0760385779040142,1.050146380789025,0.3855932203389831,1.0,False,-0.18958462621049701,0.06419856975629128
72,16,corto,oi_chg_1h,185,-0.16394098951732278,-0.0017568560421079994,1.0095320053437928,0.9803844633078588,0.40540540540540543,1.0,False,-0.18958462621049701,0.06419856975629128
72,16,corto,oi_chg_4h,185,-0.18973788467871106,-0.00180837353536486,1.002332937689955,0.979378973174502,0.34594594594594597,1.0,False,-0.18958462621049701,0.06419856975629128
72,16,corto,oi_chg_24h,185,-0.2567799333104849,-0.0027932507985172893,1.0399667954610052,1.0162261390966447,0.372972972972973,1.0,False,-0.18958462621049701,0.06419856975629128
72,16,corto,oi_z,180,-0.18669472596391345,-0.001974315085530992,0.9978084224237046,0.9737225781749912,0.3888888888888889,1.0,False,-0.18958462621049701,0.06419856975629128
72,16,corto,oi_rel_168,184,-0.3221037457979049,-0.004133388000064015,1.0634641114671022,1.0515386223229164,0.375,1.0,False,-0.18958462621049701,0.06419856975629128
72,16,corto,tt_cuentas,185,0.047809096587815014,0.00027735328186595466,0.9388373236589256,0.9749284945778307,0.5027027027027027,0.2125,False,-0.18958462621049701,0.06419856975629128
72,16,corto,tt_cuentas_chg24,185,-0.11817684273378583,-0.0016527224489777117,1.003554713409965,0.9823920367893273,0.42162162162162165,1.0,False,-0.18958462621049701,0.06419856975629128
72,16,corto,tt_cuentas_pct,183,-0.07311060143178473,-0.0013765214459577969,0.9850949649813179,0.956550497367692,0.4207650273224044,1.0,False,-0.18958462621049701,0.06419856975629128
72,16,corto,tt_pos,185,-0.012802926265030282,-0.00023901594509625866,0.998182878785652,0.9762408432808918,0.4756756756756757,1.0,False,-0.18958462621049701,0.06419856975629128
72,16,corto,tt_pos_chg24,185,-0.12654773698178404,-0.0014038903788234954,1.014573134407953,0.978387249975855,0.43243243243243246,1.0,False,-0.18958462621049701,0.06419856975629128
72,16,corto,tt_pos_pct,184,-0.06795151662910716,-0.0008422802894836311,1.000778430194783,0.9737445126795847,0.43478260869565216,1.0,False,-0.18958462621049701,0.06419856975629128
72,16,corto,ls_cuentas,185,0.034997263108372104,0.00010839491818990989,0.9467650935843152,0.9736702747938575,0.4864864864864865,0.2935,False,-0.18958462621049701,0.06419856975629128
72,16,corto,ls_cuentas_chg24,185,-0.15905884138868653,-0.002242880690787329,1.0099073841057038,0.9805383312695846,0.3891891891891892,1.0,False,-0.18958462621049701,0.06419856975629128
72,16,corto,ls_cuentas_pct,184,-0.07459448682981949,-0.001422426548777406,0.9879154367412498,0.9600106268661076,0.4076086956521739,1.0,False,-0.18958462621049701,0.06419856975629128
72,16,corto,taker,185,-0.1848261052033734,-0.0026379598283024007,1.0054904433241896,0.9785454393515123,0.3945945945945946,1.0,False,-0.18958462621049701,0.06419856975629128
72,16,corto,taker_chg24,185,-0.13093035492465632,-0.001682543916499494,1.0019095164288372,0.9769978351517465,0.40540540540540543,1.0,False,-0.18958462621049701,0.06419856975629128
72,16,corto,taker_pct,184,-0.13852433117371915,-0.0017963117506003545,1.0068970211176256,0.9759356397601973,0.40217391304347827,1.0,False,-0.18958462621049701,0.06419856975629128
72,16,corto,atr_24 ~ sin roc_24,236,-0.19068296375448718,-0.0032575374327853675,1.2886912246159048,1.0525229588619136,0.3855932203389831,1.0,False,-0.18958462621049701,0.06419856975629128
72,16,corto,vol_24 ~ sin roc_24,236,-0.18070384226746367,-0.0030929692565259286,1.2750204580589541,1.0535109370427151,0.4025423728813559,1.0,False,-0.18958462621049701,0.06419856975629128
72,16,corto,vol_168 ~ sin roc_24,236,-0.17850051174592305,-0.0032728129234397304,1.2574343177869851,1.0165202740937933,0.3855932203389831,1.0,False,-0.18958462621049701,0.06419856975629128
72,16,corto,rango_168 ~ sin roc_24,236,-0.1391110334536154,-0.0025998805558848127,1.2346309489017857,1.0240952101280762,0.4067796610169492,1.0,False,-0.18958462621049701,0.06419856975629128
72,16,corto,roc_72 ~ sin roc_24,236,-0.21635730682851953,-0.00267263159998359,1.0535205689674192,1.0284742083352156,0.4067796610169492,1.0,False,-0.18958462621049701,0.06419856975629128
72,16,corto,roc_168 ~ sin roc_24,236,-0.25538371972738766,-0.003475267776620996,1.05918263908027,1.0350561009232315,0.3771186440677966,1.0,False,-0.18958462621049701,0.06419856975629128
72,16,corto,roc_720 ~ sin roc_24,236,-0.1669374490534296,-0.0020705211620457823,1.0672901197598503,0.9968755460189869,0.3728813559322034,1.0,False,-0.18958462621049701,0.06419856975629128
72,16,corto,compresion ~ sin roc_24,236,-0.1342868529397189,-0.001782914748501669,1.0885663778040209,1.065578207640085,0.4152542372881356,1.0,False,-0.18958462621049701,0.06419856975629128
72,16,corto,dd_168 ~ sin roc_24,236,-0.2437325267576938,-0.002281351811198413,0.8614602115361647,0.9766179027319332,0.3516949152542373,1.0,False,-0.18958462621049701,0.06419856975629128
72,16,corto,dd_720 ~ sin roc_24,236,-0.3012104462550458,-0.0028905163586385157,0.8866716924509365,1.0075191200395608,0.326271186440678,1.0,False,-0.18958462621049701,0.06419856975629128
72,16,corto,pos_168 ~ sin roc_24,236,-0.26504198283035013,-0.0026953512660185656,1.0188415531459483,1.0155819220037534,0.3686440677966102,1.0,False,-0.18958462621049701,0.06419856975629128
72,16,corto,desbal ~ sin roc_24,236,-0.14690265505073916,-0.0017086331566904692,0.9916687452062067,0.9737271488734897,0.3728813559322034,1.0,False,-0.18958462621049701,0.06419856975629128
72,16,corto,desbal_24 ~ sin roc_24,236,-0.24330891921135608,-0.002701824354495171,0.9855784313001248,0.9842203475237656,0.3644067796610169,1.0,False,-0.18958462621049701,0.06419856975629128
72,16,corto,desbal_168 ~ sin roc_24,236,-0.2494807402878014,-0.003121849535202862,0.9869633403733336,0.9943598123530923,0.3093220338983051,1.0,False,-0.18958462621049701,0.06419856975629128
72,16,corto,ticket_rel ~ sin roc_24,236,-0.23537128824481224,-0.002151609203031925,0.9939192702385073,0.9909455554378392,0.3347457627118644,1.0,False,-0.18958462621049701,0.06419856975629128
72,16,corto,turnover ~ sin roc_24,236,-0.2493955787742212,-0.002810732853983806,1.0450563420780385,1.0209036922985455,0.3644067796610169,1.0,False,-0.18958462621049701,0.06419856975629128
72,16,corto,n_surge ~ sin roc_24,236,-0.24314621822792568,-0.0030682510143634624,1.0487652898675828,1.0228538370986187,0.3474576271186441,1.0,False,-0.18958462621049701,0.06419856975629128
72,16,corto,oi_chg_1h ~ sin roc_24,185,-0.20589024022230615,-0.002133001067451828,1.0025136608920928,0.9742383459302998,0.34594594594594597,1.0,False,-0.18958462621049701,0.06419856975629128
72,16,corto,oi_chg_4h ~ sin roc_24,185,-0.17579195458859026,-0.0015363302100352503,0.998862031238371,0.9737585268789949,0.372972972972973,1.0,False,-0.18958462621049701,0.06419856975629128
72,16,corto,oi_chg_24h ~ sin roc_24,185,-0.16197177784287997,-0.0014402497469337516,1.0095588263455395,0.9890285663358742,0.4,1.0,False,-0.18958462621049701,0.06419856975629128
72,16,corto,oi_z ~ sin roc_24,180,-0.18311961422939563,-0.001827384536342628,0.9936244258442124,0.967897712999961,0.38333333333333336,1.0,False,-0.18958462621049701,0.06419856975629128
72,16,corto,oi_rel_168 ~ sin roc_24,184,-0.2079271130882216,-0.002125071526332102,1.0444980456441586,1.0343604605104155,0.3804347826086957,1.0,False,-0.18958462621049701,0.06419856975629128
72,16,corto,tt_cuentas ~ sin roc_24,185,-0.010220492662020141,-0.0004566247580832249,0.9408924954945087,0.977967408739844,0.4864864864864865,1.0,False,-0.18958462621049701,0.06419856975629128
72,16,corto,tt_cuentas_chg24 ~ sin roc_24,185,-0.14988427272600965,-0.0023355377432721248,1.022362907198552,0.9920144693058476,0.40540540540540543,1.0,False,-0.18958462621049701,0.06419856975629128
72,16,corto,tt_cuentas_pct ~ sin roc_24,183,-0.05428814685801456,-0.0010954376907730463,0.9906994342786857,0.9645733303744166,0.44808743169398907,1.0,False,-0.18958462621049701,0.06419856975629128
72,16,corto,tt_pos ~ sin roc_24,185,-0.00024998017345833636,-9.784062413467413e-05,0.9977631333915047,0.9777930034378062,0.5297297297297298,1.0,False,-0.18958462621049701,0.06419856975629128
72,16,corto,tt_pos_chg24 ~ sin roc_24,185,-0.1627204272982428,-0.0020891852113880684,1.017024033313286,0.9822481122563539,0.4,1.0,False,-0.18958462621049701,0.06419856975629128
72,16,corto,tt_pos_pct ~ sin roc_24,184,-0.08775729590149438,-0.0010627295527271053,1.0002595701288097,0.9756807989746388,0.42391304347826086,1.0,False,-0.18958462621049701,0.06419856975629128
72,16,corto,ls_cuentas ~ sin roc_24,185,0.041303316833381266,0.00026532796155647495,0.947946840278709,0.9781881524202184,0.518918918918919,0.2085,False,-0.18958462621049701,0.06419856975629128
72,16,corto,ls_cuentas_chg24 ~ sin roc_24,185,-0.15292029192101925,-0.002142206171311744,1.0298592961203528,0.9888434700963291,0.43243243243243246,1.0,False,-0.18958462621049701,0.06419856975629128
72,16,corto,ls_cuentas_pct ~ sin roc_24,184,-0.0577348713292025,-0.0011998306904399776,0.9897297443331028,0.9676385065278472,0.41847826086956524,1.0,False,-0.18958462621049701,0.06419856975629128
72,16,corto,taker ~ sin roc_24,185,-0.20790978379963365,-0.0027726323192903547,1.0118567287962237,0.9788592304391099,0.372972972972973,1.0,False,-0.18958462621049701,0.06419856975629128
72,16,corto,taker_chg24 ~ sin roc_24,185,-0.13288610488716535,-0.001899662162114493,1.002748986100979,0.9766156287883501,0.3783783783783784,1.0,False,-0.18958462621049701,0.06419856975629128
72,16,corto,taker_pct ~ sin roc_24,184,-0.15159656751791575,-0.002045586647800497,1.0047230709540411,0.9738838103746461,0.375,1.0,False,-0.18958462621049701,0.06419856975629128
72,16,corto,atr_24 [bajo],236,-0.1658536115860869,-0.0008237318529453388,0.7764684227279502,0.9205721576744412,0.3516949152542373,1.0,False,-0.18958462621049701,0.06419856975629128
72,16,corto,vol_24 [bajo],236,-0.1652671020273606,-0.0009117616124938162,0.780736374944391,0.916943107977287,0.3940677966101695,1.0,False,-0.18958462621049701,0.06419856975629128
72,16,corto,vol_168 [bajo],236,-0.19523956374405918,-0.001278228346353574,0.7869009806285129,0.9490547908593214,0.3855932203389831,1.0,False,-0.18958462621049701,0.06419856975629128
72,16,corto,rango_168 [bajo],236,-0.18948297821661486,-0.001353567392153823,0.804976197223935,0.9445524236822258,0.3474576271186441,1.0,False,-0.18958462621049701,0.06419856975629128
72,16,corto,roc_24 [bajo],236,-0.17713649346678806,-0.0017413825877864396,1.0086582457235655,0.9611914954156842,0.3347457627118644,1.0,False,-0.18958462621049701,0.06419856975629128
72,16,corto,roc_72 [bajo],236,-0.11710435381402869,-0.0013046959009574703,0.9938186556656274,0.9372366899558562,0.423728813559322,1.0,False,-0.18958462621049701,0.06419856975629128
72,16,corto,roc_168 [bajo],236,-0.13092446439622452,-0.0014893830163958393,0.9925746930495899,0.9311516764756378,0.3644067796610169,1.0,False,-0.18958462621049701,0.06419856975629128
72,16,corto,roc_720 [bajo],236,-0.06980561977512516,-0.0009465738092546773,0.9948025233570771,0.9661147571904969,0.4576271186440678,1.0,False,-0.18958462621049701,0.06419856975629128
72,16,corto,compresion [bajo],236,-0.23728812397407795,-0.0026155317860267523,0.9402553476397973,0.9072682625239605,0.326271186440678,1.0,False,-0.18958462621049701,0.06419856975629128
72,16,corto,dd_168 [bajo],236,-0.12387776741228773,-0.002344399188031563,1.1533004465886179,0.9804299754755412,0.3983050847457627,1.0,False,-0.18958462621049701,0.06419856975629128
72,16,corto,dd_720 [bajo],236,-0.05359656282507098,-0.0013527669201264735,1.1139429266616752,0.9511893224288082,0.4364406779661017,1.0,False,-0.18958462621049701,0.06419856975629128
72,16,corto,pos_168 [bajo],236,-0.06744574754856587,-0.0008798028165045699,1.0084445796271242,0.9415075985836122,0.3855932203389831,1.0,False,-0.18958462621049701,0.06419856975629128
72,16,corto,desbal [bajo],236,-0.2071988663901184,-0.0022371109031504733,1.0059572069245026,0.9858393987345181,0.3432203389830508,1.0,False,-0.18958462621049701,0.06419856975629128
72,16,corto,desbal_24 [bajo],236,-0.11896200115756823,-0.00120502349691063,0.9991870428649875,0.9670683947104108,0.4110169491525424,1.0,False,-0.18958462621049701,0.06419856975629128
72,16,corto,desbal_168 [bajo],236,-0.07110749122160108,-0.0008824854613377036,0.998113044373869,0.9668567808731061,0.4745762711864407,1.0,False,-0.18958462621049701,0.06419856975629128
72,16,corto,ticket_rel [bajo],236,-0.06376666550901651,-0.0011382949327995895,1.0059960579851326,0.9706868115751051,0.4025423728813559,1.0,False,-0.18958462621049701,0.06419856975629128
72,16,corto,turnover [bajo],236,-0.09628562368036675,-0.0014967611486448981,0.9725661852645494,0.935029528386613,0.3940677966101695,1.0,False,-0.18958462621049701,0.06419856975629128
72,16,corto,n_surge [bajo],236,-0.13542945906574616,-0.0016488574247466195,0.9669308786159261,0.9334849953111306,0.3771186440677966,1.0,False,-0.18958462621049701,0.06419856975629128
72,16,corto,oi_chg_1h [bajo],185,-0.1851985637983019,-0.002869135643813533,1.0455441692195226,0.9963039007586156,0.3675675675675676,1.0,False,-0.18958462621049701,0.06419856975629128
72,16,corto,oi_chg_4h [bajo],185,-0.2197312749725122,-0.002993571373235762,1.0486280641687806,0.9989232746245327,0.34054054054054056,1.0,False,-0.18958462621049701,0.06419856975629128
72,16,corto,oi_chg_24h [bajo],185,-0.14944055452437568,-0.002177654608749881,1.0113860724542993,0.9707919960532125,0.32432432432432434,1.0,False,-0.18958462621049701,0.06419856975629128
72,16,corto,oi_z [bajo],180,-0.2338484982973386,-0.002909525481821801,1.028682650408051,0.9949483919323032,0.35,1.0,False,-0.18958462621049701,0.06419856975629128
72,16,corto,oi_rel_168 [bajo],184,-0.08989825677483591,-0.0011181597389543954,1.0042835307928224,0.9295947956481669,0.3532608695652174,1.0,False,-0.18958462621049701,0.06419856975629128
72,16,corto,tt_cuentas [bajo],185,-0.44099154915212607,-0.005061599518255059,1.0922050431911172,0.9871931672466379,0.2864864864864865,1.0,False,-0.18958462621049701,0.06419856975629128
72,16,corto,tt_cuentas_chg24 [bajo],185,-0.19632950914473152,-0.0021343771976109127,1.0133032020909756,0.9940754658771007,0.4,1.0,False,-0.18958462621049701,0.06419856975629128
72,16,corto,tt_cuentas_pct [bajo],183,-0.27418197238511205,-0.0030441614313689936,1.0279138860882608,1.0035241907205075,0.4426229508196721,1.0,False,-0.18958462621049701,0.06419856975629128
72,16,corto,tt_pos [bajo],185,-0.39363117028661626,-0.0044469361648592646,0.9909245024340712,0.9866978207554271,0.23783783783783785,1.0,False,-0.18958462621049701,0.06419856975629128
72,16,corto,tt_pos_chg24 [bajo],185,-0.2116478220350441,-0.002917118034394983,1.0171276067062438,0.9891251983558393,0.3621621621621622,1.0,False,-0.18958462621049701,0.06419856975629128
72,16,corto,tt_pos_pct [bajo],184,-0.298884624201932,-0.0038464416824285736,1.0172858611914692,0.991040800075027,0.33695652173913043,1.0,False,-0.18958462621049701,0.06419856975629128
72,16,corto,ls_cuentas [bajo],185,-0.39517964971485803,-0.004488924595197122,1.0791398391591174,0.9871029487203455,0.31351351351351353,1.0,False,-0.18958462621049701,0.06419856975629128
72,16,corto,ls_cuentas_chg24 [bajo],185,-0.2254089475544139,-0.002298276010021403,1.0109004135724153,0.9951183537069392,0.372972972972973,1.0,False,-0.18958462621049701,0.06419856975629128
72,16,corto,ls_cuentas_pct [bajo],184,-0.2469157999430307,-0.0028058134368820287,1.0194896743301558,1.0081955958681792,0.41847826086956524,1.0,False,-0.18958462621049701,0.06419856975629128
72,16,corto,taker [bajo],185,-0.14141413648077378,-0.0018901085174103291,0.9943801084042259,0.9770456897323758,0.3945945945945946,1.0,False,-0.18958462621049701,0.06419856975629128
72,16,corto,taker_chg24 [bajo],185,-0.18800422952109241,-0.002042468665496651,0.9986267955022112,0.9806073347695087,0.372972972972973,1.0,False,-0.18958462621049701,0.06419856975629128
72,16,corto,taker_pct [bajo],184,-0.11235129451860626,-0.001412121283707582,1.0016293237691758,0.9789652194365763,0.41304347826086957,1.0,False,-0.18958462621049701,0.06419856975629128
72,16,corto,atr_24 ~ sin roc_24 [bajo],236,-0.19272410915468818,-0.001224086834221974,0.7889438098493332,0.9312567947468898,0.3559322033898305,1.0,False,-0.18958462621049701,0.06419856975629128
72,16,corto,vol_24 ~ sin roc_24 [bajo],236,-0.21662407750818247,-0.0016625258766138154,0.8007842820740938,0.9298461992700323,0.3559322033898305,1.0,False,-0.18958462621049701,0.06419856975629128
72,16,corto,vol_168 ~ sin roc_24 [bajo],236,-0.23466483458421997,-0.0017550204055797579,0.8015655229741776,0.9575808788353648,0.3559322033898305,1.0,False,-0.18958462621049701,0.06419856975629128
72,16,corto,rango_168 ~ sin roc_24 [bajo],236,-0.23864789736219236,-0.0018304635687765736,0.8277273118480312,0.9516198107192527,0.3347457627118644,1.0,False,-0.18958462621049701,0.06419856975629128
72,16,corto,roc_72 ~ sin roc_24 [bajo],236,-0.1534992288568868,-0.001701378710937067,1.0042928826590065,0.9532610405729923,0.3898305084745763,1.0,False,-0.18958462621049701,0.06419856975629128
72,16,corto,roc_168 ~ sin roc_24 [bajo],236,-0.15758153782983356,-0.0017026384406343856,1.0000208856052777,0.9442104557233291,0.3940677966101695,1.0,False,-0.18958462621049701,0.06419856975629128
72,16,corto,roc_720 ~ sin roc_24 [bajo],236,-0.13847137388305455,-0.0018173377363549792,0.9986599572729009,0.9752891244274858,0.4703389830508475,1.0,False,-0.18958462621049701,0.06419856975629128
72,16,corto,compresion ~ sin roc_24 [bajo],236,-0.24250864208626344,-0.0027992579317115836,0.9494837429666733,0.9170175593665736,0.3474576271186441,1.0,False,-0.18958462621049701,0.06419856975629128
72,16,corto,dd_168 ~ sin roc_24 [bajo],236,-0.1005287612469407,-0.0020302110645528987,1.167978672244132,0.9946703239516574,0.4194915254237288,1.0,False,-0.18958462621049701,0.06419856975629128
72,16,corto,dd_720 ~ sin roc_24 [bajo],236,-0.026298163186192117,-0.0010705271374123685,1.113125345037386,0.9572075632981034,0.461864406779661,1.0,False,-0.18958462621049701,0.06419856975629128
72,16,corto,pos_168 ~ sin roc_24 [bajo],236,-0.11978864998928329,-0.0018426326229893065,1.0122762039016162,0.9537162845304016,0.3771186440677966,1.0,False,-0.18958462621049701,0.06419856975629128
72,16,corto,desbal ~ sin roc_24 [bajo],236,-0.23339021417142233,-0.002856665003088873,1.010616914186991,0.9888595462346359,0.3093220338983051,1.0,False,-0.18958462621049701,0.06419856975629128
72,16,corto,desbal_24 ~ sin roc_24 [bajo],236,-0.13733311806759468,-0.0015528516211983745,1.0025112594791148,0.9737804613835884,0.4322033898305085,1.0,False,-0.18958462621049701,0.06419856975629128
72,16,corto,desbal_168 ~ sin roc_24 [bajo],236,-0.052248711561924566,-0.0005960939473325655,0.9976417525316988,0.9688476010614046,0.461864406779661,1.0,False,-0.18958462621049701,0.06419856975629128
72,16,corto,ticket_rel ~ sin roc_24 [bajo],236,-0.0809795422355263,-0.0014250133774795484,1.0062322504020167,0.9732802845579016,0.4491525423728814,1.0,False,-0.18958462621049701,0.06419856975629128
72,16,corto,turnover ~ sin roc_24 [bajo],236,-0.12448275726161397,-0.0018986162265023836,0.996596471248045,0.9597654562560954,0.3728813559322034,1.0,False,-0.18958462621049701,0.06419856975629128
72,16,corto,n_surge ~ sin roc_24 [bajo],236,-0.14072158317135333,-0.0017982260163878269,0.9918173856562524,0.9580104077955707,0.4025423728813559,1.0,False,-0.18958462621049701,0.06419856975629128
72,16,corto,oi_chg_1h ~ sin roc_24 [bajo],185,-0.1746109815536592,-0.0030577657116325815,1.0493888848464648,1.0021187844274966,0.3891891891891892,1.0,False,-0.18958462621049701,0.06419856975629128
72,16,corto,oi_chg_4h ~ sin roc_24 [bajo],185,-0.18767567343655264,-0.0024898045576872683,1.0534770137417204,1.0046677493514289,0.3783783783783784,1.0,False,-0.18958462621049701,0.06419856975629128
72,16,corto,oi_chg_24h ~ sin roc_24 [bajo],185,-0.24590872346040318,-0.0034081847401341426,1.0363558622204383,0.9878215692311137,0.3891891891891892,1.0,False,-0.18958462621049701,0.06419856975629128
72,16,corto,oi_z ~ sin roc_24 [bajo],180,-0.21680689502247694,-0.002781747758881105,1.031430145235639,1.001372391020998,0.3611111111111111,1.0,False,-0.18958462621049701,0.06419856975629128
72,16,corto,oi_rel_168 ~ sin roc_24 [bajo],184,-0.14466303482025347,-0.0019246747775271942,1.015889954289741,0.9452737210735777,0.3532608695652174,1.0,False,-0.18958462621049701,0.06419856975629128
72,16,corto,tt_cuentas ~ sin roc_24 [bajo],185,-0.3718816349076671,-0.004151921319080747,1.076853496995142,0.9817940436977715,0.2918918918918919,1.0,False,-0.18958462621049701,0.06419856975629128
72,16,corto,tt_cuentas_chg24 ~ sin roc_24 [bajo],185,-0.16477840195673113,-0.0015626759867573958,0.9952613152386838,0.978789998035504,0.3621621621621622,1.0,False,-0.18958462621049701,0.06419856975629128
72,16,corto,tt_cuentas_pct ~ sin roc_24 [bajo],183,-0.3052899250160132,-0.003260828290527631,1.0026554585115381,0.9897585562763033,0.3442622950819672,1.0,False,-0.18958462621049701,0.06419856975629128
72,16,corto,tt_pos ~ sin roc_24 [bajo],185,-0.38091402726753104,-0.004251799273220874,0.9874750332325649,0.9833815560525188,0.24324324324324326,1.0,False,-0.18958462621049701,0.06419856975629128
72,16,corto,tt_pos_chg24 ~ sin roc_24 [bajo],185,-0.18712983354455517,-0.002302564270412596,1.0082991793747802,0.9842212093929925,0.3945945945945946,1.0,False,-0.18958462621049701,0.06419856975629128
72,16,corto,tt_pos_pct ~ sin roc_24 [bajo],184,-0.2668994078709845,-0.0032231435763415968,1.011177220136968,0.987346088957769,0.32065217391304346,1.0,False,-0.18958462621049701,0.06419856975629128
72,16,corto,ls_cuentas ~ sin roc_24 [bajo],185,-0.3713407640601543,-0.004158322015620147,1.0602902690560183,0.982440392780894,0.2864864864864865,1.0,False,-0.18958462621049701,0.06419856975629128
72,16,corto,ls_cuentas_chg24 ~ sin roc_24 [bajo],185,-0.15319812239422742,-0.0013745837705733499,0.9918492866535229,0.9799100750189962,0.3891891891891892,1.0,False,-0.18958462621049701,0.06419856975629128
72,16,corto,ls_cuentas_pct ~ sin roc_24 [bajo],184,-0.2518109865674017,-0.002867624872074002,1.0015345465090468,0.9934636156494767,0.3532608695652174,1.0,False,-0.18958462621049701,0.06419856975629128
72,16,corto,taker ~ sin roc_24 [bajo],185,-0.13772207016678897,-0.001729757895635296,0.9865467849199548,0.9747441755982185,0.3621621621621622,1.0,False,-0.18958462621049701,0.06419856975629128
72,16,corto,taker_chg24 ~ sin roc_24 [bajo],185,-0.21683356636059067,-0.0023606124216486797,0.9998022474456669,0.9800081203971256,0.3621621621621622,1.0,False,-0.18958462621049701,0.06419856975629128
72,16,corto,taker_pct ~ sin roc_24 [bajo],184,-0.11342625608675118,-0.0014010774953084663,0.9985024804946458,0.9766190564140038,0.3967391304347826,1.0,False,-0.18958462621049701,0.06419856975629128
72,16,corto,CONTROL azar 1,236,-0.1296348266834215,-0.0015420877803592424,1.0032494298647128,0.9814557897052871,0.3983050847457627,1.0,False,-0.18958462621049701,0.06419856975629128
72,16,corto,CONTROL azar 2,236,-0.18958462621049701,-0.00223319792605573,1.0064058084588678,0.9825407744723106,0.3347457627118644,1.0,False,-0.18958462621049701,0.06419856975629128
72,16,corto,CONTROL azar 3,236,-0.2579402162695864,-0.00311656434153854,1.0011680243604077,0.9817173460110542,0.3516949152542373,1.0,False,-0.18958462621049701,0.06419856975629128
168,3,largo,atr_24,249,1.4480007857347668,0.024267738980927375,2.292847632335799,1.204256729759503,0.4538152610441767,0.0045,False,-0.385001750851821,0.5734408636223445
168,3,largo,vol_24,249,1.3295405793755153,0.019967803205131043,2.239873547341005,1.2052635582232123,0.4899598393574297,0.007,False,-0.385001750851821,0.5734408636223445
168,3,largo,vol_168,249,0.5443482782117189,0.014755176725787437,2.0060812049215624,0.9857594561029625,0.4738955823293173,0.104,False,-0.385001750851821,0.5734408636223445
168,3,largo,rango_168,249,0.951521734871304,0.018996386063257417,1.964280293740403,1.0128628144368976,0.4939759036144578,0.0155,False,-0.385001750851821,0.5734408636223445
168,3,largo,roc_24,249,0.5775409309228625,0.006663256828230063,1.6601343369604928,1.0655758280881458,0.3895582329317269,0.1595,False,-0.385001750851821,0.5734408636223445
168,3,largo,roc_72,249,0.7496510425442906,0.010090579976551979,1.7744135059684334,1.1292045706831304,0.4738955823293173,0.0865,False,-0.385001750851821,0.5734408636223445
168,3,largo,roc_168,249,0.37727206279669784,0.005409990999108916,1.785783618437536,1.0655758280881458,0.40562248995983935,0.2405,False,-0.385001750851821,0.5734408636223445
168,3,largo,roc_720,249,0.715172192071315,0.008735168609427435,1.6040765173114118,0.8850469257485644,0.5220883534136547,0.044,False,-0.385001750851821,0.5734408636223445
168,3,largo,compresion,249,0.17933349357077616,-0.001384248854918955,1.7737756424977054,1.187529807793557,0.40963855421686746,0.4065,False,-0.385001750851821,0.5734408636223445
168,3,largo,dd_168,249,-0.09502216877752588,-0.00035734873671923234,0.8186560382659729,0.8245822556277824,0.46184738955823296,1.0,False,-0.385001750851821,0.5734408636223445
168,3,largo,dd_720,249,0.3738371168718984,0.0030002899858552826,0.8493245716282479,0.8711900113841688,0.4779116465863454,0.147,False,-0.385001750851821,0.5734408636223445
168,3,largo,pos_168,249,0.5466387724584578,0.008851382196897543,1.238952050662154,0.9193350872986221,0.46184738955823296,0.073,False,-0.385001750851821,0.5734408636223445
168,3,largo,desbal,249,-0.008787602342663261,0.0016040325892356854,1.0145730522314174,0.7682784984277922,0.42971887550200805,1.0,False,-0.385001750851821,0.5734408636223445
168,3,largo,desbal_24,249,0.10740840813739735,0.002570994201334836,0.9534943896456507,0.8153051600431175,0.44176706827309237,0.382,False,-0.385001750851821,0.5734408636223445
168,3,largo,desbal_168,248,0.6255160012345679,0.00683610038401996,0.8842233304117559,0.8082365096858561,0.5120967741935484,0.0285,False,-0.385001750851821,0.5734408636223445
168,3,largo,ticket_rel,248,0.029740857484958128,-0.003020106998356997,1.0712526924896948,0.8069185463469559,0.4435483870967742,0.4855,False,-0.385001750851821,0.5734408636223445
168,3,largo,turnover,249,0.688477822047247,0.00839594260002668,1.5272511390304784,1.0349663000288156,0.41767068273092367,0.1285,False,-0.385001750851821,0.5734408636223445
168,3,largo,n_surge,249,0.8253123812615897,0.01061217830737118,1.562041004166757,1.056497456442566,0.42971887550200805,0.0765,False,-0.385001750851821,0.5734408636223445
168,3,largo,oi_chg_1h,199,0.005047622397767451,0.0022423880690012835,1.323115166391553,0.8763039163828211,0.4472361809045226,0.4995,False,-0.385001750851821,0.5734408636223445
168,3,largo,oi_chg_4h,199,-0.15320088948060182,0.002014521619943191,1.2797779653130876,0.8780490187780694,0.4623115577889447,1.0,False,-0.385001750851821,0.5734408636223445
168,3,largo,oi_chg_24h,199,0.9563238100678331,0.008935820804060874,1.6121805401085023,1.0464953593038526,0.4824120603015075,0.044,False,-0.385001750851821,0.5734408636223445
168,3,largo,oi_z,193,-0.4193263994562416,-0.005180685297205306,1.1130836201772416,0.8267669609520689,0.42487046632124353,1.0,False,-0.385001750851821,0.5734408636223445
168,3,largo,oi_rel_168,199,1.2575840218943186,0.015240065805768551,1.7895552795732408,1.1389775059289649,0.49246231155778897,0.017,False,-0.385001750851821,0.5734408636223445
168,3,largo,tt_cuentas,188,-0.5326432051721626,-0.00818631611304396,0.8887685074104229,0.7519467944623497,0.3191489361702128,1.0,False,-0.385001750851821,0.5734408636223445
168,3,largo,tt_cuentas_chg24,188,-0.12498712772586487,0.003953739218831736,1.1828978462030248,0.835458909465644,0.4574468085106383,1.0,False,-0.385001750851821,0.5734408636223445
168,3,largo,tt_cuentas_pct,186,0.021253275886847715,0.00039425027532138804,1.0206263562367808,0.757917847423206,0.44623655913978494,0.479,False,-0.385001750851821,0.5734408636223445
168,3,largo,tt_pos,188,-1.0031080947224316,-0.012636020113808004,0.980394834093996,0.7214141702339956,0.3670212765957447,1.0,False,-0.385001750851821,0.5734408636223445
168,3,largo,tt_pos_chg24,188,-0.652166125817473,-0.007571704836384739,1.12710520612186,0.8159591522430442,0.35638297872340424,1.0,False,-0.385001750851821,0.5734408636223445
168,3,largo,tt_pos_pct,187,-0.4144251414502193,-0.0062977565936241,1.0143499431874157,0.7681225638239221,0.34759358288770054,1.0,False,-0.385001750851821,0.5734408636223445
168,3,largo,ls_cuentas,199,-0.41165233916632066,-0.004500674419015747,0.8808223876293124,0.7243505881796678,0.35678391959798994,1.0,False,-0.385001750851821,0.5734408636223445
168,3,largo,ls_cuentas_chg24,199,-0.33029752581688737,-0.0002212327379125619,1.2174703538814722,0.826023972469697,0.4020100502512563,1.0,False,-0.385001750851821,0.5734408636223445
168,3,largo,ls_cuentas_pct,199,0.028368133517066983,-0.0010490429477766116,1.0377043404220068,0.7553646609034187,0.47738693467336685,0.456,False,-0.385001750851821,0.5734408636223445
168,3,largo,taker,199,0.007003001935973578,-0.00021225312931593936,0.9720967550307849,0.7641075722561476,0.4472361809045226,0.5,False,-0.385001750851821,0.5734408636223445
168,3,largo,taker_chg24,199,0.19490705304245529,0.0007215113003678455,0.9831121691342446,0.7646785880001432,0.4020100502512563,0.34,False,-0.385001750851821,0.5734408636223445
168,3,largo,taker_pct,198,0.29004830113614605,0.0062534728429449625,1.0240815518579591,0.7632422348422456,0.41919191919191917,0.2175,False,-0.385001750851821,0.5734408636223445
168,3,largo,atr_24 ~ sin roc_24,249,0.5971330619495578,0.013223737524863275,2.1009177383422015,1.103641094010898,0.4497991967871486,0.0885,False,-0.385001750851821,0.5734408636223445
168,3,largo,vol_24 ~ sin roc_24,249,0.8659646231395357,0.013529462783535081,2.0624157853433505,1.1032790928343568,0.5020080321285141,0.0335,False,-0.385001750851821,0.5734408636223445
168,3,largo,vol_168 ~ sin roc_24,249,0.37041734427343787,0.010763445283160682,1.8677729073724596,0.9428035400341684,0.4738955823293173,0.183,False,-0.385001750851821,0.5734408636223445
168,3,largo,rango_168 ~ sin roc_24,249,0.11744952733207645,0.006143759359885466,1.821500697481233,0.957769806795935,0.46184738955823296,0.4025,False,-0.385001750851821,0.5734408636223445
168,3,largo,roc_72 ~ sin roc_24,249,0.5165263762720412,0.009569865483426726,1.602172105823658,1.009353899884272,0.46586345381526106,0.091,False,-0.385001750851821,0.5734408636223445
168,3,largo,roc_168 ~ sin roc_24,249,0.0954358940689101,0.00517995070253697,1.6379449326640252,0.9886096801874856,0.43373493975903615,0.429,False,-0.385001750851821,0.5734408636223445
168,3,largo,roc_720 ~ sin roc_24,249,0.21968449578062238,0.0047355769302402494,1.5485601323741738,0.8585103485109352,0.5060240963855421,0.2905,False,-0.385001750851821,0.5734408636223445
168,3,largo,compresion ~ sin roc_24,249,-0.13470726347389492,-0.0023293274451988578,1.5811161636344382,1.0926838975289452,0.39357429718875503,1.0,False,-0.385001750851821,0.5734408636223445
168,3,largo,dd_168 ~ sin roc_24,249,-0.11293659847756123,-0.0016797986079372022,0.7438787080969427,0.7820650416310062,0.4738955823293173,1.0,False,-0.385001750851821,0.5734408636223445
168,3,largo,dd_720 ~ sin roc_24,249,0.4904928932466974,0.0024074852148034706,0.8420303537873771,0.8384900086557515,0.4779116465863454,0.121,False,-0.385001750851821,0.5734408636223445
168,3,largo,pos_168 ~ sin roc_24,249,0.3187772674709764,0.004697459736136642,1.102189289765169,0.8624959759882944,0.46586345381526106,0.164,False,-0.385001750851821,0.5734408636223445
168,3,largo,desbal ~ sin roc_24,249,-0.14345645004130267,-0.00024801394691884596,0.9903103554323421,0.7557538985890834,0.42971887550200805,1.0,False,-0.385001750851821,0.5734408636223445
168,3,largo,desbal_24 ~ sin roc_24,249,0.2200957903438134,0.0032141777161900148,0.9289660585780921,0.7794043189455804,0.41767068273092367,0.2955,False,-0.385001750851821,0.5734408636223445
168,3,largo,desbal_168 ~ sin roc_24,248,0.5524720514213244,0.004220885673171943,0.8746452042464433,0.7969805832691239,0.5161290322580645,0.041,False,-0.385001750851821,0.5734408636223445
168,3,largo,ticket_rel ~ sin roc_24,248,0.18357839573554344,0.0005096262163422061,1.0511812287798776,0.7915578602760864,0.4314516129032258,0.311,False,-0.385001750851821,0.5734408636223445
168,3,largo,turnover ~ sin roc_24,249,0.5963449485507875,0.009812787408580341,1.3754662454782167,0.9517689375571113,0.40160642570281124,0.0875,False,-0.385001750851821,0.5734408636223445
168,3,largo,n_surge ~ sin roc_24,249,0.5050900945600392,0.010588919227617037,1.4444741018279406,0.98291830054326,0.42168674698795183,0.1385,False,-0.385001750851821,0.5734408636223445
168,3,largo,oi_chg_1h ~ sin roc_24,199,-0.07789092362367248,0.0010340162787145577,1.2875904952795834,0.8711900113841688,0.40703517587939697,1.0,False,-0.385001750851821,0.5734408636223445
168,3,largo,oi_chg_4h ~ sin roc_24,199,-0.21852282046695262,0.0010091518435543542,1.2508012564361488,0.8693269196068395,0.4221105527638191,1.0,False,-0.385001750851821,0.5734408636223445
168,3,largo,oi_chg_24h ~ sin roc_24,199,-0.2395487780465944,-0.0031117588898279813,1.4230232483238772,0.930325279199716,0.41708542713567837,1.0,False,-0.385001750851821,0.5734408636223445
168,3,largo,oi_z ~ sin roc_24,193,-0.47653111707250917,-0.006582971738854825,1.0556728914125264,0.8080916020292604,0.39896373056994816,1.0,False,-0.385001750851821,0.5734408636223445
168,3,largo,oi_rel_168 ~ sin roc_24,199,0.685462470588244,0.008819563044721312,1.636983557156675,1.0440197784071916,0.4824120603015075,0.0685,False,-0.385001750851821,0.5734408636223445
168,3,largo,tt_cuentas ~ sin roc_24,188,-0.583181930814751,-0.007730586702293312,0.8868513095361357,0.7515758727602324,0.3191489361702128,1.0,False,-0.385001750851821,0.5734408636223445
168,3,largo,tt_cuentas_chg24 ~ sin roc_24,188,0.28853212064283423,0.008207101577005414,1.2183195737859775,0.8441877930676662,0.44148936170212766,0.2585,False,-0.385001750851821,0.5734408636223445
168,3,largo,tt_cuentas_pct ~ sin roc_24,186,0.242802881658814,0.004694768475002883,1.0306994923019295,0.7748356656712785,0.43548387096774194,0.2925,False,-0.385001750851821,0.5734408636223445
168,3,largo,tt_pos ~ sin roc_24,188,-1.2187866702304884,-0.014714777361982494,0.976163595150455,0.718383854416667,0.34574468085106386,1.0,False,-0.385001750851821,0.5734408636223445
168,3,largo,tt_pos_chg24 ~ sin roc_24,188,-0.11436876821743774,-0.0004507622490735002,1.1279260513927072,0.8160105172219723,0.3776595744680851,1.0,False,-0.385001750851821,0.5734408636223445
168,3,largo,tt_pos_pct ~ sin roc_24,187,-0.3079744586642052,-0.0034204421589676725,1.0267585032102977,0.7820650416310062,0.36363636363636365,1.0,False,-0.385001750851821,0.5734408636223445
168,3,largo,ls_cuentas ~ sin roc_24,199,-0.39377785821441996,-0.004008125819710977,0.8828643523032321,0.7317725431509849,0.3768844221105528,1.0,False,-0.385001750851821,0.5734408636223445
168,3,largo,ls_cuentas_chg24 ~ sin roc_24,199,0.06463358224213499,0.004763469916409575,1.248214762829427,0.8556537458108702,0.44221105527638194,0.4185,False,-0.385001750851821,0.5734408636223445
168,3,largo,ls_cuentas_pct ~ sin roc_24,199,0.3505441515314361,0.0047062394066793274,1.0389729187912948,0.761188696062487,0.4472361809045226,0.1725,False,-0.385001750851821,0.5734408636223445
168,3,largo,taker ~ sin roc_24,199,-0.14561872945385654,-0.001160264402063081,0.9703793797032431,0.7612290264591882,0.45226130653266333,1.0,False,-0.385001750851821,0.5734408636223445
168,3,largo,taker_chg24 ~ sin roc_24,199,0.47500668346554803,0.007964822859833354,1.01393670102701,0.7691265467714861,0.41708542713567837,0.148,False,-0.385001750851821,0.5734408636223445
168,3,largo,taker_pct ~ sin roc_24,198,-0.018726424439893585,0.0004548027127428739,1.0328246021690193,0.7643930801281453,0.41919191919191917,1.0,False,-0.385001750851821,0.5734408636223445
168,3,largo,atr_24 [bajo],249,0.221934509628523,-0.0018152959879695705,0.4511983325812826,0.6556488787278272,0.4899598393574297,0.27,False,-0.385001750851821,0.5734408636223445
168,3,largo,vol_24 [bajo],249,0.09068084380294146,-0.0025773366721546028,0.46108363883470005,0.6320176123686415,0.46184738955823296,0.4335,False,-0.385001750851821,0.5734408636223445
168,3,largo,vol_168 [bajo],249,0.665214909831351,0.0016111697692566067,0.4762970706368621,0.6956988816974764,0.5301204819277109,0.075,False,-0.385001750851821,0.5734408636223445
168,3,largo,rango_168 [bajo],249,0.03265299621013367,-0.002691311463481974,0.5144814311421442,0.7056386126067422,0.5020080321285141,0.4895,False,-0.385001750851821,0.5734408636223445
168,3,largo,roc_24 [bajo],249,-0.13111195122189212,-0.0004029610833645003,1.3834175916528482,0.8437252238884787,0.4497991967871486,1.0,False,-0.385001750851821,0.5734408636223445
168,3,largo,roc_72 [bajo],249,0.27234940916515543,0.005383593808707948,1.249818970543881,0.7765322840807908,0.4819277108433735,0.2095,False,-0.385001750851821,0.5734408636223445
168,3,largo,roc_168 [bajo],249,0.016257022325363413,0.002135741114224158,1.2014619374497137,0.7495450289740767,0.46586345381526106,0.497,False,-0.385001750851821,0.5734408636223445
168,3,largo,roc_720 [bajo],249,-0.1256696024695183,0.0016830815814265771,1.1815374824976141,0.787502950754211,0.40963855421686746,1.0,False,-0.385001750851821,0.5734408636223445
168,3,largo,compresion [bajo],249,-0.22088976189340348,-0.003613813805867583,0.7685478932518248,0.6368116073083978,0.46184738955823296,1.0,False,-0.385001750851821,0.5734408636223445
168,3,largo,dd_168 [bajo],249,0.11200134641467684,0.006510514574094949,1.5769669531277137,0.8480917742034051,0.46586345381526106,0.401,False,-0.385001750851821,0.5734408636223445
168,3,largo,dd_720 [bajo],249,-0.5842275811150982,-0.003938933229971784,1.3947204495834502,0.7836782697521428,0.37349397590361444,1.0,False,-0.385001750851821,0.5734408636223445
168,3,largo,pos_168 [bajo],249,-0.3771530669160626,-0.005201318735022378,1.1188654166065168,0.7343306770285092,0.4538152610441767,1.0,False,-0.385001750851821,0.5734408636223445
168,3,largo,desbal [bajo],249,-0.2833316578369513,-0.0022059899537836577,1.0513109849019708,0.7723932506211519,0.43373493975903615,1.0,False,-0.385001750851821,0.5734408636223445
168,3,largo,desbal_24 [bajo],249,-0.032545886242854684,-0.0034940619523904696,0.9957237844361903,0.7569065718525237,0.39357429718875503,1.0,False,-0.385001750851821,0.5734408636223445
168,3,largo,desbal_168 [bajo],248,-0.23505825295936494,-0.005857098616010546,1.0134918336050218,0.7748269296369575,0.4112903225806452,1.0,False,-0.385001750851821,0.5734408636223445
168,3,largo,ticket_rel [bajo],248,-0.1260526858717008,9.587660000176321e-05,0.9865803013623162,0.7451998915322011,0.4112903225806452,1.0,False,-0.385001750851821,0.5734408636223445
168,3,largo,turnover [bajo],249,-0.5221453288342007,-0.006664440874611391,0.9786965156458752,0.7016021790370282,0.40160642570281124,1.0,False,-0.385001750851821,0.5734408636223445
168,3,largo,n_surge [bajo],249,-0.3486079132211104,-0.006554651428702686,0.9995863923587908,0.7166412910034669,0.42971887550200805,1.0,False,-0.385001750851821,0.5734408636223445
168,3,largo,oi_chg_1h [bajo],199,0.208029981747776,0.004808224933117588,1.4671193520383847,0.913868323058314,0.4371859296482412,0.3155,False,-0.385001750851821,0.5734408636223445
168,3,largo,oi_chg_4h [bajo],199,0.34679294212652156,0.002730578391758878,1.4927707992698875,0.9337026660579506,0.4371859296482412,0.2855,False,-0.385001750851821,0.5734408636223445
168,3,largo,oi_chg_24h [bajo],199,0.080967007822929,0.00717235576676399,1.3638407948474534,0.8680210028327373,0.48743718592964824,0.458,False,-0.385001750851821,0.5734408636223445
168,3,largo,oi_z [bajo],193,-0.45558925160244373,-0.008215582887790902,1.1403881878662092,0.8381050393893889,0.3471502590673575,1.0,False,-0.385001750851821,0.5734408636223445
168,3,largo,oi_rel_168 [bajo],199,-0.45323483599889525,-0.005362544805268222,1.145714079834085,0.7258437317439091,0.4321608040201005,1.0,False,-0.385001750851821,0.5734408636223445
168,3,largo,tt_cuentas [bajo],188,1.0469496158933802,0.011758851222593193,1.263923132734511,0.8198409891302065,0.5531914893617021,0.0255,False,-0.385001750851821,0.5734408636223445
168,3,largo,tt_cuentas_chg24 [bajo],188,-0.3612610899272796,-0.004030196843917971,1.170138616120796,0.8553753039631682,0.34574468085106386,1.0,False,-0.385001750851821,0.5734408636223445
168,3,largo,tt_cuentas_pct [bajo],186,0.5844636543413027,0.00584734663570025,1.1944789511081477,0.8448872409121708,0.43548387096774194,0.1325,False,-0.385001750851821,0.5734408636223445
168,3,largo,tt_pos [bajo],188,0.6894095849797502,0.005440807601369473,0.9297276217320667,0.8004221475082451,0.5159574468085106,0.029,False,-0.385001750851821,0.5734408636223445
168,3,largo,tt_pos_chg24 [bajo],188,-0.545229286584443,-0.0036280757083816282,1.2210080339672305,0.8594642262490233,0.42021276595744683,1.0,False,-0.385001750851821,0.5734408636223445
168,3,largo,tt_pos_pct [bajo],187,-0.29149081970710145,-0.0036881906199727334,1.172072250120246,0.8026714995415035,0.40106951871657753,1.0,False,-0.385001750851821,0.5734408636223445
168,3,largo,ls_cuentas [bajo],199,0.8793603589650866,0.011343698825302586,1.326715986565493,0.8381050393893889,0.5276381909547738,0.0385,False,-0.385001750851821,0.5734408636223445
168,3,largo,ls_cuentas_chg24 [bajo],199,-0.19827108485677616,-0.0029766752225230645,1.2373435857011157,0.8763039163828211,0.37185929648241206,1.0,False,-0.385001750851821,0.5734408636223445
168,3,largo,ls_cuentas_pct [bajo],199,0.5873597656711865,0.005015776368110771,1.1869087698828749,0.83072097548008,0.44221105527638194,0.092,False,-0.385001750851821,0.5734408636223445
168,3,largo,taker [bajo],199,0.2692388214901426,0.00022740314088562572,0.9687716302777992,0.7502359676108421,0.39195979899497485,0.346,False,-0.385001750851821,0.5734408636223445
168,3,largo,taker_chg24 [bajo],199,-0.21973337153666023,-0.002784081198109587,0.997390990163337,0.7594582244365918,0.41708542713567837,1.0,False,-0.385001750851821,0.5734408636223445
168,3,largo,taker_pct [bajo],198,-0.015074237722089576,-0.002515136917900282,1.0116733052957703,0.7613313280605946,0.398989898989899,1.0,False,-0.385001750851821,0.5734408636223445
168,3,largo,atr_24 ~ sin roc_24 [bajo],249,0.11190754950926622,-0.0008778020552702699,0.5045603641042169,0.6700198040528788,0.4779116465863454,0.3935,False,-0.385001750851821,0.5734408636223445
168,3,largo,vol_24 ~ sin roc_24 [bajo],249,0.14845979884282867,0.001094690353627138,0.5697351285210089,0.6836695820502048,0.4779116465863454,0.357,False,-0.385001750851821,0.5734408636223445
168,3,largo,vol_168 ~ sin roc_24 [bajo],249,0.6410582801172562,0.0022469831236072114,0.5267416681625207,0.7158812374725546,0.5100401606425703,0.0935,False,-0.385001750851821,0.5734408636223445
168,3,largo,rango_168 ~ sin roc_24 [bajo],249,-0.29457444479401257,-0.0046293298011666935,0.5909567871499644,0.7120663318368053,0.46987951807228917,1.0,False,-0.385001750851821,0.5734408636223445
168,3,largo,roc_72 ~ sin roc_24 [bajo],249,0.052908542832011365,0.0030356071658222965,1.2885282122411719,0.8101347680745972,0.5180722891566265,0.423,False,-0.385001750851821,0.5734408636223445
168,3,largo,roc_168 ~ sin roc_24 [bajo],249,0.23409476505776658,0.003691806965097667,1.224298870129145,0.7688512995298572,0.43775100401606426,0.258,False,-0.385001750851821,0.5734408636223445
168,3,largo,roc_720 ~ sin roc_24 [bajo],249,0.20457987717390988,0.006424181787741563,1.2062833939621298,0.8283161206847781,0.39759036144578314,0.312,False,-0.385001750851821,0.5734408636223445
168,3,largo,compresion ~ sin roc_24 [bajo],249,-0.3671283889179469,-0.002260852866424327,0.8096026961330294,0.6700310310874674,0.46586345381526106,1.0,False,-0.385001750851821,0.5734408636223445
168,3,largo,dd_168 ~ sin roc_24 [bajo],249,0.08956476010818869,0.0030338729059776574,1.5318232121788617,0.8480917742034051,0.43775100401606426,0.4115,False,-0.385001750851821,0.5734408636223445
168,3,largo,dd_720 ~ sin roc_24 [bajo],249,-0.16328594089313717,-0.0013189852151806241,1.3666904663570145,0.7820112448638366,0.39759036144578314,1.0,False,-0.385001750851821,0.5734408636223445
168,3,largo,pos_168 ~ sin roc_24 [bajo],249,-0.4022216015113139,-0.004860932727084765,1.1059807007116185,0.7525016218535917,0.40562248995983935,1.0,False,-0.385001750851821,0.5734408636223445
168,3,largo,desbal ~ sin roc_24 [bajo],249,-0.38644246629603207,-0.0034848637693759123,1.0544212783204219,0.7767962437369124,0.41365461847389556,1.0,False,-0.385001750851821,0.5734408636223445
168,3,largo,desbal_24 ~ sin roc_24 [bajo],249,0.04270246370257088,-0.00431169577524934,0.9849258352227743,0.7548324284172999,0.42971887550200805,0.4745,False,-0.385001750851821,0.5734408636223445
168,3,largo,desbal_168 ~ sin roc_24 [bajo],248,-0.18172825185967897,-0.004700987680079008,0.9966830208236578,0.7626493553932909,0.42338709677419356,1.0,False,-0.385001750851821,0.5734408636223445
168,3,largo,ticket_rel ~ sin roc_24 [bajo],248,0.16554506501489627,0.005095464361105596,1.007400161624365,0.7585508396664892,0.4435483870967742,0.339,False,-0.385001750851821,0.5734408636223445
168,3,largo,turnover ~ sin roc_24 [bajo],249,0.4309376436698803,0.004450233511096385,1.2102339729234948,0.8463770056599147,0.4457831325301205,0.0895,False,-0.385001750851821,0.5734408636223445
168,3,largo,n_surge ~ sin roc_24 [bajo],249,0.11877096750935895,0.001233934033881895,1.2078285030659939,0.8494707906136786,0.40963855421686746,0.3415,False,-0.385001750851821,0.5734408636223445
168,3,largo,oi_chg_1h ~ sin roc_24 [bajo],199,-0.27146378656584197,8.756751624620213e-05,1.4698141451945523,0.9207648006242731,0.4120603015075377,1.0,False,-0.385001750851821,0.5734408636223445
168,3,largo,oi_chg_4h ~ sin roc_24 [bajo],199,0.0497278841789107,0.0015826503349450943,1.509269609675015,0.9495094114863674,0.4271356783919598,0.471,False,-0.385001750851821,0.5734408636223445
168,3,largo,oi_chg_24h ~ sin roc_24 [bajo],199,0.05598586993617264,0.005675212212302082,1.3882163177055498,0.900044628144835,0.46733668341708545,0.4665,False,-0.385001750851821,0.5734408636223445
168,3,largo,oi_z ~ sin roc_24 [bajo],193,-0.6029677318902311,-0.008257144544430918,1.179274368061435,0.8593079289266197,0.35233160621761656,1.0,False,-0.385001750851821,0.5734408636223445
168,3,largo,oi_rel_168 ~ sin roc_24 [bajo],199,-0.38882158938522665,-0.007239623356789059,1.19071684514101,0.7743329772917087,0.4824120603015075,1.0,False,-0.385001750851821,0.5734408636223445
168,3,largo,tt_cuentas ~ sin roc_24 [bajo],188,0.667458600249895,0.010035262474025372,1.0881324407226651,0.7693775817714286,0.5531914893617021,0.078,False,-0.385001750851821,0.5734408636223445
168,3,largo,tt_cuentas_chg24 ~ sin roc_24 [bajo],188,-0.873668247383667,-0.010810695425807312,1.0644286893158184,0.7981871909919422,0.35106382978723405,1.0,False,-0.385001750851821,0.5734408636223445
168,3,largo,tt_cuentas_pct ~ sin roc_24 [bajo],186,0.19486249331478214,-0.0015926079288905003,0.9970515967519454,0.77399766348037,0.44623655913978494,0.355,False,-0.385001750851821,0.5734408636223445
168,3,largo,tt_pos ~ sin roc_24 [bajo],188,0.4757934409522077,0.002831454496611787,0.9585682015517102,0.7854053697287036,0.48936170212765956,0.087,False,-0.385001750851821,0.5734408636223445
168,3,largo,tt_pos_chg24 ~ sin roc_24 [bajo],188,-0.49060477652258705,-0.002279756932330423,1.1859774219691666,0.8383281919851333,0.44680851063829785,1.0,False,-0.385001750851821,0.5734408636223445
168,3,largo,tt_pos_pct ~ sin roc_24 [bajo],187,-0.44699507659878446,-0.004349656338873519,1.0748912797351182,0.7704766651150649,0.43315508021390375,1.0,False,-0.385001750851821,0.5734408636223445
168,3,largo,ls_cuentas ~ sin roc_24 [bajo],199,0.37134046416006633,0.006427883619372623,1.1034587264113571,0.7669376300986253,0.507537688442211,0.186,False,-0.385001750851821,0.5734408636223445
168,3,largo,ls_cuentas_chg24 ~ sin roc_24 [bajo],199,-1.1927133544613922,-0.012937346295792431,1.08446595523872,0.7983510542196186,0.3065326633165829,1.0,False,-0.385001750851821,0.5734408636223445
168,3,largo,ls_cuentas_pct ~ sin roc_24 [bajo],199,-0.18251782774917966,-0.004781715532852056,1.0237559526652584,0.7691211012383963,0.41708542713567837,1.0,False,-0.385001750851821,0.5734408636223445
168,3,largo,taker ~ sin roc_24 [bajo],199,-0.0778905239134793,-0.0043870485285303715,0.9931434999127013,0.7669488525732671,0.3969849246231156,1.0,False,-0.385001750851821,0.5734408636223445
168,3,largo,taker_chg24 ~ sin roc_24 [bajo],199,-0.49768154007802795,-0.0071628106835346685,1.0042002096218066,0.7599875131494166,0.4020100502512563,1.0,False,-0.385001750851821,0.5734408636223445
168,3,largo,taker_pct ~ sin roc_24 [bajo],198,-0.17738039047728216,-0.0042654882443437375,0.9860192653973853,0.7543499754068116,0.398989898989899,1.0,False,-0.385001750851821,0.5734408636223445
168,3,largo,CONTROL azar 1,249,-0.4216303734057099,-0.0030190398181917802,1.055608750512627,0.7984129026376245,0.41767068273092367,1.0,False,-0.385001750851821,0.5734408636223445
168,3,largo,CONTROL azar 2,249,-0.385001750851821,-0.006178380960845839,1.05763630835184,0.7882538562611219,0.40160642570281124,1.0,False,-0.385001750851821,0.5734408636223445
168,3,largo,CONTROL azar 3,249,0.5894059685642048,0.00446697079386508,1.037059626251524,0.7773314278177865,0.46987951807228917,0.077,False,-0.385001750851821,0.5734408636223445
168,3,corto,atr_24,249,-1.6847924769840155,-0.028267738980927375,2.292847632335799,1.204256729759503,0.5301204819277109,1.0,False,0.06498810296015169,0.5759453644184753
168,3,corto,vol_24,249,-1.575098182847273,-0.023967803205131047,2.239873547341005,1.2052635582232123,0.5100401606425703,1.0,False,0.06498810296015169,0.5759453644184753
168,3,corto,vol_168,249,-0.767385279400364,-0.01875517672578744,2.0060812049215624,0.9857594561029625,0.5020080321285141,1.0,False,0.06498810296015169,0.5759453644184753
168,3,corto,rango_168,249,-1.1912410732625647,-0.02299638606325742,1.964280293740403,1.0128628144368976,0.4859437751004016,1.0,False,0.06498810296015169,0.5759453644184753
168,3,corto,roc_24,249,-0.8839724867073563,-0.010663256828230066,1.6601343369604928,1.0655758280881458,0.5742971887550201,1.0,False,0.06498810296015169,0.5759453644184753
168,3,corto,roc_72,249,-1.0675195633624128,-0.01409057997655198,1.7744135059684334,1.1292045706831304,0.5100401606425703,1.0,False,0.06498810296015169,0.5759453644184753
168,3,corto,roc_168,249,-0.6765082027741798,-0.009409990999108917,1.785783618437536,1.0655758280881458,0.5662650602409639,1.0,False,0.06498810296015169,0.5759453644184753
168,3,corto,roc_720,249,-0.9736291290317671,-0.012735168609427437,1.6040765173114118,0.8850469257485644,0.4538152610441767,1.0,False,0.06498810296015169,0.5759453644184753
168,3,corto,compresion,249,-0.49163610074094005,-0.002615751145081046,1.7737756424977054,1.187529807793557,0.570281124497992,1.0,False,0.06498810296015169,0.5759453644184753
168,3,corto,dd_168,249,-0.37012332646441565,-0.0036426512632807685,0.8186560382659729,0.8245822556277824,0.4979919678714859,1.0,False,0.06498810296015169,0.5759453644184753
168,3,corto,dd_720,249,-0.8491102575353422,-0.007000289985855284,0.8493245716282479,0.8711900113841688,0.46184738955823296,1.0,False,0.06498810296015169,0.5759453644184753
168,3,corto,pos_168,249,-0.8903027937044526,-0.012851382196897545,1.238952050662154,0.9193350872986221,0.5060240963855421,1.0,False,0.06498810296015169,0.5759453644184753
168,3,corto,desbal,249,-0.31032768372868613,-0.005604032589235687,1.0145730522314174,0.7682784984277922,0.5261044176706827,1.0,False,0.06498810296015169,0.5759453644184753
168,3,corto,desbal_24,249,-0.4621137796761402,-0.006570994201334839,0.9534943896456507,0.8153051600431175,0.5020080321285141,1.0,False,0.06498810296015169,0.5759453644184753
168,3,corto,desbal_168,248,-1.0127137986150627,-0.01083610038401996,0.8842233304117559,0.8082365096858561,0.45161290322580644,1.0,False,0.06498810296015169,0.5759453644184753
168,3,corto,ticket_rel,248,-0.36104168104191736,-0.0009798930016430057,1.0712526924896948,0.8069185463469559,0.5120967741935484,1.0,False,0.06498810296015169,0.5759453644184753
168,3,corto,turnover,249,-1.0053878412041315,-0.01239594260002668,1.5272511390304784,1.0349663000288156,0.5582329317269076,1.0,False,0.06498810296015169,0.5759453644184753
168,3,corto,n_surge,249,-1.143742761440601,-0.014612178307371182,1.562041004166757,1.056497456442566,0.5341365461847389,1.0,False,0.06498810296015169,0.5759453644184753
168,3,corto,oi_chg_1h,199,-0.32164485525350955,-0.0062423880690012845,1.323115166391553,0.8763039163828211,0.5226130653266332,1.0,False,0.06498810296015169,0.5759453644184753
168,3,corto,oi_chg_4h,199,-0.16419592969682467,-0.006014521619943192,1.2797779653130876,0.8780490187780694,0.507537688442211,1.0,False,0.06498810296015169,0.5759453644184753
168,3,corto,oi_chg_24h,199,-1.2793788795561227,-0.012935820804060878,1.6121805401085023,1.0464953593038526,0.49748743718592964,1.0,False,0.06498810296015169,0.5759453644184753
168,3,corto,oi_z,193,0.07298869326005115,0.0011806852972053043,1.1130836201772416,0.8267669609520689,0.5181347150259067,0.391,False,0.06498810296015169,0.5759453644184753
168,3,corto,oi_rel_168,199,-1.5809094040176441,-0.019240065805768553,1.7895552795732408,1.1389775059289649,0.5025125628140703,1.0,False,0.06498810296015169,0.5759453644184753
168,3,corto,tt_cuentas,188,0.15498580096993375,0.004186316113043958,0.8887685074104229,0.7519467944623497,0.6276595744680851,0.283,False,0.06498810296015169,0.5759453644184753
168,3,corto,tt_cuentas_chg24,188,-0.19443071557450417,-0.007953739218831739,1.1828978462030248,0.835458909465644,0.4734042553191489,1.0,False,0.06498810296015169,0.5759453644184753
168,3,corto,tt_cuentas_pct,186,-0.3536688920676674,-0.004394250275321391,1.0206263562367808,0.757917847423206,0.5161290322580645,1.0,False,0.06498810296015169,0.5759453644184753
168,3,corto,tt_pos,188,0.6605082034074721,0.008636020113808,0.980394834093996,0.7214141702339956,0.5904255319148937,0.009,False,0.06498810296015169,0.5759453644184753
168,3,corto,tt_pos_chg24,188,0.32550432314918937,0.003571704836384735,1.12710520612186,0.8159591522430442,0.6063829787234043,0.128,False,0.06498810296015169,0.5759453644184753
168,3,corto,tt_pos_pct,187,0.07732049397957164,0.0022977565936240967,1.0143499431874157,0.7681225638239221,0.6042780748663101,0.3865,False,0.06498810296015169,0.5759453644184753
168,3,corto,ls_cuentas,199,0.039170807281078614,0.0005006744190157456,0.8808223876293124,0.7243505881796678,0.5879396984924623,0.4305,False,0.06498810296015169,0.5759453644184753
168,3,corto,ls_cuentas_chg24,199,0.014200076899249505,-0.0037787672620874396,1.2174703538814722,0.826023972469697,0.5326633165829145,0.4755,False,0.06498810296015169,0.5759453644184753
168,3,corto,ls_cuentas_pct,199,-0.356392017633659,-0.00295095705222339,1.0377043404220068,0.7553646609034187,0.4824120603015075,1.0,False,0.06498810296015169,0.5759453644184753
168,3,corto,taker,199,-0.3710386539365584,-0.0037877468706840633,0.9720967550307849,0.7641075722561476,0.507537688442211,1.0,False,0.06498810296015169,0.5759453644184753
168,3,corto,taker_chg24,199,-0.5507565290948897,-0.004721511300367847,0.9831121691342446,0.7646785880001432,0.542713567839196,1.0,False,0.06498810296015169,0.5759453644184753
168,3,corto,taker_pct,198,-0.6390972154872138,-0.01025347284294496,1.0240815518579591,0.7632422348422456,0.5151515151515151,1.0,False,0.06498810296015169,0.5759453644184753
168,3,corto,atr_24 ~ sin roc_24,249,-0.8320305855863893,-0.01722373752486328,2.1009177383422015,1.103641094010898,0.5261044176706827,1.0,False,0.06498810296015169,0.5759453644184753
168,3,corto,vol_24 ~ sin roc_24,249,-1.111201349305318,-0.017529462783535087,2.0624157853433505,1.1032790928343568,0.4859437751004016,1.0,False,0.06498810296015169,0.5759453644184753
168,3,corto,vol_168 ~ sin roc_24,249,-0.5964079632086462,-0.014763445283160684,1.8677729073724596,0.9428035400341684,0.5060240963855421,1.0,False,0.06498810296015169,0.5759453644184753
168,3,corto,rango_168 ~ sin roc_24,249,-0.3591023546900205,-0.01014375935988547,1.821500697481233,0.957769806795935,0.5100401606425703,1.0,False,0.06498810296015169,0.5759453644184753
168,3,corto,roc_72 ~ sin roc_24,249,-0.8187947409726378,-0.013569865483426728,1.602172105823658,1.009353899884272,0.4939759036144578,1.0,False,0.06498810296015169,0.5759453644184753
168,3,corto,roc_168 ~ sin roc_24,249,-0.3817563888750516,-0.009179950702536972,1.6379449326640252,0.9886096801874856,0.5461847389558233,1.0,False,0.06498810296015169,0.5759453644184753
168,3,corto,roc_720 ~ sin roc_24,249,-0.4734385171870078,-0.008735576930240253,1.5485601323741738,0.8585103485109352,0.4779116465863454,1.0,False,0.06498810296015169,0.5759453644184753
168,3,corto,compresion ~ sin roc_24,249,-0.1797622043609848,-0.001670672554801146,1.5811161636344382,1.0926838975289452,0.5742971887550201,1.0,False,0.06498810296015169,0.5759453644184753
168,3,corto,dd_168 ~ sin roc_24,249,-0.36047930171486703,-0.002320201392062799,0.7438787080969427,0.7820650416310062,0.46987951807228917,1.0,False,0.06498810296015169,0.5759453644184753
168,3,corto,dd_720 ~ sin roc_24,249,-0.9539151702853474,-0.006407485214803473,0.8420303537873771,0.8384900086557515,0.4738955823293173,1.0,False,0.06498810296015169,0.5759453644184753
168,3,corto,pos_168 ~ sin roc_24,249,-0.6743981706809498,-0.008697459736136644,1.102189289765169,0.8624959759882944,0.4939759036144578,1.0,False,0.06498810296015169,0.5759453644184753
168,3,corto,desbal ~ sin roc_24,249,-0.17804604317993672,-0.003751986053081156,0.9903103554323421,0.7557538985890834,0.5301204819277109,1.0,False,0.06498810296015169,0.5759453644184753
168,3,corto,desbal_24 ~ sin roc_24,249,-0.5789038304975896,-0.007214177716190016,0.9289660585780921,0.7794043189455804,0.5180722891566265,1.0,False,0.06498810296015169,0.5759453644184753
168,3,corto,desbal_168 ~ sin roc_24,248,-0.9363224216984828,-0.008220885673171948,0.8746452042464433,0.7969805832691239,0.4274193548387097,1.0,False,0.06498810296015169,0.5759453644184753
168,3,corto,ticket_rel ~ sin roc_24,248,-0.5129516934371962,-0.004509626216342208,1.0511812287798776,0.7915578602760864,0.5040322580645161,1.0,False,0.06498810296015169,0.5759453644184753
168,3,corto,turnover ~ sin roc_24,249,-0.9161128267846093,-0.013812787408580343,1.3754662454782167,0.9517689375571113,0.5622489959839357,1.0,False,0.06498810296015169,0.5759453644184753
168,3,corto,n_surge ~ sin roc_24,249,-0.8209695230377655,-0.014588919227617039,1.4444741018279406,0.98291830054326,0.5461847389558233,1.0,False,0.06498810296015169,0.5759453644184753
168,3,corto,oi_chg_1h ~ sin roc_24,199,-0.24176531831438863,-0.005034016278714561,1.2875904952795834,0.8711900113841688,0.5728643216080402,1.0,False,0.06498810296015169,0.5759453644184753
168,3,corto,oi_chg_4h ~ sin roc_24,199,-0.09621117608735769,-0.0050091518435543565,1.2508012564361488,0.8693269196068395,0.542713567839196,1.0,False,0.06498810296015169,0.5759453644184753
168,3,corto,oi_chg_24h ~ sin roc_24,199,-0.07351374758152097,-0.0008882411101720193,1.4230232483238772,0.930325279199716,0.5326633165829145,1.0,False,0.06498810296015169,0.5759453644184753
168,3,corto,oi_z ~ sin roc_24,193,0.12359201632748584,0.002582971738854822,1.0556728914125264,0.8080916020292604,0.5544041450777202,0.342,False,0.06498810296015169,0.5759453644184753
168,3,corto,oi_rel_168 ~ sin roc_24,199,-1.0048018959878633,-0.012819563044721316,1.636983557156675,1.0440197784071916,0.5025125628140703,1.0,False,0.06498810296015169,0.5759453644184753
168,3,corto,tt_cuentas ~ sin roc_24,188,0.20464377930336639,0.00373058670229331,0.8868513095361357,0.7515758727602324,0.6170212765957447,0.25,False,0.06498810296015169,0.5759453644184753
168,3,corto,tt_cuentas_chg24 ~ sin roc_24,188,-0.6126719840129724,-0.012207101577005415,1.2183195737859775,0.8441877930676662,0.5319148936170213,1.0,False,0.06498810296015169,0.5759453644184753
168,3,corto,tt_cuentas_pct ~ sin roc_24,186,-0.5811507534888358,-0.008694768475002886,1.0306994923019295,0.7748356656712785,0.5161290322580645,1.0,False,0.06498810296015169,0.5759453644184753
168,3,corto,tt_pos ~ sin roc_24,188,0.8740776166976004,0.01071477736198249,0.976163595150455,0.718383854416667,0.601063829787234,0.0,True,0.06498810296015169,0.5759453644184753
168,3,corto,tt_pos_chg24 ~ sin roc_24,188,-0.21284558391327357,-0.0035492377509265018,1.1279260513927072,0.8160105172219723,0.5904255319148937,1.0,False,0.06498810296015169,0.5759453644184753
168,3,corto,tt_pos_pct ~ sin roc_24,187,-0.028341137883833516,-0.000579557841032329,1.0267585032102977,0.7820650416310062,0.5882352941176471,1.0,False,0.06498810296015169,0.5759453644184753
168,3,corto,ls_cuentas ~ sin roc_24,199,0.01859969289278568,8.12581971097388e-06,0.8828643523032321,0.7317725431509849,0.592964824120603,0.4555,False,0.06498810296015169,0.5759453644184753
168,3,corto,ls_cuentas_chg24 ~ sin roc_24,199,-0.3866027282048262,-0.008763469916409578,1.248214762829427,0.8556537458108702,0.5326633165829145,1.0,False,0.06498810296015169,0.5759453644184753
168,3,corto,ls_cuentas_pct ~ sin roc_24,199,-0.6866212033438929,-0.00870623940667933,1.0389729187912948,0.761188696062487,0.5125628140703518,1.0,False,0.06498810296015169,0.5759453644184753
168,3,corto,taker ~ sin roc_24,199,-0.21520327016980306,-0.0028397355979369204,0.9703793797032431,0.7612290264591882,0.5025125628140703,1.0,False,0.06498810296015169,0.5759453644184753
168,3,corto,taker_chg24 ~ sin roc_24,199,-0.8279245322633801,-0.011964822859833357,1.01393670102701,0.7691265467714861,0.5326633165829145,1.0,False,0.06498810296015169,0.5759453644184753
168,3,corto,taker_pct ~ sin roc_24,198,-0.3248291381074984,-0.004454802712742878,1.0328246021690193,0.7643930801281453,0.5,1.0,False,0.06498810296015169,0.5759453644184753
168,3,corto,atr_24 [bajo],249,-0.8271090990409139,-0.002184704012030431,0.4511983325812826,0.6556488787278272,0.43373493975903615,1.0,False,0.06498810296015169,0.5759453644184753
168,3,corto,vol_24 [bajo],249,-0.6802975745342899,-0.0014226633278453975,0.46108363883470005,0.6320176123686415,0.4819277108433735,1.0,False,0.06498810296015169,0.5759453644184753
168,3,corto,vol_168 [bajo],249,-1.2747309699122158,-0.005611169769256608,0.4762970706368621,0.6956988816974764,0.41365461847389556,1.0,False,0.06498810296015169,0.5759453644184753
168,3,corto,rango_168 [bajo],249,-0.6081300731164669,-0.001308688536518027,0.5144814311421442,0.7056386126067422,0.42971887550200805,1.0,False,0.06498810296015169,0.5759453644184753
168,3,corto,roc_24 [bajo],249,-0.14356930849289887,-0.003597038916635504,1.3834175916528482,0.8437252238884787,0.5220883534136547,1.0,False,0.06498810296015169,0.5759453644184753
168,3,corto,roc_72 [bajo],249,-0.5541704187207629,-0.009383593808707949,1.249818970543881,0.7765322840807908,0.46987951807228917,1.0,False,0.06498810296015169,0.5759453644184753
168,3,corto,roc_168 [bajo],249,-0.29677969529547454,-0.0061357411142241615,1.2014619374497137,0.7495450289740767,0.5180722891566265,1.0,False,0.06498810296015169,0.5759453644184753
168,3,corto,roc_720 [bajo],249,-0.1595885007556233,-0.005683081581426579,1.1815374824976141,0.787502950754211,0.5502008032128514,1.0,False,0.06498810296015169,0.5759453644184753
168,3,corto,compresion [bajo],249,-0.1674705307407286,-0.00038618619413241864,0.7685478932518248,0.6368116073083978,0.4939759036144578,1.0,False,0.06498810296015169,0.5759453644184753
168,3,corto,dd_168 [bajo],249,-0.35574807239703826,-0.010510514574094952,1.5769669531277137,0.8480917742034051,0.5180722891566265,1.0,False,0.06498810296015169,0.5759453644184753
168,3,corto,dd_720 [bajo],249,0.3397966801018141,-6.10667700282164e-05,1.3947204495834502,0.7836782697521428,0.606425702811245,0.14,False,0.06498810296015169,0.5759453644184753
168,3,corto,pos_168 [bajo],249,0.08384931889825166,0.0012013187350223742,1.1188654166065168,0.7343306770285092,0.5140562248995983,0.3555,False,0.06498810296015169,0.5759453644184753
168,3,corto,desbal [bajo],249,-0.032096791476640005,-0.0017940100462163445,1.0513109849019708,0.7723932506211519,0.5261044176706827,1.0,False,0.06498810296015169,0.5759453644184753
168,3,corto,desbal_24 [bajo],249,-0.29194170418980414,-0.0005059380476095326,0.9957237844361903,0.7569065718525237,0.5622489959839357,1.0,False,0.06498810296015169,0.5759453644184753
168,3,corto,desbal_168 [bajo],248,-0.0891675842272799,0.0018570986160105427,1.0134918336050218,0.7748269296369575,0.5604838709677419,1.0,False,0.06498810296015169,0.5759453644184753
168,3,corto,ticket_rel [bajo],248,-0.21062013733261123,-0.004095876600001765,0.9865803013623162,0.7451998915322011,0.5443548387096774,1.0,False,0.06498810296015169,0.5759453644184753
168,3,corto,turnover [bajo],249,0.20978942565859254,0.002664440874611389,0.9786965156458752,0.7016021790370282,0.5461847389558233,0.198,False,0.06498810296015169,0.5759453644184753
168,3,corto,n_surge [bajo],249,0.034294254061880323,0.0025546514287026843,0.9995863923587908,0.7166412910034669,0.5341365461847389,0.4415,False,0.06498810296015169,0.5759453644184753
168,3,corto,oi_chg_1h [bajo],199,-0.5065091551185873,-0.008808224933117588,1.4671193520383847,0.913868323058314,0.5125628140703518,1.0,False,0.06498810296015169,0.5759453644184753
168,3,corto,oi_chg_4h [bajo],199,-0.6440527000127045,-0.006730578391758882,1.4927707992698875,0.9337026660579506,0.5376884422110553,1.0,False,0.06498810296015169,0.5759453644184753
168,3,corto,oi_chg_24h [bajo],199,-0.38347884532785603,-0.011172355766763994,1.3638407948474534,0.8680210028327373,0.4824120603015075,1.0,False,0.06498810296015169,0.5759453644184753
168,3,corto,oi_z [bajo],193,0.11300492587450012,0.004215582887790901,1.1403881878662092,0.8381050393893889,0.6062176165803109,0.3595,False,0.06498810296015169,0.5759453644184753
168,3,corto,oi_rel_168 [bajo],199,0.1559882254010522,0.0013625448052682193,1.145714079834085,0.7258437317439091,0.5226130653266332,0.3385,False,0.06498810296015169,0.5759453644184753
168,3,corto,tt_cuentas [bajo],188,-1.3931120038416733,-0.015758851222593198,1.263923132734511,0.8198409891302065,0.42021276595744683,1.0,False,0.06498810296015169,0.5759453644184753
168,3,corto,tt_cuentas_chg24 [bajo],188,0.018039365553499064,3.0196843917966898e-05,1.170138616120796,0.8553753039631682,0.6117021276595744,0.4565,False,0.06498810296015169,0.5759453644184753
168,3,corto,tt_cuentas_pct [bajo],186,-0.9328588820553501,-0.009847346635700253,1.1944789511081477,0.8448872409121708,0.521505376344086,1.0,False,0.06498810296015169,0.5759453644184753
168,3,corto,tt_pos [bajo],188,-1.092458856261387,-0.009440807601369474,0.9297276217320667,0.8004221475082451,0.44148936170212766,1.0,False,0.06498810296015169,0.5759453644184753
168,3,corto,tt_pos_chg24 [bajo],188,0.20448204381957494,-0.0003719242916183732,1.2210080339672305,0.8594642262490233,0.5585106382978723,0.2715,False,0.06498810296015169,0.5759453644184753
168,3,corto,tt_pos_pct [bajo],187,-0.04534552185116626,-0.0003118093800272688,1.172072250120246,0.8026714995415035,0.5668449197860963,1.0,False,0.06498810296015169,0.5759453644184753
168,3,corto,ls_cuentas [bajo],199,-1.2060429782591882,-0.015343698825302588,1.326715986565493,0.8381050393893889,0.4371859296482412,1.0,False,0.06498810296015169,0.5759453644184753
168,3,corto,ls_cuentas_chg24 [bajo],199,-0.13837833037400493,-0.0010233247774769387,1.2373435857011157,0.8763039163828211,0.5778894472361809,1.0,False,0.06498810296015169,0.5759453644184753
168,3,corto,ls_cuentas_pct [bajo],199,-0.9410669625768007,-0.009015776368110772,1.1869087698828749,0.83072097548008,0.5276381909547738,1.0,False,0.06498810296015169,0.5759453644184753
168,3,corto,taker [bajo],199,-0.617835532402208,-0.004227403140885629,0.9687716302777992,0.7502359676108421,0.5678391959798995,1.0,False,0.06498810296015169,0.5759453644184753
168,3,corto,taker_chg24 [bajo],199,-0.12650014694337655,-0.0012159188018904166,0.997390990163337,0.7594582244365918,0.5326633165829145,1.0,False,0.06498810296015169,0.5759453644184753
168,3,corto,taker_pct [bajo],198,-0.32503935221908425,-0.0014848630820997223,1.0116733052957703,0.7613313280605946,0.5606060606060606,1.0,False,0.06498810296015169,0.5759453644184753
168,3,corto,atr_24 ~ sin roc_24 [bajo],249,-0.6926951179770814,-0.0031221979447297312,0.5045603641042169,0.6700198040528788,0.4738955823293173,1.0,False,0.06498810296015169,0.5759453644184753
168,3,corto,vol_24 ~ sin roc_24 [bajo],249,-0.6873165178639786,-0.0050946903536271395,0.5697351285210089,0.6836695820502048,0.4738955823293173,1.0,False,0.06498810296015169,0.5759453644184753
168,3,corto,vol_168 ~ sin roc_24 [bajo],249,-1.2301568301869596,-0.006246983123607212,0.5267416681625207,0.7158812374725546,0.42168674698795183,1.0,False,0.06498810296015169,0.5759453644184753
168,3,corto,rango_168 ~ sin roc_24 [bajo],249,-0.2432189002241389,0.0006293298011666903,0.5909567871499644,0.7120663318368053,0.4859437751004016,1.0,False,0.06498810296015169,0.5759453644184753
168,3,corto,roc_72 ~ sin roc_24 [bajo],249,-0.32554928666769434,-0.007035607165822298,1.2885282122411719,0.8101347680745972,0.4578313253012048,1.0,False,0.06498810296015169,0.5759453644184753
168,3,corto,roc_168 ~ sin roc_24 [bajo],249,-0.5160346527732192,-0.007691806965097669,1.224298870129145,0.7688512995298572,0.5341365461847389,1.0,False,0.06498810296015169,0.5759453644184753
168,3,corto,roc_720 ~ sin roc_24 [bajo],249,-0.49500320616280213,-0.010424181787741566,1.2062833939621298,0.8283161206847781,0.5742971887550201,1.0,False,0.06498810296015169,0.5759453644184753
168,3,corto,compresion ~ sin roc_24 [bajo],249,-0.016649320947616283,-0.0017391471335756754,0.8096026961330294,0.6700310310874674,0.4979919678714859,1.0,False,0.06498810296015169,0.5759453644184753
168,3,corto,dd_168 ~ sin roc_24 [bajo],249,-0.3379782821851116,-0.00703387290597766,1.5318232121788617,0.8480917742034051,0.5341365461847389,1.0,False,0.06498810296015169,0.5759453644184753
168,3,corto,dd_720 ~ sin roc_24 [bajo],249,-0.08361458764317582,-0.0026810147848193785,1.3666904663570145,0.7820112448638366,0.5783132530120482,1.0,False,0.06498810296015169,0.5759453644184753
168,3,corto,pos_168 ~ sin roc_24 [bajo],249,0.10194959585487043,0.0008609327270847626,1.1059807007116185,0.7525016218535917,0.5461847389558233,0.357,False,0.06498810296015169,0.5759453644184753
168,3,corto,desbal ~ sin roc_24 [bajo],249,0.0709395318060307,-0.0005151362306240903,1.0544212783204219,0.7767962437369124,0.5421686746987951,0.3915,False,0.06498810296015169,0.5759453644184753
168,3,corto,desbal_24 ~ sin roc_24 [bajo],249,-0.3696744135934557,0.0003116957752493382,0.9849258352227743,0.7548324284172999,0.5301204819277109,1.0,False,0.06498810296015169,0.5759453644184753
168,3,corto,desbal_168 ~ sin roc_24 [bajo],248,-0.1457014238565018,0.0007009876800790068,0.9966830208236578,0.7626493553932909,0.5443548387096774,1.0,False,0.06498810296015169,0.5759453644184753
168,3,corto,ticket_rel ~ sin roc_24 [bajo],248,-0.49784438190944397,-0.009095464361105598,1.007400161624365,0.7585508396664892,0.5201612903225806,1.0,False,0.06498810296015169,0.5759453644184753
168,3,corto,turnover ~ sin roc_24 [bajo],249,-0.7377158889466457,-0.008450233511096389,1.2102339729234948,0.8463770056599147,0.5220883534136547,1.0,False,0.06498810296015169,0.5759453644184753
168,3,corto,n_surge ~ sin roc_24 [bajo],249,-0.42086825355206964,-0.005233934033881898,1.2078285030659939,0.8494707906136786,0.5421686746987951,1.0,False,0.06498810296015169,0.5759453644184753
168,3,corto,oi_chg_1h ~ sin roc_24 [bajo],199,-0.028172001976472745,-0.004087567516246205,1.4698141451945523,0.9207648006242731,0.5376884422110553,1.0,False,0.06498810296015169,0.5759453644184753
168,3,corto,oi_chg_4h ~ sin roc_24 [bajo],199,-0.34902321953483706,-0.005582650334945097,1.509269609675015,0.9495094114863674,0.5527638190954773,1.0,False,0.06498810296015169,0.5759453644184753
168,3,corto,oi_chg_24h ~ sin roc_24 [bajo],199,-0.36290090083939086,-0.009675212212302083,1.3882163177055498,0.900044628144835,0.5175879396984925,1.0,False,0.06498810296015169,0.5759453644184753
168,3,corto,oi_z ~ sin roc_24 [bajo],193,0.26230069653840293,0.004257144544430915,1.179274368061435,0.8593079289266197,0.6113989637305699,0.225,False,0.06498810296015169,0.5759453644184753
168,3,corto,oi_rel_168 ~ sin roc_24 [bajo],199,0.0955525606499296,0.0032396233567890563,1.19071684514101,0.7743329772917087,0.4824120603015075,0.385,False,0.06498810296015169,0.5759453644184753
168,3,corto,tt_cuentas ~ sin roc_24 [bajo],188,-1.0279568506933507,-0.014035262474025376,1.0881324407226651,0.7693775817714286,0.4148936170212766,1.0,False,0.06498810296015169,0.5759453644184753
168,3,corto,tt_cuentas_chg24 ~ sin roc_24 [bajo],188,0.5294732376089291,0.006810695425807308,1.0644286893158184,0.7981871909919422,0.6223404255319149,0.0305,False,0.06498810296015169,0.5759453644184753
168,3,corto,tt_cuentas_pct ~ sin roc_24 [bajo],186,-0.5545310150494025,-0.0024073920711095015,0.9970515967519454,0.77399766348037,0.5053763440860215,1.0,False,0.06498810296015169,0.5759453644184753
168,3,corto,tt_pos ~ sin roc_24 [bajo],188,-0.8710270558675405,-0.00683145449661179,0.9585682015517102,0.7854053697287036,0.4521276595744681,1.0,False,0.06498810296015169,0.5759453644184753
168,3,corto,tt_pos_chg24 ~ sin roc_24 [bajo],188,0.156607689321203,-0.00172024306766958,1.1859774219691666,0.8383281919851333,0.5212765957446809,0.315,False,0.06498810296015169,0.5759453644184753
168,3,corto,tt_pos_pct ~ sin roc_24 [bajo],187,0.11094781594398678,0.0003496563388735166,1.0748912797351182,0.7704766651150649,0.5401069518716578,0.3645,False,0.06498810296015169,0.5759453644184753
168,3,corto,ls_cuentas ~ sin roc_24 [bajo],199,-0.7143382718815336,-0.010427883619372628,1.1034587264113571,0.7669376300986253,0.457286432160804,1.0,False,0.06498810296015169,0.5759453644184753
168,3,corto,ls_cuentas_chg24 ~ sin roc_24 [bajo],199,0.847601036277064,0.00893734629579243,1.08446595523872,0.7983510542196186,0.6532663316582915,0.0015,False,0.06498810296015169,0.5759453644184753
168,3,corto,ls_cuentas_pct ~ sin roc_24 [bajo],199,-0.17781720814002283,0.0007817155328520536,1.0237559526652584,0.7691211012383963,0.5577889447236181,1.0,False,0.06498810296015169,0.5759453644184753
168,3,corto,taker ~ sin roc_24 [bajo],199,-0.2666283415727641,0.00038704852853036924,0.9931434999127013,0.7669488525732671,0.5678391959798995,1.0,False,0.06498810296015169,0.5759453644184753
168,3,corto,taker_chg24 ~ sin roc_24 [bajo],199,0.15486914976997473,0.0031628106835346666,1.0042002096218066,0.7599875131494166,0.5527638190954773,0.304,False,0.06498810296015169,0.5759453644184753
168,3,corto,taker_pct ~ sin roc_24 [bajo],198,-0.17151004242809167,0.00026548824434373354,0.9860192653973853,0.7543499754068116,0.5454545454545454,1.0,False,0.06498810296015169,0.5759453644184753
168,3,corto,CONTROL azar 1,249,0.10187506378463748,-0.0009809601818082207,1.055608750512627,0.7984129026376245,0.5461847389558233,0.349,False,0.06498810296015169,0.5759453644184753
168,3,corto,CONTROL azar 2,249,0.06498810296015169,0.0021783809608458358,1.05763630835184,0.7882538562611219,0.5582329317269076,0.3995,False,0.06498810296015169,0.5759453644184753
168,3,corto,CONTROL azar 3,249,-0.9136234313967206,-0.008466970793865082,1.037059626251524,0.7773314278177865,0.5020080321285141,1.0,False,0.06498810296015169,0.5759453644184753
168,8,largo,atr_24,249,0.5062021033547557,0.008608850016646494,1.6997737070403105,0.9981794677061153,0.5100401606425703,0.035,False,-0.1916360948414516,0.2339052079819886
168,8,largo,vol_24,249,0.5582418976506613,0.00899606748999098,1.6807866986763214,1.009629479813234,0.5180722891566265,0.018,False,-0.1916360948414516,0.2339052079819886
168,8,largo,vol_168,249,0.30828923300715594,0.006334350290444359,1.608910625239552,0.9037783902983245,0.46586345381526106,0.1075,False,-0.1916360948414516,0.2339052079819886
168,8,largo,rango_168,249,0.40173177462099363,0.007900819822597141,1.5551504532871852,0.9087292470482408,0.5100401606425703,0.046,False,-0.1916360948414516,0.2339052079819886
168,8,largo,roc_24,249,0.1814512776062453,0.0019766743573509096,1.2508510744629258,0.9221576181691424,0.41365461847389556,0.258,False,-0.1916360948414516,0.2339052079819886
168,8,largo,roc_72,249,0.2760618168137727,0.003278407579869438,1.3268124630954279,0.9529386638179924,0.4457831325301205,0.1555,False,-0.1916360948414516,0.2339052079819886
168,8,largo,roc_168,249,0.04962852829832678,0.0017145074008201894,1.3311209002028561,0.9418089142064396,0.41365461847389556,0.4445,False,-0.1916360948414516,0.2339052079819886
168,8,largo,roc_720,249,0.4269657417387846,0.0032425864488309225,1.2721325629821874,0.8451019068926078,0.5381526104417671,0.039,False,-0.1916360948414516,0.2339052079819886
168,8,largo,compresion,249,0.041700329651414826,-0.000577906639584419,1.4038746412283107,0.9970242610168119,0.42570281124497994,0.469,False,-0.1916360948414516,0.2339052079819886
168,8,largo,dd_168,249,0.05088104530859745,0.000553562780583576,0.8219772417324048,0.798574295015758,0.4578313253012048,0.3905,False,-0.1916360948414516,0.2339052079819886
168,8,largo,dd_720,249,-0.09773801459104366,-0.002547111935503164,0.8523948258901053,0.8288623073358914,0.4738955823293173,1.0,False,-0.1916360948414516,0.2339052079819886
168,8,largo,pos_168,249,0.2433143174670909,0.002728433774342269,1.1184539406169962,0.8879618805478435,0.5060240963855421,0.123,False,-0.1916360948414516,0.2339052079819886
168,8,largo,desbal,249,-0.07188898785202154,-0.00015000997262332584,0.9993199201457607,0.7729133256468979,0.4497991967871486,1.0,False,-0.1916360948414516,0.2339052079819886
168,8,largo,desbal_24,249,0.29676419760898104,0.004629947053773641,0.9808445285700865,0.8080412028436036,0.4979919678714859,0.1025,False,-0.1916360948414516,0.2339052079819886
168,8,largo,desbal_168,248,0.10160388195849464,0.0016614407285032032,0.9375913214772681,0.805797105536783,0.4798387096774194,0.2805,False,-0.1916360948414516,0.2339052079819886
168,8,largo,ticket_rel,248,-0.06363670893557066,-0.0021056860503948687,1.0383978785456995,0.807854446133397,0.4717741935483871,1.0,False,-0.1916360948414516,0.2339052079819886
168,8,largo,turnover,249,0.16200889120141337,0.00253551364094546,1.2370864303417384,0.9208056032168036,0.41365461847389556,0.274,False,-0.1916360948414516,0.2339052079819886
168,8,largo,n_surge,249,0.40208889919812857,0.006081272464097962,1.2598100019369576,0.9294671610802551,0.46586345381526106,0.0625,False,-0.1916360948414516,0.2339052079819886
168,8,largo,oi_chg_1h,199,-0.054108027189924524,-0.00012603571384251056,1.0887768189358948,0.7994691614745754,0.457286432160804,1.0,False,-0.1916360948414516,0.2339052079819886
168,8,largo,oi_chg_4h,199,0.059208762586890305,0.0006588390567873616,1.0722904471770418,0.8057276542679297,0.4623115577889447,0.3915,False,-0.1916360948414516,0.2339052079819886
168,8,largo,oi_chg_24h,199,0.43171680204073254,0.00473870986535798,1.2180955256702435,0.8954780080546992,0.457286432160804,0.051,False,-0.1916360948414516,0.2339052079819886
168,8,largo,oi_z,193,-0.1475836511406609,-0.0013992812617155954,1.0177036597816793,0.7774994359309375,0.44041450777202074,1.0,False,-0.1916360948414516,0.2339052079819886
168,8,largo,oi_rel_168,199,0.5054744132272456,0.006649183148114375,1.307621114782877,0.9484836454018226,0.49748743718592964,0.033,False,-0.1916360948414516,0.2339052079819886
168,8,largo,tt_cuentas,188,-0.40533612919078765,-0.0041002593441213896,0.8896127691361024,0.7459328275268388,0.3776595744680851,1.0,False,-0.1916360948414516,0.2339052079819886
168,8,largo,tt_cuentas_chg24,188,-0.34879927449717324,-0.0023326477756332393,1.0810898834082987,0.7999839854784189,0.43617021276595747,1.0,False,-0.1916360948414516,0.2339052079819886
168,8,largo,tt_cuentas_pct,186,-0.5492575844903181,-0.005336664891465614,0.9974108224130005,0.753151021081834,0.3870967741935484,1.0,False,-0.1916360948414516,0.2339052079819886
168,8,largo,tt_pos,188,-0.749623832247424,-0.009112170434147936,0.9921478367054719,0.7480236438769872,0.32978723404255317,1.0,False,-0.1916360948414516,0.2339052079819886
168,8,largo,tt_pos_chg24,188,-0.29966585697661163,-0.00411718932694107,1.0662609215788372,0.7971527161826054,0.4148936170212766,1.0,False,-0.1916360948414516,0.2339052079819886
168,8,largo,tt_pos_pct,187,-0.11641790570194897,-0.0019750667428258886,1.00499861952457,0.7685732733883317,0.3850267379679144,1.0,False,-0.1916360948414516,0.2339052079819886
168,8,largo,ls_cuentas,199,-0.5358629429760192,-0.005193480662861073,0.9045918775740367,0.7411151749387302,0.36683417085427134,1.0,False,-0.1916360948414516,0.2339052079819886
168,8,largo,ls_cuentas_chg24,199,-0.24029860962130467,-0.0005973005303073055,1.0940777910291029,0.7840162002223072,0.4371859296482412,1.0,False,-0.1916360948414516,0.2339052079819886
168,8,largo,ls_cuentas_pct,199,-0.3979595577783653,-0.0036410768668012953,1.002831443505035,0.753379731315017,0.4321608040201005,1.0,False,-0.1916360948414516,0.2339052079819886
168,8,largo,taker,199,0.06775557384743022,0.0008258780742312179,1.0009795802736998,0.7691238240049412,0.45226130653266333,0.403,False,-0.1916360948414516,0.2339052079819886
168,8,largo,taker_chg24,199,-0.15285445033671205,-0.0023577361991973353,0.9950646542492557,0.7786298242796834,0.45226130653266333,1.0,False,-0.1916360948414516,0.2339052079819886
168,8,largo,taker_pct,198,0.006381942584245389,0.0014691293554061693,1.008059360367363,0.7678556363910525,0.4444444444444444,0.4795,False,-0.1916360948414516,0.2339052079819886
168,8,largo,atr_24 ~ sin roc_24,249,0.05115845373332717,0.0023082643950445873,1.6151708589986604,0.9484074969573717,0.4457831325301205,0.432,False,-0.1916360948414516,0.2339052079819886
168,8,largo,vol_24 ~ sin roc_24,249,0.02358489007324985,0.0014299738144541256,1.5745152169973073,0.949046998180193,0.4779116465863454,0.499,False,-0.1916360948414516,0.2339052079819886
168,8,largo,vol_168 ~ sin roc_24,249,0.19895023862439137,0.004796813363925525,1.527197045857211,0.891330744924986,0.4779116465863454,0.1975,False,-0.1916360948414516,0.2339052079819886
168,8,largo,rango_168 ~ sin roc_24,249,0.030494650931038016,0.0022340174178716657,1.487004949315228,0.8959817073332264,0.46586345381526106,0.4595,False,-0.1916360948414516,0.2339052079819886
168,8,largo,roc_72 ~ sin roc_24,249,0.04617257274368578,0.0019348988045997575,1.239684393982579,0.9034879549140353,0.46184738955823296,0.435,False,-0.1916360948414516,0.2339052079819886
168,8,largo,roc_168 ~ sin roc_24,249,0.014426632151277003,0.0005198902485389765,1.2814342347136733,0.9079019074176409,0.42168674698795183,0.49,False,-0.1916360948414516,0.2339052079819886
168,8,largo,roc_720 ~ sin roc_24,249,0.20594785167157964,0.0014711334666067891,1.259943580799092,0.8341560069461111,0.5301204819277109,0.2065,False,-0.1916360948414516,0.2339052079819886
168,8,largo,compresion ~ sin roc_24,249,-0.09316819364359762,-0.0018587055294348996,1.3127456224024396,0.9556335606302617,0.4457831325301205,1.0,False,-0.1916360948414516,0.2339052079819886
168,8,largo,dd_168 ~ sin roc_24,249,-0.09218350506650226,-0.000982546588123008,0.8052377570815419,0.7744352522917393,0.43775100401606426,1.0,False,-0.1916360948414516,0.2339052079819886
168,8,largo,dd_720 ~ sin roc_24,249,-0.11750755865943813,-0.0019749617010095507,0.8497778448800523,0.808685962194577,0.43775100401606426,1.0,False,-0.1916360948414516,0.2339052079819886
168,8,largo,pos_168 ~ sin roc_24,249,0.0752585565653294,0.0014544987288235272,1.0425732180465044,0.8416766358606369,0.4899598393574297,0.3305,False,-0.1916360948414516,0.2339052079819886
168,8,largo,desbal ~ sin roc_24,249,-0.02192835170458991,0.0007718261994450262,0.9945727468739013,0.7695110442145345,0.46184738955823296,1.0,False,-0.1916360948414516,0.2339052079819886
168,8,largo,desbal_24 ~ sin roc_24,249,0.08546059661201175,0.0013819026970455978,0.9522918718283896,0.786165021112528,0.4738955823293173,0.354,False,-0.1916360948414516,0.2339052079819886
168,8,largo,desbal_168 ~ sin roc_24,248,0.052478771497094734,0.0007397164719589283,0.9327471955100036,0.7953391281971333,0.49193548387096775,0.3785,False,-0.1916360948414516,0.2339052079819886
168,8,largo,ticket_rel ~ sin roc_24,248,0.06186945350370941,0.0011800918028431742,1.032396003598887,0.8013357252919799,0.5,0.364,False,-0.1916360948414516,0.2339052079819886
168,8,largo,turnover ~ sin roc_24,249,-0.06772862145485485,-0.0007985187894572716,1.1877090921041387,0.8694767317039329,0.39357429718875503,1.0,False,-0.1916360948414516,0.2339052079819886
168,8,largo,n_surge ~ sin roc_24,249,0.022272310527893628,0.0005554162954079832,1.186875537462667,0.8740346021298543,0.41365461847389556,0.483,False,-0.1916360948414516,0.2339052079819886
168,8,largo,oi_chg_1h ~ sin roc_24,199,0.04066738558610364,0.0004980546886122654,1.0843038602758681,0.7912771927389117,0.47738693467336685,0.42,False,-0.1916360948414516,0.2339052079819886
168,8,largo,oi_chg_4h ~ sin roc_24,199,0.08510373133171631,-0.0004378508607895246,1.0728623403534694,0.7877275118183756,0.46733668341708545,0.364,False,-0.1916360948414516,0.2339052079819886
168,8,largo,oi_chg_24h ~ sin roc_24,199,-0.04885312500951191,-0.0035315271846727407,1.135202373342371,0.8286854329761988,0.39195979899497485,1.0,False,-0.1916360948414516,0.2339052079819886
168,8,largo,oi_z ~ sin roc_24,193,-0.2193831453067388,-0.0026466262250270807,1.0118077038140738,0.7744183506722131,0.44559585492227977,1.0,False,-0.1916360948414516,0.2339052079819886
168,8,largo,oi_rel_168 ~ sin roc_24,199,0.3165063639194939,0.0036039398992829988,1.2337988348664044,0.8977673763357495,0.457286432160804,0.107,False,-0.1916360948414516,0.2339052079819886
168,8,largo,tt_cuentas ~ sin roc_24,188,-0.43295250348038544,-0.004999587281900728,0.8935799903852705,0.7530626805922793,0.3882978723404255,1.0,False,-0.1916360948414516,0.2339052079819886
168,8,largo,tt_cuentas_chg24 ~ sin roc_24,188,-0.18322715041512838,0.0005015644962771278,1.1004631013660957,0.8178570231995632,0.48936170212765956,1.0,False,-0.1916360948414516,0.2339052079819886
168,8,largo,tt_cuentas_pct ~ sin roc_24,186,-0.2520175955528506,-0.002788611181700584,1.0026394003442185,0.7596387103678888,0.3924731182795699,1.0,False,-0.1916360948414516,0.2339052079819886
168,8,largo,tt_pos ~ sin roc_24,188,-0.7092933309412707,-0.008372224982832516,0.9882181003038911,0.7498998251366138,0.35638297872340424,1.0,False,-0.1916360948414516,0.2339052079819886
168,8,largo,tt_pos_chg24 ~ sin roc_24,188,-0.2644991356265144,-0.003931793134552493,1.0769597599262872,0.8038089100905327,0.3776595744680851,1.0,False,-0.1916360948414516,0.2339052079819886
168,8,largo,tt_pos_pct ~ sin roc_24,187,-0.11802945812706646,-0.0018782899764878077,0.9957156731953761,0.7696201883264283,0.37967914438502676,1.0,False,-0.1916360948414516,0.2339052079819886
168,8,largo,ls_cuentas ~ sin roc_24,199,-0.4657198260133112,-0.0043056467818634574,0.9063614327196036,0.7426255459891877,0.35175879396984927,1.0,False,-0.1916360948414516,0.2339052079819886
168,8,largo,ls_cuentas_chg24 ~ sin roc_24,199,-0.021485948782241367,0.003127967243147615,1.1124793616408433,0.807476444478527,0.45226130653266333,1.0,False,-0.1916360948414516,0.2339052079819886
168,8,largo,ls_cuentas_pct ~ sin roc_24,199,-0.35260454390199697,-0.0035476088619786047,1.0130109546932484,0.7615698639609392,0.41708542713567837,1.0,False,-0.1916360948414516,0.2339052079819886
168,8,largo,taker ~ sin roc_24,199,0.018277065684473303,0.0008619531921510096,1.0019633892288733,0.7735776841866696,0.4472361809045226,0.479,False,-0.1916360948414516,0.2339052079819886
168,8,largo,taker_chg24 ~ sin roc_24,199,0.005105356860856057,0.00014770964082644458,0.999235130162291,0.7776069208007507,0.44221105527638194,0.4935,False,-0.1916360948414516,0.2339052079819886
168,8,largo,taker_pct ~ sin roc_24,198,-0.3127311094618366,-0.002332918189913545,1.0032462639203354,0.7560766618933682,0.43434343434343436,1.0,False,-0.1916360948414516,0.2339052079819886
168,8,largo,atr_24 [bajo],249,0.14876047730617586,-0.0012555335465173805,0.6149056274850727,0.6718470456642771,0.4779116465863454,0.2665,False,-0.1916360948414516,0.2339052079819886
168,8,largo,vol_24 [bajo],249,0.12344813696527616,-0.0019166628630944518,0.6209368605094999,0.6676037672568373,0.4538152610441767,0.322,False,-0.1916360948414516,0.2339052079819886
168,8,largo,vol_168 [bajo],249,0.1276306006929555,-0.0017874061902096263,0.6316528586360912,0.7091580153748449,0.44176706827309237,0.324,False,-0.1916360948414516,0.2339052079819886
168,8,largo,rango_168 [bajo],249,0.04253956857559919,-0.0021253032243037473,0.6662745535086728,0.7098126300066425,0.4899598393574297,0.436,False,-0.1916360948414516,0.2339052079819886
168,8,largo,roc_24 [bajo],249,0.1879120329276257,0.00040255147412332915,1.129947549111394,0.7830803843840388,0.4939759036144578,0.191,False,-0.1916360948414516,0.2339052079819886
168,8,largo,roc_72 [bajo],249,-0.07064763979364012,0.001020356469424228,1.0631281455777442,0.737127403046322,0.5020080321285141,1.0,False,-0.1916360948414516,0.2339052079819886
168,8,largo,roc_168 [bajo],249,-0.13502787137188943,-0.0022584758031485154,1.0596267001602069,0.7403456159265631,0.4578313253012048,1.0,False,-0.1916360948414516,0.2339052079819886
168,8,largo,roc_720 [bajo],249,-0.181867509231883,-0.001536425269839079,1.0529922213742344,0.7789447083496683,0.41365461847389556,1.0,False,-0.1916360948414516,0.2339052079819886
168,8,largo,compresion [bajo],249,-0.18745104043449937,-0.002927928138395222,0.8266787490374202,0.6645178092665261,0.44176706827309237,1.0,False,-0.1916360948414516,0.2339052079819886
168,8,largo,dd_168 [bajo],249,-0.2296034744729367,6.510180185445012e-05,1.3213590159873896,0.8167396605176311,0.4738955823293173,1.0,False,-0.1916360948414516,0.2339052079819886
168,8,largo,dd_720 [bajo],249,-0.2147425176044393,0.0013020384036907932,1.229022093951822,0.77245744701371,0.44176706827309237,1.0,False,-0.1916360948414516,0.2339052079819886
168,8,largo,pos_168 [bajo],249,-0.1967604178443466,-0.0018677249443081144,1.0373954620823245,0.7361626722328105,0.46184738955823296,1.0,False,-0.1916360948414516,0.2339052079819886
168,8,largo,desbal [bajo],249,-0.19417925710973422,-0.003260604703156443,1.016264363726443,0.7825634591192152,0.46586345381526106,1.0,False,-0.1916360948414516,0.2339052079819886
168,8,largo,desbal_24 [bajo],249,-0.2674369321653392,-0.00492908934844169,0.9942345908427157,0.7535680242314879,0.42168674698795183,1.0,False,-0.1916360948414516,0.2339052079819886
168,8,largo,desbal_168 [bajo],248,-0.2504713005312317,-0.003709472512555204,0.998700299068683,0.7679489627933682,0.41935483870967744,1.0,False,-0.1916360948414516,0.2339052079819886
168,8,largo,ticket_rel [bajo],248,0.07616429519503366,0.0010943202842952843,0.9798314313420244,0.7435296956364174,0.4596774193548387,0.37,False,-0.1916360948414516,0.2339052079819886
168,8,largo,turnover [bajo],249,-0.24859909796950172,-0.002884406099919891,0.950561203587774,0.7098841914563172,0.4457831325301205,1.0,False,-0.1916360948414516,0.2339052079819886
168,8,largo,n_surge [bajo],249,-0.2535689849078551,-0.004583037918815539,0.9578050993495827,0.7168232898406699,0.46184738955823296,1.0,False,-0.1916360948414516,0.2339052079819886
168,8,largo,oi_chg_1h [bajo],199,-0.25160062753721085,-0.000951124984283648,1.201727551585376,0.8380709919446925,0.45226130653266333,1.0,False,-0.1916360948414516,0.2339052079819886
168,8,largo,oi_chg_4h [bajo],199,-0.18064765143722325,-0.002061990656248694,1.219123922055408,0.8385803482258846,0.4623115577889447,1.0,False,-0.1916360948414516,0.2339052079819886
168,8,largo,oi_chg_24h [bajo],199,-0.21561204321746139,-0.00020367137870284677,1.1323887484914956,0.7912839019695761,0.47738693467336685,1.0,False,-0.1916360948414516,0.2339052079819886
168,8,largo,oi_z [bajo],193,-0.23794819588014948,-0.003244461671556814,1.0922140179715312,0.8240708081285447,0.41968911917098445,1.0,False,-0.1916360948414516,0.2339052079819886
168,8,largo,oi_rel_168 [bajo],199,-0.40918411215532935,-0.003871043139359534,1.0534639248914734,0.7252891916348335,0.4623115577889447,1.0,False,-0.1916360948414516,0.2339052079819886
168,8,largo,tt_cuentas [bajo],188,0.8669359514380566,0.008183209729874897,1.1290538757334407,0.799553140227435,0.5425531914893617,0.0005,False,-0.1916360948414516,0.2339052079819886
168,8,largo,tt_cuentas_chg24 [bajo],188,-0.44003390301900785,-0.005445696598242073,1.0630808925467397,0.817680582967167,0.3404255319148936,1.0,False,-0.1916360948414516,0.2339052079819886
168,8,largo,tt_cuentas_pct [bajo],186,0.4244058866116144,0.004567368195010494,1.0686024535459253,0.8221359401493338,0.4946236559139785,0.0555,False,-0.1916360948414516,0.2339052079819886
168,8,largo,tt_pos [bajo],188,0.8143187343684706,0.00872098939412237,0.9618573446002134,0.7906988207349841,0.526595744680851,0.0005,False,-0.1916360948414516,0.2339052079819886
168,8,largo,tt_pos_chg24 [bajo],188,-0.14931396433844596,-0.0009742229673239811,1.092167765642078,0.8205048759325455,0.4787234042553192,1.0,False,-0.1916360948414516,0.2339052079819886
168,8,largo,tt_pos_pct [bajo],187,-0.14648489169616208,-0.001464090315261121,1.0616481018933552,0.804710907907735,0.44385026737967914,1.0,False,-0.1916360948414516,0.2339052079819886
168,8,largo,ls_cuentas [bajo],199,0.7145481556176465,0.006361053845292228,1.1219378934406237,0.794531677761743,0.5326633165829145,0.003,False,-0.1916360948414516,0.2339052079819886
168,8,largo,ls_cuentas_chg24 [bajo],199,-0.38196341742394446,-0.0049277912176915566,1.0694804202318395,0.819044733328308,0.36683417085427134,1.0,False,-0.1916360948414516,0.2339052079819886
168,8,largo,ls_cuentas_pct [bajo],199,0.1850109676891911,0.000937458014618402,1.0625735566530274,0.8225814997367549,0.4623115577889447,0.2195,False,-0.1916360948414516,0.2339052079819886
168,8,largo,taker [bajo],199,-0.23354973690438338,-0.004622464054904957,0.9745315704404957,0.7474380451422763,0.4120603015075377,1.0,False,-0.1916360948414516,0.2339052079819886
168,8,largo,taker_chg24 [bajo],199,-0.19187816613115316,-0.0020338205595810976,1.0053240462735868,0.7605203455971117,0.39195979899497485,1.0,False,-0.1916360948414516,0.2339052079819886
168,8,largo,taker_pct [bajo],198,-0.25930331509082305,-0.004295485807177158,1.0020430547761248,0.7501640778574324,0.4444444444444444,1.0,False,-0.1916360948414516,0.2339052079819886
168,8,largo,atr_24 ~ sin roc_24 [bajo],249,0.06578138793783361,-0.0013741963951053016,0.6419079644111935,0.6928763491784984,0.4738955823293173,0.3715,False,-0.1916360948414516,0.2339052079819886
168,8,largo,vol_24 ~ sin roc_24 [bajo],249,0.20242690315935913,0.0007284226655786962,0.6733770330457983,0.6950669189740682,0.46586345381526106,0.202,False,-0.1916360948414516,0.2339052079819886
168,8,largo,vol_168 ~ sin roc_24 [bajo],249,0.0882519992493716,-0.0019362216593432414,0.6593403735277815,0.7265408947564488,0.4457831325301205,0.3715,False,-0.1916360948414516,0.2339052079819886
168,8,largo,rango_168 ~ sin roc_24 [bajo],249,-0.03552871395863957,-0.0025139201681098435,0.7026302512324465,0.7289128839353631,0.46586345381526106,1.0,False,-0.1916360948414516,0.2339052079819886
168,8,largo,roc_72 ~ sin roc_24 [bajo],249,0.121358474926557,0.0036220376751238898,1.0795647171246565,0.7719544583862823,0.5060240963855421,0.2545,False,-0.1916360948414516,0.2339052079819886
168,8,largo,roc_168 ~ sin roc_24 [bajo],249,0.005470987626136877,0.0006963995363597593,1.0790845937132125,0.7555151961436606,0.4979919678714859,0.4945,False,-0.1916360948414516,0.2339052079819886
168,8,largo,roc_720 ~ sin roc_24 [bajo],249,0.04221821329387628,0.00175102889932451,1.0548723394116999,0.7914114769482006,0.42971887550200805,0.4365,False,-0.1916360948414516,0.2339052079819886
168,8,largo,compresion ~ sin roc_24 [bajo],249,0.061035581212911805,0.0010939461846415659,0.8572819354895398,0.6830356114433327,0.46586345381526106,0.365,False,-0.1916360948414516,0.2339052079819886
168,8,largo,dd_168 ~ sin roc_24 [bajo],249,0.12601062929205306,0.003933741950392557,1.3240344644102242,0.8302272155795092,0.4939759036144578,0.2945,False,-0.1916360948414516,0.2339052079819886
168,8,largo,dd_720 ~ sin roc_24 [bajo],249,-0.06934677080512312,0.002967022499553754,1.234893710850696,0.7800150591138044,0.4457831325301205,1.0,False,-0.1916360948414516,0.2339052079819886
168,8,largo,pos_168 ~ sin roc_24 [bajo],249,-0.004628395521289058,1.9203200849975193e-05,1.040936570444724,0.7469734097278484,0.4779116465863454,1.0,False,-0.1916360948414516,0.2339052079819886
168,8,largo,desbal ~ sin roc_24 [bajo],249,-0.3237824871330363,-0.004320695474299241,1.0196167217714693,0.7919987854581099,0.42971887550200805,1.0,False,-0.1916360948414516,0.2339052079819886
168,8,largo,desbal_24 ~ sin roc_24 [bajo],249,-0.0469625816058671,-0.002104135012069933,0.9993240303340374,0.7626143286689167,0.40160642570281124,1.0,False,-0.1916360948414516,0.2339052079819886
168,8,largo,desbal_168 ~ sin roc_24 [bajo],248,-0.2891095174463599,-0.0048114259726790495,0.9984936303844186,0.7693496309782781,0.40725806451612906,1.0,False,-0.1916360948414516,0.2339052079819886
168,8,largo,ticket_rel ~ sin roc_24 [bajo],248,0.04352909598232299,0.0005051558391123316,0.9814240685804212,0.7454011156611465,0.4314516129032258,0.427,False,-0.1916360948414516,0.2339052079819886
168,8,largo,turnover ~ sin roc_24 [bajo],249,-0.17608099503925906,-0.0010423274871390795,1.0516947779405343,0.7904608386930984,0.42971887550200805,1.0,False,-0.1916360948414516,0.2339052079819886
168,8,largo,n_surge ~ sin roc_24 [bajo],249,-0.013409467024302698,-0.00040528163674944555,1.0357104812953561,0.7952212987523464,0.4457831325301205,1.0,False,-0.1916360948414516,0.2339052079819886
168,8,largo,oi_chg_1h ~ sin roc_24 [bajo],199,-0.25354087738619774,-0.0016856269880595634,1.2012653427623101,0.8462654259068805,0.4271356783919598,1.0,False,-0.1916360948414516,0.2339052079819886
168,8,largo,oi_chg_4h ~ sin roc_24 [bajo],199,-0.05830818273847283,-0.0009220056708303958,1.2304959757779452,0.8570958451722817,0.4472361809045226,1.0,False,-0.1916360948414516,0.2339052079819886
168,8,largo,oi_chg_24h ~ sin roc_24 [bajo],199,0.03316046476466926,0.0036748768637672458,1.1417331854040762,0.8312375692349757,0.5025125628140703,0.464,False,-0.1916360948414516,0.2339052079819886
168,8,largo,oi_z ~ sin roc_24 [bajo],193,-0.20283814733982564,-0.0045029390498406915,1.0906479754924217,0.8302757917878192,0.38341968911917096,1.0,False,-0.1916360948414516,0.2339052079819886
168,8,largo,oi_rel_168 ~ sin roc_24 [bajo],199,-0.0886866402351583,-0.0008221542865752467,1.0731446609191722,0.754805672849173,0.47738693467336685,1.0,False,-0.1916360948414516,0.2339052079819886
168,8,largo,tt_cuentas ~ sin roc_24 [bajo],188,0.5559701914414594,0.005881414358298156,1.0961789207850878,0.771568770710388,0.5425531914893617,0.0075,False,-0.1916360948414516,0.2339052079819886
168,8,largo,tt_cuentas_chg24 ~ sin roc_24 [bajo],188,-0.42258583447949133,-0.0053638520760184,1.0158390383172984,0.7846221399933495,0.3829787234042553,1.0,False,-0.1916360948414516,0.2339052079819886
168,8,largo,tt_cuentas_pct ~ sin roc_24 [bajo],186,-0.031475694404008,-0.0025395066700411666,0.9871750975855224,0.7664586157041167,0.42473118279569894,1.0,False,-0.1916360948414516,0.2339052079819886
168,8,largo,tt_pos ~ sin roc_24 [bajo],188,0.3997922472471911,0.0047432338596683854,0.9526351575841528,0.7798055379149051,0.5053191489361702,0.0235,False,-0.1916360948414516,0.2339052079819886
168,8,largo,tt_pos_chg24 ~ sin roc_24 [bajo],188,-0.17726231974931175,-0.0005138317340862215,1.0715776309235652,0.8062904851075843,0.4734042553191489,1.0,False,-0.1916360948414516,0.2339052079819886
168,8,largo,tt_pos_pct ~ sin roc_24 [bajo],187,-0.11290475456373844,-0.0005467670431146235,1.027800435607259,0.7776581191058269,0.4919786096256685,1.0,False,-0.1916360948414516,0.2339052079819886
168,8,largo,ls_cuentas ~ sin roc_24 [bajo],199,0.4678693785415185,0.0053596555087221855,1.087676793724196,0.7678716693756928,0.5276381909547738,0.0165,False,-0.1916360948414516,0.2339052079819886
168,8,largo,ls_cuentas_chg24 ~ sin roc_24 [bajo],199,-0.5257378791882091,-0.005716214698418489,1.0145112035905417,0.7744615626608633,0.35175879396984927,1.0,False,-0.1916360948414516,0.2339052079819886
168,8,largo,ls_cuentas_pct ~ sin roc_24 [bajo],199,-0.11150029085545263,-0.004227570868882158,0.991470880725204,0.7698040140285038,0.4321608040201005,1.0,False,-0.1916360948414516,0.2339052079819886
168,8,largo,taker ~ sin roc_24 [bajo],199,-0.19516203639293989,-0.005608918100055737,0.9824360884889788,0.7587487557283576,0.3969849246231156,1.0,False,-0.1916360948414516,0.2339052079819886
168,8,largo,taker_chg24 ~ sin roc_24 [bajo],199,-0.392852437191203,-0.004329286103539509,1.0066986781356835,0.7618704086408747,0.4120603015075377,1.0,False,-0.1916360948414516,0.2339052079819886
168,8,largo,taker_pct ~ sin roc_24 [bajo],198,-0.20700821009682643,-0.004316331128918261,1.0030879400119428,0.7537909544632834,0.4444444444444444,1.0,False,-0.1916360948414516,0.2339052079819886
168,8,largo,CONTROL azar 1,249,-0.1916360948414516,-0.002962976572639281,1.0286449471282437,0.7874455105590035,0.42971887550200805,1.0,False,-0.1916360948414516,0.2339052079819886
168,8,largo,CONTROL azar 2,249,-0.35308187682889813,-0.0035851016874166794,1.0066657681165911,0.7827429240073017,0.4457831325301205,1.0,False,-0.1916360948414516,0.2339052079819886
168,8,largo,CONTROL azar 3,249,0.10788617662207253,0.0015676438930506194,1.0062579405611016,0.7824491359853347,0.43775100401606426,0.2885,False,-0.1916360948414516,0.2339052079819886
168,8,corto,atr_24,249,-0.7515983337638272,-0.0126088500166465,1.6997737070403105,0.9981794677061153,0.43775100401606426,1.0,False,-0.12234014931534459,0.23400640557421684
168,8,corto,vol_24,249,-0.8109119001358249,-0.012996067489990984,1.6807866986763214,1.009629479813234,0.43775100401606426,1.0,False,-0.12234014931534459,0.23400640557421684
168,8,corto,vol_168,249,-0.5471435063498853,-0.010334350290444364,1.608910625239552,0.9037783902983245,0.4819277108433735,1.0,False,-0.12234014931534459,0.23400640557421684
168,8,corto,rango_168,249,-0.6517691843817538,-0.011900819822597145,1.5551504532871852,0.9087292470482408,0.43775100401606426,1.0,False,-0.12234014931534459,0.23400640557421684
168,8,corto,roc_24,249,-0.49741552298245756,-0.005976674357350913,1.2508510744629258,0.9221576181691424,0.5301204819277109,1.0,False,-0.12234014931534459,0.23400640557421684
168,8,corto,roc_72,249,-0.5945701563648399,-0.007278407579869441,1.3268124630954279,0.9529386638179924,0.4939759036144578,1.0,False,-0.12234014931534459,0.23400640557421684
168,8,corto,roc_168,249,-0.3614183451902757,-0.005714507400820191,1.3311209002028561,0.9418089142064396,0.5381526104417671,1.0,False,-0.12234014931534459,0.23400640557421684
168,8,corto,roc_720,249,-0.7171147401384749,-0.007242586448830925,1.2721325629821874,0.8451019068926078,0.43373493975903615,1.0,False,-0.12234014931534459,0.23400640557421684
168,8,corto,compresion,249,-0.34739642453708364,-0.0034220933604155834,1.4038746412283107,0.9970242610168119,0.5180722891566265,1.0,False,-0.12234014931534459,0.23400640557421684
168,8,corto,dd_168,249,-0.4542464974377647,-0.004553562780583579,0.8219772417324048,0.798574295015758,0.43373493975903615,1.0,False,-0.12234014931534459,0.23400640557421684
168,8,corto,dd_720,249,-0.30876572674839553,-0.001452888064496839,0.8523948258901053,0.8288623073358914,0.4497991967871486,1.0,False,-0.12234014931534459,0.23400640557421684
168,8,corto,pos_168,249,-0.5782179340110548,-0.0067284337743422715,1.1184539406169962,0.8879618805478435,0.4578313253012048,1.0,False,-0.12234014931534459,0.23400640557421684
168,8,corto,desbal,249,-0.24910832847177974,-0.0038499900273766758,0.9993199201457607,0.7729133256468979,0.46184738955823296,1.0,False,-0.12234014931534459,0.23400640557421684
168,8,corto,desbal_24,249,-0.6301505109761597,-0.008629947053773642,0.9808445285700865,0.8080412028436036,0.46987951807228917,1.0,False,-0.12234014931534459,0.23400640557421684
168,8,corto,desbal_168,248,-0.44678415638670815,-0.005661440728503205,0.9375913214772681,0.805797105536783,0.4435483870967742,1.0,False,-0.12234014931534459,0.23400640557421684
168,8,corto,ticket_rel,248,-0.25664728258704433,-0.0018943139496051338,1.0383978785456995,0.807854446133397,0.4435483870967742,1.0,False,-0.12234014931534459,0.23400640557421684
168,8,corto,turnover,249,-0.47760438564420477,-0.006535513640945465,1.2370864303417384,0.9208056032168036,0.5220883534136547,1.0,False,-0.12234014931534459,0.23400640557421684
168,8,corto,n_surge,249,-0.715446867305777,-0.010081272464097964,1.2598100019369576,0.9294671610802551,0.4738955823293173,1.0,False,-0.12234014931534459,0.23400640557421684
168,8,corto,oi_chg_1h,199,-0.2702456946681335,-0.0038739642861574937,1.0887768189358948,0.7994691614745754,0.4824120603015075,1.0,False,-0.12234014931534459,0.23400640557421684
168,8,corto,oi_chg_4h,199,-0.3871289308405783,-0.004658839056787364,1.0722904471770418,0.8057276542679297,0.457286432160804,1.0,False,-0.12234014931534459,0.23400640557421684
168,8,corto,oi_chg_24h,199,-0.7546388029466327,-0.008738709865357984,1.2180955256702435,0.8954780080546992,0.46733668341708545,1.0,False,-0.12234014931534459,0.23400640557421684
168,8,corto,oi_z,193,-0.1875079499302234,-0.0026007187382844077,1.0177036597816793,0.7774994359309375,0.49740932642487046,1.0,False,-0.12234014931534459,0.23400640557421684
168,8,corto,oi_rel_168,199,-0.8382534213261532,-0.010649183148114378,1.307621114782877,0.9484836454018226,0.4371859296482412,1.0,False,-0.12234014931534459,0.23400640557421684
168,8,corto,tt_cuentas,188,0.04145342287970963,0.00010025934412138505,0.8896127691361024,0.7459328275268388,0.5957446808510638,0.42,False,-0.12234014931534459,0.23400640557421684
168,8,corto,tt_cuentas_chg24,188,0.025065860657709892,-0.001667352224366764,1.0810898834082987,0.7999839854784189,0.5106382978723404,0.449,False,-0.12234014931534459,0.23400640557421684
168,8,corto,tt_cuentas_pct,186,0.2233852270673103,0.001336664891465611,0.9974108224130005,0.753151021081834,0.5483870967741935,0.137,False,-0.12234014931534459,0.23400640557421684
168,8,corto,tt_pos,188,0.4144072182316456,0.005112170434147932,0.9921478367054719,0.7480236438769872,0.5851063829787234,0.0055,False,-0.12234014931534459,0.23400640557421684
168,8,corto,tt_pos_chg24,188,-0.022927034085007045,0.00011718932694106697,1.0662609215788372,0.7971527161826054,0.5212765957446809,1.0,False,-0.12234014931534459,0.23400640557421684
168,8,corto,tt_pos_pct,187,-0.21388498828841732,-0.0020249332571741136,1.00499861952457,0.7685732733883317,0.5508021390374331,1.0,False,-0.12234014931534459,0.23400640557421684
168,8,corto,ls_cuentas,199,0.17696112011922577,0.0011934806628610705,0.9045918775740367,0.7411151749387302,0.5829145728643216,0.204,False,-0.12234014931534459,0.23400640557421684
168,8,corto,ls_cuentas_chg24,199,-0.07849904390898685,-0.003402699469692698,1.0940777910291029,0.7840162002223072,0.5025125628140703,1.0,False,-0.12234014931534459,0.23400640557421684
168,8,corto,ls_cuentas_pct,199,0.07191672554160002,-0.0003589231331987081,1.002831443505035,0.753379731315017,0.5175879396984925,0.3605,False,-0.12234014931534459,0.23400640557421684
168,8,corto,taker,199,-0.4032819660301204,-0.004825878074231222,1.0009795802736998,0.7691238240049412,0.4723618090452261,1.0,False,-0.12234014931534459,0.23400640557421684
168,8,corto,taker_chg24,199,-0.18313148527512124,-0.001642263800802668,0.9950646542492557,0.7786298242796834,0.48743718592964824,1.0,False,-0.12234014931534459,0.23400640557421684
168,8,corto,taker_pct,198,-0.33932369840750987,-0.005469129355406171,1.008059360367363,0.7678556363910525,0.48484848484848486,1.0,False,-0.12234014931534459,0.23400640557421684
168,8,corto,atr_24 ~ sin roc_24,249,-0.299134050558197,-0.00630826439504459,1.6151708589986604,0.9484074969573717,0.5100401606425703,1.0,False,-0.12234014931534459,0.23400640557421684
168,8,corto,vol_24 ~ sin roc_24,249,-0.2788296453468879,-0.005429973814454128,1.5745152169973073,0.949046998180193,0.4738955823293173,1.0,False,-0.12234014931534459,0.23400640557421684
168,8,corto,vol_168 ~ sin roc_24,249,-0.44373306700527126,-0.008796813363925527,1.527197045857211,0.891330744924986,0.4859437751004016,1.0,False,-0.12234014931534459,0.23400640557421684
168,8,corto,rango_168 ~ sin roc_24,249,-0.2837316222068264,-0.00623401741787167,1.487004949315228,0.8959817073332264,0.4819277108433735,1.0,False,-0.12234014931534459,0.23400640557421684
168,8,corto,roc_72 ~ sin roc_24,249,-0.3606781344678689,-0.005934898804599761,1.239684393982579,0.9034879549140353,0.5020080321285141,1.0,False,-0.12234014931534459,0.23400640557421684
168,8,corto,roc_168 ~ sin roc_24,249,-0.32113762282487945,-0.00451989024853898,1.2814342347136733,0.9079019074176409,0.5381526104417671,1.0,False,-0.12234014931534459,0.23400640557421684
168,8,corto,roc_720 ~ sin roc_24,249,-0.49282751837556166,-0.005471133466606793,1.259943580799092,0.8341560069461111,0.43373493975903615,1.0,False,-0.12234014931534459,0.23400640557421684
168,8,corto,compresion ~ sin roc_24,249,-0.21428298611444307,-0.002141294470565104,1.3127456224024396,0.9556335606302617,0.5100401606425703,1.0,False,-0.12234014931534459,0.23400640557421684
168,8,corto,dd_168 ~ sin roc_24,249,-0.30896495414118835,-0.003017453411876996,0.8052377570815419,0.7744352522917393,0.4819277108433735,1.0,False,-0.12234014931534459,0.23400640557421684
168,8,corto,dd_720 ~ sin roc_24,249,-0.2835865772101058,-0.0020250382989904525,0.8497778448800523,0.808685962194577,0.4819277108433735,1.0,False,-0.12234014931534459,0.23400640557421684
168,8,corto,pos_168 ~ sin roc_24,249,-0.4130302471291876,-0.0054544987288235305,1.0425732180465044,0.8416766358606369,0.4497991967871486,1.0,False,-0.12234014931534459,0.23400640557421684
168,8,corto,desbal ~ sin roc_24,249,-0.2994753923517436,-0.00477182619944503,0.9945727468739013,0.7695110442145345,0.46184738955823296,1.0,False,-0.12234014931534459,0.23400640557421684
168,8,corto,desbal_24 ~ sin roc_24,249,-0.4212376391603303,-0.005381902697045602,0.9522918718283896,0.786165021112528,0.4819277108433735,1.0,False,-0.12234014931534459,0.23400640557421684
168,8,corto,desbal_168 ~ sin roc_24,248,-0.39717699827725345,-0.00473971647195893,0.9327471955100036,0.7953391281971333,0.42338709677419356,1.0,False,-0.12234014931534459,0.23400640557421684
168,8,corto,ticket_rel ~ sin roc_24,248,-0.38271965697577504,-0.005180091802843177,1.032396003598887,0.8013357252919799,0.41935483870967744,1.0,False,-0.12234014931534459,0.23400640557421684
168,8,corto,turnover ~ sin roc_24,249,-0.24072893201288645,-0.0032014812105427308,1.1877090921041387,0.8694767317039329,0.5421686746987951,1.0,False,-0.12234014931534459,0.23400640557421684
168,8,corto,n_surge ~ sin roc_24,249,-0.3320020246693693,-0.004555416295407986,1.186875537462667,0.8740346021298543,0.5461847389558233,1.0,False,-0.12234014931534459,0.23400640557421684
168,8,corto,oi_chg_1h ~ sin roc_24,199,-0.3629491246427242,-0.004498054688612269,1.0843038602758681,0.7912771927389117,0.4723618090452261,1.0,False,-0.12234014931534459,0.23400640557421684
168,8,corto,oi_chg_4h ~ sin roc_24,199,-0.4095027991908541,-0.0035621491392104775,1.0728623403534694,0.7877275118183756,0.4623115577889447,1.0,False,-0.12234014931534459,0.23400640557421684
168,8,corto,oi_chg_24h ~ sin roc_24,199,-0.2700092255401496,-0.0004684728153272629,1.135202373342371,0.8286854329761988,0.5025125628140703,1.0,False,-0.12234014931534459,0.23400640557421684
168,8,corto,oi_z ~ sin roc_24,193,-0.11637175090197881,-0.0013533737749729228,1.0118077038140738,0.7744183506722131,0.48186528497409326,1.0,False,-0.12234014931534459,0.23400640557421684
168,8,corto,oi_rel_168 ~ sin roc_24,199,-0.6456347166222948,-0.007603939899283002,1.2337988348664044,0.8977673763357495,0.47738693467336685,1.0,False,-0.12234014931534459,0.23400640557421684
168,8,corto,tt_cuentas ~ sin roc_24,188,0.06874078721927451,0.0009995872819007247,0.8935799903852705,0.7530626805922793,0.5904255319148937,0.3835,False,-0.12234014931534459,0.23400640557421684
168,8,corto,tt_cuentas_chg24 ~ sin roc_24,188,-0.14018669769270964,-0.00450156449627713,1.1004631013660957,0.8178570231995632,0.44148936170212766,1.0,False,-0.12234014931534459,0.23400640557421684
168,8,corto,tt_cuentas_pct ~ sin roc_24,186,-0.07656352447621784,-0.001211388818299419,1.0026394003442185,0.7596387103678888,0.521505376344086,1.0,False,-0.12234014931534459,0.23400640557421684
168,8,corto,tt_pos ~ sin roc_24,188,0.3736578490513652,0.0043722249828325125,0.9882181003038911,0.7498998251366138,0.5904255319148937,0.011,False,-0.12234014931534459,0.23400640557421684
168,8,corto,tt_pos_chg24 ~ sin roc_24,188,-0.05664064707061587,-6.820686544751097e-05,1.0769597599262872,0.8038089100905327,0.574468085106383,1.0,False,-0.12234014931534459,0.23400640557421684
168,8,corto,tt_pos_pct ~ sin roc_24,187,-0.21522684487874102,-0.0021217100235121954,0.9957156731953761,0.7696201883264283,0.5294117647058824,1.0,False,-0.12234014931534459,0.23400640557421684
168,8,corto,ls_cuentas ~ sin roc_24,199,0.10728877286438383,0.0003056467818634545,0.9063614327196036,0.7426255459891877,0.592964824120603,0.3175,False,-0.12234014931534459,0.23400640557421684
168,8,corto,ls_cuentas_chg24 ~ sin roc_24,199,-0.3007182187183361,-0.007127967243147618,1.1124793616408433,0.807476444478527,0.44221105527638194,1.0,False,-0.12234014931534459,0.23400640557421684
168,8,corto,ls_cuentas_pct ~ sin roc_24,199,0.025196546431826197,-0.0004523911380213977,1.0130109546932484,0.7615698639609392,0.507537688442211,0.4595,False,-0.12234014931534459,0.23400640557421684
168,8,corto,taker ~ sin roc_24,199,-0.35276329017841607,-0.004861953192151013,1.0019633892288733,0.7735776841866696,0.48743718592964824,1.0,False,-0.12234014931534459,0.23400640557421684
168,8,corto,taker_chg24 ~ sin roc_24,199,-0.34131503674516706,-0.004147709640826448,0.999235130162291,0.7776069208007507,0.46733668341708545,1.0,False,-0.12234014931534459,0.23400640557421684
168,8,corto,taker_pct ~ sin roc_24,198,-0.018465303482130793,-0.0016670818100864577,1.0032462639203354,0.7560766618933682,0.51010101010101,1.0,False,-0.12234014931534459,0.23400640557421684
168,8,corto,atr_24 [bajo],249,-0.6157500978582936,-0.002744466453482622,0.6149056274850727,0.6718470456642771,0.41365461847389556,1.0,False,-0.12234014931534459,0.23400640557421684
168,8,corto,vol_24 [bajo],249,-0.5825959977615774,-0.0020833371369055513,0.6209368605094999,0.6676037672568373,0.4538152610441767,1.0,False,-0.12234014931534459,0.23400640557421684
168,8,corto,vol_168 [bajo],249,-0.5949544255575578,-0.0022125938097903772,0.6316528586360912,0.7091580153748449,0.41767068273092367,1.0,False,-0.12234014931534459,0.23400640557421684
168,8,corto,rango_168 [bajo],249,-0.48851252142856494,-0.0018746967756962554,0.6662745535086728,0.7098126300066425,0.43775100401606426,1.0,False,-0.12234014931534459,0.23400640557421684
168,8,corto,roc_24 [bajo],249,-0.479801751631094,-0.004402551474123332,1.129947549111394,0.7830803843840388,0.46586345381526106,1.0,False,-0.12234014931534459,0.23400640557421684
168,8,corto,roc_72 [bajo],249,-0.222713506250808,-0.0050203564694242305,1.0631281455777442,0.737127403046322,0.46184738955823296,1.0,False,-0.12234014931534459,0.23400640557421684
168,8,corto,roc_168 [bajo],249,-0.15768522011162917,-0.0017415241968514877,1.0596267001602069,0.7403456159265631,0.46586345381526106,1.0,False,-0.12234014931534459,0.23400640557421684
168,8,corto,roc_720 [bajo],249,-0.12341804985706316,-0.0024635747301609244,1.0529922213742344,0.7789447083496683,0.5421686746987951,1.0,False,-0.12234014931534459,0.23400640557421684
168,8,corto,compresion [bajo],249,-0.15868640312346918,-0.0010720718616047808,0.8266787490374202,0.6645178092665261,0.4819277108433735,1.0,False,-0.12234014931534459,0.23400640557421684
168,8,corto,dd_168 [bajo],249,-0.02853140983338697,-0.004065101801854452,1.3213590159873896,0.8167396605176311,0.4779116465863454,1.0,False,-0.12234014931534459,0.23400640557421684
168,8,corto,dd_720 [bajo],249,-0.04529828235842408,-0.005302038403690797,1.229022093951822,0.77245744701371,0.5020080321285141,1.0,False,-0.12234014931534459,0.23400640557421684
168,8,corto,pos_168 [bajo],249,-0.10165614309521101,-0.0021322750556918894,1.0373954620823245,0.7361626722328105,0.46184738955823296,1.0,False,-0.12234014931534459,0.23400640557421684
168,8,corto,desbal [bajo],249,-0.12088224537588563,-0.0007393952968435599,1.016264363726443,0.7825634591192152,0.4939759036144578,1.0,False,-0.12234014931534459,0.23400640557421684
168,8,corto,desbal_24 [bajo],249,-0.04775909749501173,0.0009290893484416861,0.9942345908427157,0.7535680242314879,0.5180722891566265,1.0,False,-0.12234014931534459,0.23400640557421684
168,8,corto,desbal_168 [bajo],248,-0.06867703168719543,-0.00029052748744479856,0.998700299068683,0.7679489627933682,0.5080645161290323,1.0,False,-0.12234014931534459,0.23400640557421684
168,8,corto,ticket_rel [bajo],248,-0.39807505180447567,-0.005094320284295288,0.9798314313420244,0.7435296956364174,0.4717741935483871,1.0,False,-0.12234014931534459,0.23400640557421684
168,8,corto,turnover [bajo],249,-0.06736016855094121,-0.0011155939000801133,0.950561203587774,0.7098841914563172,0.4979919678714859,1.0,False,-0.12234014931534459,0.23400640557421684
168,8,corto,n_surge [bajo],249,-0.06531326221211735,0.0005830379188155363,0.9578050993495827,0.7168232898406699,0.5060240963855421,1.0,False,-0.12234014931534459,0.23400640557421684
168,8,corto,oi_chg_1h [bajo],199,-0.05673518806373137,-0.0030488750157163552,1.201727551585376,0.8380709919446925,0.507537688442211,1.0,False,-0.12234014931534459,0.23400640557421684
168,8,corto,oi_chg_4h [bajo],199,-0.1306522858913216,-0.0019380093437513085,1.219123922055408,0.8385803482258846,0.49246231155778897,1.0,False,-0.12234014931534459,0.23400640557421684
168,8,corto,oi_chg_24h [bajo],199,-0.09348546911303857,-0.003796328621297157,1.1323887484914956,0.7912839019695761,0.4271356783919598,1.0,False,-0.12234014931534459,0.23400640557421684
168,8,corto,oi_z [bajo],193,-0.09272223007136281,-0.0007555383284431889,1.0922140179715312,0.8240708081285447,0.5077720207253886,1.0,False,-0.12234014931534459,0.23400640557421684
168,8,corto,oi_rel_168 [bajo],199,0.1031897997888913,-0.0001289568606404701,1.0534639248914734,0.7252891916348335,0.49748743718592964,0.319,False,-0.12234014931534459,0.23400640557421684
168,8,corto,tt_cuentas [bajo],188,-1.1822401610852442,-0.0121832097298749,1.1290538757334407,0.799553140227435,0.3723404255319149,1.0,False,-0.12234014931534459,0.23400640557421684
168,8,corto,tt_cuentas_chg24 [bajo],188,0.10109669934246752,0.0014456965982420713,1.0630808925467397,0.817680582967167,0.5957446808510638,0.308,False,-0.12234014931534459,0.23400640557421684
168,8,corto,tt_cuentas_pct [bajo],186,-0.7636000699445902,-0.008567368195010498,1.0686024535459253,0.8221359401493338,0.41397849462365593,1.0,False,-0.12234014931534459,0.23400640557421684
168,8,corto,tt_pos [bajo],188,-1.1658624297749887,-0.012720989394122374,0.9618573446002134,0.7906988207349841,0.40425531914893614,1.0,False,-0.12234014931534459,0.23400640557421684
168,8,corto,tt_pos_chg24 [bajo],188,-0.1797378921426515,-0.0030257770326760224,1.092167765642078,0.8205048759325455,0.4734042553191489,1.0,False,-0.12234014931534459,0.23400640557421684
168,8,corto,tt_pos_pct [bajo],187,-0.1823012527058038,-0.002535909684738882,1.0616481018933552,0.804710907907735,0.5080213903743316,1.0,False,-0.12234014931534459,0.23400640557421684
168,8,corto,ls_cuentas [bajo],199,-1.0322137653189143,-0.010361053845292232,1.1219378934406237,0.794531677761743,0.40703517587939697,1.0,False,-0.12234014931534459,0.23400640557421684
168,8,corto,ls_cuentas_chg24 [bajo],199,0.04406441201768392,0.0009277912176915528,1.0694804202318395,0.819044733328308,0.5879396984924623,0.4065,False,-0.12234014931534459,0.23400640557421684
168,8,corto,ls_cuentas_pct [bajo],199,-0.525061504833301,-0.004937458014618404,1.0625735566530274,0.8225814997367549,0.48743718592964824,1.0,False,-0.12234014931534459,0.23400640557421684
168,8,corto,taker [bajo],199,-0.10487905856742356,0.0006224640549049542,0.9745315704404957,0.7474380451422763,0.5226130653266332,1.0,False,-0.12234014931534459,0.23400640557421684
168,8,corto,taker_chg24 [bajo],199,-0.1422973388514453,-0.001966179440418906,1.0053240462735868,0.7605203455971117,0.5226130653266332,1.0,False,-0.12234014931534459,0.23400640557421684
168,8,corto,taker_pct [bajo],198,-0.07293406517981407,0.0002954858071771559,1.0020430547761248,0.7501640778574324,0.4797979797979798,1.0,False,-0.12234014931534459,0.23400640557421684
168,8,corto,atr_24 ~ sin roc_24 [bajo],249,-0.517854943703361,-0.002625803604894702,0.6419079644111935,0.6928763491784984,0.4457831325301205,1.0,False,-0.12234014931534459,0.23400640557421684
168,8,corto,vol_24 ~ sin roc_24 [bajo],249,-0.6398730282959297,-0.004728422665578699,0.6733770330457983,0.6950669189740682,0.43373493975903615,1.0,False,-0.12234014931534459,0.23400640557421684
168,8,corto,vol_168 ~ sin roc_24 [bajo],249,-0.5462916347699406,-0.0020637783406567624,0.6593403735277815,0.7265408947564488,0.4457831325301205,1.0,False,-0.12234014931534459,0.23400640557421684
168,8,corto,rango_168 ~ sin roc_24 [bajo],249,-0.3938848353976793,-0.0014860798318901598,0.7026302512324465,0.7289128839353631,0.46184738955823296,1.0,False,-0.12234014931534459,0.23400640557421684
168,8,corto,roc_72 ~ sin roc_24 [bajo],249,-0.41874761161255625,-0.007622037675123893,1.0795647171246565,0.7719544583862823,0.43373493975903615,1.0,False,-0.12234014931534459,0.23400640557421684
168,8,corto,roc_168 ~ sin roc_24 [bajo],249,-0.3028576422720766,-0.004696399536359763,1.0790845937132125,0.7555151961436606,0.4457831325301205,1.0,False,-0.12234014931534459,0.23400640557421684
168,8,corto,roc_720 ~ sin roc_24 [bajo],249,-0.34981714465024305,-0.0057510288993245125,1.0548723394116999,0.7914114769482006,0.4979919678714859,1.0,False,-0.12234014931534459,0.23400640557421684
168,8,corto,compresion ~ sin roc_24 [bajo],249,-0.40387971037482334,-0.00509394618464157,0.8572819354895398,0.6830356114433327,0.4578313253012048,1.0,False,-0.12234014931534459,0.23400640557421684
168,8,corto,dd_168 ~ sin roc_24 [bajo],249,-0.38721006662829055,-0.007933741950392561,1.3240344644102242,0.8302272155795092,0.4738955823293173,1.0,False,-0.12234014931534459,0.23400640557421684
168,8,corto,dd_720 ~ sin roc_24 [bajo],249,-0.19372920018592002,-0.006967022499553757,1.234893710850696,0.7800150591138044,0.4979919678714859,1.0,False,-0.12234014931534459,0.23400640557421684
168,8,corto,pos_168 ~ sin roc_24 [bajo],249,-0.29984367745091317,-0.004019203200849978,1.040936570444724,0.7469734097278484,0.4457831325301205,1.0,False,-0.12234014931534459,0.23400640557421684
168,8,corto,desbal ~ sin roc_24 [bajo],249,0.007026674468213725,0.00032069547429923744,1.0196167217714693,0.7919987854581099,0.5100401606425703,0.4785,False,-0.12234014931534459,0.23400640557421684
168,8,corto,desbal_24 ~ sin roc_24 [bajo],249,-0.2697424768945338,-0.001895864987930069,0.9993240303340374,0.7626143286689167,0.5140562248995983,1.0,False,-0.12234014931534459,0.23400640557421684
168,8,corto,desbal_168 ~ sin roc_24 [bajo],248,-0.031025694978566432,0.0008114259726790454,0.9984936303844186,0.7693496309782781,0.5282258064516129,1.0,False,-0.12234014931534459,0.23400640557421684
168,8,corto,ticket_rel ~ sin roc_24 [bajo],248,-0.3637109468738038,-0.0045051558391123354,0.9814240685804212,0.7454011156611465,0.5,1.0,False,-0.12234014931534459,0.23400640557421684
168,8,corto,turnover ~ sin roc_24 [bajo],249,-0.1367948952300361,-0.0029576725128609236,1.0516947779405343,0.7904608386930984,0.5060240963855421,1.0,False,-0.12234014931534459,0.23400640557421684
168,8,corto,n_surge ~ sin roc_24 [bajo],249,-0.3020977161321626,-0.003594718363250556,1.0357104812953561,0.7952212987523464,0.4979919678714859,1.0,False,-0.12234014931534459,0.23400640557421684
168,8,corto,oi_chg_1h ~ sin roc_24 [bajo],199,-0.05764016210626659,-0.0023143730119404397,1.2012653427623101,0.8462654259068805,0.507537688442211,1.0,False,-0.12234014931534459,0.23400640557421684
168,8,corto,oi_chg_4h ~ sin roc_24 [bajo],199,-0.2549815667014749,-0.0030779943291696075,1.2304959757779452,0.8570958451722817,0.49748743718592964,1.0,False,-0.12234014931534459,0.23400640557421684
168,8,corto,oi_chg_24h ~ sin roc_24 [bajo],199,-0.35163186533144364,-0.007674876863767249,1.1417331854040762,0.8312375692349757,0.4221105527638191,1.0,False,-0.12234014931534459,0.23400640557421684
168,8,corto,oi_z ~ sin roc_24 [bajo],193,-0.1278804889042716,0.0005029390498406887,1.0906479754924217,0.8302757917878192,0.538860103626943,1.0,False,-0.12234014931534459,0.23400640557421684
168,8,corto,oi_rel_168 ~ sin roc_24 [bajo],199,-0.22297752581842248,-0.003177845713424757,1.0731446609191722,0.754805672849173,0.46733668341708545,1.0,False,-0.12234014931534459,0.23400640557421684
168,8,corto,tt_cuentas ~ sin roc_24 [bajo],188,-0.8688405747990349,-0.00988141435829816,1.0961789207850878,0.771568770710388,0.3882978723404255,1.0,False,-0.12234014931534459,0.23400640557421684
168,8,corto,tt_cuentas_chg24 ~ sin roc_24 [bajo],188,0.08281987093148885,0.001363852076018396,1.0158390383172984,0.7846221399933495,0.5478723404255319,0.303,False,-0.12234014931534459,0.23400640557421684
168,8,corto,tt_cuentas_pct ~ sin roc_24 [bajo],186,-0.31545276758654395,-0.0014604933299588372,0.9871750975855224,0.7664586157041167,0.5053763440860215,1.0,False,-0.12234014931534459,0.23400640557421684
168,8,corto,tt_pos ~ sin roc_24 [bajo],188,-0.7492291782349415,-0.008743233859668388,0.9526351575841528,0.7798055379149051,0.40425531914893614,1.0,False,-0.12234014931534459,0.23400640557421684
168,8,corto,tt_pos_chg24 ~ sin roc_24 [bajo],188,-0.14996850502881331,-0.003486168265913782,1.0715776309235652,0.8062904851075843,0.4521276595744681,1.0,False,-0.12234014931534459,0.23400640557421684
168,8,corto,tt_pos_pct ~ sin roc_24 [bajo],187,-0.2193133810471511,-0.00345323295688538,1.027800435607259,0.7776581191058269,0.44385026737967914,1.0,False,-0.12234014931534459,0.23400640557421684
168,8,corto,ls_cuentas ~ sin roc_24 [bajo],199,-0.7857164338729363,-0.009359655508722189,1.087676793724196,0.7678716693756928,0.3768844221105528,1.0,False,-0.12234014931534459,0.23400640557421684
168,8,corto,ls_cuentas_chg24 ~ sin roc_24 [bajo],199,0.1854858372400044,0.0017162146984184851,1.0145112035905417,0.7744615626608633,0.5678391959798995,0.138,False,-0.12234014931534459,0.23400640557421684
168,8,corto,ls_cuentas_pct ~ sin roc_24 [bajo],199,-0.2330215679839038,0.0002275708688821563,0.991470880725204,0.7698040140285038,0.5125628140703518,1.0,False,-0.12234014931534459,0.23400640557421684
168,8,corto,taker ~ sin roc_24 [bajo],199,-0.14551562998040918,0.0016089181000557345,0.9824360884889788,0.7587487557283576,0.5226130653266332,1.0,False,-0.12234014931534459,0.23400640557421684
168,8,corto,taker_chg24 ~ sin roc_24 [bajo],199,0.05704751908621827,0.00032928610353950626,1.0066986781356835,0.7618704086408747,0.5376884422110553,0.3715,False,-0.12234014931534459,0.23400640557421684
168,8,corto,taker_pct ~ sin roc_24 [bajo],198,-0.12689672959752318,0.00031633112891825773,1.0030879400119428,0.7537909544632834,0.5050505050505051,1.0,False,-0.12234014931534459,0.23400640557421684
168,8,corto,CONTROL azar 1,249,-0.12234014931534459,-0.0010370234273607223,1.0286449471282437,0.7874455105590035,0.4859437751004016,1.0,False,-0.12234014931534459,0.23400640557421684
168,8,corto,CONTROL azar 2,249,0.02879450252261255,-0.0004148983125833244,1.0066657681165911,0.7827429240073017,0.4859437751004016,0.441,False,-0.12234014931534459,0.23400640557421684
168,8,corto,CONTROL azar 3,249,-0.4303686149656417,-0.005567643893050623,1.0062579405611016,0.7824491359853347,0.5020080321285141,1.0,False,-0.12234014931534459,0.23400640557421684
168,16,largo,atr_24,235,-0.024033481564492476,0.0009579284846924541,1.3748058836043844,0.9033358718113554,0.43829787234042555,1.0,False,-0.29319582104691455,0.15430706533195016
168,16,largo,vol_24,235,-0.016771603903279364,0.0010891221877994694,1.3674670133255094,0.9037783902983245,0.43829787234042555,1.0,False,-0.29319582104691455,0.15430706533195016
168,16,largo,vol_168,235,-0.07166128633640144,0.000869162942739549,1.336532965077124,0.848689412974506,0.4425531914893617,1.0,False,-0.29319582104691455,0.15430706533195016
168,16,largo,rango_168,235,-0.07820559284415603,0.00036419888352968793,1.3096520832915681,0.8548779841467276,0.40425531914893614,1.0,False,-0.29319582104691455,0.15430706533195016
168,16,largo,roc_24,235,-0.18273373734664788,-0.002073249941572652,1.0668833047150514,0.8449511805183267,0.4297872340425532,1.0,False,-0.29319582104691455,0.15430706533195016
168,16,largo,roc_72,235,-0.09613568897018766,-0.0010696431634930684,1.0928901159639894,0.8656500621219927,0.44680851063829785,1.0,False,-0.29319582104691455,0.15430706533195016
168,16,largo,roc_168,235,0.07254378525305581,0.000818306722660839,1.1141595654187542,0.8624581063190151,0.4978723404255319,0.3105,False,-0.29319582104691455,0.15430706533195016
168,16,largo,roc_720,235,-0.07142219143460173,-0.0012048733988708248,1.0907504245544686,0.8128904534454893,0.46808510638297873,1.0,False,-0.29319582104691455,0.15430706533195016
168,16,largo,compresion,235,-0.13367122040825183,-0.0023347640368178517,1.2029901616806278,0.8991656354483581,0.39574468085106385,1.0,False,-0.29319582104691455,0.15430706533195016
168,16,largo,dd_168,235,-0.029117349936484214,-0.001114901418734638,0.8541278133762129,0.7833094498980953,0.4340425531914894,1.0,False,-0.29319582104691455,0.15430706533195016
168,16,largo,dd_720,235,-0.06536897419199003,-0.0018295774033648083,0.8723376867045922,0.8038605030820327,0.46382978723404256,1.0,False,-0.29319582104691455,0.15430706533195016
168,16,largo,pos_168,235,0.08606335786852909,9.235440497857802e-05,1.0436276243559717,0.8396371798398841,0.4851063829787234,0.277,False,-0.29319582104691455,0.15430706533195016
168,16,largo,desbal,235,-0.12951053874568808,-0.0017721022078066933,0.9976577606567093,0.7763820749549089,0.4595744680851064,1.0,False,-0.29319582104691455,0.15430706533195016
168,16,largo,desbal_24,235,-0.013969949999304412,0.00032731464746752636,0.9865923725282751,0.7981871909919422,0.4723404255319149,1.0,False,-0.29319582104691455,0.15430706533195016
168,16,largo,desbal_168,234,-0.039654560114597844,-0.0001856270216157234,0.9810247380622129,0.798130378418833,0.452991452991453,1.0,False,-0.29319582104691455,0.15430706533195016
168,16,largo,ticket_rel,234,-0.03134893696673311,-0.0008881194756366413,1.0327648749971428,0.8065822094119321,0.47863247863247865,1.0,False,-0.29319582104691455,0.15430706533195016
168,16,largo,turnover,235,-0.1122091831699722,-0.0016433055738614547,1.1091277079019517,0.8523489725427676,0.4127659574468085,1.0,False,-0.29319582104691455,0.15430706533195016
168,16,largo,n_surge,235,0.01780472422617117,-5.3722530744295814e-05,1.1121922518550944,0.8596463807948291,0.39574468085106385,0.4735,False,-0.29319582104691455,0.15430706533195016
168,16,largo,oi_chg_1h,183,0.013203734379531346,-0.00043589029046572496,0.9924330987080401,0.7648615687678111,0.46994535519125685,0.4735,False,-0.29319582104691455,0.15430706533195016
168,16,largo,oi_chg_4h,183,-0.1243436628452943,-0.0009826072799441583,0.9922538438079141,0.7677877922869574,0.453551912568306,1.0,False,-0.29319582104691455,0.15430706533195016
168,16,largo,oi_chg_24h,183,0.1516301992786466,0.0006562813571833888,1.0597126609472467,0.8157747173869176,0.43169398907103823,0.193,False,-0.29319582104691455,0.15430706533195016
168,16,largo,oi_z,174,-0.03150598391145792,-0.000658699339636002,0.9952611801260945,0.7640016552774418,0.46551724137931033,1.0,False,-0.29319582104691455,0.15430706533195016
168,16,largo,oi_rel_168,182,0.19080274762915364,0.002226432980756835,1.0877854039772148,0.8463626784346869,0.43956043956043955,0.144,False,-0.29319582104691455,0.15430706533195016
168,16,largo,tt_cuentas,183,-0.5261290666840932,-0.005362131437541719,0.9244869836429913,0.7526488376674694,0.39344262295081966,1.0,False,-0.29319582104691455,0.15430706533195016
168,16,largo,tt_cuentas_chg24,183,-0.21233175592411635,-0.0005244212681729938,1.02412493609721,0.775201568846928,0.41530054644808745,1.0,False,-0.29319582104691455,0.15430706533195016
168,16,largo,tt_cuentas_pct,181,-0.4405046533733838,-0.005195315840043945,0.9966000039447064,0.7466680753912397,0.39226519337016574,1.0,False,-0.29319582104691455,0.15430706533195016
168,16,largo,tt_pos,183,-0.43613462468480546,-0.004368688567927695,0.9949863230654225,0.7586222093940764,0.34972677595628415,1.0,False,-0.29319582104691455,0.15430706533195016
168,16,largo,tt_pos_chg24,183,-0.2886785032524507,-0.00420491093077269,1.0222729309394967,0.7707204252237572,0.40437158469945356,1.0,False,-0.29319582104691455,0.15430706533195016
168,16,largo,tt_pos_pct,182,-0.1788482748580755,-0.0028336334596474303,0.9901875932174043,0.7598024016342617,0.4065934065934066,1.0,False,-0.29319582104691455,0.15430706533195016
168,16,largo,ls_cuentas,183,-0.5703633128717573,-0.005659920935469977,0.9351482091330428,0.7510562456730346,0.34972677595628415,1.0,False,-0.29319582104691455,0.15430706533195016
168,16,largo,ls_cuentas_chg24,183,-0.04227853085955983,0.00034187952456010386,1.0298453367602995,0.7745508216440997,0.45901639344262296,1.0,False,-0.29319582104691455,0.15430706533195016
168,16,largo,ls_cuentas_pct,182,-0.40538133975289736,-0.0035170793658152286,1.0004453011308856,0.7485333543088339,0.41208791208791207,1.0,False,-0.29319582104691455,0.15430706533195016
168,16,largo,taker,183,-0.0879567627781938,-0.000780465987100271,0.9995953189900204,0.7682778245435324,0.48633879781420764,1.0,False,-0.29319582104691455,0.15430706533195016
168,16,largo,taker_chg24,183,-0.10536848845661806,-0.0021876945140529335,1.002308270233902,0.7732712364560306,0.4371584699453552,1.0,False,-0.29319582104691455,0.15430706533195016
168,16,largo,taker_pct,182,-0.23235981449625975,-0.002256877972441139,1.001934274090144,0.7664627019938461,0.45054945054945056,1.0,False,-0.29319582104691455,0.15430706533195016
168,16,largo,atr_24 ~ sin roc_24,235,-0.1393662092630761,-0.0005413653047487337,1.3319537508570722,0.8804807642415975,0.4340425531914894,1.0,False,-0.29319582104691455,0.15430706533195016
168,16,largo,vol_24 ~ sin roc_24,235,-0.11911128398068814,-0.0008652371591070945,1.3197162262980284,0.8787757303583682,0.4553191489361702,1.0,False,-0.29319582104691455,0.15430706533195016
168,16,largo,vol_168 ~ sin roc_24,235,-0.0699264789610372,0.0009392491744029313,1.2912263961359685,0.8385803482258846,0.4425531914893617,1.0,False,-0.29319582104691455,0.15430706533195016
168,16,largo,rango_168 ~ sin roc_24,235,-0.06819333373842561,0.0003586806628710933,1.271807433822581,0.8446354168040171,0.42127659574468085,1.0,False,-0.29319582104691455,0.15430706533195016
168,16,largo,roc_72 ~ sin roc_24,235,-0.22650189962254713,-0.0028764878700887286,1.06292372138129,0.8314528712237554,0.425531914893617,1.0,False,-0.29319582104691455,0.15430706533195016
168,16,largo,roc_168 ~ sin roc_24,235,-0.031838417778579584,0.00014404687862988111,1.0900603072561899,0.8409520713992936,0.4765957446808511,1.0,False,-0.29319582104691455,0.15430706533195016
168,16,largo,roc_720 ~ sin roc_24,235,-0.10622645029445231,-0.0022104414324091207,1.0846211594257467,0.8050323546617779,0.4723404255319149,1.0,False,-0.29319582104691455,0.15430706533195016
168,16,largo,compresion ~ sin roc_24,235,-0.19585313627871,-0.0036341853664211663,1.1620900642161738,0.8806430133133447,0.4340425531914894,1.0,False,-0.29319582104691455,0.15430706533195016
168,16,largo,dd_168 ~ sin roc_24,235,-0.11758574779287634,-0.0016302708013351068,0.8493033056410084,0.7627787184316215,0.43829787234042555,1.0,False,-0.29319582104691455,0.15430706533195016
168,16,largo,dd_720 ~ sin roc_24,235,-0.0896186704743131,-0.00206210973229845,0.8716952791986027,0.7883829328320097,0.4851063829787234,1.0,False,-0.29319582104691455,0.15430706533195016
168,16,largo,pos_168 ~ sin roc_24,235,-0.049930661936336544,-0.0012346291337112115,1.0165325755979424,0.8127324384107036,0.4765957446808511,1.0,False,-0.29319582104691455,0.15430706533195016
168,16,largo,desbal ~ sin roc_24,235,-0.08193311777917099,-0.0007170660944469749,0.9883868157320457,0.7706536400294585,0.4595744680851064,1.0,False,-0.29319582104691455,0.15430706533195016
168,16,largo,desbal_24 ~ sin roc_24,235,0.007529008614026163,0.001569239751631432,0.9802980774352105,0.7819592548381478,0.5106382978723404,0.4735,False,-0.29319582104691455,0.15430706533195016
168,16,largo,desbal_168 ~ sin roc_24,234,0.021694947043916366,0.0005430571407408109,0.9789830220012987,0.7915096420312329,0.4829059829059829,0.418,False,-0.29319582104691455,0.15430706533195016
168,16,largo,ticket_rel ~ sin roc_24,234,-0.005036506022040029,-0.0005384210681702292,1.0231483232213927,0.7990660087390228,0.4700854700854701,1.0,False,-0.29319582104691455,0.15430706533195016
168,16,largo,turnover ~ sin roc_24,235,-0.10013203640643882,-0.002908388421752197,1.0746990620743242,0.820296602493432,0.4,1.0,False,-0.29319582104691455,0.15430706533195016
168,16,largo,n_surge ~ sin roc_24,235,-0.07927618264515872,-0.0015048154598301141,1.07695923605594,0.8205917714893062,0.4,1.0,False,-0.29319582104691455,0.15430706533195016
168,16,largo,oi_chg_1h ~ sin roc_24,183,-0.02555122801939735,-0.0007729094647816186,0.9951284241390923,0.7579511239693957,0.4972677595628415,1.0,False,-0.29319582104691455,0.15430706533195016
168,16,largo,oi_chg_4h ~ sin roc_24,183,-0.002872699015584301,0.0002591467205876703,0.9907692973746044,0.7568937339338417,0.4918032786885246,1.0,False,-0.29319582104691455,0.15430706533195016
168,16,largo,oi_chg_24h ~ sin roc_24,183,-0.09118886729711938,-0.00383761452221304,1.019034463473714,0.7764304934087647,0.4262295081967213,1.0,False,-0.29319582104691455,0.15430706533195016
168,16,largo,oi_z ~ sin roc_24,174,-0.07433532388197381,-0.0009938566061850034,0.9931506873643956,0.7568937339338417,0.47701149425287354,1.0,False,-0.29319582104691455,0.15430706533195016
168,16,largo,oi_rel_168 ~ sin roc_24,182,-0.08480906252894967,-0.0007748606617949506,1.0686268225130204,0.8231686705393281,0.44505494505494503,1.0,False,-0.29319582104691455,0.15430706533195016
168,16,largo,tt_cuentas ~ sin roc_24,183,-0.44744112763230787,-0.004438636305259916,0.9246848789004043,0.7582506958211084,0.3551912568306011,1.0,False,-0.29319582104691455,0.15430706533195016
168,16,largo,tt_cuentas_chg24 ~ sin roc_24,183,-0.2452858320605633,-0.0009016078179354125,1.0412570907942444,0.7894359868578393,0.4371584699453552,1.0,False,-0.29319582104691455,0.15430706533195016
168,16,largo,tt_cuentas_pct ~ sin roc_24,181,-0.290714204229941,-0.003757759424157171,0.9987487847523641,0.7588607827057907,0.425414364640884,1.0,False,-0.29319582104691455,0.15430706533195016
168,16,largo,tt_pos ~ sin roc_24,183,-0.4488200645968884,-0.005028945957951775,0.994610397986692,0.7607253304704154,0.3224043715846995,1.0,False,-0.29319582104691455,0.15430706533195016
168,16,largo,tt_pos_chg24 ~ sin roc_24,183,-0.233038269809711,-0.003455665396163374,1.0242899165063195,0.7762065283630786,0.4262295081967213,1.0,False,-0.29319582104691455,0.15430706533195016
168,16,largo,tt_pos_pct ~ sin roc_24,182,-0.18088739388679545,-0.0027619268088631254,0.988433764132172,0.7605519812945671,0.4175824175824176,1.0,False,-0.29319582104691455,0.15430706533195016
168,16,largo,ls_cuentas ~ sin roc_24,183,-0.479872277225615,-0.004609705805111328,0.9365304593561855,0.7573941700927044,0.366120218579235,1.0,False,-0.29319582104691455,0.15430706533195016
168,16,largo,ls_cuentas_chg24 ~ sin roc_24,183,-0.17492879010418944,-0.0010343551831473062,1.0503670571710004,0.7870776363369059,0.4207650273224044,1.0,False,-0.29319582104691455,0.15430706533195016
168,16,largo,ls_cuentas_pct ~ sin roc_24,182,-0.29121126497815214,-0.002881686608274752,1.0123524838479703,0.7612577953745632,0.42857142857142855,1.0,False,-0.29319582104691455,0.15430706533195016
168,16,largo,taker ~ sin roc_24,183,-0.1231399823679647,-0.0006304587861244086,1.0063605696225562,0.7725935279054614,0.4808743169398907,1.0,False,-0.29319582104691455,0.15430706533195016
168,16,largo,taker_chg24 ~ sin roc_24,183,-0.03940187464433696,-0.0007913784741693196,1.000778706945586,0.7732712364560306,0.4644808743169399,1.0,False,-0.29319582104691455,0.15430706533195016
168,16,largo,taker_pct ~ sin roc_24,182,-0.2689021747080848,-0.0019987143224340096,0.9984466094547693,0.7636648631611944,0.4945054945054945,1.0,False,-0.29319582104691455,0.15430706533195016
168,16,largo,atr_24 [bajo],235,-0.14730592474603113,-0.0035352651447009826,0.7482195204980151,0.6861976354269697,0.4808510638297872,1.0,False,-0.29319582104691455,0.15430706533195016
168,16,largo,vol_24 [bajo],235,0.014594276244838627,-0.001748620323392072,0.7522760952964815,0.6848928554468553,0.5106382978723404,0.47,False,-0.29319582104691455,0.15430706533195016
168,16,largo,vol_168 [bajo],235,-0.08100425834543806,-0.003037786850741784,0.7603360840145705,0.7235636020929179,0.46382978723404256,1.0,False,-0.29319582104691455,0.15430706533195016
168,16,largo,rango_168 [bajo],235,-0.026760980569251403,-0.002361349636602864,0.7808267491570827,0.7231563260729876,0.49361702127659574,1.0,False,-0.29319582104691455,0.15430706533195016
168,16,largo,roc_24 [bajo],235,0.039401185939045714,-0.0012980457852206848,1.013897923804063,0.7528764964355403,0.4808510638297872,0.403,False,-0.29319582104691455,0.15430706533195016
168,16,largo,roc_72 [bajo],235,-0.13041393099996867,-0.001119066955523589,0.9925081558259097,0.7295721377193798,0.5063829787234042,1.0,False,-0.29319582104691455,0.15430706533195016
168,16,largo,roc_168 [bajo],235,-0.1984696171484714,-0.0021917773153336197,0.9860512856733127,0.7312889772718287,0.46382978723404256,1.0,False,-0.29319582104691455,0.15430706533195016
168,16,largo,roc_720 [bajo],235,-0.2998822740929082,-0.003193418884995893,0.9902446783779166,0.7674946096812064,0.43829787234042555,1.0,False,-0.29319582104691455,0.15430706533195016
168,16,largo,compresion [bajo],235,-0.09316483582313517,-0.0014002964044686171,0.8759208467615822,0.6821678805611158,0.502127659574468,1.0,False,-0.29319582104691455,0.15430706533195016
168,16,largo,dd_168 [bajo],235,-0.24011614304709528,-0.0013909277988149026,1.1727484815086466,0.7769915571815779,0.451063829787234,1.0,False,-0.29319582104691455,0.15430706533195016
168,16,largo,dd_720 [bajo],235,-0.37721808178811145,-0.002779585294011336,1.1313610779369212,0.7660701452096461,0.4127659574468085,1.0,False,-0.29319582104691455,0.15430706533195016
168,16,largo,pos_168 [bajo],235,-0.3077870933276635,-0.002939820904906488,1.008590658976911,0.7352583094553234,0.44680851063829785,1.0,False,-0.29319582104691455,0.15430706533195016
168,16,largo,desbal [bajo],235,-0.1324843435797597,-0.0017985136513863252,1.0060282034471686,0.7781916040271053,0.425531914893617,1.0,False,-0.29319582104691455,0.15430706533195016
168,16,largo,desbal_24 [bajo],235,-0.3171037562690211,-0.005059681564247974,0.9931707985769007,0.7569852204549452,0.40425531914893614,1.0,False,-0.29319582104691455,0.15430706533195016
168,16,largo,desbal_168 [bajo],234,-0.19868650856832556,-0.0026294413978769807,1.0032834567524402,0.7639271148245308,0.42735042735042733,1.0,False,-0.29319582104691455,0.15430706533195016
168,16,largo,ticket_rel [bajo],234,-0.16089345286297138,-0.0017208903813960075,0.9789111731005096,0.7494485075911673,0.4444444444444444,1.0,False,-0.29319582104691455,0.15430706533195016
168,16,largo,turnover [bajo],235,-0.15713854407201852,-0.0015765041063584703,0.941197851125461,0.7198900223020508,0.4978723404255319,1.0,False,-0.29319582104691455,0.15430706533195016
168,16,largo,n_surge [bajo],235,-0.23424118161822727,-0.002916361226266221,0.9389485441127151,0.7211510251640656,0.5106382978723404,1.0,False,-0.29319582104691455,0.15430706533195016
168,16,largo,oi_chg_1h [bajo],183,-0.2182757812929933,-0.0016146149283888715,1.0693406640084933,0.7949394477952106,0.41530054644808745,1.0,False,-0.29319582104691455,0.15430706533195016
168,16,largo,oi_chg_4h [bajo],183,-0.06271356689944842,-0.0014410614212634607,1.0707097557900276,0.7915789401711404,0.44808743169398907,1.0,False,-0.29319582104691455,0.15430706533195016
168,16,largo,oi_chg_24h [bajo],183,-0.18313721666207777,-0.0008797695677983832,1.0162119911740364,0.7534736808028621,0.44808743169398907,1.0,False,-0.29319582104691455,0.15430706533195016
168,16,largo,oi_z [bajo],174,0.08215830707080797,0.0003903034049390036,1.0391481565328806,0.7914548198320083,0.4885057471264368,0.279,False,-0.29319582104691455,0.15430706533195016
168,16,largo,oi_rel_168 [bajo],182,-0.3354915603906054,-0.003351530091488719,0.9959051131794898,0.7225956839009567,0.44505494505494503,1.0,False,-0.29319582104691455,0.15430706533195016
168,16,largo,tt_cuentas [bajo],183,0.2930309187655976,0.002521068678944896,1.0889952771334221,0.7789671535669414,0.5846994535519126,0.031,False,-0.29319582104691455,0.15430706533195016
168,16,largo,tt_cuentas_chg24 [bajo],183,-0.12692231780431865,-0.0018423234478079267,1.0053460379743437,0.7812462387470905,0.40437158469945356,1.0,False,-0.29319582104691455,0.15430706533195016
168,16,largo,tt_cuentas_pct [bajo],181,0.164869420744389,0.0009407057126932702,1.022734835941133,0.7916222830549482,0.5138121546961326,0.1345,False,-0.29319582104691455,0.15430706533195016
168,16,largo,tt_pos [bajo],183,0.42716850618624513,0.004418600045383456,0.9997485171208107,0.7787993350882632,0.5901639344262295,0.0005,False,-0.29319582104691455,0.15430706533195016
168,16,largo,tt_pos_chg24 [bajo],183,-0.04995406906928985,0.000279401711066088,1.02644165650905,0.7864338926411842,0.4918032786885246,1.0,False,-0.29319582104691455,0.15430706533195016
168,16,largo,tt_pos_pct [bajo],182,-0.12932137030923926,-0.001823059672035914,1.02593935416052,0.7800541057522744,0.489010989010989,1.0,False,-0.29319582104691455,0.15430706533195016
168,16,largo,ls_cuentas [bajo],183,0.3401546717815039,0.002616095647808432,1.066399163699234,0.776567922843169,0.5683060109289617,0.0125,False,-0.29319582104691455,0.15430706533195016
168,16,largo,ls_cuentas_chg24 [bajo],183,-0.29043367457566055,-0.0035372229499826503,1.0030052322953567,0.7825401921566426,0.41530054644808745,1.0,False,-0.29319582104691455,0.15430706533195016
168,16,largo,ls_cuentas_pct [bajo],182,0.08412056139727804,-2.1069486074261283e-05,1.0167001368057114,0.791765528102488,0.42857142857142855,0.2705,False,-0.29319582104691455,0.15430706533195016
168,16,largo,taker [bajo],183,-0.24985200626333992,-0.003944849346591749,0.9998211047727947,0.7637255063156279,0.39344262295081966,1.0,False,-0.29319582104691455,0.15430706533195016
168,16,largo,taker_chg24 [bajo],183,-0.3178202738606252,-0.003991715965815464,1.0018266869326165,0.7615168106001619,0.4207650273224044,1.0,False,-0.29319582104691455,0.15430706533195016
168,16,largo,taker_pct [bajo],182,-0.22670352026812118,-0.003212564111226671,1.005913723792289,0.7616562640716309,0.42857142857142855,1.0,False,-0.29319582104691455,0.15430706533195016
168,16,largo,atr_24 ~ sin roc_24 [bajo],235,-0.12461158105900727,-0.0026318100611164947,0.7640703076133508,0.7044727690098087,0.43829787234042555,1.0,False,-0.29319582104691455,0.15430706533195016
168,16,largo,vol_24 ~ sin roc_24 [bajo],235,-0.012851756529744353,-0.001297215273194757,0.7770352852924017,0.7055928665563653,0.4765957446808511,1.0,False,-0.29319582104691455,0.15430706533195016
168,16,largo,vol_168 ~ sin roc_24 [bajo],235,-0.06025140506784653,-0.0025084847508313633,0.7765486970882294,0.7322120943519276,0.46382978723404256,1.0,False,-0.29319582104691455,0.15430706533195016
168,16,largo,rango_168 ~ sin roc_24 [bajo],235,-0.0806199064380897,-0.002507126901262426,0.8019181151264089,0.734462839376918,0.451063829787234,1.0,False,-0.29319582104691455,0.15430706533195016
168,16,largo,roc_72 ~ sin roc_24 [bajo],235,-0.05343498926052449,-0.00013608786061331687,1.0042054569036465,0.7505034470818662,0.4978723404255319,1.0,False,-0.29319582104691455,0.15430706533195016
168,16,largo,roc_168 ~ sin roc_24 [bajo],235,-0.0354132948120362,-0.0005436649332290603,0.9967739306160242,0.7461853970327518,0.4765957446808511,1.0,False,-0.29319582104691455,0.15430706533195016
168,16,largo,roc_720 ~ sin roc_24 [bajo],235,-0.2572992120368156,-0.0024114352585016957,0.9948738951336847,0.7750497474704604,0.39574468085106385,1.0,False,-0.29319582104691455,0.15430706533195016
168,16,largo,compresion ~ sin roc_24 [bajo],235,-0.06172885908874096,0.001076464172109559,0.8934939074671687,0.7001092247786717,0.4808510638297872,1.0,False,-0.29319582104691455,0.15430706533195016
168,16,largo,dd_168 ~ sin roc_24 [bajo],235,-0.11154563255577847,-0.0005160736637400318,1.1852550199095329,0.8018740537076516,0.43829787234042555,1.0,False,-0.29319582104691455,0.15430706533195016
168,16,largo,dd_720 ~ sin roc_24 [bajo],235,-0.2536581922420481,-0.0014985478840692766,1.1290333793464449,0.77190655154073,0.4340425531914894,1.0,False,-0.29319582104691455,0.15430706533195016
168,16,largo,pos_168 ~ sin roc_24 [bajo],235,-0.23204468326098746,-0.0021882709007145043,1.0200070125176472,0.7492077948011389,0.44680851063829785,1.0,False,-0.29319582104691455,0.15430706533195016
168,16,largo,desbal ~ sin roc_24 [bajo],235,-0.11607024937742662,-0.0015087908226537091,1.0113290043105871,0.787596663254809,0.41702127659574467,1.0,False,-0.29319582104691455,0.15430706533195016
168,16,largo,desbal_24 ~ sin roc_24 [bajo],235,-0.3081318873900085,-0.004996801334549868,1.0013257481404703,0.769700977682642,0.37446808510638296,1.0,False,-0.29319582104691455,0.15430706533195016
168,16,largo,desbal_168 ~ sin roc_24 [bajo],234,-0.1661186493891508,-0.0028390958959336153,0.9996446908123807,0.7656229665730685,0.3974358974358974,1.0,False,-0.29319582104691455,0.15430706533195016
168,16,largo,ticket_rel ~ sin roc_24 [bajo],234,-0.1281097847060801,-0.0011042483037120223,0.9842981404836051,0.7571866785329535,0.4358974358974359,1.0,False,-0.29319582104691455,0.15430706533195016
168,16,largo,turnover ~ sin roc_24 [bajo],235,-0.16926067511211182,-0.0008146021350025125,0.9748838098684812,0.7598024016342617,0.4340425531914894,1.0,False,-0.29319582104691455,0.15430706533195016
168,16,largo,n_surge ~ sin roc_24 [bajo],235,-0.1680165230786361,-0.0016979510223062704,0.9767494132963448,0.7615017392829282,0.46382978723404256,1.0,False,-0.29319582104691455,0.15430706533195016
168,16,largo,oi_chg_1h ~ sin roc_24 [bajo],183,-0.29001252850721065,-0.0022525009821167397,1.0717160300159705,0.7989655275745783,0.4098360655737705,1.0,False,-0.29319582104691455,0.15430706533195016
168,16,largo,oi_chg_4h ~ sin roc_24 [bajo],183,-0.1733102636038695,-0.002903989319182062,1.0747202731803271,0.8050318624285369,0.4371584699453552,1.0,False,-0.29319582104691455,0.15430706533195016
168,16,largo,oi_chg_24h ~ sin roc_24 [bajo],183,-0.04047599340097502,0.0015866704442131715,1.0434362302394073,0.7821327373920437,0.4808743169398907,1.0,False,-0.29319582104691455,0.15430706533195016
168,16,largo,oi_z ~ sin roc_24 [bajo],174,-0.24748265368929345,-0.0033111374577772423,1.0387862536498815,0.7982797229396753,0.40804597701149425,1.0,False,-0.29319582104691455,0.15430706533195016
168,16,largo,oi_rel_168 ~ sin roc_24 [bajo],182,-0.15997359107481285,-0.0017076096351198377,1.008225844523393,0.7426255459891877,0.47802197802197804,1.0,False,-0.29319582104691455,0.15430706533195016
168,16,largo,tt_cuentas ~ sin roc_24 [bajo],183,0.18831303906442826,0.001426314934616681,1.0815617374715785,0.7721900067750397,0.5628415300546448,0.0925,False,-0.29319582104691455,0.15430706533195016
168,16,largo,tt_cuentas_chg24 ~ sin roc_24 [bajo],183,-0.15101871170871875,-0.0026981205585253298,0.984524122031812,0.7593944210853237,0.3879781420765027,1.0,False,-0.29319582104691455,0.15430706533195016
168,16,largo,tt_cuentas_pct ~ sin roc_24 [bajo],181,0.07539115662316925,0.0005577558065593154,0.9995669864457376,0.7719743258758742,0.5138121546961326,0.2625,False,-0.29319582104691455,0.15430706533195016
168,16,largo,tt_pos ~ sin roc_24 [bajo],183,0.259482933865861,0.0029124736443199807,0.9926560918126608,0.7701010929405219,0.5901639344262295,0.0125,False,-0.29319582104691455,0.15430706533195016
168,16,largo,tt_pos_chg24 ~ sin roc_24 [bajo],183,-0.14274305862439257,-0.001512197101715509,1.014683968760025,0.7745425242057238,0.46994535519125685,1.0,False,-0.29319582104691455,0.15430706533195016
168,16,largo,tt_pos_pct ~ sin roc_24 [bajo],182,-0.18998984605374336,-0.0029602566506116983,1.019785279912753,0.7737065000382386,0.46703296703296704,1.0,False,-0.29319582104691455,0.15430706533195016
168,16,largo,ls_cuentas ~ sin roc_24 [bajo],183,0.3181698581717334,0.0026048906363767615,1.0578091596616923,0.7707210473595535,0.6065573770491803,0.0135,False,-0.29319582104691455,0.15430706533195016
168,16,largo,ls_cuentas_chg24 ~ sin roc_24 [bajo],183,-0.2271291353006979,-0.0031926533649445994,0.9822313389475966,0.7585645746544623,0.4262295081967213,1.0,False,-0.29319582104691455,0.15430706533195016
168,16,largo,ls_cuentas_pct ~ sin roc_24 [bajo],182,0.10512298521983317,0.00031419848464861,0.995390723704666,0.7734863701200756,0.4340659340659341,0.235,False,-0.29319582104691455,0.15430706533195016
168,16,largo,taker ~ sin roc_24 [bajo],183,-0.24880920324603414,-0.004314059112395334,0.9911833297155926,0.7621446017972511,0.3879781420765027,1.0,False,-0.29319582104691455,0.15430706533195016
168,16,largo,taker_chg24 ~ sin roc_24 [bajo],183,-0.25661553317907776,-0.003642578790929247,1.0028969069791551,0.7618147786830877,0.4371584699453552,1.0,False,-0.29319582104691455,0.15430706533195016
168,16,largo,taker_pct ~ sin roc_24 [bajo],182,-0.25643867464169906,-0.004009729865308312,1.0006974892129727,0.7624606622356868,0.41208791208791207,1.0,False,-0.29319582104691455,0.15430706533195016
168,16,largo,CONTROL azar 1,235,-0.29319582104691455,-0.003413868229235577,1.008129723824222,0.7854522747214877,0.3617021276595745,1.0,False,-0.29319582104691455,0.15430706533195016
168,16,largo,CONTROL azar 2,235,-0.40748396089451516,-0.0038820628451072567,0.9943112308730867,0.7778939715285933,0.4085106382978723,1.0,False,-0.29319582104691455,0.15430706533195016
168,16,largo,CONTROL azar 3,235,-0.1020745549857899,-0.0016037287099730877,1.0059298686616234,0.7756329755899054,0.46808510638297873,1.0,False,-0.29319582104691455,0.15430706533195016
168,16,corto,atr_24,235,-0.24148350044276104,-0.0049579284846924575,1.3748058836043844,0.9033358718113554,0.48936170212765956,1.0,False,-0.027092123246225,0.1530929647565499
168,16,corto,vol_24,235,-0.25438495363178626,-0.005089122187799472,1.3674670133255094,0.9037783902983245,0.4851063829787234,1.0,False,-0.027092123246225,0.1530929647565499
168,16,corto,vol_168,235,-0.19108743881720439,-0.004869162942739552,1.336532965077124,0.848689412974506,0.451063829787234,1.0,False,-0.027092123246225,0.1530929647565499
168,16,corto,rango_168,235,-0.19280352355993124,-0.00436419888352969,1.3096520832915681,0.8548779841467276,0.4851063829787234,1.0,False,-0.027092123246225,0.1530929647565499
168,16,corto,roc_24,235,-0.14540484350825353,-0.0019267500584273511,1.0668833047150514,0.8449511805183267,0.502127659574468,1.0,False,-0.027092123246225,0.1530929647565499
168,16,corto,roc_72,235,-0.23488837750724983,-0.0029303568365069343,1.0928901159639894,0.8656500621219927,0.46808510638297873,1.0,False,-0.027092123246225,0.1530929647565499
168,16,corto,roc_168,235,-0.39723557969111567,-0.004818306722660842,1.1141595654187542,0.8624581063190151,0.4297872340425532,1.0,False,-0.027092123246225,0.1530929647565499
168,16,corto,roc_720,235,-0.24490328961519742,-0.0027951266011291783,1.0907504245544686,0.8128904534454893,0.4425531914893617,1.0,False,-0.027092123246225,0.1530929647565499
168,16,corto,compresion,235,-0.17699124114170042,-0.0016652359631821514,1.2029901616806278,0.8991656354483581,0.49361702127659574,1.0,False,-0.027092123246225,0.1530929647565499
168,16,corto,dd_168,235,-0.3463464115615218,-0.0028850985812653657,0.8541278133762129,0.7833094498980953,0.4553191489361702,1.0,False,-0.027092123246225,0.1530929647565499
168,16,corto,dd_720,235,-0.31067523841994743,-0.0021704225966351944,0.8723376867045922,0.8038605030820327,0.4425531914893617,1.0,False,-0.027092123246225,0.1530929647565499
168,16,corto,pos_168,235,-0.41868686650047027,-0.0040923544049785805,1.0436276243559717,0.8396371798398841,0.4127659574468085,1.0,False,-0.027092123246225,0.1530929647565499
168,16,corto,desbal,235,-0.1926252815469189,-0.002227897792193309,0.9976577606567093,0.7763820749549089,0.42127659574468085,1.0,False,-0.027092123246225,0.1530929647565499
168,16,corto,desbal_24,235,-0.313503035450037,-0.00432731464746753,0.9865923725282751,0.7981871909919422,0.3872340425531915,1.0,False,-0.027092123246225,0.1530929647565499
168,16,corto,desbal_168,234,-0.29090938824836554,-0.0038143729783842793,0.9810247380622129,0.798130378418833,0.3974358974358974,1.0,False,-0.027092123246225,0.1530929647565499
168,16,corto,ticket_rel,234,-0.289474949333501,-0.003111880524363362,1.0327648749971428,0.8065822094119321,0.41452991452991456,1.0,False,-0.027092123246225,0.1530929647565499
168,16,corto,turnover,235,-0.2072408056870503,-0.002356694426138548,1.1091277079019517,0.8523489725427676,0.4851063829787234,1.0,False,-0.027092123246225,0.1530929647565499
168,16,corto,n_surge,235,-0.33554709930427495,-0.003946277469255708,1.1121922518550944,0.8596463807948291,0.4851063829787234,1.0,False,-0.027092123246225,0.1530929647565499
168,16,corto,oi_chg_1h,183,-0.3435671745458204,-0.0035641097095342783,0.9924330987080401,0.7648615687678111,0.4371584699453552,1.0,False,-0.027092123246225,0.1530929647565499
168,16,corto,oi_chg_4h,183,-0.20703884323454133,-0.003017392720055844,0.9922538438079141,0.7677877922869574,0.4371584699453552,1.0,False,-0.027092123246225,0.1530929647565499
168,16,corto,oi_chg_24h,183,-0.47910030149982435,-0.004656281357183391,1.0597126609472467,0.8157747173869176,0.4644808743169399,1.0,False,-0.027092123246225,0.1530929647565499
168,16,corto,oi_z,174,-0.2975029492598619,-0.0033413006603640015,0.9952611801260945,0.7640016552774418,0.4425287356321839,1.0,False,-0.027092123246225,0.1530929647565499
168,16,corto,oi_rel_168,182,-0.5236476951344061,-0.006226432980756839,1.0877854039772148,0.8463626784346869,0.43956043956043955,1.0,False,-0.027092123246225,0.1530929647565499
168,16,corto,tt_cuentas,183,0.17918983648296768,0.0013621314375417152,0.9244869836429913,0.7526488376674694,0.5245901639344263,0.1185,False,-0.027092123246225,0.1530929647565499
168,16,corto,tt_cuentas_chg24,183,-0.108736943194107,-0.003475578731827009,1.02412493609721,0.775201568846928,0.46994535519125685,1.0,False,-0.027092123246225,0.1530929647565499
168,16,corto,tt_cuentas_pct,181,0.11912228046366224,0.001195315840043941,0.9966000039447064,0.7466680753912397,0.49171270718232046,0.191,False,-0.027092123246225,0.1530929647565499
168,16,corto,tt_pos,183,0.10626603068724465,0.0003686885679276918,0.9949863230654225,0.7586222093940764,0.5628415300546448,0.2045,False,-0.027092123246225,0.1530929647565499
168,16,corto,tt_pos_chg24,183,-0.03301464248107644,0.00020491093077268678,1.0222729309394967,0.7707204252237572,0.47540983606557374,1.0,False,-0.027092123246225,0.1530929647565499
168,16,corto,tt_pos_pct,182,-0.14858830527925437,-0.0011663665403525726,0.9901875932174043,0.7598024016342617,0.510989010989011,1.0,False,-0.027092123246225,0.1530929647565499
168,16,corto,ls_cuentas,183,0.2275603263407242,0.0016599209354699752,0.9351482091330428,0.7510562456730346,0.5792349726775956,0.0595,False,-0.027092123246225,0.1530929647565499
168,16,corto,ls_cuentas_chg24,183,-0.2779781096477812,-0.004341879524560106,1.0298453367602995,0.7745508216440997,0.45901639344262296,1.0,False,-0.027092123246225,0.1530929647565499
168,16,corto,ls_cuentas_pct,182,0.08584155367688676,-0.00048292063418477443,1.0004453011308856,0.7485333543088339,0.4835164835164835,0.2835,False,-0.027092123246225,0.1530929647565499
168,16,corto,taker,183,-0.24025046695692992,-0.003219534012899732,0.9995953189900204,0.7682778245435324,0.43169398907103823,1.0,False,-0.027092123246225,0.1530929647565499
168,16,corto,taker_chg24,183,-0.2210859143911583,-0.0018123054859470692,1.002308270233902,0.7732712364560306,0.4644808743169399,1.0,False,-0.027092123246225,0.1530929647565499
168,16,corto,taker_pct,182,-0.09414290551828347,-0.0017431220275588636,1.001934274090144,0.7664627019938461,0.45054945054945056,1.0,False,-0.027092123246225,0.1530929647565499
168,16,corto,atr_24 ~ sin roc_24,235,-0.12988393640908236,-0.003458634695251269,1.3319537508570722,0.8804807642415975,0.46382978723404256,1.0,False,-0.027092123246225,0.1530929647565499
168,16,corto,vol_24 ~ sin roc_24,235,-0.15434303692454035,-0.0031347628408929093,1.3197162262980284,0.8787757303583682,0.4723404255319149,1.0,False,-0.027092123246225,0.1530929647565499
168,16,corto,vol_168 ~ sin roc_24,235,-0.1960964088576019,-0.004939249174402935,1.2912263961359685,0.8385803482258846,0.4765957446808511,1.0,False,-0.027092123246225,0.1530929647565499
168,16,corto,rango_168 ~ sin roc_24,235,-0.205077503922502,-0.004358680662871097,1.271807433822581,0.8446354168040171,0.4808510638297872,1.0,False,-0.027092123246225,0.1530929647565499
168,16,corto,roc_72 ~ sin roc_24,235,-0.10005628195224045,-0.001123512129911275,1.06292372138129,0.8314528712237554,0.46382978723404256,1.0,False,-0.027092123246225,0.1530929647565499
168,16,corto,roc_168 ~ sin roc_24,235,-0.2906814546292543,-0.0041440468786298834,1.0900603072561899,0.8409520713992936,0.425531914893617,1.0,False,-0.027092123246225,0.1530929647565499
168,16,corto,roc_720 ~ sin roc_24,235,-0.20621951383006673,-0.0017895585675908824,1.0846211594257467,0.8050323546617779,0.44680851063829785,1.0,False,-0.027092123246225,0.1530929647565499
168,16,corto,compresion ~ sin roc_24,235,-0.11646981558671261,-0.00036581463357883735,1.1620900642161738,0.8806430133133447,0.4723404255319149,1.0,False,-0.027092123246225,0.1530929647565499
168,16,corto,dd_168 ~ sin roc_24,235,-0.25543144571603804,-0.0023697291986648967,0.8493033056410084,0.7627787184316215,0.4127659574468085,1.0,False,-0.027092123246225,0.1530929647565499
168,16,corto,dd_720 ~ sin roc_24,235,-0.2837439414763677,-0.0019378902677015528,0.8716952791986027,0.7883829328320097,0.43829787234042555,1.0,False,-0.027092123246225,0.1530929647565499
168,16,corto,pos_168 ~ sin roc_24,235,-0.2816819852080636,-0.0027653708662887925,1.0165325755979424,0.8127324384107036,0.425531914893617,1.0,False,-0.027092123246225,0.1530929647565499
168,16,corto,desbal ~ sin roc_24,235,-0.24116101255592062,-0.0032829339055530276,0.9883868157320457,0.7706536400294585,0.4297872340425532,1.0,False,-0.027092123246225,0.1530929647565499
168,16,corto,desbal_24 ~ sin roc_24,235,-0.33400538038736577,-0.005569239751631435,0.9802980774352105,0.7819592548381478,0.3659574468085106,1.0,False,-0.027092123246225,0.1530929647565499
168,16,corto,desbal_168 ~ sin roc_24,234,-0.3518997463920828,-0.004543057140740814,0.9789830220012987,0.7915096420312329,0.358974358974359,1.0,False,-0.027092123246225,0.1530929647565499
168,16,corto,ticket_rel ~ sin roc_24,234,-0.31646884446868656,-0.003461578931829774,1.0231483232213927,0.7990660087390228,0.4230769230769231,1.0,False,-0.027092123246225,0.1530929647565499
168,16,corto,turnover ~ sin roc_24,235,-0.21578366791389572,-0.0010916115782478055,1.0746990620743242,0.820296602493432,0.4808510638297872,1.0,False,-0.027092123246225,0.1530929647565499
168,16,corto,n_surge ~ sin roc_24,235,-0.23597672697924096,-0.002495184540169889,1.07695923605594,0.8205917714893062,0.48936170212765956,1.0,False,-0.027092123246225,0.1530929647565499
168,16,corto,oi_chg_1h ~ sin roc_24,183,-0.3022160526263041,-0.0032270905352183845,0.9951284241390923,0.7579511239693957,0.4371584699453552,1.0,False,-0.027092123246225,0.1530929647565499
168,16,corto,oi_chg_4h ~ sin roc_24,183,-0.32451754420335066,-0.004259146720587673,0.9907692973746044,0.7568937339338417,0.3989071038251366,1.0,False,-0.027092123246225,0.1530929647565499
168,16,corto,oi_chg_24h ~ sin roc_24,183,-0.23428617874772215,-0.00016238547778696318,1.019034463473714,0.7764304934087647,0.5245901639344263,1.0,False,-0.027092123246225,0.1530929647565499
168,16,corto,oi_z ~ sin roc_24,174,-0.2525626610718119,-0.003006143393814999,0.9931506873643956,0.7568937339338417,0.43103448275862066,1.0,False,-0.027092123246225,0.1530929647565499
168,16,corto,oi_rel_168 ~ sin roc_24,182,-0.24418874308512586,-0.0032251393382050513,1.0686268225130204,0.8231686705393281,0.43956043956043955,1.0,False,-0.027092123246225,0.1530929647565499
168,16,corto,tt_cuentas ~ sin roc_24,183,0.10062219113013837,0.00043863630525991176,0.9246848789004043,0.7582506958211084,0.5409836065573771,0.26,False,-0.027092123246225,0.1530929647565499
168,16,corto,tt_cuentas_chg24 ~ sin roc_24,183,-0.07637067769309597,-0.0030983921820645906,1.0412570907942444,0.7894359868578393,0.4371584699453552,1.0,False,-0.027092123246225,0.1530929647565499
168,16,corto,tt_cuentas_pct ~ sin roc_24,181,-0.03232670442454501,-0.00024224057584283252,0.9987487847523641,0.7588607827057907,0.5082872928176796,1.0,False,-0.027092123246225,0.1530929647565499
168,16,corto,tt_pos ~ sin roc_24,183,0.1180248191671846,0.001028945957951772,0.994610397986692,0.7607253304704154,0.5846994535519126,0.1575,False,-0.027092123246225,0.1530929647565499
168,16,corto,tt_pos_chg24 ~ sin roc_24,183,-0.0891221778075211,-0.0005443346038366293,1.0242899165063195,0.7762065283630786,0.4972677595628415,1.0,False,-0.027092123246225,0.1530929647565499
168,16,corto,tt_pos_pct ~ sin roc_24,182,-0.1474819319351898,-0.0012380731911368788,0.988433764132172,0.7605519812945671,0.532967032967033,1.0,False,-0.027092123246225,0.1530929647565499
168,16,corto,ls_cuentas ~ sin roc_24,183,0.13625593677236697,0.0006097058051113243,0.9365304593561855,0.7573941700927044,0.5628415300546448,0.16,False,-0.027092123246225,0.1530929647565499
168,16,corto,ls_cuentas_chg24 ~ sin roc_24,183,-0.14619764458456017,-0.0029656448168526965,1.0503670571710004,0.7870776363369059,0.4918032786885246,1.0,False,-0.027092123246225,0.1530929647565499
168,16,corto,ls_cuentas_pct ~ sin roc_24,182,-0.02795247117446203,-0.0011183133917252507,1.0123524838479703,0.7612577953745632,0.47802197802197804,1.0,False,-0.027092123246225,0.1530929647565499
168,16,corto,taker ~ sin roc_24,183,-0.20348833327477603,-0.0033695412138755945,1.0063605696225562,0.7725935279054614,0.4371584699453552,1.0,False,-0.027092123246225,0.1530929647565499
168,16,corto,taker_chg24 ~ sin roc_24,183,-0.28610888362179704,-0.003208621525830683,1.000778706945586,0.7732712364560306,0.44808743169398907,1.0,False,-0.027092123246225,0.1530929647565499
168,16,corto,taker_pct ~ sin roc_24,182,-0.05840672898201565,-0.002001285677565993,0.9984466094547693,0.7636648631611944,0.43956043956043955,1.0,False,-0.027092123246225,0.1530929647565499
168,16,corto,atr_24 [bajo],235,-0.251815945048727,-0.0004647348552990199,0.7482195204980151,0.6861976354269697,0.4,1.0,False,-0.027092123246225,0.1530929647565499
168,16,corto,vol_24 [bajo],235,-0.40744158356042876,-0.002251379676607931,0.7522760952964815,0.6848928554468553,0.3617021276595745,1.0,False,-0.027092123246225,0.1530929647565499
168,16,corto,vol_168 [bajo],235,-0.3214069284099925,-0.0009622131492582187,0.7603360840145705,0.7235636020929179,0.42127659574468085,1.0,False,-0.027092123246225,0.1530929647565499
168,16,corto,rango_168 [bajo],235,-0.36397698648830673,-0.0016386503633971394,0.7808267491570827,0.7231563260729876,0.39148936170212767,1.0,False,-0.027092123246225,0.1530929647565499
168,16,corto,roc_24 [bajo],235,-0.3493985610774497,-0.0027019542147793175,1.013897923804063,0.7528764964355403,0.41702127659574467,1.0,False,-0.027092123246225,0.1530929647565499
168,16,corto,roc_72 [bajo],235,-0.17987023851750494,-0.0028809330444764143,0.9925081558259097,0.7295721377193798,0.425531914893617,1.0,False,-0.027092123246225,0.1530929647565499
168,16,corto,roc_168 [bajo],235,-0.11364581248549177,-0.0018082226846663839,0.9860512856733127,0.7312889772718287,0.44680851063829785,1.0,False,-0.027092123246225,0.1530929647565499
168,16,corto,roc_720 [bajo],235,-0.020823607104699614,-0.0008065811150041095,0.9902446783779166,0.7674946096812064,0.4765957446808511,1.0,False,-0.027092123246225,0.1530929647565499
168,16,corto,compresion [bajo],235,-0.24068945201828704,-0.002599703595531386,0.8759208467615822,0.6821678805611158,0.4085106382978723,1.0,False,-0.027092123246225,0.1530929647565499
168,16,corto,dd_168 [bajo],235,-0.037721046476325355,-0.0026090722011851003,1.1727484815086466,0.7769915571815779,0.48936170212765956,1.0,False,-0.027092123246225,0.1530929647565499
168,16,corto,dd_720 [bajo],235,0.09644111121182422,-0.0012204147059886666,1.1313610779369212,0.7660701452096461,0.5191489361702127,0.2285,False,-0.027092123246225,0.1530929647565499
168,16,corto,pos_168 [bajo],235,0.0002591959188457716,-0.0010601790950935152,1.008590658976911,0.7352583094553234,0.4553191489361702,0.5225,False,-0.027092123246225,0.1530929647565499
168,16,corto,desbal [bajo],235,-0.18756408559739868,-0.0022014863486136778,1.0060282034471686,0.7781916040271053,0.451063829787234,1.0,False,-0.027092123246225,0.1530929647565499
168,16,corto,desbal_24 [bajo],235,-0.001008189920213824,0.0010596815642479704,0.9931707985769007,0.7569852204549452,0.4553191489361702,1.0,False,-0.027092123246225,0.1530929647565499
168,16,corto,desbal_168 [bajo],234,-0.12054422078407839,-0.0013705586021230218,1.0032834567524402,0.7639271148245308,0.47435897435897434,1.0,False,-0.027092123246225,0.1530929647565499
168,16,corto,ticket_rel [bajo],234,-0.15983896166849373,-0.002279109618603995,0.9789111731005096,0.7494485075911673,0.46153846153846156,1.0,False,-0.027092123246225,0.1530929647565499
168,16,corto,turnover [bajo],235,-0.1654411003069156,-0.002423495893641532,0.941197851125461,0.7198900223020508,0.37446808510638296,1.0,False,-0.027092123246225,0.1530929647565499
168,16,corto,n_surge [bajo],235,-0.0889136999835044,-0.0010836387737337815,0.9389485441127151,0.7211510251640656,0.4127659574468085,1.0,False,-0.027092123246225,0.1530929647565499
168,16,corto,oi_chg_1h [bajo],183,-0.09959727628340416,-0.0023853850716111314,1.0693406640084933,0.7949394477952106,0.47540983606557374,1.0,False,-0.027092123246225,0.1530929647565499
168,16,corto,oi_chg_4h [bajo],183,-0.2565539290938137,-0.0025589385787365424,1.0707097557900276,0.7915789401711404,0.41530054644808745,1.0,False,-0.027092123246225,0.1530929647565499
168,16,corto,oi_chg_24h [bajo],183,-0.13635910507856996,-0.00312023043220162,1.0162119911740364,0.7534736808028621,0.45901639344262296,1.0,False,-0.027092123246225,0.1530929647565499
168,16,corto,oi_z [bajo],174,-0.40662763654379164,-0.004390303404939007,1.0391481565328806,0.7914548198320083,0.39655172413793105,1.0,False,-0.027092123246225,0.1530929647565499
168,16,corto,oi_rel_168 [bajo],182,0.022201709773463495,-0.000648469908511284,0.9959051131794898,0.7225956839009567,0.4340659340659341,0.475,False,-0.027092123246225,0.1530929647565499
168,16,corto,tt_cuentas [bajo],183,-0.5974921312194318,-0.006521068678944899,1.0889952771334221,0.7789671535669414,0.33879781420765026,1.0,False,-0.027092123246225,0.1530929647565499
168,16,corto,tt_cuentas_chg24 [bajo],183,-0.2046039987162091,-0.0021576765521920767,1.0053460379743437,0.7812462387470905,0.5300546448087432,1.0,False,-0.027092123246225,0.1530929647565499
168,16,corto,tt_cuentas_pct [bajo],181,-0.4993021715510084,-0.004940705712693273,1.022734835941133,0.7916222830549482,0.4143646408839779,1.0,False,-0.027092123246225,0.1530929647565499
168,16,corto,tt_pos [bajo],183,-0.7560522387682233,-0.008418600045383456,0.9997485171208107,0.7787993350882632,0.3442622950819672,1.0,False,-0.027092123246225,0.1530929647565499
168,16,corto,tt_pos_chg24 [bajo],183,-0.2765143926980091,-0.00427940171106609,1.02644165650905,0.7864338926411842,0.4207650273224044,1.0,False,-0.027092123246225,0.1530929647565499
168,16,corto,tt_pos_pct [bajo],182,-0.1958005655621347,-0.0021769403279640895,1.02593935416052,0.7800541057522744,0.4230769230769231,1.0,False,-0.027092123246225,0.1530929647565499
168,16,corto,ls_cuentas [bajo],183,-0.6502483223444755,-0.006616095647808435,1.066399163699234,0.776567922843169,0.34972677595628415,1.0,False,-0.027092123246225,0.1530929647565499
168,16,corto,ls_cuentas_chg24 [bajo],183,-0.04179869558593349,-0.00046277705001735256,1.0030052322953567,0.7825401921566426,0.5191256830601093,1.0,False,-0.027092123246225,0.1530929647565499
168,16,corto,ls_cuentas_pct [bajo],182,-0.4195012704337463,-0.003978930513925742,1.0167001368057114,0.791765528102488,0.4340659340659341,1.0,False,-0.027092123246225,0.1530929647565499
168,16,corto,taker [bajo],183,-0.0778823730450301,-5.5150653408253826e-05,0.9998211047727947,0.7637255063156279,0.4644808743169399,1.0,False,-0.027092123246225,0.1530929647565499
168,16,corto,taker_chg24 [bajo],183,-0.010105358755647196,-8.284034184539255e-06,1.0018266869326165,0.7615168106001619,0.4918032786885246,1.0,False,-0.027092123246225,0.1530929647565499
168,16,corto,taker_pct [bajo],182,-0.09850388820673131,-0.0007874358887733327,1.005913723792289,0.7616562640716309,0.46153846153846156,1.0,False,-0.027092123246225,0.1530929647565499
168,16,corto,atr_24 ~ sin roc_24 [bajo],235,-0.2676840543975535,-0.0013681899388835084,0.7640703076133508,0.7044727690098087,0.44680851063829785,1.0,False,-0.027092123246225,0.1530929647565499
168,16,corto,vol_24 ~ sin roc_24 [bajo],235,-0.3719442287644206,-0.002702784726805247,0.7770352852924017,0.7055928665563653,0.40425531914893614,1.0,False,-0.027092123246225,0.1530929647565499
168,16,corto,vol_168 ~ sin roc_24 [bajo],235,-0.3355680487341488,-0.0014915152491686392,0.7765486970882294,0.7322120943519276,0.42127659574468085,1.0,False,-0.027092123246225,0.1530929647565499
168,16,corto,rango_168 ~ sin roc_24 [bajo],235,-0.30284119713040575,-0.0014928730987375763,0.8019181151264089,0.734462839376918,0.42127659574468085,1.0,False,-0.027092123246225,0.1530929647565499
168,16,corto,roc_72 ~ sin roc_24 [bajo],235,-0.2604642453465071,-0.003863912139386686,1.0042054569036465,0.7505034470818662,0.42127659574468085,1.0,False,-0.027092123246225,0.1530929647565499
168,16,corto,roc_168 ~ sin roc_24 [bajo],235,-0.2797291690333791,-0.0034563350667709417,0.9967739306160242,0.7461853970327518,0.4425531914893617,1.0,False,-0.027092123246225,0.1530929647565499
168,16,corto,roc_720 ~ sin roc_24 [bajo],235,-0.06406825653853684,-0.0015885647414983074,0.9948738951336847,0.7750497474704604,0.502127659574468,1.0,False,-0.027092123246225,0.1530929647565499
168,16,corto,compresion ~ sin roc_24 [bajo],235,-0.27115551671709814,-0.005076464172109562,0.8934939074671687,0.7001092247786717,0.42127659574468085,1.0,False,-0.027092123246225,0.1530929647565499
168,16,corto,dd_168 ~ sin roc_24 [bajo],235,-0.16859730453772093,-0.003483926336259971,1.1852550199095329,0.8018740537076516,0.4808510638297872,1.0,False,-0.027092123246225,0.1530929647565499
168,16,corto,dd_720 ~ sin roc_24 [bajo],235,-0.02941142213584871,-0.0025014521159307263,1.1290333793464449,0.77190655154073,0.49361702127659574,1.0,False,-0.027092123246225,0.1530929647565499
168,16,corto,pos_168 ~ sin roc_24 [bajo],235,-0.07813257150799788,-0.0018117290992854989,1.0200070125176472,0.7492077948011389,0.4595744680851064,1.0,False,-0.027092123246225,0.1530929647565499
168,16,corto,desbal ~ sin roc_24 [bajo],235,-0.20485642715441374,-0.002491209177346294,1.0113290043105871,0.787596663254809,0.4851063829787234,1.0,False,-0.027092123246225,0.1530929647565499
168,16,corto,desbal_24 ~ sin roc_24 [bajo],235,-0.009441594856198419,0.0009968013345498644,1.0013257481404703,0.769700977682642,0.4765957446808511,1.0,False,-0.027092123246225,0.1530929647565499
168,16,corto,desbal_168 ~ sin roc_24 [bajo],234,-0.15452962269651543,-0.0011609041040663874,0.9996446908123807,0.7656229665730685,0.47863247863247865,1.0,False,-0.027092123246225,0.1530929647565499
168,16,corto,ticket_rel ~ sin roc_24 [bajo],234,-0.19353698424883198,-0.0028957516962879806,0.9842981404836051,0.7571866785329535,0.49145299145299143,1.0,False,-0.027092123246225,0.1530929647565499
168,16,corto,turnover ~ sin roc_24 [bajo],235,-0.15359185356365668,-0.0031853978649974907,0.9748838098684812,0.7598024016342617,0.4297872340425532,1.0,False,-0.027092123246225,0.1530929647565499
168,16,corto,n_surge ~ sin roc_24 [bajo],235,-0.15662335997096327,-0.002302048977693733,0.9767494132963448,0.7615017392829282,0.4297872340425532,1.0,False,-0.027092123246225,0.1530929647565499
168,16,corto,oi_chg_1h ~ sin roc_24 [bajo],183,-0.029104825550793054,-0.0017474990178832632,1.0717160300159705,0.7989655275745783,0.4808743169398907,1.0,False,-0.027092123246225,0.1530929647565499
168,16,corto,oi_chg_4h ~ sin roc_24 [bajo],183,-0.14848952076707192,-0.0010960106808179406,1.0747202731803271,0.8050318624285369,0.46994535519125685,1.0,False,-0.027092123246225,0.1530929647565499
168,16,corto,oi_chg_24h ~ sin roc_24 [bajo],183,-0.28150088255960043,-0.005586670444213175,1.0434362302394073,0.7821327373920437,0.4207650273224044,1.0,False,-0.027092123246225,0.1530929647565499
168,16,corto,oi_z ~ sin roc_24 [bajo],174,-0.07877111327725567,-0.0006888625422227603,1.0387862536498815,0.7982797229396753,0.47126436781609193,1.0,False,-0.027092123246225,0.1530929647565499
168,16,corto,oi_rel_168 ~ sin roc_24 [bajo],182,-0.15816019117231028,-0.0022923903648801656,1.008225844523393,0.7426255459891877,0.43956043956043955,1.0,False,-0.027092123246225,0.1530929647565499
168,16,corto,tt_cuentas ~ sin roc_24 [bajo],183,-0.4936019709807916,-0.005426314934616685,1.0815617374715785,0.7721900067750397,0.366120218579235,1.0,False,-0.027092123246225,0.1530929647565499
168,16,corto,tt_cuentas_chg24 ~ sin roc_24 [bajo],183,-0.1824789833998134,-0.0013018794414746732,0.984524122031812,0.7593944210853237,0.4808743169398907,1.0,False,-0.027092123246225,0.1530929647565499
168,16,corto,tt_cuentas_pct ~ sin roc_24 [bajo],181,-0.41124630796995687,-0.004557755806559318,0.9995669864457376,0.7719743258758742,0.3812154696132597,1.0,False,-0.027092123246225,0.1530929647565499
168,16,corto,tt_pos ~ sin roc_24 [bajo],183,-0.5883927466704864,-0.006912473644319983,0.9926560918126608,0.7701010929405219,0.34972677595628415,1.0,False,-0.027092123246225,0.1530929647565499
168,16,corto,tt_pos_chg24 ~ sin roc_24 [bajo],183,-0.18482021124120002,-0.002487802898284493,1.014683968760025,0.7745425242057238,0.4426229508196721,1.0,False,-0.027092123246225,0.1530929647565499
168,16,corto,tt_pos_pct ~ sin roc_24 [bajo],182,-0.13519811213992336,-0.0010397433493883053,1.019785279912753,0.7737065000382386,0.4230769230769231,1.0,False,-0.027092123246225,0.1530929647565499
168,16,corto,ls_cuentas ~ sin roc_24 [bajo],183,-0.629175531491589,-0.006604890636376765,1.0578091596616923,0.7707210473595535,0.3224043715846995,1.0,False,-0.027092123246225,0.1530929647565499
168,16,corto,ls_cuentas_chg24 ~ sin roc_24 [bajo],183,-0.10673955755496678,-0.0008073466350554039,0.9822313389475966,0.7585645746544623,0.48633879781420764,1.0,False,-0.027092123246225,0.1530929647565499
168,16,corto,ls_cuentas_pct ~ sin roc_24 [bajo],182,-0.4422146258575032,-0.004314198484648613,0.995390723704666,0.7734863701200756,0.43956043956043955,1.0,False,-0.027092123246225,0.1530929647565499
168,16,corto,taker ~ sin roc_24 [bajo],183,-0.08163197248816176,0.00031405911239533034,0.9911833297155926,0.7621446017972511,0.48633879781420764,1.0,False,-0.027092123246225,0.1530929647565499
168,16,corto,taker_chg24 ~ sin roc_24 [bajo],183,-0.0724988137721432,-0.00035742120907075666,1.0028969069791551,0.7618147786830877,0.4808743169398907,1.0,False,-0.027092123246225,0.1530929647565499
168,16,corto,taker_pct ~ sin roc_24 [bajo],182,-0.06996120388713632,9.729865308309158e-06,1.0006974892129727,0.7624606622356868,0.5054945054945055,1.0,False,-0.027092123246225,0.1530929647565499
168,16,corto,CONTROL azar 1,235,-0.027092123246225,-0.0005861317707644257,1.008129723824222,0.7854522747214877,0.5276595744680851,1.0,False,-0.027092123246225,0.1530929647565499
168,16,corto,CONTROL azar 2,235,0.08218984982148182,-0.00011793715489274721,0.9943112308730867,0.7778939715285933,0.502127659574468,0.2365,False,-0.027092123246225,0.1530929647565499
168,16,corto,CONTROL azar 3,235,-0.22015147047410158,-0.0023962712900269154,1.0059298686616234,0.7756329755899054,0.43829787234042555,1.0,False,-0.027092123246225,0.1530929647565499
