panel,costo,ranking,objetivo,semanas,spread,sd_sem,sem_ok,p,spread_crudo,atr_ratio,atr_propio,sin_top3,sin_top1,fdr_ok,veredicto
F200,0.17,CONTROL azar 3,corto,49,-0.045609818516543554,0.2904714310920411,0.4489795918367347,1.0,-0.0006165280160440528,1.0126805483820074,0.9719154091829447,-0.06996596809352569,-0.058122587653578694,False,control
F200,0.17,ticket_rel,corto,49,-0.07079557663651749,0.32898103711188836,0.42857142857142855,1.0,-0.0009059965873907909,1.074772471806576,1.0490297316480435,-0.10195539140276473,-0.0895893540857013,False,spread <= 0
F200,0.17,atr_24 ~ sin roc_24 [bajo],corto,49,-0.07904907651457956,0.3879530789744325,0.40816326530612246,1.0,-0.0007058808908491545,0.618646225550068,0.8769697943582462,-0.09598688035873715,-0.08185903347358511,False,spread <= 0
F200,0.17,ticket_rel ~ sin roc_24,corto,49,-0.09172896174676755,0.27702879731627833,0.3469387755102041,1.0,-0.001669622462694732,1.0513271744096524,1.0324671367877043,-0.11798207035864035,-0.10729113164174678,False,spread <= 0
F200,0.17,vol_168 ~ sin roc_24 [bajo],corto,49,-0.09375232152094164,0.417434431254813,0.40816326530612246,1.0,-0.0010406492732346815,0.625004136294377,0.9268145065729032,-0.08448237447611251,-0.096655868669527,False,spread <= 0
F200,0.17,desbal_24 ~ sin roc_24,corto,49,-0.09420383784061646,0.4190024643042925,0.30612244897959184,1.0,-0.0020320290374924977,0.9322333975778054,0.9438357491491319,-0.10612576524071549,-0.098064096800761,False,spread <= 0
F200,0.17,vol_168 [bajo],corto,49,-0.09516990030326726,0.3514824425989176,0.32653061224489793,1.0,-0.0008550824099189091,0.605789801586552,0.9124491881218066,-0.09067212441294493,-0.09969645355026888,False,spread <= 0
F200,0.17,desbal_24,corto,49,-0.09974350251008486,0.45565498970830187,0.32653061224489793,1.0,-0.002017828602263895,0.9447303835745702,0.949890774395769,-0.1203590493194448,-0.10353567193532277,False,spread <= 0
F200,0.17,CONTROL azar 1,corto,49,-0.10244164681889456,0.3315586034606725,0.3877551020408163,1.0,-0.0008248821046777516,1.0147416435457712,0.9683871591020321,-0.13471331063454617,-0.11055713660791298,False,control
F200,0.17,CONTROL azar 2,corto,49,-0.10401364673339314,0.4540447461062697,0.2857142857142857,1.0,-0.0015884705292881576,1.0076321426010462,0.9693837554763441,-0.15545694741764451,-0.11116990431432028,False,control
F200,0.17,vol_24 ~ sin roc_24 [bajo],corto,49,-0.10675440834864003,0.34321748629505056,0.3673469387755102,1.0,-0.0011451003757698634,0.6373622111137193,0.8597905497830952,-0.12027780513811284,-0.11485496840254861,False,spread <= 0
F200,0.17,rango_168 ~ sin roc_24 [bajo],corto,49,-0.11018949436299223,0.36598902363327757,0.3673469387755102,1.0,-0.0010828884268254137,0.7121329118525941,0.9188307385453577,-0.12252065309225274,-0.10965978764565144,False,spread <= 0
F200,0.17,rango_168 [bajo],corto,49,-0.12146280130568274,0.3050983884606736,0.32653061224489793,1.0,-0.0009733947200254078,0.6374786615314003,0.8986979780234621,-0.1325357064516811,-0.13997817402493948,False,spread <= 0
F200,0.17,desbal [bajo],corto,49,-0.12582479788247658,0.30677402490259875,0.32653061224489793,1.0,-0.0015903119889583742,0.9720650356436968,0.9504298934988158,-0.15118522077465532,-0.1350118080353674,False,spread <= 0
F200,0.17,atr_24 [bajo],corto,49,-0.1259574962947932,0.3035640232875394,0.3673469387755102,1.0,-0.001194735869313424,0.5877385020501177,0.8619568995177435,-0.13564299762007223,-0.129407022195823,False,spread <= 0
F200,0.17,pos_168 ~ sin roc_24 [bajo],corto,49,-0.12800487015491843,0.3843543204167039,0.3877551020408163,1.0,-0.002232583199484609,1.0846180473302471,0.9037194059584015,-0.14881943013240234,-0.13734641913178436,False,spread <= 0
F200,0.17,vol_24 [bajo],corto,49,-0.13864516880228545,0.28576815305016906,0.3469387755102041,1.0,-0.0012113326162468002,0.5941353407796168,0.8392196215653112,-0.13062721022962434,-0.1340319938399161,False,spread <= 0
F200,0.17,desbal,corto,49,-0.14306730532305278,0.2815656153882382,0.30612244897959184,1.0,-0.001702216877093827,0.9433953815848599,0.9265092980100991,-0.1547809065116509,-0.15076632334892706,False,spread <= 0
F200,0.17,desbal ~ sin roc_24,corto,49,-0.1443450162192451,0.2637394752112683,0.2653061224489796,1.0,-0.0016992441886768228,0.9389838989561334,0.9236149271603096,-0.151607263413535,-0.14432026397321013,False,spread <= 0
F200,0.17,compresion ~ sin roc_24,corto,49,-0.14505780259996454,0.5071734873147455,0.40816326530612246,1.0,-0.0021093264879657515,1.5792186331102565,1.3724055425754724,-0.17492436173771336,-0.15357261431240182,False,spread <= 0
F200,0.17,desbal_168,corto,49,-0.14669562417891066,0.4389700172634356,0.3469387755102041,1.0,-0.0029686916228772123,1.0055309281627998,0.9937420469418294,-0.18543286827433916,-0.17148952269320467,False,spread <= 0
F200,0.17,desbal ~ sin roc_24 [bajo],corto,49,-0.14875093217069152,0.3366912023032573,0.30612244897959184,1.0,-0.0022243692139452425,0.9714330099079471,0.9535927633083249,-0.17712904527964315,-0.15989411552565877,False,spread <= 0
F200,0.17,roc_168 ~ sin roc_24 [bajo],corto,49,-0.15180340575202608,0.4032553036534353,0.30612244897959184,1.0,-0.0017825000522018865,1.3447095211141424,0.9490562739453463,-0.16637999878327886,-0.15089190895902538,False,spread <= 0
F200,0.17,pos_168 [bajo],corto,49,-0.15530543564323218,0.34202424095878425,0.2857142857142857,1.0,-0.00182983112087931,1.1174684248360462,0.9080145960622589,-0.17983552371957845,-0.1637950142707434,False,spread <= 0
F200,0.17,ticket_rel [bajo],corto,49,-0.1583943517769041,0.41050920429956056,0.2653061224489796,1.0,-0.002939991341102567,1.0255758026680095,0.9427638629835533,-0.20998563073299198,-0.19319115539550646,False,spread <= 0
F200,0.17,dd_168 ~ sin roc_24,corto,49,-0.16512586814331603,0.3242932156108043,0.30612244897959184,1.0,-0.0017372050442723812,0.7729237006095031,0.9478637595023871,-0.17726968035210366,-0.17506066002368906,False,spread <= 0
F200,0.17,roc_720 [bajo],corto,49,-0.16527438504048442,0.32949502108055084,0.32653061224489793,1.0,-0.0027558803669607227,1.2457229931441431,0.9417531312074106,-0.1929587136306062,-0.17729987400907127,False,spread <= 0
F200,0.17,turnover ~ sin roc_24,corto,49,-0.16825273617757802,0.6015733505378422,0.3877551020408163,1.0,-0.0031968516583385192,1.5808834176067241,1.221280790519709,-0.19879477173971893,-0.17727964997196646,False,spread <= 0
F200,0.17,desbal_168 ~ sin roc_24,corto,49,-0.1685643693104648,0.422854069477983,0.30612244897959184,1.0,-0.0032732509503549624,1.0024884287453997,0.9886236512937459,-0.23882764901134743,-0.18177447059490653,False,spread <= 0
F200,0.17,desbal_24 ~ sin roc_24 [bajo],corto,49,-0.1702923829223575,0.283401265037812,0.32653061224489793,1.0,-0.002254384499980016,1.0319722726931135,0.9316994971434907,-0.18441689254672117,-0.18088462395137284,False,spread <= 0
F200,0.17,desbal_24 [bajo],corto,49,-0.1720196445988191,0.25184553402360793,0.24489795918367346,1.0,-0.0022588508055994615,1.0338063863510638,0.9240268394635505,-0.1907447717737225,-0.18482700586670905,False,spread <= 0
F200,0.17,roc_168 [bajo],corto,49,-0.17326472059104994,0.421772850910434,0.2653061224489796,1.0,-0.0017779521438989923,1.3003283538749053,0.9250109997129712,-0.20093426565075445,-0.18155914624783734,False,spread <= 0
F200,0.17,dd_720 [bajo],corto,49,-0.17348410887285876,0.4301756553237411,0.2857142857142857,1.0,-0.0029663070928158696,1.5655900603721349,0.905917114742712,-0.21581885696509936,-0.19195226832160234,False,spread <= 0
F200,0.17,dd_720 ~ sin roc_24 [bajo],corto,49,-0.18327819347247662,0.5019429871813155,0.32653061224489793,1.0,-0.003447353782293322,1.5747218564662269,0.909469131160162,-0.22093629595260914,-0.197668125428111,False,spread <= 0
F200,0.17,compresion,corto,49,-0.18451202733424021,0.4930019455272921,0.3877551020408163,1.0,-0.0027535821464152047,1.6491372668618878,1.4150699530406063,-0.23058112992852953,-0.19984188658001448,False,spread <= 0
F200,0.17,compresion ~ sin roc_24 [bajo],corto,49,-0.18723349013143914,0.48031755559314787,0.2653061224489796,1.0,-0.00425693193057988,1.0525432470169631,0.8327358486989445,-0.22909355069410364,-0.20734159423861603,False,spread <= 0
F200,0.17,roc_72 ~ sin roc_24 [bajo],corto,49,-0.18785368386051882,0.5369479259350166,0.3673469387755102,1.0,-0.0031257911011528965,1.3972984860396083,0.9840892491129996,-0.20053108028417035,-0.19493946158909867,False,spread <= 0
F200,0.17,desbal_168 [bajo],corto,49,-0.19008977304397873,0.3473574778691543,0.32653061224489793,1.0,-0.002725017312195952,1.1811744692821562,0.9326682266353143,-0.1982188602128055,-0.19595711530890397,False,spread <= 0
F200,0.17,carry_acum ~ sin roc_24,corto,49,-0.19356193982209138,0.5953863304242769,0.30612244897959184,1.0,-0.003517979600455007,1.642994902350547,1.0403354489123129,-0.24229806780368188,-0.2124341852863093,False,spread <= 0
F200,0.17,ticket_rel ~ sin roc_24 [bajo],corto,49,-0.19588887309581957,0.4082702499754298,0.14285714285714285,1.0,-0.003949968591667537,1.038350404531282,0.9463675497563633,-0.24723677050819523,-0.2286321118023474,False,spread <= 0
F200,0.17,vol_168,corto,49,-0.19923424266709455,0.8381946180962783,0.30612244897959184,1.0,-0.005662657453062339,2.351569354030012,1.1806206091851763,-0.267379152477528,-0.23515850292113297,False,spread <= 0
F200,0.17,roc_72 [bajo],corto,49,-0.20298134138727875,0.5080743374049447,0.2857142857142857,1.0,-0.0036586747456704097,1.355250195633449,0.9647104257070636,-0.22017238109746523,-0.208285982905184,False,spread <= 0
F200,0.17,roc_24 [bajo],corto,49,-0.20327527239581203,0.48620133534027105,0.3469387755102041,1.0,-0.003706773461054556,1.5267667672719414,1.0424107240880185,-0.21989837545626864,-0.20903538291638385,False,spread <= 0
F200,0.17,dd_168 [bajo],corto,49,-0.2033893380568751,0.6096943250715986,0.2653061224489796,1.0,-0.005144673976040734,1.7569082080128102,1.0304881839106161,-0.2538574171385839,-0.23637763158824537,False,spread <= 0
F200,0.17,desbal_168 ~ sin roc_24 [bajo],corto,49,-0.20804004389662972,0.3451969691106624,0.2653061224489796,1.0,-0.003284712393501212,1.1829563686316609,0.933747858401019,-0.21719499378749807,-0.2114111750059604,False,spread <= 0
F200,0.17,roc_720 ~ sin roc_24 [bajo],corto,49,-0.20873843135504347,0.4354559308185456,0.3469387755102041,1.0,-0.0035122740767764876,1.3127819740310918,0.9706212202961819,-0.22717702265525366,-0.22058023725658177,False,spread <= 0
F200,0.17,carry_acum [bajo],corto,49,-0.21233666842813165,0.3870738370879875,0.30612244897959184,1.0,-0.002976020014595534,1.1467520704917156,1.0336570888564953,-0.21954042496202245,-0.2147907842691687,False,spread <= 0
F200,0.17,roc_720 ~ sin roc_24,corto,49,-0.21496225769284613,0.7322047689861126,0.30612244897959184,1.0,-0.004846086039459346,1.7461629286515752,1.0625084541386116,-0.2854229561121706,-0.2194939406916677,False,spread <= 0
F200,0.17,dd_168 ~ sin roc_24 [bajo],corto,49,-0.21927386843483065,0.6615952064771511,0.2857142857142857,1.0,-0.005209952253912692,1.8305578346037854,1.0571681134203197,-0.2512179415998197,-0.2341056147497819,False,spread <= 0
F200,0.17,n_surge [bajo],corto,49,-0.22069191139375807,0.43979675053571643,0.2653061224489796,1.0,-0.005071599038650519,1.2124220367452434,0.8739705736308048,-0.24500456756352523,-0.22839402730862135,False,spread <= 0
F200,0.17,dd_720 ~ sin roc_24,corto,49,-0.23595706291901164,0.42502888015210993,0.20408163265306123,1.0,-0.0029340449913976834,0.8707772499928789,1.0240240565219803,-0.2523420180616217,-0.24984430195943744,False,spread <= 0
F200,0.17,carry_acum ~ sin roc_24 [bajo],corto,49,-0.23785463229393022,0.5172204723474485,0.2653061224489796,1.0,-0.0031942579545552996,1.3355548887623037,1.089338099887879,-0.2668242741172067,-0.2516611216933451,False,spread <= 0
F200,0.17,atr_24,corto,49,-0.23857131839941392,0.756541128182797,0.3469387755102041,1.0,-0.005476811144892421,2.5707932027609988,1.4691703163840995,-0.2976351247859641,-0.24911890136419612,False,spread <= 0
F200,0.17,n_surge ~ sin roc_24,corto,49,-0.24143841897295898,0.6264609228710759,0.3877551020408163,1.0,-0.004244105594155951,1.599463665079394,1.2542276088136544,-0.2582940196885664,-0.2463390146309879,False,spread <= 0
F200,0.17,roc_720,corto,49,-0.24931889953801636,0.6996935217871777,0.3673469387755102,1.0,-0.0057522887985476485,1.7742115187279317,1.0770474870946622,-0.2708746653317192,-0.26146951204919855,False,spread <= 0
F200,0.17,vol_168 ~ sin roc_24,corto,49,-0.256066206161025,0.8536547577215411,0.2857142857142857,1.0,-0.006795223075777097,2.2707558904677203,1.1706055993076392,-0.3342194214138992,-0.2904173006758209,False,spread <= 0
F200,0.17,turnover [bajo],corto,49,-0.2636235095973783,0.43294609062949246,0.2857142857142857,1.0,-0.0054010494240161275,1.1694936582524664,0.885311819634955,-0.2738389469245884,-0.26898243488635853,False,spread <= 0
F200,0.17,roc_72,corto,49,-0.2698192118085992,0.6297916282801989,0.3469387755102041,1.0,-0.004184610239204708,1.8969731947426032,1.337369330180993,-0.29704423490645304,-0.2777025638332451,False,spread <= 0
F200,0.17,compresion [bajo],corto,49,-0.2720297902150403,0.47194844705107625,0.20408163265306123,1.0,-0.005980066247510012,1.0420844392251567,0.8184899959663259,-0.33424891109182864,-0.28789885659250125,False,spread <= 0
F200,0.17,turnover,corto,49,-0.2737930668009935,0.495900202782442,0.2857142857142857,1.0,-0.0035089594145346365,1.503143329880518,1.3234648581052026,-0.29527909177412226,-0.27937723084971533,False,spread <= 0
F200,0.17,rango_168,corto,49,-0.27402201180789953,0.7993700676221996,0.2857142857142857,1.0,-0.006897610316904672,2.2714743903959556,1.198910706027883,-0.35211103762470286,-0.3252791674360389,False,spread <= 0
F200,0.17,carry_acum,corto,49,-0.2754009453172008,0.6482533190186464,0.42857142857142855,1.0,-0.005215683483908459,1.5942031096410765,0.9734382597299687,-0.3191180557752996,-0.2852827271773492,False,spread <= 0
F200,0.17,n_surge ~ sin roc_24 [bajo],corto,49,-0.2763414660585616,0.45871531458133313,0.30612244897959184,1.0,-0.005409526175291869,1.4389796394703132,1.0133042583871859,-0.30040098168343965,-0.2838083890764466,False,spread <= 0
F200,0.17,dd_168,corto,49,-0.2796268727296548,0.36391882543071874,0.14285714285714285,1.0,-0.004208351114242444,0.8612448763043364,0.9918029966244968,-0.33862094298010514,-0.29164721735331134,False,spread <= 0
F200,0.17,atr_24 ~ sin roc_24,corto,49,-0.28687269494338485,0.7501022353368755,0.32653061224489793,1.0,-0.00678568663510053,2.4887978262724686,1.415167272921546,-0.32271771493916507,-0.31100764213547116,False,spread <= 0
F200,0.17,vol_24,corto,49,-0.2884994146224936,0.6440502122573837,0.3673469387755102,1.0,-0.00555258239675577,2.5496767184789526,1.468695928044383,-0.31654419922661864,-0.300693385321771,False,spread <= 0
F200,0.17,n_surge,corto,49,-0.28851335193838107,0.6024235198188139,0.2857142857142857,1.0,-0.0034309599680879504,1.5561153648178503,1.3519954950206636,-0.3093433562036575,-0.2979676622918509,False,spread <= 0
F200,0.17,vol_24 ~ sin roc_24,corto,49,-0.292973894361953,0.6817574961931592,0.30612244897959184,1.0,-0.006537553542226431,2.4443743370564857,1.4044259625817548,-0.31036782483846237,-0.3013359434657456,False,spread <= 0
F200,0.17,turnover ~ sin roc_24 [bajo],corto,49,-0.2980197176197533,0.42443855296327704,0.2653061224489796,1.0,-0.005513792399299058,1.450633818019993,1.0444719091585632,-0.3179995857933559,-0.3091372372010602,False,spread <= 0
F200,0.17,pos_168 ~ sin roc_24,corto,49,-0.2981172547140214,0.3917695038908155,0.20408163265306123,1.0,-0.004608957540407246,1.19310692256662,1.0582260179936336,-0.33683587319457337,-0.3108714296365488,False,spread <= 0
F200,0.17,roc_168 ~ sin roc_24,corto,49,-0.301719374530254,0.7065238928288681,0.30612244897959184,1.0,-0.006402173409409289,1.8213534914003597,1.259691543053599,-0.3763678977576213,-0.3514263148001372,False,spread <= 0
F200,0.17,roc_72 ~ sin roc_24,corto,49,-0.3025009777790388,0.6033471951450731,0.24489795918367346,1.0,-0.0053435754505781405,1.7699948920307567,1.2464357036517917,-0.3345389240948976,-0.3151590859419069,False,spread <= 0
F200,0.17,rango_168 ~ sin roc_24,corto,49,-0.31843539645119856,0.7110694201474169,0.30612244897959184,1.0,-0.0074454456577622286,2.184857581924137,1.2021899225690893,-0.37816317375050873,-0.35784506923216164,False,spread <= 0
F200,0.17,dd_720,corto,49,-0.3252213824251883,0.5789707777981759,0.24489795918367346,1.0,-0.00443401808192531,0.9316534484608169,1.0636481600652472,-0.34190214890971815,-0.34330940793496123,False,spread <= 0
F200,0.17,roc_168,corto,49,-0.35471798468343324,0.6553922324577185,0.24489795918367346,1.0,-0.007247635785321009,1.9037021642590044,1.3179306507516046,-0.4146779817197696,-0.37191875637555283,False,spread <= 0
F200,0.17,roc_24,corto,49,-0.36292714185852254,0.5700812143795302,0.2653061224489796,1.0,-0.0064304788132819035,1.7182072040465748,1.2443922735571027,-0.3825728097339741,-0.36669731257281174,False,spread <= 0
F200,0.17,pos_168,corto,49,-0.36812339158974794,0.46806671355685747,0.16326530612244897,1.0,-0.005344457077371186,1.298704889263863,1.1110307633110557,-0.38475828553165686,-0.37898201855940744,False,spread <= 0
F200,0.17,roc_24,largo,49,0.1661881396839347,0.5631120488327127,0.5714285714285714,0.0135,0.003030478813281903,1.7182072040465748,1.2443922735571027,0.0838286784474639,0.13473464020627,True,inconsistente por semana (57% arriba)
F200,0.17,rango_168 ~ sin roc_24,largo,49,0.16590154671466384,0.7101299326817655,0.5306122448979592,0.051,0.004045445657762228,2.184857581924137,1.2021899225690893,0.0954536030666443,0.13582157255972188,False,muere en la correccion (FDR q=0.1)
F200,0.17,roc_168,largo,49,0.162410949825986,0.654147111759194,0.5510204081632653,0.0395,0.0038476357853210095,1.9037021642590044,1.3179306507516046,0.104946333527776,0.136177340788292,False,muere en la correccion (FDR q=0.1)
F200,0.17,vol_24 ~ sin roc_24,largo,49,0.14097469710739743,0.6737359991607762,0.5714285714285714,0.0665,0.0031375535422264295,2.4443743370564857,1.4044259625817548,0.09617123292861536,0.11083756568665405,False,muere en la correccion (FDR q=0.1)
F200,0.17,atr_24 ~ sin roc_24,largo,49,0.14055178656770156,0.7457570023056385,0.6122448979591837,0.0925,0.0033856866351005296,2.4887978262724686,1.415167272921546,0.07915616880035477,0.1189157509037324,False,muere en la correccion (FDR q=0.1)
F200,0.17,vol_24,largo,49,0.13599691268037542,0.636602587980797,0.5102040816326531,0.066,0.002152582396755769,2.5496767184789526,1.468695928044383,0.07552493294751729,0.10655424934012543,False,muere en la correccion (FDR q=0.1)
F200,0.17,pos_168,largo,49,0.13552523693870494,0.46186006187660605,0.5510204081632653,0.015,0.0019444570773711851,1.298704889263863,1.1110307633110557,0.07535476563440399,0.1176152204787316,True,inconsistente por semana (55% arriba)
F200,0.17,rango_168,largo,49,0.12556061394870724,0.7969533113483105,0.5306122448979592,0.1335,0.003497610316904672,2.2714743903959556,1.198910706027883,0.08132062527638327,0.09895458851365196,False,muere en la correccion (FDR q=0.1)
F200,0.17,vol_168 ~ sin roc_24,largo,49,0.11627091553250328,0.8514600305937474,0.5510204081632653,0.1685,0.003395223075777097,2.2707558904677203,1.1706055993076392,0.07146521081536776,0.09856479148552127,False,muere en la correccion (FDR q=0.1)
F200,0.17,roc_168 ~ sin roc_24,largo,49,0.1116151544278838,0.6999315571834515,0.5510204081632653,0.1285,0.003002173409409289,1.8213534914003597,1.259691543053599,0.058651672083713274,0.08574434050893133,False,muere en la correccion (FDR q=0.1)
F200,0.17,carry_acum,largo,49,0.1098115288311089,0.6438862295865099,0.4489795918367347,0.103,0.0018156834839084587,1.5942031096410765,0.9734382597299687,0.0449996865913176,0.09294949345315534,False,muere en la correccion (FDR q=0.1)
F200,0.17,roc_72 ~ sin roc_24,largo,49,0.10918874414111625,0.5953656748054107,0.5510204081632653,0.094,0.0019435754505781396,1.7699948920307567,1.2464357036517917,0.056630044230838665,0.08826789342853586,False,muere en la correccion (FDR q=0.1)
F200,0.17,turnover ~ sin roc_24 [bajo],largo,49,0.1062967294746725,0.42341125994341394,0.5306122448979592,0.024,0.0021137923992990584,1.450633818019993,1.0444719091585632,0.055709304134032876,0.09185155152312498,False,muere en la correccion (FDR q=0.1)
F200,0.17,atr_24,largo,49,0.09411270277339866,0.7526091697807834,0.5714285714285714,0.1865,0.0020768111448924223,2.5707932027609988,1.4691703163840995,0.05974684569127368,0.07334102348183855,False,muere en la correccion (FDR q=0.1)
F200,0.17,n_surge ~ sin roc_24 [bajo],largo,49,0.08902954600502351,0.4571976153021011,0.5918367346938775,0.084,0.0020095261752918693,1.4389796394703132,1.0133042583871859,0.03877666911461793,0.06806425618399012,False,muere en la correccion (FDR q=0.1)
F200,0.17,roc_720,largo,49,0.08158023798203458,0.6978603587502744,0.6122448979591837,0.205,0.0023522887985476465,1.7742115187279317,1.0770474870946622,0.029892174557709896,0.05946325998647452,False,muere en la correccion (FDR q=0.1)
F200,0.17,roc_72,largo,49,0.07481007137137398,0.6206349844843864,0.5306122448979592,0.1895,0.0007846102392047082,1.8969731947426032,1.337369330180993,0.020568523176129835,0.05695823836648048,False,muere en la correccion (FDR q=0.1)
F200,0.17,turnover [bajo],largo,49,0.0693695026496307,0.4312917528803638,0.5102040816326531,0.1155,0.0020010494240161273,1.1694936582524664,0.885311819634955,-0.005761484282998316,0.04202782724805223,False,muere en la correccion (FDR q=0.1)
F200,0.17,compresion [bajo],largo,49,0.06433603412054466,0.4743541358942751,0.5102040816326531,0.1735,0.0025800662475100123,1.0420844392251567,0.8184899959663259,0.010410001187483118,0.043962720708185896,False,muere en la correccion (FDR q=0.1)
F200,0.17,vol_168,largo,49,0.0626211239241454,0.8367307136500842,0.5918367346938775,0.294,0.0022626574530623376,2.351569354030012,1.1806206091851763,0.02626297155011044,0.04834750830408684,False,muere en la correccion (FDR q=0.1)
F200,0.17,dd_168 ~ sin roc_24 [bajo],largo,49,0.06058060335481369,0.6588921420448367,0.5510204081632653,0.249,0.0018099522539126904,1.8305578346037854,1.0571681134203197,0.01722547273155607,0.048126281283051325,False,muere en la correccion (FDR q=0.1)
F200,0.17,pos_168 ~ sin roc_24,largo,49,0.0580898551239873,0.39851381926505275,0.5306122448979592,0.1505,0.0012089575404072453,1.19310692256662,1.0582260179936336,0.019571358225328656,0.039506216959304966,False,muere en la correccion (FDR q=0.1)
F200,0.17,n_surge,largo,49,0.05573240883128555,0.5897832472990966,0.4897959183673469,0.259,3.095996808794995e-05,1.5561153648178503,1.3519954950206636,-0.00035404797811972824,0.03633640434954914,False,muere en la correccion (FDR q=0.1)
F200,0.17,roc_720 ~ sin roc_24,largo,49,0.04794404175544811,0.7317297332728526,0.6530612244897959,0.3215,0.001446086039459346,1.7461629286515752,1.0625084541386116,-0.01685872131647053,0.024187375442656624,False,muere en la correccion (FDR q=0.1)
F200,0.17,dd_168 [bajo],largo,49,0.044918715769751746,0.6097367905571531,0.5510204081632653,0.2995,0.0017446739760407337,1.7569082080128102,1.0304881839106161,0.006826287702878219,0.03771958213960205,False,muere en la correccion (FDR q=0.1)
F200,0.17,turnover,largo,49,0.039081084176345676,0.48506228525109074,0.5102040816326531,0.2815,0.0001089594145346361,1.503143329880518,1.3234648581052026,-0.023444383604023414,0.02149327169535942,False,muere en la correccion (FDR q=0.1)
F200,0.17,n_surge [bajo],largo,49,0.03419997873215312,0.4404280739208075,0.5306122448979592,0.2975,0.0016715990386505183,1.2124220367452434,0.8739705736308048,-0.030347438548261888,0.010529091702945699,False,muere en la correccion (FDR q=0.1)
F200,0.17,dd_720 ~ sin roc_24 [bajo],largo,49,0.0306640125529633,0.49497929978650773,0.5714285714285714,0.322,4.735378229332215e-05,1.5747218564662269,0.909469131160162,-0.010897608812705534,0.0031295199153827144,False,muere en la correccion (FDR q=0.1)
F200,0.17,dd_720,largo,49,0.03042751181669153,0.563152500812814,0.5306122448979592,0.3395,0.0010340180819253101,0.9316534484608169,1.0636481600652472,-0.0159995141348232,0.015405732622023462,False,muere en la correccion (FDR q=0.1)
F200,0.17,n_surge ~ sin roc_24,largo,49,0.026538623215802012,0.6197475851957175,0.4489795918367347,0.389,0.000844105594155949,1.599463665079394,1.2542276088136544,-0.02191761674385012,0.0098294590082149,False,muere en la correccion (FDR q=0.1)
F200,0.17,carry_acum ~ sin roc_24,largo,49,0.02190399791550021,0.5952618185407373,0.42857142857142855,0.3915,0.00011797960045500643,1.642994902350547,1.0403354489123129,-0.030311063937922846,0.015690669298886743,False,muere en la correccion (FDR q=0.1)
F200,0.17,dd_720 [bajo],largo,49,0.021078799371574756,0.42397739508390064,0.5510204081632653,0.3655,-0.0004336929071841307,1.5655900603721349,0.905917114742712,-0.012377935494963185,0.011832870773093553,False,ARTEFACTO DE ESCALA (atr_ratio 1.57)
F200,0.17,roc_24 [bajo],largo,49,0.019560647934811617,0.4879969269383599,0.5510204081632653,0.3825,0.00030677346105455514,1.5267667672719414,1.0424107240880185,-0.021251358170176423,0.003778948684845142,False,muere en la correccion (FDR q=0.1)
F200,0.17,roc_72 [bajo],largo,49,0.017305299842845505,0.5090957476072547,0.5510204081632653,0.4075,0.00025867474567041005,1.355250195633449,0.9647104257070636,-0.04002813699614378,-0.010636824031035896,False,muere en la correccion (FDR q=0.1)
F200,0.17,carry_acum ~ sin roc_24 [bajo],largo,49,0.017051393671203837,0.5136426516509435,0.5306122448979592,0.417,-0.00020574204544470203,1.3355548887623037,1.089338099887879,-0.011804168985050831,0.00313338098700217,False,ARTEFACTO DE ESCALA (atr_ratio 1.34)
F200,0.17,roc_720 ~ sin roc_24 [bajo],largo,49,0.012778975327579161,0.43664486252549317,0.5510204081632653,0.426,0.0001122740767764872,1.3127819740310918,0.9706212202961819,-0.052011904598888097,-0.008299640297586735,False,muere en la correccion (FDR q=0.1)
F200,0.17,desbal_168 ~ sin roc_24 [bajo],largo,49,0.0030620697528940775,0.33401761588181905,0.4489795918367347,0.475,-0.0001152876064987889,1.1829563686316609,0.933747858401019,-0.03534790120841102,-0.016658506905932846,False,ARTEFACTO DE ESCALA (atr_ratio 1.18)
F200,0.17,roc_72 ~ sin roc_24 [bajo],largo,49,0.002309550624684649,0.5358505578289275,0.4897959183673469,0.49,-0.0002742088988471031,1.3972984860396083,0.9840892491129996,-0.05972082740521723,-0.01962070365362352,False,ARTEFACTO DE ESCALA (atr_ratio 1.40)
F200,0.17,roc_168 [bajo],largo,49,-0.009338418380263962,0.41745130216851295,0.4489795918367347,1.0,-0.0016220478561010088,1.3003283538749053,0.9250109997129712,-0.0485372568964567,-0.028654071141781604,False,spread <= 0
F200,0.17,desbal_168 [bajo],largo,49,-0.014684816507298469,0.33362759904889694,0.46938775510204084,1.0,-0.0006749826878040483,1.1811744692821562,0.9326682266353143,-0.06589547406666688,-0.031772088769686485,False,spread <= 0
F200,0.17,carry_acum [bajo],largo,49,-0.02058190004474813,0.3891103444925513,0.46938775510204084,1.0,-0.000423979985404465,1.1467520704917156,1.0336570888564953,-0.06815244922631979,-0.031414046753409613,False,spread <= 0
F200,0.17,compresion ~ sin roc_24 [bajo],largo,49,-0.02091454884763104,0.48295268198319696,0.4897959183673469,1.0,0.0008569319305798789,1.0525432470169631,0.8327358486989445,-0.06380129729869123,-0.034730428264082874,False,spread <= 0
F200,0.17,dd_168,largo,49,-0.021834435747040762,0.362501821500435,0.40816326530612246,1.0,0.0008083511142424436,0.8612448763043364,0.9918029966244968,-0.05492866780202836,-0.032955443810271955,False,spread <= 0
F200,0.17,roc_720 [bajo],largo,49,-0.0302643932685909,0.33028058947089717,0.3877551020408163,1.0,-0.000644119633039278,1.2457229931441431,0.9417531312074106,-0.07153112837319887,-0.04935948262838259,False,spread <= 0
F200,0.17,roc_168 ~ sin roc_24 [bajo],largo,49,-0.032790362769799165,0.397362388503642,0.46938775510204084,1.0,-0.0016174999477981142,1.3447095211141424,0.9490562739453463,-0.07751922478941169,-0.05077361840812623,False,spread <= 0
F200,0.17,ticket_rel ~ sin roc_24 [bajo],largo,49,-0.03436239931007574,0.40147198646341536,0.4897959183673469,1.0,0.0005499685916675359,1.038350404531282,0.9463675497563633,-0.08554348032070597,-0.05323129461197536,False,spread <= 0
F200,0.17,turnover ~ sin roc_24,largo,49,-0.04539625964844545,0.5980228851787913,0.42857142857142855,1.0,-0.00020314834166148123,1.5808834176067241,1.221280790519709,-0.0846873971645787,-0.06222092485752869,False,spread <= 0
F200,0.17,compresion,largo,49,-0.04540464135483822,0.47855118561400056,0.40816326530612246,1.0,-0.0006464178535847964,1.6491372668618878,1.4150699530406063,-0.06707667311433921,-0.05590941341955452,False,spread <= 0
F200,0.17,pos_168 [bajo],largo,49,-0.053084834142086854,0.33966549374353255,0.30612244897959184,1.0,-0.0015701688791206906,1.1174684248360462,0.9080145960622589,-0.08180428605341729,-0.064515775406898,False,spread <= 0
F200,0.17,desbal_24 [bajo],largo,49,-0.053824718043406425,0.24254338182831925,0.4489795918367347,1.0,-0.001141149194400539,1.0338063863510638,0.9240268394635505,-0.0900093578704624,-0.07401065498219941,False,spread <= 0
F200,0.17,desbal_24 ~ sin roc_24 [bajo],largo,49,-0.05692509382735928,0.2728027645470115,0.3469387755102041,1.0,-0.001145615500019984,1.0319722726931135,0.9316994971434907,-0.10097449687999609,-0.07770383097379656,False,spread <= 0
F200,0.17,dd_720 ~ sin roc_24,largo,49,-0.06652772074458566,0.4134574796871967,0.46938775510204084,1.0,-0.00046595500860231693,0.8707772499928789,1.0240240565219803,-0.09528571745741665,-0.07937904580135897,False,spread <= 0
F200,0.17,ticket_rel [bajo],largo,49,-0.07237528410796681,0.40037580563285685,0.3877551020408163,1.0,-0.0004600086588974336,1.0255758026680095,0.9427638629835533,-0.1267106165715528,-0.09061759955862238,False,spread <= 0
F200,0.17,desbal_168 ~ sin roc_24,largo,49,-0.0835137657505655,0.42060229357979045,0.3877551020408163,1.0,-0.00012674904964503765,1.0024884287453997,0.9886236512937459,-0.09961864298307255,-0.09532571967761636,False,spread <= 0
F200,0.17,pos_168 ~ sin roc_24 [bajo],largo,49,-0.08679339774250978,0.3902269776697106,0.3469387755102041,1.0,-0.0011674168005153915,1.0846180473302471,0.9037194059584015,-0.13722899849185383,-0.10829252147661024,False,spread <= 0
F200,0.17,compresion ~ sin roc_24,largo,49,-0.08755817998826321,0.49147666110464855,0.40816326530612246,1.0,-0.0012906735120342488,1.5792186331102565,1.3724055425754724,-0.1439549402585303,-0.11258093342322897,False,spread <= 0
F200,0.17,desbal ~ sin roc_24 [bajo],largo,49,-0.0994590241881119,0.33723408594025744,0.3469387755102041,1.0,-0.0011756307860547584,0.9714330099079471,0.9535927633083249,-0.1329367853332943,-0.11157124736816192,False,spread <= 0
F200,0.17,desbal ~ sin roc_24,largo,49,-0.10403724720265023,0.26613431669129184,0.2857142857142857,1.0,-0.0017007558113231775,0.9389838989561334,0.9236149271603096,-0.15478707081049659,-0.12178326725518392,False,spread <= 0
F200,0.17,desbal,largo,49,-0.10510296883666814,0.2857727051535625,0.30612244897959184,1.0,-0.0016977831229061733,0.9433953815848599,0.9265092980100991,-0.14042459991043682,-0.11381190759221085,False,spread <= 0
F200,0.17,desbal_168,largo,49,-0.10553761224163671,0.43776946424454577,0.32653061224489793,1.0,-0.0004313083771227885,1.0055309281627998,0.9937420469418294,-0.13115182414176219,-0.12894278003157497,False,spread <= 0
F200,0.17,desbal [bajo],largo,49,-0.12140389395175029,0.31041488604234935,0.24489795918367346,1.0,-0.0018096880110416253,0.9720650356436968,0.9504298934988158,-0.1575701793955226,-0.13560515950656246,False,spread <= 0
F200,0.17,CONTROL azar 1,largo,49,-0.13885315464286666,0.33308018432375214,0.2653061224489796,1.0,-0.002575117895322249,1.0147416435457712,0.9683871591020321,-0.1768395418818432,-0.15090860613075172,False,control
F200,0.17,CONTROL azar 2,largo,49,-0.1389027342672086,0.4540906499006749,0.24489795918367346,1.0,-0.001811529470711843,1.0076321426010462,0.9693837554763441,-0.18558738984845616,-0.16441727549756757,False,control
F200,0.17,desbal_24,largo,49,-0.1522948436170504,0.4551196829248386,0.4489795918367347,1.0,-0.0013821713977361046,0.9447303835745702,0.949890774395769,-0.1980975576805256,-0.1692977797307279,False,spread <= 0
F200,0.17,dd_168 ~ sin roc_24,largo,49,-0.1539926113719141,0.32389006728879466,0.2857142857142857,1.0,-0.0016627949557276192,0.7729237006095031,0.9478637595023871,-0.20243557240008275,-0.17327338089617117,False,spread <= 0
F200,0.17,ticket_rel ~ sin roc_24,largo,49,-0.15812872856624519,0.2828785694317242,0.24489795918367346,1.0,-0.0017303775373052677,1.0513271744096524,1.0324671367877043,-0.1823873699992282,-0.17274638078441365,False,spread <= 0
F200,0.17,desbal_24 ~ sin roc_24,largo,49,-0.15987416783762332,0.4194761393073029,0.3673469387755102,1.0,-0.0013679709625075026,0.9322333975778054,0.9438357491491319,-0.2130503849301352,-0.17973301189171476,False,spread <= 0
F200,0.17,ticket_rel,largo,49,-0.1779821430009505,0.32928961578146304,0.2653061224489796,1.0,-0.0024940034126092092,1.074772471806576,1.0490297316480435,-0.19766851668592228,-0.18020371463108906,False,spread <= 0
F200,0.17,CONTROL azar 3,largo,49,-0.19546599988585908,0.2894139850365147,0.22448979591836735,1.0,-0.002783471983955948,1.0126805483820074,0.9719154091829447,-0.2367088216326607,-0.21349656160526367,False,control
F200,0.17,vol_24 [bajo],largo,49,-0.22996278159956193,0.3048557182756211,0.20408163265306123,1.0,-0.0021886673837532007,0.5941353407796168,0.8392196215653112,-0.28439213364323385,-0.25288475011193284,False,spread <= 0
F200,0.17,rango_168 ~ sin roc_24 [bajo],largo,49,-0.23065008271045273,0.37042181124715684,0.22448979591836735,1.0,-0.002317111573174586,0.7121329118525941,0.9188307385453577,-0.2763153310358507,-0.2445800232073123,False,spread <= 0
F200,0.17,rango_168 [bajo],largo,49,-0.24015113701044832,0.31641808899841334,0.20408163265306123,1.0,-0.002426605279974592,0.6374786615314003,0.8986979780234621,-0.2922553641095946,-0.25728388711825356,False,spread <= 0
F200,0.17,vol_24 ~ sin roc_24 [bajo],largo,49,-0.2464369386936853,0.3541493972321106,0.20408163265306123,1.0,-0.0022548996242301366,0.6373622111137193,0.8597905497830952,-0.26616287582905235,-0.2514409674922601,False,spread <= 0
F200,0.17,atr_24 [bajo],largo,49,-0.256780708416421,0.3223333828834759,0.20408163265306123,1.0,-0.0022052641306865763,0.5877385020501177,0.8619568995177435,-0.30905703631153997,-0.2820306808717026,False,spread <= 0
F200,0.17,vol_168 ~ sin roc_24 [bajo],largo,49,-0.28293125350143644,0.42840880747358767,0.24489795918367346,1.0,-0.0023593507267653194,0.625004136294377,0.9268145065729032,-0.346268319294516,-0.30483192065268006,False,spread <= 0
F200,0.17,vol_168 [bajo],largo,49,-0.28991200550580665,0.36673530071011756,0.1836734693877551,1.0,-0.002544917590081091,0.605789801586552,0.9124491881218066,-0.3321070305188002,-0.3108958844839435,False,spread <= 0
F200,0.17,atr_24 ~ sin roc_24 [bajo],largo,49,-0.2938091391875596,0.40667164991049515,0.24489795918367346,1.0,-0.002694119109150846,0.618646225550068,0.8769697943582462,-0.3262033914726057,-0.308893550245237,False,spread <= 0
F200,0.17,n_surge,magnitud,49,2.82483141313529,1.6102397863546767,1.0,0.0,0.04874626232619926,1.5561153648178503,1.3519954950206636,2.6837206969004272,2.7779281511665666,True,SOBREVIVE
F200,0.17,roc_168,magnitud,49,2.7205984472533333,1.7452871172114788,0.9795918367346939,0.0,0.07151727821922187,1.9037021642590044,1.3179306507516046,2.5128862958344707,2.6538177046360816,True,SOBREVIVE
F200,0.17,roc_72,magnitud,49,2.697952706822733,1.738687635622237,1.0,0.0,0.06966044644712403,1.8969731947426032,1.337369330180993,2.5464073980459996,2.640902926315181,True,SOBREVIVE
F200,0.17,turnover,magnitud,49,2.6797929775744707,1.5293632234157675,1.0,0.0,0.045885499137672106,1.503143329880518,1.3234648581052026,2.5288227507884127,2.629216074297631,True,SOBREVIVE
F200,0.17,vol_24,magnitud,49,2.4943895672205896,1.7363597671525994,0.9591836734693877,0.0,0.10045691708083182,2.5496767184789526,1.468695928044383,2.2954041426230622,2.4284523128344992,True,SOBREVIVE
F200,0.17,atr_24,magnitud,49,2.4850858379027674,1.6335939480013797,0.9795918367346939,0.0,0.10520884479575247,2.5707932027609988,1.4691703163840995,2.241075037722829,2.4028304738164263,True,SOBREVIVE
F200,0.17,roc_24,magnitud,49,2.3739094783414547,1.45107417641758,0.9795918367346939,0.0,0.06285629390248552,1.7182072040465748,1.2443922735571027,2.216970010464003,2.3219699172727717,True,SOBREVIVE
F200,0.17,compresion,magnitud,49,2.1534194692172526,1.1191068329395477,1.0,0.0,0.038682816077748934,1.6491372668618878,1.4150699530406063,2.052820089837825,2.124844933768626,True,SOBREVIVE
F200,0.17,atr_24 ~ sin roc_24,magnitud,49,2.1057399873726674,1.5578715698960404,0.9591836734693877,0.0,0.09589006004971963,2.4887978262724686,1.415167272921546,1.9143751759026002,2.0507760784579894,True,SOBREVIVE
F200,0.17,n_surge ~ sin roc_24,magnitud,49,2.0616367653131733,1.166969295991038,0.9795918367346939,0.0,0.04740661349622457,1.599463665079394,1.2542276088136544,1.9657123370267415,2.027547709248907,True,SOBREVIVE
F200,0.17,vol_24 ~ sin roc_24,magnitud,49,1.9909375036795496,1.5300132519938194,0.9591836734693877,0.0,0.09030037225423698,2.4443743370564857,1.4044259625817548,1.857530430896488,1.94034356317475,True,SOBREVIVE
F200,0.17,rango_168,magnitud,49,1.970522664748031,1.5359503950401676,0.9591836734693877,0.0,0.0929684268828638,2.2714743903959556,1.198910706027883,1.774405455202703,1.911087519759201,True,SOBREVIVE
F200,0.17,roc_168 ~ sin roc_24,magnitud,49,1.9627395515892128,1.3791614715757812,0.9795918367346939,0.0,0.06050185549148836,1.8213534914003597,1.259691543053599,1.8073400546664287,1.8935295974352344,True,SOBREVIVE
F200,0.17,rango_168 ~ sin roc_24,magnitud,49,1.9525829189035124,1.4531332314638903,0.9387755102040817,0.0,0.08895800490860466,2.184857581924137,1.2021899225690893,1.7612368586993201,1.904940051013702,True,SOBREVIVE
F200,0.17,turnover ~ sin roc_24,magnitud,49,1.8840585355396744,0.9984805069977071,0.9795918367346939,0.0,0.045673191769609475,1.5808834176067241,1.221280790519709,1.7822628038047186,1.8499346200211408,True,SOBREVIVE
F200,0.17,vol_168,magnitud,49,1.8143716951350377,1.459612223240873,0.8979591836734694,0.0,0.09822840354267186,2.351569354030012,1.1806206091851763,1.678674271641096,1.7549704148017902,True,SOBREVIVE
F200,0.17,roc_72 ~ sin roc_24,magnitud,49,1.6818993351451796,1.2465873807997099,0.9795918367346939,0.0,0.05391828988302346,1.7699948920307567,1.2464357036517917,1.5570627332026512,1.6382680190982302,True,SOBREVIVE
F200,0.17,vol_168 ~ sin roc_24,magnitud,49,1.6757496946174124,1.4870841560412458,0.9183673469387755,0.0,0.09275639448780812,2.2707558904677203,1.1706055993076392,1.5322455031593778,1.6277566397042635,True,SOBREVIVE
F200,0.17,pos_168,magnitud,49,1.669322344262041,1.0005531307214863,1.0,0.0,0.03202879743225485,1.298704889263863,1.1110307633110557,1.6022220737825077,1.6370497216849091,True,SOBREVIVE
F200,0.17,compresion ~ sin roc_24,magnitud,49,1.6382104154293882,1.0074150922060892,0.9795918367346939,0.0,0.02931612937125168,1.5792186331102565,1.3724055425754724,1.5458079722234086,1.596912773909785,True,SOBREVIVE
F200,0.17,roc_720,magnitud,49,1.4304243292585836,1.5879906670587853,0.8571428571428571,0.0,0.06476000505104236,1.7742115187279317,1.0770474870946622,1.2161613822536403,1.3165711862639466,True,SOBREVIVE
F200,0.17,dd_168 ~ sin roc_24 [bajo],magnitud,49,1.1948788013258074,1.1694366776289484,0.8571428571428571,0.0,0.06872219369183107,1.8305578346037854,1.0571681134203197,1.0363418013405523,1.1449990553889464,True,SOBREVIVE
F200,0.17,carry_acum ~ sin roc_24 [bajo],magnitud,49,1.139750075296643,1.2120659493112285,0.8775510204081632,0.0,0.029322531112431483,1.3355548887623037,1.089338099887879,1.0325241137762975,1.0947272676998105,True,SOBREVIVE
F200,0.17,ticket_rel,magnitud,49,1.0988569673093393,0.6970057553692146,0.9795918367346939,0.0,0.01489935677186544,1.074772471806576,1.0490297316480435,1.0055905908708154,1.0611848798409087,True,SOBREVIVE
F200,0.17,roc_720 ~ sin roc_24,magnitud,49,1.0445445389659527,1.3889694389601874,0.7755102040816326,0.0,0.05873297230305283,1.7461629286515752,1.0625084541386116,0.8910375334028799,0.9720789350988955,True,SOBREVIVE
F200,0.17,dd_720,magnitud,49,1.0063714882692805,0.820616965364146,0.9795918367346939,0.0,-0.003111585344643703,0.9316534484608169,1.0636481600652472,0.9233481348449661,0.9830661278036855,True,ARTEFACTO DE ESCALA (atr_ratio 0.93)
F200,0.17,carry_acum ~ sin roc_24,magnitud,49,0.7942186296470027,0.9961135304186153,0.8571428571428571,0.0,0.052608606847617694,1.642994902350547,1.0403354489123129,0.6425616736933965,0.7444317382161819,True,SOBREVIVE
F200,0.17,pos_168 ~ sin roc_24,magnitud,49,0.766998838512575,0.6716803808252617,0.8571428571428571,0.0,0.014320861847282266,1.19310692256662,1.0582260179936336,0.7003656359823325,0.7367235351030675,True,SOBREVIVE
F200,0.17,carry_acum [bajo],magnitud,49,0.7186441392464785,1.0003682702578154,0.7755102040816326,0.0,0.016004133632592878,1.1467520704917156,1.0336570888564953,0.6117494912925571,0.6702970797376575,True,SOBREVIVE
F200,0.17,dd_168 [bajo],magnitud,49,0.6938215401838805,0.9959458625641049,0.7142857142857143,0.0,0.05931971204366002,1.7569082080128102,1.0304881839106161,0.5236358563738169,0.6629994071936123,True,SOBREVIVE
F200,0.17,ticket_rel ~ sin roc_24,magnitud,49,0.6787268428488399,0.5203641803500688,0.9183673469387755,0.0,0.00761955485340874,1.0513271744096524,1.0324671367877043,0.6042260517104472,0.6448659336956133,True,SOBREVIVE
F200,0.17,turnover ~ sin roc_24 [bajo],magnitud,49,0.550671177058389,0.7046026045687703,0.7755102040816326,0.0,0.035722013233349774,1.450633818019993,1.0444719091585632,0.4769233733155962,0.5132962261093234,True,SOBREVIVE
F200,0.17,dd_168,magnitud,49,0.5439251076323649,0.5638508705707154,0.8571428571428571,0.0,-0.010137623356718011,0.8612448763043364,0.9918029966244968,0.496475409923423,0.5251250749197767,True,ARTEFACTO DE ESCALA (atr_ratio 0.86)
F200,0.17,desbal_168,magnitud,49,0.5250376427877034,0.8199172074794818,0.7551020408163265,0.0,0.010072607335693673,1.0055309281627998,0.9937420469418294,0.44211260265010044,0.4856539276289687,True,SOBREVIVE
F200,0.17,carry_acum,magnitud,49,0.4544060557800675,1.0796553835991456,0.6122448979591837,0.001,0.05408720178761079,1.5942031096410765,0.9734382597299687,0.2626085519919503,0.3784119898839927,True,SOBREVIVE
F200,0.17,desbal_168 ~ sin roc_24,magnitud,49,0.44505701034771666,0.6643730265707551,0.7755102040816326,0.0,0.007701065203478079,1.0024884287453997,0.9886236512937459,0.352719226127342,0.4125128867044301,True,SOBREVIVE
F200,0.17,n_surge ~ sin roc_24 [bajo],magnitud,49,0.408180691400886,0.6734454070168068,0.7959183673469388,0.0,0.03576979689517359,1.4389796394703132,1.0133042583871859,0.3373987432719308,0.3762579495234169,True,SOBREVIVE
F200,0.17,dd_720 ~ sin roc_24,magnitud,49,0.3743487935730677,0.515126369185458,0.7346938775510204,0.0,-0.016062850453400744,0.8707772499928789,1.0240240565219803,0.2875205093076712,0.3301526265530405,True,ARTEFACTO DE ESCALA (atr_ratio 0.87)
F200,0.17,roc_72 ~ sin roc_24 [bajo],magnitud,49,0.3670958067806106,0.668221468789352,0.7142857142857143,0.0,0.03413277661095853,1.3972984860396083,0.9840892491129996,0.25861168011034696,0.33584624980430056,True,SOBREVIVE
F200,0.17,roc_720 ~ sin roc_24 [bajo],magnitud,49,0.3622256653293682,0.8202074008362937,0.7346938775510204,0.0,0.027139757029452427,1.3127819740310918,0.9706212202961819,0.26101932919442034,0.3174649650506846,True,SOBREVIVE
F200,0.17,roc_24 [bajo],magnitud,49,0.3486005274563754,0.7189245345038383,0.7346938775510204,0.0,0.03517568755164977,1.5267667672719414,1.0424107240880185,0.23186126607914964,0.27297652639690445,True,SOBREVIVE
F200,0.17,desbal_24,magnitud,49,0.19643776562987442,0.6064616701030769,0.673469387755102,0.009,-0.0011342236763957141,0.9447303835745702,0.949890774395769,0.15610270410075405,0.1676287633373899,True,ARTEFACTO DE ESCALA (atr_ratio 0.94)
F200,0.17,roc_168 ~ sin roc_24 [bajo],magnitud,49,0.15996414508491585,0.6602931290140563,0.5714285714285714,0.044,0.0315099849768542,1.3447095211141424,0.9490562739453463,0.07290527375026883,0.12114479006304073,False,muere en la correccion (FDR q=0.1)
F200,0.17,pos_168 ~ sin roc_24 [bajo],magnitud,49,0.13762346726482572,0.5575805640909268,0.6122448979591837,0.0315,0.015648226933209487,1.0846180473302471,0.9037194059584015,0.04280354692947258,0.10131807645486501,False,muere en la correccion (FDR q=0.1)
F200,0.17,compresion ~ sin roc_24 [bajo],magnitud,49,0.12953570628156652,0.62710438343432,0.5714285714285714,0.066,0.019879775494028556,1.0525432470169631,0.8327358486989445,0.015440866395651759,0.0834837435952873,False,dentro del MDE del azar (±0.125)
F200,0.17,CONTROL azar 2,magnitud,49,0.08470247608326044,0.5090776473993462,0.42857142857142855,0.111,-0.0011508954757422749,1.0076321426010462,0.9693837554763441,0.007543939144836531,0.05384550277676085,False,control
F200,0.17,dd_720 ~ sin roc_24 [bajo],magnitud,49,0.07704185637259384,0.7470985938846042,0.5102040816326531,0.2285,0.05210261952884924,1.5747218564662269,0.909469131160162,0.00944113754319885,0.0462402239848396,False,dentro del MDE del azar (±0.125)
F200,0.17,desbal_24 ~ sin roc_24,magnitud,49,0.060546233031112104,0.5518364259371273,0.5918367346938775,0.2055,-0.003684361386810632,0.9322333975778054,0.9438357491491319,0.00287264795874264,0.03535087980270004,False,ARTEFACTO DE ESCALA (atr_ratio 0.93)
F200,0.17,roc_72 [bajo],magnitud,49,0.050393753501437884,0.6637753242175252,0.5306122448979592,0.2965,0.029601336809313775,1.355250195633449,0.9647104257070636,-0.08356053728728838,-0.015207725314155754,False,dentro del MDE del azar (±0.125)
F200,0.17,CONTROL azar 1,magnitud,49,0.010478463772475063,0.3589802616323225,0.42857142857142855,0.435,-0.0001445515723155858,1.0147416435457712,0.9683871591020321,-0.042604347651360064,-0.015079135684840176,False,control
F200,0.17,CONTROL azar 3,magnitud,49,-0.037659032869483536,0.38477680952792487,0.4897959183673469,1.0,-0.00022177687566681342,1.0126805483820074,0.9719154091829447,-0.0798480099273868,-0.060899343463589106,False,control
F200,0.17,vol_168 ~ sin roc_24 [bajo],magnitud,49,-0.06640335139855526,0.6396190620060075,0.3469387755102041,1.0,-0.040368501222380636,0.625004136294377,0.9268145065729032,-0.14020363277829412,-0.09987691370802468,False,spread <= 0
F200,0.17,dd_168 ~ sin roc_24,magnitud,49,-0.06772383064849141,0.5159068391014564,0.4489795918367347,1.0,-0.026714721801564117,0.7729237006095031,0.9478637595023871,-0.13155613642584077,-0.09978221513074405,False,spread <= 0
F200,0.17,ticket_rel ~ sin roc_24 [bajo],magnitud,49,-0.08295807825963047,0.47557771341901095,0.3673469387755102,1.0,0.003906312247099579,1.038350404531282,0.9463675497563633,-0.15167145842994076,-0.11610955926022093,False,spread <= 0
F200,0.17,desbal_168 [bajo],magnitud,49,-0.09144779695530504,0.6871018710120125,0.40816326530612246,1.0,0.012738240931884486,1.1811744692821562,0.9326682266353143,-0.17955678780679268,-0.12908375164559943,False,spread <= 0
F200,0.17,compresion [bajo],magnitud,49,-0.09535789515886521,0.7065531783409279,0.40816326530612246,1.0,0.014410106552609676,1.0420844392251567,0.8184899959663259,-0.16543099932844924,-0.13415906330959293,False,spread <= 0
F200,0.17,desbal_168 ~ sin roc_24 [bajo],magnitud,49,-0.10194412636530384,0.6560044887893713,0.42857142857142855,1.0,0.01235390685154833,1.1829563686316609,0.933747858401019,-0.17377074265747275,-0.14234238467790641,False,spread <= 0
F200,0.17,dd_720 [bajo],magnitud,49,-0.11929275144128423,0.773792043218769,0.3673469387755102,1.0,0.04889115525427824,1.5655900603721349,0.905917114742712,-0.18375243646806216,-0.14084332555217852,False,spread <= 0
F200,0.17,desbal,magnitud,49,-0.13807198985301172,0.36660193142032577,0.3469387755102041,1.0,-0.007220925487136233,0.9433953815848599,0.9265092980100991,-0.19563554622653495,-0.16735689934213613,False,spread <= 0
F200,0.17,ticket_rel [bajo],magnitud,49,-0.1497703303583348,0.514759553208105,0.30612244897959184,1.0,0.0013857528793858776,1.0255758026680095,0.9427638629835533,-0.2219101925293654,-0.1741397710562582,False,spread <= 0
F200,0.17,desbal_24 ~ sin roc_24 [bajo],magnitud,49,-0.17503191836520482,0.5161771481788201,0.24489795918367346,1.0,0.000340941623421337,1.0319722726931135,0.9316994971434907,-0.21659965963181607,-0.19931042193189866,False,spread <= 0
F200,0.17,roc_720 [bajo],magnitud,49,-0.1893634250155232,0.6848968801881185,0.32653061224489793,1.0,0.020150774668780125,1.2457229931441431,0.9417531312074106,-0.24760045792250018,-0.21404458684086308,False,spread <= 0
F200,0.17,desbal ~ sin roc_24,magnitud,49,-0.19932127189137233,0.3410364993369946,0.22448979591836735,1.0,-0.00874480448637889,0.9389838989561334,0.9236149271603096,-0.2584707845409611,-0.226599522258073,False,spread <= 0
F200,0.17,pos_168 [bajo],magnitud,49,-0.24408203522676325,0.6599341307082746,0.32653061224489793,1.0,0.013195490448245471,1.1174684248360462,0.9080145960622589,-0.28560714298720924,-0.2669572126506511,False,spread <= 0
F200,0.17,rango_168 ~ sin roc_24 [bajo],magnitud,49,-0.24962580230018586,0.5344923848369642,0.2653061224489796,1.0,-0.03359862088817249,0.7121329118525941,0.9188307385453577,-0.32498872201686424,-0.2798760202444842,False,spread <= 0
F200,0.17,atr_24 ~ sin roc_24 [bajo],magnitud,49,-0.2528442543085245,0.672210986751319,0.2857142857142857,1.0,-0.03974281521355474,0.618646225550068,0.8769697943582462,-0.31679951378247956,-0.28947808619887994,False,spread <= 0
F200,0.17,roc_168 [bajo],magnitud,49,-0.2760698851360589,0.7624403590004082,0.32653061224489793,1.0,0.025617826855275524,1.3003283538749053,0.9250109997129712,-0.34512428696721076,-0.308023193379384,False,spread <= 0
F200,0.17,vol_24 ~ sin roc_24 [bajo],magnitud,49,-0.2819540632885714,0.6350800423406515,0.20408163265306123,1.0,-0.03565553701314699,0.6373622111137193,0.8597905497830952,-0.34364968975928123,-0.32373563678288575,False,spread <= 0
F200,0.17,desbal ~ sin roc_24 [bajo],magnitud,49,-0.28231385683583543,0.5019050614586923,0.20408163265306123,1.0,-0.01006765635942186,0.9714330099079471,0.9535927633083249,-0.30828802500833996,-0.2979367777194414,False,spread <= 0
F200,0.17,vol_168 [bajo],magnitud,49,-0.283328179215386,0.680576976837457,0.22448979591836735,1.0,-0.04572319481385855,0.605789801586552,0.9124491881218066,-0.3698789687860134,-0.3332311875716898,False,spread <= 0
F200,0.17,desbal_24 [bajo],magnitud,49,-0.3152649427930394,0.5674521678082048,0.1836734693877551,1.0,-0.0012880817291510422,1.0338063863510638,0.9240268394635505,-0.3702554503882988,-0.3404008484081795,False,spread <= 0
F200,0.17,desbal [bajo],magnitud,49,-0.34761491507592135,0.4770714521351593,0.14285714285714285,1.0,-0.010389506501751009,0.9720650356436968,0.9504298934988158,-0.3680637916010368,-0.3667153531714935,False,spread <= 0
F200,0.17,turnover [bajo],magnitud,49,-0.37575700255324873,0.6753012171669249,0.24489795918367346,1.0,0.01705741381438722,1.1694936582524664,0.885311819634955,-0.48349099303815735,-0.4079634751172316,False,spread <= 0
F200,0.17,n_surge [bajo],magnitud,49,-0.4074761368402582,0.6698206123328955,0.2653061224489796,1.0,0.020304515935546802,1.2124220367452434,0.8739705736308048,-0.4942745872642953,-0.4550096252762064,False,spread <= 0
F200,0.17,rango_168 [bajo],magnitud,49,-0.4118174212099995,0.5640401287861854,0.1836734693877551,1.0,-0.0416646046317808,0.6374786615314003,0.8986979780234621,-0.4849260297101621,-0.4460376473664827,False,spread <= 0
F200,0.17,atr_24 [bajo],magnitud,49,-0.485422191174999,0.6407492956715284,0.16326530612244897,1.0,-0.046935624565488256,0.5877385020501177,0.8619568995177435,-0.551346273603152,-0.5497826907600075,False,spread <= 0
F200,0.17,vol_24 [bajo],magnitud,49,-0.5496526882049457,0.6387060971838797,0.14285714285714285,1.0,-0.04417715509894969,0.5941353407796168,0.8392196215653112,-0.5978120701836485,-0.6033330954029429,False,spread <= 0
F200,0.3,CONTROL azar 3,corto,49,-0.1377858667292269,0.29159898144824514,0.2857142857142857,1.0,-0.001916528016044053,1.0126805483820074,0.9719154091829447,-0.162489471282742,-0.15046460985620855,False,control
F200,0.3,ticket_rel,corto,49,-0.16591646943907878,0.32965456160086815,0.3469387755102041,1.0,-0.002205996587390792,1.074772471806576,1.0490297316480435,-0.19622417686297972,-0.18412915510384034,False,spread <= 0
F200,0.3,ticket_rel ~ sin roc_24,corto,49,-0.18726278451350775,0.2757919900403804,0.20408163265306123,1.0,-0.0029696224626947327,1.0513271744096524,1.0324671367877043,-0.21259974832783224,-0.2023394219442843,False,spread <= 0
F200,0.3,desbal_24 ~ sin roc_24,corto,49,-0.19135131059994348,0.41942535849915125,0.22448979591836735,1.0,-0.0033320290374924985,0.9322333975778054,0.9438357491491319,-0.2028418881994431,-0.19453225132892654,False,spread <= 0
F200,0.3,CONTROL azar 1,corto,49,-0.1947014238483915,0.33160244752657186,0.20408163265306123,1.0,-0.0021248821046777515,1.0147416435457712,0.9683871591020321,-0.2273288272531483,-0.20297204294926355,False,control
F200,0.3,desbal_24,corto,49,-0.19611110544104837,0.4564249647906674,0.2653061224489796,1.0,-0.003317828602263895,0.9447303835745702,0.949890774395769,-0.2164178798997914,-0.19927722347388743,False,spread <= 0
F200,0.3,CONTROL azar 2,corto,49,-0.19689343946891744,0.4545513507866514,0.1836734693877551,1.0,-0.0028884705292881578,1.0076321426010462,0.9693837554763441,-0.24825070638263205,-0.20407047537625345,False,control
F200,0.3,pos_168 ~ sin roc_24 [bajo],corto,49,-0.21013361964511157,0.38276600828040014,0.24489795918367346,1.0,-0.003532583199484609,1.0846180473302471,0.9037194059584015,-0.23086752903294264,-0.21950740645472028,False,spread <= 0
F200,0.3,desbal [bajo],corto,49,-0.22035341534850444,0.3063491773270264,0.22448979591836735,1.0,-0.002890311988958375,0.9720650356436968,0.9504298934988158,-0.24615870631378167,-0.2299449111318535,False,spread <= 0
F200,0.3,atr_24 ~ sin roc_24 [bajo],corto,49,-0.2216125119301033,0.38364273251826536,0.2857142857142857,1.0,-0.0020058808908491542,0.618646225550068,0.8769697943582462,-0.2327396823397906,-0.2225889155052978,False,spread <= 0
F200,0.3,roc_168 ~ sin roc_24 [bajo],corto,49,-0.2223833760691946,0.406107293395369,0.2653061224489796,1.0,-0.003082500052201886,1.3447095211141424,0.9490562739453463,-0.23775129685220694,-0.22184683290046067,False,spread <= 0
F200,0.3,dd_720 [bajo],corto,49,-0.23175672721158488,0.4330362840191393,0.24489795918367346,1.0,-0.00426630709281587,1.5655900603721349,0.905917114742712,-0.27442931309291807,-0.2504198536934085,False,spread <= 0
F200,0.3,compresion ~ sin roc_24,corto,49,-0.23399920770722815,0.5136373514451599,0.32653061224489793,1.0,-0.0034093264879657527,1.5792186331102565,1.3724055425754724,-0.2645702693673727,-0.24284382978322855,False,spread <= 0
F200,0.3,pos_168 [bajo],corto,49,-0.23498406820820708,0.3436040831578021,0.16326530612244897,1.0,-0.00312983112087931,1.1174684248360462,0.9080145960622589,-0.25979638181123604,-0.2434282827032286,False,spread <= 0
F200,0.3,vol_168 ~ sin roc_24 [bajo],corto,49,-0.23777839432361556,0.41594486459092433,0.2857142857142857,1.0,-0.002340649273234681,0.625004136294377,0.9268145065729032,-0.2228016208433485,-0.23986567264046768,False,spread <= 0
F200,0.3,desbal,corto,49,-0.23795593956059308,0.2806936137924829,0.12244897959183673,1.0,-0.0030022168770938275,0.9433953815848599,0.9265092980100991,-0.2493199907160291,-0.24579561171279943,False,spread <= 0
F200,0.3,desbal ~ sin roc_24,corto,49,-0.23931470517467573,0.263619325866473,0.10204081632653061,1.0,-0.0029992441886768236,0.9389838989561334,0.9236149271603096,-0.24619683029473588,-0.23911874866057495,False,spread <= 0
F200,0.3,roc_720 [bajo],corto,49,-0.24003921204101325,0.33031154024969395,0.20408163265306123,1.0,-0.004055880366960723,1.2457229931441431,0.9417531312074106,-0.2682752222135321,-0.25274736758644595,False,spread <= 0
F200,0.3,rango_168 ~ sin roc_24 [bajo],corto,49,-0.2405105091263682,0.3671224773319191,0.24489795918367346,1.0,-0.0023828884268254137,0.7121329118525941,0.9188307385453577,-0.2511475224214846,-0.23916349927965966,False,spread <= 0
F200,0.3,dd_720 ~ sin roc_24 [bajo],corto,49,-0.24163067441229052,0.5050360860991143,0.30612244897959184,1.0,-0.004747353782293322,1.5747218564662269,0.909469131160162,-0.27925923666890295,-0.2558999059200643,False,spread <= 0
F200,0.3,vol_24 ~ sin roc_24 [bajo],corto,49,-0.24179815868835264,0.3419148370266269,0.30612244897959184,1.0,-0.002445100375769863,0.6373622111137193,0.8597905497830952,-0.24972776554323586,-0.24708131359178676,False,spread <= 0
F200,0.3,vol_168 [bajo],corto,49,-0.24240709958320722,0.348968081904406,0.16326530612244897,1.0,-0.002155082409918909,0.605789801586552,0.9124491881218066,-0.23272861066139122,-0.24604357113662478,False,spread <= 0
F200,0.3,roc_168 [bajo],corto,49,-0.24308356784478763,0.4240155786963366,0.20408163265306123,1.0,-0.003077952143898993,1.3003283538749053,0.9250109997129712,-0.27108191317614383,-0.2513619027413499,False,spread <= 0
F200,0.3,desbal_168,corto,49,-0.24313774398676705,0.4401137364453803,0.24489795918367346,1.0,-0.004268691622877212,1.0055309281627998,0.9937420469418294,-0.28113029238289017,-0.26685697786257667,False,spread <= 0
F200,0.3,desbal ~ sin roc_24 [bajo],corto,49,-0.24365473901376342,0.3373598176188834,0.24489795918367346,1.0,-0.003524369213945243,0.9714330099079471,0.9535927633083249,-0.27229004768277365,-0.25512161586639415,False,spread <= 0
F200,0.3,ticket_rel [bajo],corto,49,-0.24662980079170765,0.41480495375205134,0.14285714285714285,1.0,-0.004239991341102567,1.0255758026680095,0.9427638629835533,-0.29852644032303155,-0.2816538554728623,False,spread <= 0
F200,0.3,turnover ~ sin roc_24,corto,49,-0.2499420581110576,0.6032287385293721,0.2857142857142857,1.0,-0.00449685165833852,1.5808834176067241,1.221280790519709,-0.27978309239180554,-0.25865618106478866,False,spread <= 0
F200,0.3,vol_168,corto,49,-0.25146867042175153,0.8389913666460113,0.2653061224489796,1.0,-0.006962657453062337,2.351569354030012,1.1806206091851763,-0.3199078767854249,-0.28746404049666174,False,spread <= 0
F200,0.3,desbal_24 ~ sin roc_24 [bajo],corto,49,-0.25716965344430803,0.2883390761516248,0.14285714285714285,1.0,-0.0035543844999800164,1.0319722726931135,0.9316994971434907,-0.2708847660052567,-0.2675562811558763,False,spread <= 0
F200,0.3,desbal_24 [bajo],corto,49,-0.25837190090319945,0.2563808420108906,0.14285714285714285,1.0,-0.003558850805599462,1.0338063863510638,0.9240268394635505,-0.2770357074323431,-0.27095730525842904,False,spread <= 0
F200,0.3,roc_72 ~ sin roc_24 [bajo],corto,49,-0.2587970289212789,0.5377702433755011,0.2857142857142857,1.0,-0.004425791101152898,1.3972984860396083,0.9840892491129996,-0.27239051336322545,-0.26607096408068814,False,spread <= 0
F200,0.3,carry_acum ~ sin roc_24,corto,49,-0.2591958587863763,0.5959272799842914,0.2857142857142857,1.0,-0.004817979600455007,1.642994902350547,1.0403354489123129,-0.30867452996387573,-0.278377511613037,False,spread <= 0
F200,0.3,rango_168 [bajo],corto,49,-0.25972695419126224,0.304377987472783,0.16326530612244897,1.0,-0.002273394720025408,0.6374786615314003,0.8986979780234621,-0.26616975906047957,-0.27750995851171073,False,spread <= 0
F200,0.3,dd_168 [bajo],corto,49,-0.2639810465784222,0.6099891294066454,0.20408163265306123,1.0,-0.006444673976040735,1.7569082080128102,1.0304881839106161,-0.3140968708828816,-0.29676640002131816,False,spread <= 0
F200,0.3,desbal_168 ~ sin roc_24,corto,49,-0.26494718565732933,0.42441007632397665,0.24489795918367346,1.0,-0.004573250950354963,1.0024884287453997,0.9886236512937459,-0.33452079786817357,-0.27817699151029285,False,spread <= 0
F200,0.3,compresion ~ sin roc_24 [bajo],corto,49,-0.2668195050352012,0.4797634941545288,0.1836734693877551,1.0,-0.005556931930579879,1.0525432470169631,0.8327358486989445,-0.30836135107394563,-0.28664344032941047,False,spread <= 0
F200,0.3,desbal_168 [bajo],corto,49,-0.2683859396371141,0.35355276903093996,0.24489795918367346,1.0,-0.004025017312195952,1.1811744692821562,0.9326682266353143,-0.27608350426868633,-0.27410219552550963,False,spread <= 0
F200,0.3,atr_24 [bajo],corto,49,-0.27229857456672807,0.30023012834774593,0.10204081632653061,1.0,-0.002494735869313424,0.5877385020501177,0.8619568995177435,-0.2769857779638445,-0.27503684050654925,False,spread <= 0
F200,0.3,compresion,corto,49,-0.27242134183300537,0.4989522031996981,0.2653061224489796,1.0,-0.004053582146415205,1.6491372668618878,1.4150699530406063,-0.3187119864762583,-0.28774807460853624,False,spread <= 0
F200,0.3,roc_24 [bajo],corto,49,-0.27351909939560626,0.48585208588067,0.2653061224489796,1.0,-0.005006773461054556,1.5267667672719414,1.0424107240880185,-0.29029712723697676,-0.279208898060183,False,spread <= 0
F200,0.3,roc_72 [bajo],corto,49,-0.27397512197779733,0.5081140418847111,0.2653061224489796,1.0,-0.00495867474567041,1.355250195633449,0.9647104257070636,-0.29120109968360186,-0.279286141027011,False,spread <= 0
F200,0.3,roc_720 ~ sin roc_24,corto,49,-0.27882216378655716,0.7326599129246689,0.22448979591836735,1.0,-0.006146086039459347,1.7461629286515752,1.0625084541386116,-0.34910932656659577,-0.28314300180675606,False,spread <= 0
F200,0.3,vol_24 [bajo],corto,49,-0.2795835027794623,0.28225648109715196,0.08163265306122448,1.0,-0.0025113326162467995,0.5941353407796168,0.8392196215653112,-0.26659932372967177,-0.2720018847558215,False,spread <= 0
F200,0.3,dd_168 ~ sin roc_24 [bajo],corto,49,-0.27995070508307246,0.6629029535433287,0.22448979591836735,1.0,-0.0065099522539126915,1.8305578346037854,1.0571681134203197,-0.3115410702560643,-0.2945748015670909,False,spread <= 0
F200,0.3,roc_720 ~ sin roc_24 [bajo],corto,49,-0.2836641057184856,0.4358350266220059,0.24489795918367346,1.0,-0.004812274076776489,1.3127819740310918,0.9706212202961819,-0.30287257748640645,-0.2959001019839178,False,spread <= 0
F200,0.3,ticket_rel ~ sin roc_24 [bajo],corto,49,-0.2839261243098384,0.4113493930482164,0.12244897959183673,1.0,-0.005249968591667535,1.038350404531282,0.9463675497563633,-0.3354391235504582,-0.3167862677189582,False,spread <= 0
F200,0.3,desbal_168 ~ sin roc_24 [bajo],corto,49,-0.2864139751868815,0.35044119585567546,0.16326530612244897,1.0,-0.004584712393501212,1.1829563686316609,0.933747858401019,-0.2950831810914977,-0.2896060503565839,False,spread <= 0
F200,0.3,dd_168 ~ sin roc_24,corto,49,-0.2871417573697275,0.3271582028338384,0.1836734693877551,1.0,-0.0030372050442723816,0.7729237006095031,0.9478637595023871,-0.2946499661898689,-0.29560210062322434,False,spread <= 0
F200,0.3,n_surge [bajo],corto,49,-0.291997650352607,0.4399907741222569,0.20408163265306123,1.0,-0.006371599038650518,1.2124220367452434,0.8739705736308048,-0.3166590048621078,-0.30009784030470127,False,spread <= 0
F200,0.3,atr_24,corto,49,-0.2938054949623021,0.7582677501420066,0.3469387755102041,1.0,-0.0067768111448924225,2.5707932027609988,1.4691703163840995,-0.3527220010373355,-0.30425290008433903,False,spread <= 0
F200,0.3,carry_acum [bajo],corto,49,-0.3013937681383504,0.38700531452339854,0.22448979591836735,1.0,-0.004276020014595536,1.1467520704917156,1.0336570888564953,-0.30843795782574845,-0.3036691248802013,False,spread <= 0
F200,0.3,vol_168 ~ sin roc_24,corto,49,-0.3095173466954598,0.8547342815287929,0.2857142857142857,1.0,-0.008095223075777098,2.2707558904677203,1.1706055993076392,-0.38834589144786585,-0.3439448968341712,False,spread <= 0
F200,0.3,roc_720,corto,49,-0.31345427013295063,0.7006960839132069,0.2653061224489796,1.0,-0.007052288798547647,1.7742115187279317,1.0770474870946622,-0.3347574480905114,-0.32542774486563053,False,spread <= 0
F200,0.3,carry_acum ~ sin roc_24 [bajo],corto,49,-0.32227940000261973,0.5190292369868307,0.24489795918367346,1.0,-0.0044942579545553,1.3355548887623037,1.089338099887879,-0.35118498400567777,-0.33620449873095604,False,spread <= 0
F200,0.3,n_surge ~ sin roc_24,corto,49,-0.3236059879389307,0.6292797267125999,0.30612244897959184,1.0,-0.005544105594155951,1.599463665079394,1.2542276088136544,-0.3400977400564152,-0.3282464620545457,False,spread <= 0
F200,0.3,rango_168,corto,49,-0.33078666393053185,0.8005979649112976,0.2653061224489796,1.0,-0.008197610316904672,2.2714743903959556,1.198910706027883,-0.408743549139929,-0.38215825874557846,False,spread <= 0
F200,0.3,turnover [bajo],corto,49,-0.3378971004891641,0.43392970776911355,0.20408163265306123,1.0,-0.006701049424016127,1.1694936582524664,0.885311819634955,-0.3482877221378738,-0.3433113792092197,False,spread <= 0
F200,0.3,carry_acum,corto,49,-0.33871454573835347,0.6503508278834758,0.32653061224489793,1.0,-0.006515683483908459,1.5942031096410765,0.9734382597299687,-0.38310617619456044,-0.3487448164616092,False,spread <= 0
F200,0.3,atr_24 ~ sin roc_24,corto,49,-0.3428189246164403,0.751994457616794,0.32653061224489793,1.0,-0.008085686635100531,2.4887978262724686,1.415167272921546,-0.37873652034055993,-0.36708441559889965,False,spread <= 0
F200,0.3,roc_72,corto,49,-0.3443815302110676,0.6335656212108451,0.30612244897959184,1.0,-0.00548461023920471,1.8969731947426032,1.337369330180993,-0.37197017600062715,-0.35277955366869335,False,spread <= 0
F200,0.3,vol_24,corto,49,-0.3468091947768328,0.6471571351582283,0.32653061224489793,1.0,-0.006852582396755769,2.5496767184789526,1.468695928044383,-0.37491472265030673,-0.3591478827617602,False,spread <= 0
F200,0.3,n_surge ~ sin roc_24 [bajo],corto,49,-0.34796072960844376,0.4597223879475923,0.2857142857142857,1.0,-0.006709526175291872,1.4389796394703132,1.0133042583871859,-0.3716872930182184,-0.3554769298278723,False,spread <= 0
F200,0.3,vol_24 ~ sin roc_24,corto,49,-0.3510912344886947,0.6850496335540843,0.2857142857142857,1.0,-0.007837553542226431,2.4443743370564857,1.4044259625817548,-0.36837062247690555,-0.3594186197690166,False,spread <= 0
F200,0.3,compresion [bajo],corto,49,-0.3514421087217592,0.47145554090393466,0.14285714285714285,1.0,-0.0072800662475100125,1.0420844392251567,0.8184899959663259,-0.41389389502603463,-0.3671997484109556,False,spread <= 0
F200,0.3,dd_720 ~ sin roc_24,corto,49,-0.3516130096139165,0.4317633854748673,0.14285714285714285,1.0,-0.004234044991397684,0.8707772499928789,1.0240240565219803,-0.36323825123690984,-0.3636988959909775,False,spread <= 0
F200,0.3,turnover,corto,49,-0.3635358836868883,0.5004914455190769,0.22448979591836735,1.0,-0.004808959414534637,1.503143329880518,1.3234648581052026,-0.38451876361922294,-0.36908026647079567,False,spread <= 0
F200,0.3,turnover ~ sin roc_24 [bajo],corto,49,-0.3713255660281665,0.4252788393323517,0.16326530612244897,1.0,-0.00681379239929906,1.450633818019993,1.0444719091585632,-0.3913079668803152,-0.3824521622751182,False,spread <= 0
F200,0.3,roc_168 ~ sin roc_24,corto,49,-0.3744062822164544,0.7093153682254915,0.2857142857142857,1.0,-0.007702173409409289,1.8213534914003597,1.259691543053599,-0.4485729242091582,-0.42417393467640035,False,spread <= 0
F200,0.3,roc_72 ~ sin roc_24,corto,49,-0.3764144788758915,0.6066840785428527,0.22448979591836735,1.0,-0.00664357545057814,1.7699948920307567,1.2464357036517917,-0.4083598058438841,-0.3890156301845651,False,spread <= 0
F200,0.3,rango_168 ~ sin roc_24,corto,49,-0.37675716252693237,0.7117517201280037,0.2653061224489796,1.0,-0.008745445657762228,2.184857581924137,1.2021899225690893,-0.4364293324525402,-0.4162735620600943,False,spread <= 0
F200,0.3,n_surge,corto,49,-0.3775178301852117,0.6075631162179189,0.24489795918367346,1.0,-0.004730959968087951,1.5561153648178503,1.3519954950206636,-0.39808101749653196,-0.3868251954041158,False,spread <= 0
F200,0.3,pos_168 ~ sin roc_24,corto,49,-0.3898924369102109,0.39008265171947754,0.1836734693877551,1.0,-0.005908957540407246,1.19310692256662,1.0582260179936336,-0.42848911581554516,-0.4025945734977585,False,spread <= 0
F200,0.3,dd_168,corto,49,-0.39489149067662666,0.3663707085823107,0.14285714285714285,1.0,-0.005508351114242444,0.8612448763043364,0.9918029966244968,-0.44992733666300844,-0.4049606380836693,False,spread <= 0
F200,0.3,roc_168,corto,49,-0.42824714507010425,0.6562091845655129,0.20408163265306123,1.0,-0.008547635785321011,1.9037021642590044,1.3179306507516046,-0.4882299697856537,-0.44532033772206714,False,spread <= 0
F200,0.3,dd_720,corto,49,-0.43793668589314294,0.5864611439529492,0.20408163265306123,1.0,-0.005734018081925311,0.9316534484608169,1.0636481600652472,-0.4519391355762863,-0.45429988637362734,False,spread <= 0
F200,0.3,roc_24,corto,49,-0.4381508779841002,0.5730746261784704,0.20408163265306123,1.0,-0.007730478813281904,1.7182072040465748,1.2443922735571027,-0.45784130966359604,-0.44200556542922903,False,spread <= 0
F200,0.3,pos_168,corto,49,-0.4570579801327938,0.4710045029138109,0.12244897959183673,1.0,-0.006644457077371187,1.298704889263863,1.1110307633110557,-0.47413278787849666,-0.46789544136920524,False,spread <= 0
F200,0.3,rango_168 ~ sin roc_24,largo,49,0.10757978063892999,0.710094555403909,0.46938775510204084,0.143,0.0027454456577622275,2.184857581924137,1.2021899225690893,0.03613708770505467,0.07707392987545934,False,muere en la correccion (FDR q=0.1)
F200,0.3,roc_24,largo,49,0.09096440355835696,0.5607833081790021,0.4897959183673469,0.1245,0.001730478813281903,1.7182072040465748,1.2443922735571027,0.007413995159657422,0.059071750437882306,False,muere en la correccion (FDR q=0.1)
F200,0.3,roc_168,largo,49,0.08888178943931495,0.6540130579802625,0.5306122448979592,0.174,0.0025476357853210087,1.9037021642590044,1.3179306507516046,0.029914199031206592,0.062297712014136045,False,muere en la correccion (FDR q=0.1)
F200,0.3,atr_24 ~ sin roc_24,largo,49,0.08460555689464612,0.7443287771259908,0.5918367346938775,0.2125,0.0020856866351005292,2.4887978262724686,1.415167272921546,0.022663113945494927,0.0625326116565565,False,muere en la correccion (FDR q=0.1)
F200,0.3,vol_24 ~ sin roc_24,largo,49,0.0828573569806556,0.6708987999358886,0.5510204081632653,0.187,0.0018375535422264287,2.4443743370564857,1.4044259625817548,0.03656775330796827,0.05220949600289368,False,muere en la correccion (FDR q=0.1)
F200,0.3,vol_24,largo,49,0.0776871325260361,0.6340196439904178,0.5102040816326531,0.199,0.0008525823967557683,2.5496767184789526,1.468695928044383,0.016440314917308442,0.04787062605148277,False,muere en la correccion (FDR q=0.1)
F200,0.3,rango_168,largo,49,0.06879596182607488,0.7963347281692764,0.5102040816326531,0.2625,0.002197610316904671,2.2714743903959556,1.198910706027883,0.023574472061405515,0.04173978522066019,False,muere en la correccion (FDR q=0.1)
F200,0.3,vol_168 ~ sin roc_24,largo,49,0.06281977499806846,0.8508623277693974,0.5102040816326531,0.3065,0.0020952230757770966,2.2707558904677203,1.1706055993076392,0.017056856022490425,0.04473296433965937,False,muere en la correccion (FDR q=0.1)
F200,0.3,pos_168,largo,49,0.04659064839565907,0.4600650313692119,0.4897959183673469,0.2295,0.0006444570773711846,1.298704889263863,1.1110307633110557,-0.013652099591935871,0.029373795179610054,False,muere en la correccion (FDR q=0.1)
F200,0.3,carry_acum,largo,49,0.04649792840995616,0.6426493289300211,0.42857142857142855,0.3035,0.0005156834839084582,1.5942031096410765,0.9734382597299687,-0.019122878933054387,0.029608182197531464,False,muere en la correccion (FDR q=0.1)
F200,0.3,roc_168 ~ sin roc_24,largo,49,0.0389282467416834,0.697686351463367,0.5102040816326531,0.34,0.0017021734094092886,1.8213534914003597,1.259691543053599,-0.015111690136949766,0.012766114206973654,False,muere en la correccion (FDR q=0.1)
F200,0.3,atr_24,largo,49,0.038878526210510446,0.7513310615783937,0.5306122448979592,0.364,0.0007768111448924211,2.5707932027609988,1.4691703163840995,0.0037327598437909833,0.017735639001859083,False,muere en la correccion (FDR q=0.1)
F200,0.3,roc_72 ~ sin roc_24,largo,49,0.03527524304426354,0.5926058195445866,0.5102040816326531,0.3315,0.0006435754505781391,1.7699948920307567,1.2464357036517917,-0.018590701689455383,0.013907027030078414,False,muere en la correccion (FDR q=0.1)
F200,0.3,turnover ~ sin roc_24 [bajo],largo,49,0.032990881066259276,0.42346788504422495,0.4489795918367347,0.303,0.0008137923992990576,1.450633818019993,1.0444719091585632,-0.01868646928062933,0.01792317164485623,False,muere en la correccion (FDR q=0.1)
F200,0.3,roc_720,largo,49,0.017444867387100372,0.6974624894284619,0.5102040816326531,0.4425,0.0010522887985476466,1.7742115187279317,1.0770474870946622,-0.0359796427065979,-0.005261269139339038,False,muere en la correccion (FDR q=0.1)
F200,0.3,n_surge ~ sin roc_24 [bajo],largo,49,0.017410282455141327,0.4570465960193142,0.46938775510204084,0.3845,0.0007095261752918691,1.4389796394703132,1.0133042583871859,-0.03384937986242844,-0.004012054001365336,False,muere en la correccion (FDR q=0.1)
F200,0.3,vol_168,largo,49,0.010386696169488419,0.8364087379282229,0.5306122448979592,0.457,0.0009626574530623369,2.351569354030012,1.1806206091851763,-0.02760187311405545,-0.0040829483766703445,False,muere en la correccion (FDR q=0.1)
F200,0.3,roc_72,largo,49,0.00024775296890553307,0.6174139809526288,0.46938775510204084,0.493,-0.0005153897607952918,1.8969731947426032,1.337369330180993,-0.054727871779064,-0.017659119202800645,False,ARTEFACTO DE ESCALA (atr_ratio 1.90)
F200,0.3,dd_168 ~ sin roc_24 [bajo],largo,49,-9.623329342809176e-05,0.6581348273866182,0.46938775510204084,1.0,0.0005099522539126901,1.8305578346037854,1.0571681134203197,-0.04459740918248402,-0.013115074710280623,False,spread <= 0
F200,0.3,turnover [bajo],largo,49,-0.004904088242155147,0.43101266619682893,0.4897959183673469,1.0,0.0007010494240161263,1.1694936582524664,0.885311819634955,-0.08160021957876494,-0.03262935005897962,False,spread <= 0
F200,0.3,compresion [bajo],largo,49,-0.01507628438617426,0.47569706418215263,0.42857142857142855,1.0,0.0012800662475100123,1.0420844392251567,0.8184899959663259,-0.07026250063529868,-0.036028749619979886,False,spread <= 0
F200,0.3,dd_168 [bajo],largo,49,-0.015672992751795404,0.6100640302911065,0.4489795918367347,1.0,0.00044467397604073297,1.7569082080128102,1.0304881839106161,-0.05474126641794171,-0.023286143327798922,False,spread <= 0
F200,0.3,roc_720 ~ sin roc_24,largo,49,-0.015915864338262888,0.7318219279145602,0.5918367346938775,1.0,0.00014608603945934597,1.7461629286515752,1.0625084541386116,-0.08215710542612069,-0.040194058389919865,False,spread <= 0
F200,0.3,dd_720 ~ sin roc_24 [bajo],largo,49,-0.0276884683868506,0.49275796263351673,0.4897959183673469,1.0,-0.0012526462177066787,1.5747218564662269,0.909469131160162,-0.07047812270876772,-0.05575127311644765,False,spread <= 0
F200,0.3,n_surge,largo,49,-0.03327206941554502,0.5852684366579473,0.40816326530612246,1.0,-0.0012690400319120506,1.5561153648178503,1.3519954950206636,-0.09021876165704298,-0.05303585673248177,False,spread <= 0
F200,0.3,pos_168 ~ sin roc_24,largo,49,-0.03368532707220221,0.4019579782634139,0.46938775510204084,1.0,-9.104245959275467e-05,1.19310692256662,1.0582260179936336,-0.0714674034686648,-0.05135862735160155,False,spread <= 0
F200,0.3,n_surge [bajo],largo,49,-0.03710576022669582,0.44110377449079624,0.46938775510204084,1.0,0.0003715990386505175,1.2124220367452434,0.8739705736308048,-0.10268464539427626,-0.061329157942375874,False,spread <= 0
F200,0.3,dd_720 [bajo],largo,49,-0.037193818967151425,0.4221108934989629,0.4489795918367347,1.0,-0.0017336929071841312,1.5655900603721349,0.905917114742712,-0.07188200854312246,-0.046501388250454766,False,spread <= 0
F200,0.3,carry_acum ~ sin roc_24,largo,49,-0.04372992104878465,0.5957077351002843,0.3877551020408163,1.0,-0.0011820203995449945,1.642994902350547,1.0403354489123129,-0.09659414527322005,-0.05030614489040369,False,spread <= 0
F200,0.3,turnover,largo,49,-0.05066173270954909,0.48138348191574065,0.40816326530612246,1.0,-0.0011910405854653643,1.503143329880518,1.3234648581052026,-0.11370964228498324,-0.06877586900936167,False,spread <= 0
F200,0.3,roc_24 [bajo],largo,49,-0.05068317906498265,0.48901859133832115,0.46938775510204084,1.0,-0.0009932265389454454,1.5267667672719414,1.0424107240880185,-0.09238285444109842,-0.06695109275054338,False,spread <= 0
F200,0.3,roc_72 [bajo],largo,49,-0.05368848074767309,0.5099150096193418,0.42857142857142855,1.0,-0.001041325254329591,1.355250195633449,0.9647104257070636,-0.1122654924102638,-0.08210119035078803,False,spread <= 0
F200,0.3,n_surge ~ sin roc_24,largo,49,-0.05562894575016972,0.6174374943272313,0.40816326530612246,1.0,-0.00045589440584405095,1.599463665079394,1.2542276088136544,-0.1053889568214746,-0.07288001304259026,False,spread <= 0
F200,0.3,roc_720 ~ sin roc_24 [bajo],largo,49,-0.062146699035863055,0.43792914722832016,0.46938775510204084,1.0,-0.0011877259232235132,1.3127819740310918,0.9706212202961819,-0.12723695695925175,-0.08319948874952221,False,spread <= 0
F200,0.3,carry_acum ~ sin roc_24 [bajo],largo,49,-0.06737337403748568,0.5127208636166167,0.46938775510204084,1.0,-0.001505742045444702,1.3355548887623037,1.089338099887879,-0.0969484776345298,-0.08139510125197236,False,spread <= 0
F200,0.3,roc_72 ~ sin roc_24 [bajo],largo,49,-0.06863379443607548,0.5358351669294984,0.40816326530612246,1.0,-0.0015742088988471034,1.3972984860396083,0.9840892491129996,-0.13120437464751425,-0.09080941029909109,False,spread <= 0
F200,0.3,desbal_168 ~ sin roc_24 [bajo],largo,49,-0.07531186153735776,0.3307707707125758,0.32653061224489793,1.0,-0.0014152876064987888,1.1829563686316609,0.933747858401019,-0.11449928154916059,-0.09521472371384632,False,spread <= 0
F200,0.3,roc_168 [bajo],largo,49,-0.0791572656340016,0.4164001288441609,0.3673469387755102,1.0,-0.0029220478561010088,1.3003283538749053,0.9250109997129712,-0.11929555453620631,-0.09857333192103239,False,spread <= 0
F200,0.3,dd_720,largo,49,-0.08228779165126311,0.5586186100845385,0.3877551020408163,1.0,-0.00026598191807468977,0.9316534484608169,1.0636481600652472,-0.1268322502681149,-0.09781785042078563,False,spread <= 0
F200,0.3,desbal_168 [bajo],largo,49,-0.09298098310043384,0.3293931363606783,0.3469387755102041,1.0,-0.0019749826878040487,1.1811744692821562,0.9326682266353143,-0.1449054021648169,-0.11020939260386876,False,spread <= 0
F200,0.3,compresion ~ sin roc_24 [bajo],largo,49,-0.10050056375139314,0.48440936384126937,0.3469387755102041,1.0,-0.00044306806942012164,1.0525432470169631,0.8327358486989445,-0.14459749724567433,-0.11473801675957511,False,spread <= 0
F200,0.3,roc_168 ~ sin roc_24 [bajo],largo,49,-0.10337033308696761,0.39572376802901293,0.2857142857142857,1.0,-0.0029174999477981148,1.3447095211141424,0.9490562739453463,-0.14879616901819814,-0.1215062760380529,False,spread <= 0
F200,0.3,roc_720 [bajo],largo,49,-0.10502922026911972,0.33169316947579275,0.3469387755102041,1.0,-0.0019441196330392783,1.2457229931441431,0.9417531312074106,-0.14711284608609565,-0.1245306268034014,False,spread <= 0
F200,0.3,carry_acum [bajo],largo,49,-0.10963899975496688,0.39059261716855254,0.4489795918367347,1.0,-0.0017239799854044658,1.1467520704917156,1.0336570888564953,-0.15746266309861517,-0.12019796916445954,False,spread <= 0
F200,0.3,ticket_rel ~ sin roc_24 [bajo],largo,49,-0.12239965052409452,0.3993668710475838,0.3469387755102041,1.0,-0.0007500314083324644,1.038350404531282,0.9463675497563633,-0.17443973353637515,-0.14157416889428232,False,spread <= 0
F200,0.3,turnover ~ sin roc_24,largo,49,-0.12708558158192498,0.5969663376261257,0.3673469387755102,1.0,-0.001503148341661482,1.5808834176067241,1.221280790519709,-0.16623371247246568,-0.1437696567664046,False,spread <= 0
F200,0.3,pos_168 [bajo],largo,49,-0.13276346670706177,0.3394499017410629,0.20408163265306123,1.0,-0.0028701688791206905,1.1174684248360462,0.9080145960622589,-0.16200456865183735,-0.144438796159423,False,spread <= 0
F200,0.3,compresion,largo,49,-0.13331395585360342,0.4734737514986365,0.3673469387755102,1.0,-0.0019464178535847964,1.6491372668618878,1.4150699530406063,-0.15552759994944237,-0.14412305098897105,False,spread <= 0
F200,0.3,dd_168,largo,49,-0.13709905369401265,0.36388323971462205,0.3469387755102041,1.0,-0.0004916488857575565,0.8612448763043364,0.9918029966244968,-0.16661744987195884,-0.14560985689770134,False,spread <= 0
F200,0.3,desbal_24 [bajo],largo,49,-0.14017697434778673,0.24003221430687827,0.2653061224489796,1.0,-0.0024411491944005396,1.0338063863510638,0.9240268394635505,-0.17708101284359318,-0.1604778127079424,False,spread <= 0
F200,0.3,desbal_24 ~ sin roc_24 [bajo],largo,49,-0.1438023643493098,0.2696972515940282,0.22448979591836735,1.0,-0.002445615500019984,1.0319722726931135,0.9316994971434907,-0.18865739251101904,-0.164727806095186,False,spread <= 0
F200,0.3,ticket_rel [bajo],largo,49,-0.1606107331227704,0.39694146196208313,0.2653061224489796,1.0,-0.0017600086588974338,1.0255758026680095,0.9427638629835533,-0.21548349392280294,-0.1791140268979683,False,spread <= 0
F200,0.3,pos_168 ~ sin roc_24 [bajo],largo,49,-0.1689221472327029,0.39311219809594306,0.2857142857142857,1.0,-0.002467416800515392,1.0846180473302471,0.9037194059584015,-0.22004348389988962,-0.19078399267315238,False,spread <= 0
F200,0.3,compresion ~ sin roc_24,largo,49,-0.17649958509552674,0.4859634127392704,0.3469387755102041,1.0,-0.0025906735120342487,1.5792186331102565,1.3724055425754724,-0.23366214972429208,-0.20204694044159738,False,spread <= 0
F200,0.3,desbal_168 ~ sin roc_24,largo,49,-0.17989658209743004,0.420442923157527,0.30612244897959184,1.0,-0.0014267490496450385,1.0024884287453997,0.9886236512937459,-0.1969376734680533,-0.19264766777921444,False,spread <= 0
F200,0.3,dd_720 ~ sin roc_24,largo,49,-0.18218366743949047,0.4114579325221747,0.3469387755102041,1.0,-0.0017659550086023168,0.8707772499928789,1.0240240565219803,-0.20672816884683118,-0.1926513250555526,False,spread <= 0
F200,0.3,desbal ~ sin roc_24 [bajo],largo,49,-0.19436283103118374,0.33831536641491833,0.1836734693877551,1.0,-0.0024756307860547585,0.9714330099079471,0.9535927633083249,-0.22768893435425339,-0.20669812915062696,False,spread <= 0
F200,0.3,desbal ~ sin roc_24,largo,49,-0.1990069361580808,0.2678329642515101,0.20408163265306123,1.0,-0.003000755811323178,0.9389838989561334,0.9236149271603096,-0.24985182138803722,-0.2169660801637348,False,spread <= 0
F200,0.3,desbal,largo,49,-0.1999916030742085,0.2880989085938911,0.24489795918367346,1.0,-0.002997783122906174,0.9433953815848599,0.9265092980100991,-0.2355624204286042,-0.20828879401789094,False,spread <= 0
F200,0.3,desbal_168,largo,49,-0.20197973204949307,0.4379984253393265,0.2857142857142857,1.0,-0.0017313083771227885,1.0055309281627998,0.9937420469418294,-0.22850059518590468,-0.2265567135267055,False,spread <= 0
F200,0.3,desbal [bajo],largo,49,-0.21593251141777817,0.312754356464172,0.1836734693877551,1.0,-0.0031096880110416257,0.9720650356436968,0.9504298934988158,-0.2517812268097251,-0.23031843274625732,False,spread <= 0
F200,0.3,CONTROL azar 1,largo,49,-0.2311129316723636,0.3342825648975303,0.2653061224489796,1.0,-0.0038751178953222486,1.0147416435457712,0.9683871591020321,-0.2696364587211785,-0.2434003844809196,False,control
F200,0.3,CONTROL azar 2,largo,49,-0.23178252700273286,0.4546322640881627,0.1836734693877551,1.0,-0.0031115294707118432,1.0076321426010462,0.9693837554763441,-0.2787538141865194,-0.25748283024579904,False,control
F200,0.3,desbal_24,largo,49,-0.24866244654801384,0.45548147818071666,0.30612244897959184,1.0,-0.0026821713977361055,0.9447303835745702,0.949890774395769,-0.2948429602945235,-0.2657019483261616,False,spread <= 0
F200,0.3,ticket_rel ~ sin roc_24,largo,49,-0.2536625513329853,0.2860790393800513,0.16326530612244897,1.0,-0.0030303775373052683,1.0513271744096524,1.0324671367877043,-0.2783340548460771,-0.26839852408598736,False,spread <= 0
F200,0.3,desbal_24 ~ sin roc_24,largo,49,-0.2570216405969503,0.42026005419887486,0.2653061224489796,1.0,-0.002667970962507503,0.9322333975778054,0.9438357491491319,-0.3104349412600781,-0.27693892542496945,False,spread <= 0
F200,0.3,ticket_rel,largo,49,-0.2731030358035117,0.3301978068656572,0.14285714285714285,1.0,-0.0037940034126092105,1.074772471806576,1.0490297316480435,-0.29282769633247646,-0.27528303016999,False,spread <= 0
F200,0.3,dd_168 ~ sin roc_24,largo,49,-0.2760085005983256,0.32645267240977865,0.1836734693877551,1.0,-0.0029627949557276194,0.7729237006095031,0.9478637595023871,-0.31995709061457384,-0.2924877275795068,False,spread <= 0
F200,0.3,CONTROL azar 3,largo,49,-0.28764204809854244,0.28973755825796055,0.1836734693877551,1.0,-0.004083471983955949,1.0126805483820074,0.9719154091829447,-0.3290428383127175,-0.3058907889806556,False,control
F200,0.3,rango_168 ~ sin roc_24 [bajo],largo,49,-0.3609710974738287,0.37488603068031123,0.14285714285714285,1.0,-0.003617111573174587,0.7121329118525941,0.9188307385453577,-0.40266906391038165,-0.3736013593660526,False,spread <= 0
F200,0.3,vol_24 [bajo],largo,49,-0.3709011155767388,0.3155364628032054,0.14285714285714285,1.0,-0.0034886673837532,0.5941353407796168,0.8392196215653112,-0.4209103100480479,-0.39234861239908103,False,spread <= 0
F200,0.3,rango_168 [bajo],largo,49,-0.37841528989602785,0.3241316652869652,0.10204081632653061,1.0,-0.003726605279974593,0.6374786615314003,0.8986979780234621,-0.4258492006023821,-0.3940545047125472,False,spread <= 0
F200,0.3,vol_24 ~ sin roc_24 [bajo],largo,49,-0.3814806890333979,0.36105274407563503,0.16326530612244897,1.0,-0.0035548996242301366,0.6373622111137193,0.8597905497830952,-0.3944582752512732,-0.3834985704771251,False,spread <= 0
F200,0.3,atr_24 [bajo],largo,49,-0.4031217866883558,0.3329704998458042,0.12244897959183673,1.0,-0.0035052641306865763,0.5877385020501177,0.8619568995177435,-0.4511597770196535,-0.4269288302669533,False,spread <= 0
F200,0.3,vol_168 ~ sin roc_24 [bajo],largo,49,-0.4269573263041103,0.4351909840497975,0.1836734693877551,1.0,-0.003659350726765319,0.625004136294377,0.9268145065729032,-0.4853960818167389,-0.44713695965688177,False,spread <= 0
F200,0.3,atr_24 ~ sin roc_24 [bajo],largo,49,-0.4363725746030834,0.4164497615555768,0.10204081632653061,1.0,-0.003994119109150846,0.618646225550068,0.8769697943582462,-0.4621355089284976,-0.44878608346930593,False,spread <= 0
F200,0.3,vol_168 [bajo],largo,49,-0.4371492047857466,0.3756472435634458,0.08163265306122448,1.0,-0.003844917590081091,0.605789801586552,0.9124491881218066,-0.4746121223835725,-0.4564257673427867,False,spread <= 0
F200,0.3,n_surge,magnitud,49,2.82483141313529,1.6102397863546767,1.0,0.0,0.04874626232619926,1.5561153648178503,1.3519954950206636,2.6837206969004272,2.7779281511665666,True,SOBREVIVE
F200,0.3,roc_168,magnitud,49,2.7205984472533333,1.7452871172114788,0.9795918367346939,0.0,0.07151727821922187,1.9037021642590044,1.3179306507516046,2.5128862958344707,2.6538177046360816,True,SOBREVIVE
F200,0.3,roc_72,magnitud,49,2.697952706822733,1.738687635622237,1.0,0.0,0.06966044644712403,1.8969731947426032,1.337369330180993,2.5464073980459996,2.640902926315181,True,SOBREVIVE
F200,0.3,turnover,magnitud,49,2.6797929775744707,1.5293632234157675,1.0,0.0,0.045885499137672106,1.503143329880518,1.3234648581052026,2.5288227507884127,2.629216074297631,True,SOBREVIVE
F200,0.3,vol_24,magnitud,49,2.4943895672205896,1.7363597671525994,0.9591836734693877,0.0,0.10045691708083182,2.5496767184789526,1.468695928044383,2.2954041426230622,2.4284523128344992,True,SOBREVIVE
F200,0.3,atr_24,magnitud,49,2.4850858379027674,1.6335939480013797,0.9795918367346939,0.0,0.10520884479575247,2.5707932027609988,1.4691703163840995,2.241075037722829,2.4028304738164263,True,SOBREVIVE
F200,0.3,roc_24,magnitud,49,2.3739094783414547,1.45107417641758,0.9795918367346939,0.0,0.06285629390248552,1.7182072040465748,1.2443922735571027,2.216970010464003,2.3219699172727717,True,SOBREVIVE
F200,0.3,compresion,magnitud,49,2.1534194692172526,1.1191068329395477,1.0,0.0,0.038682816077748934,1.6491372668618878,1.4150699530406063,2.052820089837825,2.124844933768626,True,SOBREVIVE
F200,0.3,atr_24 ~ sin roc_24,magnitud,49,2.1057399873726674,1.5578715698960404,0.9591836734693877,0.0,0.09589006004971963,2.4887978262724686,1.415167272921546,1.9143751759026002,2.0507760784579894,True,SOBREVIVE
F200,0.3,n_surge ~ sin roc_24,magnitud,49,2.0616367653131733,1.166969295991038,0.9795918367346939,0.0,0.04740661349622457,1.599463665079394,1.2542276088136544,1.9657123370267415,2.027547709248907,True,SOBREVIVE
F200,0.3,vol_24 ~ sin roc_24,magnitud,49,1.9909375036795496,1.5300132519938194,0.9591836734693877,0.0,0.09030037225423698,2.4443743370564857,1.4044259625817548,1.857530430896488,1.94034356317475,True,SOBREVIVE
F200,0.3,rango_168,magnitud,49,1.970522664748031,1.5359503950401676,0.9591836734693877,0.0,0.0929684268828638,2.2714743903959556,1.198910706027883,1.774405455202703,1.911087519759201,True,SOBREVIVE
F200,0.3,roc_168 ~ sin roc_24,magnitud,49,1.9627395515892128,1.3791614715757812,0.9795918367346939,0.0,0.06050185549148836,1.8213534914003597,1.259691543053599,1.8073400546664287,1.8935295974352344,True,SOBREVIVE
F200,0.3,rango_168 ~ sin roc_24,magnitud,49,1.9525829189035124,1.4531332314638903,0.9387755102040817,0.0,0.08895800490860466,2.184857581924137,1.2021899225690893,1.7612368586993201,1.904940051013702,True,SOBREVIVE
F200,0.3,turnover ~ sin roc_24,magnitud,49,1.8840585355396744,0.9984805069977071,0.9795918367346939,0.0,0.045673191769609475,1.5808834176067241,1.221280790519709,1.7822628038047186,1.8499346200211408,True,SOBREVIVE
F200,0.3,vol_168,magnitud,49,1.8143716951350377,1.459612223240873,0.8979591836734694,0.0,0.09822840354267186,2.351569354030012,1.1806206091851763,1.678674271641096,1.7549704148017902,True,SOBREVIVE
F200,0.3,roc_72 ~ sin roc_24,magnitud,49,1.6818993351451796,1.2465873807997099,0.9795918367346939,0.0,0.05391828988302346,1.7699948920307567,1.2464357036517917,1.5570627332026512,1.6382680190982302,True,SOBREVIVE
F200,0.3,vol_168 ~ sin roc_24,magnitud,49,1.6757496946174124,1.4870841560412458,0.9183673469387755,0.0,0.09275639448780812,2.2707558904677203,1.1706055993076392,1.5322455031593778,1.6277566397042635,True,SOBREVIVE
F200,0.3,pos_168,magnitud,49,1.669322344262041,1.0005531307214863,1.0,0.0,0.03202879743225485,1.298704889263863,1.1110307633110557,1.6022220737825077,1.6370497216849091,True,SOBREVIVE
F200,0.3,compresion ~ sin roc_24,magnitud,49,1.6382104154293882,1.0074150922060892,0.9795918367346939,0.0,0.02931612937125168,1.5792186331102565,1.3724055425754724,1.5458079722234086,1.596912773909785,True,SOBREVIVE
F200,0.3,roc_720,magnitud,49,1.4304243292585836,1.5879906670587853,0.8571428571428571,0.0,0.06476000505104236,1.7742115187279317,1.0770474870946622,1.2161613822536403,1.3165711862639466,True,SOBREVIVE
F200,0.3,dd_168 ~ sin roc_24 [bajo],magnitud,49,1.1948788013258074,1.1694366776289484,0.8571428571428571,0.0,0.06872219369183107,1.8305578346037854,1.0571681134203197,1.0363418013405523,1.1449990553889464,True,SOBREVIVE
F200,0.3,carry_acum ~ sin roc_24 [bajo],magnitud,49,1.139750075296643,1.2120659493112285,0.8775510204081632,0.0,0.029322531112431483,1.3355548887623037,1.089338099887879,1.0325241137762975,1.0947272676998105,True,SOBREVIVE
F200,0.3,ticket_rel,magnitud,49,1.0988569673093393,0.6970057553692146,0.9795918367346939,0.0,0.01489935677186544,1.074772471806576,1.0490297316480435,1.0055905908708154,1.0611848798409087,True,SOBREVIVE
F200,0.3,roc_720 ~ sin roc_24,magnitud,49,1.0445445389659527,1.3889694389601874,0.7755102040816326,0.0,0.05873297230305283,1.7461629286515752,1.0625084541386116,0.8910375334028799,0.9720789350988955,True,SOBREVIVE
F200,0.3,dd_720,magnitud,49,1.0063714882692805,0.820616965364146,0.9795918367346939,0.0,-0.003111585344643703,0.9316534484608169,1.0636481600652472,0.9233481348449661,0.9830661278036855,True,ARTEFACTO DE ESCALA (atr_ratio 0.93)
F200,0.3,carry_acum ~ sin roc_24,magnitud,49,0.7942186296470027,0.9961135304186153,0.8571428571428571,0.0,0.052608606847617694,1.642994902350547,1.0403354489123129,0.6425616736933965,0.7444317382161819,True,SOBREVIVE
F200,0.3,pos_168 ~ sin roc_24,magnitud,49,0.766998838512575,0.6716803808252617,0.8571428571428571,0.0,0.014320861847282266,1.19310692256662,1.0582260179936336,0.7003656359823325,0.7367235351030675,True,SOBREVIVE
F200,0.3,carry_acum [bajo],magnitud,49,0.7186441392464785,1.0003682702578154,0.7755102040816326,0.0,0.016004133632592878,1.1467520704917156,1.0336570888564953,0.6117494912925571,0.6702970797376575,True,SOBREVIVE
F200,0.3,dd_168 [bajo],magnitud,49,0.6938215401838805,0.9959458625641049,0.7142857142857143,0.0,0.05931971204366002,1.7569082080128102,1.0304881839106161,0.5236358563738169,0.6629994071936123,True,SOBREVIVE
F200,0.3,ticket_rel ~ sin roc_24,magnitud,49,0.6787268428488399,0.5203641803500688,0.9183673469387755,0.0,0.00761955485340874,1.0513271744096524,1.0324671367877043,0.6042260517104472,0.6448659336956133,True,SOBREVIVE
F200,0.3,turnover ~ sin roc_24 [bajo],magnitud,49,0.550671177058389,0.7046026045687703,0.7755102040816326,0.0,0.035722013233349774,1.450633818019993,1.0444719091585632,0.4769233733155962,0.5132962261093234,True,SOBREVIVE
F200,0.3,dd_168,magnitud,49,0.5439251076323649,0.5638508705707154,0.8571428571428571,0.0,-0.010137623356718011,0.8612448763043364,0.9918029966244968,0.496475409923423,0.5251250749197767,True,ARTEFACTO DE ESCALA (atr_ratio 0.86)
F200,0.3,desbal_168,magnitud,49,0.5250376427877034,0.8199172074794818,0.7551020408163265,0.0,0.010072607335693673,1.0055309281627998,0.9937420469418294,0.44211260265010044,0.4856539276289687,True,SOBREVIVE
F200,0.3,carry_acum,magnitud,49,0.4544060557800675,1.0796553835991456,0.6122448979591837,0.001,0.05408720178761079,1.5942031096410765,0.9734382597299687,0.2626085519919503,0.3784119898839927,True,SOBREVIVE
F200,0.3,desbal_168 ~ sin roc_24,magnitud,49,0.44505701034771666,0.6643730265707551,0.7755102040816326,0.0,0.007701065203478079,1.0024884287453997,0.9886236512937459,0.352719226127342,0.4125128867044301,True,SOBREVIVE
F200,0.3,n_surge ~ sin roc_24 [bajo],magnitud,49,0.408180691400886,0.6734454070168068,0.7959183673469388,0.0,0.03576979689517359,1.4389796394703132,1.0133042583871859,0.3373987432719308,0.3762579495234169,True,SOBREVIVE
F200,0.3,dd_720 ~ sin roc_24,magnitud,49,0.3743487935730677,0.515126369185458,0.7346938775510204,0.0,-0.016062850453400744,0.8707772499928789,1.0240240565219803,0.2875205093076712,0.3301526265530405,True,ARTEFACTO DE ESCALA (atr_ratio 0.87)
F200,0.3,roc_72 ~ sin roc_24 [bajo],magnitud,49,0.3670958067806106,0.668221468789352,0.7142857142857143,0.0,0.03413277661095853,1.3972984860396083,0.9840892491129996,0.25861168011034696,0.33584624980430056,True,SOBREVIVE
F200,0.3,roc_720 ~ sin roc_24 [bajo],magnitud,49,0.3622256653293682,0.8202074008362937,0.7346938775510204,0.0,0.027139757029452427,1.3127819740310918,0.9706212202961819,0.26101932919442034,0.3174649650506846,True,SOBREVIVE
F200,0.3,roc_24 [bajo],magnitud,49,0.3486005274563754,0.7189245345038383,0.7346938775510204,0.0,0.03517568755164977,1.5267667672719414,1.0424107240880185,0.23186126607914964,0.27297652639690445,True,SOBREVIVE
F200,0.3,desbal_24,magnitud,49,0.19643776562987442,0.6064616701030769,0.673469387755102,0.009,-0.0011342236763957141,0.9447303835745702,0.949890774395769,0.15610270410075405,0.1676287633373899,True,ARTEFACTO DE ESCALA (atr_ratio 0.94)
F200,0.3,roc_168 ~ sin roc_24 [bajo],magnitud,49,0.15996414508491585,0.6602931290140563,0.5714285714285714,0.044,0.0315099849768542,1.3447095211141424,0.9490562739453463,0.07290527375026883,0.12114479006304073,False,muere en la correccion (FDR q=0.1)
F200,0.3,pos_168 ~ sin roc_24 [bajo],magnitud,49,0.13762346726482572,0.5575805640909268,0.6122448979591837,0.0315,0.015648226933209487,1.0846180473302471,0.9037194059584015,0.04280354692947258,0.10131807645486501,False,muere en la correccion (FDR q=0.1)
F200,0.3,compresion ~ sin roc_24 [bajo],magnitud,49,0.12953570628156652,0.62710438343432,0.5714285714285714,0.066,0.019879775494028556,1.0525432470169631,0.8327358486989445,0.015440866395651759,0.0834837435952873,False,dentro del MDE del azar (±0.126)
F200,0.3,CONTROL azar 2,magnitud,49,0.08470247608326044,0.5090776473993462,0.42857142857142855,0.111,-0.0011508954757422749,1.0076321426010462,0.9693837554763441,0.007543939144836531,0.05384550277676085,False,control
F200,0.3,dd_720 ~ sin roc_24 [bajo],magnitud,49,0.07704185637259384,0.7470985938846042,0.5102040816326531,0.2285,0.05210261952884924,1.5747218564662269,0.909469131160162,0.00944113754319885,0.0462402239848396,False,dentro del MDE del azar (±0.126)
F200,0.3,desbal_24 ~ sin roc_24,magnitud,49,0.060546233031112104,0.5518364259371273,0.5918367346938775,0.2055,-0.003684361386810632,0.9322333975778054,0.9438357491491319,0.00287264795874264,0.03535087980270004,False,ARTEFACTO DE ESCALA (atr_ratio 0.93)
F200,0.3,roc_72 [bajo],magnitud,49,0.050393753501437884,0.6637753242175252,0.5306122448979592,0.2965,0.029601336809313775,1.355250195633449,0.9647104257070636,-0.08356053728728838,-0.015207725314155754,False,dentro del MDE del azar (±0.126)
F200,0.3,CONTROL azar 1,magnitud,49,0.010478463772475063,0.3589802616323225,0.42857142857142855,0.435,-0.0001445515723155858,1.0147416435457712,0.9683871591020321,-0.042604347651360064,-0.015079135684840176,False,control
F200,0.3,CONTROL azar 3,magnitud,49,-0.037659032869483536,0.38477680952792487,0.4897959183673469,1.0,-0.00022177687566681342,1.0126805483820074,0.9719154091829447,-0.0798480099273868,-0.060899343463589106,False,control
F200,0.3,vol_168 ~ sin roc_24 [bajo],magnitud,49,-0.06640335139855526,0.6396190620060075,0.3469387755102041,1.0,-0.040368501222380636,0.625004136294377,0.9268145065729032,-0.14020363277829412,-0.09987691370802468,False,spread <= 0
F200,0.3,dd_168 ~ sin roc_24,magnitud,49,-0.06772383064849141,0.5159068391014564,0.4489795918367347,1.0,-0.026714721801564117,0.7729237006095031,0.9478637595023871,-0.13155613642584077,-0.09978221513074405,False,spread <= 0
F200,0.3,ticket_rel ~ sin roc_24 [bajo],magnitud,49,-0.08295807825963047,0.47557771341901095,0.3673469387755102,1.0,0.003906312247099579,1.038350404531282,0.9463675497563633,-0.15167145842994076,-0.11610955926022093,False,spread <= 0
F200,0.3,desbal_168 [bajo],magnitud,49,-0.09144779695530504,0.6871018710120125,0.40816326530612246,1.0,0.012738240931884486,1.1811744692821562,0.9326682266353143,-0.17955678780679268,-0.12908375164559943,False,spread <= 0
F200,0.3,compresion [bajo],magnitud,49,-0.09535789515886521,0.7065531783409279,0.40816326530612246,1.0,0.014410106552609676,1.0420844392251567,0.8184899959663259,-0.16543099932844924,-0.13415906330959293,False,spread <= 0
F200,0.3,desbal_168 ~ sin roc_24 [bajo],magnitud,49,-0.10194412636530384,0.6560044887893713,0.42857142857142855,1.0,0.01235390685154833,1.1829563686316609,0.933747858401019,-0.17377074265747275,-0.14234238467790641,False,spread <= 0
F200,0.3,dd_720 [bajo],magnitud,49,-0.11929275144128423,0.773792043218769,0.3673469387755102,1.0,0.04889115525427824,1.5655900603721349,0.905917114742712,-0.18375243646806216,-0.14084332555217852,False,spread <= 0
F200,0.3,desbal,magnitud,49,-0.13807198985301172,0.36660193142032577,0.3469387755102041,1.0,-0.007220925487136233,0.9433953815848599,0.9265092980100991,-0.19563554622653495,-0.16735689934213613,False,spread <= 0
F200,0.3,ticket_rel [bajo],magnitud,49,-0.1497703303583348,0.514759553208105,0.30612244897959184,1.0,0.0013857528793858776,1.0255758026680095,0.9427638629835533,-0.2219101925293654,-0.1741397710562582,False,spread <= 0
F200,0.3,desbal_24 ~ sin roc_24 [bajo],magnitud,49,-0.17503191836520482,0.5161771481788201,0.24489795918367346,1.0,0.000340941623421337,1.0319722726931135,0.9316994971434907,-0.21659965963181607,-0.19931042193189866,False,spread <= 0
F200,0.3,roc_720 [bajo],magnitud,49,-0.1893634250155232,0.6848968801881185,0.32653061224489793,1.0,0.020150774668780125,1.2457229931441431,0.9417531312074106,-0.24760045792250018,-0.21404458684086308,False,spread <= 0
F200,0.3,desbal ~ sin roc_24,magnitud,49,-0.19932127189137233,0.3410364993369946,0.22448979591836735,1.0,-0.00874480448637889,0.9389838989561334,0.9236149271603096,-0.2584707845409611,-0.226599522258073,False,spread <= 0
F200,0.3,pos_168 [bajo],magnitud,49,-0.24408203522676325,0.6599341307082746,0.32653061224489793,1.0,0.013195490448245471,1.1174684248360462,0.9080145960622589,-0.28560714298720924,-0.2669572126506511,False,spread <= 0
F200,0.3,rango_168 ~ sin roc_24 [bajo],magnitud,49,-0.24962580230018586,0.5344923848369642,0.2653061224489796,1.0,-0.03359862088817249,0.7121329118525941,0.9188307385453577,-0.32498872201686424,-0.2798760202444842,False,spread <= 0
F200,0.3,atr_24 ~ sin roc_24 [bajo],magnitud,49,-0.2528442543085245,0.672210986751319,0.2857142857142857,1.0,-0.03974281521355474,0.618646225550068,0.8769697943582462,-0.31679951378247956,-0.28947808619887994,False,spread <= 0
F200,0.3,roc_168 [bajo],magnitud,49,-0.2760698851360589,0.7624403590004082,0.32653061224489793,1.0,0.025617826855275524,1.3003283538749053,0.9250109997129712,-0.34512428696721076,-0.308023193379384,False,spread <= 0
F200,0.3,vol_24 ~ sin roc_24 [bajo],magnitud,49,-0.2819540632885714,0.6350800423406515,0.20408163265306123,1.0,-0.03565553701314699,0.6373622111137193,0.8597905497830952,-0.34364968975928123,-0.32373563678288575,False,spread <= 0
F200,0.3,desbal ~ sin roc_24 [bajo],magnitud,49,-0.28231385683583543,0.5019050614586923,0.20408163265306123,1.0,-0.01006765635942186,0.9714330099079471,0.9535927633083249,-0.30828802500833996,-0.2979367777194414,False,spread <= 0
F200,0.3,vol_168 [bajo],magnitud,49,-0.283328179215386,0.680576976837457,0.22448979591836735,1.0,-0.04572319481385855,0.605789801586552,0.9124491881218066,-0.3698789687860134,-0.3332311875716898,False,spread <= 0
F200,0.3,desbal_24 [bajo],magnitud,49,-0.3152649427930394,0.5674521678082048,0.1836734693877551,1.0,-0.0012880817291510422,1.0338063863510638,0.9240268394635505,-0.3702554503882988,-0.3404008484081795,False,spread <= 0
F200,0.3,desbal [bajo],magnitud,49,-0.34761491507592135,0.4770714521351593,0.14285714285714285,1.0,-0.010389506501751009,0.9720650356436968,0.9504298934988158,-0.3680637916010368,-0.3667153531714935,False,spread <= 0
F200,0.3,turnover [bajo],magnitud,49,-0.37575700255324873,0.6753012171669249,0.24489795918367346,1.0,0.01705741381438722,1.1694936582524664,0.885311819634955,-0.48349099303815735,-0.4079634751172316,False,spread <= 0
F200,0.3,n_surge [bajo],magnitud,49,-0.4074761368402582,0.6698206123328955,0.2653061224489796,1.0,0.020304515935546802,1.2124220367452434,0.8739705736308048,-0.4942745872642953,-0.4550096252762064,False,spread <= 0
F200,0.3,rango_168 [bajo],magnitud,49,-0.4118174212099995,0.5640401287861854,0.1836734693877551,1.0,-0.0416646046317808,0.6374786615314003,0.8986979780234621,-0.4849260297101621,-0.4460376473664827,False,spread <= 0
F200,0.3,atr_24 [bajo],magnitud,49,-0.485422191174999,0.6407492956715284,0.16326530612244897,1.0,-0.046935624565488256,0.5877385020501177,0.8619568995177435,-0.551346273603152,-0.5497826907600075,False,spread <= 0
F200,0.3,vol_24 [bajo],magnitud,49,-0.5496526882049457,0.6387060971838797,0.14285714285714285,1.0,-0.04417715509894969,0.5941353407796168,0.8392196215653112,-0.5978120701836485,-0.6033330954029429,False,spread <= 0
