costo,ranking,objetivo,semanas,spread,sd_sem,sem_ok,p,spread_crudo,atr_ratio,atr_propio,sin_top3,sin_top1,veredicto,fdr_ok
0.2,vol_24 ~ sin roc_24,corto,257,-0.07900347132613374,0.5149249385866458,0.4280155642023346,1.0,-0.0010373068015516501,1.4805020056121334,1.1667000225046387,-0.10072887994560953,-0.08522176409362467,spread <= 0,False
0.2,AdrActCnt ~ sin roc_24 [bajo],corto,257,-0.07920842982173869,0.4045027415322991,0.42412451361867703,1.0,-0.0008700227111479822,1.089840893267795,0.9957437009287563,-0.10994564894216098,-0.09878344897288548,spread <= 0,False
0.2,TxCnt ~ sin roc_24 [bajo],corto,257,-0.0867653095801506,0.37840281486936844,0.4280155642023346,1.0,-0.0010463573815003345,1.0913533214618896,0.9987760271096473,-0.10773832868228114,-0.09769573035011468,spread <= 0,False
0.2,roc_24,corto,257,-0.08697428262668422,0.49284290857528595,0.42412451361867703,1.0,-0.001241685096287322,1.2077948971527124,1.1089674403106646,-0.11920438780444105,-0.10203815218542334,spread <= 0,False
0.2,atr_24 ~ sin roc_24,corto,257,-0.0941141624496857,0.5629334502391098,0.4280155642023346,1.0,-0.0013819190894147064,1.5231119505624702,1.175864058869082,-0.14119522861939118,-0.1153153535311226,spread <= 0,False
0.2,vol_168 ~ sin roc_24,corto,257,-0.10182320164920486,0.5343266102615861,0.4396887159533074,1.0,-0.0015177859212407228,1.427417898745841,1.075681688873889,-0.13987134238650914,-0.1190663051833484,spread <= 0,False
0.2,n_surge ~ sin roc_24,corto,257,-0.10188727219564885,0.4467000981172009,0.38910505836575876,1.0,-0.0012919675272610356,1.1421294196171676,1.0697831066129828,-0.14610953864780288,-0.11340607087285523,spread <= 0,False
0.2,AdrBalCnt ~ sin roc_24 [bajo],corto,257,-0.10239743942040537,0.3903540862697316,0.38910505836575876,1.0,-0.0012967728769592607,1.0815865354243976,0.9895683513265763,-0.1386645591302207,-0.1104262267332495,spread <= 0,False
0.2,dd_720 ~ sin roc_24 [bajo],corto,257,-0.10402414143087726,0.4761362515396612,0.3346303501945525,1.0,-0.001969700182666463,1.1572999698114916,0.9456427400735508,-0.1368995414522011,-0.11706384635660678,spread <= 0,False
0.2,TxTfrCnt ~ sin roc_24 [bajo],corto,257,-0.10711973329873167,0.3732105792574132,0.42412451361867703,1.0,-0.0013334796826778156,1.0885000727311847,0.9947780166437951,-0.13089187108071987,-0.11144299266369603,spread <= 0,False
0.2,pos_168 ~ sin roc_24 [bajo],corto,257,-0.11204361900019058,0.4441560360598494,0.3657587548638132,1.0,-0.0016885093772280341,1.0321990277381123,0.9435713286318046,-0.12497333465069392,-0.12633557558097627,spread <= 0,False
0.2,vol_24,corto,257,-0.11526819242067401,0.5555189297589316,0.45136186770428016,1.0,-0.0015745915327924037,1.559853495557897,1.2120274357607626,-0.1423898318403761,-0.12527769819440024,spread <= 0,False
0.2,SplyCur_chg7 ~ sin roc_24 [bajo],corto,257,-0.11575173984272219,0.3819466157132069,0.3852140077821012,1.0,-0.0013128264775213187,1.0568811737946517,0.9984071017910643,-0.14495969939805578,-0.12221573573491827,spread <= 0,False
0.2,vol_168,corto,257,-0.11685374545280158,0.5914190013921886,0.4163424124513619,1.0,-0.0016668695759956382,1.4848481236083435,1.0886498872259989,-0.16172721755500355,-0.1373331081214158,spread <= 0,False
0.2,dd_720 [bajo],corto,257,-0.12413372370392799,0.4212240886780832,0.3151750972762646,1.0,-0.0021452479295637388,1.1545806375960115,0.9391405480127673,-0.14085979396195594,-0.13161536382209763,spread <= 0,False
0.2,desbal_24 ~ sin roc_24 [bajo],corto,257,-0.12659899939770575,0.4077766921471035,0.33073929961089493,1.0,-0.0017603658605242051,0.9942907808960743,0.9566859039494888,-0.14585407487097984,-0.137082344060475,spread <= 0,False
0.2,CapMVRVCur_chg7 [bajo],corto,257,-0.12671024670739903,0.39421947209513,0.311284046692607,1.0,-0.001792781777638412,1.0250094688149747,0.9288410971177488,-0.15176671796677127,-0.13610402842779223,spread <= 0,False
0.2,rango_168 ~ sin roc_24,corto,257,-0.13091248907768652,0.5238098893300416,0.3852140077821012,1.0,-0.001814556712602829,1.3817604934455425,1.08316511116642,-0.16491888020830214,-0.1592578587527136,spread <= 0,False
0.2,CapMVRVCur_chg7 ~ sin roc_24 [bajo],corto,257,-0.13096516255620758,0.45376761824926204,0.2918287937743191,1.0,-0.001866730824624343,1.0290343208066302,0.9392434818104454,-0.16986395611361174,-0.1454358821162053,spread <= 0,False
0.2,dd_168 ~ sin roc_24 [bajo],corto,257,-0.1315570664227199,0.4908076986743305,0.38910505836575876,1.0,-0.001917098253679505,1.264247459151218,1.0129107616268473,-0.15085776131793902,-0.14531329588383116,spread <= 0,False
0.2,dd_168 [bajo],corto,257,-0.13366303798887375,0.4592714607611784,0.3151750972762646,1.0,-0.0019815254706763295,1.2427997444508285,0.9975575729954989,-0.15844708004486094,-0.1490220914328604,spread <= 0,False
0.2,AdrBalCnt [bajo],corto,257,-0.13445560349130672,0.47482685027507704,0.32684824902723736,1.0,-0.001962825657784747,1.0218669584780078,0.9798173212993637,-0.12732980149606032,-0.14395255562767065,spread <= 0,False
0.2,roc_168 [bajo],corto,257,-0.13507911461843375,0.38785201652963924,0.32684824902723736,1.0,-0.001749119093601082,1.0368770289448002,0.9169765372536016,-0.1741015775535185,-0.14939141910132137,spread <= 0,False
0.2,TxTfrCnt_chg7 ~ sin roc_24,corto,257,-0.13526961183857988,0.4627139587158774,0.38910505836575876,1.0,-0.001593438969719259,1.1227055837393507,1.058803489233129,-0.16211909353743387,-0.1506441616940845,spread <= 0,False
0.2,TxTfrCnt_chg30 [bajo],corto,257,-0.13587137132599197,0.3260647877915664,0.3035019455252918,1.0,-0.001694882854836513,0.9953107314878983,0.9243870452419564,-0.13790388703499473,-0.13387629361425016,spread <= 0,False
0.2,AdrActCnt_chg30 ~ sin roc_24,corto,257,-0.13723828373751126,0.5145817792790256,0.3540856031128405,1.0,-0.0017335056606847675,1.1159911704026941,1.0368164549654781,-0.18166461364709102,-0.16446967070601862,spread <= 0,False
0.2,IssTotNtv ~ sin roc_24 [bajo],corto,257,-0.13791038197546673,0.39480994308769063,0.3035019455252918,1.0,-0.0016585786074525691,1.042888271496605,0.9971584009502255,-0.16785734250903744,-0.14959276705433247,spread <= 0,False
0.2,AdrBalCnt_pct [bajo],corto,249,-0.13800747454113454,0.4464328676234397,0.3614457831325301,1.0,-0.00161568801988206,1.0099094268360034,0.9813640595439712,-0.14818561525589133,-0.14994006088195033,spread <= 0,False
0.2,compresion,corto,257,-0.13809438102931176,0.528627281497972,0.4085603112840467,1.0,-0.00160590759006807,1.2612026350145313,1.1941003361773985,-0.15672073384083232,-0.14718202122168333,spread <= 0,False
0.2,CapMVRVCur_chg30 ~ sin roc_24,corto,257,-0.13819367567277774,0.47152005105261463,0.39299610894941633,1.0,-0.0014044279587578287,1.1864606181037234,1.0154090997700471,-0.1559325864853676,-0.1404267975360887,spread <= 0,False
0.2,desbal_24 [bajo],corto,257,-0.1383787182818439,0.4047271098878934,0.2801556420233463,1.0,-0.0018539150220097046,0.9943264769405232,0.9520686443710079,-0.15908777629617124,-0.14606333952201245,spread <= 0,False
0.2,AdrBalCnt_pct ~ sin roc_24 [bajo],corto,249,-0.13853740279892737,0.4037248867695428,0.37349397590361444,1.0,-0.0015537453705412323,1.0071938834059027,0.9774717286014243,-0.1641873280531376,-0.1463607357975495,spread <= 0,False
0.2,TxCnt_chg30 ~ sin roc_24 [bajo],corto,257,-0.1392068059376818,0.3694297637122762,0.3540856031128405,1.0,-0.0017680789402396097,1.0127191506716682,0.9434296260929322,-0.14717236666202502,-0.13936912319597494,spread <= 0,False
0.2,IssTotNtv [bajo],corto,257,-0.13964267099544334,0.3603617669013541,0.29961089494163423,1.0,-0.001844556046902846,1.0271785121220036,0.9799256806277488,-0.17001416854387008,-0.1527981036858141,spread <= 0,False
0.2,turnover ~ sin roc_24,corto,257,-0.13987933575268977,0.4563137829640511,0.35019455252918286,1.0,-0.001666948081744953,1.1386024832104014,1.0720141005013537,-0.17298612937914232,-0.15138864534237567,spread <= 0,False
0.2,turnover [bajo],corto,257,-0.1407276387253419,0.34404194772203883,0.3229571984435798,1.0,-0.0016894252468158378,0.9957941262581353,0.9166552941397836,-0.15193290750926783,-0.1520984305001182,spread <= 0,False
0.2,TxTfrCnt_chg30 ~ sin roc_24,corto,257,-0.14114099639199107,0.5011317144338979,0.377431906614786,1.0,-0.0017454438834276667,1.1552520649306668,1.0580307301510232,-0.17524868890956716,-0.1602473319551648,spread <= 0,False
0.2,pos_168 [bajo],corto,257,-0.14174829547181517,0.4404636844352611,0.3229571984435798,1.0,-0.001960620566021836,1.0341839086815048,0.929577574496762,-0.16557763632039918,-0.15578759588932112,spread <= 0,False
0.2,AdrActCnt_chg30 [bajo],corto,257,-0.14315966356024828,0.31165671346131363,0.3035019455252918,1.0,-0.0017446202874943245,0.9942518946952924,0.9382949051435985,-0.1659866430899549,-0.15234098603178736,spread <= 0,False
0.2,AdrActCnt_chg7 ~ sin roc_24,corto,257,-0.14346116090562092,0.47186494403973234,0.3424124513618677,1.0,-0.0016488465352432612,1.0882482326345249,1.0408927701389619,-0.17546315560721182,-0.15926316051919212,spread <= 0,False
0.2,atr_24,corto,257,-0.14380226825632614,0.5950844332218814,0.4357976653696498,1.0,-0.0020640575666015324,1.5879282791244371,1.2195899205496787,-0.1691011678938272,-0.15204860134879625,spread <= 0,False
0.2,AdrActCnt_chg30,corto,257,-0.1438683000277005,0.5345388417842585,0.38910505836575876,1.0,-0.001734177743184223,1.121572340977577,1.0407820785404132,-0.19625312762980734,-0.16942445133122436,spread <= 0,False
0.2,TxTfrCnt_z ~ sin roc_24,corto,249,-0.14417186617692945,0.4566893354862756,0.3333333333333333,1.0,-0.0015270054228011813,1.0880112651388534,1.0351583500209047,-0.16986102888750598,-0.16602916256227107,spread <= 0,False
0.2,TxTfrCnt_pct,corto,249,-0.14417496676050104,0.5211725114003235,0.36947791164658633,1.0,-0.0013795635318545633,1.1279101613258247,1.0531172645302311,-0.17261171391110483,-0.15550796127593813,spread <= 0,False
0.2,desbal,corto,257,-0.1447150216038556,0.33866314279613846,0.311284046692607,1.0,-0.0015430516506004237,1.0030411298922706,0.9691480587616754,-0.16418210943869163,-0.14617663960772426,spread <= 0,False
0.2,CapMVRVCur_z ~ sin roc_24,corto,249,-0.14533676615829103,0.42998797706907504,0.3654618473895582,1.0,-0.0015067732531519938,1.1570048751253985,0.9937950692268936,-0.16125170087452495,-0.15448852997285936,spread <= 0,False
0.2,TxCnt_chg30 [bajo],corto,257,-0.14595971175343647,0.35335274399937455,0.33073929961089493,1.0,-0.0017373137424194591,0.9944917451048016,0.922367567357943,-0.1578226433587321,-0.152104570652298,spread <= 0,False
0.2,AdrBalCnt_z [bajo],corto,249,-0.14605479545766334,0.4304714491220224,0.3413654618473896,1.0,-0.0017131728488344856,1.0121564073396436,0.9789599316960623,-0.15440516707858887,-0.16029706650605333,spread <= 0,False
0.2,IssTotNtv,corto,257,-0.14623566205917807,0.3391491722664162,0.30739299610894943,1.0,-0.0017786343151197732,1.0257077830965002,0.9796176469510477,-0.16986769821334083,-0.1512181379470063,spread <= 0,False
0.2,TxTfrCnt_chg30 ~ sin roc_24 [bajo],corto,257,-0.14691712483355593,0.361065719799713,0.33073929961089493,1.0,-0.001878830551178858,1.0131985706383466,0.9481485968104394,-0.164549743513763,-0.15604419793560734,spread <= 0,False
0.2,SplyCur ~ sin roc_24,corto,257,-0.14940164095431832,0.4541856564291158,0.38132295719844356,1.0,-0.0015957737571518828,1.0716992527069886,1.019056038682106,-0.17045066773993003,-0.155923469033178,spread <= 0,False
0.2,TxTfrCnt_chg7,corto,257,-0.15000417882361033,0.4855766183833695,0.3657587548638132,1.0,-0.001748346236605341,1.126024139348941,1.0670520611296768,-0.18568952292306468,-0.1684228601256576,spread <= 0,False
0.2,desbal ~ sin roc_24 [bajo],corto,257,-0.15002778787714754,0.3533936161244277,0.311284046692607,1.0,-0.0019907226681812763,1.0060331525325326,0.9680173747655136,-0.17004080991349227,-0.15973959902452053,spread <= 0,False
0.2,n_surge,corto,257,-0.15012430137968855,0.49942819116232856,0.36964980544747084,1.0,-0.0019243895094325282,1.18167235756872,1.1112234512199661,-0.2026704520118035,-0.16716939823928334,spread <= 0,False
0.2,AdrActCnt_pct,corto,249,-0.150186890707581,0.5278708116708775,0.37349397590361444,1.0,-0.001558376844432724,1.0863000223487755,1.0300214147590805,-0.16812308627308772,-0.16451614466749387,spread <= 0,False
0.2,roc_72 ~ sin roc_24 [bajo],corto,257,-0.15065648073966703,0.39564906082575924,0.29571984435797666,1.0,-0.0020304993840339937,1.0640523223271827,0.9536816884832945,-0.18002520565646962,-0.16387223609001864,spread <= 0,False
0.2,desbal_168 [bajo],corto,257,-0.15087442622019817,0.42450214520247004,0.28793774319066145,1.0,-0.001791945557449748,1.0011126442301073,0.9618797166441768,-0.17468288527389617,-0.160676696053412,spread <= 0,False
0.2,AdrActCnt_chg7,corto,257,-0.15108820692060543,0.494302453095422,0.36964980544747084,1.0,-0.0017961773312875611,1.0870368525533218,1.0451912516375401,-0.1652175690964112,-0.15324103229978703,spread <= 0,False
0.2,roc_168,corto,257,-0.15112616069503884,0.5810038756829321,0.40077821011673154,1.0,-0.0016653928990216682,1.2854017437642429,1.146596857211362,-0.17310610027465864,-0.16138215264410113,spread <= 0,False
0.2,IssTotNtv ~ sin roc_24,corto,257,-0.15134324026552598,0.4368520247993022,0.35019455252918286,1.0,-0.001747790589321813,1.1414825836764266,1.0326209122309364,-0.17354762913284874,-0.16205086460539636,spread <= 0,False
0.2,TxCnt_chg7 ~ sin roc_24,corto,257,-0.15146209173308275,0.4607972120615043,0.3346303501945525,1.0,-0.001849193067766971,1.1434552720749718,1.0667755938518142,-0.1826926674994403,-0.16612185985278305,spread <= 0,False
0.2,roc_72,corto,257,-0.151574358204446,0.5440607096888859,0.4396887159533074,1.0,-0.0016550624828957756,1.2706391125012613,1.1517177148628568,-0.1749005996864647,-0.16327867195569842,spread <= 0,False
0.2,IssTotNtv_pct ~ sin roc_24,corto,249,-0.1516160576891395,0.35141368986280147,0.3253012048192771,1.0,-0.001852705200382819,1.0184875141494154,0.9998911719015817,-0.1816515559824433,-0.16495472696902072,spread <= 0,False
0.2,SplyCur_pct ~ sin roc_24,corto,249,-0.15199218934129793,0.3627994025142624,0.3132530120481928,1.0,-0.001824595934881499,0.9682029160639223,0.9710842959192267,-0.18286726910793888,-0.16351428167655668,spread <= 0,False
0.2,TxTfrCnt_z,corto,249,-0.1521524772751434,0.5075129011386595,0.3172690763052209,1.0,-0.0015136791726844984,1.0987760681008552,1.0412233942049507,-0.18423088808936566,-0.17092318502209533,spread <= 0,False
0.2,SplyCur_chg7 ~ sin roc_24,corto,257,-0.1539831402010443,0.3439537072553948,0.31906614785992216,1.0,-0.0018491356953116295,1.0671703188746373,0.9818062466516901,-0.1820383364270629,-0.16323121430249363,spread <= 0,False
0.2,CapMVRVCur_pct ~ sin roc_24,corto,249,-0.15446579478853578,0.4438394550624298,0.357429718875502,1.0,-0.0015650832498798855,1.1543992350600911,0.9942223271245807,-0.16910856441950245,-0.159541678914476,spread <= 0,False
0.2,AdrActCnt_chg30 ~ sin roc_24 [bajo],corto,257,-0.15494496492671406,0.35692019618388954,0.29961089494163423,1.0,-0.0018217624840089165,1.0076248206440548,0.9502938446196252,-0.17879580304163617,-0.16535057371941628,spread <= 0,False
0.2,AdrBalCnt_z ~ sin roc_24 [bajo],corto,249,-0.15498494922357,0.3878533573643029,0.30522088353413657,1.0,-0.0017698814046315022,1.0104039927643127,0.9780839578965338,-0.14559861788829392,-0.16493597342283944,spread <= 0,False
0.2,desbal ~ sin roc_24,corto,257,-0.1559298897979765,0.3327360450845348,0.31906614785992216,1.0,-0.0017699117566277716,0.9982045652309702,0.9638595924268007,-0.16430095805073128,-0.15771793038466878,spread <= 0,False
0.2,roc_168 ~ sin roc_24 [bajo],corto,257,-0.15602600133742295,0.44783830810963904,0.3151750972762646,1.0,-0.002000673419089751,1.0513894085333884,0.9356703815915606,-0.17456331988093862,-0.16167793114788997,spread <= 0,False
0.2,desbal [bajo],corto,257,-0.15618717680212257,0.3071421595280048,0.30739299610894943,1.0,-0.0020263040336946946,1.0050673605650204,0.9663967367589832,-0.16595230257905935,-0.16286718369172212,spread <= 0,False
0.2,CapMVRVCur_z,corto,249,-0.1566639138293055,0.5482066435791676,0.3293172690763052,1.0,-0.0016361169329240448,1.167522636610417,0.9957700921683146,-0.16935236454281372,-0.15098590652873334,spread <= 0,False
0.2,n_surge [bajo],corto,257,-0.15713264229048918,0.3535721645166807,0.3035019455252918,1.0,-0.0018625542074527952,0.9878357103748009,0.9131039617940447,-0.16855528725818283,-0.15610350637554185,spread <= 0,False
0.2,SplyCur ~ sin roc_24 [bajo],corto,257,-0.15762574416689096,0.4196829532949044,0.31906614785992216,1.0,-0.0018661756710753547,1.071632828942553,1.0015424870032268,-0.1714854506732256,-0.16250426558251754,spread <= 0,False
0.2,SplyCur_chg30 ~ sin roc_24,corto,257,-0.15775679697973655,0.3456918844367132,0.27626459143968873,1.0,-0.0019265241724732015,1.08090904358676,0.9834837678406865,-0.1601879959768053,-0.1617221882575289,spread <= 0,False
0.2,roc_720 [bajo],corto,257,-0.15794228844931688,0.4060981607888907,0.29961089494163423,1.0,-0.0022329979187853907,1.024215130797546,0.9557021618275165,-0.16700767129081034,-0.16513508368343652,spread <= 0,False
0.2,TxTfrCnt_chg30,corto,257,-0.15866773770189296,0.5015751615621183,0.36964980544747084,1.0,-0.0019340236737739437,1.1636724472774587,1.0631962946367501,-0.18996426770957778,-0.17022342961799877,spread <= 0,False
0.2,desbal_168 ~ sin roc_24 [bajo],corto,257,-0.15955033509384275,0.40362125480063676,0.2918287937743191,1.0,-0.0020054107603081047,0.9991167306756296,0.9598657191744386,-0.18212237656812924,-0.1642473753388264,spread <= 0,False
0.2,AdrBalCnt_pct,corto,249,-0.15961012865039614,0.34048260648824474,0.3092369477911647,1.0,-0.0019151121480956432,1.0073287080767865,0.9788764679520225,-0.17954482162617236,-0.1664846379884526,spread <= 0,False
0.2,ticket_rel ~ sin roc_24 [bajo],corto,257,-0.15976668142987466,0.3478695304208467,0.2840466926070039,1.0,-0.0019660691697537176,1.0037409412949057,0.9592951718059866,-0.17472461511400245,-0.16187360744114213,spread <= 0,False
0.2,compresion ~ sin roc_24,corto,257,-0.16052686275223624,0.45849147730412115,0.35797665369649806,1.0,-0.0016305549271064942,1.2017683992731536,1.1541421907247633,-0.1840518307440565,-0.16995314473680848,spread <= 0,False
0.2,SplyCur_chg30 ~ sin roc_24 [bajo],corto,257,-0.16053390823650532,0.4310027574735842,0.33073929961089493,1.0,-0.00198527469315525,1.0548709435020178,0.9974835911486121,-0.18135168128016088,-0.17579432663836367,spread <= 0,False
0.2,CapMVRVCur_chg30,corto,257,-0.16081706695766373,0.4921952080551914,0.3852140077821012,1.0,-0.00177992350564132,1.205778620010335,1.02416206413403,-0.1807229170255992,-0.1631792114699165,spread <= 0,False
0.2,AdrBalCnt_chg7 [bajo],corto,257,-0.1611412671680888,0.3778749604745216,0.311284046692607,1.0,-0.0017275212868718267,1.001057754808965,0.9830705564983794,-0.19681830841823364,-0.1753602809139159,spread <= 0,False
0.2,AdrActCnt_pct ~ sin roc_24,corto,249,-0.1621034191843049,0.4216058045701398,0.3172690763052209,1.0,-0.0016966650483596591,1.0523261923196894,1.014685776644614,-0.18671873052927979,-0.17022153501453996,spread <= 0,False
0.2,CapMVRVCur_chg30 [bajo],corto,257,-0.16217705473386768,0.36466561951668863,0.3035019455252918,1.0,-0.002142880766638303,0.9940080980030682,0.9602717131720335,-0.15823413197880862,-0.16070489420512762,spread <= 0,False
0.2,rango_168,corto,257,-0.16253361545943734,0.5427276088475599,0.3968871595330739,1.0,-0.0022470310441198224,1.4316961833745678,1.0968666961898692,-0.20353715142172882,-0.1886017094638354,spread <= 0,False
0.2,TxCnt_z [bajo],corto,249,-0.1625822849174366,0.38581964184838285,0.3293172690763052,1.0,-0.0017398636771742465,0.9546542819327352,0.9571590306084983,-0.17905916725124874,-0.17403256504809614,spread <= 0,False
0.2,SplyCur_pct [bajo],corto,249,-0.16266205279531923,0.5593687234256401,0.28112449799196787,1.0,-0.001873957584476274,0.9889811521780375,0.9788976398151379,-0.1809223942318892,-0.17016112106090897,spread <= 0,False
0.2,TxTfrCnt_z ~ sin roc_24 [bajo],corto,249,-0.16287352528914734,0.41887620639674716,0.37349397590361444,1.0,-0.0016959239449652825,0.9702577605846694,0.9666014044825377,-0.17460252020430372,-0.16870413754729457,spread <= 0,False
0.2,roc_720 ~ sin roc_24,corto,257,-0.1633095184201999,0.5334772632208027,0.3968871595330739,1.0,-0.001636347165314189,1.207582800327273,1.012842159035642,-0.1885190525362212,-0.17297760642140936,spread <= 0,False
0.2,TxCnt_chg30 ~ sin roc_24,corto,257,-0.1634083383606008,0.5079836064504565,0.36186770428015563,1.0,-0.0020599679736363723,1.157991357061962,1.0638471155012292,-0.19442004032015192,-0.1795459256122636,spread <= 0,False
0.2,SplyCur_chg7,corto,257,-0.16347133317813833,0.331184975019268,0.31906614785992216,1.0,-0.002100430406158668,1.0677123720035469,0.9805996774561655,-0.1749179437889198,-0.16910459672136585,spread <= 0,False
0.2,TxCnt_chg7,corto,257,-0.16351872178881025,0.47027999501719386,0.33073929961089493,1.0,-0.0020261649644267143,1.1514541136745695,1.0764468177371889,-0.1782157561918049,-0.1651742390914686,spread <= 0,False
0.2,CapMVRVCur_pct,corto,249,-0.16390487570088522,0.5630756552073649,0.321285140562249,1.0,-0.0016996413777621339,1.1851701858266779,1.0015485913134983,-0.1663205388682929,-0.16095339994155497,spread <= 0,False
0.2,AdrBalCnt_chg30 ~ sin roc_24,corto,257,-0.16403857739536956,0.3661738063842249,0.29961089494163423,1.0,-0.0021763472178956606,1.0269980861299688,0.9790464430044266,-0.17902538146631924,-0.17279268051108668,spread <= 0,False
0.2,ticket_rel [bajo],corto,257,-0.1641364051952449,0.3348272560306172,0.2801556420233463,1.0,-0.0020239827261562347,1.0013988834647325,0.9559407047720427,-0.167965585086858,-0.169126176168164,spread <= 0,False
0.2,AdrBalCnt_chg30,corto,257,-0.16430399791129832,0.36009307379448435,0.3151750972762646,1.0,-0.0021683455264792425,1.0207388673115312,0.9751283295684608,-0.18751883777900033,-0.17311449466407577,spread <= 0,False
0.2,roc_72 [bajo],corto,257,-0.16440084369049768,0.3803999805713274,0.3035019455252918,1.0,-0.0020557716178125802,1.049569653305772,0.9326659362986871,-0.18905136481794232,-0.17755069796088582,spread <= 0,False
0.2,TxCnt_z ~ sin roc_24 [bajo],corto,249,-0.16475508687520465,0.38137477958255595,0.3453815261044177,1.0,-0.001613087620010271,0.9651197668900756,0.9651727748179277,-0.17600587019629785,-0.16975813777742577,spread <= 0,False
0.2,turnover,corto,257,-0.16535455400950083,0.5317045774403735,0.38910505836575876,1.0,-0.0018987816935622838,1.1715194452895497,1.1131723797983537,-0.1985592928271575,-0.18535791747258473,spread <= 0,False
0.2,roc_720 ~ sin roc_24 [bajo],corto,257,-0.1655936770031043,0.44244547300085324,0.3035019455252918,1.0,-0.002293266648731144,1.0360625312163023,0.968507639821909,-0.17820576387345152,-0.17130002239328027,spread <= 0,False
0.2,TxCnt_chg30,corto,257,-0.1656355162231056,0.5168578080782454,0.3424124513618677,1.0,-0.002027215931691547,1.1643810697193389,1.0708668965517454,-0.2001818891234246,-0.1824376070991599,spread <= 0,False
0.2,TxTfrCnt_z [bajo],corto,249,-0.16629596643139943,0.3866042703640838,0.3132530120481928,1.0,-0.001681878243765359,0.9614507594412812,0.9588255713706234,-0.18191215344862025,-0.17389276678271495,spread <= 0,False
0.2,SplyCur_chg30,corto,257,-0.16638538647712445,0.37018276918555354,0.3346303501945525,1.0,-0.002011614123631876,1.0852939820316747,0.980305979334597,-0.1788238131127929,-0.16782907613607578,spread <= 0,False
0.2,TxTfrCnt_pct ~ sin roc_24,corto,249,-0.16660216457597157,0.39013950274375403,0.30522088353413657,1.0,-0.001701631281671275,1.0813068756555912,1.032250440719721,-0.18662294101060806,-0.17378881713542224,spread <= 0,False
0.2,CapMVRVCur_chg30 ~ sin roc_24 [bajo],corto,257,-0.16789080387458902,0.4042628909038837,0.28793774319066145,1.0,-0.0022157393369384264,0.9999297104131089,0.9659009243776395,-0.16762554375563968,-0.16985269874535,spread <= 0,False
0.2,roc_24 [bajo],corto,257,-0.16804313927947964,0.39508113158378516,0.3035019455252918,1.0,-0.0018147725644114905,1.0987992247148735,0.9816642356543035,-0.1895293961041962,-0.1755227186275356,spread <= 0,False
0.2,SplyCur_chg30 [bajo],corto,257,-0.16817499261370075,0.46567647924313055,0.2801556420233463,1.0,-0.0020187614277724537,0.9817621420773098,0.977694663260635,-0.18580691325653942,-0.1868908384463688,spread <= 0,False
0.2,AdrActCnt_pct ~ sin roc_24 [bajo],corto,249,-0.1702094245982296,0.32936856269462955,0.285140562248996,1.0,-0.0019211712406581843,0.9580496368943608,0.9556668219175326,-0.19037620626668134,-0.1742431889673809,spread <= 0,False
0.2,SplyCur_pct ~ sin roc_24 [bajo],corto,249,-0.17055170210736664,0.4494694590542271,0.3092369477911647,1.0,-0.0019769178137994613,1.0059505107663913,0.9938869582948386,-0.19264924644101045,-0.1778350139440714,spread <= 0,False
0.2,CapMVRVCur_pct [bajo],corto,249,-0.17119991259110318,0.415385500249589,0.28112449799196787,1.0,-0.0022318772070835592,0.9478162370507285,0.9775813301563947,-0.19880687856233972,-0.18541180575181765,spread <= 0,False
0.2,CapMVRVCur,corto,257,-0.17139699173650771,0.39646069631307057,0.311284046692607,1.0,-0.001847408916509834,0.9557755370328731,0.9809500492688796,-0.18730936865782216,-0.17922748918504713,spread <= 0,False
0.2,SplyCur_chg7 [bajo],corto,257,-0.17160940077823705,0.366614575994883,0.28793774319066145,1.0,-0.0020128572004572804,0.9825441290966287,0.9754954461286776,-0.17293189526138678,-0.17687132324794022,spread <= 0,False
0.2,AdrBalCnt_chg7 ~ sin roc_24 [bajo],corto,257,-0.17168017688943024,0.3591360755815978,0.3424124513618677,1.0,-0.0018125458179741167,1.019979379121918,0.9912832800067973,-0.1820755236477599,-0.17761462163720315,spread <= 0,False
0.2,TxTfrCnt_pct [bajo],corto,249,-0.1719533998751688,0.35888492405152367,0.3092369477911647,1.0,-0.0018047081377655253,0.9510033504888081,0.9454144192124185,-0.1728939084808465,-0.181086215147632,spread <= 0,False
0.2,AdrActCnt_chg7 ~ sin roc_24 [bajo],corto,257,-0.172504044795689,0.4251500257197907,0.35019455252918286,1.0,-0.002000919212234904,1.0244734174908958,0.9524374338916491,-0.18762271631480648,-0.17994170054754513,spread <= 0,False
0.2,CapMVRVCur ~ sin roc_24 [bajo],corto,257,-0.17252883892817011,0.3427908830708808,0.27626459143968873,1.0,-0.0022296090899306463,1.0165125457635564,0.9765689866804593,-0.19541272182016267,-0.19517659986090938,spread <= 0,False
0.2,TxCnt_chg7 ~ sin roc_24 [bajo],corto,257,-0.1730527201785759,0.4201669415053253,0.3151750972762646,1.0,-0.001955712054078516,1.0266287620388983,0.9457575127646198,-0.17863198978966233,-0.1763918564089315,spread <= 0,False
0.2,compresion [bajo],corto,257,-0.1735506159117123,0.4363180186585251,0.311284046692607,1.0,-0.0019853328598459417,0.9505163973020938,0.8803072666699492,-0.20641621730602214,-0.1960611890507024,spread <= 0,False
0.2,TxCnt_chg7 [bajo],corto,257,-0.17356040233376369,0.38738430226219267,0.28793774319066145,1.0,-0.001955333334765343,1.01229923720734,0.926078666709929,-0.18336027163903937,-0.17809462735595702,spread <= 0,False
0.2,CONTROL azar 1,corto,257,-0.17412891632636088,0.36917998592562257,0.27626459143968873,1.0,-0.002087953783608664,1.009276852941633,0.9789806281482095,-0.19545865713276578,-0.18011770164403007,control,False
0.2,ticket_rel,corto,257,-0.17438164774279627,0.4206034276150474,0.31906614785992216,1.0,-0.0017143874021061413,1.013020266884327,1.0048861201614743,-0.21539923628615162,-0.20002533498320493,spread <= 0,False
0.2,roc_72 ~ sin roc_24,corto,257,-0.1750783473574363,0.5076708216791066,0.3852140077821012,1.0,-0.001717148031076724,1.1944714279974233,1.0962752830955695,-0.19885857574335802,-0.18761570849445006,spread <= 0,False
0.2,AdrActCnt_z,corto,249,-0.17533511609458136,0.5151709894801945,0.3132530120481928,1.0,-0.0019079265984497612,1.0675169252714543,1.024177391700175,-0.19549033750180272,-0.1933610922370245,spread <= 0,False
0.2,AdrBalCnt_chg30 [bajo],corto,257,-0.1765084529537741,0.37859667318045476,0.31906614785992216,1.0,-0.002004599531037144,1.0085229120025188,0.9805642177331266,-0.20942274492255877,-0.17798982454746362,spread <= 0,False
0.2,AdrActCnt_z ~ sin roc_24 [bajo],corto,249,-0.17651820567802448,0.35737393213310853,0.3293172690763052,1.0,-0.0019260966611889245,0.9660424394725122,0.967321789315525,-0.2084918155734701,-0.19107436304476028,spread <= 0,False
0.2,AdrActCnt_z [bajo],corto,249,-0.1777741138525206,0.35261626705848836,0.26506024096385544,1.0,-0.0019381023926969426,0.9581913944301788,0.960237463266593,-0.20603970547013198,-0.18479238695436992,spread <= 0,False
0.2,AdrActCnt_pct [bajo],corto,249,-0.1778742373637359,0.3402480902245831,0.285140562248996,1.0,-0.002032502411588102,0.9588306166704523,0.9530288591803024,-0.20352510954181727,-0.19124882036218807,spread <= 0,False
0.2,IssTotNtv_pct ~ sin roc_24 [bajo],corto,249,-0.17860678072066785,0.366778074032307,0.2971887550200803,1.0,-0.0019070331288260343,1.0069360285488607,0.9848293008609693,-0.18014658804391656,-0.18539279149319252,spread <= 0,False
0.2,roc_720,corto,257,-0.17887382614160952,0.5428562718733391,0.36964980544747084,1.0,-0.0019252696800739512,1.2383044319279257,1.0279719618446839,-0.20100921024656093,-0.18582261833230443,spread <= 0,False
0.2,roc_168 ~ sin roc_24,corto,257,-0.17952640948084925,0.5093845375759984,0.3540856031128405,1.0,-0.0019108680467104973,1.2189158279712946,1.0996647718236403,-0.19667003553566917,-0.18871330201490127,spread <= 0,False
0.2,AdrActCnt [bajo],corto,257,-0.18021043040076604,0.41475724947281845,0.33852140077821014,1.0,-0.002325810556857768,0.9817787019814944,0.9652509191749608,-0.19577209051610173,-0.18821737762459423,spread <= 0,False
0.2,AdrBalCnt_chg30 ~ sin roc_24 [bajo],corto,257,-0.18031331574249254,0.38483251682578606,0.33073929961089493,1.0,-0.001997011532022906,1.0109546811539813,0.9839905644785478,-0.20485656883248804,-0.18840089808373062,spread <= 0,False
0.2,IssTotNtv_pct,corto,249,-0.18069094880640568,0.315172467147792,0.26907630522088355,1.0,-0.0021398781959056363,0.9835110933914788,0.982163198764182,-0.18064989804377304,-0.18141656166719264,spread <= 0,False
0.2,AdrBalCnt_chg7 ~ sin roc_24,corto,257,-0.1810767473201155,0.353496016874833,0.2607003891050584,1.0,-0.0023864221667335545,1.0297309149432552,0.9842157976198697,-0.20646810795776652,-0.19307397939983742,spread <= 0,False
0.2,CapMVRVCur [bajo],corto,257,-0.18114447524283886,0.3961033561774666,0.2918287937743191,1.0,-0.0022968426897186176,1.023095244554388,0.9822577580594816,-0.19542826741127683,-0.18242331228810224,spread <= 0,False
0.2,TxTfrCnt_chg7 ~ sin roc_24 [bajo],corto,257,-0.18177995954813975,0.4145954110284436,0.2801556420233463,1.0,-0.002231353976270454,1.0239199332242541,0.9484705907306139,-0.18232807994609415,-0.17857441278024305,spread <= 0,False
0.2,TxTfrCnt_chg7 [bajo],corto,257,-0.18312287484300074,0.39707624289078025,0.30739299610894943,1.0,-0.0021774669554488106,1.00818948799158,0.9278378911868141,-0.19273978156552368,-0.18146252390383266,spread <= 0,False
0.2,TxCnt_pct,corto,249,-0.1838827837942508,0.5810208865450327,0.3333333333333333,1.0,-0.001789482606562019,1.1286883961052803,1.05990433925461,-0.22349756692832312,-0.19815276013881175,spread <= 0,False
0.2,TxCnt_pct ~ sin roc_24 [bajo],corto,249,-0.18409042259667413,0.38983886585419164,0.28112449799196787,1.0,-0.0020304375877560057,0.9491040075810868,0.9446747190706158,-0.18877821213548296,-0.18947905983482302,spread <= 0,False
0.2,turnover ~ sin roc_24 [bajo],corto,257,-0.18412858890014466,0.4152470413562625,0.2840466926070039,1.0,-0.0021137923050449457,1.0556855394394824,0.977638441144254,-0.19585954420491003,-0.19207071958408195,spread <= 0,False
0.2,TxCnt_pct [bajo],corto,249,-0.18472850004815494,0.39822967313858193,0.2891566265060241,1.0,-0.002039020884675258,0.9490177895923545,0.9426207973739102,-0.20790250580378333,-0.2003633475762663,spread <= 0,False
0.2,compresion ~ sin roc_24 [bajo],corto,257,-0.1848372163823294,0.4618726017663903,0.3151750972762646,1.0,-0.0021341419117253033,0.96336860416273,0.8954710380030635,-0.20358156307647227,-0.1951382483809117,spread <= 0,False
0.2,TxTfrCnt_pct ~ sin roc_24 [bajo],corto,249,-0.18498662778383873,0.36312351350634225,0.28112449799196787,1.0,-0.002000433612585537,0.9504851816580003,0.9470875152058176,-0.19034804781019685,-0.1916913052916313,spread <= 0,False
0.2,n_surge ~ sin roc_24 [bajo],corto,257,-0.18566256707690282,0.4138048501835457,0.27626459143968873,1.0,-0.0021296037360279117,1.0468219531166871,0.9752073041985667,-0.19399999774061175,-0.19739723146394886,spread <= 0,False
0.2,CapMVRVCur ~ sin roc_24,corto,257,-0.18603982065281732,0.4013905041227709,0.29961089494163423,1.0,-0.001961830920867139,0.959379102052235,0.9807394300802292,-0.19661907329444928,-0.18499962177938445,spread <= 0,False
0.2,IssTotNtv_pct [bajo],corto,249,-0.18659957884931,0.38729311697020896,0.27309236947791166,1.0,-0.0019646011626879645,1.0002940979956636,0.9788537862797613,-0.21242952257863307,-0.19227509707775362,spread <= 0,False
0.2,CapMVRVCur_chg7,corto,257,-0.1867745471752177,0.5438146351160115,0.4163424124513619,1.0,-0.0020013617857285583,1.21328629029455,1.099444835795906,-0.19398775802098592,-0.18827786209700698,spread <= 0,False
0.2,CapMVRVCur_z [bajo],corto,249,-0.18762466464477737,0.43084125604296325,0.22088353413654618,1.0,-0.002438594597172929,0.9562380190472846,0.9811085141020599,-0.2146282179483291,-0.2046928599360866,spread <= 0,False
0.2,TxCnt_z,corto,249,-0.1893979384939616,0.5394339218133847,0.321285140562249,1.0,-0.0019105884502407862,1.090896960769353,1.0480143122774073,-0.2233000765756288,-0.2083446931192083,spread <= 0,False
0.2,TxCnt_z ~ sin roc_24,corto,249,-0.190029346441293,0.4725676481931292,0.2931726907630522,1.0,-0.001834259588558879,1.081054772423462,1.0425622980020748,-0.22509916182565506,-0.20260179617299515,spread <= 0,False
0.2,AdrBalCnt_z,corto,249,-0.19022589836345344,0.38191131545291773,0.25301204819277107,1.0,-0.0023418826635904586,1.0006560941725002,0.979192628084191,-0.18078079229256203,-0.18237817870558065,spread <= 0,False
0.2,SplyCur [bajo],corto,257,-0.1908624702280436,0.4125359032206865,0.26459143968871596,1.0,-0.002005634435009111,0.9488096311355104,0.979116239860822,-0.19956242255091985,-0.19647890072866703,spread <= 0,False
0.2,AdrBalCnt_pct ~ sin roc_24,corto,249,-0.19143131384518727,0.3696323955246749,0.285140562248996,1.0,-0.0023310888964615814,1.0239621687055318,0.9830193324556253,-0.21396590669179355,-0.20071278012833912,spread <= 0,False
0.2,CapMVRVCur_chg7 ~ sin roc_24,corto,257,-0.19167663675314073,0.4992132230812365,0.3151750972762646,1.0,-0.002154693332537256,1.1782824460541508,1.0778052799943465,-0.2042323859925372,-0.195531851299067,spread <= 0,False
0.2,TxCnt_pct ~ sin roc_24,corto,249,-0.1917197509406012,0.42100351029745364,0.30120481927710846,1.0,-0.0018549402404360606,1.083481515223823,1.0342629591789954,-0.22176629661061908,-0.20480263123862583,spread <= 0,False
0.2,AdrActCnt_z ~ sin roc_24,corto,249,-0.19464369674405116,0.44364859119767547,0.30120481927710846,1.0,-0.002130767854844166,1.0629879643177371,1.0188797622299557,-0.20488226821613237,-0.20520013543240936,spread <= 0,False
0.2,pos_168,corto,257,-0.19643573354820593,0.5302311764204632,0.35797665369649806,1.0,-0.0021786417071824925,1.1007679905624952,1.0695198405868296,-0.2269797562454063,-0.20579588548567612,spread <= 0,False
0.2,AdrActCnt_chg7 [bajo],corto,257,-0.19674170936848243,0.42024249399404373,0.2723735408560311,1.0,-0.002287614856977483,1.0121614847627067,0.9380673431208983,-0.20245822948311967,-0.19879264766187846,spread <= 0,False
0.2,CONTROL azar 3,corto,257,-0.1972029322380523,0.3782625118362759,0.23346303501945526,1.0,-0.002454613673693159,1.0109466646664338,0.976041710520557,-0.2338359328993698,-0.21712946310946202,control,False
0.2,ticket_rel ~ sin roc_24,corto,257,-0.2004767119565377,0.3912342179021882,0.311284046692607,1.0,-0.0020807388621990174,1.0029246994433605,0.9977191460512562,-0.23476136251321827,-0.21574150320653274,spread <= 0,False
0.2,TxCnt [bajo],corto,257,-0.20189316590225623,0.38935495380357915,0.2801556420233463,1.0,-0.0027516127078653662,0.9785669552939045,0.9475303643517079,-0.2051627609424658,-0.20435927379183158,spread <= 0,False
0.2,CapMVRVCur_pct ~ sin roc_24 [bajo],corto,249,-0.20245972379365104,0.370138642139034,0.24497991967871485,1.0,-0.0025063414500203886,0.9501759023974695,0.9798337584494997,-0.22666352129740805,-0.21075727213739745,spread <= 0,False
0.2,CapMVRVCur_z ~ sin roc_24 [bajo],corto,249,-0.20361358711206773,0.44353719262832586,0.23694779116465864,1.0,-0.0026583564104110634,0.9599215761632158,0.9830766231848836,-0.23261785014196362,-0.21387938931091835,spread <= 0,False
0.2,TxTfrCnt [bajo],corto,257,-0.20555063403044854,0.37724748753599235,0.26848249027237353,1.0,-0.002785726809457026,0.9816991189111163,0.9499945280799447,-0.19144554207856176,-0.20144345265888247,spread <= 0,False
0.2,AdrBalCnt_chg7,corto,257,-0.20601169172509387,0.38109016415132546,0.245136186770428,1.0,-0.002686274049574186,1.0213538235666706,0.9789582744905247,-0.22452094496521868,-0.22364323170524672,spread <= 0,False
0.2,SplyCur_pct,corto,249,-0.20840991652955382,0.39550390672635255,0.26907630522088355,1.0,-0.0023355513142879437,0.9897017931898563,0.9789489613299499,-0.22636190025439004,-0.20646168093751746,spread <= 0,False
0.2,SplyCur,corto,257,-0.212358465520066,0.5096520640845158,0.3229571984435798,1.0,-0.0023238799086986034,1.016235023187942,0.9754183341975503,-0.1998779641305135,-0.20635070562842456,spread <= 0,False
0.2,dd_720,corto,257,-0.21541360351749586,0.46963975652518736,0.3035019455252918,1.0,-0.0019350870584328328,0.9057164972353448,1.0423973929871697,-0.23404305310702125,-0.21747650222975679,spread <= 0,False
0.2,AdrBalCnt_z ~ sin roc_24,corto,249,-0.21644632766269428,0.3795442414849988,0.21686746987951808,1.0,-0.002660022759809094,1.0114930521500864,0.9787319903973888,-0.22233050298254015,-0.21298866921704743,spread <= 0,False
0.2,pos_168 ~ sin roc_24,corto,257,-0.21704442834473933,0.48473110726214946,0.3463035019455253,1.0,-0.0019335698741670365,1.0601965157624125,1.0305130562754243,-0.23125823858350114,-0.21861942122251515,spread <= 0,False
0.2,CONTROL azar 2,corto,257,-0.21887008034524055,0.35815978201099347,0.2490272373540856,1.0,-0.002653848637814801,1.010702159418212,0.97803177926425,-0.22973524973051737,-0.22067595551754018,control,False
0.2,dd_168,corto,257,-0.22288902901034932,0.4541434534185303,0.30739299610894943,1.0,-0.0020690635675743346,0.8726874223137698,0.9998469504481478,-0.2302051569850975,-0.2250754451434151,spread <= 0,False
0.2,AdrBalCnt ~ sin roc_24,corto,257,-0.22924412429776764,0.4192861024831056,0.26848249027237353,1.0,-0.0022273533767643394,0.8941086134780245,0.9967648220652605,-0.23893900891459863,-0.23353598198011022,spread <= 0,False
0.2,desbal_24,corto,257,-0.2313495706794012,0.394953638237375,0.2918287937743191,1.0,-0.0026115260417754857,0.9771111049833657,0.9775806744798679,-0.24098466485328177,-0.233071211325605,spread <= 0,False
0.2,AdrActCnt ~ sin roc_24,corto,257,-0.23458693434582967,0.4199674813371294,0.2607003891050584,1.0,-0.0020538273746973073,0.8855753964023606,1.0119615025042161,-0.2523401838317334,-0.23985699213217332,spread <= 0,False
0.2,desbal_168,corto,257,-0.23888945670327444,0.39401015358061253,0.22957198443579765,1.0,-0.0026170602829462563,0.9548495431659639,0.9867896885363816,-0.2541456157359349,-0.2444298252184491,spread <= 0,False
0.2,desbal_24 ~ sin roc_24,corto,257,-0.23927730493110522,0.3811518494486763,0.23346303501945526,1.0,-0.002705310845845817,0.9703411681195178,0.9714595819086431,-0.26804119427611456,-0.25088375769164506,spread <= 0,False
0.2,desbal_168 ~ sin roc_24,corto,257,-0.24235733862174325,0.3710049543141295,0.2178988326848249,1.0,-0.0026469865854661097,0.9560406312141,0.9860506731912642,-0.2542852810168336,-0.24614662326128736,spread <= 0,False
0.2,dd_168 ~ sin roc_24,corto,257,-0.24520815365860746,0.42671273883756067,0.2801556420233463,1.0,-0.0020798425970131,0.8464660535442494,0.9740581605729145,-0.2654005866220802,-0.2552547083304044,spread <= 0,False
0.2,dd_720 ~ sin roc_24,corto,257,-0.24661818337717908,0.4290741128719932,0.2918287937743191,1.0,-0.002174594324514431,0.8893305035048861,1.015018344940994,-0.25812544560357836,-0.2496184976904658,spread <= 0,False
0.2,TxCnt ~ sin roc_24,corto,257,-0.248444453742515,0.4991843958366337,0.27626459143968873,1.0,-0.002222745186059754,0.8927537833958327,1.0066333736661295,-0.2694441343669109,-0.2562605461506046,spread <= 0,False
0.2,TxTfrCnt ~ sin roc_24,corto,257,-0.2534738480027176,0.4184805384564712,0.24124513618677043,1.0,-0.0023275403820459256,0.8691234868647925,1.0014766699517246,-0.26745556978275586,-0.25729054536977486,spread <= 0,False
0.2,vol_24 [bajo],corto,257,-0.2542541455793358,0.35932077551858843,0.21011673151750973,1.0,-0.002111802242279504,0.695080910147514,0.8834114534098514,-0.2617378740343543,-0.25631291025679015,spread <= 0,False
0.2,TxTfrCnt,corto,257,-0.2545114884905809,0.4147680458671524,0.23735408560311283,1.0,-0.0022183861276669652,0.8290255734540052,0.977789728396228,-0.2813105732588943,-0.25758163152162594,spread <= 0,False
0.2,AdrActCnt,corto,257,-0.2561547109495481,0.41374099871721837,0.2607003891050584,1.0,-0.002145937389421004,0.8239606007085634,0.9761810984241269,-0.27655004708612263,-0.2640476176844834,spread <= 0,False
0.2,AdrBalCnt,corto,257,-0.2566413386845399,0.5011544442236308,0.2607003891050584,1.0,-0.0023332702946720018,0.8432916415283915,0.9744949075174603,-0.2547471742627764,-0.25401304965953486,spread <= 0,False
0.2,rango_168 [bajo],corto,257,-0.25927665623472573,0.3856053084064884,0.2140077821011673,1.0,-0.0022181115249251195,0.7410679502350335,0.9228505922550927,-0.2641198845563437,-0.2610147754218275,spread <= 0,False
0.2,vol_24 ~ sin roc_24 [bajo],corto,257,-0.26479211283244974,0.36769988227760336,0.20233463035019456,1.0,-0.0023099024706040635,0.7404083116079815,0.9063767709956518,-0.2715087714987317,-0.2700773816520367,spread <= 0,False
0.2,vol_168 [bajo],corto,257,-0.2664702737172448,0.3882759146858166,0.2178988326848249,1.0,-0.0020459703693385504,0.7047435314461682,0.9340952660598376,-0.2720088790968382,-0.2699805157771629,spread <= 0,False
0.2,atr_24 [bajo],corto,257,-0.2782573232823027,0.385469532436413,0.19455252918287938,1.0,-0.002260493955258613,0.6831391556781261,0.8871873018591596,-0.2747496320954175,-0.2880373341988514,spread <= 0,False
0.2,TxCnt,corto,257,-0.28241471324965534,0.46459126306161325,0.22957198443579765,1.0,-0.00244222923420922,0.8265764229474665,0.9760144488416896,-0.29068409431209363,-0.29267714662914107,spread <= 0,False
0.2,vol_168 ~ sin roc_24 [bajo],corto,257,-0.28660195289186796,0.3965438915102218,0.2178988326848249,1.0,-0.002418304320800757,0.7318483783779421,0.9469293254194133,-0.30182520949720976,-0.2881050194322849,spread <= 0,False
0.2,rango_168 ~ sin roc_24 [bajo],corto,257,-0.2883588465243932,0.4158651086697471,0.21011673151750973,1.0,-0.002587078402597546,0.7778291552095045,0.9369188343369647,-0.2899389487543208,-0.29364234791714183,spread <= 0,False
0.2,atr_24 ~ sin roc_24 [bajo],corto,257,-0.29022051422876594,0.42089481565627646,0.2140077821011673,1.0,-0.0024584157742714584,0.7082228099747762,0.9051255173405836,-0.30077249291530894,-0.2928198510673123,spread <= 0,False
0.2,IssTotNtv_chg7,corto,0,,,,1.0,,,,,,POCAS SEMANAS (<8),False
0.2,IssTotNtv_chg30,corto,0,,,,1.0,,,,,,POCAS SEMANAS (<8),False
0.2,IssTotNtv_z,corto,0,,,,1.0,,,,,,POCAS SEMANAS (<8),False
0.2,SplyCur_z,corto,0,,,,1.0,,,,,,POCAS SEMANAS (<8),False
0.2,IssTotNtv_chg7 ~ sin roc_24,corto,0,,,,1.0,,,,,,POCAS SEMANAS (<8),False
0.2,IssTotNtv_chg30 ~ sin roc_24,corto,0,,,,1.0,,,,,,POCAS SEMANAS (<8),False
0.2,IssTotNtv_z ~ sin roc_24,corto,0,,,,1.0,,,,,,POCAS SEMANAS (<8),False
0.2,SplyCur_z ~ sin roc_24,corto,0,,,,1.0,,,,,,POCAS SEMANAS (<8),False
0.2,IssTotNtv_chg7 [bajo],corto,0,,,,1.0,,,,,,POCAS SEMANAS (<8),False
0.2,IssTotNtv_chg30 [bajo],corto,0,,,,1.0,,,,,,POCAS SEMANAS (<8),False
0.2,IssTotNtv_z [bajo],corto,0,,,,1.0,,,,,,POCAS SEMANAS (<8),False
0.2,SplyCur_z [bajo],corto,0,,,,1.0,,,,,,POCAS SEMANAS (<8),False
0.2,IssTotNtv_chg7 ~ sin roc_24 [bajo],corto,0,,,,1.0,,,,,,POCAS SEMANAS (<8),False
0.2,IssTotNtv_chg30 ~ sin roc_24 [bajo],corto,0,,,,1.0,,,,,,POCAS SEMANAS (<8),False
0.2,IssTotNtv_z ~ sin roc_24 [bajo],corto,0,,,,1.0,,,,,,POCAS SEMANAS (<8),False
0.2,SplyCur_z ~ sin roc_24 [bajo],corto,0,,,,1.0,,,,,,POCAS SEMANAS (<8),False
0.2,desbal_24 ~ sin roc_24,largo,257,-0.1160496673982427,0.38459611575245406,0.3540856031128405,1.0,-0.0012946891541541854,0.9703411681195178,0.9714595819086431,-0.12684258474459364,-0.11533773365377929,spread <= 0,False
0.2,desbal_24,largo,257,-0.12352852293399395,0.3892676232149845,0.3424124513618677,1.0,-0.0013884739582245168,0.9771111049833657,0.9775806744798679,-0.1322010435354426,-0.1330680406052582,spread <= 0,False
0.2,CONTROL azar 2,largo,257,-0.1239189521344603,0.36584634145875633,0.3151750972762646,1.0,-0.0013461513621852016,1.010702159418212,0.97803177926425,-0.16218762342272908,-0.12942866647076776,control,False
0.2,SplyCur,largo,257,-0.12392441618962644,0.5093182290958731,0.25680933852140075,1.0,-0.0016761200913013986,1.016235023187942,0.9754183341975503,-0.16781824277229385,-0.13723236058934443,spread <= 0,False
0.2,desbal_168 ~ sin roc_24,largo,257,-0.12419557547037216,0.36559366151452566,0.311284046692607,1.0,-0.0013530134145338924,0.9560406312141,0.9860506731912642,-0.15434868709253058,-0.14660332119425348,spread <= 0,False
0.2,rango_168,largo,257,-0.12487273364523283,0.5400595787457093,0.32684824902723736,1.0,-0.0017529689558801798,1.4316961833745678,1.0968666961898692,-0.16549444494265445,-0.14355111370029008,spread <= 0,False
0.2,AdrBalCnt_z ~ sin roc_24,largo,249,-0.12717033934897004,0.38348328640822993,0.30522088353413657,1.0,-0.0013399772401909082,1.0114930521500864,0.9787319903973888,-0.15353593878192331,-0.1399557716105357,spread <= 0,False
0.2,desbal_168,largo,257,-0.12903654372084136,0.39185551937281377,0.31906614785992216,1.0,-0.0013829397170537455,0.9548495431659639,0.9867896885363816,-0.16330814017743628,-0.13917992303884702,spread <= 0,False
0.2,AdrBalCnt_chg7,largo,257,-0.1316821665298148,0.3834796926141752,0.3424124513618677,1.0,-0.001313725950425816,1.0213538235666706,0.9789582744905247,-0.16482661295677578,-0.14595437062004296,spread <= 0,False
0.2,atr_24,largo,257,-0.13336301204969292,0.5925339722706923,0.3463035019455253,1.0,-0.0019359424333984698,1.5879282791244371,1.2195899205496787,-0.19236109694062556,-0.1624623221337801,spread <= 0,False
0.2,AdrActCnt_chg7 [bajo],largo,257,-0.13445315090136573,0.4172029505494912,0.29571984435797666,1.0,-0.001712385143022519,1.0121614847627067,0.9380673431208983,-0.16559017102691942,-0.14315933901244723,spread <= 0,False
0.2,roc_720,largo,257,-0.13609930858482086,0.5338929621874396,0.3151750972762646,1.0,-0.0020747303199260504,1.2383044319279257,1.0279719618446839,-0.1637055873016321,-0.15190818613544949,spread <= 0,False
0.2,SplyCur_pct,largo,249,-0.13655205694948352,0.39512649920905624,0.30120481927710846,1.0,-0.0016644486857120588,0.9897017931898563,0.9789489613299499,-0.15834019907664534,-0.14952031834557242,spread <= 0,False
0.2,pos_168 ~ sin roc_24,largo,257,-0.1375875031266968,0.46900131400054834,0.3035019455252918,1.0,-0.002066430125832966,1.0601965157624125,1.0305130562754243,-0.18373719256194826,-0.16259185530693376,spread <= 0,False
0.2,CapMVRVCur_chg7 ~ sin roc_24,largo,257,-0.13805927476285157,0.5014432326739254,0.29961089494163423,1.0,-0.0018453066674627458,1.1782824460541508,1.0778052799943465,-0.17053623432350573,-0.15271261334529493,spread <= 0,False
0.2,TxTfrCnt [bajo],largo,257,-0.13851121063424127,0.3861140613360798,0.311284046692607,1.0,-0.001214273190542977,0.9816991189111163,0.9499945280799447,-0.1788057646241496,-0.14963521067853822,spread <= 0,False
0.2,TxCnt,largo,257,-0.14038897618685373,0.4523282767309463,0.27626459143968873,1.0,-0.001557770765790782,0.8265764229474665,0.9760144488416896,-0.17518407164275687,-0.14574378113963704,spread <= 0,False
0.2,rango_168 ~ sin roc_24 [bajo],largo,257,-0.1406667541704737,0.41226842665224306,0.33073929961089493,1.0,-0.0014129215974024558,0.7778291552095045,0.9369188343369647,-0.1668031264579186,-0.16217906284977673,spread <= 0,False
0.2,CapMVRVCur_chg7,largo,257,-0.1428080324298283,0.5400831103824665,0.311284046692607,1.0,-0.0019986382142714444,1.21328629029455,1.099444835795906,-0.175534362069389,-0.1546103362298373,spread <= 0,False
0.2,TxCnt [bajo],largo,257,-0.14319583373078454,0.39542008270318274,0.3346303501945525,1.0,-0.0012483872921346356,0.9785669552939045,0.9475303643517079,-0.17717321136853043,-0.15475502698099922,spread <= 0,False
0.2,CapMVRVCur_pct,largo,249,-0.14430957214342222,0.5576857403838634,0.3132530120481928,1.0,-0.0023003586222378686,1.1851701858266779,1.0015485913134983,-0.18193877446469348,-0.15682160294561162,spread <= 0,False
0.2,CONTROL azar 3,largo,257,-0.14496719350307796,0.3848882641205739,0.29961089494163423,1.0,-0.0015453863263068432,1.0109466646664338,0.976041710520557,-0.1493031002318228,-0.14460768990004957,control,False
0.2,TxTfrCnt_chg7 [bajo],largo,257,-0.14547809919080973,0.39459063662813193,0.2840466926070039,1.0,-0.0018225330445511912,1.00818948799158,0.9278378911868141,-0.18440992558946165,-0.15793285681673067,spread <= 0,False
0.2,turnover ~ sin roc_24 [bajo],largo,257,-0.14739252601643724,0.40224100108073985,0.29571984435797666,1.0,-0.0018862076949550566,1.0556855394394824,0.977638441144254,-0.1679839426228885,-0.1516723245005127,spread <= 0,False
0.2,n_surge ~ sin roc_24 [bajo],largo,257,-0.14777778774015432,0.4057167725923919,0.29571984435797666,1.0,-0.0018703962639720906,1.0468219531166871,0.9752073041985667,-0.18584566099038483,-0.1630293514663789,spread <= 0,False
0.2,SplyCur_chg30,largo,257,-0.14844742471158628,0.3747140010469704,0.2918287937743191,1.0,-0.001988385876368126,1.0852939820316747,0.980305979334597,-0.17219659869483478,-0.1515164083520431,spread <= 0,False
0.2,CapMVRVCur_chg30,largo,257,-0.1484791611261892,0.48631203241163923,0.28793774319066145,1.0,-0.0022200764943586817,1.205778620010335,1.02416206413403,-0.17454245958954767,-0.16033121148002705,spread <= 0,False
0.2,TxTfrCnt_chg7 ~ sin roc_24 [bajo],largo,257,-0.1485844735116298,0.4112902360996543,0.2840466926070039,1.0,-0.0017686460237295483,1.0239199332242541,0.9484705907306139,-0.1819898424895952,-0.1650121159536843,spread <= 0,False
0.2,AdrBalCnt_pct ~ sin roc_24,largo,249,-0.14869196996563258,0.3660068311734101,0.285140562248996,1.0,-0.0016689111035384206,1.0239621687055318,0.9830193324556253,-0.16649496831727542,-0.1644732442741368,spread <= 0,False
0.2,roc_720 ~ sin roc_24,largo,257,-0.15033933631239546,0.5243402245395721,0.3229571984435798,1.0,-0.0023636528346858135,1.207582800327273,1.012842159035642,-0.19123013605955558,-0.16327318722894701,spread <= 0,False
0.2,CapMVRVCur [bajo],largo,257,-0.15122763088291535,0.3941096291978534,0.27626459143968873,1.0,-0.0017031573102813846,1.023095244554388,0.9822577580594816,-0.1884533672117194,-0.17091218619133025,spread <= 0,False
0.2,compresion ~ sin roc_24 [bajo],largo,257,-0.1515450386940696,0.4557740452001252,0.2918287937743191,1.0,-0.0018658580882746987,0.96336860416273,0.8954710380030635,-0.18157751554353674,-0.1609331263041516,spread <= 0,False
0.2,TxCnt ~ sin roc_24,largo,257,-0.15255956196120507,0.48860455930660834,0.3151750972762646,1.0,-0.001777254813940248,0.8927537833958327,1.0066333736661295,-0.1774518231475079,-0.16374810694996916,spread <= 0,False
0.2,CapMVRVCur_z,largo,249,-0.15305369182522027,0.5400802887499525,0.3253012048192771,1.0,-0.0023638830670759574,1.167522636610417,0.9957700921683146,-0.18437896256582212,-0.16712006452579342,spread <= 0,False
0.2,ticket_rel ~ sin roc_24,largo,257,-0.153148047677811,0.3867137060189497,0.2918287937743191,1.0,-0.0019192611378009844,1.0029246994433605,0.9977191460512562,-0.17198327603186864,-0.1534559420107129,spread <= 0,False
0.2,AdrActCnt_z ~ sin roc_24,largo,249,-0.15321195621369424,0.44093578171101155,0.3453815261044177,1.0,-0.0018692321451558359,1.0629879643177371,1.0188797622299557,-0.1859342389757091,-0.17488144490247953,spread <= 0,False
0.2,roc_168 ~ sin roc_24,largo,257,-0.15355263270586267,0.5051529608155468,0.30739299610894943,1.0,-0.0020891319532895048,1.2189158279712946,1.0996647718236403,-0.19123500085144454,-0.17476939779494455,spread <= 0,False
0.2,TxCnt_chg7 [bajo],largo,257,-0.15378236099451825,0.37927248835517774,0.23735408560311283,1.0,-0.002044666665234659,1.01229923720734,0.926078666709929,-0.18097257861680427,-0.16463359769015268,spread <= 0,False
0.2,AdrBalCnt,largo,257,-0.15409794054354667,0.4899587985807242,0.3229571984435798,1.0,-0.001666729705328,0.8432916415283915,0.9744949075174603,-0.16628610830816898,-0.16689650461322014,spread <= 0,False
0.2,roc_24 [bajo],largo,257,-0.15438274690632925,0.3938950503461381,0.33852140077821014,1.0,-0.002185227435588512,1.0987992247148735,0.9816642356543035,-0.16545279891358983,-0.163392940171911,spread <= 0,False
0.2,TxTfrCnt ~ sin roc_24,largo,257,-0.15477318170913928,0.40646775475064234,0.3151750972762646,1.0,-0.001672459617954076,0.8691234868647925,1.0014766699517246,-0.186028624464128,-0.1719584242238815,spread <= 0,False
0.2,roc_72 [bajo],largo,257,-0.15477986617359282,0.3831673043553605,0.3424124513618677,1.0,-0.001944228382187422,1.049569653305772,0.9326659362986871,-0.17121867628004506,-0.15781142195190137,spread <= 0,False
0.2,vol_168,largo,257,-0.15547383713715895,0.586822985454205,0.31906614785992216,1.0,-0.0023331304240043643,1.4848481236083435,1.0886498872259989,-0.19590972702140186,-0.17695236349429339,spread <= 0,False
0.2,AdrBalCnt_chg7 ~ sin roc_24,largo,257,-0.1558293687727258,0.3597245646928298,0.3035019455252918,1.0,-0.0016135778332664477,1.0297309149432552,0.9842157976198697,-0.1874715474085873,-0.16773241730561678,spread <= 0,False
0.2,CapMVRVCur_pct ~ sin roc_24,largo,249,-0.15605920731060002,0.4364238516681608,0.2891566265060241,1.0,-0.0024349167501201167,1.1543992350600911,0.9942223271245807,-0.19020518496029779,-0.16973019215169183,spread <= 0,False
0.2,SplyCur_chg7,largo,257,-0.156093100543503,0.34075376952055253,0.2840466926070039,1.0,-0.0018995695938413344,1.0677123720035469,0.9805996774561655,-0.16452452253523148,-0.1601575729736469,spread <= 0,False
0.2,TxCnt_pct ~ sin roc_24,largo,249,-0.15618072671705494,0.4117721401588911,0.30120481927710846,1.0,-0.002145059759563942,1.083481515223823,1.0342629591789954,-0.19296041319946747,-0.17288540005053507,spread <= 0,False
0.2,CapMVRVCur_z ~ sin roc_24 [bajo],largo,249,-0.15634569131947826,0.45039446965458696,0.26907630522088355,1.0,-0.0013416435895889387,0.9599215761632158,0.9830766231848836,-0.17339132300878568,-0.16689732787630898,spread <= 0,False
0.2,IssTotNtv_pct [bajo],largo,249,-0.15707202563795652,0.38683150386780313,0.26104417670682734,1.0,-0.0020353988373120377,1.0002940979956636,0.9788537862797613,-0.14682819761138183,-0.15694038248719766,spread <= 0,False
0.2,TxCnt_chg7 ~ sin roc_24 [bajo],largo,257,-0.15711429785016195,0.40929457333003355,0.23735408560311283,1.0,-0.002044287945921486,1.0266287620388983,0.9457575127646198,-0.18072168193519508,-0.16474107479372668,spread <= 0,False
0.2,pos_168,largo,257,-0.15778078124208206,0.5240595625371465,0.33852140077821014,1.0,-0.0018213582928175097,1.1007679905624952,1.0695198405868296,-0.1824857233216164,-0.173611045638423,spread <= 0,False
0.2,AdrBalCnt_z,largo,249,-0.15791734811134703,0.3873003776219835,0.26907630522088355,1.0,-0.0016581173364095436,1.0006560941725002,0.979192628084191,-0.19581649589934555,-0.18393038862158514,spread <= 0,False
0.2,AdrActCnt_chg7 ~ sin roc_24 [bajo],largo,257,-0.15900602193291133,0.416269231457417,0.26459143968871596,1.0,-0.0019990807877650982,1.0244734174908958,0.9524374338916491,-0.18245360753840262,-0.1667853459454658,spread <= 0,False
0.2,SplyCur_chg30 ~ sin roc_24,largo,257,-0.15936860936183095,0.3486469806279377,0.29961089494163423,1.0,-0.0020734758275268005,1.08090904358676,0.9834837678406865,-0.18765620631647317,-0.16580396894611987,spread <= 0,False
0.2,dd_168 [bajo],largo,257,-0.15938143016551787,0.45920404426074024,0.3463035019455253,1.0,-0.0020184745293236727,1.2427997444508285,0.9975575729954989,-0.1861028943727504,-0.17603051311498943,spread <= 0,False
0.2,rango_168 ~ sin roc_24,largo,257,-0.1594890666398188,0.5260107984969815,0.29961089494163423,1.0,-0.002185443287397173,1.3817604934455425,1.08316511116642,-0.1929251588142231,-0.17328383794580007,spread <= 0,False
0.2,CapMVRVCur_pct ~ sin roc_24 [bajo],largo,249,-0.16002777820775504,0.3752117477669496,0.2570281124497992,1.0,-0.001493658549979614,0.9501759023974695,0.9798337584494997,-0.17507259969556246,-0.16542544520127841,spread <= 0,False
0.2,CapMVRVCur ~ sin roc_24 [bajo],largo,257,-0.16026769525893503,0.34272288229622816,0.26459143968871596,1.0,-0.0017703909100693564,1.0165125457635564,0.9765689866804593,-0.1667194120314016,-0.1521442853857636,spread <= 0,False
0.2,TxCnt_z ~ sin roc_24,largo,249,-0.1613008995980162,0.46312343543901335,0.3333333333333333,1.0,-0.002165740411441123,1.081054772423462,1.0425622980020748,-0.18630859619438944,-0.1782482926049933,spread <= 0,False
0.2,AdrBalCnt_chg30 ~ sin roc_24 [bajo],largo,257,-0.16130851923845593,0.38498490290806137,0.2840466926070039,1.0,-0.002002988467977096,1.0109546811539813,0.9839905644785478,-0.17042346717307938,-0.1733298350731106,spread <= 0,False
0.2,TxCnt_pct,largo,249,-0.16137106205081758,0.5723191869346538,0.3333333333333333,1.0,-0.002210517393437983,1.1286883961052803,1.05990433925461,-0.1971793700995789,-0.1813755535411567,spread <= 0,False
0.2,dd_720 ~ sin roc_24,largo,257,-0.1618059791921233,0.4272567766846331,0.33073929961089493,1.0,-0.001825405675485571,0.8893305035048861,1.015018344940994,-0.18419843327998728,-0.18312214697656728,spread <= 0,False
0.2,compresion [bajo],largo,257,-0.16214337723879854,0.4301463967902971,0.26848249027237353,1.0,-0.00201466714015406,0.9505163973020938,0.8803072666699492,-0.1835945570026622,-0.17532453474255066,spread <= 0,False
0.2,TxCnt_z,largo,249,-0.16236044098264188,0.5270727762517755,0.3413654618473896,1.0,-0.0020894115497592162,1.090896960769353,1.0480143122774073,-0.19871524089586395,-0.1829563237638608,spread <= 0,False
0.2,roc_72 ~ sin roc_24,largo,257,-0.16236697253439897,0.4988335848482041,0.33073929961089493,1.0,-0.0022828519689232782,1.1944714279974233,1.0962752830955695,-0.18735938269218044,-0.17239913525405487,spread <= 0,False
0.2,roc_168 ~ sin roc_24 [bajo],largo,257,-0.1625059132839162,0.4475067044424417,0.311284046692607,1.0,-0.001999326580910251,1.0513894085333884,0.9356703815915606,-0.1726906619828841,-0.166236952568409,spread <= 0,False
0.2,dd_168 ~ sin roc_24,largo,257,-0.16282308096038145,0.4225489044586317,0.2840466926070039,1.0,-0.0019201574029869017,0.8464660535442494,0.9740581605729145,-0.19051483271759756,-0.1886122191504834,spread <= 0,False
0.2,dd_168 ~ sin roc_24 [bajo],largo,257,-0.16384643518681047,0.4911467650065763,0.30739299610894943,1.0,-0.002082901746320497,1.264247459151218,1.0129107616268473,-0.20284860217533854,-0.18405402098278428,spread <= 0,False
0.2,AdrBalCnt_chg30 [bajo],largo,257,-0.16416315774123152,0.3793598782299702,0.26848249027237353,1.0,-0.001995400468962858,1.0085229120025188,0.9805642177331266,-0.15373531249549413,-0.16911850329950318,spread <= 0,False
0.2,AdrBalCnt ~ sin roc_24,largo,257,-0.164791442313581,0.41225912511255824,0.32684824902723736,1.0,-0.0017726466232356626,0.8941086134780245,0.9967648220652605,-0.15915458804238006,-0.1651981482937513,spread <= 0,False
0.2,CapMVRVCur_z ~ sin roc_24,largo,249,-0.16547664286430733,0.42218000051491167,0.285140562248996,1.0,-0.002493226746848008,1.1570048751253985,0.9937950692268936,-0.1843938456598824,-0.17546196066079178,spread <= 0,False
0.2,TxTfrCnt,largo,257,-0.16577126180612814,0.4088919775891531,0.2840466926070039,1.0,-0.0017816138723330364,0.8290255734540052,0.977789728396228,-0.16553818348584476,-0.1727147609127967,spread <= 0,False
0.2,atr_24 ~ sin roc_24 [bajo],largo,257,-0.16580484538603937,0.4130128283985704,0.29571984435797666,1.0,-0.0015415842257285436,0.7082228099747762,0.9051255173405836,-0.1917694438525083,-0.18300875423760155,spread <= 0,False
0.2,roc_720 ~ sin roc_24 [bajo],largo,257,-0.16591153327034575,0.4430855760370282,0.2918287937743191,1.0,-0.001706733351268858,1.0360625312163023,0.968507639821909,-0.1891306591097455,-0.17591139471357967,spread <= 0,False
0.2,IssTotNtv_pct ~ sin roc_24 [bajo],largo,249,-0.16623560271408797,0.3674445754211869,0.2570281124497992,1.0,-0.0020929668711739675,1.0069360285488607,0.9848293008609693,-0.18309418916840906,-0.17831173603457331,spread <= 0,False
0.2,AdrActCnt,largo,257,-0.1663440193660609,0.4039795896232372,0.2801556420233463,1.0,-0.001854062610578998,0.8239606007085634,0.9761810984241269,-0.16573242020764523,-0.17938083971866212,spread <= 0,False
0.2,TxCnt_chg30,largo,257,-0.1667719012997004,0.5095911241663743,0.2723735408560311,1.0,-0.0019727840683084552,1.1643810697193389,1.0708668965517454,-0.18029888100495695,-0.1733462878537357,spread <= 0,False
0.2,SplyCur_chg7 ~ sin roc_24,largo,257,-0.1668040290460321,0.34911444802311226,0.2918287937743191,1.0,-0.0021508643046883732,1.0671703188746373,0.9818062466516901,-0.17113532257273292,-0.17226532794207366,spread <= 0,False
0.2,SplyCur [bajo],largo,257,-0.16823741902121148,0.4000830818238272,0.26848249027237353,1.0,-0.001994365564990891,0.9488096311355104,0.979116239860822,-0.17043856668414153,-0.16822305391936615,spread <= 0,False
0.2,TxCnt_chg30 ~ sin roc_24,largo,257,-0.16858244836135955,0.5030956628858231,0.26459143968871596,1.0,-0.00194003202636363,1.157991357061962,1.0638471155012292,-0.19046854533870997,-0.17758478264411204,spread <= 0,False
0.2,dd_720 [bajo],largo,257,-0.16871571381506267,0.4266629943112283,0.2918287937743191,1.0,-0.0018547520704362637,1.1545806375960115,0.9391405480127673,-0.19290208711058787,-0.18043470314737084,spread <= 0,False
0.2,IssTotNtv_pct,largo,249,-0.16890646985646338,0.31851898417866975,0.23694779116465864,1.0,-0.0018601218040943657,0.9835110933914788,0.982163198764182,-0.17529761905938213,-0.17845227662678484,spread <= 0,False
0.2,CONTROL azar 1,largo,257,-0.1693452890934577,0.3631274967508974,0.23346303501945526,1.0,-0.001912046216391338,1.009276852941633,0.9789806281482095,-0.19160475818969142,-0.17543806197750736,control,False
0.2,vol_24,largo,257,-0.16996551605581442,0.5521756494881968,0.311284046692607,1.0,-0.0024254084672075986,1.559853495557897,1.2120274357607626,-0.2094989755993241,-0.19039596115685167,spread <= 0,False
0.2,TxCnt_chg7,largo,257,-0.1700119704756713,0.4655537333633482,0.29961089494163423,1.0,-0.001973835035573288,1.1514541136745695,1.0764468177371889,-0.19433364760401947,-0.179603689774539,spread <= 0,False
0.2,AdrActCnt [bajo],largo,257,-0.1701577460528372,0.41901949942361677,0.29961089494163423,1.0,-0.0016741894431422345,0.9817787019814944,0.9652509191749608,-0.16246181051973127,-0.1742111962547449,spread <= 0,False
0.2,IssTotNtv ~ sin roc_24,largo,257,-0.17025262045426492,0.4283130196135474,0.28793774319066145,1.0,-0.0022522094106781887,1.1414825836764266,1.0326209122309364,-0.17322566749546428,-0.18034659698881617,spread <= 0,False
0.2,AdrBalCnt_chg7 ~ sin roc_24 [bajo],largo,257,-0.17041696000820888,0.3579756073345564,0.29961089494163423,1.0,-0.002187454182025886,1.019979379121918,0.9912832800067973,-0.18534437764121947,-0.17398016956506526,spread <= 0,False
0.2,TxTfrCnt_pct ~ sin roc_24 [bajo],largo,249,-0.17095819480918317,0.36646153712251206,0.23293172690763053,1.0,-0.001999566387414465,0.9504851816580003,0.9470875152058176,-0.19465320833217462,-0.18473582645212874,spread <= 0,False
0.2,roc_72 ~ sin roc_24 [bajo],largo,257,-0.17121626965214767,0.3987498949183189,0.28793774319066145,1.0,-0.001969500615966009,1.0640523223271827,0.9536816884832945,-0.17181598740288892,-0.17337311565742095,spread <= 0,False
0.2,CapMVRVCur ~ sin roc_24,largo,257,-0.17145962287668737,0.40519681921443323,0.2801556420233463,1.0,-0.0020381690791328633,0.959379102052235,0.9807394300802292,-0.19719014143269686,-0.18034801049604016,spread <= 0,False
0.2,TxCnt_pct [bajo],largo,249,-0.17147650161818415,0.39873120117058897,0.2570281124497992,1.0,-0.001960979115324744,0.9490177895923545,0.9426207973739102,-0.18935683489917027,-0.18269405329874394,spread <= 0,False
0.2,CapMVRVCur_chg30 ~ sin roc_24,largo,257,-0.1715717419533659,0.46807702243456495,0.27626459143968873,1.0,-0.0025955720412421733,1.1864606181037234,1.0154090997700471,-0.18266586270146562,-0.17546061680619124,spread <= 0,False
0.2,AdrActCnt ~ sin roc_24,largo,257,-0.17179520895372338,0.41242844011245966,0.32684824902723736,1.0,-0.0019461726253026945,0.8855753964023606,1.0119615025042161,-0.17889741978975812,-0.17434081298404042,spread <= 0,False
0.2,TxTfrCnt_chg30,largo,257,-0.1721485941547712,0.48984364520885343,0.29961089494163423,1.0,-0.0020659763262260585,1.1636724472774587,1.0631962946367501,-0.18928404524339715,-0.1822021482792283,spread <= 0,False
0.2,TxCnt_pct ~ sin roc_24 [bajo],largo,249,-0.17217558389121437,0.3913718641009839,0.24497991967871485,1.0,-0.0019695624122439965,0.9491040075810868,0.9446747190706158,-0.19524866527013385,-0.18726215979461946,spread <= 0,False
0.2,vol_168 ~ sin roc_24 [bajo],largo,257,-0.17229788401671697,0.3951901227614878,0.30739299610894943,1.0,-0.0015816956791992454,0.7318483783779421,0.9469293254194133,-0.16191073434678596,-0.1743983832800059,spread <= 0,False
0.2,CapMVRVCur_chg30 ~ sin roc_24 [bajo],largo,257,-0.17235326413278418,0.40460192582899895,0.29961089494163423,1.0,-0.0017842606630615759,0.9999297104131089,0.9659009243776395,-0.19650372274488592,-0.185038602356343,spread <= 0,False
0.2,SplyCur_chg30 ~ sin roc_24 [bajo],largo,257,-0.17235710502011756,0.42977641171582803,0.2918287937743191,1.0,-0.002014725306844752,1.0548709435020178,0.9974835911486121,-0.1906367545814444,-0.18006225960253133,spread <= 0,False
0.2,vol_24 ~ sin roc_24 [bajo],largo,257,-0.17235807750925558,0.3649789980815053,0.2607003891050584,1.0,-0.0016900975293959385,0.7404083116079815,0.9063767709956518,-0.21332038165684944,-0.19614409113002584,spread <= 0,False
0.2,CapMVRVCur_z [bajo],largo,249,-0.1723956315572754,0.43911018979006555,0.2971887550200803,1.0,-0.0015614054028270734,0.9562380190472846,0.9811085141020599,-0.18586080264488478,-0.1769794675252335,spread <= 0,False
0.2,SplyCur_chg7 [bajo],largo,257,-0.17259865391212173,0.3711570214523352,0.2490272373540856,1.0,-0.0019871427995427214,0.9825441290966287,0.9754954461286776,-0.19436417595116395,-0.18058818918234146,spread <= 0,False
0.2,SplyCur ~ sin roc_24 [bajo],largo,257,-0.1726728029491862,0.4178951628597826,0.3035019455252918,1.0,-0.0021338243289246474,1.071632828942553,1.0015424870032268,-0.18703178758487723,-0.17561482402166498,spread <= 0,False
0.2,AdrActCnt_z,largo,249,-0.17298032771373958,0.5120375981817714,0.321285140562249,1.0,-0.0020920734015502404,1.0675169252714543,1.024177391700175,-0.21688507588791509,-0.19264672495934812,spread <= 0,False
0.2,roc_720 [bajo],largo,257,-0.17319201887805546,0.413429824208271,0.2918287937743191,1.0,-0.0017670020812146116,1.024215130797546,0.9557021618275165,-0.19194664784376275,-0.17716778495417154,spread <= 0,False
0.2,AdrBalCnt_chg30 ~ sin roc_24,largo,257,-0.17327830483710463,0.36950417341927044,0.3151750972762646,1.0,-0.0018236527821043423,1.0269980861299688,0.9790464430044266,-0.18648312715975515,-0.18734143502809508,spread <= 0,False
0.2,AdrBalCnt_chg30,largo,257,-0.1737822821222762,0.358100702900842,0.2723735408560311,1.0,-0.0018316544735207598,1.0207388673115312,0.9751283295684608,-0.19072483018684827,-0.18285874672592284,spread <= 0,False
0.2,ticket_rel [bajo],largo,257,-0.17395703565437562,0.3370130292559087,0.24124513618677043,1.0,-0.0019760172738437676,1.0013988834647325,0.9559407047720427,-0.2060127298055722,-0.19003551881195263,spread <= 0,False
0.2,n_surge [bajo],largo,257,-0.1750476634677187,0.351544738414011,0.2723735408560311,1.0,-0.0021374457925472075,0.9878357103748009,0.9131039617940447,-0.1938866688417587,-0.17948573213003563,spread <= 0,False
0.2,vol_168 ~ sin roc_24,largo,257,-0.17520583741391801,0.5333919870553978,0.30739299610894943,1.0,-0.0024822140787592794,1.427417898745841,1.075681688873889,-0.21420545193829119,-0.19810056191244246,spread <= 0,False
0.2,SplyCur_chg30 [bajo],largo,257,-0.17666572236947775,0.4686687151275676,0.25680933852140075,1.0,-0.001981238572227549,0.9817621420773098,0.977694663260635,-0.18872123667427285,-0.179520090277487,spread <= 0,False
0.2,CapMVRVCur_chg30 [bajo],largo,257,-0.1779695149576138,0.36959025740860585,0.25680933852140075,1.0,-0.0018571192333616997,0.9940080980030682,0.9602717131720335,-0.20311013128368857,-0.18902933992878113,spread <= 0,False
0.2,SplyCur_pct ~ sin roc_24 [bajo],largo,249,-0.17827915136343264,0.4518180268765295,0.2289156626506024,1.0,-0.0020230821862005405,1.0059505107663913,0.9938869582948386,-0.19522805842738145,-0.18673728437987439,spread <= 0,False
0.2,turnover,largo,257,-0.17845258729892774,0.5247349969706443,0.31906614785992216,1.0,-0.0021012183064377187,1.1715194452895497,1.1131723797983537,-0.1912998060686724,-0.1836645770801631,spread <= 0,False
0.2,AdrActCnt_pct [bajo],largo,249,-0.17851767923123857,0.34712471564481545,0.23293172690763053,1.0,-0.0019674975884119003,0.9588306166704523,0.9530288591803024,-0.18505554183876677,-0.18086537805214337,spread <= 0,False
0.2,ticket_rel ~ sin roc_24 [bajo],largo,257,-0.1788588464025189,0.34796799071925566,0.26459143968871596,1.0,-0.0020339308302462847,1.0037409412949057,0.9592951718059866,-0.19923321424867108,-0.18473511429734837,spread <= 0,False
0.2,ticket_rel,largo,257,-0.17912846321067968,0.4148326858638882,0.26848249027237353,1.0,-0.0022856125978938605,1.013020266884327,1.0048861201614743,-0.1995663785042322,-0.18501797417775812,spread <= 0,False
0.2,TxTfrCnt_pct ~ sin roc_24,largo,249,-0.17962695455981745,0.3880262227297329,0.27710843373493976,1.0,-0.0022983687183287275,1.0813068756555912,1.032250440719721,-0.22545727951700784,-0.20778971376412583,spread <= 0,False
0.2,AdrActCnt_chg30 ~ sin roc_24 [bajo],largo,257,-0.18020820984003302,0.3672571874713856,0.245136186770428,1.0,-0.002178237515991086,1.0076248206440548,0.9502938446196252,-0.1959076618696405,-0.1880689405481988,spread <= 0,False
0.2,pos_168 [bajo],largo,257,-0.18165765178854937,0.4485217495798901,0.3346303501945525,1.0,-0.002039379433978166,1.0341839086815048,0.929577574496762,-0.2003987524695182,-0.18742038033512023,spread <= 0,False
0.2,desbal_168 ~ sin roc_24 [bajo],largo,257,-0.18195311099603967,0.40736748095715863,0.24124513618677043,1.0,-0.0019945892396918976,0.9991167306756296,0.9598657191744386,-0.20169298121997914,-0.19308210479555415,spread <= 0,False
0.2,roc_168 [bajo],largo,257,-0.1820141158796151,0.395254064195868,0.29961089494163423,1.0,-0.0022508809063989206,1.0368770289448002,0.9169765372536016,-0.19346427736663396,-0.18312841491815066,spread <= 0,False
0.2,AdrActCnt_z [bajo],largo,249,-0.1822134703361868,0.3469941352948576,0.23694779116465864,1.0,-0.0020618976073030594,0.9581913944301788,0.960237463266593,-0.18389908577707417,-0.19407508919494607,spread <= 0,False
0.2,TxCnt_chg7 ~ sin roc_24,largo,257,-0.18226565447430268,0.46155735641446843,0.27626459143968873,1.0,-0.0021508069322330316,1.1434552720749718,1.0667755938518142,-0.19537740104382542,-0.19034772991573784,spread <= 0,False
0.2,AdrActCnt_z ~ sin roc_24 [bajo],largo,249,-0.18241962692315775,0.3516324270411933,0.2289156626506024,1.0,-0.0020739033388110775,0.9660424394725122,0.967321789315525,-0.19864791258732872,-0.18882742767447053,spread <= 0,False
0.2,roc_168,largo,257,-0.18283946854521554,0.5753519398576469,0.28793774319066145,1.0,-0.002334607100978334,1.2854017437642429,1.146596857211362,-0.21564009055823927,-0.19506301765082287,spread <= 0,False
0.2,rango_168 [bajo],largo,257,-0.1833350135116892,0.38407816897927655,0.27626459143968873,1.0,-0.0017818884750748823,0.7410679502350335,0.9228505922550927,-0.20458101320734154,-0.19989977291235603,spread <= 0,False
0.2,AdrBalCnt_chg7 [bajo],largo,257,-0.18335698948843288,0.3739237446649146,0.26848249027237353,1.0,-0.0022724787131281755,1.001057754808965,0.9830705564983794,-0.1906255609921366,-0.19095447172578467,spread <= 0,False
0.2,dd_168,largo,257,-0.1836207080134404,0.45303498508761647,0.2918287937743191,1.0,-0.0019309364324256674,0.8726874223137698,0.9998469504481478,-0.23299379000262438,-0.2177053811100499,spread <= 0,False
0.2,TxTfrCnt_pct [bajo],largo,249,-0.18381266774486169,0.36041548285816577,0.23293172690763053,1.0,-0.0021952918622344768,0.9510033504888081,0.9454144192124185,-0.19060402884626224,-0.18744011085940812,spread <= 0,False
0.2,AdrBalCnt_pct,largo,249,-0.1843687904281588,0.34842076093550767,0.24497991967871485,1.0,-0.002084887851904359,1.0073287080767865,0.9788764679520225,-0.2125283396632419,-0.199478376692188,spread <= 0,False
0.2,SplyCur_pct [bajo],largo,249,-0.18460561554943308,0.5590349609552534,0.24497991967871485,1.0,-0.0021260424155237277,0.9889811521780375,0.9788976398151379,-0.21777975128323748,-0.20654470604234304,spread <= 0,False
0.2,TxCnt_chg30 [bajo],largo,257,-0.18512685398042195,0.3560976697515757,0.2607003891050584,1.0,-0.002262686257580543,0.9944917451048016,0.922367567357943,-0.20240386183419354,-0.19460931380057855,spread <= 0,False
0.2,desbal [bajo],largo,257,-0.18546792465279988,0.3068565450178141,0.26848249027237353,1.0,-0.0019736959663053076,1.0050673605650204,0.9663967367589832,-0.1961324758752279,-0.1903666227373424,spread <= 0,False
0.2,atr_24 ~ sin roc_24,largo,257,-0.18578925904513494,0.5616825420640159,0.29571984435797666,1.0,-0.002618080910585296,1.5231119505624702,1.175864058869082,-0.22372994033316304,-0.20441216357324718,spread <= 0,False
0.2,TxTfrCnt_chg30 ~ sin roc_24 [bajo],largo,257,-0.18587622941003715,0.37363142661881327,0.25680933852140075,1.0,-0.0021211694488211443,1.0131985706383466,0.9481485968104394,-0.19199505505843348,-0.18826015387564063,spread <= 0,False
0.2,CapMVRVCur,largo,257,-0.18620396353830113,0.3999839062006022,0.3035019455252918,1.0,-0.002152591083490168,0.9557755370328731,0.9809500492688796,-0.18999010967250216,-0.1772687888814761,spread <= 0,False
0.2,AdrActCnt_pct ~ sin roc_24 [bajo],largo,249,-0.1863809660413763,0.3329552885769453,0.2289156626506024,1.0,-0.0020788287593418173,0.9580496368943608,0.9556668219175326,-0.19562814658196895,-0.18884338356141112,spread <= 0,False
0.2,AdrActCnt_pct ~ sin roc_24,largo,249,-0.18640500913693306,0.4225902015477636,0.28112449799196787,1.0,-0.0023033349516403427,1.0523261923196894,1.014685776644614,-0.21510016628025344,-0.2072189393051996,spread <= 0,False
0.2,roc_72,largo,257,-0.1866861471372439,0.5346837801851454,0.311284046692607,1.0,-0.002344937517104227,1.2706391125012613,1.1517177148628568,-0.23485803600744218,-0.20290959630887212,spread <= 0,False
0.2,desbal ~ sin roc_24,largo,257,-0.18722997449992299,0.3406170599792985,0.26848249027237353,1.0,-0.0022300882433722307,0.9982045652309702,0.9638595924268007,-0.2114726527179871,-0.18863466248532545,spread <= 0,False
0.2,AdrBalCnt_z ~ sin roc_24 [bajo],largo,249,-0.1876713960565292,0.3865988134596811,0.23293172690763053,1.0,-0.0022301185953684994,1.0104039927643127,0.9780839578965338,-0.2192034271139913,-0.2097487305419791,spread <= 0,False
0.2,compresion ~ sin roc_24,largo,257,-0.18832931794188965,0.4514738377261188,0.2840466926070039,1.0,-0.002369445072893508,1.2017683992731536,1.1541421907247633,-0.21059148586311816,-0.19369843696200087,spread <= 0,False
0.2,IssTotNtv,largo,257,-0.18833043588326312,0.35205498791739054,0.24124513618677043,1.0,-0.0022213656848802292,1.0257077830965002,0.9796176469510477,-0.1918980208054352,-0.19571892075723069,spread <= 0,False
0.2,SplyCur ~ sin roc_24,largo,257,-0.1885100589406993,0.452095659472024,0.29571984435797666,1.0,-0.00240422624284812,1.0716992527069886,1.019056038682106,-0.24274111994608452,-0.20257637525740704,spread <= 0,False
0.2,turnover [bajo],largo,257,-0.18907442468207233,0.33923612699412536,0.24124513618677043,1.0,-0.0023105747531841645,0.9957941262581353,0.9166552941397836,-0.1986831601304241,-0.18843888715926832,spread <= 0,False
0.2,TxTfrCnt_chg7,largo,257,-0.18950592098053615,0.4769995698460801,0.26459143968871596,1.0,-0.0022516537633946614,1.126024139348941,1.0670520611296768,-0.2156743171384009,-0.1907283801141208,spread <= 0,False
0.2,desbal_168 [bajo],largo,257,-0.1895493375198974,0.42337986663419647,0.22957198443579765,1.0,-0.0022080544425502543,1.0011126442301073,0.9618797166441768,-0.21299603172373094,-0.19578404187705034,spread <= 0,False
0.2,TxTfrCnt_chg30 ~ sin roc_24,largo,257,-0.1898908724334882,0.49448838930663325,0.2607003891050584,1.0,-0.0022545561165723356,1.1552520649306668,1.0580307301510232,-0.21584069920917004,-0.1995068125776753,spread <= 0,False
0.2,TxTfrCnt_z [bajo],largo,249,-0.19007472071378378,0.37892360042827117,0.23694779116465864,1.0,-0.0023181217562346433,0.9614507594412812,0.9588255713706234,-0.2081646752832175,-0.200740678166265,spread <= 0,False
0.2,dd_720 ~ sin roc_24 [bajo],largo,257,-0.19054073388244502,0.4843611764770957,0.29571984435797666,1.0,-0.002030299817333539,1.1572999698114916,0.9456427400735508,-0.20913292253081026,-0.19208058648074636,spread <= 0,False
0.2,AdrActCnt_chg30,largo,257,-0.1907171451099188,0.5267165510785211,0.2918287937743191,1.0,-0.002265822256815779,1.121572340977577,1.0407820785404132,-0.20512457022264993,-0.1984074634804833,spread <= 0,False
0.2,atr_24 [bajo],largo,257,-0.1909342361107655,0.38472116576217047,0.2529182879377432,1.0,-0.001739506044741389,0.6831391556781261,0.8871873018591596,-0.20353425440821957,-0.20373643784056752,spread <= 0,False
0.2,n_surge,largo,257,-0.19095746662788982,0.49431752559933934,0.29961089494163423,1.0,-0.0020756104905674737,1.18167235756872,1.1112234512199661,-0.1977095473943425,-0.18681933901607356,spread <= 0,False
0.2,CapMVRVCur_pct [bajo],largo,249,-0.19142097144817893,0.4261511572785318,0.24899598393574296,1.0,-0.001768122792916443,0.9478162370507285,0.9775813301563947,-0.20201937105069617,-0.19569061175126184,spread <= 0,False
0.2,CapMVRVCur_chg7 ~ sin roc_24 [bajo],largo,257,-0.19188250235077234,0.45725254439961044,0.29961089494163423,1.0,-0.0021332691753756594,1.0290343208066302,0.9392434818104454,-0.21239633814267433,-0.20433423626967817,spread <= 0,False
0.2,AdrActCnt_chg7,largo,257,-0.19196310458756502,0.4921277007059102,0.26848249027237353,1.0,-0.0022038226687124407,1.0870368525533218,1.0451912516375401,-0.21192909197422366,-0.204439772039397,spread <= 0,False
0.2,desbal ~ sin roc_24 [bajo],largo,257,-0.1920891064410369,0.35817639867993556,0.26459143968871596,1.0,-0.0020092773318187256,1.0060331525325326,0.9680173747655136,-0.20590665259620486,-0.19871785322241292,spread <= 0,False
0.2,IssTotNtv [bajo],largo,257,-0.19225046081508942,0.3637597116862122,0.23735408560311283,1.0,-0.002155443953097156,1.0271785121220036,0.9799256806277488,-0.19909754233662,-0.20398539904383034,spread <= 0,False
0.2,TxCnt_z ~ sin roc_24 [bajo],largo,249,-0.19230780937733194,0.3715864770808466,0.2248995983935743,1.0,-0.002386912379989731,0.9651197668900756,0.9651727748179277,-0.205418661179054,-0.19576196650466898,spread <= 0,False
0.2,AdrActCnt_chg30 [bajo],largo,257,-0.19253004511733768,0.3192105813636839,0.23735408560311283,1.0,-0.0022553797125056782,0.9942518946952924,0.9382949051435985,-0.21788001065137597,-0.2071001743172806,spread <= 0,False
0.2,TxTfrCnt_z ~ sin roc_24 [bajo],largo,249,-0.19295091411429446,0.4120461215250111,0.23293172690763053,1.0,-0.00230407605503472,0.9702577605846694,0.9666014044825377,-0.20690425344085142,-0.1953079937687309,spread <= 0,False
0.2,TxCnt_chg30 ~ sin roc_24 [bajo],largo,257,-0.19327338364849353,0.3783731187339873,0.26848249027237353,1.0,-0.002231921059760392,1.0127191506716682,0.9434296260929322,-0.2000690624421135,-0.19994701177944893,spread <= 0,False
0.2,CapMVRVCur_chg7 [bajo],largo,257,-0.19393643975292166,0.4013623823609837,0.27626459143968873,1.0,-0.0022072182223615905,1.0250094688149747,0.9288410971177488,-0.21991288674748455,-0.20854264267428776,spread <= 0,False
0.2,TxTfrCnt_chg30 [bajo],largo,257,-0.19532016714724001,0.333238419133304,0.245136186770428,1.0,-0.002305117145163489,0.9953107314878983,0.9243870452419564,-0.21679808813055834,-0.20389342183692383,spread <= 0,False
0.2,dd_720,largo,257,-0.19552994021433398,0.47111189935975106,0.29571984435797666,1.0,-0.002064912941567169,0.9057164972353448,1.0423973929871697,-0.20370073066557015,-0.2073815704196897,spread <= 0,False
0.2,AdrBalCnt_z [bajo],largo,249,-0.19583635617055034,0.43157068533789683,0.24096385542168675,1.0,-0.002286827151165517,1.0121564073396436,0.9789599316960623,-0.21789842941944654,-0.21173634809925776,spread <= 0,False
0.2,TxCnt_z [bajo],largo,249,-0.19593976824478834,0.3789336622532855,0.20080321285140562,1.0,-0.002260136322825755,0.9546542819327352,0.9571590306084983,-0.21333925960291603,-0.20662183109565718,spread <= 0,False
0.2,AdrActCnt_pct,largo,249,-0.1962026098467722,0.5255851642028178,0.3132530120481928,1.0,-0.0024416231555672786,1.0863000223487755,1.0300214147590805,-0.23901993618156142,-0.2233968867650174,spread <= 0,False
0.2,TxTfrCnt_z,largo,249,-0.1964447415546581,0.49926977212832147,0.30120481927710846,1.0,-0.0024863208273155036,1.0987760681008552,1.0412233942049507,-0.2242115675955762,-0.21655702706412386,spread <= 0,False
0.2,IssTotNtv_pct ~ sin roc_24,largo,249,-0.19723973664848068,0.35241302105041517,0.23293172690763053,1.0,-0.0021472947996171833,1.0184875141494154,0.9998911719015817,-0.2132272493862235,-0.20212412771249028,spread <= 0,False
0.2,AdrActCnt_chg30 ~ sin roc_24,largo,257,-0.19790405200513156,0.5118739111745065,0.27626459143968873,1.0,-0.002266494339315235,1.1159911704026941,1.0368164549654781,-0.21646605981206674,-0.20918397250388526,spread <= 0,False
0.2,IssTotNtv ~ sin roc_24 [bajo],largo,257,-0.1980884884163573,0.4012518825715076,0.311284046692607,1.0,-0.0023414213925474327,1.042888271496605,0.9971584009502255,-0.20981082410019472,-0.2024326120143674,spread <= 0,False
0.2,desbal,largo,257,-0.19838196741457356,0.34230989843614024,0.2607003891050584,1.0,-0.0024569483493995783,1.0030411298922706,0.9691480587616754,-0.21236378283284704,-0.20924732130646206,spread <= 0,False
0.2,AdrActCnt_chg7 ~ sin roc_24,largo,257,-0.19872974933406853,0.47371643277766495,0.26459143968871596,1.0,-0.002351153464756741,1.0882482326345249,1.0408927701389619,-0.21836470379920805,-0.21319763388940777,spread <= 0,False
0.2,TxTfrCnt_pct,largo,249,-0.19921760990534035,0.5148306134916727,0.26506024096385544,1.0,-0.0026204364681454394,1.1279101613258247,1.0531172645302311,-0.22841598924803294,-0.21717597253758295,spread <= 0,False
0.2,vol_24 [bajo],largo,257,-0.20040141559077457,0.36394577380817056,0.25680933852140075,1.0,-0.0018881977577204976,0.695080910147514,0.8834114534098514,-0.2215550711987881,-0.21943573563094332,spread <= 0,False
0.2,turnover ~ sin roc_24,largo,257,-0.20068255684489886,0.4572510647238883,0.2918287937743191,1.0,-0.0023330519182550497,1.1386024832104014,1.0720141005013537,-0.22032695119580314,-0.20845244696115883,spread <= 0,False
0.2,SplyCur_pct ~ sin roc_24,largo,249,-0.20136679448012415,0.37260567103384234,0.26506024096385544,1.0,-0.002175404065118503,0.9682029160639223,0.9710842959192267,-0.20093359553465281,-0.19941739617938528,spread <= 0,False
0.2,desbal_24 [bajo],largo,257,-0.20212141025869587,0.41314662511973,0.22178988326848248,1.0,-0.002146084977990297,0.9943264769405232,0.9520686443710079,-0.2192984820075354,-0.2146026538555822,spread <= 0,False
0.2,TxTfrCnt_chg7 ~ sin roc_24,largo,257,-0.20271077881502436,0.4618836282811108,0.26459143968871596,1.0,-0.0024065610302807434,1.1227055837393507,1.058803489233129,-0.21154671001404296,-0.20641522292970252,spread <= 0,False
0.2,TxTfrCnt_z ~ sin roc_24,largo,249,-0.2044126627343209,0.4503144737081473,0.285140562248996,1.0,-0.002472994577198821,1.0880112651388534,1.0351583500209047,-0.23174957887707764,-0.22225821609466054,spread <= 0,False
0.2,vol_168 [bajo],largo,257,-0.20481262853397603,0.3777434158168341,0.2840466926070039,1.0,-0.001954029630661451,0.7047435314461682,0.9340952660598376,-0.21303416096102812,-0.2144279882868624,spread <= 0,False
0.2,AdrBalCnt_pct [bajo],largo,249,-0.2052910521843576,0.44617056572227604,0.23293172690763053,1.0,-0.0023843119801179417,1.0099094268360034,0.9813640595439712,-0.21359854283158683,-0.20895772391772507,spread <= 0,False
0.2,AdrBalCnt_pct ~ sin roc_24 [bajo],largo,249,-0.20538728424051172,0.39789489850448234,0.24497991967871485,1.0,-0.00244625462945877,1.0071938834059027,0.9774717286014243,-0.2211700714683444,-0.21653076564623736,spread <= 0,False
0.2,AdrBalCnt [bajo],largo,257,-0.20594646545026474,0.48330159128459654,0.245136186770428,1.0,-0.002037174342215256,1.0218669584780078,0.9798173212993637,-0.2204163067333276,-0.21032457187598902,spread <= 0,False
0.2,compresion,largo,257,-0.20753702625389617,0.5271461135156179,0.26459143968871596,1.0,-0.0023940924099319317,1.2612026350145313,1.1941003361773985,-0.22269093575421514,-0.2203701198911535,spread <= 0,False
0.2,vol_24 ~ sin roc_24,largo,257,-0.2087502160106588,0.513356420328294,0.2723735408560311,1.0,-0.002962693198448352,1.4805020056121334,1.1667000225046387,-0.2281462542039426,-0.22550749880359816,spread <= 0,False
0.2,desbal_24 ~ sin roc_24 [bajo],largo,257,-0.21524637962002957,0.4159428675271565,0.22957198443579765,1.0,-0.0022396341394757976,0.9942907808960743,0.9566859039494888,-0.23619426806109176,-0.22577048119907447,spread <= 0,False
0.2,pos_168 ~ sin roc_24 [bajo],largo,257,-0.2164679409909117,0.4453859476478917,0.2529182879377432,1.0,-0.0023114906227719684,1.0321990277381123,0.9435713286318046,-0.243083160681994,-0.22548271389647526,spread <= 0,False
0.2,SplyCur_chg7 ~ sin roc_24 [bajo],largo,257,-0.21701285730191958,0.3844783644655324,0.2607003891050584,1.0,-0.0026871735224786833,1.0568811737946517,0.9984071017910643,-0.21396771618130603,-0.2170821190172126,spread <= 0,False
0.2,TxTfrCnt ~ sin roc_24 [bajo],largo,257,-0.21859659681015356,0.372846814919063,0.245136186770428,1.0,-0.0026665203173221867,1.0885000727311847,0.9947780166437951,-0.22513951787918662,-0.22224580517304338,spread <= 0,False
0.2,AdrBalCnt ~ sin roc_24 [bajo],largo,257,-0.22093314796973462,0.39250833743105057,0.22178988326848248,1.0,-0.0027032271230407415,1.0815865354243976,0.9895683513265763,-0.22831048646584154,-0.22267649317720795,spread <= 0,False
0.2,n_surge ~ sin roc_24,largo,257,-0.23653753610734432,0.4488977331126877,0.2607003891050584,1.0,-0.0027080324727389664,1.1421294196171676,1.0697831066129828,-0.24610002861435576,-0.24256896303959963,spread <= 0,False
0.2,TxCnt ~ sin roc_24 [bajo],largo,257,-0.23910765570094772,0.37432915380708237,0.2178988326848249,1.0,-0.0029536426184996675,1.0913533214618896,0.9987760271096473,-0.2555183869778505,-0.24572225476012075,spread <= 0,False
0.2,AdrActCnt ~ sin roc_24 [bajo],largo,257,-0.24611365519038578,0.39843435863510884,0.22957198443579765,1.0,-0.00312997728885202,1.089840893267795,0.9957437009287563,-0.25491448127784055,-0.24956013094247856,spread <= 0,False
0.2,roc_24,largo,257,-0.2509903589028548,0.4908259444003251,0.2490272373540856,1.0,-0.0027583149037126798,1.2077948971527124,1.1089674403106646,-0.2624678518161232,-0.2621041660591572,spread <= 0,False
0.2,IssTotNtv_chg7,largo,0,,,,1.0,,,,,,POCAS SEMANAS (<8),False
0.2,IssTotNtv_chg30,largo,0,,,,1.0,,,,,,POCAS SEMANAS (<8),False
0.2,IssTotNtv_z,largo,0,,,,1.0,,,,,,POCAS SEMANAS (<8),False
0.2,SplyCur_z,largo,0,,,,1.0,,,,,,POCAS SEMANAS (<8),False
0.2,IssTotNtv_chg7 ~ sin roc_24,largo,0,,,,1.0,,,,,,POCAS SEMANAS (<8),False
0.2,IssTotNtv_chg30 ~ sin roc_24,largo,0,,,,1.0,,,,,,POCAS SEMANAS (<8),False
0.2,IssTotNtv_z ~ sin roc_24,largo,0,,,,1.0,,,,,,POCAS SEMANAS (<8),False
0.2,SplyCur_z ~ sin roc_24,largo,0,,,,1.0,,,,,,POCAS SEMANAS (<8),False
0.2,IssTotNtv_chg7 [bajo],largo,0,,,,1.0,,,,,,POCAS SEMANAS (<8),False
0.2,IssTotNtv_chg30 [bajo],largo,0,,,,1.0,,,,,,POCAS SEMANAS (<8),False
0.2,IssTotNtv_z [bajo],largo,0,,,,1.0,,,,,,POCAS SEMANAS (<8),False
0.2,SplyCur_z [bajo],largo,0,,,,1.0,,,,,,POCAS SEMANAS (<8),False
0.2,IssTotNtv_chg7 ~ sin roc_24 [bajo],largo,0,,,,1.0,,,,,,POCAS SEMANAS (<8),False
0.2,IssTotNtv_chg30 ~ sin roc_24 [bajo],largo,0,,,,1.0,,,,,,POCAS SEMANAS (<8),False
0.2,IssTotNtv_z ~ sin roc_24 [bajo],largo,0,,,,1.0,,,,,,POCAS SEMANAS (<8),False
0.2,SplyCur_z ~ sin roc_24 [bajo],largo,0,,,,1.0,,,,,,POCAS SEMANAS (<8),False
0.2,roc_72,magnitud,257,1.135777170183285,1.2852977615708066,0.8988326848249028,0.0,0.015430357452738118,1.2706391125012613,1.1517177148628568,0.9648134627115373,1.07351756755279,SOBREVIVE,True
0.2,roc_168,magnitud,257,1.1300683231649293,1.3243921504004077,0.9027237354085603,0.0,0.016263550241583737,1.2854017437642429,1.146596857211362,0.9565661984024716,1.0680636533219356,SOBREVIVE,True
0.2,turnover,magnitud,257,1.1283000713973332,1.1656583970512764,0.9494163424124513,0.0,0.01350177703688505,1.1715194452895497,1.1131723797983537,0.970968575479869,1.0776830446813892,SOBREVIVE,True
0.2,n_surge,magnitud,257,1.1227539752965057,1.109328627676276,0.9571984435797666,0.0,0.014510982994329225,1.18167235756872,1.1112234512199661,0.9654281392203946,1.0572419359756078,SOBREVIVE,True
0.2,vol_24,magnitud,257,1.0296330563888658,1.2592606976216185,0.8715953307392996,0.0,0.028583092833827702,1.559853495557897,1.2120274357607626,0.8688196469525701,0.9716781010833774,SOBREVIVE,True
0.2,atr_24,magnitud,257,1.0111822711623417,1.299153117036596,0.8599221789883269,0.0,0.030498660934418397,1.5879282791244371,1.2195899205496787,0.8370968098314656,0.95457816640886,SOBREVIVE,True
0.2,roc_24,magnitud,257,0.9634074861256887,0.9995717736564408,0.9494163424124513,0.0,0.013722213476961119,1.2077948971527124,1.1089674403106646,0.8088900665293189,0.9003080384454629,SOBREVIVE,True
0.2,compresion,magnitud,257,0.9171511151303111,0.9645580831702849,0.9416342412451362,0.0,0.010370204191977832,1.2612026350145313,1.1941003361773985,0.7564672351373521,0.8527587340813607,SOBREVIVE,True
0.2,rango_168,magnitud,257,0.8387693491560765,1.2515079136495066,0.8015564202334631,0.0,0.02571142378562486,1.4316961833745678,1.0968666961898692,0.7036704942597143,0.7894199503664912,SOBREVIVE,True
0.2,CapMVRVCur_chg7,magnitud,257,0.8066417522975192,1.1726092053001136,0.8326848249027238,0.0,0.012497977298801028,1.21328629029455,1.099444835795906,0.6857653882540619,0.7633193050572556,SOBREVIVE,True
0.2,turnover ~ sin roc_24,magnitud,257,0.7823824465204627,0.8237674643571377,0.933852140077821,0.0,0.010010343903996547,1.1386024832104014,1.0720141005013537,0.6570375177490594,0.7232758798349767,SOBREVIVE,True
0.2,n_surge ~ sin roc_24,magnitud,257,0.7690802840451227,0.8045463017926845,0.8988326848249028,0.0,0.010651798599697311,1.1421294196171676,1.0697831066129828,0.6391016709452102,0.7080326837274915,SOBREVIVE,True
0.2,pos_168,magnitud,257,0.7334639259711867,0.9165424718167036,0.8443579766536965,0.0,0.007126461263211915,1.1007679905624952,1.0695198405868296,0.6499518615190505,0.7030400911160808,SOBREVIVE,True
0.2,vol_168,magnitud,257,0.730879088395781,1.2245798478729542,0.7431906614785992,0.0,0.0282518923556793,1.4848481236083435,1.0886498872259989,0.5932351456481861,0.6783023546190304,SOBREVIVE,True
0.2,vol_24 ~ sin roc_24,magnitud,257,0.721515737885036,0.9719529298993353,0.8249027237354085,0.0,0.02385443326921809,1.4805020056121334,1.1667000225046387,0.5664989383018848,0.6539754383808037,SOBREVIVE,True
0.2,roc_168 ~ sin roc_24,magnitud,257,0.7078614908394844,0.9464806511028819,0.7937743190661478,0.0,0.011362008042110912,1.2189158279712946,1.0996647718236403,0.6041165016135355,0.6680135878651541,SOBREVIVE,True
0.2,atr_24 ~ sin roc_24,magnitud,257,0.6857127051792911,1.0286454021131177,0.77431906614786,0.0,0.025296095596306453,1.5231119505624702,1.175864058869082,0.5592969357783815,0.6433895542702683,SOBREVIVE,True
0.2,rango_168 ~ sin roc_24,magnitud,257,0.6696771758686065,1.00367931987093,0.7821011673151751,0.0,0.02245656593679458,1.3817604934455425,1.08316511116642,0.5637985540840137,0.628194023735658,SOBREVIVE,True
0.2,roc_72 ~ sin roc_24,magnitud,257,0.6605275917604485,0.8873407089592021,0.8210116731517509,0.0,0.009994029752433228,1.1944714279974233,1.0962752830955695,0.5629367296903981,0.6282340886760487,SOBREVIVE,True
0.2,TxCnt_chg7,magnitud,257,0.6405725728273208,0.8782157964501166,0.8132295719844358,0.0,0.010462787349548423,1.1514541136745695,1.0764468177371889,0.4724343281259458,0.5794460351806546,SOBREVIVE,True
0.2,TxCnt_chg30,magnitud,257,0.6163379049882687,0.9605656996579609,0.7782101167315175,0.0,0.01130398197706158,1.1643810697193389,1.0708668965517454,0.471193995791448,0.5544723374358259,SOBREVIVE,True
0.2,TxTfrCnt_chg7,magnitud,257,0.5984948389967051,0.8908254362810513,0.7859922178988327,0.0,0.009240460835215606,1.126024139348941,1.0670520611296768,0.4426385557191972,0.5389140260132401,SOBREVIVE,True
0.2,CapMVRVCur_chg7 ~ sin roc_24,magnitud,257,0.5910053625235853,0.8519636336619034,0.8132295719844358,0.0,0.009934822653106714,1.1782824460541508,1.0778052799943465,0.49705454032607965,0.5513726543354021,SOBREVIVE,True
0.2,vol_168 ~ sin roc_24,magnitud,257,0.5897263472878873,1.0124881284223424,0.7431906614785992,0.0,0.024955383378185262,1.427417898745841,1.075681688873889,0.4641119423755928,0.5437192224193628,SOBREVIVE,True
0.2,TxTfrCnt_chg30,magnitud,257,0.5891349091223957,0.9784557364158409,0.7782101167315175,0.0,0.010929049059134862,1.1636724472774587,1.0631962946367501,0.4332397333107195,0.516477496110437,SOBREVIVE,True
0.2,AdrActCnt_chg7,magnitud,257,0.5659451396861603,0.9247655723516369,0.7704280155642024,0.0,0.007925813101199702,1.0870368525533218,1.0451912516375401,0.4130689300124098,0.5173981884191549,SOBREVIVE,True
0.2,compresion ~ sin roc_24,magnitud,257,0.5609983703408982,0.7062994460792826,0.8482490272373541,0.0,0.00503197421636657,1.2017683992731536,1.1541421907247633,0.45009502572892646,0.5227443814105635,SOBREVIVE,True
0.2,TxCnt_pct,magnitud,249,0.5484311132484136,0.8902468037166138,0.7309236947791165,0.0,0.007043487963299837,1.1286883961052803,1.05990433925461,0.4040650673169401,0.48169338716709126,SOBREVIVE,True
0.2,TxCnt_chg7 ~ sin roc_24,magnitud,257,0.546056358351593,0.7651923728409812,0.7898832684824902,0.0,0.009164358214551133,1.1434552720749718,1.0667755938518142,0.39904603508322845,0.48975380539271623,SOBREVIVE,True
0.2,roc_720,magnitud,257,0.5404637316542853,1.1972839649066476,0.6264591439688716,0.0,0.014310607626350436,1.2383044319279257,1.0279719618446839,0.4562969048118364,0.5118670773656611,SOBREVIVE,True
0.2,AdrActCnt_chg30,magnitud,257,0.5382755631617997,0.9983305662282856,0.7587548638132295,0.0,0.009457599823432356,1.121572340977577,1.0407820785404132,0.43607822662507617,0.48957386235896433,SOBREVIVE,True
0.2,TxCnt_chg30 ~ sin roc_24,magnitud,257,0.5302231524268657,0.8109955373162949,0.7665369649805448,0.0,0.010077375304883878,1.157991357061962,1.0638471155012292,0.4059772988265018,0.48654239543392463,SOBREVIVE,True
0.2,TxTfrCnt_chg7 ~ sin roc_24,magnitud,257,0.5145916489400282,0.7666488841447366,0.7898832684824902,0.0,0.008231492087216326,1.1227055837393507,1.058803489233129,0.3728568443770681,0.4496899129983855,SOBREVIVE,True
0.2,TxTfrCnt_chg30 ~ sin roc_24,magnitud,257,0.5057613412757762,0.8261489890028206,0.7509727626459144,0.0,0.009843230079304138,1.1552520649306668,1.0580307301510232,0.38789015454054876,0.4602035163540285,SOBREVIVE,True
0.2,TxTfrCnt_pct,magnitud,249,0.4873921000959757,0.8627538006424768,0.7108433734939759,0.0,0.006458577149514603,1.1279101613258247,1.0531172645302311,0.343791327857285,0.4219815323888794,SOBREVIVE,True
0.2,TxCnt_z,magnitud,249,0.4837227688130589,0.8689896909773361,0.7309236947791165,0.0,0.004846441252477261,1.090896960769353,1.0480143122774073,0.3515209831960136,0.4291265042410554,SOBREVIVE,True
0.2,AdrActCnt_chg7 ~ sin roc_24,magnitud,257,0.475770788072607,0.795313879768135,0.7626459143968871,0.0,0.007110235366005057,1.0882482326345249,1.0408927701389619,0.35281950518372784,0.4347856121636539,SOBREVIVE,True
0.2,AdrActCnt_pct,magnitud,249,0.4610957369321276,0.8667833670070022,0.714859437751004,0.0,0.005924439689430389,1.0863000223487755,1.0300214147590805,0.32214373590185463,0.40240861523801,SOBREVIVE,True
0.2,dd_720,magnitud,257,0.43486861165740914,0.7950347207193251,0.7198443579766537,0.0,-0.006498557311160343,0.9057164972353448,1.0423973929871697,0.36842040687471184,0.38649359078086215,ARTEFACTO DE ESCALA (atr_ratio 0.91),True
0.2,AdrActCnt_z,magnitud,249,0.431040746643256,0.8871062167167203,0.6987951807228916,0.0,0.00469208442691604,1.0675169252714543,1.024177391700175,0.3005267334179775,0.3902482008946571,SOBREVIVE,True
0.2,AdrActCnt_chg30 ~ sin roc_24,magnitud,257,0.42857053172218984,0.8371887671971723,0.7198443579766537,0.0,0.008068264432890245,1.1159911704026941,1.0368164549654781,0.329392707264184,0.3944803871541828,SOBREVIVE,True
0.2,IssTotNtv ~ sin roc_24,magnitud,257,0.425313617225349,0.7937540305646895,0.7237354085603113,0.0,0.009844693692712675,1.1414825836764266,1.0326209122309364,0.34888999838545004,0.39859719457324677,SOBREVIVE,True
0.2,CapMVRVCur_chg30,magnitud,257,0.42180253349848895,0.9670547308460506,0.642023346303502,0.0,0.012724458080474534,1.205778620010335,1.02416206413403,0.36985268317976044,0.3962560035365652,SOBREVIVE,True
0.2,TxTfrCnt_z,magnitud,249,0.41361284489911604,0.7908215758231102,0.6987951807228916,0.0,0.004594279354237812,1.0987760681008552,1.0412233942049507,0.2828672010069594,0.35657128713018005,SOBREVIVE,True
0.2,ticket_rel,magnitud,257,0.3972035854226932,0.6495116872348089,0.7665369649805448,0.0,0.0019107116997954603,1.013020266884327,1.0048861201614743,0.3449564257672007,0.38903068686373127,SOBREVIVE,True
0.2,dd_168 ~ sin roc_24 [bajo],magnitud,257,0.3945931475483682,0.890104872565189,0.6459143968871596,0.0,0.01731539697432414,1.264247459151218,1.0129107616268473,0.2886513645500729,0.3475052222225993,SOBREVIVE,True
0.2,SplyCur ~ sin roc_24,magnitud,257,0.3766169221348306,0.8318944702656631,0.6614785992217899,0.0,0.0055808467413160845,1.0716992527069886,1.019056038682106,0.3484940955749196,0.3927276264707753,SOBREVIVE,True
0.2,pos_168 ~ sin roc_24,magnitud,257,0.3527808602033914,0.6564799296652144,0.7276264591439688,0.0,0.0020915925132562315,1.0601965157624125,1.0305130562754243,0.30108599673455544,0.3258067311790017,SOBREVIVE,True
0.2,TxCnt_z ~ sin roc_24,magnitud,249,0.33479803863595653,0.695970415053605,0.7028112449799196,0.0,0.002981501454412848,1.081054772423462,1.0425622980020748,0.24592482080956343,0.29682902287416996,SOBREVIVE,True
0.2,AdrBalCnt [bajo],magnitud,257,0.3088090072577102,0.9766942170277061,0.6342412451361867,0.0,0.005679860088194377,1.0218669584780078,0.9798173212993637,0.04755264113030793,0.20374589721089076,SOBREVIVE,True
0.2,AdrActCnt [bajo],magnitud,257,0.29236488537578054,0.7972940501412004,0.6264591439688716,0.0,0.0032547000786471323,0.9817787019814944,0.9652509191749608,0.1719914597617193,0.2585437905826455,SOBREVIVE,True
0.2,dd_168,magnitud,257,0.29156158993994935,0.6804615730133224,0.6653696498054474,0.0,-0.007958751749215892,0.8726874223137698,0.9998469504481478,0.20481530267562065,0.24452901970845375,ARTEFACTO DE ESCALA (atr_ratio 0.87),True
0.2,roc_720 ~ sin roc_24,magnitud,257,0.2886812287587676,0.9082636559420012,0.5914396887159533,0.0,0.011382911318039727,1.207582800327273,1.012842159035642,0.2255527323396143,0.26288632372133836,inconsistente por semana (59% arriba),True
0.2,AdrActCnt_z ~ sin roc_24,magnitud,249,0.28381934197987085,0.6298816205297495,0.6746987951807228,0.0,0.0029979985080583276,1.0629879643177371,1.0188797622299557,0.20293495277961088,0.2535908071132679,SOBREVIVE,True
0.2,AdrActCnt ~ sin roc_24,magnitud,257,0.2821554481533104,0.6647505812269818,0.642023346303502,0.0,-0.008376116366293046,0.8855753964023606,1.0119615025042161,0.20492323795887588,0.24748076997155388,ARTEFACTO DE ESCALA (atr_ratio 0.89),True
0.2,TxTfrCnt_z ~ sin roc_24,magnitud,249,0.2747485015114716,0.6587916076548196,0.6626506024096386,0.0,0.0028997125457611763,1.0880112651388534,1.0351583500209047,0.17949433765707465,0.24566369657319265,SOBREVIVE,True
0.2,AdrBalCnt_z [bajo],magnitud,249,0.2695126978710208,0.9605880161001548,0.5622489959839357,0.0,0.0034290162369661646,1.0121564073396436,0.9789599316960623,0.16223354650553695,0.20759585407843337,inconsistente por semana (56% arriba),True
0.2,TxCnt ~ sin roc_24,magnitud,257,0.26930113667846445,0.7493608015887339,0.6653696498054474,0.0,-0.006986233093447556,0.8927537833958327,1.0066333736661295,0.2147777077824973,0.26304085449096876,ARTEFACTO DE ESCALA (atr_ratio 0.89),True
0.2,CapMVRVCur_chg30 ~ sin roc_24,magnitud,257,0.2692938864710719,0.7383759208577682,0.5719844357976653,0.0,0.010653399823667484,1.1864606181037234,1.0154090997700471,0.2179221176507023,0.2440872646680566,inconsistente por semana (57% arriba),True
0.2,AdrBalCnt_pct [bajo],magnitud,249,0.2666248800364341,0.9602538791574508,0.5863453815261044,0.0,0.002846493511862203,1.0099094268360034,0.9813640595439712,0.1577175818029599,0.22066946973155593,inconsistente por semana (59% arriba),True
0.2,ticket_rel ~ sin roc_24,magnitud,257,0.2547608787621054,0.5620009754571362,0.6653696498054474,0.0,-1.974242233670148e-05,1.0029246994433605,0.9977191460512562,0.20397576178765792,0.2269862392080833,ARTEFACTO DE ESCALA (atr_ratio 1.00),True
0.2,AdrBalCnt_chg7 [bajo],magnitud,257,0.24152023072951379,0.7005276794435089,0.6186770428015564,0.0,0.00158622148186685,1.001057754808965,0.9830705564983794,0.17741099306358463,0.2221805965448429,SOBREVIVE,True
0.2,TxTfrCnt ~ sin roc_24,magnitud,257,0.23166960781202095,0.6388760045093479,0.6186770428015564,0.0,-0.009535936315429466,0.8691234868647925,1.0014766699517246,0.17705024819310658,0.20954756007838096,ARTEFACTO DE ESCALA (atr_ratio 0.87),True
0.2,TxCnt [bajo],magnitud,257,0.21662661553643633,0.695287599325702,0.6070038910505836,0.0,0.0038035558243329055,0.9785669552939045,0.9475303643517079,0.11447230200399766,0.1700213389410475,SOBREVIVE,True
0.2,dd_168 [bajo],magnitud,257,0.20994048433141246,0.8606259134900293,0.556420233463035,0.0,0.015464256727980153,1.2427997444508285,0.9975575729954989,0.10482504369944498,0.15959858675962613,inconsistente por semana (56% arriba),True
0.2,AdrBalCnt_chg7 ~ sin roc_24 [bajo],magnitud,257,0.20293218443919397,0.5545894220566923,0.6264591439688716,0.0,0.0017115789958693191,1.019979379121918,0.9912832800067973,0.17255412007098883,0.18614271990976777,SOBREVIVE,True
0.2,AdrBalCnt_chg30 [bajo],magnitud,257,0.19719070902620892,0.7440874832889741,0.5875486381322957,0.0,0.0019397752770141895,1.0085229120025188,0.9805642177331266,0.14933013191833044,0.19646095916845108,inconsistente por semana (59% arriba),True
0.2,TxTfrCnt [bajo],magnitud,257,0.19076205213275463,0.6683788690360284,0.6108949416342413,0.0,0.0035490162579065025,0.9816991189111163,0.9499945280799447,0.0887553455310264,0.1629003253997687,SOBREVIVE,True
0.2,CapMVRVCur_pct,magnitud,249,0.1854833580363694,0.868861935290736,0.5220883534136547,0.0005,0.010955780911293808,1.1851701858266779,1.0015485913134983,0.13122878140673566,0.15448805757314393,inconsistente por semana (52% arriba),True
0.2,AdrBalCnt_pct ~ sin roc_24 [bajo],magnitud,249,0.18325536357895142,0.7399712898934008,0.570281124497992,0.0,0.0021184926085155036,1.0071938834059027,0.9774717286014243,0.15909600468016327,0.1701031099675826,inconsistente por semana (57% arriba),True
0.2,TxCnt_pct ~ sin roc_24,magnitud,249,0.18192780140401282,0.6096216236558567,0.6144578313253012,0.0,0.001806452895399424,1.083481515223823,1.0342629591789954,0.1182997466578843,0.1640458349982406,SOBREVIVE,True
0.2,CapMVRVCur_z,magnitud,249,0.18140419412813746,0.8734584297143819,0.5140562248995983,0.0,0.010566300696740442,1.167522636610417,0.9957700921683146,0.11528356210956163,0.15947079028092756,inconsistente por semana (51% arriba),True
0.2,AdrBalCnt_chg30 ~ sin roc_24 [bajo],magnitud,257,0.1808795217371127,0.5982998408921337,0.6186770428015564,0.0,0.0015975680101158504,1.0109546811539813,0.9839905644785478,0.14614628029098417,0.15515687537737363,SOBREVIVE,True
0.2,AdrBalCnt_z ~ sin roc_24 [bajo],magnitud,249,0.180688174889627,0.7887590273087005,0.5622489959839357,0.0,0.002433097770759006,1.0104039927643127,0.9780839578965338,0.14773905021687678,0.1530077313110404,inconsistente por semana (56% arriba),True
0.2,AdrActCnt_pct ~ sin roc_24,magnitud,249,0.17421005738505901,0.5852854616698595,0.6144578313253012,0.0,0.0016839943013740777,1.0523261923196894,1.014685776644614,0.12024320382041827,0.15596051650734472,SOBREVIVE,True
0.2,TxTfrCnt_pct ~ sin roc_24,magnitud,249,0.15801940463432174,0.6251464261558262,0.5903614457831325,0.0,0.001755338465051935,1.0813068756555912,1.032250440719721,0.10899683164668295,0.13839084991024544,inconsistente por semana (59% arriba),True
0.2,desbal_168,magnitud,257,0.15308132706539587,0.6403326944188551,0.5758754863813229,0.0005,-0.004017334355041528,0.9548495431659639,0.9867896885363816,0.08328671668259321,0.12234210238647683,ARTEFACTO DE ESCALA (atr_ratio 0.95),True
0.2,SplyCur_chg30 ~ sin roc_24 [bajo],magnitud,257,0.15071337912571545,0.6766470510305105,0.5525291828793775,0.0,0.0032530194494303287,1.0548709435020178,0.9974835911486121,0.08841209773873351,0.10844715512752853,inconsistente por semana (55% arriba),True
0.2,TxTfrCnt ~ sin roc_24 [bajo],magnitud,257,0.14521311578355553,0.5971054926232285,0.5525291828793775,0.0,0.006571666602144946,1.0885000727311847,0.9947780166437951,0.06817252698831572,0.11234164585076654,inconsistente por semana (55% arriba),True
0.2,AdrBalCnt ~ sin roc_24 [bajo],magnitud,257,0.14039581087152828,0.5812232481234114,0.5914396887159533,0.0,0.005538147355879244,1.0815865354243976,0.9895683513265763,0.03707693397622458,0.09738418503980363,inconsistente por semana (59% arriba),True
0.2,CapMVRVCur_z ~ sin roc_24 [bajo],magnitud,249,0.13578134683294044,0.5973763802424067,0.5742971887550201,0.0,-0.003006997531539296,0.9599215761632158,0.9830766231848836,0.07454855349595932,0.12127531534262113,ARTEFACTO DE ESCALA (atr_ratio 0.96),True
0.2,CapMVRVCur [bajo],magnitud,257,0.1344403844639412,0.7444005632432522,0.5447470817120622,0.0005,0.0018802871979425285,1.023095244554388,0.9822577580594816,0.007597600868509696,0.07828241006935563,inconsistente por semana (54% arriba),True
0.2,dd_720 ~ sin roc_24,magnitud,257,0.1314530236337005,0.6401413913191779,0.5992217898832685,0.0015,-0.009857173731011552,0.8893305035048861,1.015018344940994,0.10177253664154015,0.09205171746707952,ARTEFACTO DE ESCALA (atr_ratio 0.89),True
0.2,TxCnt ~ sin roc_24 [bajo],magnitud,257,0.13134598006238046,0.5792792756329104,0.556420233463035,0.0,0.006180968285254418,1.0913533214618896,0.9987760271096473,0.041327484864144,0.0915192580883993,inconsistente por semana (56% arriba),True
0.2,AdrActCnt ~ sin roc_24 [bajo],magnitud,257,0.12996324797039138,0.6206194916617218,0.5252918287937743,0.0,0.006341209952348179,1.089840893267795,0.9957437009287563,0.05445972867615284,0.09883680751895481,inconsistente por semana (53% arriba),True
0.2,AdrBalCnt ~ sin roc_24,magnitud,257,0.12807547773538497,0.706999527131005,0.5097276264591439,0.002,-0.008367049659221712,0.8941086134780245,0.9967648220652605,0.07657002752443567,0.10241831242238371,ARTEFACTO DE ESCALA (atr_ratio 0.89),True
0.2,desbal_24,magnitud,257,0.12725718034706482,0.5630041795040928,0.556420233463035,0.0,-0.0016577997020377033,0.9771111049833657,0.9775806744798679,0.1014723882567498,0.1273019580115321,ARTEFACTO DE ESCALA (atr_ratio 0.98),True
0.2,IssTotNtv_pct ~ sin roc_24,magnitud,249,0.1182087525160008,0.5071296834190404,0.606425702811245,0.0005,0.0002602473859780549,1.0184875141494154,0.9998911719015817,0.06298573314084537,0.09426656152874524,SOBREVIVE,True
0.2,IssTotNtv [bajo],magnitud,257,0.1068536719378735,0.7287262833499581,0.5214007782101168,0.0075,0.002210406580737022,1.0271785121220036,0.9799256806277488,-0.06401601298345426,0.07098546451746127,concentracion: se cae sin el top-3,True
0.2,desbal_168 ~ sin roc_24,magnitud,257,0.09487480563479618,0.5334930287436213,0.5758754863813229,0.0025,-0.004639476587639065,0.9560406312141,0.9860506731912642,0.03793129304942572,0.0671083434192098,ARTEFACTO DE ESCALA (atr_ratio 0.96),True
0.2,CapMVRVCur_z [bajo],magnitud,249,0.08209399860032096,0.7210514409190416,0.5622489959839357,0.0345,-0.003917066222674454,0.9562380190472846,0.9811085141020599,0.020607413567026247,0.06387706755108236,ARTEFACTO DE ESCALA (atr_ratio 0.96),False
0.2,SplyCur_chg7 ~ sin roc_24 [bajo],magnitud,257,0.08166126479656416,0.5262976729513035,0.5486381322957199,0.005,0.0026814923151605107,1.0568811737946517,0.9984071017910643,0.04145823228692154,0.07042384076184444,inconsistente por semana (55% arriba),True
0.2,SplyCur ~ sin roc_24 [bajo],magnitud,257,0.08145717094713681,0.509420506283499,0.5408560311284046,0.0075,0.0028020379253806023,1.071632828942553,1.0015424870032268,0.025307360932600113,0.05434803356820179,inconsistente por semana (54% arriba),True
0.2,SplyCur_pct ~ sin roc_24 [bajo],magnitud,249,0.052961848129509444,0.6519313503871785,0.4738955823293173,0.098,-0.0010654238652172605,1.0059505107663913,0.9938869582948386,0.018352532858942224,0.033261630874884006,ARTEFACTO DE ESCALA (atr_ratio 1.01),False
0.2,CapMVRVCur_pct ~ sin roc_24 [bajo],magnitud,249,0.05146323022373961,0.5445402579227339,0.5381526104417671,0.0685,-0.0038302842119726003,0.9501759023974695,0.9798337584494997,0.03676662789465134,0.03861858699971745,ARTEFACTO DE ESCALA (atr_ratio 0.95),False
0.2,IssTotNtv ~ sin roc_24 [bajo],magnitud,257,0.041850663495242676,0.5352706084596279,0.5447470817120622,0.103,0.0013396650555126093,1.042888271496605,0.9971584009502255,-0.008978800851479063,0.016854014492543718,dentro del MDE del azar (±0.065),False
0.2,desbal_168 [bajo],magnitud,257,0.03874358083349522,0.7627162013043082,0.4708171206225681,0.2155,0.001255518008746057,1.0011126442301073,0.9618797166441768,-0.032797013469594676,0.006725356500677162,dentro del MDE del azar (±0.065),False
0.2,desbal_168 ~ sin roc_24 [bajo],magnitud,257,0.034648659319490564,0.6308926995041838,0.4708171206225681,0.1925,0.0010916862970187257,0.9991167306756296,0.9598657191744386,-0.016225116532505017,0.013782157702471987,dentro del MDE del azar (±0.065),False
0.2,CapMVRVCur ~ sin roc_24 [bajo],magnitud,257,0.03274786914785021,0.5555032839713283,0.5252918287937743,0.174,0.0009109522700680881,1.0165125457635564,0.9765689866804593,-0.01779461803810944,0.008454192467048153,dentro del MDE del azar (±0.065),False
0.2,CONTROL azar 2,magnitud,257,0.0297908828953966,0.5295859173574538,0.490272373540856,0.191,0.00025298238122543854,1.010702159418212,0.97803177926425,-0.0021115934906911714,0.01303211758400241,control,False
0.2,CapMVRVCur_z ~ sin roc_24,magnitud,249,0.02891563405248844,0.8026302380226747,0.46184738955823296,0.289,0.008307854906200481,1.1570048751253985,0.9937950692268936,0.015634526103620632,0.02083782058452574,dentro del MDE del azar (±0.065),False
0.2,desbal_24 ~ sin roc_24,magnitud,257,0.027854407354905537,0.5273844404716341,0.46303501945525294,0.1935,-0.002956000183574959,0.9703411681195178,0.9714595819086431,0.0003044829271077231,0.009577229432118414,ARTEFACTO DE ESCALA (atr_ratio 0.97),False
0.2,CapMVRVCur_pct [bajo],magnitud,249,0.02200162837981544,0.6753563959882738,0.4979919678714859,0.31,-0.00465765724137433,0.9478162370507285,0.9775813301563947,-0.005489304083419925,0.004560423399625671,ARTEFACTO DE ESCALA (atr_ratio 0.95),False
0.2,SplyCur_pct [bajo],magnitud,249,0.021631015910199513,0.9019472728216212,0.42971887550200805,0.349,-0.002130996958310938,0.9889811521780375,0.9788976398151379,0.017584556530826568,-0.023667963442035724,ARTEFACTO DE ESCALA (atr_ratio 0.99),False
0.2,desbal,magnitud,257,0.020056320484141507,0.5027621782805127,0.47470817120622566,0.263,0.00020510497833481744,1.0030411298922706,0.9691480587616754,-0.022999656694107168,-0.0014155759245322844,dentro del MDE del azar (±0.065),False
0.2,SplyCur [bajo],magnitud,257,0.011234690819622813,0.7604025153353139,0.5019455252918288,0.4115,-0.0062886294763986154,0.9488096311355104,0.979116239860822,-0.08871074657573769,-0.06816124927934045,ARTEFACTO DE ESCALA (atr_ratio 0.95),False
0.2,dd_720 ~ sin roc_24 [bajo],magnitud,257,0.010211819166409819,0.6716729819634293,0.42412451361867703,0.4315,0.01247279418799985,1.1572999698114916,0.9456427400735508,-0.04148875237995575,-0.016896267569068927,dentro del MDE del azar (±0.065),False
0.2,roc_720 ~ sin roc_24 [bajo],magnitud,257,0.007059688805109796,0.6694514103261461,0.4396887159533074,0.4515,0.0021960072525416927,1.0360625312163023,0.968507639821909,-0.04520776418121598,-0.02201420231504953,dentro del MDE del azar (±0.065),False
0.2,CapMVRVCur_chg30 ~ sin roc_24 [bajo],magnitud,257,-0.012203617987035176,0.587447434693281,0.4591439688715953,1.0,-0.00028149026444532546,0.9999297104131089,0.9659009243776395,-0.07521456494159402,-0.04040503106506466,spread <= 0,False
0.2,CONTROL azar 3,magnitud,257,-0.013302018306727786,0.5091228769347228,0.41245136186770426,1.0,1.2900381433091716e-05,1.0109466646664338,0.976041710520557,-0.0269878262396281,-0.026769220053586777,control,False
0.2,dd_168 ~ sin roc_24,magnitud,257,-0.017068801914802707,0.5904238190965594,0.490272373540856,1.0,-0.012242543615779547,0.8464660535442494,0.9740581605729145,-0.02537229618409688,-0.043715646355825366,spread <= 0,False
0.2,SplyCur_chg30 [bajo],magnitud,257,-0.019453678219855934,0.7882245348173238,0.42412451361867703,1.0,-0.003421263058820796,0.9817621420773098,0.977694663260635,-0.00021804818306339182,-0.039527755750827905,spread <= 0,False
0.2,TxTfrCnt_chg7 ~ sin roc_24 [bajo],magnitud,257,-0.021814176305310254,0.5370466625547686,0.4046692607003891,1.0,0.0020940572081908746,1.0239199332242541,0.9484705907306139,-0.06740633037855817,-0.031051905663849737,spread <= 0,False
0.2,desbal_24 ~ sin roc_24 [bajo],magnitud,257,-0.02261010887957373,0.5387392893229781,0.4357976653696498,1.0,0.000304911917517036,0.9942907808960743,0.9566859039494888,-0.058317780012703345,-0.042045891837462365,spread <= 0,False
0.2,IssTotNtv_pct,magnitud,249,-0.027682059616084224,0.5718712190021745,0.46184738955823296,1.0,-0.0030580574742804646,0.9835110933914788,0.982163198764182,-0.11604811761552883,-0.07896483767112546,spread <= 0,False
0.2,turnover ~ sin roc_24 [bajo],magnitud,257,-0.028672330372526235,0.587244648413219,0.40077821011673154,1.0,0.003240862184430979,1.0556855394394824,0.977638441144254,-0.06656856560069122,-0.04763190383941112,spread <= 0,False
0.2,CapMVRVCur_pct ~ sin roc_24,magnitud,249,-0.02879130061150044,0.7407655291884739,0.43373493975903615,1.0,0.00741333977657973,1.1543992350600911,0.9942223271245807,-0.0005135574163095875,-0.014452142213680755,spread <= 0,False
0.2,CONTROL azar 1,magnitud,257,-0.0292522338590933,0.4239784185487245,0.43190661478599224,1.0,-0.0003132292082050648,1.009276852941633,0.9789806281482095,-0.04356529010294331,-0.038410986864487406,control,False
0.2,TxCnt_chg7 ~ sin roc_24 [bajo],magnitud,257,-0.03312127019017147,0.5486883387044437,0.3968871595330739,1.0,0.0021758685972349053,1.0266287620388983,0.9457575127646198,-0.08545985866933167,-0.04931657895985123,spread <= 0,False
0.2,atr_24 ~ sin roc_24 [bajo],magnitud,257,-0.03474967126022115,0.5987974316740262,0.4591439688715953,1.0,-0.019519933706068512,0.7082228099747762,0.9051255173405836,-0.10169587627144606,-0.08278550620791873,spread <= 0,False
0.2,n_surge ~ sin roc_24 [bajo],magnitud,257,-0.037983417819036726,0.5703263849523841,0.4046692607003891,1.0,0.002460303508963564,1.0468219531166871,0.9752073041985667,-0.08201153248490062,-0.060216736939547974,spread <= 0,False
0.2,IssTotNtv_pct ~ sin roc_24 [bajo],magnitud,249,-0.03895764235325668,0.5344846342844257,0.43775100401606426,1.0,-0.0014073756794319597,1.0069360285488607,0.9848293008609693,-0.02742686185051916,-0.04310572726627109,spread <= 0,False
0.2,AdrActCnt_chg7 ~ sin roc_24 [bajo],magnitud,257,-0.04058194015863269,0.5618728776572727,0.40077821011673154,1.0,0.001854205996648218,1.0244734174908958,0.9524374338916491,-0.0600061121022019,-0.05454368277547652,spread <= 0,False
0.2,vol_168 ~ sin roc_24 [bajo],magnitud,257,-0.04133208047680244,0.622425280620408,0.49416342412451364,1.0,-0.0203152732410369,0.7318483783779421,0.9469293254194133,-0.10536280748761476,-0.0825867702752273,spread <= 0,False
0.2,compresion ~ sin roc_24 [bajo],magnitud,257,-0.04730823226161288,0.5627081095123089,0.4085603112840467,1.0,0.0015743469944554762,0.96336860416273,0.8954710380030635,-0.08151488233022582,-0.06384468258519241,spread <= 0,False
0.2,pos_168 ~ sin roc_24 [bajo],magnitud,257,-0.0490904557602896,0.6009639781009194,0.42023346303501946,1.0,0.002282171618262105,1.0321990277381123,0.9435713286318046,-0.12103054181759255,-0.08321699244595662,spread <= 0,False
0.2,SplyCur,magnitud,257,-0.049092762011130796,0.9491010133327018,0.3346303501945525,1.0,-0.0004585414262803482,1.016235023187942,0.9754183341975503,-0.11740415297151661,-0.1059218021919829,spread <= 0,False
0.2,TxCnt,magnitud,257,-0.04931039588283133,0.8219689765489233,0.43190661478599224,1.0,-0.0156503823725482,0.8265764229474665,0.9760144488416896,-0.15112710408090757,-0.12424804583963948,spread <= 0,False
0.2,desbal ~ sin roc_24,magnitud,257,-0.06016120499701203,0.4857052029980448,0.45525291828793774,1.0,-0.0007408638143612546,0.9982045652309702,0.9638595924268007,-0.11016911561265123,-0.09185761143726572,spread <= 0,False
0.2,AdrBalCnt_chg7 ~ sin roc_24,magnitud,257,-0.062206662718237875,0.5815703723244257,0.3968871595330739,1.0,0.0013366460354625783,1.0297309149432552,0.9842157976198697,-0.12559600139475774,-0.0887442112701958,spread <= 0,False
0.2,TxTfrCnt_z ~ sin roc_24 [bajo],magnitud,249,-0.06951310500454227,0.6071485808295697,0.36947791164658633,1.0,-0.003784410416638275,0.9702577605846694,0.9666014044825377,-0.11773550970664409,-0.0790976871601976,spread <= 0,False
0.2,SplyCur_chg7 ~ sin roc_24,magnitud,257,-0.06964307065980764,0.6256929737442234,0.42412451361867703,1.0,0.004064189098934571,1.0671703188746373,0.9818062466516901,-0.10460266057584618,-0.08694587417089338,spread <= 0,False
0.2,dd_720 [bajo],magnitud,257,-0.0717891349976287,0.7189830570677175,0.41245136186770426,1.0,0.011911835165556016,1.1545806375960115,0.9391405480127673,-0.17100033186063746,-0.11204217151315475,spread <= 0,False
0.2,SplyCur_chg7 [bajo],magnitud,257,-0.07239997480788077,0.6601763636285203,0.4085603112840467,1.0,-0.0036097351942146376,0.9825441290966287,0.9754954461286776,0.007486733971902925,-0.05797056535890223,spread <= 0,False
0.2,TxTfrCnt,magnitud,257,-0.07294736868976909,0.7270237179495099,0.42412451361867703,1.0,-0.01612925610388009,0.8290255734540052,0.977789728396228,-0.15497313299181106,-0.13750513403912928,spread <= 0,False
0.2,AdrActCnt,magnitud,257,-0.07353835572385022,0.7090776580494894,0.41245136186770426,1.0,-0.01625138709937389,0.8239606007085634,0.9761810984241269,-0.16569859081919291,-0.14049250947318964,spread <= 0,False
0.2,SplyCur_chg30 ~ sin roc_24,magnitud,257,-0.07659814721863947,0.6656342729822385,0.43190661478599224,1.0,0.004738904223163115,1.08090904358676,0.9834837678406865,-0.13358434087148005,-0.11438331452362253,spread <= 0,False
0.2,TxCnt_z ~ sin roc_24 [bajo],magnitud,249,-0.0827738098024858,0.6496635461678508,0.3493975903614458,1.0,-0.0038316800239731022,0.9651197668900756,0.9651727748179277,-0.12734755530155434,-0.09123034792064177,spread <= 0,False
0.2,CapMVRVCur,magnitud,257,-0.08315768698667887,0.6902373833093994,0.4474708171206226,1.0,-0.0047572122778133386,0.9557755370328731,0.9809500492688796,-0.15319538587653939,-0.12019557344533621,spread <= 0,False
0.2,TxCnt_chg30 ~ sin roc_24 [bajo],magnitud,257,-0.08398167506010464,0.4805702596153793,0.3463035019455253,1.0,0.0007850739121993596,1.0127191506716682,0.9434296260929322,-0.14983678589180094,-0.10101551516013009,spread <= 0,False
0.2,AdrActCnt_chg30 ~ sin roc_24 [bajo],magnitud,257,-0.08405220924740282,0.5095601029605719,0.3424124513618677,1.0,7.564426233368473e-05,1.0076248206440548,0.9502938446196252,-0.10626969251677473,-0.0999789836898379,spread <= 0,False
0.2,AdrActCnt_z ~ sin roc_24 [bajo],magnitud,249,-0.08928539870156785,0.6163549971422928,0.3534136546184739,1.0,-0.0037281916759422345,0.9660424394725122,0.967321789315525,-0.11766174150001647,-0.11028065880311101,spread <= 0,False
0.2,IssTotNtv_pct [bajo],magnitud,249,-0.08962859865122688,0.5927242550157474,0.3855421686746988,1.0,-0.00215980679878163,1.0002940979956636,0.9788537862797613,-0.13803927806954536,-0.11221658231649627,spread <= 0,False
0.2,SplyCur_chg30,magnitud,257,-0.08979690629797782,0.7643665374420108,0.38910505836575876,1.0,0.00504479629448271,1.0852939820316747,0.980305979334597,-0.13407875258553195,-0.12923060535078493,spread <= 0,False
0.2,CapMVRVCur_chg30 [bajo],magnitud,257,-0.09215514449415178,0.6905185146609623,0.4280155642023346,1.0,-0.0013375171732403178,0.9940080980030682,0.9602717131720335,-0.1556289650541711,-0.12527133233715818,spread <= 0,False
0.2,desbal ~ sin roc_24 [bajo],magnitud,257,-0.09325881188841512,0.5308842164942686,0.42023346303501946,1.0,-0.0005487876484920347,1.0060331525325326,0.9680173747655136,-0.10938780743967536,-0.10182610877028078,spread <= 0,False
0.2,desbal_24 [bajo],magnitud,257,-0.09356137473504939,0.5529074743657123,0.41245136186770426,1.0,-0.00023577897742427622,0.9943264769405232,0.9520686443710079,-0.1237269702467683,-0.10594332295296922,spread <= 0,False
0.2,TxTfrCnt_chg30 ~ sin roc_24 [bajo],magnitud,257,-0.09755943622342773,0.4699290875671356,0.3463035019455253,1.0,0.0005907819081149935,1.0131985706383466,0.9481485968104394,-0.12188022107141527,-0.11320345562677457,spread <= 0,False
0.2,roc_72 ~ sin roc_24 [bajo],magnitud,257,-0.0976124821037207,0.574104476465637,0.3463035019455253,1.0,0.004490358352920823,1.0640523223271827,0.9536816884832945,-0.15593653074567704,-0.12443899483936391,spread <= 0,False
0.2,SplyCur_chg7,magnitud,257,-0.10641424107805002,0.7120979493711495,0.39299610894941633,1.0,0.004050318855999932,1.0677123720035469,0.9805996774561655,-0.16292995213034758,-0.14192128117859734,spread <= 0,False
0.2,AdrBalCnt,magnitud,257,-0.10745752237860594,0.8392883359783645,0.3735408560311284,1.0,-0.014488205632896838,0.8432916415283915,0.9744949075174603,-0.07454507023797965,-0.1432493502656883,spread <= 0,False
0.2,AdrBalCnt_chg7,magnitud,257,-0.10962822934104818,0.6480135634846146,0.3968871595330739,1.0,0.0007596238979722555,1.0213538235666706,0.9789582744905247,-0.15655204084706967,-0.12953963013745207,spread <= 0,False
0.2,SplyCur_pct,magnitud,249,-0.11711179737699214,0.7078589781628536,0.3855421686746988,1.0,-0.003850461195600878,0.9897017931898563,0.9789489613299499,-0.09358229411677024,-0.15819981960592625,spread <= 0,False
0.2,IssTotNtv,magnitud,257,-0.11966752243973605,0.643926973074124,0.35019455252918286,1.0,0.00041531555501857193,1.0257077830965002,0.9796176469510477,-0.1672255607123622,-0.1639248622803469,spread <= 0,False
0.2,vol_24 ~ sin roc_24 [bajo],magnitud,257,-0.12351768984940782,0.5560920927766916,0.3463035019455253,1.0,-0.01762739336995765,0.7404083116079815,0.9063767709956518,-0.17147764016431896,-0.17056032065739293,spread <= 0,False
0.2,desbal [bajo],magnitud,257,-0.12376525000382854,0.5031102254697235,0.38910505836575876,1.0,-0.0007273372156231189,1.0050673605650204,0.9663967367589832,-0.15579445084961616,-0.1421100168984395,spread <= 0,False
0.2,roc_720 [bajo],magnitud,257,-0.1292989623184413,0.8168853934019515,0.3852140077821012,1.0,0.0005454557662663433,1.024215130797546,0.9557021618275165,-0.16997925273457085,-0.150021419617107,spread <= 0,False
0.2,ticket_rel ~ sin roc_24 [bajo],magnitud,257,-0.13231947328790214,0.4956381088417959,0.35019455252918286,1.0,-0.00022528529177626695,1.0037409412949057,0.9592951718059866,-0.1376245584163467,-0.12618316080711114,spread <= 0,False
0.2,CapMVRVCur ~ sin roc_24,magnitud,257,-0.1350419466504152,0.5984423441453304,0.43190661478599224,1.0,-0.00519966771294695,0.959379102052235,0.9807394300802292,-0.12442388864016266,-0.15550043191852536,spread <= 0,False
0.2,AdrBalCnt_z,magnitud,249,-0.13560427473537334,0.7011418883762363,0.37349397590361444,1.0,-0.0011233633365341244,1.0006560941725002,0.979192628084191,-0.18602566033861842,-0.15806748288006736,spread <= 0,False
0.2,AdrActCnt_chg7 [bajo],magnitud,257,-0.14129149780808511,0.6170707602921712,0.3424124513618677,1.0,0.0010871738255209585,1.0121614847627067,0.9380673431208983,-0.173259603827117,-0.15505093388194943,spread <= 0,False
0.2,AdrBalCnt_chg30 ~ sin roc_24,magnitud,257,-0.14435270104302264,0.5264540057856036,0.36186770428015563,1.0,0.00046279251067152315,1.0269980861299688,0.9790464430044266,-0.19218846772979065,-0.15457808642382292,spread <= 0,False
0.2,roc_24 [bajo],magnitud,257,-0.14724405676273017,0.5720481225043784,0.31906614785992216,1.0,0.003654504985338087,1.0987992247148735,0.9816642356543035,-0.18057673279246525,-0.16760819937151616,spread <= 0,False
0.2,AdrBalCnt_z ~ sin roc_24,magnitud,249,-0.14832573848702163,0.7053368928447791,0.3654618473895582,1.0,-0.000883713723894029,1.0114930521500864,0.9787319903973888,-0.18260925993375218,-0.17027156042701908,spread <= 0,False
0.2,rango_168 ~ sin roc_24 [bajo],magnitud,257,-0.14933230920518506,0.5939806906949144,0.3852140077821012,1.0,-0.016915034054522167,0.7778291552095045,0.9369188343369647,-0.19849326836209907,-0.18753541403034044,spread <= 0,False
0.2,AdrBalCnt_pct ~ sin roc_24,magnitud,249,-0.1515961272370661,0.6019964424884164,0.3293172690763052,1.0,-0.0003462758994893397,1.0239621687055318,0.9830193324556253,-0.18324805732420063,-0.16708077439168526,spread <= 0,False
0.2,vol_168 [bajo],magnitud,257,-0.1555607061251143,0.673094869343577,0.4280155642023346,1.0,-0.023554455659702586,0.7047435314461682,0.9340952660598376,-0.2431006514879928,-0.22094399089014993,spread <= 0,False
0.2,SplyCur_pct ~ sin roc_24,magnitud,249,-0.16786026356852318,0.49505693715182814,0.36947791164658633,1.0,-0.004194088499502676,0.9682029160639223,0.9710842959192267,-0.21721965616193864,-0.19393478569247108,spread <= 0,False
0.2,TxCnt_pct ~ sin roc_24 [bajo],magnitud,249,-0.1681711410126506,0.49668171791103455,0.3293172690763052,1.0,-0.004537739316744251,0.9491040075810868,0.9446747190706158,-0.18286116316979276,-0.1740555500956493,spread <= 0,False
0.2,AdrBalCnt_chg30,magnitud,257,-0.17925323946292,0.6437254392285172,0.3229571984435798,1.0,8.253420089798143e-05,1.0207388673115312,0.9751283295684608,-0.2523419735386329,-0.21345150683118902,spread <= 0,False
0.2,TxTfrCnt_chg7 [bajo],magnitud,257,-0.18183869654178866,0.5322418363261436,0.3035019455252918,1.0,0.0009376598220461051,1.00818948799158,0.9278378911868141,-0.2100513104640948,-0.19599078528947989,spread <= 0,False
0.2,TxCnt_pct [bajo],magnitud,249,-0.18509891367864686,0.5005621311900676,0.30120481927710846,1.0,-0.004759790678319054,0.9490177895923545,0.9426207973739102,-0.17185381206229292,-0.1804910200930522,spread <= 0,False
0.2,AdrActCnt_pct [bajo],magnitud,249,-0.18693297341412293,0.4970288509626165,0.3172690763052209,1.0,-0.004608038598545698,0.9588306166704523,0.9530288591803024,-0.18951624675486076,-0.1950295108557981,spread <= 0,False
0.2,AdrActCnt_z [bajo],magnitud,249,-0.1869544642289541,0.5761831422977173,0.3413654618473896,1.0,-0.005349506214916579,0.9581913944301788,0.960237463266593,-0.21955562268989165,-0.18259728637004705,spread <= 0,False
0.2,AdrActCnt_chg30 [bajo],magnitud,257,-0.1878609907418727,0.5224816494112058,0.31906614785992216,1.0,-0.0012571092253242377,0.9942518946952924,0.9382949051435985,-0.21623078348376207,-0.20285313410731096,spread <= 0,False
0.2,compresion [bajo],magnitud,257,-0.18924345187661581,0.5518745991519739,0.27626459143968873,1.0,-0.00014816613589370723,0.9505163973020938,0.8803072666699492,-0.21861609167026508,-0.20497261366141117,spread <= 0,False
0.2,AdrActCnt_pct ~ sin roc_24 [bajo],magnitud,249,-0.1899214755855065,0.46509473897925135,0.30522088353413657,1.0,-0.004754097139855589,0.9580496368943608,0.9556668219175326,-0.19489567506723948,-0.19700598997390728,spread <= 0,False
0.2,ticket_rel [bajo],magnitud,257,-0.1964991997083293,0.5174797244797212,0.3346303501945525,1.0,-0.0008778964705763727,1.0013988834647325,0.9559407047720427,-0.19299775777028774,-0.20351938449161322,spread <= 0,False
0.2,TxCnt_z [bajo],magnitud,249,-0.20379743291841695,0.5562836597991168,0.30120481927710846,1.0,-0.005721142462009288,0.9546542819327352,0.9571590306084983,-0.23554809666609117,-0.20926185710722742,spread <= 0,False
0.2,CapMVRVCur_chg7 ~ sin roc_24 [bajo],magnitud,257,-0.20686102657608677,0.6266182905746952,0.3151750972762646,1.0,0.001373998817801802,1.0290343208066302,0.9392434818104454,-0.21374342601057658,-0.2181218599241573,spread <= 0,False
0.2,TxCnt_chg7 [bajo],magnitud,257,-0.21089601400473124,0.585322782409948,0.31906614785992216,1.0,0.0010283495648377014,1.01229923720734,0.926078666709929,-0.24226313327263252,-0.2152948088610977,spread <= 0,False
0.2,TxTfrCnt_z [bajo],magnitud,249,-0.21174110059467197,0.5666149733430438,0.27710843373493976,1.0,-0.005795587423395837,0.9614507594412812,0.9588255713706234,-0.23534577651579222,-0.23218430458983544,spread <= 0,False
0.2,atr_24 [bajo],magnitud,257,-0.21284048612252285,0.6665633091098486,0.36964980544747084,1.0,-0.023537796054328517,0.6831391556781261,0.8871873018591596,-0.25623386636358064,-0.2550826531347343,spread <= 0,False
0.2,TxTfrCnt_pct ~ sin roc_24 [bajo],magnitud,249,-0.21718743740756702,0.49911387536491186,0.2931726907630522,1.0,-0.005274974826084513,0.9504851816580003,0.9470875152058176,-0.23905118496901628,-0.21726212902417116,spread <= 0,False
0.2,AdrBalCnt_pct,magnitud,249,-0.21735127703808196,0.5788571128123436,0.3333333333333333,1.0,-0.0026259956616904827,1.0073287080767865,0.9788764679520225,-0.22620232596757991,-0.2203963938848142,spread <= 0,False
0.2,TxTfrCnt_pct [bajo],magnitud,249,-0.23049624462979898,0.555710182625087,0.30522088353413657,1.0,-0.0054674672746562285,0.9510033504888081,0.9454144192124185,-0.2354554802558327,-0.2423268636522477,spread <= 0,False
0.2,roc_168 ~ sin roc_24 [bajo],magnitud,257,-0.23797465534363746,0.672566682397774,0.2529182879377432,1.0,0.0028206370196049,1.0513894085333884,0.9356703815915606,-0.2913375644597598,-0.2719521924101958,spread <= 0,False
0.2,TxCnt_chg30 [bajo],magnitud,257,-0.24929382182920215,0.5016543663258036,0.2490272373540856,1.0,-0.0008022146758346655,0.9944917451048016,0.922367567357943,-0.3017503549918651,-0.2623242484751766,spread <= 0,False
0.2,pos_168 [bajo],magnitud,257,-0.25289479331588977,0.7489976037168404,0.28793774319066145,1.0,0.000904957429836034,1.0341839086815048,0.929577574496762,-0.30992701538963974,-0.2710685630205057,spread <= 0,False
0.2,TxTfrCnt_chg30 [bajo],magnitud,257,-0.26051110130901334,0.4804673230672547,0.2490272373540856,1.0,-0.0007611473742023767,0.9953107314878983,0.9243870452419564,-0.2868518200290415,-0.2704593571276413,spread <= 0,False
0.2,rango_168 [bajo],magnitud,257,-0.2811381524244544,0.6431307205770512,0.30739299610894943,1.0,-0.02069358839147981,0.7410679502350335,0.9228505922550927,-0.32442017738207846,-0.3273169194943964,spread <= 0,False
0.2,roc_72 [bajo],magnitud,257,-0.307908746507763,0.7045236046752057,0.23346303501945526,1.0,0.002149718544565446,1.049569653305772,0.9326659362986871,-0.3596623508619783,-0.3413856740766797,spread <= 0,False
0.2,vol_24 [bajo],magnitud,257,-0.3101205243874435,0.6832508304449479,0.30739299610894943,1.0,-0.022344489885832083,0.695080910147514,0.8834114534098514,-0.36031102049409364,-0.3627391313820459,spread <= 0,False
0.2,CapMVRVCur_chg7 [bajo],magnitud,257,-0.34914711493292533,0.7507564680324946,0.2529182879377432,1.0,4.978870088145264e-05,1.0250094688149747,0.9288410971177488,-0.35788895726757497,-0.36084760085297846,spread <= 0,False
0.2,n_surge [bajo],magnitud,257,-0.3905234835912194,0.5771115933232462,0.19455252918287938,1.0,-0.001777093746280744,0.9878357103748009,0.9131039617940447,-0.4019410456573167,-0.38254766295339787,spread <= 0,False
0.2,turnover [bajo],magnitud,257,-0.4229508158326889,0.5565505102996079,0.16731517509727625,1.0,-0.001186549205411552,0.9957941262581353,0.9166552941397836,-0.42056411011269546,-0.42773491010497056,spread <= 0,False
0.2,roc_168 [bajo],magnitud,257,-0.4455521902299072,0.7730366357140478,0.19066147859922178,1.0,0.0006238838560815186,1.0368770289448002,0.9169765372536016,-0.47969024789993947,-0.46768887783423774,spread <= 0,False
0.2,IssTotNtv_chg7,magnitud,0,,,,1.0,,,,,,POCAS SEMANAS (<8),False
0.2,IssTotNtv_chg30,magnitud,0,,,,1.0,,,,,,POCAS SEMANAS (<8),False
0.2,IssTotNtv_z,magnitud,0,,,,1.0,,,,,,POCAS SEMANAS (<8),False
0.2,SplyCur_z,magnitud,0,,,,1.0,,,,,,POCAS SEMANAS (<8),False
0.2,IssTotNtv_chg7 ~ sin roc_24,magnitud,0,,,,1.0,,,,,,POCAS SEMANAS (<8),False
0.2,IssTotNtv_chg30 ~ sin roc_24,magnitud,0,,,,1.0,,,,,,POCAS SEMANAS (<8),False
0.2,IssTotNtv_z ~ sin roc_24,magnitud,0,,,,1.0,,,,,,POCAS SEMANAS (<8),False
0.2,SplyCur_z ~ sin roc_24,magnitud,0,,,,1.0,,,,,,POCAS SEMANAS (<8),False
0.2,IssTotNtv_chg7 [bajo],magnitud,0,,,,1.0,,,,,,POCAS SEMANAS (<8),False
0.2,IssTotNtv_chg30 [bajo],magnitud,0,,,,1.0,,,,,,POCAS SEMANAS (<8),False
0.2,IssTotNtv_z [bajo],magnitud,0,,,,1.0,,,,,,POCAS SEMANAS (<8),False
0.2,SplyCur_z [bajo],magnitud,0,,,,1.0,,,,,,POCAS SEMANAS (<8),False
0.2,IssTotNtv_chg7 ~ sin roc_24 [bajo],magnitud,0,,,,1.0,,,,,,POCAS SEMANAS (<8),False
0.2,IssTotNtv_chg30 ~ sin roc_24 [bajo],magnitud,0,,,,1.0,,,,,,POCAS SEMANAS (<8),False
0.2,IssTotNtv_z ~ sin roc_24 [bajo],magnitud,0,,,,1.0,,,,,,POCAS SEMANAS (<8),False
0.2,SplyCur_z ~ sin roc_24 [bajo],magnitud,0,,,,1.0,,,,,,POCAS SEMANAS (<8),False
0.5,vol_24 ~ sin roc_24,corto,257,-0.29481873682872806,0.5228942406644835,0.26848249027237353,1.0,-0.00403730680155165,1.4805020056121334,1.1667000225046387,-0.320302794796781,-0.30291653970963495,spread <= 0,False
0.5,atr_24 ~ sin roc_24,corto,257,-0.3040417285708012,0.569786094336053,0.2490272373540856,1.0,-0.0043819190894147046,1.5231119505624702,1.175864058869082,-0.3533191921388973,-0.3276759496150189,spread <= 0,False
0.5,vol_168 ~ sin roc_24,corto,257,-0.309594980946547,0.5413523178202723,0.23735408560311283,1.0,-0.0045177859212407225,1.427417898745841,1.075681688873889,-0.3504420163937319,-0.32927946703040073,spread <= 0,False
0.5,vol_168,corto,257,-0.32109943239527194,0.6004718326590859,0.2723735408560311,1.0,-0.004666869575995637,1.4848481236083435,1.0886498872259989,-0.36835927593891266,-0.34385791865557347,spread <= 0,False
0.5,AdrActCnt ~ sin roc_24 [bajo],corto,257,-0.32319999358083207,0.42021439983404335,0.21011673151750973,1.0,-0.003870022711147981,1.089840893267795,0.9957437009287563,-0.3571319166427289,-0.3427469104727412,spread <= 0,False
0.5,dd_720 ~ sin roc_24 [bajo],corto,257,-0.324947797915869,0.4773378616824229,0.16342412451361868,1.0,-0.004969700182666462,1.1572999698114916,0.9456427400735508,-0.35901897838420227,-0.3411172352273055,spread <= 0,False
0.5,vol_24,corto,257,-0.32919347377804037,0.5642623494769876,0.2607003891050584,1.0,-0.004574591532792403,1.559853495557897,1.2120274357607626,-0.35796751005115474,-0.3406252477654364,spread <= 0,False
0.5,TxCnt ~ sin roc_24 [bajo],corto,257,-0.3311700335409744,0.3932264369793093,0.17509727626459143,1.0,-0.004046357381500334,1.0913533214618896,0.9987760271096473,-0.35370487541944245,-0.3419394131002354,spread <= 0,False
0.5,roc_24,corto,257,-0.3404477637738385,0.5041342950264331,0.2178988326848249,1.0,-0.004241685096287321,1.2077948971527124,1.1089674403106646,-0.37451896406786933,-0.3572719682410865,spread <= 0,False
0.5,dd_720 [bajo],corto,257,-0.34377080184317094,0.4255984788509717,0.10505836575875487,1.0,-0.005145247929563737,1.1545806375960115,0.9391405480127673,-0.3617410402527096,-0.35432276759746384,spread <= 0,False
0.5,AdrBalCnt ~ sin roc_24 [bajo],corto,257,-0.3448953799630104,0.40035708350334503,0.1556420233463035,1.0,-0.00429677287695926,1.0815865354243976,0.9895683513265763,-0.38025875418341715,-0.35202530673965765,spread <= 0,False
0.5,rango_168 ~ sin roc_24,corto,257,-0.3487136558658154,0.5293965009818817,0.19066147859922178,1.0,-0.0048145567126028285,1.3817604934455425,1.08316511116642,-0.38434119407568706,-0.3788913106779291,spread <= 0,False
0.5,TxTfrCnt ~ sin roc_24 [bajo],corto,257,-0.35140698088039557,0.38589082636822564,0.1517509727626459,1.0,-0.004333479682677816,1.0885000727311847,0.9947780166437951,-0.3725163559536925,-0.35567882582360477,spread <= 0,False
0.5,atr_24,corto,257,-0.35167622848584035,0.6025387458953293,0.27626459143968873,1.0,-0.0050640575666015325,1.5879282791244371,1.2195899205496787,-0.3793322048007981,-0.36214536052877905,spread <= 0,False
0.5,dd_168 ~ sin roc_24 [bajo],corto,257,-0.35310969262986763,0.4982658690945903,0.1828793774319066,1.0,-0.0049170982536795044,1.264247459151218,1.0129107616268473,-0.37403532243471116,-0.3691374475563679,spread <= 0,False
0.5,dd_168 [bajo],corto,257,-0.35344638910466747,0.46737815628457596,0.17898832684824903,1.0,-0.004981525470676328,1.2427997444508285,0.9975575729954989,-0.3808284679481869,-0.37111848311011714,spread <= 0,False
0.5,n_surge ~ sin roc_24,corto,257,-0.3557058784228937,0.4564024522603536,0.16731517509727625,1.0,-0.004291967527261035,1.1421294196171676,1.0697831066129828,-0.3994608953704494,-0.367033202022532,spread <= 0,False
0.5,pos_168 ~ sin roc_24 [bajo],corto,257,-0.3584272889935173,0.4538394587989402,0.1517509727626459,1.0,-0.004688509377228033,1.0321990277381123,0.9435713286318046,-0.37052218275253607,-0.3747421543258208,spread <= 0,False
0.5,SplyCur_chg7 ~ sin roc_24 [bajo],corto,257,-0.36532518770120354,0.39202527496490713,0.14396887159533073,1.0,-0.004312826477521318,1.0568811737946517,0.9984071017910643,-0.3965040190625935,-0.371627372183725,spread <= 0,False
0.5,CapMVRVCur_chg7 [bajo],corto,257,-0.36719526155263954,0.39967538235367256,0.10505836575875487,1.0,-0.004792781777638411,1.0250094688149747,0.9288410971177488,-0.3952359872493172,-0.37858394629847103,spread <= 0,False
0.5,CapMVRVCur_chg30 ~ sin roc_24,corto,257,-0.3705177388923855,0.483888627572533,0.14785992217898833,1.0,-0.004404427958757828,1.1864606181037234,1.0154090997700471,-0.39164064078195826,-0.374676888333022,spread <= 0,False
0.5,roc_168 [bajo],corto,257,-0.37289903749197034,0.3933112986350854,0.10505836575875487,1.0,-0.004749119093601081,1.0368770289448002,0.9169765372536016,-0.41512612382069247,-0.38936340074520465,spread <= 0,False
0.5,CapMVRVCur_chg7 ~ sin roc_24 [bajo],corto,257,-0.37310091123644257,0.4607292979422443,0.11673151750972763,1.0,-0.004866730824624342,1.0290343208066302,0.9392434818104454,-0.4142472058487265,-0.3887474626473416,spread <= 0,False
0.5,rango_168,corto,257,-0.37808837728794,0.5517844212767021,0.20233463035019456,1.0,-0.0052470310441198225,1.4316961833745678,1.0968666961898692,-0.4203170752597796,-0.40596183075037123,spread <= 0,False
0.5,CapMVRVCur_z ~ sin roc_24,corto,249,-0.37844682292523973,0.4467059379902982,0.17269076305220885,1.0,-0.004506773253151993,1.1570048751253985,0.9937950692268936,-0.39517011108427247,-0.3869605371035326,spread <= 0,False
0.5,desbal_24 ~ sin roc_24 [bajo],corto,257,-0.3829830336610072,0.4141921122195176,0.13229571984435798,1.0,-0.004760365860524205,0.9942907808960743,0.9566859039494888,-0.40454627904420465,-0.39405205242544555,spread <= 0,False
0.5,TxTfrCnt_chg30 [bajo],corto,257,-0.384265025180916,0.33487235770669554,0.09727626459143969,1.0,-0.0046948828548365115,0.9953107314878983,0.9243870452419564,-0.38825341663602053,-0.384028230415052,spread <= 0,False
0.5,pos_168 [bajo],corto,257,-0.38430275591708857,0.44494922101024853,0.1245136186770428,1.0,-0.004960620566021836,1.0341839086815048,0.929577574496762,-0.4076537975641352,-0.40040009140308047,spread <= 0,False
0.5,CapMVRVCur_pct ~ sin roc_24,corto,249,-0.3873595463628876,0.45965668049045283,0.1686746987951807,1.0,-0.004565083249879884,1.1543992350600911,0.9942223271245807,-0.40323998032521374,-0.39203267517678914,spread <= 0,False
0.5,turnover [bajo],corto,257,-0.38807918628090265,0.3612962634838594,0.11284046692607004,1.0,-0.0046894252468158365,0.9957941262581353,0.9166552941397836,-0.4019946687095106,-0.40089849858356347,spread <= 0,False
0.5,IssTotNtv [bajo],corto,257,-0.3885625198533429,0.37047424110899513,0.08171206225680934,1.0,-0.004844556046902846,1.0271785121220036,0.9799256806277488,-0.41706678916543866,-0.4073276604858258,spread <= 0,False
0.5,TxCnt_chg30 ~ sin roc_24 [bajo],corto,257,-0.3885669481273133,0.3755758067779328,0.11673151750972763,1.0,-0.0047680789402396095,1.0127191506716682,0.9434296260929322,-0.3962337980704286,-0.38843945646032474,spread <= 0,False
0.5,AdrActCnt_chg30 ~ sin roc_24,corto,257,-0.3885950355444933,0.5258396653254713,0.16731517509727625,1.0,-0.004733505660684767,1.1159911704026941,1.0368164549654781,-0.43215822034233947,-0.4170941345617702,spread <= 0,False
0.5,TxTfrCnt_chg7 ~ sin roc_24,corto,257,-0.38875490482878305,0.47416729289553033,0.12840466926070038,1.0,-0.004593438969719259,1.1227055837393507,1.058803489233129,-0.415599991748894,-0.40353204193303094,spread <= 0,False
0.5,CapMVRVCur_z,corto,249,-0.38895211807019986,0.5630211749122005,0.14859437751004015,1.0,-0.004636116932924044,1.167522636610417,0.9957700921683146,-0.4032616316101117,-0.3827048183645339,spread <= 0,False
0.5,TxTfrCnt_chg30 ~ sin roc_24,corto,257,-0.3894148980111005,0.515689491126971,0.17509727626459143,1.0,-0.004745443883427666,1.1552520649306668,1.0580307301510232,-0.42577588364579844,-0.4102397858286071,spread <= 0,False
0.5,AdrBalCnt [bajo],corto,257,-0.38975715519748527,0.4802838770162411,0.12840466926070038,1.0,-0.004962825657784746,1.0218669584780078,0.9798173212993637,-0.3714459156832271,-0.39728778053412556,spread <= 0,False
0.5,IssTotNtv ~ sin roc_24 [bajo],corto,257,-0.3899095347693347,0.4022539747325441,0.14396887159533073,1.0,-0.0046585786074525674,1.042888271496605,0.9971584009502255,-0.42018579911834475,-0.403096413703678,spread <= 0,False
0.5,roc_72 ~ sin roc_24 [bajo],corto,257,-0.3920610435335281,0.40412569983281915,0.09727626459143969,1.0,-0.005030499384033993,1.0640523223271827,0.9536816884832945,-0.4236864883699169,-0.4072463850449364,spread <= 0,False
0.5,IssTotNtv ~ sin roc_24,corto,257,-0.3925401358053691,0.453995096305792,0.14785992217898833,1.0,-0.004747790589321813,1.1414825836764266,1.0326209122309364,-0.4151372024773227,-0.40324330953680854,spread <= 0,False
0.5,CapMVRVCur_chg30,corto,257,-0.39278923802055343,0.5062921404764613,0.1517509727626459,1.0,-0.004779923505641319,1.205778620010335,1.02416206413403,-0.41535231906228653,-0.396925316895626,spread <= 0,False
0.5,desbal_24 [bajo],corto,257,-0.3937538146872488,0.4109662348304737,0.10894941634241245,1.0,-0.004853915022009703,0.9943264769405232,0.9520686443710079,-0.4168726464037192,-0.40224685903984736,spread <= 0,False
0.5,TxCnt_chg30 [bajo],corto,257,-0.3942746360538302,0.3647043902005579,0.08949416342412451,1.0,-0.004737313742419458,0.9944917451048016,0.922367567357943,-0.4083941680485744,-0.4022117338962763,spread <= 0,False
0.5,SplyCur_chg7 ~ sin roc_24,corto,257,-0.39457351713635164,0.3531689586373573,0.09727626459143969,1.0,-0.004849135695311629,1.0671703188746373,0.9818062466516901,-0.4370597408986965,-0.40637561876393913,spread <= 0,False
0.5,AdrActCnt_chg30,corto,257,-0.3948073838809149,0.5491769818918761,0.1517509727626459,1.0,-0.0047341777431842225,1.121572340977577,1.0407820785404132,-0.44676536801366445,-0.42193338641166617,spread <= 0,False
0.5,roc_168 ~ sin roc_24 [bajo],corto,257,-0.3949249373034273,0.45728146839550954,0.0933852140077821,1.0,-0.00500067341908975,1.0513894085333884,0.9356703815915606,-0.41890830139666896,-0.40233750582051125,spread <= 0,False
0.5,AdrActCnt_chg30 [bajo],corto,257,-0.39492694506843773,0.3203094385142733,0.07392996108949416,1.0,-0.004744620287494323,0.9942518946952924,0.9382949051435985,-0.420725717311941,-0.4050560325909547,spread <= 0,False
0.5,CapMVRVCur_pct,corto,249,-0.3950657115841158,0.5754144268284644,0.12449799196787148,1.0,-0.004699641377762133,1.1851701858266779,1.0015485913134983,-0.3981789999754628,-0.3917805331970695,spread <= 0,False
0.5,turnover ~ sin roc_24,corto,257,-0.39530075520088126,0.4667521741085536,0.12062256809338522,1.0,-0.004666948081744952,1.1386024832104014,1.0720141005013537,-0.42904803353773896,-0.40659091584686335,spread <= 0,False
0.5,AdrBalCnt_pct [bajo],corto,249,-0.3954813695852537,0.45735940653826723,0.09236947791164658,1.0,-0.004615688019882059,1.0099094268360034,0.9813640595439712,-0.40240335565961255,-0.40738355942655347,spread <= 0,False
0.5,SplyCur_chg30 ~ sin roc_24,corto,257,-0.3956008517359122,0.3561692658394035,0.11673151750972763,1.0,-0.004926524172473201,1.08090904358676,0.9834837678406865,-0.3963048680042516,-0.40135603411577336,spread <= 0,False
0.5,AdrBalCnt_pct ~ sin roc_24 [bajo],corto,249,-0.3964809180785067,0.41970088510710346,0.12449799196787148,1.0,-0.004553745370541231,1.0071938834059027,0.9774717286014243,-0.42436786018774286,-0.40410629407389453,spread <= 0,False
0.5,TxTfrCnt_chg30 ~ sin roc_24 [bajo],corto,257,-0.3965121405162507,0.3644296105459633,0.08949416342412451,1.0,-0.0048788305511788576,1.0131985706383466,0.9481485968104394,-0.41521577726735515,-0.40507136732697185,spread <= 0,False
0.5,IssTotNtv,corto,257,-0.39716023551600893,0.3473738988791135,0.08560311284046693,1.0,-0.0047786343151197735,1.0257077830965002,0.9796176469510477,-0.416935773860122,-0.40124545133046424,spread <= 0,False
0.5,compresion,corto,257,-0.3973179364917177,0.5398685271861949,0.20622568093385213,1.0,-0.004605907590068069,1.2612026350145313,1.1941003361773985,-0.4157984816265517,-0.4055736819986598,spread <= 0,False
0.5,roc_720 ~ sin roc_24,corto,257,-0.39854615946964644,0.5511835490774748,0.17509727626459143,1.0,-0.004636347165314188,1.207582800327273,1.012842159035642,-0.42807087592827786,-0.4097570251794409,spread <= 0,False
0.5,AdrActCnt_chg7 ~ sin roc_24,corto,257,-0.40010434358538816,0.48143819686713224,0.13618677042801555,1.0,-0.004648846535243261,1.0882482326345249,1.0408927701389619,-0.43086557160294786,-0.415739349760017,spread <= 0,False
0.5,roc_168,corto,257,-0.40160038262522957,0.5943240048051778,0.22178988326848248,1.0,-0.004665392899021668,1.2854017437642429,1.146596857211362,-0.42563612030943426,-0.4118663643995529,spread <= 0,False
0.5,TxTfrCnt_pct,corto,249,-0.40171939925988204,0.5366429711458592,0.14056224899598393,1.0,-0.004379563531854562,1.1279101613258247,1.0531172645302311,-0.42916619142190704,-0.4138602108162896,spread <= 0,False
0.5,TxCnt_chg7 ~ sin roc_24,corto,257,-0.40175790138862183,0.47054285883689934,0.13618677042801555,1.0,-0.004849193067766971,1.1434552720749718,1.0667755938518142,-0.43227053787643777,-0.4155544200626364,spread <= 0,False
0.5,desbal,corto,257,-0.40203776336767755,0.3507551693584552,0.10894941634241245,1.0,-0.004543051650600423,1.0030411298922706,0.9691480587616754,-0.419448687693477,-0.40240885838157847,spread <= 0,False
0.5,AdrBalCnt_z [bajo],corto,249,-0.40247315917882354,0.4400584404979504,0.08835341365461848,1.0,-0.004713172848834485,1.0121564073396436,0.9789599316960623,-0.40989701829483627,-0.41659645086623187,spread <= 0,False
0.5,SplyCur_chg30,corto,257,-0.4025099948686575,0.3783369122839547,0.10505836575875487,1.0,-0.005011614123631876,1.0852939820316747,0.980305979334597,-0.4182969118931604,-0.405367780323117,spread <= 0,False
0.5,SplyCur ~ sin roc_24,corto,257,-0.40283541587558147,0.4662276184639978,0.16731517509727625,1.0,-0.004595773757151882,1.0716992527069886,1.019056038682106,-0.42458545883532267,-0.41016468252087285,spread <= 0,False
0.5,SplyCur_chg7,corto,257,-0.40314465846936937,0.33763531243948025,0.08949416342412451,1.0,-0.005100430406158667,1.0677123720035469,0.9805996774561655,-0.4219560990215343,-0.4127624769751389,spread <= 0,False
0.5,roc_72 [bajo],corto,257,-0.40378637608856555,0.3897809783159513,0.10116731517509728,1.0,-0.0050557716178125794,1.049569653305772,0.9326659362986871,-0.43199132095274506,-0.41890481585774036,spread <= 0,False
0.5,TxTfrCnt_chg7,corto,257,-0.40463675367672014,0.5024766638689345,0.13229571984435798,1.0,-0.00474834623660534,1.126024139348941,1.0670520611296768,-0.43885164065623306,-0.4242698178543094,spread <= 0,False
0.5,roc_72,corto,257,-0.40526973721071347,0.5604637232261128,0.20622568093385213,1.0,-0.004655062482895774,1.2706391125012613,1.1517177148628568,-0.4305959931092335,-0.4185744043724945,spread <= 0,False
0.5,SplyCur ~ sin roc_24 [bajo],corto,257,-0.40534965450394883,0.43127381653159186,0.12840466926070038,1.0,-0.004866175671075354,1.071632828942553,1.0015424870032268,-0.41986224487737134,-0.4118324138363847,spread <= 0,False
0.5,TxTfrCnt_z ~ sin roc_24,corto,249,-0.40561026286036717,0.47423901638100113,0.1686746987951807,1.0,-0.00452700542280118,1.0880112651388534,1.0351583500209047,-0.4294274479900589,-0.42823438321087476,spread <= 0,False
0.5,n_surge,corto,257,-0.4059356273853723,0.513658581478694,0.16342412451361868,1.0,-0.004924389509432527,1.18167235756872,1.1112234512199661,-0.4576803160627825,-0.4217411948998417,spread <= 0,False
0.5,desbal_168 [bajo],corto,257,-0.40619224902526985,0.43750076608337257,0.09727626459143969,1.0,-0.004791945557449748,1.0011126442301073,0.9618797166441768,-0.42948222682808646,-0.4165844713271206,spread <= 0,False
0.5,n_surge [bajo],corto,257,-0.40626787160914507,0.3686440144202837,0.10505836575875487,1.0,-0.004862554207452794,0.9878357103748009,0.9131039617940447,-0.4183230464189852,-0.40418740612590764,spread <= 0,False
0.5,roc_720 [bajo],corto,257,-0.40629301894484615,0.4114294590207101,0.10894941634241245,1.0,-0.00523299791878539,1.024215130797546,0.9557021618275165,-0.41869921559166884,-0.41604165653746106,spread <= 0,False
0.5,AdrActCnt_chg30 ~ sin roc_24 [bajo],corto,257,-0.4063098460017743,0.3619166891174901,0.10505836575875487,1.0,-0.004821762484008915,1.0076248206440548,0.9502938446196252,-0.4332081153721282,-0.41769021146109336,spread <= 0,False
0.5,desbal ~ sin roc_24 [bajo],corto,257,-0.40661545861578596,0.3643516394634113,0.08171206225680934,1.0,-0.0049907226681812755,1.0060331525325326,0.9680173747655136,-0.4245910509743598,-0.41705961690685006,spread <= 0,False
0.5,TxTfrCnt_chg30,corto,257,-0.406779986594391,0.5197598509616481,0.16731517509727625,1.0,-0.004934023673773943,1.1636724472774587,1.0631962946367501,-0.4386697830412406,-0.4197069756606226,spread <= 0,False
0.5,AdrActCnt_chg7,corto,257,-0.4083766905517333,0.5064812258399495,0.1517509727626459,1.0,-0.004796177331287561,1.0870368525533218,1.0451912516375401,-0.4206315830600381,-0.409517231573569,spread <= 0,False
0.5,roc_24 [bajo],corto,257,-0.40986255391883636,0.40702927579409126,0.12062256809338522,1.0,-0.004814772564411491,1.0987992247148735,0.9816642356543035,-0.4349790776684327,-0.41913367503858373,spread <= 0,False
0.5,AdrActCnt_pct,corto,249,-0.40997901612334603,0.539243105980382,0.15261044176706828,1.0,-0.004558376844432724,1.0863000223487755,1.0300214147590805,-0.4267511399572502,-0.42499179227769324,spread <= 0,False
0.5,SplyCur_chg30 ~ sin roc_24 [bajo],corto,257,-0.4102021681789724,0.4421770482532589,0.1245136186770428,1.0,-0.00498527469315525,1.0548709435020178,0.9974835911486121,-0.43250658942846537,-0.42653996476002276,spread <= 0,False
0.5,AdrBalCnt_z ~ sin roc_24 [bajo],corto,249,-0.41197720818364447,0.40029074641818324,0.10843373493975904,1.0,-0.004769881404631501,1.0104039927643127,0.9780839578965338,-0.3977816879539457,-0.42164936958299637,spread <= 0,False
0.5,TxCnt_chg30 ~ sin roc_24,corto,257,-0.4124014284020711,0.5213210075985963,0.17509727626459143,1.0,-0.005059967973636372,1.157991357061962,1.0638471155012292,-0.4428015256695736,-0.43025948256950325,spread <= 0,False
0.5,desbal [bajo],corto,257,-0.4124285028933144,0.3237909066581378,0.09727626459143969,1.0,-0.005026304033694694,1.0050673605650204,0.9663967367589832,-0.4205007455290672,-0.4198886498360217,spread <= 0,False
0.5,IssTotNtv_pct ~ sin roc_24,corto,249,-0.4132579034423546,0.36564858772507636,0.09236947791164658,1.0,-0.004852705200382818,1.0184875141494154,0.9998911719015817,-0.4416334356705886,-0.4273889370023857,spread <= 0,False
0.5,desbal ~ sin roc_24,corto,257,-0.4132997880214011,0.34194766357124473,0.09727626459143969,1.0,-0.004769911756627771,0.9982045652309702,0.9638595924268007,-0.4194115753116844,-0.41455693012102834,spread <= 0,False
0.5,TxTfrCnt_z,corto,249,-0.4136003913974945,0.5251121201992207,0.1606425702811245,1.0,-0.004513679172684497,1.0987760681008552,1.0412233942049507,-0.4440428844269646,-0.43320537512956225,spread <= 0,False
0.5,TxCnt_chg7,corto,257,-0.4136667409871714,0.48366294269508253,0.1245136186770428,1.0,-0.005026164964426713,1.1514541136745695,1.0764468177371889,-0.4282343069736287,-0.4145815427599543,spread <= 0,False
0.5,ticket_rel ~ sin roc_24 [bajo],corto,257,-0.41373582730416986,0.3618589253949836,0.0933852140077821,1.0,-0.004966069169753716,1.0037409412949057,0.9592951718059866,-0.4285687853557293,-0.41715536894305877,spread <= 0,False
0.5,roc_720 ~ sin roc_24 [bajo],corto,257,-0.41422258470819173,0.45165543993034224,0.10894941634241245,1.0,-0.005293266648731143,1.0360625312163023,0.968507639821909,-0.4309680415903702,-0.42232983713776473,spread <= 0,False
0.5,TxCnt_chg30,corto,257,-0.4149410793652101,0.5320307975037597,0.19066147859922178,1.0,-0.005027215931691546,1.1643810697193389,1.0708668965517454,-0.4502077303051645,-0.4333112692970969,spread <= 0,False
0.5,roc_720,corto,257,-0.41510367718643226,0.561731822831993,0.19066147859922178,1.0,-0.004925269680073951,1.2383044319279257,1.0279719618446839,-0.4412223858800016,-0.4229448017901558,spread <= 0,False
0.5,desbal_168 ~ sin roc_24 [bajo],corto,257,-0.4156779196612545,0.4138816544478523,0.08949416342412451,1.0,-0.005005410760308104,0.9991167306756296,0.9598657191744386,-0.4369693923034693,-0.4209564833202613,spread <= 0,False
0.5,SplyCur_pct ~ sin roc_24,corto,249,-0.41701142720736456,0.3691704922621416,0.0963855421686747,1.0,-0.004824595934881499,0.9682029160639223,0.9710842959192267,-0.4468427293748506,-0.42994313595685163,spread <= 0,False
0.5,AdrBalCnt_chg30 ~ sin roc_24,corto,257,-0.4170262390697252,0.3819374070174133,0.0933852140077821,1.0,-0.005176347217895659,1.0269980861299688,0.9790464430044266,-0.43143935115703047,-0.4255888662962096,spread <= 0,False
0.5,CapMVRVCur_chg30 [bajo],corto,257,-0.4172869820024788,0.3753265448693529,0.12062256809338522,1.0,-0.005142880766638303,0.9940080980030682,0.9602717131720335,-0.4130503142764349,-0.41395152986570294,spread <= 0,False
0.5,AdrBalCnt_pct,corto,249,-0.4175943179593124,0.3540685085551431,0.0963855421686747,1.0,-0.004915112148095643,1.0073287080767865,0.9788764679520225,-0.4384533616994524,-0.42451744049530893,spread <= 0,False
0.5,ticket_rel [bajo],corto,257,-0.41770648583246034,0.3477820718007942,0.06614785992217899,1.0,-0.005023982726156234,1.0013988834647325,0.9559407047720427,-0.4225115514099391,-0.42388720689279513,spread <= 0,False
0.5,AdrBalCnt_chg30,corto,257,-0.4178687079364792,0.38098634403561366,0.08949416342412451,1.0,-0.005168345526479242,1.0207388673115312,0.9751283295684608,-0.44568535335668324,-0.42632634654119794,spread <= 0,False
0.5,TxCnt_chg7 [bajo],corto,257,-0.4190674748299751,0.40569892703895993,0.0933852140077821,1.0,-0.004955333334765342,1.01229923720734,0.926078666709929,-0.4298597159033281,-0.4253512444045023,spread <= 0,False
0.5,AdrBalCnt_chg7 [bajo],corto,257,-0.4195149596604801,0.39450560743154084,0.0933852140077821,1.0,-0.004727521286871826,1.001057754808965,0.9830705564983794,-0.4549915598188995,-0.43345996666317776,spread <= 0,False
0.5,TxCnt_chg7 ~ sin roc_24 [bajo],corto,257,-0.4206779837001293,0.4395111459676571,0.1245136186770428,1.0,-0.004955712054078515,1.0266287620388983,0.9457575127646198,-0.42685580345439433,-0.42364455600294315,spread <= 0,False
0.5,AdrActCnt_chg7 ~ sin roc_24 [bajo],corto,257,-0.4211365948421392,0.4425327072271287,0.14396887159533073,1.0,-0.005000919212234903,1.0244734174908958,0.9524374338916491,-0.43829760964050385,-0.42819635754970936,spread <= 0,False
0.5,CapMVRVCur ~ sin roc_24 [bajo],corto,257,-0.422126239568499,0.3555779935138367,0.11284046692607004,1.0,-0.005229609089930645,1.0165125457635564,0.9765689866804593,-0.44307787347696836,-0.4418556416919024,spread <= 0,False
0.5,compresion ~ sin roc_24,corto,257,-0.42216899827283066,0.4753852352960426,0.13229571984435798,1.0,-0.004630554927106494,1.2017683992731536,1.1541421907247633,-0.44800072500898663,-0.4321534648441721,spread <= 0,False
0.5,CapMVRVCur_chg30 ~ sin roc_24 [bajo],corto,257,-0.423073854880119,0.4167812625042348,0.1245136186770428,1.0,-0.0052157393369384256,0.9999297104131089,0.9659009243776395,-0.4225869606270222,-0.4247472539975651,spread <= 0,False
0.5,SplyCur_pct [bajo],corto,249,-0.4231128040538835,0.56781762898295,0.07228915662650602,1.0,-0.004873957584476274,0.9889811521780375,0.9788976398151379,-0.4436789621016055,-0.4295520403721015,spread <= 0,False
0.5,turnover,corto,257,-0.4232099099908223,0.5465463135145278,0.17120622568093385,1.0,-0.004898781693562283,1.1715194452895497,1.1131723797983537,-0.4552408211464134,-0.4420504222634521,spread <= 0,False
0.5,AdrActCnt_pct ~ sin roc_24,corto,249,-0.42348474042523343,0.4330590163308431,0.10843373493975904,1.0,-0.004696665048359659,1.0523261923196894,1.014685776644614,-0.4482051558388669,-0.4323442766031724,spread <= 0,False
0.5,compresion [bajo],corto,257,-0.4253211107745955,0.45267439455217323,0.13618677042801555,1.0,-0.004985332859845941,0.9505163973020938,0.8803072666699492,-0.4609432265559053,-0.4500954400234147,spread <= 0,False
0.5,TxTfrCnt_pct ~ sin roc_24,corto,249,-0.4262740039278134,0.4060595163481793,0.11646586345381527,1.0,-0.004701631281671275,1.0813068756555912,1.032250440719721,-0.44375718234784284,-0.43206343075791714,spread <= 0,False
0.5,SplyCur_chg30 [bajo],corto,257,-0.4268055288510846,0.4735259423229774,0.08171206225680934,1.0,-0.005018761427772452,0.9817621420773098,0.977694663260635,-0.4489752572099876,-0.44399045345967536,spread <= 0,False
0.5,roc_72 ~ sin roc_24,corto,257,-0.4281623372763127,0.5241848637783835,0.17898832684824903,1.0,-0.004717148031076723,1.1944714279974233,1.0962752830955695,-0.45182499942974647,-0.44062708060611167,spread <= 0,False
0.5,AdrBalCnt_chg7 ~ sin roc_24 [bajo],corto,257,-0.42825302956265965,0.37387335396646926,0.10116731517509728,1.0,-0.004812545817974115,1.019979379121918,0.9912832800067973,-0.43885843411574454,-0.4349307591613108,spread <= 0,False
0.5,roc_168 ~ sin roc_24,corto,257,-0.4293356911208832,0.5225461916351043,0.16342412451361868,1.0,-0.004910868046710496,1.2189158279712946,1.0996647718236403,-0.44657035164612746,-0.43863972688559955,spread <= 0,False
0.5,TxTfrCnt_chg7 ~ sin roc_24 [bajo],corto,257,-0.4295532843429669,0.42823109824050903,0.12840466926070038,1.0,-0.005231353976270454,1.0239199332242541,0.9484705907306139,-0.43187558583419333,-0.4267258889594289,spread <= 0,False
0.5,TxTfrCnt_chg7 [bajo],corto,257,-0.4295736053683586,0.41076935854018215,0.0933852140077821,1.0,-0.005177466955448811,1.00818948799158,0.9278378911868141,-0.44147916199078724,-0.429355486122735,spread <= 0,False
0.5,TxTfrCnt_z ~ sin roc_24 [bajo],corto,249,-0.4297418548417287,0.43646137915321265,0.0963855421686747,1.0,-0.004695923944965282,0.9702577605846694,0.9666014044825377,-0.44224125458414865,-0.43587352885545094,spread <= 0,False
0.5,SplyCur_chg7 [bajo],corto,257,-0.4297654417960061,0.37590364102028706,0.07782101167315175,1.0,-0.005012857200457279,0.9825441290966287,0.9754954461286776,-0.4287551684050746,-0.4347569332381494,spread <= 0,False
0.5,CapMVRVCur [bajo],corto,257,-0.4304235548371545,0.4084802397859122,0.08949416342412451,1.0,-0.005296842689718618,1.023095244554388,0.9822577580594816,-0.4510059393479683,-0.43256995810914445,spread <= 0,False
0.5,TxCnt_z [bajo],corto,249,-0.4314738247891053,0.4055353935263383,0.06827309236947791,1.0,-0.004739863677174246,0.9546542819327352,0.9571590306084983,-0.44825405337616847,-0.44411384467977794,spread <= 0,False
0.5,CONTROL azar 1,corto,257,-0.43173457039122476,0.3873447729712086,0.07782101167315175,1.0,-0.005087953783608663,1.009276852941633,0.9789806281482095,-0.4545870536496607,-0.4368278739388624,control,False
0.5,AdrBalCnt_chg30 [bajo],corto,257,-0.4320121609750283,0.39227441242929806,0.10505836575875487,1.0,-0.005004599531037144,1.0085229120025188,0.9805642177331266,-0.4657995680711682,-0.43474787177509144,spread <= 0,False
0.5,SplyCur_pct ~ sin roc_24 [bajo],corto,249,-0.4321748422104661,0.45763698237417005,0.07630522088353414,1.0,-0.004976917813799461,1.0059505107663913,0.9938869582948386,-0.45483845476808843,-0.4392905502372617,spread <= 0,False
0.5,TxCnt_z ~ sin roc_24 [bajo],corto,249,-0.43255225906460715,0.40266799665165215,0.09236947791164658,1.0,-0.004613087620010271,0.9651197668900756,0.9651727748179277,-0.4413210172838687,-0.4388003065624043,spread <= 0,False
0.5,turnover ~ sin roc_24 [bajo],corto,257,-0.4327694250875811,0.43542232466576186,0.11284046692607004,1.0,-0.005113792305044944,1.0556855394394824,0.977638441144254,-0.44536267162820753,-0.44220819307390685,spread <= 0,False
0.5,TxTfrCnt_z [bajo],corto,249,-0.43357398179028683,0.4058137479341682,0.060240963855421686,1.0,-0.004681878243765358,0.9614507594412812,0.9588255713706234,-0.4521080797976968,-0.441930625693843,spread <= 0,False
0.5,AdrBalCnt_chg7 ~ sin roc_24,corto,257,-0.43375633438974653,0.36617656146859795,0.08171206225680934,1.0,-0.005386422166733555,1.0297309149432552,0.9842157976198697,-0.4646349558707913,-0.4456764881800509,spread <= 0,False
0.5,CapMVRVCur_chg7,corto,257,-0.43396148187900224,0.5556385044922043,0.14785992217898833,1.0,-0.005001361785728558,1.21328629029455,1.099444835795906,-0.4428490533286293,-0.43705047713463996,spread <= 0,False
0.5,n_surge ~ sin roc_24 [bajo],corto,257,-0.43574283318969564,0.4305356352583921,0.11673151750972763,1.0,-0.0051296037360279104,1.0468219531166871,0.9752073041985667,-0.4448331430806082,-0.4470600112573768,spread <= 0,False
0.5,AdrBalCnt_chg30 ~ sin roc_24 [bajo],corto,257,-0.4365296919782039,0.39877637773862773,0.09727626459143969,1.0,-0.004997011532022906,1.0109546811539813,0.9839905644785478,-0.4598738820205034,-0.4434045593551668,spread <= 0,False
0.5,AdrActCnt_z,corto,249,-0.436571698950822,0.5271147273954927,0.13654618473895583,1.0,-0.004907926598449761,1.0675169252714543,1.024177391700175,-0.4545775450146382,-0.45517145837520373,spread <= 0,False
0.5,compresion ~ sin roc_24 [bajo],corto,257,-0.43712390768962867,0.4772825553158323,0.1245136186770428,1.0,-0.005134141911725303,0.96336860416273,0.8954710380030635,-0.4585947850298206,-0.4495634003078364,spread <= 0,False
0.5,IssTotNtv_pct ~ sin roc_24 [bajo],corto,249,-0.43723856829673474,0.3803711542206065,0.08032128514056225,1.0,-0.004907033128826034,1.0069360285488607,0.9848293008609693,-0.439948539682931,-0.44421143383601736,spread <= 0,False
0.5,AdrActCnt_pct ~ sin roc_24 [bajo],corto,249,-0.4376522175779341,0.3436392944072674,0.07630522088353414,1.0,-0.004921171240658184,0.9580496368943608,0.9556668219175326,-0.45818244938452724,-0.4415747457301185,spread <= 0,False
0.5,TxTfrCnt_pct [bajo],corto,249,-0.43877795059019165,0.37206970869247585,0.05622489959839357,1.0,-0.004804708137765524,0.9510033504888081,0.9454144192124185,-0.4422538667806256,-0.449872425249391,spread <= 0,False
0.5,CapMVRVCur_chg7 ~ sin roc_24,corto,257,-0.43897857039013505,0.5074116422824458,0.13229571984435798,1.0,-0.005154693332537256,1.1782824460541508,1.0778052799943465,-0.45193299209733,-0.44188839161366456,spread <= 0,False
0.5,ticket_rel,corto,257,-0.4395142309579034,0.43737609499422825,0.13229571984435798,1.0,-0.004714387402106141,1.013020266884327,1.0048861201614743,-0.4807657350670238,-0.4658906359822531,spread <= 0,False
0.5,CapMVRVCur,corto,257,-0.43959770819261446,0.40812362947899,0.0933852140077821,1.0,-0.004847408916509833,0.9557755370328731,0.9809500492688796,-0.4583972812559747,-0.4503203024668467,spread <= 0,False
0.5,TxCnt_pct,corto,249,-0.44282316817805206,0.5969156410362175,0.1566265060240964,1.0,-0.004789482606562018,1.1286883961052803,1.05990433925461,-0.4851917798576045,-0.4580873492034873,spread <= 0,False
0.5,IssTotNtv_pct,corto,249,-0.4428890128035575,0.3287110250723712,0.060240963855421686,1.0,-0.005139878195905634,0.9835110933914788,0.982163198764182,-0.43781596981603316,-0.4408246420573302,spread <= 0,False
0.5,AdrActCnt [bajo],corto,257,-0.4429865627409684,0.4259152148217099,0.1245136186770428,1.0,-0.005325810556857768,0.9817787019814944,0.9652509191749608,-0.4551228492763216,-0.44936240030430247,spread <= 0,False
0.5,CapMVRVCur_pct [bajo],corto,249,-0.44316557562056474,0.4203241904053356,0.08032128514056225,1.0,-0.005231877207083559,0.9478162370507285,0.9775813301563947,-0.4690191183551848,-0.45924044049698454,spread <= 0,False
0.5,IssTotNtv_pct [bajo],corto,249,-0.44435328221475984,0.40071397812072707,0.08835341365461848,1.0,-0.004964601162687963,1.0002940979956636,0.9788537862797613,-0.4657195151398349,-0.4501020358261402,spread <= 0,False
0.5,AdrActCnt_chg7 [bajo],corto,257,-0.4451378545708685,0.4337446942192561,0.0933852140077821,1.0,-0.005287614856977483,1.0121614847627067,0.9380673431208983,-0.452567062637194,-0.448515893481035,spread <= 0,False
0.5,AdrActCnt_pct [bajo],corto,249,-0.4451681748099668,0.35175332212908433,0.07630522088353414,1.0,-0.005032502411588101,0.9588306166704523,0.9530288591803024,-0.4719574747535168,-0.4591342792597199,spread <= 0,False
0.5,AdrActCnt_z ~ sin roc_24 [bajo],corto,249,-0.4457215801289112,0.378208528839629,0.08433734939759036,1.0,-0.0049260966611889235,0.9660424394725122,0.967321789315525,-0.47814341107337416,-0.46028750277096436,spread <= 0,False
0.5,AdrBalCnt_pct ~ sin roc_24,corto,249,-0.4465237767033022,0.38669818337926276,0.08433734939759036,1.0,-0.0053310888964615815,1.0239621687055318,0.9830193324556253,-0.47430014186331765,-0.45751349090404375,spread <= 0,False
0.5,AdrActCnt_z [bajo],corto,249,-0.4477648019940511,0.37401142504218804,0.0963855421686747,1.0,-0.0049381023926969424,0.9581913944301788,0.960237463266593,-0.477457464894297,-0.4543023592846638,spread <= 0,False
0.5,TxCnt_pct ~ sin roc_24 [bajo],corto,249,-0.4512899274625905,0.40257990917049513,0.07630522088353414,1.0,-0.005030437587756005,0.9491040075810868,0.9446747190706158,-0.4551747515254932,-0.45770364846290235,spread <= 0,False
0.5,AdrBalCnt_z,corto,249,-0.4513333332195538,0.3955024388872013,0.08032128514056225,1.0,-0.005341882663590457,1.0006560941725002,0.979192628084191,-0.4303462397417768,-0.4335130218404558,spread <= 0,False
0.5,TxCnt_pct [bajo],corto,249,-0.4518822512979093,0.41152931666947346,0.060240963855421686,1.0,-0.0050390208846752575,0.9490177895923545,0.9426207973739102,-0.4730862560531446,-0.4685258476201234,spread <= 0,False
0.5,TxTfrCnt_pct ~ sin roc_24 [bajo],corto,249,-0.4519452447286052,0.3748708134693127,0.07630522088353414,1.0,-0.005000433612585536,0.9504851816580003,0.9470875152058176,-0.4571479056156266,-0.4594243220848591,spread <= 0,False
0.5,TxCnt_pct ~ sin roc_24,corto,249,-0.4526451091838433,0.44094590093572544,0.13654618473895583,1.0,-0.004854940240436059,1.083481515223823,1.0342629591789954,-0.48625935255929914,-0.4666025239570766,spread <= 0,False
0.5,TxCnt_z,corto,249,-0.4532167231014142,0.5591209544969099,0.1646586345381526,1.0,-0.004910588450240786,1.090896960769353,1.0480143122774073,-0.4883800575561989,-0.4726713066029208,spread <= 0,False
0.5,TxCnt_z ~ sin roc_24,corto,249,-0.45352703097077485,0.49155950326007175,0.1606425702811245,1.0,-0.004834259588558878,1.081054772423462,1.0425622980020748,-0.49080231617984854,-0.46673567107981384,spread <= 0,False
0.5,CONTROL azar 3,corto,257,-0.4538305265439,0.3864295271915902,0.10505836575875487,1.0,-0.005454613673693158,1.0109466646664338,0.976041710520557,-0.4929264655689185,-0.47505689979757215,control,False
0.5,CapMVRVCur ~ sin roc_24,corto,257,-0.45416440329994595,0.41274717250428045,0.08171206225680934,1.0,-0.004961830920867137,0.959379102052235,0.9807394300802292,-0.46375279944699715,-0.4512045831745129,spread <= 0,False
0.5,AdrActCnt_z ~ sin roc_24,corto,249,-0.4555354364623602,0.4567269995962753,0.12449799196787148,1.0,-0.0051307678548441656,1.0629879643177371,1.0188797622299557,-0.4635666422875023,-0.46679203203486425,spread <= 0,False
0.5,CapMVRVCur_z [bajo],corto,249,-0.45763988679631695,0.4359640868120023,0.08032128514056225,1.0,-0.005438594597172927,0.9562380190472846,0.9811085141020599,-0.48366507067509346,-0.4766590745186908,spread <= 0,False
0.5,AdrBalCnt_chg7,corto,257,-0.45928208541627535,0.3959616670424546,0.08949416342412451,1.0,-0.005686274049574186,1.0213538235666706,0.9789582744905247,-0.481284953548236,-0.476636585985676,spread <= 0,False
0.5,SplyCur [bajo],corto,257,-0.46018738716498486,0.4326932577931447,0.08171206225680934,1.0,-0.0050056344350091105,0.9488096311355104,0.979116239860822,-0.461252307866008,-0.4601125010539985,spread <= 0,False
0.5,TxCnt [bajo],corto,257,-0.4607099156270368,0.39972112769107254,0.08949416342412451,1.0,-0.005751612707865365,0.9785669552939045,0.9475303643517079,-0.45463730170220906,-0.4621947201107103,spread <= 0,False
0.5,pos_168,corto,257,-0.46209811964092196,0.5458141791065785,0.17898832684824903,1.0,-0.005178641707182493,1.1007679905624952,1.0695198405868296,-0.4935531606289101,-0.4715289301283765,spread <= 0,False
0.5,TxTfrCnt [bajo],corto,257,-0.4635970175289659,0.3858109565231003,0.09727626459143969,1.0,-0.005785726809457025,0.9816991189111163,0.9499945280799447,-0.4451068882131743,-0.45847092018716296,spread <= 0,False
0.5,SplyCur,corto,257,-0.46457062680233535,0.5196621380467676,0.10116731517509728,1.0,-0.005323879908698603,1.016235023187942,0.9754183341975503,-0.4510581568042066,-0.4515189129534897,spread <= 0,False
0.5,ticket_rel ~ sin roc_24,corto,257,-0.4656952816822993,0.4080936865080122,0.10505836575875487,1.0,-0.005080738862199017,1.0029246994433605,0.9977191460512562,-0.4992577677435296,-0.48158745141595966,spread <= 0,False
0.5,SplyCur_pct,corto,249,-0.46713139663883185,0.4067689481693188,0.08032128514056225,1.0,-0.005335551314287943,0.9897017931898563,0.9789489613299499,-0.5034126111712305,-0.46861787801383203,spread <= 0,False
0.5,CapMVRVCur_z ~ sin roc_24 [bajo],corto,249,-0.4735830459357273,0.44948380998224385,0.0963855421686747,1.0,-0.005658356410411063,0.9599215761632158,0.9830766231848836,-0.5021660397646678,-0.4854785554656309,spread <= 0,False
0.5,AdrBalCnt_z ~ sin roc_24,corto,249,-0.47415882792144254,0.39222591881652136,0.06827309236947791,1.0,-0.005660022759809093,1.0114930521500864,0.9787319903973888,-0.46975480385745044,-0.46307162737880664,spread <= 0,False
0.5,CapMVRVCur_pct ~ sin roc_24 [bajo],corto,249,-0.47432535029470557,0.38074912733974975,0.06827309236947791,1.0,-0.005506341450020387,0.9501759023974695,0.9798337584494997,-0.4964997054757695,-0.48085478427919875,spread <= 0,False
0.5,CONTROL azar 2,corto,257,-0.4759618547050162,0.36641079393729664,0.08171206225680934,1.0,-0.0056538486378148,1.010702159418212,0.97803177926425,-0.4865865080357273,-0.4774120778359726,control,False
0.5,pos_168 ~ sin roc_24,corto,257,-0.4830183769483164,0.5079862306961318,0.11673151750972763,1.0,-0.004933569874167035,1.0601965157624125,1.0305130562754243,-0.49799247893213017,-0.48414466752342,spread <= 0,False
0.5,desbal_24,corto,257,-0.4975081408894476,0.4126559073866743,0.07003891050583658,1.0,-0.0056115260417754845,0.9771111049833657,0.9775806744798679,-0.5079318066104876,-0.49875695914033147,spread <= 0,False
0.5,desbal_24 ~ sin roc_24,corto,257,-0.5057725341781161,0.39251819169993457,0.05058365758754864,1.0,-0.005705310845845815,0.9703411681195178,0.9714595819086431,-0.5357250219262757,-0.5182014448804141,spread <= 0,False
0.5,desbal_168,corto,257,-0.5148339570213614,0.41064654479228474,0.058365758754863814,1.0,-0.005617060282946257,0.9548495431659639,0.9867896885363816,-0.5300858303741178,-0.5202973957232558,spread <= 0,False
0.5,desbal_168 ~ sin roc_24,corto,257,-0.5172720241908298,0.3905903205071643,0.07782101167315175,1.0,-0.005646986585466109,0.9560406312141,0.9860506731912642,-0.5290171671229453,-0.5209453985074275,spread <= 0,False
0.5,dd_720,corto,257,-0.5236212613163682,0.4880164789727178,0.11673151750972763,1.0,-0.004935087058432832,0.9057164972353448,1.0423973929871697,-0.5402949623753145,-0.5238638164242484,spread <= 0,False
0.5,AdrBalCnt ~ sin roc_24,corto,257,-0.5247707992562791,0.4408261323625424,0.1245136186770428,1.0,-0.005227353376764339,0.8941086134780245,0.9967648220652605,-0.5288743057383494,-0.5293432505746561,spread <= 0,False
0.5,dd_168,corto,257,-0.5277713317781916,0.47188165274782623,0.09727626459143969,1.0,-0.005069063567574334,0.8726874223137698,0.9998469504481478,-0.5364537783554131,-0.5302307026934772,spread <= 0,False
0.5,AdrActCnt ~ sin roc_24,corto,257,-0.5393735418204945,0.44365351703725164,0.10116731517509728,1.0,-0.0050538273746973065,0.8855753964023606,1.0119615025042161,-0.5576174612264095,-0.5448445516278925,spread <= 0,False
0.5,TxCnt ~ sin roc_24,corto,257,-0.5491974655203051,0.5224986093728446,0.10116731517509728,1.0,-0.005222745186059753,0.8927537833958327,1.0066333736661295,-0.5709410132750737,-0.5571814426123174,spread <= 0,False
0.5,dd_168 ~ sin roc_24,corto,257,-0.5512315796228492,0.4469151950034963,0.07392996108949416,1.0,-0.0050798425970131,0.8464660535442494,0.9740581605729145,-0.5730355267013227,-0.5615856038300379,spread <= 0,False
0.5,dd_720 ~ sin roc_24,corto,257,-0.5529363053041559,0.4508933196874256,0.07782101167315175,1.0,-0.0051745943245144295,0.8893305035048861,1.015018344940994,-0.5657005388678414,-0.5556020513648474,spread <= 0,False
0.5,TxTfrCnt ~ sin roc_24,corto,257,-0.5596591202866104,0.44568057656392945,0.07392996108949416,1.0,-0.005327540382045926,0.8691234868647925,1.0014766699517246,-0.5734049550773113,-0.563652884313744,spread <= 0,False
0.5,AdrBalCnt,corto,257,-0.5646957981056049,0.5248724927825216,0.06614785992217899,1.0,-0.005333270294672001,0.8432916415283915,0.9744949075174603,-0.5566567964641457,-0.5643603050406573,spread <= 0,False
0.5,TxTfrCnt,corto,257,-0.5697235512131128,0.4390743526779951,0.07003891050583658,1.0,-0.005218386127666966,0.8290255734540052,0.977789728396228,-0.5972673864790036,-0.5714023553795939,spread <= 0,False
0.5,AdrActCnt,corto,257,-0.5730287586862547,0.44149682275464924,0.054474708171206226,1.0,-0.005145937389421004,0.8239606007085634,0.9761810984241269,-0.59197255983099,-0.5800966047614987,spread <= 0,False
0.5,rango_168 [bajo],corto,257,-0.5912354085445369,0.4094902701524169,0.054474708171206226,1.0,-0.00521811152492512,0.7410679502350335,0.9228505922550927,-0.5925501422508767,-0.5924854644023425,spread <= 0,False
0.5,vol_24 ~ sin roc_24 [bajo],corto,257,-0.5926547555887287,0.39168319698233206,0.058365758754863814,1.0,-0.0053099024706040636,0.7404083116079815,0.9063767709956518,-0.5994359068211501,-0.5988442690479161,spread <= 0,False
0.5,vol_24 [bajo],corto,257,-0.5952458164569185,0.38206889077087003,0.05058365758754864,1.0,-0.005111802242279504,0.695080910147514,0.8834114534098514,-0.5976111398446906,-0.5935505325079321,spread <= 0,False
0.5,TxCnt,corto,257,-0.5995174803270371,0.4924532800348558,0.042801556420233464,1.0,-0.00544222923420922,0.8265764229474665,0.9760144488416896,-0.6110648888321456,-0.6098472268549285,spread <= 0,False
0.5,rango_168 ~ sin roc_24 [bajo],corto,257,-0.6101280470455432,0.43715967099844005,0.05058365758754864,1.0,-0.005587078402597545,0.7778291552095045,0.9369188343369647,-0.6020068892967322,-0.6164904569526456,spread <= 0,False
0.5,vol_168 [bajo],corto,257,-0.6199324504056604,0.4212206975194257,0.054474708171206226,1.0,-0.00504597036933855,0.7047435314461682,0.9340952660598376,-0.6237742065995339,-0.6236409669329527,spread <= 0,False
0.5,atr_24 [bajo],corto,257,-0.6301509928271039,0.4118112262657159,0.04669260700389105,1.0,-0.005260493955258612,0.6831391556781261,0.8871873018591596,-0.6092083825037499,-0.6352456205441415,spread <= 0,False
0.5,vol_168 ~ sin roc_24 [bajo],corto,257,-0.6307768305733068,0.42012571502647256,0.058365758754863814,1.0,-0.005418304320800756,0.7318483783779421,0.9469293254194133,-0.6359366247061254,-0.6324355455060289,spread <= 0,False
0.5,atr_24 ~ sin roc_24 [bajo],corto,257,-0.6322395339398701,0.44822661358409827,0.054474708171206226,1.0,-0.005458415774271458,0.7082228099747762,0.9051255173405836,-0.6429478744517739,-0.635000871736218,spread <= 0,False
0.5,IssTotNtv_chg7,corto,0,,,,1.0,,,,,,POCAS SEMANAS (<8),False
0.5,IssTotNtv_chg30,corto,0,,,,1.0,,,,,,POCAS SEMANAS (<8),False
0.5,IssTotNtv_z,corto,0,,,,1.0,,,,,,POCAS SEMANAS (<8),False
0.5,SplyCur_z,corto,0,,,,1.0,,,,,,POCAS SEMANAS (<8),False
0.5,IssTotNtv_chg7 ~ sin roc_24,corto,0,,,,1.0,,,,,,POCAS SEMANAS (<8),False
0.5,IssTotNtv_chg30 ~ sin roc_24,corto,0,,,,1.0,,,,,,POCAS SEMANAS (<8),False
0.5,IssTotNtv_z ~ sin roc_24,corto,0,,,,1.0,,,,,,POCAS SEMANAS (<8),False
0.5,SplyCur_z ~ sin roc_24,corto,0,,,,1.0,,,,,,POCAS SEMANAS (<8),False
0.5,IssTotNtv_chg7 [bajo],corto,0,,,,1.0,,,,,,POCAS SEMANAS (<8),False
0.5,IssTotNtv_chg30 [bajo],corto,0,,,,1.0,,,,,,POCAS SEMANAS (<8),False
0.5,IssTotNtv_z [bajo],corto,0,,,,1.0,,,,,,POCAS SEMANAS (<8),False
0.5,SplyCur_z [bajo],corto,0,,,,1.0,,,,,,POCAS SEMANAS (<8),False
0.5,IssTotNtv_chg7 ~ sin roc_24 [bajo],corto,0,,,,1.0,,,,,,POCAS SEMANAS (<8),False
0.5,IssTotNtv_chg30 ~ sin roc_24 [bajo],corto,0,,,,1.0,,,,,,POCAS SEMANAS (<8),False
0.5,IssTotNtv_z ~ sin roc_24 [bajo],corto,0,,,,1.0,,,,,,POCAS SEMANAS (<8),False
0.5,SplyCur_z ~ sin roc_24 [bajo],corto,0,,,,1.0,,,,,,POCAS SEMANAS (<8),False
0.5,rango_168,largo,257,-0.3404274954737355,0.545200674557243,0.19455252918287938,1.0,-0.004752968955880179,1.4316961833745678,1.0968666961898692,-0.3854198189712948,-0.3611267409015668,spread <= 0,False
0.5,atr_24,largo,257,-0.3412369722792072,0.5962218583587909,0.23735408560311283,1.0,-0.004935942433398469,1.5879282791244371,1.2195899205496787,-0.40235876429365885,-0.3727210688835163,spread <= 0,False
0.5,vol_168,largo,257,-0.35971952407962937,0.5890911427284341,0.20233463035019456,1.0,-0.005333130424004364,1.4848481236083435,1.0886498872259989,-0.40302111614090325,-0.3839240885322572,spread <= 0,False
0.5,roc_720,largo,257,-0.3723291596296436,0.5398282585089437,0.1828793774319066,1.0,-0.00507473031992605,1.2383044319279257,1.0279719618446839,-0.40281202894665086,-0.3920597549935509,spread <= 0,False
0.5,CapMVRVCur_pct,largo,249,-0.3754704080266528,0.562138542934984,0.1686746987951807,1.0,-0.005300358622237868,1.1851701858266779,1.0015485913134983,-0.4121906997298894,-0.38698115927177773,spread <= 0,False
0.5,SplyCur,largo,257,-0.37613657747189577,0.5188432498151151,0.13618677042801555,1.0,-0.0046761200913013985,1.016235023187942,0.9754183341975503,-0.41562717744026983,-0.381744252092495,spread <= 0,False
0.5,rango_168 ~ sin roc_24,largo,257,-0.37729023342794776,0.5348243218016209,0.1867704280155642,1.0,-0.0051854432873971726,1.3817604934455425,1.08316511116642,-0.4120117614089789,-0.3930505108693182,spread <= 0,False
0.5,dd_168 [bajo],largo,257,-0.37916478128131154,0.4672125211948549,0.17120622568093385,1.0,-0.005018474529323672,1.2427997444508285,0.9975575729954989,-0.40997423695192964,-0.3971479037086671,spread <= 0,False
0.5,CapMVRVCur_chg30,largo,257,-0.3804513321890789,0.49187387265217913,0.16731517509727625,1.0,-0.005220076494358682,1.205778620010335,1.02416206413403,-0.4083490773157475,-0.39160200945253854,spread <= 0,False
0.5,CONTROL azar 2,largo,257,-0.3810107264942359,0.3849281234013001,0.1556420233463035,1.0,-0.004346151362185201,1.010702159418212,0.97803177926425,-0.4173896963164541,-0.3846952216100009,control,False
0.5,desbal_24 ~ sin roc_24,largo,257,-0.38254489664525365,0.40082930356912305,0.14007782101167315,1.0,-0.004294689154154184,0.9703411681195178,0.9714595819086431,-0.3864306971453819,-0.3772325528501286,spread <= 0,False
0.5,AdrActCnt_chg7 [bajo],largo,257,-0.3828492961037518,0.42634590444323994,0.1245136186770428,1.0,-0.004712385143022519,1.0121614847627067,0.9380673431208983,-0.4107620726351001,-0.39075832741867544,spread <= 0,False
0.5,vol_168 ~ sin roc_24,largo,257,-0.3829776167112602,0.5390431759725307,0.19455252918287938,1.0,-0.005482214078759278,1.427417898745841,1.075681688873889,-0.4238127480269877,-0.40822553937001954,spread <= 0,False
0.5,vol_24,largo,257,-0.3838907974131807,0.5559979005853333,0.19455252918287938,1.0,-0.005425408467207598,1.559853495557897,1.2120274357607626,-0.42501680169328365,-0.4063045474710174,spread <= 0,False
0.5,SplyCur_chg30,largo,257,-0.38457203310311927,0.38932899859041736,0.13618677042801555,1.0,-0.004988385876368125,1.0852939820316747,0.980305979334597,-0.41016243780210837,-0.3884586094167905,spread <= 0,False
0.5,AdrBalCnt_z ~ sin roc_24,largo,249,-0.38488283960771835,0.401690391553679,0.12048192771084337,1.0,-0.004339977240190907,1.0114930521500864,0.9787319903973888,-0.40893217357956313,-0.3972297504350599,spread <= 0,False
0.5,AdrBalCnt_chg7,largo,257,-0.3849525602209963,0.40168774608330415,0.1245136186770428,1.0,-0.004313725950425815,1.0213538235666706,0.9789582744905247,-0.4213451198940342,-0.39920579591893973,spread <= 0,False
0.5,CapMVRVCur_z,largo,249,-0.38534189606611463,0.5430316095580933,0.17269076305220885,1.0,-0.005363883067075957,1.167522636610417,0.9957700921683146,-0.416439389364872,-0.3985104490380828,spread <= 0,False
0.5,CapMVRVCur_chg7 ~ sin roc_24,largo,257,-0.3853612083998459,0.5128793800320589,0.1517509727626459,1.0,-0.0048453066674627445,1.1782824460541508,1.0778052799943465,-0.41658485417362406,-0.3990829161491498,spread <= 0,False
0.5,dd_168 ~ sin roc_24 [bajo],largo,257,-0.38539906139395824,0.4991004363358831,0.19066147859922178,1.0,-0.005082901746320496,1.264247459151218,1.0129107616268473,-0.4264830643936033,-0.40684000997041514,spread <= 0,False
0.5,roc_720 ~ sin roc_24,largo,257,-0.38557597736184196,0.5288099909374528,0.1867704280155642,1.0,-0.005363652834685812,1.207582800327273,1.012842159035642,-0.4299522620092183,-0.4023407967498369,spread <= 0,False
0.5,dd_720 [bajo],largo,257,-0.3883527919543056,0.438933946944315,0.13618677042801555,1.0,-0.004854752070436262,1.1545806375960115,0.9391405480127673,-0.41655218214531636,-0.40270548523590227,spread <= 0,False
0.5,CapMVRVCur_pct ~ sin roc_24,largo,249,-0.38895295888495185,0.4415484741298488,0.17269076305220885,1.0,-0.005434916750120116,1.1543992350600911,0.9942223271245807,-0.41994330748076014,-0.40166688866723005,spread <= 0,False
0.5,desbal_24,largo,257,-0.3896870931440404,0.3989199960109534,0.12840466926070038,1.0,-0.004388473958224516,0.9771111049833657,0.9775806744798679,-0.3899229996836199,-0.39862337125195857,spread <= 0,False
0.5,CapMVRVCur_chg7,largo,257,-0.3899949671336128,0.5464637861372246,0.16731517509727625,1.0,-0.004998638214271443,1.21328629029455,1.099444835795906,-0.4206041692570636,-0.40088390643191557,spread <= 0,False
0.5,TxTfrCnt_chg7 [bajo],largo,257,-0.3919288297161676,0.40473699550616077,0.10894941634241245,1.0,-0.00482253304455119,1.00818948799158,0.9278378911868141,-0.4297082824546841,-0.4038528168297946,spread <= 0,False
0.5,roc_72 [bajo],largo,257,-0.3941653985716607,0.3964994398831583,0.13229571984435798,1.0,-0.004944228382187421,1.049569653305772,0.9326659362986871,-0.41183182630199955,-0.395079054291526,spread <= 0,False
0.5,SplyCur_pct,largo,249,-0.39527353705876156,0.4058509610044879,0.10441767068273092,1.0,-0.004664448685712057,0.9897017931898563,0.9789489613299499,-0.41765151224973507,-0.4051985614947155,spread <= 0,False
0.5,atr_24 ~ sin roc_24,largo,257,-0.3957168251662504,0.5666914636309607,0.1867704280155642,1.0,-0.005618080910585295,1.5231119505624702,1.175864058869082,-0.43545326618840613,-0.4164698601439961,spread <= 0,False
0.5,SplyCur_chg7,largo,257,-0.39576642583473404,0.3606545627272545,0.12062256809338522,1.0,-0.004899569593841333,1.0677123720035469,0.9805996774561655,-0.4110470133885601,-0.3999981644197982,spread <= 0,False
0.5,turnover ~ sin roc_24 [bajo],largo,257,-0.3960333622038737,0.4037473155398083,0.12062256809338522,1.0,-0.004886207694955056,1.0556855394394824,0.977638441144254,-0.41722380191775865,-0.4022644143972884,spread <= 0,False
0.5,roc_24 [bajo],largo,257,-0.3962021615456859,0.40414521738803066,0.14396887159533073,1.0,-0.00518522743558851,1.0987992247148735,0.9816642356543035,-0.4061624683337049,-0.40688920204183815,spread <= 0,False
0.5,TxTfrCnt_chg7 ~ sin roc_24 [bajo],largo,257,-0.39635779830645695,0.4201876154326014,0.12062256809338522,1.0,-0.0047686460237295475,1.0239199332242541,0.9484705907306139,-0.4281668958727734,-0.41160924980815133,spread <= 0,False
0.5,TxTfrCnt [bajo],largo,257,-0.3965575941327587,0.4071499698468956,0.1556420233463035,1.0,-0.0042142731905429765,0.9816991189111163,0.9499945280799447,-0.4440488132777899,-0.4099485250367642,spread <= 0,False
0.5,SplyCur_chg30 ~ sin roc_24,largo,257,-0.3972126641180066,0.3632989695381877,0.10116731517509728,1.0,-0.005073475827526801,1.08090904358676,0.9834837678406865,-0.42641498474678236,-0.4037133963579942,spread <= 0,False
0.5,n_surge ~ sin roc_24 [bajo],largo,257,-0.39785805385294715,0.4108406589491199,0.12062256809338522,1.0,-0.00487039626397209,1.0468219531166871,0.9752073041985667,-0.4337517862914736,-0.41271298463345396,spread <= 0,False
0.5,CapMVRVCur_z ~ sin roc_24,largo,249,-0.3985866996312561,0.42768203850855213,0.1686746987951807,1.0,-0.005493226746848007,1.1570048751253985,0.9937950692268936,-0.41475615464495735,-0.4078344666369287,spread <= 0,False
0.5,desbal_168 ~ sin roc_24,largo,257,-0.39911026103945874,0.377618751532296,0.11284046692607004,1.0,-0.004353013414533891,0.9560406312141,0.9860506731912642,-0.41897262354649556,-0.4145120968228673,spread <= 0,False
0.5,TxCnt_chg7 [bajo],largo,257,-0.39928943349072965,0.38606239956834676,0.0933852140077821,1.0,-0.005044666665234658,1.01229923720734,0.926078666709929,-0.4256637691835926,-0.4093591045844585,spread <= 0,False
0.5,CapMVRVCur [bajo],largo,257,-0.40050671047723096,0.4036303183906009,0.11284046692607004,1.0,-0.004703157310281384,1.023095244554388,0.9822577580594816,-0.4444275102062358,-0.4229471870110937,spread <= 0,False
0.5,roc_168 ~ sin roc_24 [bajo],largo,257,-0.40140484924992054,0.4564691579001045,0.12062256809338522,1.0,-0.00499932658091025,1.0513894085333884,0.9356703815915606,-0.4102895665722275,-0.40316796490656354,spread <= 0,False
0.5,CONTROL azar 3,largo,257,-0.40159478780892566,0.4024535991616497,0.14396887159533073,1.0,-0.004545386326306843,1.0109466646664338,0.976041710520557,-0.4034888930855409,-0.39946940052830116,control,False
0.5,TxCnt [bajo],largo,257,-0.4020125834555652,0.41433849001346024,0.13618677042801555,1.0,-0.004248387292134635,0.9785669552939045,0.9475303643517079,-0.4430258262914391,-0.4156751529537538,spread <= 0,False
0.5,roc_168 ~ sin roc_24,largo,257,-0.40336191434589663,0.5121735927791962,0.17120622568093385,1.0,-0.005089131953289504,1.2189158279712946,1.0996647718236403,-0.44228926604062624,-0.4273045416264701,spread <= 0,False
0.5,pos_168 ~ sin roc_24,largo,257,-0.40356145173027386,0.4696221630667491,0.14785992217898833,1.0,-0.005066430125832966,1.0601965157624125,1.0305130562754243,-0.44281574856061506,-0.42389245066864817,spread <= 0,False
0.5,AdrBalCnt_pct ~ sin roc_24,largo,249,-0.4037844328237475,0.37797846054973894,0.10843373493975904,1.0,-0.00466891110353842,1.0239621687055318,0.9830193324556253,-0.41837695506617867,-0.4209243537447497,spread <= 0,False
0.5,compresion ~ sin roc_24 [bajo],largo,257,-0.40383173000136885,0.4623935960281982,0.16342412451361868,1.0,-0.004865858088274697,0.96336860416273,0.8954710380030635,-0.4306328305325609,-0.409947291778191,spread <= 0,False
0.5,CapMVRVCur_chg30 ~ sin roc_24,largo,257,-0.4038958051729737,0.4754582577476169,0.16342412451361868,1.0,-0.005595572041242173,1.1864606181037234,1.0154090997700471,-0.41367017151137,-0.407030717776956,spread <= 0,False
0.5,TxCnt_chg7 ~ sin roc_24 [bajo],largo,257,-0.40473956137171535,0.4130672100136853,0.0933852140077821,1.0,-0.005044287945921486,1.0266287620388983,0.9457575127646198,-0.4269810442898024,-0.41184008136456146,spread <= 0,False
0.5,desbal_168,largo,257,-0.40498104403892826,0.4054595566707503,0.12840466926070038,1.0,-0.004382939717053744,0.9548495431659639,0.9867896885363816,-0.4324077668297482,-0.40742015606376075,spread <= 0,False
0.5,SplyCur_chg7 ~ sin roc_24,largo,257,-0.4073944059813394,0.36560932161855053,0.11673151750972763,1.0,-0.0051508643046883715,1.0671703188746373,0.9818062466516901,-0.4128258069491331,-0.41291063831149316,spread <= 0,False
0.5,AdrActCnt_chg7 ~ sin roc_24 [bajo],largo,257,-0.4076385719793616,0.4208966841010944,0.13229571984435798,1.0,-0.0049990807877650974,1.0244734174908958,0.9524374338916491,-0.4321379116097542,-0.41462660284808833,spread <= 0,False
0.5,AdrBalCnt_chg7 ~ sin roc_24,largo,257,-0.40850895584235686,0.38103949324400765,0.11673151750972763,1.0,-0.004613577833266447,1.0297309149432552,0.9842157976198697,-0.43710527628801277,-0.4205771275963514,spread <= 0,False
0.5,CapMVRVCur ~ sin roc_24 [bajo],largo,257,-0.40986509589926395,0.3554140835752377,0.0933852140077821,1.0,-0.004770390910069356,1.0165125457635564,0.9765689866804593,-0.42052313199075986,-0.402499451828083,spread <= 0,False
0.5,IssTotNtv ~ sin roc_24,largo,257,-0.4114495159941081,0.43317712943756337,0.11284046692607004,1.0,-0.005252209410678188,1.1414825836764266,1.0326209122309364,-0.4136254880398185,-0.42296987619018955,spread <= 0,False
0.5,dd_720 ~ sin roc_24 [bajo],largo,257,-0.41146439036743676,0.49759570166515654,0.1245136186770428,1.0,-0.005030299817333539,1.1572999698114916,0.9456427400735508,-0.4323244653286399,-0.41236566625518195,spread <= 0,False
0.5,roc_72 ~ sin roc_24 [bajo],largo,257,-0.4126208324460087,0.4116744219380509,0.0933852140077821,1.0,-0.004969500615966007,1.0640523223271827,0.9536816884832945,-0.41519978836831306,-0.41274903548586606,spread <= 0,False
0.5,compresion [bajo],largo,257,-0.4139138721016817,0.4376589775694236,0.13618677042801555,1.0,-0.00501466714015406,0.9505163973020938,0.8803072666699492,-0.43014263146421516,-0.4264791623284655,spread <= 0,False
0.5,AdrActCnt_z ~ sin roc_24,largo,249,-0.4141036959320033,0.4501114083910369,0.1566265060240964,1.0,-0.0048692321451558355,1.0629879643177371,1.0188797622299557,-0.43500260098223037,-0.4281435892060699,spread <= 0,False
0.5,roc_720 ~ sin roc_24 [bajo],largo,257,-0.4145404409754333,0.45322148470859364,0.13229571984435798,1.0,-0.004706733351268857,1.0360625312163023,0.968507639821909,-0.44009274371796314,-0.42701163136186665,spread <= 0,False
0.5,IssTotNtv_pct [bajo],largo,249,-0.4148257290034064,0.3995977065645574,0.09236947791164658,1.0,-0.0050353988373120365,1.0002940979956636,0.9788537862797613,-0.39871950209637375,-0.4157430706311008,spread <= 0,False
0.5,roc_72 ~ sin roc_24,largo,257,-0.4154509624532754,0.502526593211534,0.16731517509727625,1.0,-0.005282851968923278,1.1944714279974233,1.0962752830955695,-0.43859456564294685,-0.42459675728337964,spread <= 0,False
0.5,TxCnt_chg30,largo,257,-0.4160774644418049,0.5142077105963488,0.1556420233463035,1.0,-0.0049727840683084544,1.1643810697193389,1.0708668965517454,-0.4277671350342589,-0.4222558052549546,spread <= 0,False
0.5,TxCnt_pct ~ sin roc_24,largo,249,-0.41710608496029705,0.41858587753608806,0.10441767068273092,1.0,-0.005145059759563942,1.083481515223823,1.0342629591789954,-0.4444200652873169,-0.42675426828961827,spread <= 0,False
0.5,AdrBalCnt_chg30 ~ sin roc_24 [bajo],largo,257,-0.41752489547416727,0.3991439252875985,0.08949416342412451,1.0,-0.005002988467977095,1.0109546811539813,0.9839905644785478,-0.42449315075363464,-0.4293886045294353,spread <= 0,False
0.5,TxCnt_chg30 ~ sin roc_24,largo,257,-0.41757553840282985,0.5093332376194384,0.13618677042801555,1.0,-0.004940032026363629,1.157991357061962,1.0638471155012292,-0.4404034383443466,-0.4263343519176455,spread <= 0,False
0.5,ticket_rel ~ sin roc_24,largo,257,-0.41836661740357256,0.3971758425195749,0.1245136186770428,1.0,-0.004919261137800984,1.0029246994433605,0.9977191460512562,-0.4329822626686333,-0.4142777530611533,spread <= 0,False
0.5,AdrBalCnt_z,largo,249,-0.4190247829674474,0.40839380902947925,0.10441767068273092,1.0,-0.004658117336409542,1.0006560941725002,0.979192628084191,-0.4517839072628207,-0.44007431286075177,spread <= 0,False
0.5,AdrBalCnt_chg30 [bajo],largo,257,-0.4196668657624857,0.3941134421903488,0.11673151750972763,1.0,-0.004995400468962857,1.0085229120025188,0.9805642177331266,-0.4077262344407215,-0.42456465364087453,spread <= 0,False
0.5,roc_168 [bajo],largo,257,-0.4198340387531518,0.41132134515136315,0.1245136186770428,1.0,-0.00525088090639892,1.0368770289448002,0.9169765372536016,-0.43402668014068385,-0.4192445495216293,spread <= 0,False
0.5,TxCnt_chg7,largo,257,-0.4201599896740324,0.4720935865635283,0.14785992217898833,1.0,-0.004973835035573287,1.1514541136745695,1.0764468177371889,-0.4443313247783679,-0.43102912389992715,spread <= 0,False
0.5,TxTfrCnt_chg30,largo,257,-0.42026084304726924,0.4909920445488445,0.13618677042801555,1.0,-0.005065976326226057,1.1636724472774587,1.0631962946367501,-0.4395323847673529,-0.42896599534544166,spread <= 0,False
0.5,TxCnt_pct,largo,249,-0.4203114464346189,0.5755156256293978,0.14056224899598393,1.0,-0.005210517393437983,1.1286883961052803,1.05990433925461,-0.45019884833137713,-0.43333871404893326,spread <= 0,False
0.5,SplyCur ~ sin roc_24 [bajo],largo,257,-0.42039671328624406,0.426911664708173,0.1517509727626459,1.0,-0.005133824328924647,1.071632828942553,1.0015424870032268,-0.4397127860467139,-0.42413751249655557,spread <= 0,False
0.5,roc_720 [bajo],largo,257,-0.4215427493735847,0.4292964687974727,0.12062256809338522,1.0,-0.004767002081214611,1.024215130797546,0.9557021618275165,-0.43893397077877583,-0.42463576851065604,spread <= 0,False
0.5,SplyCur_chg30 ~ sin roc_24 [bajo],largo,257,-0.42202536496258475,0.43918277493056807,0.1556420233463035,1.0,-0.005014725306844752,1.0548709435020178,0.9974835911486121,-0.44063986110081427,-0.4281463279364354,spread <= 0,False
0.5,pos_168,largo,257,-0.4234431673347981,0.5307037117919757,0.1556420233463035,1.0,-0.0048213582928175085,1.1007679905624952,1.0695198405868296,-0.44447348371357676,-0.4349740620943885,spread <= 0,False
0.5,n_surge [bajo],largo,257,-0.42418289278637455,0.3637643170128346,0.08560311284046693,1.0,-0.005137445792547206,0.9878357103748009,0.9131039617940447,-0.43966636384633634,-0.42522451309448234,spread <= 0,False
0.5,pos_168 [bajo],largo,257,-0.4242121122338228,0.4646381017818362,0.12840466926070038,1.0,-0.005039379433978165,1.0341839086815048,0.929577574496762,-0.44326894999781263,-0.430289238682961,spread <= 0,False
0.5,vol_24 ~ sin roc_24,largo,257,-0.4245654815132531,0.5190242688975484,0.15953307392996108,1.0,-0.005962693198448351,1.4805020056121334,1.1667000225046387,-0.4452071105178813,-0.4431376036947944,spread <= 0,False
0.5,TxCnt_z ~ sin roc_24,largo,249,-0.4247985841274981,0.46854944358136913,0.14457831325301204,1.0,-0.005165740411441124,1.081054772423462,1.0425622980020748,-0.4402112536699009,-0.4332709954158068,spread <= 0,False
0.5,IssTotNtv_pct ~ sin roc_24 [bajo],largo,249,-0.4248673902901548,0.38197593641764405,0.0963855421686747,1.0,-0.005092966871173967,1.0069360285488607,0.9848293008609693,-0.434987733178235,-0.4322760953491619,spread <= 0,False
0.5,TxCnt_z,largo,249,-0.42617922559009447,0.5288271271545163,0.1606425702811245,1.0,-0.005089411549759215,1.090896960769353,1.0480143122774073,-0.45305261760403515,-0.43792578119643016,spread <= 0,False
0.5,AdrBalCnt_chg30 ~ sin roc_24,largo,257,-0.4262659665114603,0.3898735398947347,0.11673151750972763,1.0,-0.004823652782104341,1.0269980861299688,0.9790464430044266,-0.4328618283942033,-0.440180785457941,spread <= 0,False
0.5,CapMVRVCur_z ~ sin roc_24 [bajo],largo,249,-0.4263151501431378,0.4662194097881427,0.10040160642570281,1.0,-0.0043416435895889385,0.9599215761632158,0.9830766231848836,-0.44615441292209135,-0.4387314947215327,spread <= 0,False
0.5,CONTROL azar 1,largo,257,-0.4269509431583216,0.37276703900619007,0.08171206225680934,1.0,-0.004912046216391336,1.009276852941633,0.9789806281482095,-0.44731975326242307,-0.43228293688237807,control,False
0.5,AdrBalCnt_chg7 ~ sin roc_24 [bajo],largo,257,-0.42698981268143826,0.37108061315854285,0.09727626459143969,1.0,-0.005187454182025885,1.019979379121918,0.9912832800067973,-0.4403384200920979,-0.4285855378882318,spread <= 0,False
0.5,AdrBalCnt_chg30,largo,257,-0.4273469921474569,0.376262306642475,0.10894941634241245,1.0,-0.004831654473520759,1.0207388673115312,0.9751283295684608,-0.4396247380055906,-0.43640432064624884,spread <= 0,False
0.5,ticket_rel [bajo],largo,257,-0.427527116291591,0.3530206732390915,0.07392996108949416,1.0,-0.004976017273843767,1.0013988834647325,0.9559407047720427,-0.4632410479505964,-0.4450422016242053,spread <= 0,False
0.5,CapMVRVCur_chg30 ~ sin roc_24 [bajo],largo,257,-0.4275363151383141,0.41760292663132453,0.11284046692607004,1.0,-0.0047842606630615755,0.9999297104131089,0.9659009243776395,-0.45438421042247296,-0.4429314289997067,spread <= 0,False
0.5,SplyCur_chg7 [bajo],largo,257,-0.4307546949298909,0.3868872774284034,0.07003891050583658,1.0,-0.004987142799542721,0.9825441290966287,0.9754954461286776,-0.44556585497198575,-0.4324880874777398,spread <= 0,False
0.5,IssTotNtv_pct,largo,249,-0.4311045338536152,0.33667875800173835,0.07228915662650602,1.0,-0.004860121804094364,0.9835110933914788,0.982163198764182,-0.4294320043032173,-0.438923334358403,spread <= 0,False
0.5,AdrActCnt_chg30 ~ sin roc_24 [bajo],largo,257,-0.4315730909150933,0.38690855266507296,0.08560311284046693,1.0,-0.005178237515991085,1.0076248206440548,0.9502938446196252,-0.44537762176300255,-0.4387816421348795,spread <= 0,False
0.5,CapMVRVCur_pct ~ sin roc_24 [bajo],largo,249,-0.43189340470880955,0.3929669211453858,0.09236947791164658,1.0,-0.004493658549979612,0.9501759023974695,0.9798337584494997,-0.44844037245814866,-0.43861246552067945,spread <= 0,False
0.5,TxCnt_chg7 ~ sin roc_24,largo,257,-0.4325614641298417,0.472401723688691,0.1245136186770428,1.0,-0.005150806932233031,1.1434552720749718,1.0667755938518142,-0.4459785957056512,-0.44179097081950186,spread <= 0,False
0.5,ticket_rel ~ sin roc_24 [bajo],largo,257,-0.43282799227681407,0.3620955161458802,0.058365758754863814,1.0,-0.005033930830246285,1.0037409412949057,0.9592951718059866,-0.4582043720698255,-0.44101122762036365,spread <= 0,False
0.5,AdrActCnt [bajo],largo,257,-0.43293387839303954,0.43622033708210445,0.16342412451361868,1.0,-0.004674189443142234,0.9817787019814944,0.9652509191749608,-0.4199308202552297,-0.43791837072204814,spread <= 0,False
0.5,CapMVRVCur_chg30 [bajo],largo,257,-0.4330794422262249,0.3871819676434317,0.10894941634241245,1.0,-0.004857119233361699,0.9940080980030682,0.9602717131720335,-0.45658765035892707,-0.44479136508319667,spread <= 0,False
0.5,roc_168,largo,257,-0.43331369047540635,0.5804152828243655,0.17509727626459143,1.0,-0.005334607100978333,1.2854017437642429,1.146596857211362,-0.4714098500182361,-0.4488191713433902,spread <= 0,False
0.5,TxCnt_chg30 [bajo],largo,257,-0.43344177828081565,0.37131895185688774,0.08949416342412451,1.0,-0.005262686257580541,0.9944917451048016,0.922367567357943,-0.44784600220805126,-0.44183661305407756,spread <= 0,False
0.5,CapMVRVCur_chg7 ~ sin roc_24 [bajo],largo,257,-0.43401825103100733,0.46926387134865566,0.10116731517509728,1.0,-0.0051332691753756595,1.0290343208066302,0.9392434818104454,-0.4581831792713494,-0.44656912486177464,spread <= 0,False
0.5,AdrActCnt_z,largo,249,-0.43421691056998024,0.5194259520967459,0.14056224899598393,1.0,-0.00509207340155024,1.0675169252714543,1.024177391700175,-0.4680697564631503,-0.4460608961243348,spread <= 0,False
0.5,CapMVRVCur_chg7 [bajo],largo,257,-0.4344214545981621,0.4170699410750649,0.10116731517509728,1.0,-0.00520721822236159,1.0250094688149747,0.9288410971177488,-0.4625499415820869,-0.4490890667697545,spread <= 0,False
0.5,SplyCur_chg30 [bajo],largo,257,-0.43529625860686166,0.48084953062312735,0.07782101167315175,1.0,-0.004981238572227548,0.9817621420773098,0.977694663260635,-0.43696172248988896,-0.432828491974002,spread <= 0,False
0.5,TxTfrCnt_chg30 ~ sin roc_24 [bajo],largo,257,-0.435471245092732,0.394827700901918,0.10505836575875487,1.0,-0.0051211694488211435,1.0131985706383466,0.9481485968104394,-0.4408008089129795,-0.43660452330563143,spread <= 0,False
0.5,turnover,largo,257,-0.4363079432802492,0.5294388739535096,0.1556420233463035,1.0,-0.005101218306437718,1.1715194452895497,1.1131723797983537,-0.45053110112605804,-0.44072648606948617,spread <= 0,False
0.5,turnover [bajo],largo,257,-0.4364259722376331,0.34975092590499174,0.07003891050583658,1.0,-0.005310574753184164,0.9957941262581353,0.9166552941397836,-0.44654000413748196,-0.4341705452919903,spread <= 0,False
0.5,SplyCur [bajo],largo,257,-0.43756233595815275,0.40239900301628934,0.07392996108949416,1.0,-0.00499436556499089,0.9488096311355104,0.979116239860822,-0.4214899954827022,-0.4286209141863482,spread <= 0,False
0.5,TxTfrCnt_pct ~ sin roc_24 [bajo],largo,249,-0.4379168117539496,0.38290541536214023,0.0963855421686747,1.0,-0.004999566387414465,0.9504851816580003,0.9470875152058176,-0.46124463597596055,-0.4506797252162452,spread <= 0,False
0.5,desbal_168 ~ sin roc_24 [bajo],largo,257,-0.4380806955634514,0.42295790798239313,0.08560311284046693,1.0,-0.004994589239691896,0.9991167306756296,0.9598657191744386,-0.4573694227184624,-0.450711628468675,spread <= 0,False
0.5,TxTfrCnt_chg30 ~ sin roc_24,largo,257,-0.4381647740525977,0.4993997207926942,0.1245136186770428,1.0,-0.005254556116572335,1.1552520649306668,1.0580307301510232,-0.46658660493592197,-0.4474295292842038,spread <= 0,False
0.5,TxCnt_pct [bajo],largo,249,-0.43863025286793844,0.41274159473651434,0.0963855421686747,1.0,-0.004960979115324744,0.9490177895923545,0.9426207973739102,-0.45492243994975956,-0.44885467542431384,spread <= 0,False
0.5,IssTotNtv,largo,257,-0.43925500934009404,0.3781137517914067,0.10505836575875487,1.0,-0.0052213656848802276,1.0257077830965002,0.9796176469510477,-0.45298143848853467,-0.44743195529359947,spread <= 0,False
0.5,TxTfrCnt_pct ~ sin roc_24,largo,249,-0.43929879391165927,0.4009652424198622,0.09236947791164658,1.0,-0.005298368718328726,1.0813068756555912,1.032250440719721,-0.4806282186781853,-0.460894849703277,spread <= 0,False
0.5,TxCnt_pct ~ sin roc_24 [bajo],largo,249,-0.43937508875713077,0.40628139259165647,0.10441767068273092,1.0,-0.004969562412243995,0.9491040075810868,0.9446747190706158,-0.46235830000343886,-0.4548602777639932,spread <= 0,False
0.5,CapMVRVCur ~ sin roc_24,largo,257,-0.4395842055238159,0.42194258159633885,0.11673151750972763,1.0,-0.005038169079132863,0.959379102052235,0.9807394300802292,-0.44480104067835324,-0.44339543255716446,spread <= 0,False
0.5,SplyCur_pct ~ sin roc_24 [bajo],largo,249,-0.43990229146653215,0.46338261146355975,0.10843373493975904,1.0,-0.00502308218620054,1.0059505107663913,0.9938869582948386,-0.4462330305161032,-0.44442280507032694,spread <= 0,False
0.5,roc_72,largo,257,-0.44038152614351134,0.5374302814944778,0.17120622568093385,1.0,-0.005344937517104226,1.2706391125012613,1.1517177148628568,-0.4910853681849971,-0.45563524761487495,spread <= 0,False
0.5,IssTotNtv [bajo],largo,257,-0.441170309672989,0.37868519291056496,0.08171206225680934,1.0,-0.005155443953097156,1.0271785121220036,0.9799256806277488,-0.4517550188370361,-0.45925411271471495,spread <= 0,False
0.5,AdrActCnt_chg30,largo,257,-0.4416562289631332,0.5299450320079051,0.12840466926070038,1.0,-0.005265822256815779,1.121572340977577,1.0407820785404132,-0.45590888461242646,-0.4478370790307828,spread <= 0,False
0.5,desbal [bajo],largo,257,-0.4417092507439917,0.32311319051743687,0.04669260700389105,1.0,-0.004973695966305306,1.0050673605650204,0.9663967367589832,-0.45071024361724815,-0.44554961580574826,spread <= 0,False
0.5,AdrBalCnt_chg7 [bajo],largo,257,-0.4417306819808241,0.3849784110459397,0.0933852140077821,1.0,-0.005272478713128175,1.001057754808965,0.9830705564983794,-0.44617450656968927,-0.4472839715254216,spread <= 0,False
0.5,SplyCur ~ sin roc_24,largo,257,-0.4419438338619625,0.46112132810937584,0.13618677042801555,1.0,-0.005404226242848119,1.0716992527069886,1.019056038682106,-0.4927886949772041,-0.4485665976794359,spread <= 0,False
0.5,AdrBalCnt_pct,largo,249,-0.44235297973707505,0.3728753975191801,0.08433734939759036,1.0,-0.005084887851904358,1.0073287080767865,0.9788764679520225,-0.4738271016624652,-0.4577251658125151,spread <= 0,False
0.5,CapMVRVCur_z [bajo],largo,249,-0.44241085370881506,0.45612346153404126,0.07228915662650602,1.0,-0.004561405402827072,0.9562380190472846,0.9811085141020599,-0.4557408071865023,-0.4451772062462935,spread <= 0,False
0.5,TxCnt_chg30 ~ sin roc_24 [bajo],largo,257,-0.4426335258381251,0.39721134588130125,0.1245136186770428,1.0,-0.005231921059760391,1.0127191506716682,0.9434296260929322,-0.44726777940052637,-0.4488888716883761,spread <= 0,False
0.5,TxTfrCnt_chg30 [bajo],largo,257,-0.443713821002164,0.35208449458660035,0.08171206225680934,1.0,-0.005305117145163488,0.9953107314878983,0.9243870452419564,-0.4628244458418179,-0.45108311544569607,spread <= 0,False
0.5,TxTfrCnt_chg7,largo,257,-0.444138495833646,0.4815004060378837,0.12062256809338522,1.0,-0.00525165376339466,1.126024139348941,1.0670520611296768,-0.4696608855706829,-0.4443280995489402,spread <= 0,False
0.5,ticket_rel,largo,257,-0.44426104642578673,0.4233735151390585,0.13229571984435798,1.0,-0.00528561259789386,1.013020266884327,1.0048861201614743,-0.4595803351351163,-0.4459944112713116,spread <= 0,False
0.5,AdrActCnt_chg30 [bajo],largo,257,-0.4442973266255271,0.33839600606968356,0.08949416342412451,1.0,-0.005255379712505676,0.9942518946952924,0.9382949051435985,-0.46891577450296923,-0.4581301424112524,spread <= 0,False
0.5,desbal ~ sin roc_24,largo,257,-0.4445998727233477,0.3608253999484262,0.07392996108949416,1.0,-0.005230088243372229,0.9982045652309702,0.9638595924268007,-0.46442003991450914,-0.44378110518159214,spread <= 0,False
0.5,AdrBalCnt_z ~ sin roc_24 [bajo],largo,249,-0.4446636550166037,0.3972451649072717,0.09236947791164658,1.0,-0.005230118595368499,1.0104039927643127,0.9780839578965338,-0.47678974463282137,-0.46660675815834407,spread <= 0,False
0.5,desbal_168 [bajo],largo,257,-0.44486716032496904,0.4347735281704319,0.08560311284046693,1.0,-0.0052080544425502535,1.0011126442301073,0.9618797166441768,-0.4729321247819874,-0.45409136236405917,spread <= 0,False
0.5,SplyCur_pct [bajo],largo,249,-0.4450563668079974,0.5669952882011872,0.08835341365461848,1.0,-0.005126042415523727,0.9889811521780375,0.9788976398151379,-0.47452557363872466,-0.4649361075431781,spread <= 0,False
0.5,AdrActCnt_pct [bajo],largo,249,-0.4458116166774695,0.3681676423911969,0.08433734939759036,1.0,-0.0049674975884119,0.9588306166704523,0.9530288591803024,-0.4553875709880813,-0.4479242423110677,spread <= 0,False
0.5,n_surge,largo,257,-0.4467687926335736,0.5011470675302305,0.14007782101167315,1.0,-0.005075610490567474,1.18167235756872,1.1112234512199661,-0.45507866751438697,-0.4435174914838919,spread <= 0,False
0.5,AdrActCnt_pct ~ sin roc_24,largo,249,-0.4477863303778616,0.43545111277593357,0.10843373493975904,1.0,-0.005303334951640343,1.0523261923196894,1.014685776644614,-0.46485122770037635,-0.46186535061139394,spread <= 0,False
0.5,desbal ~ sin roc_24 [bajo],largo,257,-0.4486767771796753,0.3758461504581998,0.058365758754863814,1.0,-0.005009277331818726,1.0060331525325326,0.9680173747655136,-0.4608500303206284,-0.4554029593407872,spread <= 0,False
0.5,AdrActCnt_chg7,largo,257,-0.44925158821869293,0.5011587860081607,0.13618677042801555,1.0,-0.005203822668712441,1.0870368525533218,1.0451912516375401,-0.46996237773969574,-0.46305636304595654,spread <= 0,False
0.5,AdrActCnt_chg30 ~ sin roc_24,largo,257,-0.44926080381211364,0.5191903187342772,0.13229571984435798,1.0,-0.005266494339315235,1.1159911704026941,1.0368164549654781,-0.4662080642997224,-0.46024926477374056,spread <= 0,False
0.5,compresion ~ sin roc_24,largo,257,-0.4499714534624841,0.45828659200773025,0.12840466926070038,1.0,-0.005369445072893506,1.2017683992731536,1.1541421907247633,-0.470620807001837,-0.4549356123314808,spread <= 0,False
0.5,IssTotNtv ~ sin roc_24 [bajo],largo,257,-0.4500876412102253,0.4178860077267649,0.08949416342412451,1.0,-0.005341421392547433,1.042888271496605,0.9971584009502255,-0.46546833128762494,-0.4549312080598135,spread <= 0,False
0.5,TxTfrCnt_pct [bajo],largo,249,-0.4506372184598846,0.37575017905191493,0.08433734939759036,1.0,-0.005195291862234477,0.9510033504888081,0.9454144192124185,-0.4551848685705762,-0.4532235622528149,spread <= 0,False
0.5,AdrActCnt_z ~ sin roc_24 [bajo],largo,249,-0.4516230013740444,0.36450621700258795,0.08835341365461848,1.0,-0.005073903338811077,0.9660424394725122,0.967321789315525,-0.46580852540396556,-0.45771498027924595,spread <= 0,False
0.5,AdrActCnt_z [bajo],largo,249,-0.4522041584777173,0.36062624890458994,0.07630522088353414,1.0,-0.0050618976073030595,0.9581913944301788,0.960237463266593,-0.44939269702590456,-0.4638324820414982,spread <= 0,False
0.5,AdrBalCnt_z [bajo],largo,249,-0.45225471989171057,0.44274191227848336,0.08433734939759036,1.0,-0.005286827151165516,1.0121564073396436,0.9789599316960623,-0.4790463262784297,-0.465036801755965,spread <= 0,False
0.5,TxCnt ~ sin roc_24,largo,257,-0.45331257373899514,0.49686837554588476,0.10505836575875487,1.0,-0.0047772548139402475,0.8927537833958327,1.0066333736661295,-0.4375525341431707,-0.44523735060786773,spread <= 0,False
0.5,AdrActCnt_pct ~ sin roc_24 [bajo],largo,249,-0.45382375902108074,0.35217453046792235,0.08032128514056225,1.0,-0.005078828759341817,0.9580496368943608,0.9556668219175326,-0.46551537650517044,-0.4560331170790551,spread <= 0,False
0.5,CapMVRVCur,largo,257,-0.45440467999440776,0.41662933248299067,0.08949416342412451,1.0,-0.005152591083490167,0.9557755370328731,0.9809500492688796,-0.4385587053366993,-0.43271047933811546,spread <= 0,False
0.5,AdrActCnt_chg7 ~ sin roc_24,largo,257,-0.4553729320138357,0.4859625197251495,0.11673151750972763,1.0,-0.00535115346475674,1.0882482326345249,1.0408927701389619,-0.47395501395110723,-0.4685448796013264,spread <= 0,False
0.5,desbal,largo,257,-0.4557047091783955,0.359496237155114,0.08560311284046693,1.0,-0.005456948349399578,1.0030411298922706,0.9691480587616754,-0.4655054524508523,-0.4644471983155181,spread <= 0,False
0.5,AdrActCnt_pct,largo,249,-0.4559947352625372,0.5336324155141341,0.13654618473895583,1.0,-0.005441623155567277,1.0863000223487755,1.0300214147590805,-0.4903383476167258,-0.4767913717266742,spread <= 0,False
0.5,turnover ~ sin roc_24,largo,257,-0.4561039762930903,0.4690397224174912,0.12062256809338522,1.0,-0.0053330519182550485,1.1386024832104014,1.0720141005013537,-0.4755467550644422,-0.46293629670891145,spread <= 0,False
0.5,TxTfrCnt_chg7 ~ sin roc_24,largo,257,-0.45619607180522753,0.4721390874105716,0.11284046692607004,1.0,-0.005406561030280743,1.1227055837393507,1.058803489233129,-0.4632842178673536,-0.4600067046270932,spread <= 0,False
0.5,TxTfrCnt_pct,largo,249,-0.4567620424047214,0.5211142997006367,0.11244979919678715,1.0,-0.005620436468145438,1.1279101613258247,1.0531172645302311,-0.4778684879662556,-0.46851605089528403,spread <= 0,False
0.5,TxTfrCnt_z [bajo],largo,249,-0.4573527360726711,0.38727946079907566,0.07630522088353414,1.0,-0.005318121756234643,0.9614507594412812,0.9588255713706234,-0.4731067228038439,-0.46730363252168045,spread <= 0,False
0.5,TxCnt,largo,257,-0.45749174326423564,0.4630332639887703,0.07392996108949416,1.0,-0.004557770765790781,0.8265764229474665,0.9760144488416896,-0.4573678337110168,-0.44552832428571226,spread <= 0,False
0.5,desbal_24 [bajo],largo,257,-0.45749650666410074,0.4314029405263431,0.07392996108949416,1.0,-0.005146084977990297,0.9943264769405232,0.9520686443710079,-0.47529144208350094,-0.47133735170783464,spread <= 0,False
0.5,TxTfrCnt_z,largo,249,-0.4578926556770092,0.5049704349042018,0.13253012048192772,1.0,-0.005486320827315503,1.0987760681008552,1.0412233942049507,-0.47454369595241475,-0.4699184091642459,spread <= 0,False
0.5,IssTotNtv_pct ~ sin roc_24,largo,249,-0.45888158240169574,0.3680452141552322,0.08835341365461848,1.0,-0.005147294799617182,1.0184875141494154,0.9998911719015817,-0.47579613703803975,-0.46194265868398254,spread <= 0,False
0.5,TxTfrCnt_z ~ sin roc_24 [bajo],largo,249,-0.4598192436668758,0.41989327267593735,0.08032128514056225,1.0,-0.005304076055034719,0.9702577605846694,0.9666014044825377,-0.4754321334595677,-0.46129475651015994,spread <= 0,False
0.5,TxCnt_z ~ sin roc_24 [bajo],largo,249,-0.4601049815667344,0.3790989107696479,0.0642570281124498,1.0,-0.00538691237998973,0.9651197668900756,0.9651727748179277,-0.47445058107664717,-0.4621519786810179,spread <= 0,False
0.5,AdrBalCnt ~ sin roc_24,largo,257,-0.46031811727209243,0.42393343254745103,0.10505836575875487,1.0,-0.004772646623235662,0.8941086134780245,0.9967648220652605,-0.4308819506567804,-0.4542036773200288,spread <= 0,False
0.5,TxTfrCnt ~ sin roc_24,largo,257,-0.46095845399303204,0.4169608648175297,0.10116731517509728,1.0,-0.004672459617954075,0.8691234868647925,1.0014766699517246,-0.4492649557662585,-0.4597733236559593,spread <= 0,False
0.5,AdrBalCnt [bajo],largo,257,-0.46124801715644337,0.5009713849232647,0.10116731517509728,1.0,-0.005037174342215255,1.0218669584780078,0.9798173212993637,-0.478407616640724,-0.46566055807743395,spread <= 0,False
0.5,AdrBalCnt,largo,257,-0.4621523999646116,0.49774567003005077,0.08949416342412451,1.0,-0.004666729705327999,0.8432916415283915,0.9744949075174603,-0.4415903060060047,-0.4671064878439836,spread <= 0,False
0.5,rango_168 ~ sin roc_24 [bajo],largo,257,-0.4624359546916238,0.42855833379016545,0.09727626459143969,1.0,-0.004412921597402455,0.7778291552095045,0.9369188343369647,-0.46729988479687495,-0.47016910676945045,spread <= 0,False
0.5,AdrBalCnt_pct [bajo],largo,249,-0.4627649472284767,0.4567190578519322,0.0963855421686747,1.0,-0.005384311980117942,1.0099094268360034,0.9813640595439712,-0.47589989508353825,-0.4640508956284093,spread <= 0,False
0.5,pos_168 ~ sin roc_24 [bajo],largo,257,-0.4628516109842383,0.4568428606725136,0.10116731517509728,1.0,-0.005311490622771968,1.0321990277381123,0.9435713286318046,-0.4888870644277492,-0.47197319425221257,spread <= 0,False
0.5,TxTfrCnt ~ sin roc_24 [bajo],largo,257,-0.46288384439181746,0.3850107234730513,0.10505836575875487,1.0,-0.005666520317322185,1.0885000727311847,0.9947780166437951,-0.4679062915954964,-0.4655452963780613,spread <= 0,False
0.5,AdrBalCnt_pct ~ sin roc_24 [bajo],largo,249,-0.46333079952009104,0.4055431519662443,0.09236947791164658,1.0,-0.005446254629458769,1.0071938834059027,0.9774717286014243,-0.4846454366989145,-0.4800932719606405,spread <= 0,False
0.5,CapMVRVCur_pct [bajo],largo,249,-0.46338663447764045,0.44645454709351723,0.08433734939759036,1.0,-0.004768122792916442,0.9478162370507285,0.9775813301563947,-0.47664313751704285,-0.4690483912735465,spread <= 0,False
0.5,AdrBalCnt ~ sin roc_24 [bajo],largo,257,-0.46343108851233966,0.4055884614049447,0.0933852140077821,1.0,-0.00570322712304074,1.0815865354243976,0.9895683513265763,-0.4701318940233736,-0.4656523848391137,spread <= 0,False
0.5,TxCnt_z [bajo],largo,249,-0.46483130811645706,0.38896499364884196,0.06827309236947791,1.0,-0.005260136322825755,0.9546542819327352,0.9571590306084983,-0.48254671471496324,-0.4750908742422966,spread <= 0,False
0.5,TxTfrCnt_z ~ sin roc_24,largo,249,-0.46585105941775856,0.4587456646862112,0.1285140562248996,1.0,-0.005472994577198819,1.0880112651388534,1.0351583500209047,-0.4905435869290607,-0.47547343057103936,spread <= 0,False
0.5,SplyCur_pct ~ sin roc_24,largo,249,-0.4663860323461908,0.39283049959461847,0.06827309236947791,1.0,-0.005175404065118502,0.9682029160639223,0.9710842959192267,-0.46170970661543115,-0.459218991969065,spread <= 0,False
0.5,SplyCur_chg7 ~ sin roc_24 [bajo],largo,257,-0.4665863051604009,0.39816429389086055,0.0933852140077821,1.0,-0.005687173522478684,1.0568811737946517,0.9984071017910643,-0.4625281870048759,-0.4652423590572192,spread <= 0,False
0.5,compresion,largo,257,-0.46676058171630214,0.536235566027565,0.12062256809338522,1.0,-0.005394092409931932,1.2612026350145313,1.1941003361773985,-0.4816821042641088,-0.4792155789838422,spread <= 0,False
0.5,dd_720 ~ sin roc_24,largo,257,-0.46812410111910013,0.44655815181662867,0.10505836575875487,1.0,-0.004825405675485571,0.8893305035048861,1.015018344940994,-0.45858990894569296,-0.4762879440760805,spread <= 0,False
0.5,dd_168 ~ sin roc_24,largo,257,-0.4688465069246232,0.43691272521792834,0.12062256809338522,1.0,-0.0049201574029869004,0.8464660535442494,0.9740581605729145,-0.4826193769269811,-0.4837593330137104,spread <= 0,False
0.5,desbal_24 ~ sin roc_24 [bajo],largo,257,-0.4716304138833311,0.4340180892492449,0.08171206225680934,1.0,-0.005239634139475796,0.9942907808960743,0.9566859039494888,-0.49442035318658184,-0.4835959977927479,spread <= 0,False
0.5,AdrActCnt ~ sin roc_24,largo,257,-0.47658181642838826,0.42560518707116857,0.0933852140077821,1.0,-0.004946172625302695,0.8855753964023606,1.0119615025042161,-0.44132109528739644,-0.45850326716680545,spread <= 0,False
0.5,TxTfrCnt,largo,257,-0.48098332452866,0.4250724418735953,0.08171206225680934,1.0,-0.004781613872333035,0.8290255734540052,0.977789728396228,-0.4449715118138671,-0.4732650467118724,spread <= 0,False
0.5,AdrActCnt,largo,257,-0.4832180671027676,0.4182871998209421,0.08949416342412451,1.0,-0.004854062610578997,0.8239606007085634,0.9761810984241269,-0.44722315297786513,-0.4799764541441693,spread <= 0,False
0.5,TxCnt ~ sin roc_24 [bajo],largo,257,-0.4835123796617716,0.38335504882759097,0.10894941634241245,1.0,-0.005953642618499667,1.0913533214618896,0.9987760271096473,-0.4978323235282775,-0.48923094762276936,spread <= 0,False
0.5,dd_168,largo,257,-0.48850301078128266,0.4692103449158919,0.12062256809338522,1.0,-0.004930936432425667,0.8726874223137698,0.9998469504481478,-0.5162183655093527,-0.5118307573621741,spread <= 0,False
0.5,AdrActCnt ~ sin roc_24 [bajo],largo,257,-0.4901052189494791,0.4054612403330888,0.08560311284046693,1.0,-0.006129977288852019,1.089840893267795,0.9957437009287563,-0.5003794649707054,-0.4925066304116172,spread <= 0,False
0.5,n_surge ~ sin roc_24,largo,257,-0.4903561423345892,0.4617615090809829,0.10116731517509728,1.0,-0.005708032472738966,1.1421294196171676,1.0697831066129828,-0.500861099441654,-0.49576324216506684,spread <= 0,False
0.5,vol_24 ~ sin roc_24 [bajo],largo,257,-0.5002207202655347,0.38526859569959826,0.09727626459143969,1.0,-0.004690097529395938,0.7404083116079815,0.9063767709956518,-0.5107977730900656,-0.5084369356532077,spread <= 0,False
0.5,dd_720,largo,257,-0.5037375980132063,0.4915510001741594,0.10894941634241245,1.0,-0.005064912941567168,0.9057164972353448,1.0423973929871697,-0.47880124705561067,-0.501682636003079,spread <= 0,False
0.5,roc_24,largo,257,-0.5044638400500091,0.4991906703160699,0.12840466926070038,1.0,-0.00575831490371268,1.2077948971527124,1.1089674403106646,-0.5176957015327961,-0.5177244015380108,spread <= 0,False
0.5,atr_24 ~ sin roc_24 [bajo],largo,257,-0.5078238650971434,0.42950549887482065,0.08560311284046693,1.0,-0.004541584225728542,0.7082228099747762,0.9051255173405836,-0.5004194839596087,-0.507687336190536,spread <= 0,False
0.5,rango_168 [bajo],largo,257,-0.5152937658215004,0.4058863712759104,0.07392996108949416,1.0,-0.004781888475074881,0.7410679502350335,0.9228505922550927,-0.5140235314420718,-0.5159104369752745,spread <= 0,False
0.5,vol_168 ~ sin roc_24 [bajo],largo,257,-0.5164727616981556,0.41692451896227917,0.08560311284046693,1.0,-0.004581695679199244,0.7318483783779421,0.9469293254194133,-0.4656457059071428,-0.5024778207626667,spread <= 0,False
0.5,vol_24 [bajo],largo,257,-0.5413930864683574,0.3928605397322994,0.06614785992217899,1.0,-0.004888197757720497,0.695080910147514,0.8834114534098514,-0.5274690832999751,-0.5424003719672312,spread <= 0,False
0.5,atr_24 [bajo],largo,257,-0.5428279056555666,0.4100579513314113,0.07782101167315175,1.0,-0.004739506044741388,0.6831391556781261,0.8871873018591596,-0.5123615200908007,-0.5372120792892694,spread <= 0,False
0.5,vol_168 [bajo],largo,257,-0.5582748052223917,0.39655596287082456,0.05058365758754864,1.0,-0.0049540296306614506,0.7047435314461682,0.9340952660598376,-0.5234208882839878,-0.550491875972738,spread <= 0,False
0.5,IssTotNtv_chg7,largo,0,,,,1.0,,,,,,POCAS SEMANAS (<8),False
0.5,IssTotNtv_chg30,largo,0,,,,1.0,,,,,,POCAS SEMANAS (<8),False
0.5,IssTotNtv_z,largo,0,,,,1.0,,,,,,POCAS SEMANAS (<8),False
0.5,SplyCur_z,largo,0,,,,1.0,,,,,,POCAS SEMANAS (<8),False
0.5,IssTotNtv_chg7 ~ sin roc_24,largo,0,,,,1.0,,,,,,POCAS SEMANAS (<8),False
0.5,IssTotNtv_chg30 ~ sin roc_24,largo,0,,,,1.0,,,,,,POCAS SEMANAS (<8),False
0.5,IssTotNtv_z ~ sin roc_24,largo,0,,,,1.0,,,,,,POCAS SEMANAS (<8),False
0.5,SplyCur_z ~ sin roc_24,largo,0,,,,1.0,,,,,,POCAS SEMANAS (<8),False
0.5,IssTotNtv_chg7 [bajo],largo,0,,,,1.0,,,,,,POCAS SEMANAS (<8),False
0.5,IssTotNtv_chg30 [bajo],largo,0,,,,1.0,,,,,,POCAS SEMANAS (<8),False
0.5,IssTotNtv_z [bajo],largo,0,,,,1.0,,,,,,POCAS SEMANAS (<8),False
0.5,SplyCur_z [bajo],largo,0,,,,1.0,,,,,,POCAS SEMANAS (<8),False
0.5,IssTotNtv_chg7 ~ sin roc_24 [bajo],largo,0,,,,1.0,,,,,,POCAS SEMANAS (<8),False
0.5,IssTotNtv_chg30 ~ sin roc_24 [bajo],largo,0,,,,1.0,,,,,,POCAS SEMANAS (<8),False
0.5,IssTotNtv_z ~ sin roc_24 [bajo],largo,0,,,,1.0,,,,,,POCAS SEMANAS (<8),False
0.5,SplyCur_z ~ sin roc_24 [bajo],largo,0,,,,1.0,,,,,,POCAS SEMANAS (<8),False
0.5,roc_72,magnitud,257,1.135777170183285,1.2852977615708066,0.8988326848249028,0.0,0.015430357452738118,1.2706391125012613,1.1517177148628568,0.9648134627115373,1.07351756755279,SOBREVIVE,True
0.5,roc_168,magnitud,257,1.1300683231649293,1.3243921504004077,0.9027237354085603,0.0,0.016263550241583737,1.2854017437642429,1.146596857211362,0.9565661984024716,1.0680636533219356,SOBREVIVE,True
0.5,turnover,magnitud,257,1.1283000713973332,1.1656583970512764,0.9494163424124513,0.0,0.01350177703688505,1.1715194452895497,1.1131723797983537,0.970968575479869,1.0776830446813892,SOBREVIVE,True
0.5,n_surge,magnitud,257,1.1227539752965057,1.109328627676276,0.9571984435797666,0.0,0.014510982994329225,1.18167235756872,1.1112234512199661,0.9654281392203946,1.0572419359756078,SOBREVIVE,True
0.5,vol_24,magnitud,257,1.0296330563888658,1.2592606976216185,0.8715953307392996,0.0,0.028583092833827702,1.559853495557897,1.2120274357607626,0.8688196469525701,0.9716781010833774,SOBREVIVE,True
0.5,atr_24,magnitud,257,1.0111822711623417,1.299153117036596,0.8599221789883269,0.0,0.030498660934418397,1.5879282791244371,1.2195899205496787,0.8370968098314656,0.95457816640886,SOBREVIVE,True
0.5,roc_24,magnitud,257,0.9634074861256887,0.9995717736564408,0.9494163424124513,0.0,0.013722213476961119,1.2077948971527124,1.1089674403106646,0.8088900665293189,0.9003080384454629,SOBREVIVE,True
0.5,compresion,magnitud,257,0.9171511151303111,0.9645580831702849,0.9416342412451362,0.0,0.010370204191977832,1.2612026350145313,1.1941003361773985,0.7564672351373521,0.8527587340813607,SOBREVIVE,True
0.5,rango_168,magnitud,257,0.8387693491560765,1.2515079136495066,0.8015564202334631,0.0,0.02571142378562486,1.4316961833745678,1.0968666961898692,0.7036704942597143,0.7894199503664912,SOBREVIVE,True
0.5,CapMVRVCur_chg7,magnitud,257,0.8066417522975192,1.1726092053001136,0.8326848249027238,0.0,0.012497977298801028,1.21328629029455,1.099444835795906,0.6857653882540619,0.7633193050572556,SOBREVIVE,True
0.5,turnover ~ sin roc_24,magnitud,257,0.7823824465204627,0.8237674643571377,0.933852140077821,0.0,0.010010343903996547,1.1386024832104014,1.0720141005013537,0.6570375177490594,0.7232758798349767,SOBREVIVE,True
0.5,n_surge ~ sin roc_24,magnitud,257,0.7690802840451227,0.8045463017926845,0.8988326848249028,0.0,0.010651798599697311,1.1421294196171676,1.0697831066129828,0.6391016709452102,0.7080326837274915,SOBREVIVE,True
0.5,pos_168,magnitud,257,0.7334639259711867,0.9165424718167036,0.8443579766536965,0.0,0.007126461263211915,1.1007679905624952,1.0695198405868296,0.6499518615190505,0.7030400911160808,SOBREVIVE,True
0.5,vol_168,magnitud,257,0.730879088395781,1.2245798478729542,0.7431906614785992,0.0,0.0282518923556793,1.4848481236083435,1.0886498872259989,0.5932351456481861,0.6783023546190304,SOBREVIVE,True
0.5,vol_24 ~ sin roc_24,magnitud,257,0.721515737885036,0.9719529298993353,0.8249027237354085,0.0,0.02385443326921809,1.4805020056121334,1.1667000225046387,0.5664989383018848,0.6539754383808037,SOBREVIVE,True
0.5,roc_168 ~ sin roc_24,magnitud,257,0.7078614908394844,0.9464806511028819,0.7937743190661478,0.0,0.011362008042110912,1.2189158279712946,1.0996647718236403,0.6041165016135355,0.6680135878651541,SOBREVIVE,True
0.5,atr_24 ~ sin roc_24,magnitud,257,0.6857127051792911,1.0286454021131177,0.77431906614786,0.0,0.025296095596306453,1.5231119505624702,1.175864058869082,0.5592969357783815,0.6433895542702683,SOBREVIVE,True
0.5,rango_168 ~ sin roc_24,magnitud,257,0.6696771758686065,1.00367931987093,0.7821011673151751,0.0,0.02245656593679458,1.3817604934455425,1.08316511116642,0.5637985540840137,0.628194023735658,SOBREVIVE,True
0.5,roc_72 ~ sin roc_24,magnitud,257,0.6605275917604485,0.8873407089592021,0.8210116731517509,0.0,0.009994029752433228,1.1944714279974233,1.0962752830955695,0.5629367296903981,0.6282340886760487,SOBREVIVE,True
0.5,TxCnt_chg7,magnitud,257,0.6405725728273208,0.8782157964501166,0.8132295719844358,0.0,0.010462787349548423,1.1514541136745695,1.0764468177371889,0.4724343281259458,0.5794460351806546,SOBREVIVE,True
0.5,TxCnt_chg30,magnitud,257,0.6163379049882687,0.9605656996579609,0.7782101167315175,0.0,0.01130398197706158,1.1643810697193389,1.0708668965517454,0.471193995791448,0.5544723374358259,SOBREVIVE,True
0.5,TxTfrCnt_chg7,magnitud,257,0.5984948389967051,0.8908254362810513,0.7859922178988327,0.0,0.009240460835215606,1.126024139348941,1.0670520611296768,0.4426385557191972,0.5389140260132401,SOBREVIVE,True
0.5,CapMVRVCur_chg7 ~ sin roc_24,magnitud,257,0.5910053625235853,0.8519636336619034,0.8132295719844358,0.0,0.009934822653106714,1.1782824460541508,1.0778052799943465,0.49705454032607965,0.5513726543354021,SOBREVIVE,True
0.5,vol_168 ~ sin roc_24,magnitud,257,0.5897263472878873,1.0124881284223424,0.7431906614785992,0.0,0.024955383378185262,1.427417898745841,1.075681688873889,0.4641119423755928,0.5437192224193628,SOBREVIVE,True
0.5,TxTfrCnt_chg30,magnitud,257,0.5891349091223957,0.9784557364158409,0.7782101167315175,0.0,0.010929049059134862,1.1636724472774587,1.0631962946367501,0.4332397333107195,0.516477496110437,SOBREVIVE,True
0.5,AdrActCnt_chg7,magnitud,257,0.5659451396861603,0.9247655723516369,0.7704280155642024,0.0,0.007925813101199702,1.0870368525533218,1.0451912516375401,0.4130689300124098,0.5173981884191549,SOBREVIVE,True
0.5,compresion ~ sin roc_24,magnitud,257,0.5609983703408982,0.7062994460792826,0.8482490272373541,0.0,0.00503197421636657,1.2017683992731536,1.1541421907247633,0.45009502572892646,0.5227443814105635,SOBREVIVE,True
0.5,TxCnt_pct,magnitud,249,0.5484311132484136,0.8902468037166138,0.7309236947791165,0.0,0.007043487963299837,1.1286883961052803,1.05990433925461,0.4040650673169401,0.48169338716709126,SOBREVIVE,True
0.5,TxCnt_chg7 ~ sin roc_24,magnitud,257,0.546056358351593,0.7651923728409812,0.7898832684824902,0.0,0.009164358214551133,1.1434552720749718,1.0667755938518142,0.39904603508322845,0.48975380539271623,SOBREVIVE,True
0.5,roc_720,magnitud,257,0.5404637316542853,1.1972839649066476,0.6264591439688716,0.0,0.014310607626350436,1.2383044319279257,1.0279719618446839,0.4562969048118364,0.5118670773656611,SOBREVIVE,True
0.5,AdrActCnt_chg30,magnitud,257,0.5382755631617997,0.9983305662282856,0.7587548638132295,0.0,0.009457599823432356,1.121572340977577,1.0407820785404132,0.43607822662507617,0.48957386235896433,SOBREVIVE,True
0.5,TxCnt_chg30 ~ sin roc_24,magnitud,257,0.5302231524268657,0.8109955373162949,0.7665369649805448,0.0,0.010077375304883878,1.157991357061962,1.0638471155012292,0.4059772988265018,0.48654239543392463,SOBREVIVE,True
0.5,TxTfrCnt_chg7 ~ sin roc_24,magnitud,257,0.5145916489400282,0.7666488841447366,0.7898832684824902,0.0,0.008231492087216326,1.1227055837393507,1.058803489233129,0.3728568443770681,0.4496899129983855,SOBREVIVE,True
0.5,TxTfrCnt_chg30 ~ sin roc_24,magnitud,257,0.5057613412757762,0.8261489890028206,0.7509727626459144,0.0,0.009843230079304138,1.1552520649306668,1.0580307301510232,0.38789015454054876,0.4602035163540285,SOBREVIVE,True
0.5,TxTfrCnt_pct,magnitud,249,0.4873921000959757,0.8627538006424768,0.7108433734939759,0.0,0.006458577149514603,1.1279101613258247,1.0531172645302311,0.343791327857285,0.4219815323888794,SOBREVIVE,True
0.5,TxCnt_z,magnitud,249,0.4837227688130589,0.8689896909773361,0.7309236947791165,0.0,0.004846441252477261,1.090896960769353,1.0480143122774073,0.3515209831960136,0.4291265042410554,SOBREVIVE,True
0.5,AdrActCnt_chg7 ~ sin roc_24,magnitud,257,0.475770788072607,0.795313879768135,0.7626459143968871,0.0,0.007110235366005057,1.0882482326345249,1.0408927701389619,0.35281950518372784,0.4347856121636539,SOBREVIVE,True
0.5,AdrActCnt_pct,magnitud,249,0.4610957369321276,0.8667833670070022,0.714859437751004,0.0,0.005924439689430389,1.0863000223487755,1.0300214147590805,0.32214373590185463,0.40240861523801,SOBREVIVE,True
0.5,dd_720,magnitud,257,0.43486861165740914,0.7950347207193251,0.7198443579766537,0.0,-0.006498557311160343,0.9057164972353448,1.0423973929871697,0.36842040687471184,0.38649359078086215,ARTEFACTO DE ESCALA (atr_ratio 0.91),True
0.5,AdrActCnt_z,magnitud,249,0.431040746643256,0.8871062167167203,0.6987951807228916,0.0,0.00469208442691604,1.0675169252714543,1.024177391700175,0.3005267334179775,0.3902482008946571,SOBREVIVE,True
0.5,AdrActCnt_chg30 ~ sin roc_24,magnitud,257,0.42857053172218984,0.8371887671971723,0.7198443579766537,0.0,0.008068264432890245,1.1159911704026941,1.0368164549654781,0.329392707264184,0.3944803871541828,SOBREVIVE,True
0.5,IssTotNtv ~ sin roc_24,magnitud,257,0.425313617225349,0.7937540305646895,0.7237354085603113,0.0,0.009844693692712675,1.1414825836764266,1.0326209122309364,0.34888999838545004,0.39859719457324677,SOBREVIVE,True
0.5,CapMVRVCur_chg30,magnitud,257,0.42180253349848895,0.9670547308460506,0.642023346303502,0.0,0.012724458080474534,1.205778620010335,1.02416206413403,0.36985268317976044,0.3962560035365652,SOBREVIVE,True
0.5,TxTfrCnt_z,magnitud,249,0.41361284489911604,0.7908215758231102,0.6987951807228916,0.0,0.004594279354237812,1.0987760681008552,1.0412233942049507,0.2828672010069594,0.35657128713018005,SOBREVIVE,True
0.5,ticket_rel,magnitud,257,0.3972035854226932,0.6495116872348089,0.7665369649805448,0.0,0.0019107116997954603,1.013020266884327,1.0048861201614743,0.3449564257672007,0.38903068686373127,SOBREVIVE,True
0.5,dd_168 ~ sin roc_24 [bajo],magnitud,257,0.3945931475483682,0.890104872565189,0.6459143968871596,0.0,0.01731539697432414,1.264247459151218,1.0129107616268473,0.2886513645500729,0.3475052222225993,SOBREVIVE,True
0.5,SplyCur ~ sin roc_24,magnitud,257,0.3766169221348306,0.8318944702656631,0.6614785992217899,0.0,0.0055808467413160845,1.0716992527069886,1.019056038682106,0.3484940955749196,0.3927276264707753,SOBREVIVE,True
0.5,pos_168 ~ sin roc_24,magnitud,257,0.3527808602033914,0.6564799296652144,0.7276264591439688,0.0,0.0020915925132562315,1.0601965157624125,1.0305130562754243,0.30108599673455544,0.3258067311790017,SOBREVIVE,True
0.5,TxCnt_z ~ sin roc_24,magnitud,249,0.33479803863595653,0.695970415053605,0.7028112449799196,0.0,0.002981501454412848,1.081054772423462,1.0425622980020748,0.24592482080956343,0.29682902287416996,SOBREVIVE,True
0.5,AdrBalCnt [bajo],magnitud,257,0.3088090072577102,0.9766942170277061,0.6342412451361867,0.0,0.005679860088194377,1.0218669584780078,0.9798173212993637,0.04755264113030793,0.20374589721089076,SOBREVIVE,True
0.5,AdrActCnt [bajo],magnitud,257,0.29236488537578054,0.7972940501412004,0.6264591439688716,0.0,0.0032547000786471323,0.9817787019814944,0.9652509191749608,0.1719914597617193,0.2585437905826455,SOBREVIVE,True
0.5,dd_168,magnitud,257,0.29156158993994935,0.6804615730133224,0.6653696498054474,0.0,-0.007958751749215892,0.8726874223137698,0.9998469504481478,0.20481530267562065,0.24452901970845375,ARTEFACTO DE ESCALA (atr_ratio 0.87),True
0.5,roc_720 ~ sin roc_24,magnitud,257,0.2886812287587676,0.9082636559420012,0.5914396887159533,0.0,0.011382911318039727,1.207582800327273,1.012842159035642,0.2255527323396143,0.26288632372133836,inconsistente por semana (59% arriba),True
0.5,AdrActCnt_z ~ sin roc_24,magnitud,249,0.28381934197987085,0.6298816205297495,0.6746987951807228,0.0,0.0029979985080583276,1.0629879643177371,1.0188797622299557,0.20293495277961088,0.2535908071132679,SOBREVIVE,True
0.5,AdrActCnt ~ sin roc_24,magnitud,257,0.2821554481533104,0.6647505812269818,0.642023346303502,0.0,-0.008376116366293046,0.8855753964023606,1.0119615025042161,0.20492323795887588,0.24748076997155388,ARTEFACTO DE ESCALA (atr_ratio 0.89),True
0.5,TxTfrCnt_z ~ sin roc_24,magnitud,249,0.2747485015114716,0.6587916076548196,0.6626506024096386,0.0,0.0028997125457611763,1.0880112651388534,1.0351583500209047,0.17949433765707465,0.24566369657319265,SOBREVIVE,True
0.5,AdrBalCnt_z [bajo],magnitud,249,0.2695126978710208,0.9605880161001548,0.5622489959839357,0.0,0.0034290162369661646,1.0121564073396436,0.9789599316960623,0.16223354650553695,0.20759585407843337,inconsistente por semana (56% arriba),True
0.5,TxCnt ~ sin roc_24,magnitud,257,0.26930113667846445,0.7493608015887339,0.6653696498054474,0.0,-0.006986233093447556,0.8927537833958327,1.0066333736661295,0.2147777077824973,0.26304085449096876,ARTEFACTO DE ESCALA (atr_ratio 0.89),True
0.5,CapMVRVCur_chg30 ~ sin roc_24,magnitud,257,0.2692938864710719,0.7383759208577682,0.5719844357976653,0.0,0.010653399823667484,1.1864606181037234,1.0154090997700471,0.2179221176507023,0.2440872646680566,inconsistente por semana (57% arriba),True
0.5,AdrBalCnt_pct [bajo],magnitud,249,0.2666248800364341,0.9602538791574508,0.5863453815261044,0.0,0.002846493511862203,1.0099094268360034,0.9813640595439712,0.1577175818029599,0.22066946973155593,inconsistente por semana (59% arriba),True
0.5,ticket_rel ~ sin roc_24,magnitud,257,0.2547608787621054,0.5620009754571362,0.6653696498054474,0.0,-1.974242233670148e-05,1.0029246994433605,0.9977191460512562,0.20397576178765792,0.2269862392080833,ARTEFACTO DE ESCALA (atr_ratio 1.00),True
0.5,AdrBalCnt_chg7 [bajo],magnitud,257,0.24152023072951379,0.7005276794435089,0.6186770428015564,0.0,0.00158622148186685,1.001057754808965,0.9830705564983794,0.17741099306358463,0.2221805965448429,SOBREVIVE,True
0.5,TxTfrCnt ~ sin roc_24,magnitud,257,0.23166960781202095,0.6388760045093479,0.6186770428015564,0.0,-0.009535936315429466,0.8691234868647925,1.0014766699517246,0.17705024819310658,0.20954756007838096,ARTEFACTO DE ESCALA (atr_ratio 0.87),True
0.5,TxCnt [bajo],magnitud,257,0.21662661553643633,0.695287599325702,0.6070038910505836,0.0,0.0038035558243329055,0.9785669552939045,0.9475303643517079,0.11447230200399766,0.1700213389410475,SOBREVIVE,True
0.5,dd_168 [bajo],magnitud,257,0.20994048433141246,0.8606259134900293,0.556420233463035,0.0,0.015464256727980153,1.2427997444508285,0.9975575729954989,0.10482504369944498,0.15959858675962613,inconsistente por semana (56% arriba),True
0.5,AdrBalCnt_chg7 ~ sin roc_24 [bajo],magnitud,257,0.20293218443919397,0.5545894220566923,0.6264591439688716,0.0,0.0017115789958693191,1.019979379121918,0.9912832800067973,0.17255412007098883,0.18614271990976777,SOBREVIVE,True
0.5,AdrBalCnt_chg30 [bajo],magnitud,257,0.19719070902620892,0.7440874832889741,0.5875486381322957,0.0,0.0019397752770141895,1.0085229120025188,0.9805642177331266,0.14933013191833044,0.19646095916845108,inconsistente por semana (59% arriba),True
0.5,TxTfrCnt [bajo],magnitud,257,0.19076205213275463,0.6683788690360284,0.6108949416342413,0.0,0.0035490162579065025,0.9816991189111163,0.9499945280799447,0.0887553455310264,0.1629003253997687,SOBREVIVE,True
0.5,CapMVRVCur_pct,magnitud,249,0.1854833580363694,0.868861935290736,0.5220883534136547,0.0005,0.010955780911293808,1.1851701858266779,1.0015485913134983,0.13122878140673566,0.15448805757314393,inconsistente por semana (52% arriba),True
0.5,AdrBalCnt_pct ~ sin roc_24 [bajo],magnitud,249,0.18325536357895142,0.7399712898934008,0.570281124497992,0.0,0.0021184926085155036,1.0071938834059027,0.9774717286014243,0.15909600468016327,0.1701031099675826,inconsistente por semana (57% arriba),True
0.5,TxCnt_pct ~ sin roc_24,magnitud,249,0.18192780140401282,0.6096216236558567,0.6144578313253012,0.0,0.001806452895399424,1.083481515223823,1.0342629591789954,0.1182997466578843,0.1640458349982406,SOBREVIVE,True
0.5,CapMVRVCur_z,magnitud,249,0.18140419412813746,0.8734584297143819,0.5140562248995983,0.0,0.010566300696740442,1.167522636610417,0.9957700921683146,0.11528356210956163,0.15947079028092756,inconsistente por semana (51% arriba),True
0.5,AdrBalCnt_chg30 ~ sin roc_24 [bajo],magnitud,257,0.1808795217371127,0.5982998408921337,0.6186770428015564,0.0,0.0015975680101158504,1.0109546811539813,0.9839905644785478,0.14614628029098417,0.15515687537737363,SOBREVIVE,True
0.5,AdrBalCnt_z ~ sin roc_24 [bajo],magnitud,249,0.180688174889627,0.7887590273087005,0.5622489959839357,0.0,0.002433097770759006,1.0104039927643127,0.9780839578965338,0.14773905021687678,0.1530077313110404,inconsistente por semana (56% arriba),True
0.5,AdrActCnt_pct ~ sin roc_24,magnitud,249,0.17421005738505901,0.5852854616698595,0.6144578313253012,0.0,0.0016839943013740777,1.0523261923196894,1.014685776644614,0.12024320382041827,0.15596051650734472,SOBREVIVE,True
0.5,TxTfrCnt_pct ~ sin roc_24,magnitud,249,0.15801940463432174,0.6251464261558262,0.5903614457831325,0.0,0.001755338465051935,1.0813068756555912,1.032250440719721,0.10899683164668295,0.13839084991024544,inconsistente por semana (59% arriba),True
0.5,desbal_168,magnitud,257,0.15308132706539587,0.6403326944188551,0.5758754863813229,0.0005,-0.004017334355041528,0.9548495431659639,0.9867896885363816,0.08328671668259321,0.12234210238647683,ARTEFACTO DE ESCALA (atr_ratio 0.95),True
0.5,SplyCur_chg30 ~ sin roc_24 [bajo],magnitud,257,0.15071337912571545,0.6766470510305105,0.5525291828793775,0.0,0.0032530194494303287,1.0548709435020178,0.9974835911486121,0.08841209773873351,0.10844715512752853,inconsistente por semana (55% arriba),True
0.5,TxTfrCnt ~ sin roc_24 [bajo],magnitud,257,0.14521311578355553,0.5971054926232285,0.5525291828793775,0.0,0.006571666602144946,1.0885000727311847,0.9947780166437951,0.06817252698831572,0.11234164585076654,inconsistente por semana (55% arriba),True
0.5,AdrBalCnt ~ sin roc_24 [bajo],magnitud,257,0.14039581087152828,0.5812232481234114,0.5914396887159533,0.0,0.005538147355879244,1.0815865354243976,0.9895683513265763,0.03707693397622458,0.09738418503980363,inconsistente por semana (59% arriba),True
0.5,CapMVRVCur_z ~ sin roc_24 [bajo],magnitud,249,0.13578134683294044,0.5973763802424067,0.5742971887550201,0.0,-0.003006997531539296,0.9599215761632158,0.9830766231848836,0.07454855349595932,0.12127531534262113,ARTEFACTO DE ESCALA (atr_ratio 0.96),True
0.5,CapMVRVCur [bajo],magnitud,257,0.1344403844639412,0.7444005632432522,0.5447470817120622,0.0005,0.0018802871979425285,1.023095244554388,0.9822577580594816,0.007597600868509696,0.07828241006935563,inconsistente por semana (54% arriba),True
0.5,dd_720 ~ sin roc_24,magnitud,257,0.1314530236337005,0.6401413913191779,0.5992217898832685,0.0015,-0.009857173731011552,0.8893305035048861,1.015018344940994,0.10177253664154015,0.09205171746707952,ARTEFACTO DE ESCALA (atr_ratio 0.89),True
0.5,TxCnt ~ sin roc_24 [bajo],magnitud,257,0.13134598006238046,0.5792792756329104,0.556420233463035,0.0,0.006180968285254418,1.0913533214618896,0.9987760271096473,0.041327484864144,0.0915192580883993,inconsistente por semana (56% arriba),True
0.5,AdrActCnt ~ sin roc_24 [bajo],magnitud,257,0.12996324797039138,0.6206194916617218,0.5252918287937743,0.0,0.006341209952348179,1.089840893267795,0.9957437009287563,0.05445972867615284,0.09883680751895481,inconsistente por semana (53% arriba),True
0.5,AdrBalCnt ~ sin roc_24,magnitud,257,0.12807547773538497,0.706999527131005,0.5097276264591439,0.002,-0.008367049659221712,0.8941086134780245,0.9967648220652605,0.07657002752443567,0.10241831242238371,ARTEFACTO DE ESCALA (atr_ratio 0.89),True
0.5,desbal_24,magnitud,257,0.12725718034706482,0.5630041795040928,0.556420233463035,0.0,-0.0016577997020377033,0.9771111049833657,0.9775806744798679,0.1014723882567498,0.1273019580115321,ARTEFACTO DE ESCALA (atr_ratio 0.98),True
0.5,IssTotNtv_pct ~ sin roc_24,magnitud,249,0.1182087525160008,0.5071296834190404,0.606425702811245,0.0005,0.0002602473859780549,1.0184875141494154,0.9998911719015817,0.06298573314084537,0.09426656152874524,SOBREVIVE,True
0.5,IssTotNtv [bajo],magnitud,257,0.1068536719378735,0.7287262833499581,0.5214007782101168,0.0075,0.002210406580737022,1.0271785121220036,0.9799256806277488,-0.06401601298345426,0.07098546451746127,concentracion: se cae sin el top-3,True
0.5,desbal_168 ~ sin roc_24,magnitud,257,0.09487480563479618,0.5334930287436213,0.5758754863813229,0.0025,-0.004639476587639065,0.9560406312141,0.9860506731912642,0.03793129304942572,0.0671083434192098,ARTEFACTO DE ESCALA (atr_ratio 0.96),True
0.5,CapMVRVCur_z [bajo],magnitud,249,0.08209399860032096,0.7210514409190416,0.5622489959839357,0.0345,-0.003917066222674454,0.9562380190472846,0.9811085141020599,0.020607413567026247,0.06387706755108236,ARTEFACTO DE ESCALA (atr_ratio 0.96),False
0.5,SplyCur_chg7 ~ sin roc_24 [bajo],magnitud,257,0.08166126479656416,0.5262976729513035,0.5486381322957199,0.005,0.0026814923151605107,1.0568811737946517,0.9984071017910643,0.04145823228692154,0.07042384076184444,inconsistente por semana (55% arriba),True
0.5,SplyCur ~ sin roc_24 [bajo],magnitud,257,0.08145717094713681,0.509420506283499,0.5408560311284046,0.0075,0.0028020379253806023,1.071632828942553,1.0015424870032268,0.025307360932600113,0.05434803356820179,inconsistente por semana (54% arriba),True
0.5,SplyCur_pct ~ sin roc_24 [bajo],magnitud,249,0.052961848129509444,0.6519313503871785,0.4738955823293173,0.098,-0.0010654238652172605,1.0059505107663913,0.9938869582948386,0.018352532858942224,0.033261630874884006,ARTEFACTO DE ESCALA (atr_ratio 1.01),False
0.5,CapMVRVCur_pct ~ sin roc_24 [bajo],magnitud,249,0.05146323022373961,0.5445402579227339,0.5381526104417671,0.0685,-0.0038302842119726003,0.9501759023974695,0.9798337584494997,0.03676662789465134,0.03861858699971745,ARTEFACTO DE ESCALA (atr_ratio 0.95),False
0.5,IssTotNtv ~ sin roc_24 [bajo],magnitud,257,0.041850663495242676,0.5352706084596279,0.5447470817120622,0.103,0.0013396650555126093,1.042888271496605,0.9971584009502255,-0.008978800851479063,0.016854014492543718,dentro del MDE del azar (±0.065),False
0.5,desbal_168 [bajo],magnitud,257,0.03874358083349522,0.7627162013043082,0.4708171206225681,0.2155,0.001255518008746057,1.0011126442301073,0.9618797166441768,-0.032797013469594676,0.006725356500677162,dentro del MDE del azar (±0.065),False
0.5,desbal_168 ~ sin roc_24 [bajo],magnitud,257,0.034648659319490564,0.6308926995041838,0.4708171206225681,0.1925,0.0010916862970187257,0.9991167306756296,0.9598657191744386,-0.016225116532505017,0.013782157702471987,dentro del MDE del azar (±0.065),False
0.5,CapMVRVCur ~ sin roc_24 [bajo],magnitud,257,0.03274786914785021,0.5555032839713283,0.5252918287937743,0.174,0.0009109522700680881,1.0165125457635564,0.9765689866804593,-0.01779461803810944,0.008454192467048153,dentro del MDE del azar (±0.065),False
0.5,CONTROL azar 2,magnitud,257,0.0297908828953966,0.5295859173574538,0.490272373540856,0.191,0.00025298238122543854,1.010702159418212,0.97803177926425,-0.0021115934906911714,0.01303211758400241,control,False
0.5,CapMVRVCur_z ~ sin roc_24,magnitud,249,0.02891563405248844,0.8026302380226747,0.46184738955823296,0.289,0.008307854906200481,1.1570048751253985,0.9937950692268936,0.015634526103620632,0.02083782058452574,dentro del MDE del azar (±0.065),False
0.5,desbal_24 ~ sin roc_24,magnitud,257,0.027854407354905537,0.5273844404716341,0.46303501945525294,0.1935,-0.002956000183574959,0.9703411681195178,0.9714595819086431,0.0003044829271077231,0.009577229432118414,ARTEFACTO DE ESCALA (atr_ratio 0.97),False
0.5,CapMVRVCur_pct [bajo],magnitud,249,0.02200162837981544,0.6753563959882738,0.4979919678714859,0.31,-0.00465765724137433,0.9478162370507285,0.9775813301563947,-0.005489304083419925,0.004560423399625671,ARTEFACTO DE ESCALA (atr_ratio 0.95),False
0.5,SplyCur_pct [bajo],magnitud,249,0.021631015910199513,0.9019472728216212,0.42971887550200805,0.349,-0.002130996958310938,0.9889811521780375,0.9788976398151379,0.017584556530826568,-0.023667963442035724,ARTEFACTO DE ESCALA (atr_ratio 0.99),False
0.5,desbal,magnitud,257,0.020056320484141507,0.5027621782805127,0.47470817120622566,0.263,0.00020510497833481744,1.0030411298922706,0.9691480587616754,-0.022999656694107168,-0.0014155759245322844,dentro del MDE del azar (±0.065),False
0.5,SplyCur [bajo],magnitud,257,0.011234690819622813,0.7604025153353139,0.5019455252918288,0.4115,-0.0062886294763986154,0.9488096311355104,0.979116239860822,-0.08871074657573769,-0.06816124927934045,ARTEFACTO DE ESCALA (atr_ratio 0.95),False
0.5,dd_720 ~ sin roc_24 [bajo],magnitud,257,0.010211819166409819,0.6716729819634293,0.42412451361867703,0.4315,0.01247279418799985,1.1572999698114916,0.9456427400735508,-0.04148875237995575,-0.016896267569068927,dentro del MDE del azar (±0.065),False
0.5,roc_720 ~ sin roc_24 [bajo],magnitud,257,0.007059688805109796,0.6694514103261461,0.4396887159533074,0.4515,0.0021960072525416927,1.0360625312163023,0.968507639821909,-0.04520776418121598,-0.02201420231504953,dentro del MDE del azar (±0.065),False
0.5,CapMVRVCur_chg30 ~ sin roc_24 [bajo],magnitud,257,-0.012203617987035176,0.587447434693281,0.4591439688715953,1.0,-0.00028149026444532546,0.9999297104131089,0.9659009243776395,-0.07521456494159402,-0.04040503106506466,spread <= 0,False
0.5,CONTROL azar 3,magnitud,257,-0.013302018306727786,0.5091228769347228,0.41245136186770426,1.0,1.2900381433091716e-05,1.0109466646664338,0.976041710520557,-0.0269878262396281,-0.026769220053586777,control,False
0.5,dd_168 ~ sin roc_24,magnitud,257,-0.017068801914802707,0.5904238190965594,0.490272373540856,1.0,-0.012242543615779547,0.8464660535442494,0.9740581605729145,-0.02537229618409688,-0.043715646355825366,spread <= 0,False
0.5,SplyCur_chg30 [bajo],magnitud,257,-0.019453678219855934,0.7882245348173238,0.42412451361867703,1.0,-0.003421263058820796,0.9817621420773098,0.977694663260635,-0.00021804818306339182,-0.039527755750827905,spread <= 0,False
0.5,TxTfrCnt_chg7 ~ sin roc_24 [bajo],magnitud,257,-0.021814176305310254,0.5370466625547686,0.4046692607003891,1.0,0.0020940572081908746,1.0239199332242541,0.9484705907306139,-0.06740633037855817,-0.031051905663849737,spread <= 0,False
0.5,desbal_24 ~ sin roc_24 [bajo],magnitud,257,-0.02261010887957373,0.5387392893229781,0.4357976653696498,1.0,0.000304911917517036,0.9942907808960743,0.9566859039494888,-0.058317780012703345,-0.042045891837462365,spread <= 0,False
0.5,IssTotNtv_pct,magnitud,249,-0.027682059616084224,0.5718712190021745,0.46184738955823296,1.0,-0.0030580574742804646,0.9835110933914788,0.982163198764182,-0.11604811761552883,-0.07896483767112546,spread <= 0,False
0.5,turnover ~ sin roc_24 [bajo],magnitud,257,-0.028672330372526235,0.587244648413219,0.40077821011673154,1.0,0.003240862184430979,1.0556855394394824,0.977638441144254,-0.06656856560069122,-0.04763190383941112,spread <= 0,False
0.5,CapMVRVCur_pct ~ sin roc_24,magnitud,249,-0.02879130061150044,0.7407655291884739,0.43373493975903615,1.0,0.00741333977657973,1.1543992350600911,0.9942223271245807,-0.0005135574163095875,-0.014452142213680755,spread <= 0,False
0.5,CONTROL azar 1,magnitud,257,-0.0292522338590933,0.4239784185487245,0.43190661478599224,1.0,-0.0003132292082050648,1.009276852941633,0.9789806281482095,-0.04356529010294331,-0.038410986864487406,control,False
0.5,TxCnt_chg7 ~ sin roc_24 [bajo],magnitud,257,-0.03312127019017147,0.5486883387044437,0.3968871595330739,1.0,0.0021758685972349053,1.0266287620388983,0.9457575127646198,-0.08545985866933167,-0.04931657895985123,spread <= 0,False
0.5,atr_24 ~ sin roc_24 [bajo],magnitud,257,-0.03474967126022115,0.5987974316740262,0.4591439688715953,1.0,-0.019519933706068512,0.7082228099747762,0.9051255173405836,-0.10169587627144606,-0.08278550620791873,spread <= 0,False
0.5,n_surge ~ sin roc_24 [bajo],magnitud,257,-0.037983417819036726,0.5703263849523841,0.4046692607003891,1.0,0.002460303508963564,1.0468219531166871,0.9752073041985667,-0.08201153248490062,-0.060216736939547974,spread <= 0,False
0.5,IssTotNtv_pct ~ sin roc_24 [bajo],magnitud,249,-0.03895764235325668,0.5344846342844257,0.43775100401606426,1.0,-0.0014073756794319597,1.0069360285488607,0.9848293008609693,-0.02742686185051916,-0.04310572726627109,spread <= 0,False
0.5,AdrActCnt_chg7 ~ sin roc_24 [bajo],magnitud,257,-0.04058194015863269,0.5618728776572727,0.40077821011673154,1.0,0.001854205996648218,1.0244734174908958,0.9524374338916491,-0.0600061121022019,-0.05454368277547652,spread <= 0,False
0.5,vol_168 ~ sin roc_24 [bajo],magnitud,257,-0.04133208047680244,0.622425280620408,0.49416342412451364,1.0,-0.0203152732410369,0.7318483783779421,0.9469293254194133,-0.10536280748761476,-0.0825867702752273,spread <= 0,False
0.5,compresion ~ sin roc_24 [bajo],magnitud,257,-0.04730823226161288,0.5627081095123089,0.4085603112840467,1.0,0.0015743469944554762,0.96336860416273,0.8954710380030635,-0.08151488233022582,-0.06384468258519241,spread <= 0,False
0.5,pos_168 ~ sin roc_24 [bajo],magnitud,257,-0.0490904557602896,0.6009639781009194,0.42023346303501946,1.0,0.002282171618262105,1.0321990277381123,0.9435713286318046,-0.12103054181759255,-0.08321699244595662,spread <= 0,False
0.5,SplyCur,magnitud,257,-0.049092762011130796,0.9491010133327018,0.3346303501945525,1.0,-0.0004585414262803482,1.016235023187942,0.9754183341975503,-0.11740415297151661,-0.1059218021919829,spread <= 0,False
0.5,TxCnt,magnitud,257,-0.04931039588283133,0.8219689765489233,0.43190661478599224,1.0,-0.0156503823725482,0.8265764229474665,0.9760144488416896,-0.15112710408090757,-0.12424804583963948,spread <= 0,False
0.5,desbal ~ sin roc_24,magnitud,257,-0.06016120499701203,0.4857052029980448,0.45525291828793774,1.0,-0.0007408638143612546,0.9982045652309702,0.9638595924268007,-0.11016911561265123,-0.09185761143726572,spread <= 0,False
0.5,AdrBalCnt_chg7 ~ sin roc_24,magnitud,257,-0.062206662718237875,0.5815703723244257,0.3968871595330739,1.0,0.0013366460354625783,1.0297309149432552,0.9842157976198697,-0.12559600139475774,-0.0887442112701958,spread <= 0,False
0.5,TxTfrCnt_z ~ sin roc_24 [bajo],magnitud,249,-0.06951310500454227,0.6071485808295697,0.36947791164658633,1.0,-0.003784410416638275,0.9702577605846694,0.9666014044825377,-0.11773550970664409,-0.0790976871601976,spread <= 0,False
0.5,SplyCur_chg7 ~ sin roc_24,magnitud,257,-0.06964307065980764,0.6256929737442234,0.42412451361867703,1.0,0.004064189098934571,1.0671703188746373,0.9818062466516901,-0.10460266057584618,-0.08694587417089338,spread <= 0,False
0.5,dd_720 [bajo],magnitud,257,-0.0717891349976287,0.7189830570677175,0.41245136186770426,1.0,0.011911835165556016,1.1545806375960115,0.9391405480127673,-0.17100033186063746,-0.11204217151315475,spread <= 0,False
0.5,SplyCur_chg7 [bajo],magnitud,257,-0.07239997480788077,0.6601763636285203,0.4085603112840467,1.0,-0.0036097351942146376,0.9825441290966287,0.9754954461286776,0.007486733971902925,-0.05797056535890223,spread <= 0,False
0.5,TxTfrCnt,magnitud,257,-0.07294736868976909,0.7270237179495099,0.42412451361867703,1.0,-0.01612925610388009,0.8290255734540052,0.977789728396228,-0.15497313299181106,-0.13750513403912928,spread <= 0,False
0.5,AdrActCnt,magnitud,257,-0.07353835572385022,0.7090776580494894,0.41245136186770426,1.0,-0.01625138709937389,0.8239606007085634,0.9761810984241269,-0.16569859081919291,-0.14049250947318964,spread <= 0,False
0.5,SplyCur_chg30 ~ sin roc_24,magnitud,257,-0.07659814721863947,0.6656342729822385,0.43190661478599224,1.0,0.004738904223163115,1.08090904358676,0.9834837678406865,-0.13358434087148005,-0.11438331452362253,spread <= 0,False
0.5,TxCnt_z ~ sin roc_24 [bajo],magnitud,249,-0.0827738098024858,0.6496635461678508,0.3493975903614458,1.0,-0.0038316800239731022,0.9651197668900756,0.9651727748179277,-0.12734755530155434,-0.09123034792064177,spread <= 0,False
0.5,CapMVRVCur,magnitud,257,-0.08315768698667887,0.6902373833093994,0.4474708171206226,1.0,-0.0047572122778133386,0.9557755370328731,0.9809500492688796,-0.15319538587653939,-0.12019557344533621,spread <= 0,False
0.5,TxCnt_chg30 ~ sin roc_24 [bajo],magnitud,257,-0.08398167506010464,0.4805702596153793,0.3463035019455253,1.0,0.0007850739121993596,1.0127191506716682,0.9434296260929322,-0.14983678589180094,-0.10101551516013009,spread <= 0,False
0.5,AdrActCnt_chg30 ~ sin roc_24 [bajo],magnitud,257,-0.08405220924740282,0.5095601029605719,0.3424124513618677,1.0,7.564426233368473e-05,1.0076248206440548,0.9502938446196252,-0.10626969251677473,-0.0999789836898379,spread <= 0,False
0.5,AdrActCnt_z ~ sin roc_24 [bajo],magnitud,249,-0.08928539870156785,0.6163549971422928,0.3534136546184739,1.0,-0.0037281916759422345,0.9660424394725122,0.967321789315525,-0.11766174150001647,-0.11028065880311101,spread <= 0,False
0.5,IssTotNtv_pct [bajo],magnitud,249,-0.08962859865122688,0.5927242550157474,0.3855421686746988,1.0,-0.00215980679878163,1.0002940979956636,0.9788537862797613,-0.13803927806954536,-0.11221658231649627,spread <= 0,False
0.5,SplyCur_chg30,magnitud,257,-0.08979690629797782,0.7643665374420108,0.38910505836575876,1.0,0.00504479629448271,1.0852939820316747,0.980305979334597,-0.13407875258553195,-0.12923060535078493,spread <= 0,False
0.5,CapMVRVCur_chg30 [bajo],magnitud,257,-0.09215514449415178,0.6905185146609623,0.4280155642023346,1.0,-0.0013375171732403178,0.9940080980030682,0.9602717131720335,-0.1556289650541711,-0.12527133233715818,spread <= 0,False
0.5,desbal ~ sin roc_24 [bajo],magnitud,257,-0.09325881188841512,0.5308842164942686,0.42023346303501946,1.0,-0.0005487876484920347,1.0060331525325326,0.9680173747655136,-0.10938780743967536,-0.10182610877028078,spread <= 0,False
0.5,desbal_24 [bajo],magnitud,257,-0.09356137473504939,0.5529074743657123,0.41245136186770426,1.0,-0.00023577897742427622,0.9943264769405232,0.9520686443710079,-0.1237269702467683,-0.10594332295296922,spread <= 0,False
0.5,TxTfrCnt_chg30 ~ sin roc_24 [bajo],magnitud,257,-0.09755943622342773,0.4699290875671356,0.3463035019455253,1.0,0.0005907819081149935,1.0131985706383466,0.9481485968104394,-0.12188022107141527,-0.11320345562677457,spread <= 0,False
0.5,roc_72 ~ sin roc_24 [bajo],magnitud,257,-0.0976124821037207,0.574104476465637,0.3463035019455253,1.0,0.004490358352920823,1.0640523223271827,0.9536816884832945,-0.15593653074567704,-0.12443899483936391,spread <= 0,False
0.5,SplyCur_chg7,magnitud,257,-0.10641424107805002,0.7120979493711495,0.39299610894941633,1.0,0.004050318855999932,1.0677123720035469,0.9805996774561655,-0.16292995213034758,-0.14192128117859734,spread <= 0,False
0.5,AdrBalCnt,magnitud,257,-0.10745752237860594,0.8392883359783645,0.3735408560311284,1.0,-0.014488205632896838,0.8432916415283915,0.9744949075174603,-0.07454507023797965,-0.1432493502656883,spread <= 0,False
0.5,AdrBalCnt_chg7,magnitud,257,-0.10962822934104818,0.6480135634846146,0.3968871595330739,1.0,0.0007596238979722555,1.0213538235666706,0.9789582744905247,-0.15655204084706967,-0.12953963013745207,spread <= 0,False
0.5,SplyCur_pct,magnitud,249,-0.11711179737699214,0.7078589781628536,0.3855421686746988,1.0,-0.003850461195600878,0.9897017931898563,0.9789489613299499,-0.09358229411677024,-0.15819981960592625,spread <= 0,False
0.5,IssTotNtv,magnitud,257,-0.11966752243973605,0.643926973074124,0.35019455252918286,1.0,0.00041531555501857193,1.0257077830965002,0.9796176469510477,-0.1672255607123622,-0.1639248622803469,spread <= 0,False
0.5,vol_24 ~ sin roc_24 [bajo],magnitud,257,-0.12351768984940782,0.5560920927766916,0.3463035019455253,1.0,-0.01762739336995765,0.7404083116079815,0.9063767709956518,-0.17147764016431896,-0.17056032065739293,spread <= 0,False
0.5,desbal [bajo],magnitud,257,-0.12376525000382854,0.5031102254697235,0.38910505836575876,1.0,-0.0007273372156231189,1.0050673605650204,0.9663967367589832,-0.15579445084961616,-0.1421100168984395,spread <= 0,False
0.5,roc_720 [bajo],magnitud,257,-0.1292989623184413,0.8168853934019515,0.3852140077821012,1.0,0.0005454557662663433,1.024215130797546,0.9557021618275165,-0.16997925273457085,-0.150021419617107,spread <= 0,False
0.5,ticket_rel ~ sin roc_24 [bajo],magnitud,257,-0.13231947328790214,0.4956381088417959,0.35019455252918286,1.0,-0.00022528529177626695,1.0037409412949057,0.9592951718059866,-0.1376245584163467,-0.12618316080711114,spread <= 0,False
0.5,CapMVRVCur ~ sin roc_24,magnitud,257,-0.1350419466504152,0.5984423441453304,0.43190661478599224,1.0,-0.00519966771294695,0.959379102052235,0.9807394300802292,-0.12442388864016266,-0.15550043191852536,spread <= 0,False
0.5,AdrBalCnt_z,magnitud,249,-0.13560427473537334,0.7011418883762363,0.37349397590361444,1.0,-0.0011233633365341244,1.0006560941725002,0.979192628084191,-0.18602566033861842,-0.15806748288006736,spread <= 0,False
0.5,AdrActCnt_chg7 [bajo],magnitud,257,-0.14129149780808511,0.6170707602921712,0.3424124513618677,1.0,0.0010871738255209585,1.0121614847627067,0.9380673431208983,-0.173259603827117,-0.15505093388194943,spread <= 0,False
0.5,AdrBalCnt_chg30 ~ sin roc_24,magnitud,257,-0.14435270104302264,0.5264540057856036,0.36186770428015563,1.0,0.00046279251067152315,1.0269980861299688,0.9790464430044266,-0.19218846772979065,-0.15457808642382292,spread <= 0,False
0.5,roc_24 [bajo],magnitud,257,-0.14724405676273017,0.5720481225043784,0.31906614785992216,1.0,0.003654504985338087,1.0987992247148735,0.9816642356543035,-0.18057673279246525,-0.16760819937151616,spread <= 0,False
0.5,AdrBalCnt_z ~ sin roc_24,magnitud,249,-0.14832573848702163,0.7053368928447791,0.3654618473895582,1.0,-0.000883713723894029,1.0114930521500864,0.9787319903973888,-0.18260925993375218,-0.17027156042701908,spread <= 0,False
0.5,rango_168 ~ sin roc_24 [bajo],magnitud,257,-0.14933230920518506,0.5939806906949144,0.3852140077821012,1.0,-0.016915034054522167,0.7778291552095045,0.9369188343369647,-0.19849326836209907,-0.18753541403034044,spread <= 0,False
0.5,AdrBalCnt_pct ~ sin roc_24,magnitud,249,-0.1515961272370661,0.6019964424884164,0.3293172690763052,1.0,-0.0003462758994893397,1.0239621687055318,0.9830193324556253,-0.18324805732420063,-0.16708077439168526,spread <= 0,False
0.5,vol_168 [bajo],magnitud,257,-0.1555607061251143,0.673094869343577,0.4280155642023346,1.0,-0.023554455659702586,0.7047435314461682,0.9340952660598376,-0.2431006514879928,-0.22094399089014993,spread <= 0,False
0.5,SplyCur_pct ~ sin roc_24,magnitud,249,-0.16786026356852318,0.49505693715182814,0.36947791164658633,1.0,-0.004194088499502676,0.9682029160639223,0.9710842959192267,-0.21721965616193864,-0.19393478569247108,spread <= 0,False
0.5,TxCnt_pct ~ sin roc_24 [bajo],magnitud,249,-0.1681711410126506,0.49668171791103455,0.3293172690763052,1.0,-0.004537739316744251,0.9491040075810868,0.9446747190706158,-0.18286116316979276,-0.1740555500956493,spread <= 0,False
0.5,AdrBalCnt_chg30,magnitud,257,-0.17925323946292,0.6437254392285172,0.3229571984435798,1.0,8.253420089798143e-05,1.0207388673115312,0.9751283295684608,-0.2523419735386329,-0.21345150683118902,spread <= 0,False
0.5,TxTfrCnt_chg7 [bajo],magnitud,257,-0.18183869654178866,0.5322418363261436,0.3035019455252918,1.0,0.0009376598220461051,1.00818948799158,0.9278378911868141,-0.2100513104640948,-0.19599078528947989,spread <= 0,False
0.5,TxCnt_pct [bajo],magnitud,249,-0.18509891367864686,0.5005621311900676,0.30120481927710846,1.0,-0.004759790678319054,0.9490177895923545,0.9426207973739102,-0.17185381206229292,-0.1804910200930522,spread <= 0,False
0.5,AdrActCnt_pct [bajo],magnitud,249,-0.18693297341412293,0.4970288509626165,0.3172690763052209,1.0,-0.004608038598545698,0.9588306166704523,0.9530288591803024,-0.18951624675486076,-0.1950295108557981,spread <= 0,False
0.5,AdrActCnt_z [bajo],magnitud,249,-0.1869544642289541,0.5761831422977173,0.3413654618473896,1.0,-0.005349506214916579,0.9581913944301788,0.960237463266593,-0.21955562268989165,-0.18259728637004705,spread <= 0,False
0.5,AdrActCnt_chg30 [bajo],magnitud,257,-0.1878609907418727,0.5224816494112058,0.31906614785992216,1.0,-0.0012571092253242377,0.9942518946952924,0.9382949051435985,-0.21623078348376207,-0.20285313410731096,spread <= 0,False
0.5,compresion [bajo],magnitud,257,-0.18924345187661581,0.5518745991519739,0.27626459143968873,1.0,-0.00014816613589370723,0.9505163973020938,0.8803072666699492,-0.21861609167026508,-0.20497261366141117,spread <= 0,False
0.5,AdrActCnt_pct ~ sin roc_24 [bajo],magnitud,249,-0.1899214755855065,0.46509473897925135,0.30522088353413657,1.0,-0.004754097139855589,0.9580496368943608,0.9556668219175326,-0.19489567506723948,-0.19700598997390728,spread <= 0,False
0.5,ticket_rel [bajo],magnitud,257,-0.1964991997083293,0.5174797244797212,0.3346303501945525,1.0,-0.0008778964705763727,1.0013988834647325,0.9559407047720427,-0.19299775777028774,-0.20351938449161322,spread <= 0,False
0.5,TxCnt_z [bajo],magnitud,249,-0.20379743291841695,0.5562836597991168,0.30120481927710846,1.0,-0.005721142462009288,0.9546542819327352,0.9571590306084983,-0.23554809666609117,-0.20926185710722742,spread <= 0,False
0.5,CapMVRVCur_chg7 ~ sin roc_24 [bajo],magnitud,257,-0.20686102657608677,0.6266182905746952,0.3151750972762646,1.0,0.001373998817801802,1.0290343208066302,0.9392434818104454,-0.21374342601057658,-0.2181218599241573,spread <= 0,False
0.5,TxCnt_chg7 [bajo],magnitud,257,-0.21089601400473124,0.585322782409948,0.31906614785992216,1.0,0.0010283495648377014,1.01229923720734,0.926078666709929,-0.24226313327263252,-0.2152948088610977,spread <= 0,False
0.5,TxTfrCnt_z [bajo],magnitud,249,-0.21174110059467197,0.5666149733430438,0.27710843373493976,1.0,-0.005795587423395837,0.9614507594412812,0.9588255713706234,-0.23534577651579222,-0.23218430458983544,spread <= 0,False
0.5,atr_24 [bajo],magnitud,257,-0.21284048612252285,0.6665633091098486,0.36964980544747084,1.0,-0.023537796054328517,0.6831391556781261,0.8871873018591596,-0.25623386636358064,-0.2550826531347343,spread <= 0,False
0.5,TxTfrCnt_pct ~ sin roc_24 [bajo],magnitud,249,-0.21718743740756702,0.49911387536491186,0.2931726907630522,1.0,-0.005274974826084513,0.9504851816580003,0.9470875152058176,-0.23905118496901628,-0.21726212902417116,spread <= 0,False
0.5,AdrBalCnt_pct,magnitud,249,-0.21735127703808196,0.5788571128123436,0.3333333333333333,1.0,-0.0026259956616904827,1.0073287080767865,0.9788764679520225,-0.22620232596757991,-0.2203963938848142,spread <= 0,False
0.5,TxTfrCnt_pct [bajo],magnitud,249,-0.23049624462979898,0.555710182625087,0.30522088353413657,1.0,-0.0054674672746562285,0.9510033504888081,0.9454144192124185,-0.2354554802558327,-0.2423268636522477,spread <= 0,False
0.5,roc_168 ~ sin roc_24 [bajo],magnitud,257,-0.23797465534363746,0.672566682397774,0.2529182879377432,1.0,0.0028206370196049,1.0513894085333884,0.9356703815915606,-0.2913375644597598,-0.2719521924101958,spread <= 0,False
0.5,TxCnt_chg30 [bajo],magnitud,257,-0.24929382182920215,0.5016543663258036,0.2490272373540856,1.0,-0.0008022146758346655,0.9944917451048016,0.922367567357943,-0.3017503549918651,-0.2623242484751766,spread <= 0,False
0.5,pos_168 [bajo],magnitud,257,-0.25289479331588977,0.7489976037168404,0.28793774319066145,1.0,0.000904957429836034,1.0341839086815048,0.929577574496762,-0.30992701538963974,-0.2710685630205057,spread <= 0,False
0.5,TxTfrCnt_chg30 [bajo],magnitud,257,-0.26051110130901334,0.4804673230672547,0.2490272373540856,1.0,-0.0007611473742023767,0.9953107314878983,0.9243870452419564,-0.2868518200290415,-0.2704593571276413,spread <= 0,False
0.5,rango_168 [bajo],magnitud,257,-0.2811381524244544,0.6431307205770512,0.30739299610894943,1.0,-0.02069358839147981,0.7410679502350335,0.9228505922550927,-0.32442017738207846,-0.3273169194943964,spread <= 0,False
0.5,roc_72 [bajo],magnitud,257,-0.307908746507763,0.7045236046752057,0.23346303501945526,1.0,0.002149718544565446,1.049569653305772,0.9326659362986871,-0.3596623508619783,-0.3413856740766797,spread <= 0,False
0.5,vol_24 [bajo],magnitud,257,-0.3101205243874435,0.6832508304449479,0.30739299610894943,1.0,-0.022344489885832083,0.695080910147514,0.8834114534098514,-0.36031102049409364,-0.3627391313820459,spread <= 0,False
0.5,CapMVRVCur_chg7 [bajo],magnitud,257,-0.34914711493292533,0.7507564680324946,0.2529182879377432,1.0,4.978870088145264e-05,1.0250094688149747,0.9288410971177488,-0.35788895726757497,-0.36084760085297846,spread <= 0,False
0.5,n_surge [bajo],magnitud,257,-0.3905234835912194,0.5771115933232462,0.19455252918287938,1.0,-0.001777093746280744,0.9878357103748009,0.9131039617940447,-0.4019410456573167,-0.38254766295339787,spread <= 0,False
0.5,turnover [bajo],magnitud,257,-0.4229508158326889,0.5565505102996079,0.16731517509727625,1.0,-0.001186549205411552,0.9957941262581353,0.9166552941397836,-0.42056411011269546,-0.42773491010497056,spread <= 0,False
0.5,roc_168 [bajo],magnitud,257,-0.4455521902299072,0.7730366357140478,0.19066147859922178,1.0,0.0006238838560815186,1.0368770289448002,0.9169765372536016,-0.47969024789993947,-0.46768887783423774,spread <= 0,False
0.5,IssTotNtv_chg7,magnitud,0,,,,1.0,,,,,,POCAS SEMANAS (<8),False
0.5,IssTotNtv_chg30,magnitud,0,,,,1.0,,,,,,POCAS SEMANAS (<8),False
0.5,IssTotNtv_z,magnitud,0,,,,1.0,,,,,,POCAS SEMANAS (<8),False
0.5,SplyCur_z,magnitud,0,,,,1.0,,,,,,POCAS SEMANAS (<8),False
0.5,IssTotNtv_chg7 ~ sin roc_24,magnitud,0,,,,1.0,,,,,,POCAS SEMANAS (<8),False
0.5,IssTotNtv_chg30 ~ sin roc_24,magnitud,0,,,,1.0,,,,,,POCAS SEMANAS (<8),False
0.5,IssTotNtv_z ~ sin roc_24,magnitud,0,,,,1.0,,,,,,POCAS SEMANAS (<8),False
0.5,SplyCur_z ~ sin roc_24,magnitud,0,,,,1.0,,,,,,POCAS SEMANAS (<8),False
0.5,IssTotNtv_chg7 [bajo],magnitud,0,,,,1.0,,,,,,POCAS SEMANAS (<8),False
0.5,IssTotNtv_chg30 [bajo],magnitud,0,,,,1.0,,,,,,POCAS SEMANAS (<8),False
0.5,IssTotNtv_z [bajo],magnitud,0,,,,1.0,,,,,,POCAS SEMANAS (<8),False
0.5,SplyCur_z [bajo],magnitud,0,,,,1.0,,,,,,POCAS SEMANAS (<8),False
0.5,IssTotNtv_chg7 ~ sin roc_24 [bajo],magnitud,0,,,,1.0,,,,,,POCAS SEMANAS (<8),False
0.5,IssTotNtv_chg30 ~ sin roc_24 [bajo],magnitud,0,,,,1.0,,,,,,POCAS SEMANAS (<8),False
0.5,IssTotNtv_z ~ sin roc_24 [bajo],magnitud,0,,,,1.0,,,,,,POCAS SEMANAS (<8),False
0.5,SplyCur_z ~ sin roc_24 [bajo],magnitud,0,,,,1.0,,,,,,POCAS SEMANAS (<8),False
