panel,costo,ranking,objetivo,semanas,spread,sd_sem,sem_ok,p,spread_crudo,atr_ratio,atr_propio,sin_top3,sin_top1,fdr_ok,veredicto
FS,0.1,roc_720 ~ sin roc_24 [bajo],corto,49,0.004800193321895523,0.38833730007887024,0.5510204081632653,0.4845,0.00021937214741955908,1.1433709864661419,0.97058960940853,-0.01222286874513016,-0.0009289863131935857,False,dentro del MDE del azar (±0.126)
FS,0.1,roc_168 ~ sin roc_24 [bajo],corto,49,-0.025595591712319826,0.3591336040485344,0.5102040816326531,1.0,0.0002645653955039511,1.172442165260493,0.9546927511700182,-0.03179569948846595,-0.030149691266862115,False,spread <= 0
FS,0.1,dd_720 [bajo],corto,49,-0.02949431433845612,0.3527586589843022,0.40816326530612246,1.0,1.9827264719997094e-05,1.2716880175017535,0.9203635134645465,-0.055694845395132676,-0.03850563786730602,False,spread <= 0
FS,0.1,roc_720 [bajo],corto,49,-0.03419439023881239,0.30641622985487044,0.4897959183673469,1.0,-0.0003769262821474629,1.1223369562916181,0.9514574292200888,-0.06191963795146993,-0.038876223758203446,False,spread <= 0
FS,0.1,dd_720 ~ sin roc_24 [bajo],corto,49,-0.0418719427671184,0.3751622591384738,0.46938775510204084,1.0,-0.00019506111508950656,1.27900401229068,0.9254040153448562,-0.06952176345621534,-0.053744907555920006,False,spread <= 0
FS,0.1,desbal_168 [bajo],corto,49,-0.047780769091372556,0.2977403402860941,0.46938775510204084,1.0,-0.0005200108422909914,1.0740584736581382,0.9345402065201256,-0.06197489864814347,-0.052031223235277334,False,spread <= 0
FS,0.1,roc_168 [bajo],corto,49,-0.04942289458135746,0.3046222106066626,0.4489795918367347,1.0,-0.00023864847732216278,1.1366826067053852,0.9301847286006752,-0.06354202497050822,-0.05020502554471852,False,spread <= 0
FS,0.1,dd_168 [bajo],corto,49,-0.05138544489415946,0.457678022433036,0.42857142857142855,1.0,-0.0007855249881499253,1.3854133691397443,1.0264775640150763,-0.08074144003573347,-0.060428986875791325,False,spread <= 0
FS,0.1,desbal_24 [bajo],corto,49,-0.05818604483697762,0.29436260221757526,0.4489795918367347,1.0,-0.00046401258148178956,1.0138672711593122,0.9431929401873855,-0.0675269862875477,-0.0613293944247925,False,spread <= 0
FS,0.1,desbal_168 ~ sin roc_24 [bajo],corto,49,-0.0637699967772305,0.30075258186898224,0.40816326530612246,1.0,-0.0009061063925899295,1.0726494553149253,0.9370043978443048,-0.09054513095050797,-0.07120341742315263,False,spread <= 0
FS,0.1,carry_acum ~ sin roc_24,corto,49,-0.06948840099741875,0.4312839583661217,0.3877551020408163,1.0,-0.0013650212765083665,1.2124886039344824,1.0343824474063186,-0.12378510744985997,-0.08295544652832038,False,spread <= 0
FS,0.1,CONTROL azar 3,corto,49,-0.07500114147543431,0.2846771348508071,0.3877551020408163,1.0,-0.000853814153240631,1.0089918577343897,0.9760383748367041,-0.0993818898324653,-0.08823025632165613,False,control
FS,0.1,CONTROL azar 1,corto,49,-0.0752187888605019,0.3487986252940641,0.3469387755102041,1.0,-0.001562309684960971,1.0004463425878105,0.9718345226091484,-0.09285379423587913,-0.08290349031503369,False,control
FS,0.1,roc_72 ~ sin roc_24 [bajo],corto,49,-0.07550994894913415,0.46319151321870516,0.4489795918367347,1.0,-0.0008969464158946226,1.1977400858898213,0.9850098851358309,-0.0987886995265934,-0.08303138897786287,False,spread <= 0
FS,0.1,CONTROL azar 2,corto,49,-0.07604360817940024,0.26301858192373656,0.30612244897959184,1.0,-0.0011058442245971995,1.003785045108116,0.9733340433668203,-0.09292100162536887,-0.08473733915514725,False,control
FS,0.1,carry_acum,corto,49,-0.08244895075173686,0.35678170037348744,0.4897959183673469,1.0,-0.0013962586436992018,1.0787082249044724,0.9616411575221997,-0.10575668456527762,-0.0935135974578922,False,spread <= 0
FS,0.1,desbal_24 ~ sin roc_24 [bajo],corto,49,-0.08346707879829231,0.37627797650849265,0.4897959183673469,1.0,-0.0008318559222644506,1.0139752043706838,0.9515773796941474,-0.10930170141723979,-0.10108836442863792,False,spread <= 0
FS,0.1,compresion ~ sin roc_24,corto,49,-0.1027037622371163,0.4767786070731521,0.3877551020408163,1.0,-0.0011266171563483157,1.4177117851276595,1.3236195933150325,-0.13529512579682956,-0.11853957340656905,False,spread <= 0
FS,0.1,desbal,corto,49,-0.10895552122066335,0.3427600702122735,0.40816326530612246,1.0,-0.0004876787788817762,0.9493267697462032,0.9438264235287596,-0.1268803310486167,-0.115020209146814,False,spread <= 0
FS,0.1,dd_168 ~ sin roc_24 [bajo],corto,49,-0.11194715943629525,0.4564530513546432,0.40816326530612246,1.0,-0.001378448908829603,1.4359283329525898,1.0502797450454449,-0.15757507282763228,-0.12409647827757914,False,spread <= 0
FS,0.1,ticket_rel ~ sin roc_24,corto,49,-0.11245870415206469,0.3407695993437306,0.3673469387755102,1.0,-0.0012117456835368304,1.039890188165146,1.0366377204859734,-0.13414925187879062,-0.11288736490614593,False,spread <= 0
FS,0.1,roc_72 [bajo],corto,49,-0.11876550110217939,0.3935407634854749,0.40816326530612246,1.0,-0.0018439711629908797,1.16751349287717,0.9567449316847316,-0.1284171509318827,-0.12991863849651944,False,spread <= 0
FS,0.1,ticket_rel,corto,49,-0.12209518541911106,0.442516920270467,0.3877551020408163,1.0,-0.0012024158975681054,1.0587022446443057,1.0567461199344232,-0.14296896430524927,-0.13340195567644808,False,spread <= 0
FS,0.1,desbal ~ sin roc_24,corto,49,-0.12367301653276552,0.325675352189553,0.40816326530612246,1.0,-0.000709362588632441,0.9462771693967883,0.9388559946092454,-0.1473637747277108,-0.13149399423132477,False,spread <= 0
FS,0.1,roc_24 [bajo],corto,49,-0.12620499810198277,0.41851829480630875,0.3673469387755102,1.0,-0.0018386112301621376,1.2700724267923371,1.0332243426979977,-0.1488523795801001,-0.13898968053916344,False,spread <= 0
FS,0.1,compresion [bajo],corto,49,-0.12785338718713987,0.40617211434448036,0.3673469387755102,1.0,-0.0019599200387368843,0.980362745123427,0.8536173028036906,-0.15252440712982668,-0.14060008480704883,False,spread <= 0
FS,0.1,n_surge [bajo],corto,49,-0.12923283809765485,0.272977183985521,0.30612244897959184,1.0,-0.0015972593039788121,1.039949250079134,0.8952790655138252,-0.15499832681420764,-0.14267110645439532,False,spread <= 0
FS,0.1,pos_168 [bajo],corto,49,-0.13355862614471978,0.3813616781009833,0.3673469387755102,1.0,-0.0012497300848781055,1.0620652805316977,0.9228965509203078,-0.15270871978213876,-0.1416320165912542,False,spread <= 0
FS,0.1,ticket_rel [bajo],corto,49,-0.13870800561080843,0.37920512992508326,0.3877551020408163,1.0,-0.0013814970081313844,0.980313588277007,0.9333594528454134,-0.15064494355749247,-0.14518729213301176,False,spread <= 0
FS,0.1,compresion ~ sin roc_24 [bajo],corto,49,-0.13941209221470277,0.4032095422382576,0.40816326530612246,1.0,-0.002138000085576462,0.9773596544621572,0.8626046718598365,-0.1649044132054571,-0.15313121174213054,False,spread <= 0
FS,0.1,ticket_rel ~ sin roc_24 [bajo],corto,49,-0.1439271415010977,0.3978016267655669,0.3877551020408163,1.0,-0.001556258452770127,0.9874021069409625,0.9455239894443507,-0.18266370673245988,-0.15702461393957523,False,spread <= 0
FS,0.1,n_surge ~ sin roc_24 [bajo],corto,49,-0.14606159306108504,0.3803655918558571,0.3469387755102041,1.0,-0.0015212279542978077,1.212527541188709,1.033630249151814,-0.1716668892647787,-0.15296230156852114,False,spread <= 0
FS,0.1,turnover [bajo],corto,49,-0.14621698721709903,0.35990572375751745,0.3877551020408163,1.0,-0.0018045103294010046,1.0359856720061542,0.9018449103836823,-0.1668823850534736,-0.151768485301392,False,spread <= 0
FS,0.1,roc_72,corto,49,-0.14928526909692416,0.541546477920949,0.3877551020408163,1.0,-0.0013038373215495161,1.5729959154272681,1.3206255367907036,-0.1710005774458738,-0.15709360664569597,False,spread <= 0
FS,0.1,turnover ~ sin roc_24 [bajo],corto,49,-0.1540503483446841,0.3810064056586769,0.3877551020408163,1.0,-0.0015269661366014641,1.2210928095531488,1.0467765271510197,-0.17680385426873513,-0.1605907265673466,False,spread <= 0
FS,0.1,desbal [bajo],corto,49,-0.15466354534382998,0.3004500434248544,0.2653061224489796,1.0,-0.0018803521545364438,0.985211343475191,0.9624794115472448,-0.16077720461430448,-0.15739459033161385,False,spread <= 0
FS,0.1,pos_168 ~ sin roc_24 [bajo],corto,49,-0.15509139215410994,0.42887535415347233,0.3877551020408163,1.0,-0.0015202070862917656,1.044233259453945,0.9292510860345405,-0.17698443321711074,-0.1663857417105833,False,spread <= 0
FS,0.1,desbal ~ sin roc_24 [bajo],corto,49,-0.15654910031270144,0.2914190080363508,0.30612244897959184,1.0,-0.0018226920907182676,0.9817865968528047,0.9636066928790765,-0.18009396604468506,-0.16177683027779427,False,spread <= 0
FS,0.1,pos_168 ~ sin roc_24,corto,49,-0.15899162021261348,0.4793293641271922,0.3877551020408163,1.0,-0.002210488202219827,1.0985299959019619,1.0478483973707555,-0.19036869079773924,-0.17151947005302617,False,spread <= 0
FS,0.1,vol_24,corto,49,-0.16320999498656338,0.512090154191488,0.3877551020408163,1.0,-0.001637567959947237,1.9849820437163002,1.4807323707297249,-0.20489759846071665,-0.17654372202955304,False,spread <= 0
FS,0.1,compresion,corto,49,-0.164473860201393,0.47954370560750026,0.3673469387755102,1.0,-0.0018155542752612795,1.4806565606540156,1.372886940114073,-0.18784613812771733,-0.17350397613833152,False,spread <= 0
FS,0.1,desbal_168 ~ sin roc_24,corto,49,-0.1654501464525926,0.4366434000996733,0.32653061224489793,1.0,-0.001477690642713633,0.9368795506252772,0.989095677830651,-0.1895839659462407,-0.18642602659930524,False,spread <= 0
FS,0.1,desbal_24,corto,49,-0.1739999861090727,0.3085478511713071,0.2653061224489796,1.0,-0.001877905180681381,0.9393488869385179,0.9568472297172796,-0.1818401486572745,-0.17852015783715922,False,spread <= 0
FS,0.1,vol_168,corto,49,-0.1744882463106929,0.6011556326702253,0.42857142857142855,1.0,-0.0023740141020672347,1.7907188947410617,1.215101370073893,-0.20152812443075976,-0.18923079382207106,False,spread <= 0
FS,0.1,atr_24,corto,49,-0.17560695951270622,0.5145502321035497,0.3877551020408163,1.0,-0.0020279916073198388,2.0094180267089663,1.499434432732111,-0.2150353121038645,-0.19591345820082962,False,spread <= 0
FS,0.1,roc_24,corto,49,-0.178134688778335,0.5172864277331984,0.3877551020408163,1.0,-0.0018100431244559255,1.4449338424112166,1.2321953510995216,-0.1959623284542567,-0.1853033289714137,False,spread <= 0
FS,0.1,rango_168,corto,49,-0.18283487905361678,0.4917481341645453,0.3877551020408163,1.0,-0.0024851274508745124,1.6956805079003034,1.1959588548901956,-0.2176129776761171,-0.19608992052163468,False,spread <= 0
FS,0.1,desbal_24 ~ sin roc_24,corto,49,-0.1866884515287089,0.3039584092093239,0.2857142857142857,1.0,-0.0019809162598228964,0.9285698703037649,0.9455976272806901,-0.18851536076317313,-0.18211101108246217,False,spread <= 0
FS,0.1,turnover,corto,49,-0.1872056570895609,0.5576542426926256,0.40816326530612246,1.0,-0.002013143674330252,1.3834240329036753,1.283464147401062,-0.21818141105383654,-0.19883487162114663,False,spread <= 0
FS,0.1,rango_168 ~ sin roc_24,corto,49,-0.18751749102571413,0.5289045512824999,0.32653061224489793,1.0,-0.002521851123507296,1.6524695728398906,1.1905756907824823,-0.21364081848274916,-0.19579794415398685,False,spread <= 0
FS,0.1,vol_168 ~ sin roc_24 [bajo],corto,49,-0.19051251574796274,0.445632541771827,0.2653061224489796,1.0,-0.0014051214329241352,0.6368951118192814,0.9293302229046421,-0.2112249396603931,-0.1873011882196143,False,spread <= 0
FS,0.1,atr_24 ~ sin roc_24 [bajo],corto,49,-0.19057706779289985,0.46949165385743163,0.22448979591836735,1.0,-0.00141910473477799,0.6196178962912099,0.8818316033218834,-0.20733837566324645,-0.19673072779212517,False,spread <= 0
FS,0.1,vol_24 [bajo],corto,49,-0.1938777172052745,0.4844889631068151,0.22448979591836735,1.0,-0.0015124571252595003,0.6112374151218458,0.8442231834773495,-0.22256472143939374,-0.20198934164950821,False,spread <= 0
FS,0.1,n_surge,corto,49,-0.19416381453389134,0.6336391804661967,0.3877551020408163,1.0,-0.002529614973943709,1.4196057228962602,1.3071975330329881,-0.23464658715550804,-0.21407899662727184,False,spread <= 0
FS,0.1,n_surge ~ sin roc_24,corto,49,-0.19428018108617498,0.46664065634649243,0.32653061224489793,1.0,-0.002494218433464163,1.360220864621777,1.1973693045590037,-0.21553233678871092,-0.20515308338594235,False,spread <= 0
FS,0.1,atr_24 ~ sin roc_24,corto,49,-0.19701064190645717,0.5536388887168397,0.3673469387755102,1.0,-0.0024668705452227406,1.9412073892530273,1.4318945272819161,-0.2224733042585368,-0.20568706613120044,False,spread <= 0
FS,0.1,atr_24 [bajo],corto,49,-0.1989333819341766,0.4613105378503926,0.2653061224489796,1.0,-0.0015572367708502862,0.6058840244047438,0.8611825919738236,-0.20495622439153682,-0.20977857770577815,False,spread <= 0
FS,0.1,desbal_168,corto,49,-0.20173054902123533,0.43476569083141514,0.32653061224489793,1.0,-0.002071337041954991,0.9380580845342938,0.9922074942777575,-0.2124818256648666,-0.22491200234724565,False,spread <= 0
FS,0.1,roc_720 ~ sin roc_24,corto,49,-0.2039116328152375,0.5208048717230034,0.32653061224489793,1.0,-0.0023170339516792125,1.3967433935631166,1.0432543491315016,-0.2260761773237232,-0.21741409070713463,False,spread <= 0
FS,0.1,vol_168 [bajo],corto,49,-0.20437980739687542,0.44213262169191714,0.24489795918367346,1.0,-0.0015987393807293127,0.6216187864798178,0.9128155135238717,-0.2059837705546187,-0.2099037787731174,False,spread <= 0
FS,0.1,turnover ~ sin roc_24,corto,49,-0.20468395645164716,0.41043179393868495,0.30612244897959184,1.0,-0.0026580205736948894,1.348939349917962,1.1840867710426135,-0.2296656203239374,-0.20885872692471802,False,spread <= 0
FS,0.1,dd_168 ~ sin roc_24,corto,49,-0.20796231943157506,0.49534536285434955,0.2857142857142857,1.0,-0.001658707063767079,0.7761712871533071,0.9539579313554474,-0.2279842475032665,-0.21502337353165477,False,spread <= 0
FS,0.1,carry_acum [bajo],corto,49,-0.21484088483737523,0.46674774453062334,0.2857142857142857,1.0,-0.0026199453428015313,1.2165547731108304,1.0506751682877766,-0.23336864104698304,-0.22019890348309337,False,spread <= 0
FS,0.1,vol_24 ~ sin roc_24,corto,49,-0.2198800436544381,0.5162097619369453,0.3877551020408163,1.0,-0.002482069945510585,1.8833464159874327,1.4046538615426247,-0.2390281691443827,-0.23111003408637565,False,spread <= 0
FS,0.1,vol_168 ~ sin roc_24,corto,49,-0.2217775652988044,0.5952736204329465,0.40816326530612246,1.0,-0.002849361373224351,1.7488704618752715,1.2009426339429656,-0.25954113126825606,-0.23393816787826952,False,spread <= 0
FS,0.1,rango_168 [bajo],corto,49,-0.23224131475253623,0.46570419778239236,0.1836734693877551,1.0,-0.0018322278056080111,0.6546889977794224,0.9064296240781353,-0.24814124384768552,-0.2455435361613914,False,spread <= 0
FS,0.1,roc_72 ~ sin roc_24,corto,49,-0.23802219260084495,0.5260758429040496,0.30612244897959184,1.0,-0.0026179976467817414,1.4435602409410648,1.2159528104696604,-0.2956773477547042,-0.24908998052740197,False,spread <= 0
FS,0.1,pos_168,corto,49,-0.2389591640254507,0.5400296536962307,0.32653061224489793,1.0,-0.0031406257011983496,1.1673199196466926,1.103127582491609,-0.27404365980241463,-0.2540910975229305,False,spread <= 0
FS,0.1,vol_24 ~ sin roc_24 [bajo],corto,49,-0.2452015007726654,0.45567601029037624,0.1836734693877551,1.0,-0.002244481972838875,0.6487777215466184,0.8766461882434199,-0.2656631375209673,-0.2506155398268671,False,spread <= 0
FS,0.1,carry_acum ~ sin roc_24 [bajo],corto,49,-0.24602384008401157,0.4357890581207228,0.22448979591836735,1.0,-0.0032458961549341214,1.2991997492686242,1.0907309230084339,-0.26920535492746994,-0.2491751644291754,False,spread <= 0
FS,0.1,roc_720,corto,49,-0.2507952651925244,0.5159232072305607,0.3469387755102041,1.0,-0.002940231038673594,1.427204235260157,1.0644637325173192,-0.2743403592496276,-0.25642359517864527,False,spread <= 0
FS,0.1,rango_168 ~ sin roc_24 [bajo],corto,49,-0.25500427838394973,0.45501212824721726,0.20408163265306123,1.0,-0.002230416338780852,0.7027516307524767,0.9197349592472238,-0.2558048077478961,-0.25768520886912255,False,spread <= 0
FS,0.1,roc_168 ~ sin roc_24,corto,49,-0.29844266397598207,0.47632190633704263,0.3469387755102041,1.0,-0.003925803199791876,1.4596449641343583,1.21779583099435,-0.34963659503514233,-0.30890558101086557,False,spread <= 0
FS,0.1,roc_168,corto,49,-0.30066845352343896,0.4734676040900902,0.40816326530612246,1.0,-0.0037443950900337775,1.5471892313785878,1.2937414566877448,-0.354976917504392,-0.3140746692114472,False,spread <= 0
FS,0.1,dd_168,corto,49,-0.30290946088626686,0.5837327655181148,0.3673469387755102,1.0,-0.002977131938429184,0.8410422151766842,1.0000412320798424,-0.3225972599004739,-0.31116920402448844,False,spread <= 0
FS,0.1,dd_720 ~ sin roc_24,corto,49,-0.3378773023158191,0.49744911937159514,0.24489795918367346,1.0,-0.0030917079003165674,0.8378051132211422,1.0119008723722662,-0.3452729741755758,-0.33933048528080884,False,spread <= 0
FS,0.1,dd_720,corto,49,-0.37079865976828386,0.6397330029497124,0.24489795918367346,1.0,-0.0036442383230751306,0.8743429634558028,1.0481298479554897,-0.40018888921360013,-0.37899425678876336,False,spread <= 0
FS,0.1,dd_720,largo,49,0.1889804705885145,0.6323567616246897,0.6530612244897959,0.0125,0.0016442383230751286,0.8743429634558028,1.0481298479554897,0.07761443628348207,0.10018319664899444,True,SOBREVIVE
FS,0.1,roc_168,largo,49,0.16631768111477585,0.4714667960606913,0.4897959183673469,0.007,0.0017443950900337766,1.5471892313785878,1.2937414566877448,0.09845406743942244,0.1319319889251693,True,inconsistente por semana (49% arriba)
FS,0.1,roc_168 ~ sin roc_24,largo,49,0.16505784170182133,0.47133076878818436,0.6122448979591837,0.0065,0.0019258031997918745,1.4596449641343583,1.21779583099435,0.12304441918284456,0.1570458204141022,True,SOBREVIVE
FS,0.1,dd_720 ~ sin roc_24,largo,49,0.15420231354225,0.4898310598554421,0.6530612244897959,0.012,0.0010917079003165662,0.8378051132211422,1.0119008723722662,-0.026912079129045186,0.021208591528102887,True,concentracion: se cae sin el top-3
FS,0.1,roc_720,largo,49,0.1294531322826829,0.514052455309195,0.5510204081632653,0.038,0.0009402310386735933,1.427204235260157,1.0644637325173192,0.09501115118022617,0.11358181169781159,False,muere en la correccion (FDR q=0.1)
FS,0.1,dd_168,largo,49,0.12020939292519497,0.581508607071426,0.5306122448979592,0.067,0.0009771319384291822,0.8410422151766842,1.0000412320798424,-0.016324147418383724,0.004582851002444595,False,muere en la correccion (FDR q=0.1)
FS,0.1,carry_acum ~ sin roc_24 [bajo],largo,49,0.11041684962009485,0.4369404549949411,0.6326530612244898,0.044,0.00124589615493412,1.2991997492686242,1.0907309230084339,0.0404279972620332,0.08360322918458907,False,muere en la correccion (FDR q=0.1)
FS,0.1,vol_168 ~ sin roc_24,largo,49,0.10938682465523879,0.5939884392076459,0.5306122448979592,0.092,0.00084936137322435,1.7488704618752715,1.2009426339429656,0.045659064442221946,0.08805361674734642,False,muere en la correccion (FDR q=0.1)
FS,0.1,roc_72 ~ sin roc_24,largo,49,0.10444887897936929,0.5215037141814306,0.5714285714285714,0.0795,0.0006179976467817405,1.4435602409410648,1.2159528104696604,0.047852427405036924,0.07847971272827083,False,muere en la correccion (FDR q=0.1)
FS,0.1,vol_24 ~ sin roc_24,largo,49,0.10271734465925639,0.5135861704351316,0.5510204081632653,0.076,0.0004820699455105839,1.8833464159874327,1.4046538615426247,0.0383052348579608,0.08498675665255333,False,muere en la correccion (FDR q=0.1)
FS,0.1,pos_168,largo,49,0.09058881113339529,0.5398056866587423,0.5714285714285714,0.113,0.0011406257011983489,1.1673199196466926,1.103127582491609,0.011538905833804,0.059261410263318035,False,muere en la correccion (FDR q=0.1)
FS,0.1,roc_720 ~ sin roc_24,largo,49,0.08348157818831546,0.5182752928815474,0.5714285714285714,0.117,0.0003170339516792113,1.3967433935631166,1.0432543491315016,0.019250343255683602,0.06252986453626443,False,muere en la correccion (FDR q=0.1)
FS,0.1,atr_24 ~ sin roc_24,largo,49,0.08341665783064485,0.5522634468553056,0.5510204081632653,0.1355,0.00046687054522273917,1.9412073892530273,1.4318945272819161,0.0010206988222611452,0.047051146266556314,False,muere en la correccion (FDR q=0.1)
FS,0.1,carry_acum [bajo],largo,49,0.07608303748505064,0.4678049487731886,0.5510204081632653,0.1175,0.0006199453428015301,1.2165547731108304,1.0506751682877766,0.010727057640489925,0.062294012464902,False,muere en la correccion (FDR q=0.1)
FS,0.1,rango_168 ~ sin roc_24,largo,49,0.06970036596209804,0.5283647672171838,0.5306122448979592,0.1765,0.0005218511235072945,1.6524695728398906,1.1905756907824823,0.019253410986083713,0.057146513961233436,False,muere en la correccion (FDR q=0.1)
FS,0.1,turnover ~ sin roc_24,largo,49,0.06581461061670987,0.407723282227133,0.5102040816326531,0.135,0.0006580205736948879,1.348939349917962,1.1840867710426135,0.017416963670025452,0.04427948383875278,False,muere en la correccion (FDR q=0.1)
FS,0.1,rango_168,largo,49,0.06572879935877629,0.4932079637245104,0.4489795918367347,0.1745,0.0004851274508745114,1.6956805079003034,1.1959588548901956,0.0028837787926391904,0.04904858444007113,False,muere en la correccion (FDR q=0.1)
FS,0.1,vol_168,largo,49,0.0631014589177086,0.6018819440837431,0.5102040816326531,0.226,0.0003740141020672334,1.7907188947410617,1.215101370073893,-0.008196302059231409,0.040822902357621454,False,muere en la correccion (FDR q=0.1)
FS,0.1,atr_24,largo,49,0.06171943921185204,0.5131287052520469,0.5306122448979592,0.2045,2.7991607319837554e-05,2.0094180267089663,1.499434432732111,-0.0029003575214813304,0.0391972316277412,False,muere en la correccion (FDR q=0.1)
FS,0.1,n_surge ~ sin roc_24,largo,49,0.0548392124931743,0.46327307241639104,0.5714285714285714,0.2135,0.000494218433464162,1.360220864621777,1.1973693045590037,0.007511857771834611,0.04506429739528566,False,dentro del MDE del azar (±0.126)
FS,0.1,rango_168 ~ sin roc_24 [bajo],largo,49,0.05070293239482902,0.45140658146233553,0.4897959183673469,0.222,0.00023041633878085138,0.7027516307524767,0.9197349592472238,-0.11210777445007368,-0.061730510602254485,False,dentro del MDE del azar (±0.126)
FS,0.1,n_surge,largo,49,0.04967912901931321,0.6294198127260245,0.4897959183673469,0.3015,0.000529614973943708,1.4196057228962602,1.3071975330329881,0.0026674630751171158,0.030206865282776333,False,dentro del MDE del azar (±0.126)
FS,0.1,vol_24,largo,49,0.04562112143613009,0.5111405685165273,0.5714285714285714,0.273,-0.00036243204005276394,1.9849820437163002,1.4807323707297249,-0.005092106885654919,0.037794395760961094,False,ARTEFACTO DE ESCALA (atr_ratio 1.98)
FS,0.1,roc_24,largo,49,0.04296285669812487,0.5134430714325807,0.4897959183673469,0.2935,-0.00018995687554407555,1.4449338424112166,1.2321953510995216,-0.019393767112906773,0.03510687021755727,False,ARTEFACTO DE ESCALA (atr_ratio 1.44)
FS,0.1,turnover,largo,49,0.042442819416373886,0.5545182589292676,0.46938775510204084,0.3085,1.314367433025126e-05,1.3834240329036753,1.283464147401062,-0.03247040623331822,0.02164152506877932,False,dentro del MDE del azar (±0.126)
FS,0.1,desbal_168,largo,49,0.042253810693735204,0.43636740066981583,0.5306122448979592,0.2485,7.133704195499004e-05,0.9380580845342938,0.9922074942777575,-0.09027789973413747,-0.03751773378542373,False,dentro del MDE del azar (±0.126)
FS,0.1,vol_24 ~ sin roc_24 [bajo],largo,49,0.03614501918377439,0.4522377187161007,0.5102040816326531,0.282,0.0002444819728388741,0.6487777215466184,0.8766461882434199,-0.11111136648761541,-0.07583931460546228,False,dentro del MDE del azar (±0.126)
FS,0.1,desbal_24 ~ sin roc_24,largo,49,0.032422490988084585,0.30541318685513186,0.42857142857142855,0.2165,-1.908374017710444e-05,0.9285698703037649,0.9455976272806901,-0.05852290836845995,-0.033436168634253804,False,ARTEFACTO DE ESCALA (atr_ratio 0.93)
FS,0.1,turnover ~ sin roc_24 [bajo],largo,49,0.021336460299291996,0.37876911393395046,0.4897959183673469,0.3585,-0.000473033863398537,1.2210928095531488,1.0467765271510197,-0.027062022650314658,0.009124504704012564,False,ARTEFACTO DE ESCALA (atr_ratio 1.22)
FS,0.1,desbal_24,largo,49,0.020100259490358617,0.3102804362392547,0.42857142857142855,0.315,-0.00012209481931862006,0.9393488869385179,0.9568472297172796,-0.051512891021114414,-0.037583860776325244,False,ARTEFACTO DE ESCALA (atr_ratio 0.94)
FS,0.1,rango_168 [bajo],largo,49,0.019814842947099075,0.46347906451484766,0.4897959183673469,0.3835,-0.00016777219439198987,0.6546889977794224,0.9064296240781353,-0.1334771651745755,-0.09165472914565106,False,ARTEFACTO DE ESCALA (atr_ratio 0.65)
FS,0.1,pos_168 ~ sin roc_24 [bajo],largo,49,0.01887620697557863,0.4314226369870419,0.46938775510204084,0.397,-0.00047979291370823564,1.044233259453945,0.9292510860345405,-0.048959907914171354,-0.029767023901548527,False,ARTEFACTO DE ESCALA (atr_ratio 1.04)
FS,0.1,compresion,largo,49,0.018541537617419647,0.477106532852355,0.5306122448979592,0.4005,-0.00018444572473872169,1.4806565606540156,1.372886940114073,-0.03954302605409619,-0.0003551034235445168,False,ARTEFACTO DE ESCALA (atr_ratio 1.48)
FS,0.1,dd_168 ~ sin roc_24,largo,49,0.01806408873231886,0.49407842869681473,0.5102040816326531,0.404,-0.0003412929362329218,0.7761712871533071,0.9539579313554474,-0.11823138587875826,-0.09928811432228195,False,ARTEFACTO DE ESCALA (atr_ratio 0.78)
FS,0.1,roc_72,largo,49,0.01460089243755157,0.5398657512009619,0.4897959183673469,0.437,-0.0006961626784504854,1.5729959154272681,1.3206255367907036,-0.041156264662822566,0.00502416345964008,False,ARTEFACTO DE ESCALA (atr_ratio 1.57)
FS,0.1,n_surge ~ sin roc_24 [bajo],largo,49,0.013891610487990525,0.3772717028615037,0.5102040816326531,0.4105,-0.0004787720457021934,1.212527541188709,1.033630249151814,-0.02995206309472277,0.0003116545101429949,False,ARTEFACTO DE ESCALA (atr_ratio 1.21)
FS,0.1,turnover [bajo],largo,49,0.013270988926411893,0.3614645016193163,0.4897959183673469,0.392,-0.00019548967059899642,1.0359856720061542,0.9018449103836823,-0.033983093556768006,-0.007402100903716069,False,ARTEFACTO DE ESCALA (atr_ratio 1.04)
FS,0.1,pos_168 ~ sin roc_24,largo,49,0.009447584106454411,0.48279629374347705,0.42857142857142855,0.4555,0.00021048820221982622,1.0985299959019619,1.0478483973707555,-0.008503874225065032,-0.007388832802425508,False,dentro del MDE del azar (±0.126)
FS,0.1,desbal ~ sin roc_24 [bajo],largo,49,0.007360739261773112,0.28941391025480584,0.5918367346938775,0.419,-0.0001773079092817336,0.9817865968528047,0.9636066928790765,-0.052113186948589386,-0.02259454353831667,False,ARTEFACTO DE ESCALA (atr_ratio 0.98)
FS,0.1,desbal_168 ~ sin roc_24,largo,49,0.006383864421952413,0.4384877212166369,0.5102040816326531,0.475,-0.000522309357286368,0.9368795506252772,0.989095677830651,-0.1130528505757732,-0.06381965226725429,False,ARTEFACTO DE ESCALA (atr_ratio 0.94)
FS,0.1,desbal [bajo],largo,49,0.00605283335287655,0.3001523575367967,0.5714285714285714,0.444,-0.00011964784546355747,0.985211343475191,0.9624794115472448,-0.050307956987223644,-0.016829480133231635,False,ARTEFACTO DE ESCALA (atr_ratio 0.99)
FS,0.1,compresion ~ sin roc_24 [bajo],largo,49,0.0006498022725282719,0.406463614199226,0.5102040816326531,0.514,0.000138000085576461,0.9773596544621572,0.8626046718598365,-0.03662802984338189,-0.012782487351298256,False,dentro del MDE del azar (±0.126)
FS,0.1,pos_168 [bajo],largo,49,0.0003040038105073936,0.3811876466481378,0.4897959183673469,0.522,-0.0007502699151218957,1.0620652805316977,0.9228965509203078,-0.07067870027727996,-0.04834427686850793,False,ARTEFACTO DE ESCALA (atr_ratio 1.06)
FS,0.1,ticket_rel ~ sin roc_24 [bajo],largo,49,-0.0008089340488436597,0.3994083459263683,0.4897959183673469,1.0,-0.0004437415472298742,0.9874021069409625,0.9455239894443507,-0.018981803659608068,-0.013999342179128266,False,spread <= 0
FS,0.1,roc_24 [bajo],largo,49,-0.001567684977602123,0.417307457395132,0.5102040816326531,1.0,-0.00016138876983786348,1.2700724267923371,1.0332243426979977,-0.03767747807019297,-0.017368300535524146,False,spread <= 0
FS,0.1,n_surge [bajo],largo,49,-0.0025451063148424933,0.27407346506208147,0.40816326530612246,1.0,-0.00040274069602118953,1.039949250079134,0.8952790655138252,-0.039483585027573834,-0.01597986883486775,False,spread <= 0
FS,0.1,ticket_rel [bajo],largo,49,-0.006142232484703709,0.37932559236647756,0.5102040816326531,1.0,-0.0006185029918686165,0.980313588277007,0.9333594528454134,-0.07677717855864004,-0.043808614795677915,False,spread <= 0
FS,0.1,dd_168 ~ sin roc_24 [bajo],largo,49,-0.007617421616147983,0.45573970817806647,0.3673469387755102,1.0,-0.0006215510911703985,1.4359283329525898,1.0502797450454449,-0.07124642597311276,-0.029151494541937585,False,spread <= 0
FS,0.1,roc_72 [bajo],largo,49,-0.00793139708912219,0.3948663971221646,0.4897959183673469,1.0,-0.0001560288370091218,1.16751349287717,0.9567449316847316,-0.043230054870239974,-0.023459285949206946,False,spread <= 0
FS,0.1,compresion [bajo],largo,49,-0.009287354202920787,0.4094929445959953,0.4489795918367347,1.0,-4.0079961263116246e-05,0.980362745123427,0.8536173028036906,-0.03743028281865262,-0.02682683743857024,False,spread <= 0
FS,0.1,vol_168 [bajo],largo,49,-0.02150787837562729,0.439932148848777,0.4489795918367347,1.0,-0.0004012606192706883,0.6216187864798178,0.9128155135238717,-0.1806492920043329,-0.1409143832813461,False,spread <= 0
FS,0.1,vol_24 [bajo],largo,49,-0.023756642834503603,0.48510130839590204,0.40816326530612246,1.0,-0.0004875428747405005,0.6112374151218458,0.8442231834773495,-0.15261423969910856,-0.12936610237101565,False,spread <= 0
FS,0.1,desbal ~ sin roc_24,largo,49,-0.025299889719228922,0.3218400675742149,0.4489795918367347,1.0,-0.0012906374113675603,0.9462771693967883,0.9388559946092454,-0.10216228907474036,-0.07645094442552783,False,spread <= 0
FS,0.1,atr_24 [bajo],largo,49,-0.026182868984496364,0.4602923540140196,0.4489795918367347,1.0,-0.0004427632291497143,0.6058840244047438,0.8611825919738236,-0.17271830161118584,-0.1372385199805574,False,spread <= 0
FS,0.1,ticket_rel,largo,49,-0.028653912165885285,0.4424449541619079,0.3877551020408163,1.0,-0.0007975841024318957,1.0587022446443057,1.0567461199344232,-0.0949161885369313,-0.06430515333979282,False,spread <= 0
FS,0.1,atr_24 ~ sin roc_24 [bajo],largo,49,-0.030041227942011483,0.46813868963629685,0.42857142857142855,1.0,-0.0005808952652220109,0.6196178962912099,0.8818316033218834,-0.19285162072187498,-0.15616586677989827,False,spread <= 0
FS,0.1,vol_168 ~ sin roc_24 [bajo],largo,49,-0.03228007403890886,0.44534652335423053,0.46938775510204084,1.0,-0.0005948785670758658,0.6368951118192814,0.9293302229046421,-0.18343475974183812,-0.14850440205139626,False,spread <= 0
FS,0.1,ticket_rel ~ sin roc_24,largo,49,-0.03826608562558433,0.3410635212501069,0.42857142857142855,1.0,-0.0007882543164631708,1.039890188165146,1.0366377204859734,-0.0981502898330673,-0.08001256580715199,False,spread <= 0
FS,0.1,desbal,largo,49,-0.04024154668523876,0.34037221745690777,0.3877551020408163,1.0,-0.0015123212211182254,0.9493267697462032,0.9438264235287596,-0.12388541867988748,-0.10348995586066834,False,spread <= 0
FS,0.1,compresion ~ sin roc_24,largo,49,-0.04442080883791571,0.47339307735869013,0.5510204081632653,1.0,-0.0008733828436516851,1.4177117851276595,1.3236195933150325,-0.09549741400446907,-0.06266825064880518,False,spread <= 0
FS,0.1,roc_72 ~ sin roc_24 [bajo],largo,49,-0.05211755859968325,0.46252062910984904,0.42857142857142855,1.0,-0.0011030535841053783,1.1977400858898213,0.9850098851358309,-0.09418353638249308,-0.07244604414310195,False,spread <= 0
FS,0.1,carry_acum,largo,49,-0.05241842295784479,0.3549827119073553,0.4489795918367347,1.0,-0.0006037413563007992,1.0787082249044724,0.9616411575221997,-0.10054482534194514,-0.06847282778645863,False,spread <= 0
FS,0.1,desbal_24 ~ sin roc_24 [bajo],largo,49,-0.05950770936809612,0.37580465339367697,0.3469387755102041,1.0,-0.0011681440777355503,1.0139752043706838,0.9515773796941474,-0.08833091587861831,-0.06266927309592771,False,spread <= 0
FS,0.1,carry_acum ~ sin roc_24,largo,49,-0.06279296860261023,0.42845311904361233,0.40816326530612246,1.0,-0.0006349787234916347,1.2124886039344824,1.0343824474063186,-0.08574890507031635,-0.07473837446986112,False,spread <= 0
FS,0.1,dd_168 [bajo],largo,49,-0.06825806397335324,0.45984781395148494,0.42857142857142855,1.0,-0.0012144750118500756,1.3854133691397443,1.0264775640150763,-0.10693187595238235,-0.08050228017252349,False,spread <= 0
FS,0.1,desbal_168 ~ sin roc_24 [bajo],largo,49,-0.06963737953094566,0.29985725760173926,0.3673469387755102,1.0,-0.001093893607410072,1.0726494553149253,0.9370043978443048,-0.09767197329822803,-0.08249217796007854,False,spread <= 0
FS,0.1,CONTROL azar 2,largo,49,-0.06988788119258935,0.26510006966558786,0.3877551020408163,1.0,-0.0008941557754028014,1.003785045108116,0.9733340433668203,-0.09181161819216876,-0.06920574268016123,False,control
FS,0.1,CONTROL azar 3,largo,49,-0.07101909298607922,0.28197048937455793,0.46938775510204084,1.0,-0.0011461858467593702,1.0089918577343897,0.9760383748367041,-0.09319539500692808,-0.07835771926592151,False,control
FS,0.1,dd_720 ~ sin roc_24 [bajo],largo,49,-0.07121791399724658,0.37755805412480226,0.4489795918367347,1.0,-0.0018049388849104946,1.27900401229068,0.9254040153448562,-0.11095736253963462,-0.08374703657314668,False,spread <= 0
FS,0.1,CONTROL azar 1,largo,49,-0.07172624810604404,0.34663829827758424,0.4489795918367347,1.0,-0.0004376903150390301,1.0004463425878105,0.9718345226091484,-0.10494490170577839,-0.08414222974393823,False,control
FS,0.1,roc_168 [bajo],largo,49,-0.07634058090836468,0.3072998979461454,0.32653061224489793,1.0,-0.0017613515226778387,1.1366826067053852,0.9301847286006752,-0.0952176924773132,-0.09121823024235051,False,spread <= 0
FS,0.1,dd_720 [bajo],largo,49,-0.08353809480444573,0.3553477355224578,0.46938775510204084,1.0,-0.002019827264719999,1.2716880175017535,0.9203635134645465,-0.11525376033097452,-0.09794930419406628,False,spread <= 0
FS,0.1,desbal_24 [bajo],largo,49,-0.08427122139573474,0.2938016687705171,0.3469387755102041,1.0,-0.0015359874185182116,1.0138672711593122,0.9431929401873855,-0.11114318703761723,-0.10482111872159805,False,spread <= 0
FS,0.1,desbal_168 [bajo],largo,49,-0.08513018982961103,0.29723916439367803,0.3673469387755102,1.0,-0.0014799891577090098,1.0740584736581382,0.9345402065201256,-0.12304266032636044,-0.09606259571144182,False,spread <= 0
FS,0.1,roc_720 [bajo],largo,49,-0.09475615388857223,0.30703820961799483,0.2857142857142857,1.0,-0.0016230737178525385,1.1223369562916181,0.9514574292200888,-0.1062700212275309,-0.10690659439012694,False,spread <= 0
FS,0.1,roc_168 ~ sin roc_24 [bajo],largo,49,-0.10063456063713339,0.36067970937802485,0.32653061224489793,1.0,-0.002264565395503952,1.172442165260493,0.9546927511700182,-0.1341438234067805,-0.10658238782962835,False,spread <= 0
FS,0.1,roc_720 ~ sin roc_24 [bajo],largo,49,-0.1347101606085916,0.3911844195594385,0.3469387755102041,1.0,-0.0022193721474195603,1.1433709864661419,0.97058960940853,-0.15981368165452983,-0.13698452173184955,False,spread <= 0
FS,0.1,n_surge,magnitud,49,3.4913883861919954,5.838373480623213,1.0,0.0,0.05294545812981551,1.4196057228962602,1.3071975330329881,2.5403484979533824,2.6806577965783887,True,SOBREVIVE
FS,0.1,n_surge ~ sin roc_24,magnitud,49,2.5808398500793235,5.74581850521553,0.9795918367346939,0.0,0.04372460069260322,1.360220864621777,1.1973693045590037,1.6886859642851693,1.7581479463391718,True,SOBREVIVE
FS,0.1,roc_168,magnitud,49,2.444963992251294,1.4967702692234268,0.9795918367346939,0.0,0.042231147176434135,1.5471892313785878,1.2937414566877448,2.319368877366836,2.415046704019268,True,SOBREVIVE
FS,0.1,roc_72,magnitud,49,2.43783085917166,1.5173599630695993,0.9795918367346939,0.0,0.04225831575855713,1.5729959154272681,1.3206255367907036,2.277042837059896,2.3791504467246187,True,SOBREVIVE
FS,0.1,turnover,magnitud,49,2.3947139833184785,1.5941576681989371,0.9795918367346939,0.0,0.03459474752611082,1.3834240329036753,1.283464147401062,2.252491663132049,2.346882863097045,True,SOBREVIVE
FS,0.1,vol_24,magnitud,49,2.331255618978564,1.5950419481056628,0.9387755102040817,0.0,0.05963507786538882,1.9849820437163002,1.4807323707297249,2.1564515891490936,2.2739765267939207,True,SOBREVIVE
FS,0.1,atr_24,magnitud,49,2.3189402896386437,1.6530293138696728,0.9591836734693877,0.0,0.06241072445207896,2.0094180267089663,1.499434432732111,2.127304819977426,2.2515768017293087,True,SOBREVIVE
FS,0.1,roc_24,magnitud,49,2.176572454381443,1.4779803473504523,0.9795918367346939,0.0,0.03796426246037407,1.4449338424112166,1.2321953510995216,2.0275197167679773,2.128593886052291,True,SOBREVIVE
FS,0.1,compresion,magnitud,49,2.070893912198813,1.3086939565141793,0.9795918367346939,0.0,0.02634968422327346,1.4806565606540156,1.372886940114073,1.8611840640967479,1.9715973878609392,True,SOBREVIVE
FS,0.1,vol_24 ~ sin roc_24,magnitud,49,1.8625616279648682,1.3802813759468078,0.9387755102040817,0.0,0.05253874580947049,1.8833464159874327,1.4046538615426247,1.6770126984853393,1.7890018689683882,True,SOBREVIVE
FS,0.1,atr_24 ~ sin roc_24,magnitud,49,1.814293651008616,1.4030157434137975,0.8979591836734694,0.0,0.05494288129102408,1.9412073892530273,1.4318945272819161,1.6204712175039542,1.7422439893534016,True,SOBREVIVE
FS,0.1,rango_168,magnitud,49,1.77984709417519,1.4923681286275428,0.9387755102040817,0.0,0.052270710224868476,1.6956805079003034,1.1959588548901956,1.5764742163588268,1.701345680516571,True,SOBREVIVE
FS,0.1,vol_168,magnitud,49,1.7691892700055114,1.4445101216987881,0.9387755102040817,0.0,0.05650516258026429,1.7907188947410617,1.215101370073893,1.5923520395464295,1.7042322537524268,True,SOBREVIVE
FS,0.1,roc_168 ~ sin roc_24,magnitud,49,1.7094556129132505,1.266706273508642,0.9795918367346939,0.0,0.03392219393548805,1.4596449641343583,1.21779583099435,1.6208991177238745,1.6595506494590346,True,SOBREVIVE
FS,0.1,rango_168 ~ sin roc_24,magnitud,49,1.6182236009278361,1.4755026226353847,0.9183673469387755,0.0,0.04902390698714578,1.6524695728398906,1.1905756907824823,1.4696840362774766,1.5733411185910504,True,SOBREVIVE
FS,0.1,vol_168 ~ sin roc_24,magnitud,49,1.6093291253224884,1.4563772324375093,0.9183673469387755,0.0,0.05297824645057108,1.7488704618752715,1.2009426339429656,1.4165187488642657,1.529244304001413,True,SOBREVIVE
FS,0.1,pos_168,magnitud,49,1.585660785492802,1.1928528098581983,0.9795918367346939,0.0,0.017154685699584327,1.1673199196466926,1.103127582491609,1.36051338022059,1.429369656683292,True,SOBREVIVE
FS,0.1,turnover ~ sin roc_24,magnitud,49,1.5726065728195149,1.1510999279290737,0.9591836734693877,0.0,0.027888446052207222,1.348939349917962,1.1840867710426135,1.464750588620705,1.5313673882295482,True,SOBREVIVE
FS,0.1,roc_72 ~ sin roc_24,magnitud,49,1.4464620951124962,1.213958764622354,0.9795918367346939,0.0,0.029428850662831952,1.4435602409410648,1.2159528104696604,1.2918135605576508,1.3875787441466199,True,SOBREVIVE
FS,0.1,compresion ~ sin roc_24,magnitud,49,1.4154817945290716,1.0176098333610255,0.9795918367346939,0.0,0.015885183372653364,1.4177117851276595,1.3236195933150325,1.2480222134774985,1.3158351518419076,True,SOBREVIVE
FS,0.1,desbal_168 ~ sin roc_24,magnitud,49,1.4078060810376123,6.036278996132818,0.8163265306122449,0.0,0.00997910041983516,0.9368795506252772,0.989095677830651,0.2810860672295821,0.6032666912848833,True,SOBREVIVE
FS,0.1,roc_720,magnitud,49,1.2660424038454372,1.3119842557874293,0.8571428571428571,0.0,0.035147152873052624,1.427204235260157,1.0644637325173192,1.104461481573496,1.2144545221581506,True,SOBREVIVE
FS,0.1,dd_720,magnitud,49,1.2132415862308072,1.05204554179155,1.0,0.0,-0.008122005923846374,0.8743429634558028,1.0481298479554897,0.7385892821860249,0.8016429240825146,True,ARTEFACTO DE ESCALA (atr_ratio 0.87)
FS,0.1,dd_168 ~ sin roc_24 [bajo],magnitud,49,1.0608925423958118,1.2033294773702174,0.8571428571428571,0.0,0.038341147947292015,1.4359283329525898,1.0502797450454449,0.9316085323592432,1.0220996751811713,True,SOBREVIVE
FS,0.1,carry_acum ~ sin roc_24 [bajo],magnitud,49,1.026993843766938,1.336415732983372,0.9183673469387755,0.0,0.02480389391825567,1.2991997492686242,1.0907309230084339,0.8946499686745968,0.9738010473163025,True,SOBREVIVE
FS,0.1,ticket_rel,magnitud,49,1.0192363572635637,1.1466415770907408,0.9795918367346939,0.0,0.01008541331440411,1.0587022446443057,1.0567461199344232,0.9466480669469604,1.0074528623935068,True,SOBREVIVE
FS,0.1,carry_acum [bajo],magnitud,49,0.8735742151277042,1.312676677986012,0.8163265306122449,0.0,0.01973462845207764,1.2165547731108304,1.0506751682877766,0.7427914913727386,0.8173484177261372,True,SOBREVIVE
FS,0.1,ticket_rel ~ sin roc_24 [bajo],magnitud,49,0.8717272827241707,5.855495851378857,0.46938775510204084,0.1265,0.011280721662756397,0.9874021069409625,0.9455239894443507,-0.12555029579266794,0.0745432168639285,False,muere en la correccion (FDR q=0.1)
FS,0.1,dd_168,magnitud,49,0.8686589966789475,0.8765495706863828,0.9183673469387755,0.0,-0.012878908239475115,0.8410422151766842,1.0000412320798424,0.38599433858501175,0.43723581336703726,True,ARTEFACTO DE ESCALA (atr_ratio 0.84)
FS,0.1,roc_720 ~ sin roc_24,magnitud,49,0.8219457170950051,1.1795005885872043,0.8367346938775511,0.0,0.03054271925222013,1.3967433935631166,1.0432543491315016,0.7104508342907234,0.8123401246954537,True,SOBREVIVE
FS,0.1,pos_168 ~ sin roc_24,magnitud,49,0.6904036251291767,1.0641174799276845,0.8571428571428571,0.0,0.0038046325181224105,1.0985299959019619,1.0478483973707555,0.49138014982273837,0.5282188025791832,True,SOBREVIVE
FS,0.1,ticket_rel [bajo],magnitud,49,0.6733033615456453,5.909049568639504,0.32653061224489793,0.344,0.008358676964739692,0.980313588277007,0.9333594528454134,-0.35703436838610636,-0.12808635079415853,False,muere en la correccion (FDR q=0.1)
FS,0.1,dd_720 ~ sin roc_24,magnitud,49,0.6314556986782557,0.8681537243209497,0.8367346938775511,0.0,-0.017123197394350097,0.8378051132211422,1.0119008723722662,0.14414022517973565,0.20247591873002374,True,ARTEFACTO DE ESCALA (atr_ratio 0.84)
FS,0.1,pos_168 [bajo],magnitud,49,0.6297368334356561,5.915192068692548,0.40816326530612246,0.366,0.01782764994455082,1.0620652805316977,0.9228965509203078,-0.2622878060521301,-0.15960853995241764,False,muere en la correccion (FDR q=0.1)
FS,0.1,desbal ~ sin roc_24 [bajo],magnitud,49,0.6229057212074209,5.848657005019895,0.32653061224489793,0.367,0.006010984954152454,0.9817865968528047,0.9636066928790765,-0.3071531513625004,-0.17029793308134988,False,muere en la correccion (FDR q=0.1)
FS,0.1,desbal [bajo],magnitud,49,0.6224956880732889,5.846889119937988,0.3673469387755102,0.3675,0.00621380120892105,0.985211343475191,0.9624794115472448,-0.3301124781245181,-0.17662157551854654,False,muere en la correccion (FDR q=0.1)
FS,0.1,desbal_168,magnitud,49,0.6036421322045823,0.6826521238205214,0.8775510204081632,0.0,-0.0034556487575792376,0.9380580845342938,0.9922074942777575,1.1338569844399815,1.1960734791056822,True,ARTEFACTO DE ESCALA (atr_ratio 0.94)
FS,0.1,ticket_rel ~ sin roc_24,magnitud,49,0.5864565233817565,0.9480168442908179,0.9183673469387755,0.0005,0.004139835003330426,1.039890188165146,1.0366377204859734,0.5186370354363437,0.56796529646829,True,SOBREVIVE
FS,0.1,turnover ~ sin roc_24 [bajo],magnitud,49,0.5319687086326672,0.9920362813751976,0.7959183673469388,0.0,0.015495968218160319,1.2210928095531488,1.0467765271510197,0.3399150241620518,0.4306584574262196,True,SOBREVIVE
FS,0.1,carry_acum ~ sin roc_24,magnitud,49,0.5245771331735198,0.9930351141986846,0.6938775510204082,0.0005,0.016563635545628678,1.2124886039344824,1.0343824474063186,0.4361775136440303,0.48918835971599367,True,SOBREVIVE
FS,0.1,dd_168 [bajo],magnitud,49,0.5243185699255031,0.9837569509425954,0.7959183673469388,0.0,0.030465471444484214,1.3854133691397443,1.0264775640150763,0.4041617985074545,0.4639610596683414,True,SOBREVIVE
FS,0.1,n_surge ~ sin roc_24 [bajo],magnitud,49,0.364490310917521,0.8305064833853772,0.7346938775510204,0.0005,0.013814758933225714,1.212527541188709,1.033630249151814,0.2443035700613383,0.2836185668520868,True,SOBREVIVE
FS,0.1,dd_168 ~ sin roc_24,magnitud,49,0.33341596580888977,0.8509613392443147,0.7142857142857143,0.0005,-0.0233191972704665,0.7761712871533071,0.9539579313554474,-0.15702611463452562,-0.10995254589562306,True,ARTEFACTO DE ESCALA (atr_ratio 0.78)
FS,0.1,pos_168 ~ sin roc_24 [bajo],magnitud,49,0.26589334545105003,0.6478652495099516,0.673469387755102,0.0015,0.008723276580475775,1.044233259453945,0.9292510860345405,0.11722402254232817,0.16380098282335068,True,SOBREVIVE
FS,0.1,vol_168 ~ sin roc_24 [bajo],magnitud,49,0.18965822538778734,0.7677878615515021,0.5306122448979592,0.037,-0.03616661543448392,0.6368951118192814,0.9293302229046421,-0.3195687489362787,-0.26047996627855796,False,ARTEFACTO DE ESCALA (atr_ratio 0.64)
FS,0.1,vol_24 ~ sin roc_24 [bajo],magnitud,49,0.1880874530003774,0.7690763306239252,0.5714285714285714,0.034,-0.03051559460638487,0.6487777215466184,0.8766461882434199,-0.30230972294162517,-0.2579871558319096,False,ARTEFACTO DE ESCALA (atr_ratio 0.65)
FS,0.1,compresion ~ sin roc_24 [bajo],magnitud,49,0.18597638893640428,0.6290056853462109,0.6122448979591837,0.0145,0.005282652673079011,0.9773596544621572,0.8626046718598365,-0.023535805781227607,0.043999879406388526,True,concentracion: se cae sin el top-3
FS,0.1,desbal_24,magnitud,49,0.16859824287283923,0.7653696145193841,0.6530612244897959,0.058,-0.006006034714879405,0.9393488869385179,0.9568472297172796,-0.05115123222821326,-0.011254595542446047,False,ARTEFACTO DE ESCALA (atr_ratio 0.94)
FS,0.1,roc_72 ~ sin roc_24 [bajo],magnitud,49,0.14358436627617513,0.9930517303928352,0.6326530612244898,0.1525,0.01568143204063096,1.1977400858898213,0.9850098851358309,0.05749557983323304,0.11250285226710778,False,muere en la correccion (FDR q=0.1)
FS,0.1,atr_24 ~ sin roc_24 [bajo],magnitud,49,0.11375568290469626,0.7234850021306609,0.4489795918367347,0.132,-0.03594838166147669,0.6196178962912099,0.8818316033218834,-0.40652335808869133,-0.3441595874951925,False,ARTEFACTO DE ESCALA (atr_ratio 0.62)
FS,0.1,roc_24 [bajo],magnitud,49,0.08932029308954183,0.8276952752711108,0.6938775510204082,0.2105,0.014426691627812733,1.2700724267923371,1.0332243426979977,0.035830837749717535,0.09162949059205516,False,muere en la correccion (FDR q=0.1)
FS,0.1,desbal_24 ~ sin roc_24,magnitud,49,0.06622743619975965,0.6963643578390201,0.46938775510204084,0.2385,-0.007750465248369351,0.9285698703037649,0.9455976272806901,-0.15818347024306254,-0.12227088981178942,False,ARTEFACTO DE ESCALA (atr_ratio 0.93)
FS,0.1,rango_168 ~ sin roc_24 [bajo],magnitud,49,0.05561289667092613,0.7597916731426211,0.40816326530612246,0.3065,-0.030477322287373567,0.7027516307524767,0.9197349592472238,-0.3888853010356676,-0.3488863688643945,False,ARTEFACTO DE ESCALA (atr_ratio 0.70)
FS,0.1,roc_720 ~ sin roc_24 [bajo],magnitud,49,0.03204566487867429,0.9894564556654982,0.6530612244897959,0.363,0.011515455707370038,1.1433709864661419,0.97058960940853,-0.04456612260422563,-0.0005840521121375457,False,dentro del MDE del azar (±0.126)
FS,0.1,vol_168 [bajo],magnitud,49,0.012612179729451145,0.7462507855953612,0.42857142857142855,0.4555,-0.04001980289785199,0.6216187864798178,0.9128155135238717,-0.51009187785526,-0.43328937827861574,False,ARTEFACTO DE ESCALA (atr_ratio 0.62)
FS,0.1,CONTROL azar 2,magnitud,49,-0.014064060799036,0.7281067606756543,0.4489795918367347,1.0,-0.0009851075585086513,1.003785045108116,0.9733340433668203,-0.07985891240771362,-0.052087747430395355,False,control
FS,0.1,dd_720 ~ sin roc_24 [bajo],magnitud,49,-0.04476759176776173,1.067863072735936,0.5102040816326531,1.0,0.025502632418047188,1.27900401229068,0.9254040153448562,-0.14948506555515798,-0.09238474455160245,False,spread <= 0
FS,0.1,rango_168 [bajo],magnitud,49,-0.059923665314154925,0.7708163053280193,0.3673469387755102,1.0,-0.0359266242425272,0.6546889977794224,0.9064296240781353,-0.5641060836583692,-0.5058907948834195,False,spread <= 0
FS,0.1,CONTROL azar 1,magnitud,49,-0.060213391344177615,0.9101822976623494,0.5306122448979592,1.0,-0.0007128757895038621,1.0004463425878105,0.9718345226091484,-0.06351220126170844,-0.08045727722888996,False,control
FS,0.1,compresion [bajo],magnitud,49,-0.10542196199232111,0.636703263658618,0.4489795918367347,1.0,0.0013187626507426065,0.980362745123427,0.8536173028036906,-0.30676311693556163,-0.25914023572795125,False,spread <= 0
FS,0.1,roc_168 ~ sin roc_24 [bajo],magnitud,49,-0.1249241022391523,0.9587291347699224,0.4489795918367347,1.0,0.013111119267490966,1.172442165260493,0.9546927511700182,-0.2004061473764473,-0.1567107962695204,False,spread <= 0
FS,0.1,atr_24 [bajo],magnitud,49,-0.1482100210583747,0.7495425467011302,0.3877551020408163,1.0,-0.040878580995502664,0.6058840244047438,0.8611825919738236,-0.6370408979408199,-0.5919247853794608,False,spread <= 0
FS,0.1,carry_acum,magnitud,49,-0.15504575689794461,0.97869018599311,0.42857142857142855,1.0,0.0061781949464797935,1.0787082249044724,0.9616411575221997,-0.28093386452820196,-0.2061112153118772,False,spread <= 0
FS,0.1,vol_24 [bajo],magnitud,49,-0.17149976592729224,0.7741380378964481,0.32653061224489793,1.0,-0.0382856344632268,0.6112374151218458,0.8442231834773495,0.2250450430970965,-0.630634966482174,False,spread <= 0
FS,0.1,CONTROL azar 3,magnitud,49,-0.17224766816795797,0.9404365751848942,0.3877551020408163,1.0,-0.0020811187740925907,1.0089918577343897,0.9760383748367041,-0.16728465368545928,-0.1404098639058915,False,control
FS,0.1,roc_72 [bajo],magnitud,49,-0.18155183141793252,0.9176906456499963,0.40816326530612246,1.0,0.011910421811528151,1.16751349287717,0.9567449316847316,-0.1961066356573269,-0.14832086387448523,False,spread <= 0
FS,0.1,desbal,magnitud,49,-0.18488068431339827,0.9768469708616132,0.42857142857142855,1.0,-0.006902153871043412,0.9493267697462032,0.9438264235287596,-0.27663239156577024,-0.24085651175962017,False,spread <= 0
FS,0.1,desbal_24 ~ sin roc_24 [bajo],magnitud,49,-0.2051171497727473,0.9303291171955699,0.3673469387755102,1.0,-0.002565795461192322,1.0139752043706838,0.9515773796941474,-0.2538436422024269,-0.21938986962395768,False,spread <= 0
FS,0.1,desbal ~ sin roc_24,magnitud,49,-0.23266628554792884,0.9618029114794772,0.40816326530612246,1.0,-0.007545012622025023,0.9462771693967883,0.9388559946092454,-0.3318633842303833,-0.284406151726207,False,spread <= 0
FS,0.1,roc_720 [bajo],magnitud,49,-0.2810779217640153,0.990748909442377,0.3469387755102041,1.0,0.008494560289904201,1.1223369562916181,0.9514574292200888,-0.3249860974503249,-0.2966444172488136,False,spread <= 0
FS,0.1,dd_720 [bajo],magnitud,49,-0.2815879563729435,0.9604934737655676,0.3673469387755102,1.0,0.02259466011671683,1.2716880175017535,0.9203635134645465,-0.3605524022945317,-0.3213458717463347,False,spread <= 0
FS,0.1,desbal_168 ~ sin roc_24 [bajo],magnitud,49,-0.3586300074189166,0.9948483290600244,0.30612244897959184,1.0,0.0030043221748089597,1.0726494553149253,0.9370043978443048,-0.4224862512273153,-0.395298646632912,False,spread <= 0
FS,0.1,desbal_168 [bajo],magnitud,49,-0.4239826922478126,1.0562724353613622,0.22448979591836735,1.0,0.002170223115230682,1.0740584736581382,0.9345402065201256,-0.5022735740104349,-0.4626906096103714,False,spread <= 0
FS,0.1,desbal_24 [bajo],magnitud,49,-0.4580441017075573,0.9868668587789539,0.12244897959183673,1.0,-0.005751756404622466,1.0138672711593122,0.9431929401873855,-0.5367093432903268,-0.4883815722825989,False,spread <= 0
FS,0.1,roc_168 [bajo],magnitud,49,-0.4590663386403925,1.032757083870953,0.2857142857142857,1.0,0.008702098853609527,1.1366826067053852,0.9301847286006752,-0.496095151051174,-0.49181515023849615,False,spread <= 0
FS,0.1,turnover [bajo],magnitud,49,-0.531021127582076,1.0463332730784156,0.12244897959183673,1.0,0.0005865524233238828,1.0359856720061542,0.9018449103836823,-0.6513206797108351,-0.5714692643957053,False,spread <= 0
FS,0.1,n_surge [bajo],magnitud,49,-0.6626479944878166,0.9095470211557434,0.08163265306122448,1.0,0.0009238539399396803,1.039949250079134,0.8952790655138252,-0.6690463235607856,-0.6353837809221421,False,spread <= 0
FS,0.5,roc_720 ~ sin roc_24 [bajo],corto,49,-0.2550197412514965,0.3850049197306741,0.24489795918367346,1.0,-0.0037806278525804402,1.1433709864661419,0.97058960940853,-0.27212454552140075,-0.261855762973322,False,spread <= 0
FS,0.5,dd_720 [bajo],corto,49,-0.2555591326242599,0.3492161677361039,0.1836734693877551,1.0,-0.0039801727352800015,1.2716880175017535,0.9203635134645465,-0.28241029892564723,-0.2640961956864247,False,spread <= 0
FS,0.5,dd_720 ~ sin roc_24 [bajo],corto,49,-0.2680516562958483,0.371892738732557,0.16326530612244897,1.0,-0.0041950611150895056,1.27900401229068,0.9254040153448562,-0.296548595494528,-0.2795159198683632,False,spread <= 0
FS,0.5,roc_168 ~ sin roc_24 [bajo],corto,49,-0.2780558964112263,0.3582819405750937,0.16326530612244897,1.0,-0.0037354346044960484,1.172442165260493,0.9546927511700182,-0.28554443449957184,-0.28346311115815875,False,spread <= 0
FS,0.5,dd_168 [bajo],corto,49,-0.2906724626291848,0.45488385517533175,0.22448979591836735,1.0,-0.004785524988149925,1.3854133691397443,1.0264775640150763,-0.31993577110024035,-0.3004891845891221,False,spread <= 0
FS,0.5,roc_720 [bajo],corto,49,-0.29209547849358164,0.3081260747071509,0.14285714285714285,1.0,-0.004376926282147461,1.1223369562916181,0.9514574292200888,-0.3207151994478516,-0.29660647693533704,False,spread <= 0
FS,0.5,roc_168 [bajo],corto,49,-0.30094984556080173,0.30207736477992697,0.12244897959183673,1.0,-0.004238648477322161,1.1366826067053852,0.9301847286006752,-0.3164771391834186,-0.30223239715120614,False,spread <= 0
FS,0.5,desbal_168 [bajo],corto,49,-0.31360268693333976,0.30284320510828305,0.10204081632653061,1.0,-0.004520010842290991,1.0740584736581382,0.9345402065201256,-0.32771840250411816,-0.31743903614763297,False,spread <= 0
FS,0.5,desbal_168 ~ sin roc_24 [bajo],corto,49,-0.3305847493935829,0.3067624306259766,0.10204081632653061,1.0,-0.004906106392589929,1.0726494553149253,0.9370043978443048,-0.3567982898605628,-0.3381416485921526,False,spread <= 0
FS,0.5,roc_72 ~ sin roc_24 [bajo],corto,49,-0.3307649640467689,0.4659930068721918,0.1836734693877551,1.0,-0.004896946415894622,1.1977400858898213,0.9850098851358309,-0.3554246903794293,-0.33864769304848474,False,spread <= 0
FS,0.5,carry_acum ~ sin roc_24,corto,49,-0.3340511401974768,0.4383783963260896,0.1836734693877551,1.0,-0.005365021276508367,1.2124886039344824,1.0343824474063186,-0.38806327438575805,-0.34705841757116557,False,spread <= 0
FS,0.5,desbal_24 [bajo],corto,49,-0.34310057730240234,0.2990340818725955,0.061224489795918366,1.0,-0.00446401258148179,1.0138672711593122,0.9431929401873855,-0.3529716608110642,-0.34672689355586894,False,spread <= 0
FS,0.5,dd_168 ~ sin roc_24 [bajo],corto,49,-0.3510763215411818,0.45940650638653563,0.1836734693877551,1.0,-0.005378448908829603,1.4359283329525898,1.0502797450454449,-0.3971618506468295,-0.3641125078854313,False,spread <= 0
FS,0.5,carry_acum,corto,49,-0.3521836981709003,0.36202047286650046,0.14285714285714285,1.0,-0.005396258643699201,1.0787082249044724,0.9616411575221997,-0.37411823591281185,-0.36368012167307945,False,spread <= 0
FS,0.5,CONTROL azar 3,corto,49,-0.36704161039846145,0.293083644267382,0.12244897959183673,1.0,-0.004853814153240631,1.0089918577343897,0.9760383748367041,-0.3921526726829699,-0.38055603509080904,False,control
FS,0.5,CONTROL azar 2,corto,49,-0.3679065869233794,0.26238997573177997,0.08163265306122448,1.0,-0.005105844224597199,1.003785045108116,0.9733340433668203,-0.3848879884907959,-0.37676844937289866,False,control
FS,0.5,CONTROL azar 1,corto,49,-0.36910886279359373,0.3556568458631624,0.12244897959183673,1.0,-0.00556230968496097,1.0004463425878105,0.9718345226091484,-0.3872615167441556,-0.37706281620380233,False,control
FS,0.5,desbal_24 ~ sin roc_24 [bajo],corto,49,-0.3694166551310691,0.3800692831344869,0.16326530612244897,1.0,-0.004831855922264451,1.0139752043706838,0.9515773796941474,-0.3963958997209295,-0.3873866447421787,False,spread <= 0
FS,0.5,roc_72 [bajo],corto,49,-0.37215929748478255,0.3926865596897769,0.14285714285714285,1.0,-0.005843971162990879,1.16751349287717,0.9567449316847316,-0.3829720870657253,-0.38345302684559496,False,spread <= 0
FS,0.5,roc_24 [bajo],corto,49,-0.3817503642611525,0.4224092057484069,0.20408163265306123,1.0,-0.005838611230162137,1.2700724267923371,1.0332243426979977,-0.4062346788938192,-0.3946254904157453,False,spread <= 0
FS,0.5,n_surge [bajo],corto,49,-0.39278872692264954,0.27332840421198146,0.02040816326530612,1.0,-0.005597259303978811,1.039949250079134,0.8952790655138252,-0.42010245215488684,-0.40655761880042557,False,spread <= 0
FS,0.5,compresion ~ sin roc_24,corto,49,-0.39695290438718034,0.48597324084886995,0.1836734693877551,1.0,-0.005126617156348315,1.4177117851276595,1.3236195933150325,-0.4293601948893655,-0.41302640493713444,False,spread <= 0
FS,0.5,vol_168,corto,49,-0.3972618210966615,0.6010500424341988,0.2653061224489796,1.0,-0.006374014102067234,1.7907188947410617,1.215101370073893,-0.4237999789458798,-0.4115846152094207,False,spread <= 0
FS,0.5,vol_24,corto,49,-0.39838774208743,0.5152705608902207,0.22448979591836735,1.0,-0.005637567959947237,1.9849820437163002,1.4807323707297249,-0.4395362520747898,-0.4113471772762174,False,spread <= 0
FS,0.5,pos_168 [bajo],corto,49,-0.40006787081314454,0.3841732092379295,0.12244897959183673,1.0,-0.005249730084878106,1.0620652805316977,0.9228965509203078,-0.4201638167416995,-0.4090721114181335,False,spread <= 0
FS,0.5,compresion [bajo],corto,49,-0.40213486996726105,0.4015333005778882,0.14285714285714285,1.0,-0.005959920038736884,0.980362745123427,0.8536173028036906,-0.42801832806454343,-0.41462156387067134,False,spread <= 0
FS,0.5,atr_24,corto,49,-0.4033820001144147,0.5187366735265989,0.22448979591836735,1.0,-0.006027991607319838,2.0094180267089663,1.499434432732111,-0.44201444083440083,-0.4236580926915588,False,spread <= 0
FS,0.5,desbal,corto,49,-0.40734965703246756,0.34995061238351394,0.12244897959183673,1.0,-0.004487678778881775,0.9493267697462032,0.9438264235287596,-0.42631153633501956,-0.41397147427355707,False,spread <= 0
FS,0.5,n_surge ~ sin roc_24 [bajo],corto,49,-0.41040155820727414,0.38851515601906655,0.12244897959183673,1.0,-0.0055212279542978075,1.212527541188709,1.033630249151814,-0.4359646547167635,-0.4169336318092557,False,spread <= 0
FS,0.5,turnover [bajo],corto,49,-0.41210898379847327,0.3586244508619821,0.16326530612244897,1.0,-0.005804510329401004,1.0359856720061542,0.9018449103836823,-0.43351976912680645,-0.4178024127926117,False,spread <= 0
FS,0.5,ticket_rel ~ sin roc_24,corto,49,-0.4139082837073626,0.34402214340042353,0.061224489795918366,1.0,-0.005211745683536831,1.039890188165146,1.0366377204859734,-0.43532849761296194,-0.41377141871029405,False,spread <= 0
FS,0.5,compresion ~ sin roc_24 [bajo],corto,49,-0.4169366720990518,0.3987383469563006,0.14285714285714285,1.0,-0.006138000085576461,0.9773596544621572,0.8626046718598365,-0.44345130176433195,-0.43116163914828853,False,spread <= 0
FS,0.5,rango_168,corto,49,-0.41704703844329766,0.49034533487908294,0.08163265306122448,1.0,-0.006485127450874511,1.6956805079003034,1.1959588548901956,-0.45192959184387743,-0.43067623152675283,False,spread <= 0
FS,0.5,roc_72,corto,49,-0.41865402241566935,0.5463791114686338,0.2653061224489796,1.0,-0.005303837321549516,1.5729959154272681,1.3206255367907036,-0.4417093396749072,-0.42663539848443366,False,spread <= 0
FS,0.5,turnover ~ sin roc_24 [bajo],corto,49,-0.41947812443546834,0.38746699673693186,0.12244897959183673,1.0,-0.005526966136601463,1.2210928095531488,1.0467765271510197,-0.44347954364582987,-0.42636354352001293,False,spread <= 0
FS,0.5,desbal ~ sin roc_24,corto,49,-0.42161882903675446,0.3357329677209098,0.10204081632653061,1.0,-0.0047093625886324405,0.9462771693967883,0.9388559946092454,-0.44636666389081725,-0.42987815045772176,False,spread <= 0
FS,0.5,rango_168 ~ sin roc_24,corto,49,-0.4231517411529464,0.5313434977652317,0.20408163265306123,1.0,-0.006521851123507294,1.6524695728398906,1.1905756907824823,-0.448223953329696,-0.43103804078854224,False,spread <= 0
FS,0.5,ticket_rel,corto,49,-0.4235933805891039,0.4455857787171724,0.12244897959183673,1.0,-0.005202415897568105,1.0587022446443057,1.0567461199344232,-0.4437364772160879,-0.43457901374146246,False,spread <= 0
FS,0.5,atr_24 ~ sin roc_24,corto,49,-0.4241986100580819,0.5575586099019746,0.22448979591836735,1.0,-0.006466870545222739,1.9412073892530273,1.4318945272819161,-0.44947940657997515,-0.43260312766261017,False,spread <= 0
FS,0.5,pos_168 ~ sin roc_24 [bajo],corto,49,-0.4275217625111727,0.4261788286354782,0.14285714285714285,1.0,-0.0055202070862917655,1.044233259453945,0.9292510860345405,-0.45068182753072894,-0.43872237259926866,False,spread <= 0
FS,0.5,ticket_rel [bajo],corto,49,-0.42840848180183266,0.38121387166465187,0.20408163265306123,1.0,-0.005381497008131383,0.980313588277007,0.9333594528454134,-0.4401918278307898,-0.4352589978276953,False,spread <= 0
FS,0.5,ticket_rel ~ sin roc_24 [bajo],corto,49,-0.43339929260098053,0.3967343356731646,0.12244897959183673,1.0,-0.005556258452770127,0.9874021069409625,0.9455239894443507,-0.4722346592943379,-0.4470549634227828,False,spread <= 0
FS,0.5,roc_720 ~ sin roc_24,corto,49,-0.4447717420690815,0.5269178176008739,0.1836734693877551,1.0,-0.006317033951679211,1.3967433935631166,1.0432543491315016,-0.46703381098007013,-0.4577086149364516,False,spread <= 0
FS,0.5,vol_168 ~ sin roc_24,corto,49,-0.4465590465859354,0.5991604801217527,0.2857142857142857,1.0,-0.006849361373224351,1.7488704618752715,1.2009426339429656,-0.48376133670916843,-0.45824803065429903,False,spread <= 0
FS,0.5,roc_24,corto,49,-0.4484783529387551,0.5265294409352677,0.1836734693877551,1.0,-0.005810043124455925,1.4449338424112166,1.2321953510995216,-0.46774012116286506,-0.45625927294146884,False,spread <= 0
FS,0.5,desbal [bajo],corto,49,-0.4518849693257368,0.305179370794089,0.04081632653061224,1.0,-0.005880352154536444,0.985211343475191,0.9624794115472448,-0.4584577245235956,-0.4549786080093827,False,spread <= 0
FS,0.5,vol_24 ~ sin roc_24,corto,49,-0.4542054416448017,0.5226182505818008,0.22448979591836735,1.0,-0.006482069945510585,1.8833464159874327,1.4046538615426247,-0.4733353026148833,-0.4650120196440024,False,spread <= 0
FS,0.5,desbal ~ sin roc_24 [bajo],corto,49,-0.4549258224145582,0.29958248488465944,0.061224489795918366,1.0,-0.005822692090718266,0.9817865968528047,0.9636066928790765,-0.4787099057678884,-0.4601600636530967,False,spread <= 0
FS,0.5,compresion,corto,49,-0.4563385053693398,0.486911631443088,0.14285714285714285,1.0,-0.00581555427526128,1.4806565606540156,1.372886940114073,-0.47976412425166287,-0.46572196316481296,False,spread <= 0
FS,0.5,pos_168 ~ sin roc_24,corto,49,-0.4580796924249315,0.47471624123494227,0.14285714285714285,1.0,-0.006210488202219828,1.0985299959019619,1.0478483973707555,-0.4873595171735883,-0.4700003417964034,False,spread <= 0
FS,0.5,n_surge ~ sin roc_24,corto,49,-0.4731621182721763,0.47517059867194134,0.16326530612244897,1.0,-0.006494218433464162,1.360220864621777,1.1973693045590037,-0.4952136885332775,-0.4836823493158489,False,spread <= 0
FS,0.5,turnover,corto,49,-0.47673133243593496,0.5657189179577753,0.22448979591836735,1.0,-0.0060131436743302525,1.3834240329036753,1.283464147401062,-0.5092205708310972,-0.4887406034399284,False,spread <= 0
FS,0.5,desbal_24,corto,49,-0.48179943934650094,0.3084947037456384,0.04081632653061224,1.0,-0.00587790518068138,0.9393488869385179,0.9568472297172796,-0.4895168109128166,-0.4859156977010929,False,spread <= 0
FS,0.5,turnover ~ sin roc_24,corto,49,-0.4824226481215216,0.41774894859927797,0.10204081632653061,1.0,-0.006658020573694889,1.348939349917962,1.1840867710426135,-0.5081956797114741,-0.4866264052626335,False,spread <= 0
FS,0.5,n_surge,corto,49,-0.4831331855630476,0.6436055242688231,0.22448979591836735,1.0,-0.006529614973943709,1.4196057228962602,1.3071975330329881,-0.5243954620461833,-0.5029178324980517,False,spread <= 0
FS,0.5,desbal_168 ~ sin roc_24,corto,49,-0.48358271051387286,0.4354391196922461,0.10204081632653061,1.0,-0.005477690642713632,0.9368795506252772,0.989095677830651,-0.5061340263779581,-0.50372696675346,False,spread <= 0
FS,0.5,carry_acum [bajo],corto,49,-0.49235657954202433,0.46704559605376483,0.10204081632653061,1.0,-0.006619945342801531,1.2165547731108304,1.0506751682877766,-0.5101221407972127,-0.49774986155308076,False,spread <= 0
FS,0.5,roc_720,corto,49,-0.4934795310122074,0.5207668399073618,0.16326530612244897,1.0,-0.0069402310386735945,1.427204235260157,1.0644637325173192,-0.5173799536036203,-0.49859592717101414,False,spread <= 0
FS,0.5,desbal_24 ~ sin roc_24,corto,49,-0.49522037260995755,0.3046810990357885,0.02040816326530612,1.0,-0.005980916259822896,0.9285698703037649,0.9455976272806901,-0.49645497886150813,-0.49030396136566834,False,spread <= 0
FS,0.5,roc_72 ~ sin roc_24,corto,49,-0.5051688198437964,0.5365654461541361,0.1836734693877551,1.0,-0.0066179976467817415,1.4435602409410648,1.2159528104696604,-0.563614862144628,-0.5166458385226369,False,spread <= 0
FS,0.5,carry_acum ~ sin roc_24 [bajo],corto,49,-0.5172378210118451,0.4360787154530156,0.12244897959183673,1.0,-0.007245896154934121,1.2991997492686242,1.0907309230084339,-0.5392655353829673,-0.5195765676922321,False,spread <= 0
FS,0.5,desbal_168,corto,49,-0.5206840256762356,0.43397724379123714,0.061224489795918366,1.0,-0.00607133704195499,0.9380580845342938,0.9922074942777575,-0.5290278277206315,-0.5431477112474312,False,spread <= 0
FS,0.5,pos_168,corto,49,-0.5356998698095615,0.5423294574423239,0.14285714285714285,1.0,-0.0071406257011983505,1.1673199196466926,1.103127582491609,-0.5710547904208875,-0.5511109459068916,False,spread <= 0
FS,0.5,roc_168 ~ sin roc_24,corto,49,-0.5652123085243035,0.4877627279716649,0.12244897959183673,1.0,-0.007925803199791876,1.4596449641343583,1.21779583099435,-0.6172664656896946,-0.5762358316319721,False,spread <= 0
FS,0.5,roc_168,corto,49,-0.5693699983407651,0.4792059979261892,0.02040816326530612,1.0,-0.007744395090033778,1.5471892313785878,1.2937414566877448,-0.6246161190939675,-0.5829665672830477,False,spread <= 0
FS,0.5,dd_168 ~ sin roc_24,corto,49,-0.5877587808300874,0.5045608507759488,0.14285714285714285,1.0,-0.005658707063767079,0.7761712871533071,0.9539579313554474,-0.5970241547660317,-0.5929927790562181,False,spread <= 0
FS,0.5,vol_24 [bajo],corto,49,-0.6291464372848307,0.49222513726277195,0.061224489795918366,1.0,-0.005512457125259499,0.6112374151218458,0.8442231834773495,-0.6378189611709146,-0.6345315766068602,False,spread <= 0
FS,0.5,atr_24 ~ sin roc_24 [bajo],corto,49,-0.6318136592627223,0.48093362610147605,0.04081632653061224,1.0,-0.00541910473477799,0.6196178962912099,0.8818316033218834,-0.6425037297156466,-0.6362534381993357,False,spread <= 0
FS,0.5,vol_168 ~ sin roc_24 [bajo],corto,49,-0.6360976953217059,0.4560049039566734,0.10204081632653061,1.0,-0.005405121432924135,0.6368951118192814,0.9293302229046421,-0.6387852505733099,-0.625958291217177,False,spread <= 0
FS,0.5,atr_24 [bajo],corto,49,-0.6491658837715226,0.47319443929114313,0.061224489795918366,1.0,-0.005557236770850286,0.6058840244047438,0.8611825919738236,-0.6373255427942215,-0.6557448134743802,False,spread <= 0
FS,0.5,vol_168 [bajo],corto,49,-0.6561551789418808,0.4565015531133049,0.08163265306122448,1.0,-0.005598739380729312,0.6216187864798178,0.9128155135238717,-0.6424911187013349,-0.6622585560459966,False,spread <= 0
FS,0.5,rango_168 [bajo],corto,49,-0.6570942583634105,0.479510558943619,0.061224489795918366,1.0,-0.0058322278056080114,0.6546889977794224,0.9064296240781353,-0.6647119820006403,-0.6685068298475093,False,spread <= 0
FS,0.5,vol_24 ~ sin roc_24 [bajo],corto,49,-0.6633144639504475,0.47043767624825766,0.061224489795918366,1.0,-0.006244481972838874,0.6487777215466184,0.8766461882434199,-0.6799669244725477,-0.6686532070105755,False,spread <= 0
FS,0.5,rango_168 ~ sin roc_24 [bajo],corto,49,-0.6636069703621912,0.47078767024832746,0.04081632653061224,1.0,-0.006230416338780852,0.7027516307524767,0.9197349592472238,-0.6562665705812099,-0.6646188563260694,False,spread <= 0
FS,0.5,dd_168,corto,49,-0.6683095968084105,0.5926679938563395,0.04081632653061224,1.0,-0.006977131938429183,0.8410422151766842,1.0000412320798424,-0.6788858202380174,-0.673539129959588,False,spread <= 0
FS,0.5,dd_720 ~ sin roc_24,corto,49,-0.7052272798629573,0.519009666830945,0.10204081632653061,1.0,-0.007091707900316567,0.8378051132211422,1.0119008723722662,-0.7006021697321462,-0.6981413411339114,False,spread <= 0
FS,0.5,dd_720,corto,49,-0.7344350381278228,0.6591391861762372,0.10204081632653061,1.0,-0.00764423832307513,0.8743429634558028,1.0481298479554897,-0.7523146941817143,-0.742518517620531,False,spread <= 0
FS,0.5,roc_168 ~ sin roc_24,largo,49,-0.10171180284650014,0.4628856819430614,0.40816326530612246,1.0,-0.002074196800208125,1.4596449641343583,1.21779583099435,-0.1467225929240152,-0.10907088058295433,False,spread <= 0
FS,0.5,roc_168,largo,49,-0.10238386370255026,0.4692389868425794,0.3673469387755102,1.0,-0.002255604909966223,1.5471892313785878,1.2937414566877448,-0.17330002517831888,-0.13590259143849148,False,spread <= 0
FS,0.5,roc_720,largo,49,-0.11323113353700003,0.5114332378706123,0.3673469387755102,1.0,-0.0030597689613264065,1.427204235260157,1.0644637325173192,-0.14940230361452722,-0.13021371882181929,False,spread <= 0
FS,0.5,vol_168 ~ sin roc_24,largo,49,-0.11539465663189231,0.5927488461268118,0.40816326530612246,1.0,-0.0031506386267756486,1.7488704618752715,1.2009426339429656,-0.18130240369175374,-0.1374926127428118,False,spread <= 0
FS,0.5,vol_24 ~ sin roc_24,largo,49,-0.1316080533311072,0.509530191997798,0.4489795918367347,1.0,-0.0035179300544894154,1.8833464159874327,1.4046538615426247,-0.1992712393668626,-0.15018640549063536,False,spread <= 0
FS,0.5,atr_24 ~ sin roc_24,largo,49,-0.1437713103209798,0.5506959974797804,0.3469387755102041,1.0,-0.0035331294547772604,1.9412073892530273,1.4318945272819161,-0.2301674971234297,-0.18256701775470954,False,spread <= 0
FS,0.5,roc_720 ~ sin roc_24,largo,49,-0.15737853106552857,0.5142958394839162,0.3673469387755102,1.0,-0.0036829660483207885,1.3967433935631166,1.0432543491315016,-0.22533601799024378,-0.17950925099419743,False,spread <= 0
FS,0.5,vol_168,largo,49,-0.15967211586826008,0.6046735095277347,0.3877551020408163,1.0,-0.003625985897932766,1.7907188947410617,1.215101370073893,-0.23425087126439917,-0.18316746302471615,False,spread <= 0
FS,0.5,carry_acum ~ sin roc_24 [bajo],largo,49,-0.1607971313077387,0.4418019196861292,0.30612244897959184,1.0,-0.002754103845065879,1.2991997492686242,1.0907309230084339,-0.2308855404830124,-0.1870256729933344,False,spread <= 0
FS,0.5,roc_72 ~ sin roc_24,largo,49,-0.1626977482635821,0.5137646689834676,0.40816326530612246,1.0,-0.0033820023532182587,1.4435602409410648,1.2159528104696604,-0.2212285950211335,-0.1879025616181835,False,spread <= 0
FS,0.5,rango_168 ~ sin roc_24,largo,49,-0.16593388416513416,0.5286515175075369,0.24489795918367346,1.0,-0.003478148876492705,1.6524695728398906,1.1905756907824823,-0.21822353055721114,-0.17941989146836948,False,spread <= 0
FS,0.5,atr_24,largo,49,-0.16605560138985642,0.5116477014905542,0.32653061224489793,1.0,-0.003972008392680161,2.0094180267089663,1.499434432732111,-0.2331721774728185,-0.18944298462813766,False,spread <= 0
FS,0.5,rango_168,largo,49,-0.16848336003090458,0.49762223380041154,0.2857142857142857,1.0,-0.003514872549125487,1.6956805079003034,1.1959588548901956,-0.23515489545562027,-0.1864261842814804,False,spread <= 0
FS,0.5,dd_720,largo,49,-0.1746559077710244,0.6225337431016182,0.2857142857142857,1.0,-0.002355761676924871,0.8743429634558028,1.0481298479554897,-0.27844308669815315,-0.2541415603294193,False,spread <= 0
FS,0.5,vol_24,largo,49,-0.18955662566473655,0.5105345480354947,0.3469387755102041,1.0,-0.004362432040052763,1.9849820437163002,1.4807323707297249,-0.24274527298217546,-0.19822369778397256,False,spread <= 0
FS,0.5,carry_acum [bajo],largo,49,-0.20143265721959855,0.4723046200859407,0.2857142857142857,1.0,-0.0033800546571984688,1.2165547731108304,1.0506751682877766,-0.26678875080980163,-0.2147155433583452,False,spread <= 0
FS,0.5,pos_168,largo,49,-0.20615189465071554,0.5412134540076702,0.2653061224489796,1.0,-0.0028593742988016514,1.1673199196466926,1.103127582491609,-0.28408437072654996,-0.2351865540521234,False,spread <= 0
FS,0.5,turnover ~ sin roc_24,largo,49,-0.21192408105316465,0.40427004715598014,0.22448979591836735,1.0,-0.0033419794263051107,1.348939349917962,1.1840867710426135,-0.26156492595443714,-0.23380421785779007,False,spread <= 0
FS,0.5,dd_720 ~ sin roc_24,largo,49,-0.21314766400488827,0.4814200228922966,0.2857142857142857,1.0,-0.0029082920996834336,0.8378051132211422,1.0119008723722662,-0.375886405789465,-0.3358368262265823,False,spread <= 0
FS,0.5,n_surge ~ sin roc_24,largo,49,-0.224042724692827,0.45839860950426004,0.32653061224489793,1.0,-0.0035057815665358373,1.360220864621777,1.1973693045590037,-0.2734743623510305,-0.2341019966804898,False,spread <= 0
FS,0.5,roc_24,largo,49,-0.2273808074622953,0.5073716079929471,0.2653061224489796,1.0,-0.0041899568755440755,1.4449338424112166,1.2321953510995216,-0.29008731935716786,-0.23445955605106644,False,spread <= 0
FS,0.5,n_surge,largo,49,-0.239290242009843,0.6225604541089149,0.2857142857142857,1.0,-0.0034703850260562907,1.4196057228962602,1.3071975330329881,-0.2873930777462555,-0.259308477100758,False,spread <= 0
FS,0.5,turnover ~ sin roc_24 [bajo],largo,49,-0.24409131579149224,0.3763395755792447,0.20408163265306123,1.0,-0.004473033863398537,1.2210928095531488,1.0467765271510197,-0.2931582407012456,-0.2553209748242729,False,spread <= 0
FS,0.5,dd_168,largo,49,-0.2451907429969487,0.5816329974608706,0.2857142857142857,1.0,-0.003022868061570817,0.8410422151766842,1.0000412320798424,-0.3656455919885577,-0.350994279633753,False,spread <= 0
FS,0.5,dd_168 ~ sin roc_24 [bajo],largo,49,-0.24674658372103453,0.4558517365400786,0.22448979591836735,1.0,-0.004621551091170398,1.4359283329525898,1.0502797450454449,-0.3119544059508836,-0.2686682802659463,False,spread <= 0
FS,0.5,turnover,largo,49,-0.24708285593000012,0.5500901013466968,0.2857142857142857,1.0,-0.003986856325669748,1.3834240329036753,1.283464147401062,-0.3224753683730799,-0.26776910359063333,False,spread <= 0
FS,0.5,n_surge ~ sin roc_24 [bajo],largo,49,-0.2504483546581985,0.3731270534514092,0.22448979591836735,1.0,-0.004478772045702193,1.212527541188709,1.033630249151814,-0.29437725434992135,-0.2632028721958077,False,spread <= 0
FS,0.5,turnover [bajo],largo,49,-0.2526210076549623,0.3663792794952376,0.2653061224489796,1.0,-0.004195489670598996,1.0359856720061542,0.9018449103836823,-0.3001082324741098,-0.2724616195142538,False,spread <= 0
FS,0.5,pos_168 ~ sin roc_24 [bajo],largo,49,-0.253554163381484,0.43884565111214363,0.24489795918367346,1.0,-0.004479792913708236,1.044233259453945,0.9292510860345405,-0.32139442505234506,-0.30113371420477963,False,spread <= 0
FS,0.5,roc_72,largo,49,-0.2547678608811936,0.5379984584598952,0.30612244897959184,1.0,-0.004696162678450484,1.5729959154272681,1.3206255367907036,-0.3118513812835218,-0.26340488316675453,False,spread <= 0
FS,0.5,roc_24 [bajo],largo,49,-0.2571130511367719,0.4163763821965023,0.2653061224489796,1.0,-0.004161388769837863,1.2700724267923371,1.0332243426979977,-0.2926490020805992,-0.2727486878133182,False,spread <= 0
FS,0.5,roc_72 [bajo],largo,49,-0.2613251934717254,0.39928489755879215,0.22448979591836735,1.0,-0.004156028837009122,1.16751349287717,0.9567449316847316,-0.2971818208749683,-0.2769491288886864,False,spread <= 0
FS,0.5,n_surge [bajo],largo,49,-0.26610099513983715,0.2787597943058209,0.14285714285714285,1.0,-0.004402740696021189,1.039949250079134,0.8952790655138252,-0.30341953505296765,-0.2793072656475248,False,spread <= 0
FS,0.5,pos_168 [bajo],largo,49,-0.2662052408579174,0.38330864438714135,0.24489795918367346,1.0,-0.004750269915121895,1.0620652805316977,0.9228965509203078,-0.33641571004947185,-0.3138134952227581,False,spread <= 0
FS,0.5,compresion,largo,49,-0.27332310755052713,0.47478977173869436,0.22448979591836735,1.0,-0.0041844457247387215,1.4806565606540156,1.372886940114073,-0.3305551827411379,-0.29095711088989007,False,spread <= 0
FS,0.5,desbal_24 ~ sin roc_24,largo,49,-0.27610943009316413,0.31187028231202235,0.1836734693877551,1.0,-0.004019083740177103,0.9285698703037649,0.9455976272806901,-0.36555942657335266,-0.33990062223137246,False,spread <= 0
FS,0.5,desbal_168,largo,49,-0.2766996659612651,0.4419420327879082,0.24489795918367346,1.0,-0.00392866295804501,0.9380580845342938,0.9922074942777575,-0.40862719959623917,-0.3531843724190468,False,spread <= 0
FS,0.5,compresion ~ sin roc_24 [bajo],largo,49,-0.2768747776118208,0.4149288407823719,0.20408163265306123,1.0,-0.0038619999144235387,0.9773596544621572,0.8626046718598365,-0.31513707060534185,-0.2908532658543176,False,spread <= 0
FS,0.5,compresion [bajo],largo,49,-0.283568836983042,0.4180579116427995,0.22448979591836735,1.0,-0.004040079961263116,0.980362745123427,0.8536173028036906,-0.31135718815309543,-0.3012265579604523,False,spread <= 0
FS,0.5,desbal_24,largo,49,-0.2876991937470696,0.3170644185194307,0.20408163265306123,1.0,-0.00412209481931862,0.9393488869385179,0.9568472297172796,-0.3585680934486982,-0.34341732768306327,False,spread <= 0
FS,0.5,pos_168 ~ sin roc_24,largo,49,-0.2896404881058637,0.4919691244189302,0.2653061224489796,1.0,-0.0037895117977801737,1.0985299959019619,1.0478483973707555,-0.30402580332075296,-0.3042768758379056,False,spread <= 0
FS,0.5,ticket_rel ~ sin roc_24 [bajo],largo,49,-0.29028108514872647,0.4047253337679247,0.24489795918367346,1.0,-0.004443741547229874,0.9874021069409625,0.9455239894443507,-0.30695754619180343,-0.3016442564249049,False,spread <= 0
FS,0.5,desbal ~ sin roc_24 [bajo],largo,49,-0.29101598284008356,0.2897007615973727,0.08163265306122448,1.0,-0.004177307909281733,0.9817865968528047,0.9636066928790765,-0.34936123893785836,-0.3194777112531055,False,spread <= 0
FS,0.5,desbal [bajo],largo,49,-0.29116859062903033,0.30371120174069427,0.08163265306122448,1.0,-0.0041196478454635565,0.985211343475191,0.9624794115472448,-0.34693082526863417,-0.3127664103234787,False,spread <= 0
FS,0.5,ticket_rel [bajo],largo,49,-0.295842708675728,0.3818126350226674,0.20408163265306123,1.0,-0.004618502991868616,0.980313588277007,0.9333594528454134,-0.3652862875713422,-0.3316094882021457,False,spread <= 0
FS,0.5,dd_720 ~ sin roc_24 [bajo],largo,49,-0.29739762752597654,0.3838242135211389,0.24489795918367346,1.0,-0.005804938884910494,1.27900401229068,0.9254040153448562,-0.3393384216497009,-0.31081181229360655,False,spread <= 0
FS,0.5,roc_72 ~ sin roc_24 [bajo],largo,49,-0.3073725736973181,0.462649170133774,0.24489795918367346,1.0,-0.005103053584105377,1.1977400858898213,0.9850098851358309,-0.35073125764724317,-0.32762218414323885,False,spread <= 0
FS,0.5,dd_168 [bajo],largo,49,-0.3075450817083786,0.46569681187216316,0.12244897959183673,1.0,-0.005214475011850075,1.3854133691397443,1.0264775640150763,-0.34644709614148944,-0.32012532654192605,False,spread <= 0
FS,0.5,dd_720 [bajo],largo,49,-0.3096029130902495,0.36210307934477404,0.16326530612244897,1.0,-0.006019827264719999,1.2716880175017535,0.9203635134645465,-0.34230321451702955,-0.3241090615264173,False,spread <= 0
FS,0.5,desbal_168 ~ sin roc_24,largo,49,-0.3117486996393279,0.44460920030307155,0.1836734693877551,1.0,-0.0045223093572863676,0.9368795506252772,0.989095677830651,-0.42828419574628074,-0.3786079785959201,False,spread <= 0
FS,0.5,carry_acum,largo,49,-0.3221531703770081,0.3530673348428059,0.1836734693877551,1.0,-0.0046037413563007985,1.0787082249044724,0.9616411575221997,-0.3733277169055298,-0.3400009707968764,False,spread <= 0
FS,0.5,desbal ~ sin roc_24,largo,49,-0.32324570222321786,0.3167011145806382,0.14285714285714285,1.0,-0.00529063741136756,0.9462771693967883,0.9388559946092454,-0.397827616658065,-0.3729451625417432,False,spread <= 0
FS,0.5,carry_acum ~ sin roc_24,largo,49,-0.3273557078026682,0.4242720008870252,0.20408163265306123,1.0,-0.004634978723491634,1.2124886039344824,1.0343824474063186,-0.35260320222178765,-0.3401084977199799,False,spread <= 0
FS,0.5,roc_168 [bajo],largo,49,-0.3278675318878089,0.3153464994676371,0.10204081632653061,1.0,-0.005761351522677837,1.1366826067053852,0.9301847286006752,-0.3470946625810797,-0.34287054772729514,False,spread <= 0
FS,0.5,ticket_rel,largo,49,-0.3301521073358781,0.44522831208646013,0.20408163265306123,1.0,-0.004797584102431895,1.0587022446443057,1.0567461199344232,-0.3955392723873056,-0.3644908769450541,False,spread <= 0
FS,0.5,desbal_168 ~ sin roc_24 [bajo],largo,49,-0.3364521321472981,0.30234828595750607,0.08163265306122448,1.0,-0.0050938936074100705,1.0726494553149253,0.9370043978443048,-0.3638499024475081,-0.3497432417125917,False,spread <= 0
FS,0.5,desbal,largo,49,-0.338635682497043,0.3380966348999138,0.12244897959183673,1.0,-0.005512321221118224,0.9493267697462032,0.9438264235287596,-0.42037065557327763,-0.4007262472996333,False,spread <= 0
FS,0.5,compresion ~ sin roc_24,largo,49,-0.33866995098797975,0.46913304985231147,0.1836734693877551,1.0,-0.004873382843651685,1.4177117851276595,1.3236195933150325,-0.38847997200760387,-0.3554191812028657,False,spread <= 0
FS,0.5,ticket_rel ~ sin roc_24,largo,49,-0.33971566518088225,0.3454754167853318,0.20408163265306123,1.0,-0.0047882543164631695,1.039890188165146,1.0366377204859734,-0.39749328524365884,-0.38031261063294153,False,spread <= 0
FS,0.5,desbal_24 ~ sin roc_24 [bajo],largo,49,-0.345457285700873,0.3777204912596649,0.10204081632653061,1.0,-0.005168144077735551,1.0139752043706838,0.9515773796941474,-0.3735761504773381,-0.34764226915211155,False,spread <= 0
FS,0.5,desbal_168 [bajo],largo,49,-0.35095210767157825,0.3003715365328777,0.10204081632653061,1.0,-0.005479989157709008,1.0740584736581382,0.9345402065201256,-0.3904131358466363,-0.36304622325489955,False,spread <= 0
FS,0.5,roc_720 [bajo],largo,49,-0.3526572421433416,0.311206457434918,0.12244897959183673,1.0,-0.005623073717852537,1.1223369562916181,0.9514574292200888,-0.3655482572444635,-0.3650511624111076,False,spread <= 0
FS,0.5,roc_168 ~ sin roc_24 [bajo],largo,49,-0.3530948653360398,0.36596514170462996,0.10204081632653061,1.0,-0.006264565395503951,1.172442165260493,0.9546927511700182,-0.3871563386988823,-0.3587763143677709,False,spread <= 0
FS,0.5,rango_168 ~ sin roc_24 [bajo],largo,49,-0.35789975958341236,0.45310082226266,0.1836734693877551,1.0,-0.003769583661219149,0.7027516307524767,0.9197349592472238,-0.4958830184963099,-0.45956129001533536,False,spread <= 0
FS,0.5,dd_168 ~ sin roc_24,largo,49,-0.3617323726661934,0.49831112585088866,0.1836734693877551,1.0,-0.004341292936232922,0.7761712871533071,0.9539579313554474,-0.4791683294016312,-0.468347469621772,False,spread <= 0
FS,0.5,CONTROL azar 2,largo,49,-0.36175085993656847,0.27266254209582064,0.04081632653061224,1.0,-0.004894155775402801,1.003785045108116,0.9733340433668203,-0.3841042666175358,-0.36036643373399124,False,control
FS,0.5,CONTROL azar 3,largo,49,-0.3630595619091064,0.2796952831088947,0.061224489795918366,1.0,-0.005146185846759369,1.0089918577343897,0.9760383748367041,-0.3852370365989769,-0.3698854071251526,False,control
FS,0.5,CONTROL azar 1,largo,49,-0.36561632203913585,0.34493468387230347,0.14285714285714285,1.0,-0.00443769031503903,1.0004463425878105,0.9718345226091484,-0.39869510034365424,-0.37803522948215074,False,control
FS,0.5,desbal_24 [bajo],largo,49,-0.3691857538611595,0.2962630200709791,0.061224489795918366,1.0,-0.0055359874185182106,1.0138672711593122,0.9431929401873855,-0.3953433304014586,-0.38851323567053225,False,spread <= 0
FS,0.5,vol_24 ~ sin roc_24 [bajo],largo,49,-0.38196794399400763,0.45354519798009124,0.14285714285714285,1.0,-0.0037555180271611256,0.6487777215466184,0.8766461882434199,-0.5031336099625798,-0.4829644141592286,False,spread <= 0
FS,0.5,roc_720 ~ sin roc_24 [bajo],largo,49,-0.3945300951819836,0.3991562921768415,0.14285714285714285,1.0,-0.006219372147419559,1.1433709864661419,0.97058960940853,-0.4200485404864541,-0.3967570802827639,False,spread <= 0
FS,0.5,rango_168 [bajo],largo,49,-0.4050381006637752,0.46860707761994563,0.14285714285714285,1.0,-0.00416777219439199,0.6546889977794224,0.9064296240781353,-0.5333060854767003,-0.5054304419746043,False,spread <= 0
FS,0.5,vol_24 [bajo],largo,49,-0.4590253629140598,0.4952314670220894,0.14285714285714285,1.0,-0.0044875428747405,0.6112374151218458,0.8442231834773495,-0.5588971736088916,-0.5519027488781166,False,spread <= 0
FS,0.5,atr_24 ~ sin roc_24 [bajo],largo,49,-0.4712778194118339,0.4742934230812476,0.10204081632653061,1.0,-0.00458089526522201,0.6196178962912099,0.8818316033218834,-0.6078830716170832,-0.586061378110185,False,spread <= 0
FS,0.5,vol_168 [bajo],largo,49,-0.47328324992063264,0.44574529737007057,0.10204081632653061,1.0,-0.004401260619270689,0.6216187864798178,0.9128155135238717,-0.6088123117488217,-0.582703961936401,False,spread <= 0
FS,0.5,atr_24 [bajo],largo,49,-0.4764153708218423,0.4682106059625353,0.10204081632653061,1.0,-0.004442763229149715,0.6058840244047438,0.8611825919738236,-0.5971070928907284,-0.5768639595477045,False,spread <= 0
FS,0.5,vol_168 ~ sin roc_24 [bajo],largo,49,-0.477865253612652,0.45460564264089404,0.14285714285714285,1.0,-0.004594878567075866,0.6368951118192814,0.9293302229046421,-0.6044809482843964,-0.5835637565324318,False,spread <= 0
FS,0.5,n_surge,magnitud,49,3.4913883861919954,5.838373480623213,1.0,0.0,0.05294545812981551,1.4196057228962602,1.3071975330329881,2.5403484979533824,2.6806577965783887,True,SOBREVIVE
FS,0.5,n_surge ~ sin roc_24,magnitud,49,2.5808398500793235,5.74581850521553,0.9795918367346939,0.0,0.04372460069260322,1.360220864621777,1.1973693045590037,1.6886859642851693,1.7581479463391718,True,SOBREVIVE
FS,0.5,roc_168,magnitud,49,2.444963992251294,1.4967702692234268,0.9795918367346939,0.0,0.042231147176434135,1.5471892313785878,1.2937414566877448,2.319368877366836,2.415046704019268,True,SOBREVIVE
FS,0.5,roc_72,magnitud,49,2.43783085917166,1.5173599630695993,0.9795918367346939,0.0,0.04225831575855713,1.5729959154272681,1.3206255367907036,2.277042837059896,2.3791504467246187,True,SOBREVIVE
FS,0.5,turnover,magnitud,49,2.3947139833184785,1.5941576681989371,0.9795918367346939,0.0,0.03459474752611082,1.3834240329036753,1.283464147401062,2.252491663132049,2.346882863097045,True,SOBREVIVE
FS,0.5,vol_24,magnitud,49,2.331255618978564,1.5950419481056628,0.9387755102040817,0.0,0.05963507786538882,1.9849820437163002,1.4807323707297249,2.1564515891490936,2.2739765267939207,True,SOBREVIVE
FS,0.5,atr_24,magnitud,49,2.3189402896386437,1.6530293138696728,0.9591836734693877,0.0,0.06241072445207896,2.0094180267089663,1.499434432732111,2.127304819977426,2.2515768017293087,True,SOBREVIVE
FS,0.5,roc_24,magnitud,49,2.176572454381443,1.4779803473504523,0.9795918367346939,0.0,0.03796426246037407,1.4449338424112166,1.2321953510995216,2.0275197167679773,2.128593886052291,True,SOBREVIVE
FS,0.5,compresion,magnitud,49,2.070893912198813,1.3086939565141793,0.9795918367346939,0.0,0.02634968422327346,1.4806565606540156,1.372886940114073,1.8611840640967479,1.9715973878609392,True,SOBREVIVE
FS,0.5,vol_24 ~ sin roc_24,magnitud,49,1.8625616279648682,1.3802813759468078,0.9387755102040817,0.0,0.05253874580947049,1.8833464159874327,1.4046538615426247,1.6770126984853393,1.7890018689683882,True,SOBREVIVE
FS,0.5,atr_24 ~ sin roc_24,magnitud,49,1.814293651008616,1.4030157434137975,0.8979591836734694,0.0,0.05494288129102408,1.9412073892530273,1.4318945272819161,1.6204712175039542,1.7422439893534016,True,SOBREVIVE
FS,0.5,rango_168,magnitud,49,1.77984709417519,1.4923681286275428,0.9387755102040817,0.0,0.052270710224868476,1.6956805079003034,1.1959588548901956,1.5764742163588268,1.701345680516571,True,SOBREVIVE
FS,0.5,vol_168,magnitud,49,1.7691892700055114,1.4445101216987881,0.9387755102040817,0.0,0.05650516258026429,1.7907188947410617,1.215101370073893,1.5923520395464295,1.7042322537524268,True,SOBREVIVE
FS,0.5,roc_168 ~ sin roc_24,magnitud,49,1.7094556129132505,1.266706273508642,0.9795918367346939,0.0,0.03392219393548805,1.4596449641343583,1.21779583099435,1.6208991177238745,1.6595506494590346,True,SOBREVIVE
FS,0.5,rango_168 ~ sin roc_24,magnitud,49,1.6182236009278361,1.4755026226353847,0.9183673469387755,0.0,0.04902390698714578,1.6524695728398906,1.1905756907824823,1.4696840362774766,1.5733411185910504,True,SOBREVIVE
FS,0.5,vol_168 ~ sin roc_24,magnitud,49,1.6093291253224884,1.4563772324375093,0.9183673469387755,0.0,0.05297824645057108,1.7488704618752715,1.2009426339429656,1.4165187488642657,1.529244304001413,True,SOBREVIVE
FS,0.5,pos_168,magnitud,49,1.585660785492802,1.1928528098581983,0.9795918367346939,0.0,0.017154685699584327,1.1673199196466926,1.103127582491609,1.36051338022059,1.429369656683292,True,SOBREVIVE
FS,0.5,turnover ~ sin roc_24,magnitud,49,1.5726065728195149,1.1510999279290737,0.9591836734693877,0.0,0.027888446052207222,1.348939349917962,1.1840867710426135,1.464750588620705,1.5313673882295482,True,SOBREVIVE
FS,0.5,roc_72 ~ sin roc_24,magnitud,49,1.4464620951124962,1.213958764622354,0.9795918367346939,0.0,0.029428850662831952,1.4435602409410648,1.2159528104696604,1.2918135605576508,1.3875787441466199,True,SOBREVIVE
FS,0.5,compresion ~ sin roc_24,magnitud,49,1.4154817945290716,1.0176098333610255,0.9795918367346939,0.0,0.015885183372653364,1.4177117851276595,1.3236195933150325,1.2480222134774985,1.3158351518419076,True,SOBREVIVE
FS,0.5,desbal_168 ~ sin roc_24,magnitud,49,1.4078060810376123,6.036278996132818,0.8163265306122449,0.0,0.00997910041983516,0.9368795506252772,0.989095677830651,0.2810860672295821,0.6032666912848833,True,SOBREVIVE
FS,0.5,roc_720,magnitud,49,1.2660424038454372,1.3119842557874293,0.8571428571428571,0.0,0.035147152873052624,1.427204235260157,1.0644637325173192,1.104461481573496,1.2144545221581506,True,SOBREVIVE
FS,0.5,dd_720,magnitud,49,1.2132415862308072,1.05204554179155,1.0,0.0,-0.008122005923846374,0.8743429634558028,1.0481298479554897,0.7385892821860249,0.8016429240825146,True,ARTEFACTO DE ESCALA (atr_ratio 0.87)
FS,0.5,dd_168 ~ sin roc_24 [bajo],magnitud,49,1.0608925423958118,1.2033294773702174,0.8571428571428571,0.0,0.038341147947292015,1.4359283329525898,1.0502797450454449,0.9316085323592432,1.0220996751811713,True,SOBREVIVE
FS,0.5,carry_acum ~ sin roc_24 [bajo],magnitud,49,1.026993843766938,1.336415732983372,0.9183673469387755,0.0,0.02480389391825567,1.2991997492686242,1.0907309230084339,0.8946499686745968,0.9738010473163025,True,SOBREVIVE
FS,0.5,ticket_rel,magnitud,49,1.0192363572635637,1.1466415770907408,0.9795918367346939,0.0,0.01008541331440411,1.0587022446443057,1.0567461199344232,0.9466480669469604,1.0074528623935068,True,SOBREVIVE
FS,0.5,carry_acum [bajo],magnitud,49,0.8735742151277042,1.312676677986012,0.8163265306122449,0.0,0.01973462845207764,1.2165547731108304,1.0506751682877766,0.7427914913727386,0.8173484177261372,True,SOBREVIVE
FS,0.5,ticket_rel ~ sin roc_24 [bajo],magnitud,49,0.8717272827241707,5.855495851378857,0.46938775510204084,0.1265,0.011280721662756397,0.9874021069409625,0.9455239894443507,-0.12555029579266794,0.0745432168639285,False,muere en la correccion (FDR q=0.1)
FS,0.5,dd_168,magnitud,49,0.8686589966789475,0.8765495706863828,0.9183673469387755,0.0,-0.012878908239475115,0.8410422151766842,1.0000412320798424,0.38599433858501175,0.43723581336703726,True,ARTEFACTO DE ESCALA (atr_ratio 0.84)
FS,0.5,roc_720 ~ sin roc_24,magnitud,49,0.8219457170950051,1.1795005885872043,0.8367346938775511,0.0,0.03054271925222013,1.3967433935631166,1.0432543491315016,0.7104508342907234,0.8123401246954537,True,SOBREVIVE
FS,0.5,pos_168 ~ sin roc_24,magnitud,49,0.6904036251291767,1.0641174799276845,0.8571428571428571,0.0,0.0038046325181224105,1.0985299959019619,1.0478483973707555,0.49138014982273837,0.5282188025791832,True,SOBREVIVE
FS,0.5,ticket_rel [bajo],magnitud,49,0.6733033615456453,5.909049568639504,0.32653061224489793,0.344,0.008358676964739692,0.980313588277007,0.9333594528454134,-0.35703436838610636,-0.12808635079415853,False,muere en la correccion (FDR q=0.1)
FS,0.5,dd_720 ~ sin roc_24,magnitud,49,0.6314556986782557,0.8681537243209497,0.8367346938775511,0.0,-0.017123197394350097,0.8378051132211422,1.0119008723722662,0.14414022517973565,0.20247591873002374,True,ARTEFACTO DE ESCALA (atr_ratio 0.84)
FS,0.5,pos_168 [bajo],magnitud,49,0.6297368334356561,5.915192068692548,0.40816326530612246,0.366,0.01782764994455082,1.0620652805316977,0.9228965509203078,-0.2622878060521301,-0.15960853995241764,False,muere en la correccion (FDR q=0.1)
FS,0.5,desbal ~ sin roc_24 [bajo],magnitud,49,0.6229057212074209,5.848657005019895,0.32653061224489793,0.367,0.006010984954152454,0.9817865968528047,0.9636066928790765,-0.3071531513625004,-0.17029793308134988,False,muere en la correccion (FDR q=0.1)
FS,0.5,desbal [bajo],magnitud,49,0.6224956880732889,5.846889119937988,0.3673469387755102,0.3675,0.00621380120892105,0.985211343475191,0.9624794115472448,-0.3301124781245181,-0.17662157551854654,False,muere en la correccion (FDR q=0.1)
FS,0.5,desbal_168,magnitud,49,0.6036421322045823,0.6826521238205214,0.8775510204081632,0.0,-0.0034556487575792376,0.9380580845342938,0.9922074942777575,1.1338569844399815,1.1960734791056822,True,ARTEFACTO DE ESCALA (atr_ratio 0.94)
FS,0.5,ticket_rel ~ sin roc_24,magnitud,49,0.5864565233817565,0.9480168442908179,0.9183673469387755,0.0005,0.004139835003330426,1.039890188165146,1.0366377204859734,0.5186370354363437,0.56796529646829,True,SOBREVIVE
FS,0.5,turnover ~ sin roc_24 [bajo],magnitud,49,0.5319687086326672,0.9920362813751976,0.7959183673469388,0.0,0.015495968218160319,1.2210928095531488,1.0467765271510197,0.3399150241620518,0.4306584574262196,True,SOBREVIVE
FS,0.5,carry_acum ~ sin roc_24,magnitud,49,0.5245771331735198,0.9930351141986846,0.6938775510204082,0.0005,0.016563635545628678,1.2124886039344824,1.0343824474063186,0.4361775136440303,0.48918835971599367,True,SOBREVIVE
FS,0.5,dd_168 [bajo],magnitud,49,0.5243185699255031,0.9837569509425954,0.7959183673469388,0.0,0.030465471444484214,1.3854133691397443,1.0264775640150763,0.4041617985074545,0.4639610596683414,True,SOBREVIVE
FS,0.5,n_surge ~ sin roc_24 [bajo],magnitud,49,0.364490310917521,0.8305064833853772,0.7346938775510204,0.0005,0.013814758933225714,1.212527541188709,1.033630249151814,0.2443035700613383,0.2836185668520868,True,SOBREVIVE
FS,0.5,dd_168 ~ sin roc_24,magnitud,49,0.33341596580888977,0.8509613392443147,0.7142857142857143,0.0005,-0.0233191972704665,0.7761712871533071,0.9539579313554474,-0.15702611463452562,-0.10995254589562306,True,ARTEFACTO DE ESCALA (atr_ratio 0.78)
FS,0.5,pos_168 ~ sin roc_24 [bajo],magnitud,49,0.26589334545105003,0.6478652495099516,0.673469387755102,0.0015,0.008723276580475775,1.044233259453945,0.9292510860345405,0.11722402254232817,0.16380098282335068,True,SOBREVIVE
FS,0.5,vol_168 ~ sin roc_24 [bajo],magnitud,49,0.18965822538778734,0.7677878615515021,0.5306122448979592,0.037,-0.03616661543448392,0.6368951118192814,0.9293302229046421,-0.3195687489362787,-0.26047996627855796,False,ARTEFACTO DE ESCALA (atr_ratio 0.64)
FS,0.5,vol_24 ~ sin roc_24 [bajo],magnitud,49,0.1880874530003774,0.7690763306239252,0.5714285714285714,0.034,-0.03051559460638487,0.6487777215466184,0.8766461882434199,-0.30230972294162517,-0.2579871558319096,False,ARTEFACTO DE ESCALA (atr_ratio 0.65)
FS,0.5,compresion ~ sin roc_24 [bajo],magnitud,49,0.18597638893640428,0.6290056853462109,0.6122448979591837,0.0145,0.005282652673079011,0.9773596544621572,0.8626046718598365,-0.023535805781227607,0.043999879406388526,True,concentracion: se cae sin el top-3
FS,0.5,desbal_24,magnitud,49,0.16859824287283923,0.7653696145193841,0.6530612244897959,0.058,-0.006006034714879405,0.9393488869385179,0.9568472297172796,-0.05115123222821326,-0.011254595542446047,False,ARTEFACTO DE ESCALA (atr_ratio 0.94)
FS,0.5,roc_72 ~ sin roc_24 [bajo],magnitud,49,0.14358436627617513,0.9930517303928352,0.6326530612244898,0.1525,0.01568143204063096,1.1977400858898213,0.9850098851358309,0.05749557983323304,0.11250285226710778,False,muere en la correccion (FDR q=0.1)
FS,0.5,atr_24 ~ sin roc_24 [bajo],magnitud,49,0.11375568290469626,0.7234850021306609,0.4489795918367347,0.132,-0.03594838166147669,0.6196178962912099,0.8818316033218834,-0.40652335808869133,-0.3441595874951925,False,ARTEFACTO DE ESCALA (atr_ratio 0.62)
FS,0.5,roc_24 [bajo],magnitud,49,0.08932029308954183,0.8276952752711108,0.6938775510204082,0.2105,0.014426691627812733,1.2700724267923371,1.0332243426979977,0.035830837749717535,0.09162949059205516,False,muere en la correccion (FDR q=0.1)
FS,0.5,desbal_24 ~ sin roc_24,magnitud,49,0.06622743619975965,0.6963643578390201,0.46938775510204084,0.2385,-0.007750465248369351,0.9285698703037649,0.9455976272806901,-0.15818347024306254,-0.12227088981178942,False,ARTEFACTO DE ESCALA (atr_ratio 0.93)
FS,0.5,rango_168 ~ sin roc_24 [bajo],magnitud,49,0.05561289667092613,0.7597916731426211,0.40816326530612246,0.3065,-0.030477322287373567,0.7027516307524767,0.9197349592472238,-0.3888853010356676,-0.3488863688643945,False,ARTEFACTO DE ESCALA (atr_ratio 0.70)
FS,0.5,roc_720 ~ sin roc_24 [bajo],magnitud,49,0.03204566487867429,0.9894564556654982,0.6530612244897959,0.363,0.011515455707370038,1.1433709864661419,0.97058960940853,-0.04456612260422563,-0.0005840521121375457,False,dentro del MDE del azar (±0.128)
FS,0.5,vol_168 [bajo],magnitud,49,0.012612179729451145,0.7462507855953612,0.42857142857142855,0.4555,-0.04001980289785199,0.6216187864798178,0.9128155135238717,-0.51009187785526,-0.43328937827861574,False,ARTEFACTO DE ESCALA (atr_ratio 0.62)
FS,0.5,CONTROL azar 2,magnitud,49,-0.014064060799036,0.7281067606756543,0.4489795918367347,1.0,-0.0009851075585086513,1.003785045108116,0.9733340433668203,-0.07985891240771362,-0.052087747430395355,False,control
FS,0.5,dd_720 ~ sin roc_24 [bajo],magnitud,49,-0.04476759176776173,1.067863072735936,0.5102040816326531,1.0,0.025502632418047188,1.27900401229068,0.9254040153448562,-0.14948506555515798,-0.09238474455160245,False,spread <= 0
FS,0.5,rango_168 [bajo],magnitud,49,-0.059923665314154925,0.7708163053280193,0.3673469387755102,1.0,-0.0359266242425272,0.6546889977794224,0.9064296240781353,-0.5641060836583692,-0.5058907948834195,False,spread <= 0
FS,0.5,CONTROL azar 1,magnitud,49,-0.060213391344177615,0.9101822976623494,0.5306122448979592,1.0,-0.0007128757895038621,1.0004463425878105,0.9718345226091484,-0.06351220126170844,-0.08045727722888996,False,control
FS,0.5,compresion [bajo],magnitud,49,-0.10542196199232111,0.636703263658618,0.4489795918367347,1.0,0.0013187626507426065,0.980362745123427,0.8536173028036906,-0.30676311693556163,-0.25914023572795125,False,spread <= 0
FS,0.5,roc_168 ~ sin roc_24 [bajo],magnitud,49,-0.1249241022391523,0.9587291347699224,0.4489795918367347,1.0,0.013111119267490966,1.172442165260493,0.9546927511700182,-0.2004061473764473,-0.1567107962695204,False,spread <= 0
FS,0.5,atr_24 [bajo],magnitud,49,-0.1482100210583747,0.7495425467011302,0.3877551020408163,1.0,-0.040878580995502664,0.6058840244047438,0.8611825919738236,-0.6370408979408199,-0.5919247853794608,False,spread <= 0
FS,0.5,carry_acum,magnitud,49,-0.15504575689794461,0.97869018599311,0.42857142857142855,1.0,0.0061781949464797935,1.0787082249044724,0.9616411575221997,-0.28093386452820196,-0.2061112153118772,False,spread <= 0
FS,0.5,vol_24 [bajo],magnitud,49,-0.17149976592729224,0.7741380378964481,0.32653061224489793,1.0,-0.0382856344632268,0.6112374151218458,0.8442231834773495,0.2250450430970965,-0.630634966482174,False,spread <= 0
FS,0.5,CONTROL azar 3,magnitud,49,-0.17224766816795797,0.9404365751848942,0.3877551020408163,1.0,-0.0020811187740925907,1.0089918577343897,0.9760383748367041,-0.16728465368545928,-0.1404098639058915,False,control
FS,0.5,roc_72 [bajo],magnitud,49,-0.18155183141793252,0.9176906456499963,0.40816326530612246,1.0,0.011910421811528151,1.16751349287717,0.9567449316847316,-0.1961066356573269,-0.14832086387448523,False,spread <= 0
FS,0.5,desbal,magnitud,49,-0.18488068431339827,0.9768469708616132,0.42857142857142855,1.0,-0.006902153871043412,0.9493267697462032,0.9438264235287596,-0.27663239156577024,-0.24085651175962017,False,spread <= 0
FS,0.5,desbal_24 ~ sin roc_24 [bajo],magnitud,49,-0.2051171497727473,0.9303291171955699,0.3673469387755102,1.0,-0.002565795461192322,1.0139752043706838,0.9515773796941474,-0.2538436422024269,-0.21938986962395768,False,spread <= 0
FS,0.5,desbal ~ sin roc_24,magnitud,49,-0.23266628554792884,0.9618029114794772,0.40816326530612246,1.0,-0.007545012622025023,0.9462771693967883,0.9388559946092454,-0.3318633842303833,-0.284406151726207,False,spread <= 0
FS,0.5,roc_720 [bajo],magnitud,49,-0.2810779217640153,0.990748909442377,0.3469387755102041,1.0,0.008494560289904201,1.1223369562916181,0.9514574292200888,-0.3249860974503249,-0.2966444172488136,False,spread <= 0
FS,0.5,dd_720 [bajo],magnitud,49,-0.2815879563729435,0.9604934737655676,0.3673469387755102,1.0,0.02259466011671683,1.2716880175017535,0.9203635134645465,-0.3605524022945317,-0.3213458717463347,False,spread <= 0
FS,0.5,desbal_168 ~ sin roc_24 [bajo],magnitud,49,-0.3586300074189166,0.9948483290600244,0.30612244897959184,1.0,0.0030043221748089597,1.0726494553149253,0.9370043978443048,-0.4224862512273153,-0.395298646632912,False,spread <= 0
FS,0.5,desbal_168 [bajo],magnitud,49,-0.4239826922478126,1.0562724353613622,0.22448979591836735,1.0,0.002170223115230682,1.0740584736581382,0.9345402065201256,-0.5022735740104349,-0.4626906096103714,False,spread <= 0
FS,0.5,desbal_24 [bajo],magnitud,49,-0.4580441017075573,0.9868668587789539,0.12244897959183673,1.0,-0.005751756404622466,1.0138672711593122,0.9431929401873855,-0.5367093432903268,-0.4883815722825989,False,spread <= 0
FS,0.5,roc_168 [bajo],magnitud,49,-0.4590663386403925,1.032757083870953,0.2857142857142857,1.0,0.008702098853609527,1.1366826067053852,0.9301847286006752,-0.496095151051174,-0.49181515023849615,False,spread <= 0
FS,0.5,turnover [bajo],magnitud,49,-0.531021127582076,1.0463332730784156,0.12244897959183673,1.0,0.0005865524233238828,1.0359856720061542,0.9018449103836823,-0.6513206797108351,-0.5714692643957053,False,spread <= 0
FS,0.5,n_surge [bajo],magnitud,49,-0.6626479944878166,0.9095470211557434,0.08163265306122448,1.0,0.0009238539399396803,1.039949250079134,0.8952790655138252,-0.6690463235607856,-0.6353837809221421,False,spread <= 0
F200,0.1,CONTROL azar 3,corto,49,0.004023438213362874,0.290029159745292,0.5306122448979592,0.457,8.347198395594693e-05,1.0126805483820074,0.9719154091829447,-0.020145620222409205,-0.0083999603137011,False,control
F200,0.1,atr_24 ~ sin roc_24 [bajo],corto,49,-0.002284149752374411,0.3909469230266405,0.5102040816326531,1.0,-5.880890849155033e-06,0.618646225550068,0.8769697943582462,-0.022350756215092943,-0.006081404687278218,False,spread <= 0
F200,0.1,vol_168 [bajo],corto,49,-0.015888331460222633,0.35361623857434965,0.3673469387755102,1.0,-0.0001550824099189093,0.605789801586552,0.9124491881218066,-0.014180170279166132,-0.020894159465307937,False,spread <= 0
F200,0.1,vol_168 ~ sin roc_24 [bajo],corto,49,-0.016199820781040267,0.418866018633044,0.5306122448979592,1.0,-0.00034064927323468146,0.625004136294377,0.9268145065729032,-0.010002780278370007,-0.019542897300558932,False,spread <= 0
F200,0.1,ticket_rel,corto,49,-0.019576634358215286,0.3287994802148276,0.5102040816326531,1.0,-0.0002059965873907915,1.074772471806576,1.0490297316480435,-0.05119527615495667,-0.038683307383626436,False,spread <= 0
F200,0.1,vol_24 ~ sin roc_24 [bajo],corto,49,-0.034038542781102465,0.34458991678039086,0.4897959183673469,1.0,-0.0004451003757698635,0.6373622111137193,0.8597905497830952,-0.050573980304585035,-0.043656167146804974,False,spread <= 0
F200,0.1,rango_168 ~ sin roc_24 [bajo],corto,49,-0.04001664025963591,0.36602857471473604,0.40816326530612246,1.0,-0.00038288842682541405,0.7121329118525941,0.9188307385453577,-0.05326003114574328,-0.03992701984272395,False,spread <= 0
F200,0.1,ticket_rel ~ sin roc_24,corto,49,-0.04028767256467669,0.2779269742259373,0.4489795918367347,1.0,-0.0009696224626947327,1.0513271744096524,1.0324671367877043,-0.06703408991369085,-0.05611128301730345,False,spread <= 0
F200,0.1,desbal_24 ~ sin roc_24,corto,49,-0.04189366020097886,0.41891309722692116,0.3673469387755102,1.0,-0.001332029037492498,0.9322333975778054,0.9438357491491319,-0.05404785287832369,-0.046119705900979566,False,spread <= 0
F200,0.1,rango_168 [bajo],corto,49,-0.047012872828832236,0.3063285966824261,0.4897959183673469,1.0,-0.0002733947200254081,0.6374786615314003,0.8986979780234621,-0.0605789088930973,-0.06592259776283187,False,spread <= 0
F200,0.1,atr_24 [bajo],corto,49,-0.04715845414836677,0.30627275571464024,0.5102040816326531,1.0,-0.000494735869313424,0.5877385020501177,0.8619568995177435,-0.05953534666573334,-0.05099096618235498,False,spread <= 0
F200,0.1,desbal_24,corto,49,-0.047853254778027605,0.45536965311443783,0.40816326530612246,1.0,-0.001317828602263896,0.9447303835745702,0.949890774395769,-0.06863506362233507,-0.051982528799172534,False,spread <= 0
F200,0.1,CONTROL azar 1,corto,49,-0.05276330534147312,0.3316786294359302,0.5102040816326531,1.0,-0.00012488210467775232,1.0147416435457712,0.9683871591020321,-0.08484341707068348,-0.06079526396257038,False,control
F200,0.1,CONTROL azar 2,corto,49,-0.054001450645033956,0.4538919472806754,0.3469387755102041,1.0,-0.0008884705292881573,1.0076321426010462,0.9693837554763441,-0.10549107720572819,-0.06114651989635629,False,control
F200,0.1,vol_24 [bajo],corto,49,-0.0627552966607286,0.2885621820454822,0.42857142857142855,1.0,-0.0005113326162468,0.5941353407796168,0.8392196215653112,-0.05741145680652192,-0.05974051411596705,False,spread <= 0
F200,0.1,desbal [bajo],corto,49,-0.0749247730930769,0.30722588567733305,0.3673469387755102,1.0,-0.0008903119889583749,0.9720650356436968,0.9504298934988158,-0.10004565163820267,-0.08389398329110558,False,spread <= 0
F200,0.1,pos_168 ~ sin roc_24 [bajo],corto,49,-0.08378169735250675,0.3853617272312598,0.4489795918367347,1.0,-0.001532583199484609,1.0846180473302471,0.9037194059584015,-0.10463968457057296,-0.0931058874963573,False,spread <= 0
F200,0.1,desbal,corto,49,-0.09197342534899258,0.2822055405778451,0.3469387755102041,1.0,-0.0010022168770938277,0.9433953815848599,0.9265092980100991,-0.10387524578621651,-0.09959670653761117,False,spread <= 0
F200,0.1,desbal ~ sin roc_24,corto,49,-0.09320749139709018,0.2639872794718662,0.3673469387755102,1.0,-0.0009992441886768231,0.9389838989561334,0.9236149271603096,-0.10067441970827296,-0.09327492606462902,False,spread <= 0
F200,0.1,desbal_168,corto,49,-0.09476525197468033,0.43851049434790385,0.3877551020408163,1.0,-0.0022686916228772127,1.0055309281627998,0.9937420469418294,-0.13390348606204247,-0.12013781606354282,False,spread <= 0
F200,0.1,compresion ~ sin roc_24,corto,49,-0.0971662767729765,0.5037961297801944,0.46938775510204084,1.0,-0.001409326487965752,1.5792186331102565,1.3724055425754724,-0.126653488398666,-0.10550349828964904,False,spread <= 0
F200,0.1,desbal ~ sin roc_24 [bajo],corto,49,-0.09764888233211434,0.3365317372108373,0.3673469387755102,1.0,-0.0015243692139452424,0.9714330099079471,0.9535927633083249,-0.12588850552411127,-0.10861776918833974,False,spread <= 0
F200,0.1,dd_168 ~ sin roc_24,corto,49,-0.09942500471370981,0.32336645545634973,0.3673469387755102,1.0,-0.0010372050442723816,0.7729237006095031,0.9478637595023871,-0.11406491105484548,-0.11015373047009316,False,spread <= 0
F200,0.1,ticket_rel [bajo],corto,49,-0.11088295615354832,0.40829063222522866,0.3469387755102041,1.0,-0.002239991341102567,1.0255758026680095,0.9427638629835533,-0.16230981018450907,-0.1455573938153918,False,spread <= 0
F200,0.1,pos_168 [bajo],corto,49,-0.11240155656978412,0.3413277761161778,0.3469387755102041,1.0,-0.0011298311208793104,1.1174684248360462,0.9080145960622589,-0.1367796770548397,-0.12091556203786671,False,spread <= 0
F200,0.1,roc_168 ~ sin roc_24 [bajo],corto,49,-0.11379880635047382,0.40185504667833644,0.3469387755102041,1.0,-0.0010825000522018866,1.3447095211141424,0.9490562739453463,-0.12794929982308678,-0.11268541145209864,False,spread <= 0
F200,0.1,desbal_168 ~ sin roc_24,corto,49,-0.1166659297390762,0.4221745682361885,0.3877551020408163,1.0,-0.0025732509503549627,1.0024884287453997,0.9886236512937459,-0.18730056885767182,-0.1298654208712371,False,spread <= 0
F200,0.1,desbal_24 ~ sin roc_24 [bajo],corto,49,-0.12351231417976874,0.2809386844454538,0.42857142857142855,1.0,-0.0015543844999800168,1.0319722726931135,0.9316994971434907,-0.13785726837674045,-0.13421527007202474,False,spread <= 0
F200,0.1,turnover ~ sin roc_24,corto,49,-0.12426617821339671,0.6007498863235253,0.46938775510204084,1.0,-0.0024968516583385196,1.5808834176067241,1.221280790519709,-0.15518567600397992,-0.1334615178450621,False,spread <= 0
F200,0.1,roc_720 [bajo],corto,49,-0.1250164012709689,0.32931098901071504,0.3877551020408163,1.0,-0.002055880366960723,1.2457229931441431,0.9417531312074106,-0.1524036705474922,-0.13667430054433108,False,spread <= 0
F200,0.1,desbal_24 [bajo],corto,49,-0.1255222758195374,0.24962026244094104,0.3469387755102041,1.0,-0.0015588508055994618,1.0338063863510638,0.9240268394635505,-0.14428042180369602,-0.13844915234809058,False,spread <= 0
F200,0.1,roc_168 [bajo],corto,49,-0.1356699566851912,0.42069923021202577,0.3877551020408163,1.0,-0.0010779521438989922,1.3003283538749053,0.9250109997129712,-0.16316245544477553,-0.14397304659748444,False,spread <= 0
F200,0.1,compresion,corto,49,-0.1371762426041358,0.4898929788330321,0.40816326530612246,1.0,-0.0020535821464152046,1.6491372668618878,1.4150699530406063,-0.18312605332590634,-0.15250778533388737,False,spread <= 0
F200,0.1,dd_720 [bajo],corto,49,-0.14210654515200613,0.42874634890613417,0.32653061224489793,1.0,-0.00226630709281587,1.5655900603721349,0.905917114742712,-0.1842593805885816,-0.16046972235216825,False,spread <= 0
F200,0.1,compresion ~ sin roc_24 [bajo],corto,49,-0.1443794821063364,0.48072017067168066,0.3469387755102041,1.0,-0.00355693193057988,1.0525432470169631,0.8327358486989445,-0.1864108889511118,-0.16464060018972673,False,spread <= 0
F200,0.1,desbal_168 [bajo],corto,49,-0.14793029872459812,0.3442308379355978,0.3673469387755102,1.0,-0.0020250173121959527,1.1811744692821562,0.9326682266353143,-0.15629174418271588,-0.15387899519227022,False,spread <= 0
F200,0.1,ticket_rel ~ sin roc_24 [bajo],corto,49,-0.14848419936519403,0.40672061536957815,0.2653061224489796,1.0,-0.0032499685916675364,1.038350404531282,0.9463675497563633,-0.19974319579313057,-0.18116448938571084,False,spread <= 0
F200,0.1,roc_72 ~ sin roc_24 [bajo],corto,49,-0.1496534211354941,0.5365972083703707,0.40816326530612246,1.0,-0.0024257911011528977,1.3972984860396083,0.9840892491129996,-0.1618375393954484,-0.15663788332439665,False,spread <= 0
F200,0.1,dd_720 ~ sin roc_24 [bajo],corto,49,-0.15185762681257683,0.5003749516332198,0.3469387755102041,1.0,-0.002747353782293322,1.5747218564662269,0.909469131160162,-0.1895316355669124,-0.16631255131705913,False,spread <= 0
F200,0.1,carry_acum ~ sin roc_24,corto,49,-0.1582205988413226,0.5952079890437956,0.3673469387755102,1.0,-0.0028179796004550064,1.642994902350547,1.0403354489123129,-0.20655689587126994,-0.17692624034114823,False,spread <= 0
F200,0.1,carry_acum [bajo],corto,49,-0.16438284550724466,0.38727386631377037,0.30612244897959184,1.0,-0.0022760200145955354,1.1467520704917156,1.0336570888564953,-0.17167252265078534,-0.1669332162478434,False,spread <= 0
F200,0.1,roc_72 [bajo],corto,49,-0.16475392106930722,0.5081516244987596,0.32653061224489793,1.0,-0.002958674745670411,1.355250195633449,0.9647104257070636,-0.18192614801262239,-0.1700551285318925,False,spread <= 0
F200,0.1,roc_24 [bajo],corto,49,-0.1654516732420766,0.4864668583969811,0.40816326530612246,1.0,-0.0030067734610545564,1.5267667672719414,1.0424107240880185,-0.18199135526665652,-0.1712496439927997,False,spread <= 0
F200,0.1,desbal_168 ~ sin roc_24 [bajo],corto,49,-0.1658386962788018,0.3425890461833384,0.2857142857142857,1.0,-0.002584712393501212,1.1829563686316609,0.933747858401019,-0.1752552006238059,-0.16930624212485545,False,spread <= 0
F200,0.1,roc_720 ~ sin roc_24 [bajo],corto,49,-0.16839383746703604,0.4354429181898209,0.3469387755102041,1.0,-0.0028122740767764884,1.3127819740310918,0.9706212202961819,-0.18641787774617136,-0.18002338701878542,False,spread <= 0
F200,0.1,dd_168 [bajo],corto,49,-0.17076303346834965,0.6096068257351378,0.32653061224489793,1.0,-0.004444673976040734,1.7569082080128102,1.0304881839106161,-0.22142078819934669,-0.20386060243197537,False,spread <= 0
F200,0.1,vol_168,corto,49,-0.17110801233766385,0.8378198197998925,0.32653061224489793,1.0,-0.004962657453062338,2.351569354030012,1.1806206091851763,-0.2390944547732758,-0.20699398268815594,False,spread <= 0
F200,0.1,dd_720 ~ sin roc_24,corto,49,-0.17368078392944755,0.4219178481722288,0.30612244897959184,1.0,-0.0022340449913976837,0.8707772499928789,1.0240240565219803,-0.1926286617364665,-0.18853798209630043,False,spread <= 0
F200,0.1,roc_720 ~ sin roc_24,corto,49,-0.18057615441161715,0.7320223091425494,0.30612244897959184,1.0,-0.0041460860394593475,1.7461629286515752,1.0625084541386116,-0.25113029509824936,-0.18522136932200467,False,spread <= 0
F200,0.1,n_surge [bajo],corto,49,-0.1822965134928394,0.4397920697880826,0.32653061224489793,1.0,-0.004371599038650519,1.2124220367452434,0.8739705736308048,-0.2064214090181347,-0.18978428184919366,False,spread <= 0
F200,0.1,dd_168 ~ sin roc_24 [bajo],corto,49,-0.186601725624239,0.6609536411695165,0.3469387755102041,1.0,-0.0045099522539126915,1.8305578346037854,1.0571681134203197,-0.21873625693876486,-0.20154528338661548,False,spread <= 0
F200,0.1,carry_acum ~ sin roc_24 [bajo],corto,49,-0.19239514198925128,0.5163468859948861,0.30612244897959184,1.0,-0.002494257954555299,1.3355548887623037,1.089338099887879,-0.22139927648495308,-0.20613776482693913,False,spread <= 0
F200,0.1,n_surge ~ sin roc_24,corto,49,-0.19719434337589728,0.6250003199733714,0.42857142857142855,1.0,-0.0035441055941559502,1.599463665079394,1.2542276088136544,-0.214245862567417,-0.20223500447984147,False,spread <= 0
F200,0.1,atr_24,corto,49,-0.2088298387117049,0.7556623323346071,0.3469387755102041,1.0,-0.0047768111448924224,2.5707932027609988,1.4691703163840995,-0.2679729606506103,-0.2194313635918115,False,spread <= 0
F200,0.1,roc_720,corto,49,-0.21478446921766722,0.6992226275086969,0.3673469387755102,1.0,-0.0050522887985476475,1.7742115187279317,1.0770474870946622,-0.2364762438462157,-0.2270304636095814,False,spread <= 0
F200,0.1,dd_168,corto,49,-0.21756130921974692,0.3630328521754843,0.20408163265306123,1.0,-0.0035083511142424448,0.8612448763043364,0.9918029966244968,-0.27868673099700336,-0.23063229849850328,False,spread <= 0
F200,0.1,turnover [bajo],corto,49,-0.22363003757872435,0.43249659156890724,0.30612244897959184,1.0,-0.004701049424016128,1.1694936582524664,0.885311819634955,-0.23375114488666546,-0.22895915717404863,False,spread <= 0
F200,0.1,turnover,corto,49,-0.22547001155474244,0.4935286241713301,0.30612244897959184,1.0,-0.0028089594145346364,1.503143329880518,1.3234648581052026,-0.24722696078060646,-0.23107559628451815,False,spread <= 0
F200,0.1,vol_168 ~ sin roc_24,corto,49,-0.22728482279632942,0.8531284245351203,0.30612244897959184,1.0,-0.006095223075777098,2.2707558904677203,1.1706055993076392,-0.30507439908791717,-0.26159474889824763,False,spread <= 0
F200,0.1,compresion [bajo],corto,49,-0.2292693110191147,0.4723119959450748,0.2653061224489796,1.0,-0.005280066247510014,1.0420844392251567,0.8184899959663259,-0.2913631505118715,-0.24519837638256434,False,spread <= 0
F200,0.1,roc_72,corto,49,-0.2296702711303469,0.6278212655290863,0.3469387755102041,1.0,-0.003484610239204709,1.8969731947426032,1.337369330180993,-0.25669949739420544,-0.23727649238338833,False,spread <= 0
F200,0.1,n_surge ~ sin roc_24 [bajo],corto,49,-0.2377772472240096,0.45827049505738415,0.32653061224489793,1.0,-0.004709526175291871,1.4389796394703132,1.0133042583871859,-0.2620160448108664,-0.24521763636414048,False,spread <= 0
F200,0.1,n_surge,corto,49,-0.24058786365162607,0.599725078276367,0.32653061224489793,1.0,-0.002730959968087951,1.5561153648178503,1.3519954950206636,-0.26156153858441744,-0.2501212983083235,False,spread <= 0
F200,0.1,carry_acum,corto,49,-0.2413090066288877,0.6472213177867411,0.4489795918367347,1.0,-0.00451568348390846,1.5942031096410765,0.9734382597299687,-0.2846629140110823,-0.2511108329473631,False,spread <= 0
F200,0.1,rango_168,corto,49,-0.2434564298957129,0.7987783219032665,0.32653061224489793,1.0,-0.006197610316904672,2.2714743903959556,1.198910706027883,-0.32161660834727335,-0.29465196442321,False,spread <= 0
F200,0.1,pos_168 ~ sin roc_24,corto,49,-0.2486998489160732,0.3928845380711435,0.22448979591836735,1.0,-0.003908957540407246,1.19310692256662,1.0582260179936336,-0.28748412716789634,-0.2614820444805129,False,spread <= 0
F200,0.1,atr_24 ~ sin roc_24,corto,49,-0.2567478020425089,0.7491359744239888,0.3673469387755102,1.0,-0.006085686635100532,2.4887978262724686,1.415167272921546,-0.29255374279995244,-0.2808124564243943,False,spread <= 0
F200,0.1,vol_24,corto,49,-0.25710184069323394,0.6424361001062382,0.3673469387755102,1.0,-0.004852582396755769,2.5496767184789526,1.468695928044383,-0.2851139173830942,-0.2692178867002384,False,spread <= 0
F200,0.1,turnover ~ sin roc_24 [bajo],corto,49,-0.2585473377075308,0.42408833454106765,0.30612244897959184,1.0,-0.004813792399299058,1.450633818019993,1.0444719091585632,-0.2785258421311471,-0.2696599698534905,False,spread <= 0
F200,0.1,vol_24 ~ sin roc_24,corto,49,-0.2616799419860151,0.6800358850847343,0.30612244897959184,1.0,-0.00583755354222643,2.4443743370564857,1.4044259625817548,-0.27913554918699296,-0.2700606562255227,False,spread <= 0
F200,0.1,roc_168 ~ sin roc_24,corto,49,-0.2625802703915307,0.7050823754092346,0.30612244897959184,1.0,-0.00570217340940929,1.8213534914003597,1.259691543053599,-0.3374882681298706,-0.31225451948214933,False,spread <= 0
F200,0.1,roc_72 ~ sin roc_24,corto,49,-0.26270140026534883,0.6016150276833613,0.2857142857142857,1.0,-0.004643575450578141,1.7699948920307567,1.2464357036517917,-0.29478921853775103,-0.2753901775035525,False,spread <= 0
F200,0.1,dd_720,corto,49,-0.26452852671167426,0.5752600109581125,0.3469387755102041,1.0,-0.0037340180819253107,0.9316534484608169,1.0636481600652472,-0.2826514637815662,-0.2835453041602949,False,spread <= 0
F200,0.1,rango_168 ~ sin roc_24,corto,49,-0.2870313685642649,0.7107759495154498,0.3673469387755102,1.0,-0.0067454456577622285,2.184857581924137,1.2021899225690893,-0.3467890882955686,-0.3263835730940441,False,spread <= 0
F200,0.1,roc_168,corto,49,-0.31512535985984114,0.6550302872636035,0.2653061224489796,1.0,-0.006547635785321011,1.9037021642590044,1.3179306507516046,-0.3750730650689088,-0.332394827958199,False,spread <= 0
F200,0.1,pos_168,corto,49,-0.3202355362204156,0.46661270345707895,0.1836734693877551,1.0,-0.004644457077371186,1.298704889263863,1.1110307633110557,-0.33663355349874324,-0.33110556012336256,False,spread <= 0
F200,0.1,roc_24,corto,49,-0.3224220531755191,0.5685439285013334,0.2857142857142857,1.0,-0.005730478813281904,1.7182072040465748,1.2443922735571027,-0.34204361746417766,-0.32614671488089486,False,spread <= 0
F200,0.1,roc_24,largo,49,0.20669322836693807,0.5644436752147434,0.5714285714285714,0.003,0.003730478813281903,1.7182072040465748,1.2443922735571027,0.1249750463716674,0.17547619623540175,True,inconsistente por semana (57% arriba)
F200,0.1,roc_168,largo,49,0.20200357464957805,0.6542977451177396,0.6122448979591837,0.0165,0.004547635785321009,1.9037021642590044,1.3179306507516046,0.14534825210285185,0.17595867935899134,True,SOBREVIVE
F200,0.1,rango_168 ~ sin roc_24,largo,49,0.19730557460159742,0.7102232319812952,0.5714285714285714,0.025,0.004745445657762227,2.184857581924137,1.2021899225690893,0.12739326518442332,0.16745491862047868,False,muere en la correccion (FDR q=0.1)
F200,0.1,pos_168,largo,49,0.18341309230803735,0.4629603425803121,0.6122448979591837,0.0005,0.0026444570773711848,1.298704889263863,1.1110307633110557,0.12328153921781777,0.16512983410133558,True,SOBREVIVE
F200,0.1,vol_24 ~ sin roc_24,largo,49,0.17226864948333534,0.6753168674362588,0.5714285714285714,0.036,0.0038375535422264296,2.4443743370564857,1.4044259625817548,0.12826541426280996,0.14240652628560194,False,muere en la correccion (FDR q=0.1)
F200,0.1,atr_24 ~ sin roc_24,largo,49,0.17067667946857754,0.7465797096760742,0.6326530612244898,0.052,0.00408568663510053,2.4887978262724686,1.415167272921546,0.10957550602989474,0.14927590280605788,False,muere en la correccion (FDR q=0.1)
F200,0.1,vol_24,largo,49,0.16739448660963502,0.6380545900204957,0.5306122448979592,0.03,0.0028525823967557686,2.5496767184789526,1.468695928044383,0.10733972727147591,0.13815312341862532,False,muere en la correccion (FDR q=0.1)
F200,0.1,rango_168,largo,49,0.1561261958608939,0.7973565326536007,0.5714285714285714,0.087,0.004197610316904671,2.2714743903959556,1.198910706027883,0.11241470777675591,0.12976255951757062,False,muere en la correccion (FDR q=0.1)
F200,0.1,roc_168 ~ sin roc_24,largo,49,0.15075425856660707,0.7012040648664235,0.5714285714285714,0.0705,0.0037021734094092886,1.8213534914003597,1.259691543053599,0.09837040558714727,0.12504030851767778,False,muere en la correccion (FDR q=0.1)
F200,0.1,roc_72 ~ sin roc_24,largo,49,0.14898832165480622,0.5969193163803842,0.5510204081632653,0.038,0.0026435754505781395,1.7699948920307567,1.2464357036517917,0.09713352280330471,0.1283083599507822,False,muere en la correccion (FDR q=0.1)
F200,0.1,turnover ~ sin roc_24 [bajo],largo,49,0.14576910938689502,0.42348384658740973,0.5714285714285714,0.0015,0.002813792399299058,1.450633818019993,1.0444719091585632,0.09576856674192794,0.13165914068834667,True,inconsistente por semana (57% arriba)
F200,0.1,vol_168 ~ sin roc_24,largo,49,0.1450522988971989,0.8518372957018543,0.5918367346938775,0.114,0.004095223075777097,2.2707558904677203,1.1706055993076392,0.10076201724230172,0.12755115994867766,False,muere en la correccion (FDR q=0.1)
F200,0.1,carry_acum,largo,49,0.14390346751942196,0.6446519120782165,0.4489795918367347,0.042,0.0025156834839084583,1.5942031096410765,0.9734382597299687,0.07952722187367177,0.1270563533600298,False,muere en la correccion (FDR q=0.1)
F200,0.1,n_surge ~ sin roc_24 [bajo],largo,49,0.12759376483957546,0.4573774724349774,0.5918367346938775,0.019,0.0027095261752918694,1.4389796394703132,1.0133042583871859,0.07788300317918138,0.10687457705302765,True,inconsistente por semana (59% arriba)
F200,0.1,atr_24,largo,49,0.12385418246110766,0.7533492029409358,0.5918367346938775,0.123,0.0027768111448924215,2.5707932027609988,1.4691703163840995,0.08990827653222593,0.10328238435567366,False,muere en la correccion (FDR q=0.1)
F200,0.1,roc_720,largo,49,0.11611466830238378,0.6981441519268403,0.6122448979591837,0.122,0.0030522887985476458,1.7742115187279317,1.0770474870946622,0.06536161462310645,0.09431492951575872,False,muere en la correccion (FDR q=0.1)
F200,0.1,roc_72,largo,49,0.11495901204962622,0.6224342674390391,0.5306122448979592,0.099,0.0014846102392047083,1.8969731947426032,1.337369330180993,0.06111273584431113,0.0971368155191703,False,muere en la correccion (FDR q=0.1)
F200,0.1,turnover [bajo],largo,49,0.1093629746682846,0.43152320613290973,0.5918367346938775,0.0355,0.002701049424016126,1.1694936582524664,0.885311819634955,0.03507475779933757,0.08222784579799244,False,muere en la correccion (FDR q=0.1)
F200,0.1,pos_168 ~ sin roc_24,largo,49,0.1075072609219355,0.39685451653523246,0.6122448979591837,0.0225,0.0019089575404072447,1.19310692256662,1.0582260179936336,0.06859222990670977,0.08843344081902386,False,muere en la correccion (FDR q=0.1)
F200,0.1,compresion [bajo],largo,49,0.10709651331647024,0.4737275005610147,0.6122448979591837,0.054,0.0032800662475100124,1.0420844392251567,0.8184899959663259,0.053849040630519485,0.08703505088489055,False,muere en la correccion (FDR q=0.1)
F200,0.1,n_surge,largo,49,0.10365789711804053,0.5922884182840858,0.5306122448979592,0.1105,0.0007309599680879497,1.5561153648178503,1.3519954950206636,0.048034644002838967,0.08445992954756582,False,muere en la correccion (FDR q=0.1)
F200,0.1,dd_168 ~ sin roc_24 [bajo],largo,49,0.09325274616540544,0.6593633981673714,0.5714285714285714,0.158,0.00250995225391269,1.8305578346037854,1.0571681134203197,0.05051471683911612,0.08110239604869159,False,muere en la correccion (FDR q=0.1)
F200,0.1,dd_720,largo,49,0.09112036753020558,0.5659476768479463,0.5714285714285714,0.1195,0.00173401808192531,0.9316534484608169,1.0636481600652472,0.04367965147541082,0.0763722773373822,False,muere en la correccion (FDR q=0.1)
F200,0.1,vol_168,largo,49,0.09074735425357612,0.8369586240121061,0.5918367346938775,0.2115,0.0029626574530623377,2.351569354030012,1.1806206091851763,0.05526711867696899,0.07657929267064842,False,muere en la correccion (FDR q=0.1)
F200,0.1,turnover,largo,49,0.08740413942259669,0.4871515432432653,0.6326530612244898,0.1025,0.0008089594145346359,1.503143329880518,1.3234648581052026,0.025159986454954958,0.0700997320748246,False,muere en la correccion (FDR q=0.1)
F200,0.1,roc_720 ~ sin roc_24,largo,49,0.08233014503667715,0.7317428440413046,0.6938775510204082,0.2025,0.0021460860394593457,1.7461629286515752,1.0625084541386116,0.01830194705026418,0.05885430135250556,False,muere en la correccion (FDR q=0.1)
F200,0.1,dd_168 [bajo],largo,49,0.07754502035827711,0.6096318093760538,0.5510204081632653,0.187,0.0024446739760407336,1.7569082080128102,1.0304881839106161,0.039978047614088956,0.07056881892974105,False,muere en la correccion (FDR q=0.1)
F200,0.1,n_surge [bajo],largo,49,0.07259537663307179,0.4401635500973025,0.5714285714285714,0.119,0.002371599038650518,1.2124220367452434,0.8739705736308048,0.008603365138053543,0.049221995358118845,False,muere en la correccion (FDR q=0.1)
F200,0.1,n_surge ~ sin roc_24,largo,49,0.07078269881286375,0.6210507990092423,0.46938775510204084,0.219,0.001544105594155949,1.599463665079394,1.2542276088136544,0.023028489451793838,0.05436532857403304,False,muere en la correccion (FDR q=0.1)
F200,0.1,carry_acum ~ sin roc_24 [bajo],largo,49,0.0625108839758828,0.5142417249927266,0.5918367346938775,0.205,0.0004942579545552976,1.3355548887623037,1.089338099887879,0.03404276644159169,0.04864871757721922,False,muere en la correccion (FDR q=0.1)
F200,0.1,dd_720 ~ sin roc_24 [bajo],largo,49,0.062084579212863145,0.4962775561256904,0.6326530612244898,0.18,0.0007473537822933213,1.5747218564662269,0.909469131160162,0.021184206362097144,0.03483456231713756,False,muere en la correccion (FDR q=0.1)
F200,0.1,roc_24 [bajo],largo,49,0.05738424708854699,0.48752331440858754,0.5714285714285714,0.1965,0.001006773461054555,1.5267667672719414,1.0424107240880185,0.017050216744935474,0.04186435561159278,False,muere en la correccion (FDR q=0.1)
F200,0.1,carry_acum ~ sin roc_24,largo,49,0.05724533889626898,0.5951347279660049,0.4897959183673469,0.24,0.0008179796004550056,1.642994902350547,1.0403354489123129,0.00537982601185257,0.051227415400812375,False,muere en la correccion (FDR q=0.1)
F200,0.1,roc_72 [bajo],largo,49,0.055532720160817055,0.5087526111044739,0.5918367346938775,0.212,0.0009586747456704088,1.355250195633449,0.9647104257070636,-0.001131099465463766,0.0278439886026768,False,muere en la correccion (FDR q=0.1)
F200,0.1,roc_720 ~ sin roc_24 [bajo],largo,49,0.05312356921558652,0.43614270316282194,0.5714285714285714,0.1945,0.0008122740767764871,1.3127819740310918,0.9706212202961819,-0.011506107174076895,0.03203104733037851,False,muere en la correccion (FDR q=0.1)
F200,0.1,dd_720 [bajo],largo,49,0.05245636309242737,0.42509899954183594,0.5918367346938775,0.179,0.00026630709281586906,1.5655900603721349,0.905917114742712,0.019662719223276445,0.04324362563192728,False,muere en la correccion (FDR q=0.1)
F200,0.1,desbal_168 ~ sin roc_24 [bajo],largo,49,0.045263417370721995,0.3360069615843617,0.4897959183673469,0.167,0.0005847123935012109,1.1829563686316609,0.933747858401019,0.007272072821223385,0.025640994452174437,False,muere en la correccion (FDR q=0.1)
F200,0.1,roc_72 ~ sin roc_24 [bajo],largo,49,0.040509813349709316,0.5359515474216063,0.4897959183673469,0.2925,0.0004257911011528966,1.3972984860396083,0.9840892491129996,-0.021229686582441936,0.018711676847782112,False,muere en la correccion (FDR q=0.1)
F200,0.1,dd_168,largo,49,0.040231127762867136,0.3621979529272659,0.4897959183673469,0.2165,0.0015083511142424434,0.8612448763043364,0.9918029966244968,0.005211445620241899,0.02770462477526692,False,muere en la correccion (FDR q=0.1)
F200,0.1,roc_168 [bajo],largo,49,0.028256345525594792,0.41815602479904457,0.4897959183673469,0.3125,-0.0009220478561010088,1.3003283538749053,0.9250109997129712,-0.010436635090437655,0.008994761585507315,False,ARTEFACTO DE ESCALA (atr_ratio 1.30)
F200,0.1,desbal_168 [bajo],largo,49,0.027474657812082148,0.33614723319284295,0.5102040816326531,0.2805,2.5017312195951292e-05,1.1811744692821562,0.9326682266353143,-0.023351666629201434,0.01046338252564247,False,dentro del MDE del azar (±0.125)
F200,0.1,carry_acum [bajo],largo,49,0.027371922876138887,0.38847248796024714,0.5102040816326531,0.3135,0.0002760200145955341,1.1467520704917156,1.0336570888564953,-0.020062334064314593,0.01639268069869418,False,dentro del MDE del azar (±0.125)
F200,0.1,compresion ~ sin roc_24 [bajo],largo,49,0.02193945917747164,0.4822706947090918,0.5102040816326531,0.3835,0.001556931930579879,1.0525432470169631,0.8327358486989445,-0.02029565117339266,0.008350580925797567,False,dentro del MDE del azar (±0.125)
F200,0.1,ticket_rel ~ sin roc_24 [bajo],largo,49,0.013042274420549779,0.40272014742623546,0.5714285714285714,0.4025,0.0012499685916675355,1.038350404531282,0.9463675497563633,-0.037676267050730246,-0.005662054613810075,False,dentro del MDE del azar (±0.125)
F200,0.1,roc_720 [bajo],largo,49,0.009993590500924604,0.3297735725738786,0.42857142857142855,0.4,5.588036696072191e-05,1.2457229931441431,0.9417531312074106,-0.03083328037394681,-0.008882712687987824,False,dentro del MDE del azar (±0.125)
F200,0.1,roc_168 ~ sin roc_24 [bajo],largo,49,0.0052142366317531035,0.39838699880757134,0.5102040816326531,0.4665,-0.0009174999477981147,1.3447095211141424,0.9490562739453463,-0.03913933174314205,-0.01268680276124262,False,ARTEFACTO DE ESCALA (atr_ratio 1.34)
F200,0.1,compresion,largo,49,0.0019311433752661614,0.4813901689932553,0.46938775510204084,0.4845,5.358214641520377e-05,1.6491372668618878,1.4150699530406063,-0.019449250972360534,-0.008409762420637889,False,dentro del MDE del azar (±0.125)
F200,0.1,turnover ~ sin roc_24,largo,49,-0.001409701684264149,0.5986610546389327,0.42857142857142855,1.0,0.0004968516583385184,1.5808834176067241,1.221280790519709,-0.04077784276802409,-0.01831006921428779,False,spread <= 0
F200,0.1,dd_720 ~ sin roc_24,largo,49,-0.0042514417550214905,0.4150991933733251,0.4897959183673469,1.0,0.00023404499139768287,0.8707772499928789,1.0240240565219803,-0.03527824363234726,-0.018386280049100867,False,spread <= 0
F200,0.1,desbal_24 [bajo],largo,49,-0.0073273492641246964,0.24414145764160491,0.46938775510204084,1.0,-0.0004411491944005393,1.0338063863510638,0.9240268394635505,-0.043124620577238114,-0.02745141620679932,False,spread <= 0
F200,0.1,desbal_24 ~ sin roc_24 [bajo],largo,49,-0.010145025084770522,0.2746979055466974,0.42857142857142855,1.0,-0.0004456155000199843,1.0319722726931135,0.9316994971434907,-0.05376063000175296,-0.03084476744689456,False,spread <= 0
F200,0.1,pos_168 [bajo],largo,49,-0.010180955068638807,0.33993941718809756,0.3673469387755102,1.0,-0.0008701688791206909,1.1174684248360462,0.9080145960622589,-0.038619518500421876,-0.021480302693999892,False,spread <= 0
F200,0.1,ticket_rel [bajo],largo,49,-0.024863888484611043,0.4023278495853786,0.46938775510204084,1.0,0.00023999134110256595,1.0255758026680095,0.9427638629835533,-0.07890983645934117,-0.0429656771451284,False,spread <= 0
F200,0.1,desbal_168 ~ sin roc_24,largo,49,-0.0316153261791769,0.42084931465793435,0.4489795918367347,1.0,0.0005732509503549618,1.0024884287453997,0.9886236512937459,-0.04721608810654448,-0.04292159377675583,False,spread <= 0
F200,0.1,compresion ~ sin roc_24,largo,49,-0.039666654161275135,0.4945599831722831,0.4489795918367347,1.0,-0.000590673512034249,1.5792186331102565,1.3724055425754724,-0.0956510582385047,-0.06440692964410755,False,spread <= 0
F200,0.1,pos_168 ~ sin roc_24 [bajo],largo,49,-0.04257022494009809,0.3888180232623364,0.42857142857142855,1.0,-0.0004674168005153919,1.0846180473302471,0.9037194059584015,-0.09263658327214225,-0.06387403698616453,False,spread <= 0
F200,0.1,desbal ~ sin roc_24 [bajo],largo,49,-0.048356974349534725,0.33685133766447883,0.3877551020408163,1.0,-0.0004756307860547583,0.9714330099079471,0.9535927633083249,-0.08191639739893178,-0.0603490802545269,False,spread <= 0
F200,0.1,desbal ~ sin roc_24,largo,49,-0.0528997223804953,0.265397311552779,0.3673469387755102,1.0,-0.001000755811323178,0.9389838989561334,0.9236149271603096,-0.10359835896105166,-0.07053098338134887,False,spread <= 0
F200,0.1,desbal_168,largo,49,-0.053607240037406384,0.43780394415443724,0.3673469387755102,1.0,0.0002686916228772113,1.0055309281627998,0.9937420469418294,-0.07873325511799313,-0.07638143122650469,False,spread <= 0
F200,0.1,desbal,largo,49,-0.05400908886260793,0.2846822659900033,0.40816326530612246,1.0,-0.0009977831229061734,0.9433953815848599,0.9265092980100991,-0.08919654270834668,-0.0629397379783831,False,spread <= 0
F200,0.1,desbal [bajo],largo,49,-0.07050386916235062,0.30936962980068444,0.3469387755102041,1.0,-0.0011096880110416261,0.9720650356436968,0.9504298934988158,-0.10684115386479817,-0.08460570468518835,False,spread <= 0
F200,0.1,dd_168 ~ sin roc_24,largo,49,-0.08829174794230789,0.3231286901453917,0.3673469387755102,1.0,-0.0009627949557276195,0.7729237006095031,0.9478637595023871,-0.13915475489997223,-0.10908104037437509,False,spread <= 0
F200,0.1,CONTROL azar 2,largo,49,-0.08889053817884941,0.4539189591644047,0.3469387755102041,1.0,-0.0011115294707118436,1.0076321426010462,0.9693837554763441,-0.13542085366642204,-0.11430505371005834,False,control
F200,0.1,CONTROL azar 1,largo,49,-0.08917481316544525,0.33257419706603314,0.30612244897959184,1.0,-0.001875117895322249,1.0147416435457712,0.9683871591020321,-0.12687197127604727,-0.10110534086527671,False,control
F200,0.1,desbal_24,largo,49,-0.10040459588499312,0.4550546455882044,0.46938775510204084,1.0,-0.0006821713977361051,0.9447303835745702,0.949890774395769,-0.14600387934991127,-0.11738784279472511,False,spread <= 0
F200,0.1,ticket_rel ~ sin roc_24,largo,49,-0.1066874393841543,0.28137176120412544,0.2857142857142857,1.0,-0.0010303775373052685,1.0513271744096524,1.0324671367877043,-0.13072377046630954,-0.12124138054510468,False,spread <= 0
F200,0.1,desbal_24 ~ sin roc_24,largo,49,-0.10756399019798572,0.4191918538043789,0.42857142857142855,1.0,-0.0006679709625075031,0.9322333975778054,0.9438357491491319,-0.16061254690631982,-0.12739136614303917,False,spread <= 0
F200,0.1,ticket_rel,largo,49,-0.12676320072264824,0.3289811323076405,0.32653061224489793,1.0,-0.0017940034126092096,1.074772471806576,1.0490297316480435,-0.14642895841470074,-0.12900716011014238,False,spread <= 0
F200,0.1,CONTROL azar 3,largo,49,-0.14583274315595265,0.289406649999219,0.24489795918367346,1.0,-0.002083471983955948,1.0126805483820074,0.9719154091829447,-0.186990504958784,-0.163745823787745,False,control
F200,0.1,vol_24 [bajo],largo,49,-0.15407290945800514,0.29983269610321117,0.30612244897959184,1.0,-0.0014886673837532006,0.5941353407796168,0.8392196215653112,-0.21088234634833386,-0.1777888242650069,False,spread <= 0
F200,0.1,rango_168 ~ sin roc_24 [bajo],largo,49,-0.16047722860709643,0.3686422724720254,0.30612244897959184,1.0,-0.0016171115731745869,0.7121329118525941,0.9188307385453577,-0.20827870564187248,-0.17510699604491373,False,spread <= 0
F200,0.1,rango_168 [bajo],largo,49,-0.1657012085335978,0.3130106519060723,0.22448979591836735,1.0,-0.001726605279974593,0.6374786615314003,0.8986979780234621,-0.22032022138270901,-0.18363816995209545,False,spread <= 0
F200,0.1,vol_24 ~ sin roc_24 [bajo],largo,49,-0.1737210731261477,0.35103654152891794,0.2653061224489796,1.0,-0.0015548996242301374,0.6373622111137193,0.8597905497830952,-0.19708073767862572,-0.18033302742348656,False,spread <= 0
F200,0.1,atr_24 [bajo],largo,49,-0.17798166626999448,0.31735375974821317,0.2857142857142857,1.0,-0.0015052641306865767,0.5877385020501177,0.8619568995177435,-0.23254017593024812,-0.20400860042810604,False,spread <= 0
F200,0.1,vol_168 ~ sin roc_24 [bajo],largo,49,-0.20537875276153505,0.42533409884276513,0.2857142857142857,1.0,-0.0016593507267653193,0.625004136294377,0.9268145065729032,-0.27135337024408834,-0.2282061304196484,False,spread <= 0
F200,0.1,vol_168 [bajo],largo,49,-0.210630436662762,0.3626134130444289,0.2653061224489796,1.0,-0.0018449175900810914,0.605789801586552,0.9124491881218066,-0.255373519514692,-0.2325336398676433,False,spread <= 0
F200,0.1,atr_24 ~ sin roc_24 [bajo],largo,49,-0.2170442124253545,0.40198140402992505,0.30612244897959184,1.0,-0.001994119109150846,0.618646225550068,0.8769697943582462,-0.2530091743809716,-0.23356680158612295,False,spread <= 0
F200,0.1,n_surge,magnitud,49,2.82483141313529,1.6102397863546767,1.0,0.0,0.04874626232619926,1.5561153648178503,1.3519954950206636,2.6837206969004272,2.7779281511665666,True,SOBREVIVE
F200,0.1,roc_168,magnitud,49,2.7205984472533333,1.7452871172114788,0.9795918367346939,0.0,0.07151727821922187,1.9037021642590044,1.3179306507516046,2.5128862958344707,2.6538177046360816,True,SOBREVIVE
F200,0.1,roc_72,magnitud,49,2.697952706822733,1.738687635622237,1.0,0.0,0.06966044644712403,1.8969731947426032,1.337369330180993,2.5464073980459996,2.640902926315181,True,SOBREVIVE
F200,0.1,turnover,magnitud,49,2.6797929775744707,1.5293632234157675,1.0,0.0,0.045885499137672106,1.503143329880518,1.3234648581052026,2.5288227507884127,2.629216074297631,True,SOBREVIVE
F200,0.1,vol_24,magnitud,49,2.4943895672205896,1.7363597671525994,0.9591836734693877,0.0,0.10045691708083182,2.5496767184789526,1.468695928044383,2.2954041426230622,2.4284523128344992,True,SOBREVIVE
F200,0.1,atr_24,magnitud,49,2.4850858379027674,1.6335939480013797,0.9795918367346939,0.0,0.10520884479575247,2.5707932027609988,1.4691703163840995,2.241075037722829,2.4028304738164263,True,SOBREVIVE
F200,0.1,roc_24,magnitud,49,2.3739094783414547,1.45107417641758,0.9795918367346939,0.0,0.06285629390248552,1.7182072040465748,1.2443922735571027,2.216970010464003,2.3219699172727717,True,SOBREVIVE
F200,0.1,compresion,magnitud,49,2.1534194692172526,1.1191068329395477,1.0,0.0,0.038682816077748934,1.6491372668618878,1.4150699530406063,2.052820089837825,2.124844933768626,True,SOBREVIVE
F200,0.1,atr_24 ~ sin roc_24,magnitud,49,2.1057399873726674,1.5578715698960404,0.9591836734693877,0.0,0.09589006004971963,2.4887978262724686,1.415167272921546,1.9143751759026002,2.0507760784579894,True,SOBREVIVE
F200,0.1,n_surge ~ sin roc_24,magnitud,49,2.0616367653131733,1.166969295991038,0.9795918367346939,0.0,0.04740661349622457,1.599463665079394,1.2542276088136544,1.9657123370267415,2.027547709248907,True,SOBREVIVE
F200,0.1,vol_24 ~ sin roc_24,magnitud,49,1.9909375036795496,1.5300132519938194,0.9591836734693877,0.0,0.09030037225423698,2.4443743370564857,1.4044259625817548,1.857530430896488,1.94034356317475,True,SOBREVIVE
F200,0.1,rango_168,magnitud,49,1.970522664748031,1.5359503950401676,0.9591836734693877,0.0,0.0929684268828638,2.2714743903959556,1.198910706027883,1.774405455202703,1.911087519759201,True,SOBREVIVE
F200,0.1,roc_168 ~ sin roc_24,magnitud,49,1.9627395515892128,1.3791614715757812,0.9795918367346939,0.0,0.06050185549148836,1.8213534914003597,1.259691543053599,1.8073400546664287,1.8935295974352344,True,SOBREVIVE
F200,0.1,rango_168 ~ sin roc_24,magnitud,49,1.9525829189035124,1.4531332314638903,0.9387755102040817,0.0,0.08895800490860466,2.184857581924137,1.2021899225690893,1.7612368586993201,1.904940051013702,True,SOBREVIVE
F200,0.1,turnover ~ sin roc_24,magnitud,49,1.8840585355396744,0.9984805069977071,0.9795918367346939,0.0,0.045673191769609475,1.5808834176067241,1.221280790519709,1.7822628038047186,1.8499346200211408,True,SOBREVIVE
F200,0.1,vol_168,magnitud,49,1.8143716951350377,1.459612223240873,0.8979591836734694,0.0,0.09822840354267186,2.351569354030012,1.1806206091851763,1.678674271641096,1.7549704148017902,True,SOBREVIVE
F200,0.1,roc_72 ~ sin roc_24,magnitud,49,1.6818993351451796,1.2465873807997099,0.9795918367346939,0.0,0.05391828988302346,1.7699948920307567,1.2464357036517917,1.5570627332026512,1.6382680190982302,True,SOBREVIVE
F200,0.1,vol_168 ~ sin roc_24,magnitud,49,1.6757496946174124,1.4870841560412458,0.9183673469387755,0.0,0.09275639448780812,2.2707558904677203,1.1706055993076392,1.5322455031593778,1.6277566397042635,True,SOBREVIVE
F200,0.1,pos_168,magnitud,49,1.669322344262041,1.0005531307214863,1.0,0.0,0.03202879743225485,1.298704889263863,1.1110307633110557,1.6022220737825077,1.6370497216849091,True,SOBREVIVE
F200,0.1,compresion ~ sin roc_24,magnitud,49,1.6382104154293882,1.0074150922060892,0.9795918367346939,0.0,0.02931612937125168,1.5792186331102565,1.3724055425754724,1.5458079722234086,1.596912773909785,True,SOBREVIVE
F200,0.1,roc_720,magnitud,49,1.4304243292585836,1.5879906670587853,0.8571428571428571,0.0,0.06476000505104236,1.7742115187279317,1.0770474870946622,1.2161613822536403,1.3165711862639466,True,SOBREVIVE
F200,0.1,dd_168 ~ sin roc_24 [bajo],magnitud,49,1.1948788013258074,1.1694366776289484,0.8571428571428571,0.0,0.06872219369183107,1.8305578346037854,1.0571681134203197,1.0363418013405523,1.1449990553889464,True,SOBREVIVE
F200,0.1,carry_acum ~ sin roc_24 [bajo],magnitud,49,1.139750075296643,1.2120659493112285,0.8775510204081632,0.0,0.029322531112431483,1.3355548887623037,1.089338099887879,1.0325241137762975,1.0947272676998105,True,SOBREVIVE
F200,0.1,ticket_rel,magnitud,49,1.0988569673093393,0.6970057553692146,0.9795918367346939,0.0,0.01489935677186544,1.074772471806576,1.0490297316480435,1.0055905908708154,1.0611848798409087,True,SOBREVIVE
F200,0.1,roc_720 ~ sin roc_24,magnitud,49,1.0445445389659527,1.3889694389601874,0.7755102040816326,0.0,0.05873297230305283,1.7461629286515752,1.0625084541386116,0.8910375334028799,0.9720789350988955,True,SOBREVIVE
F200,0.1,dd_720,magnitud,49,1.0063714882692805,0.820616965364146,0.9795918367346939,0.0,-0.003111585344643703,0.9316534484608169,1.0636481600652472,0.9233481348449661,0.9830661278036855,True,ARTEFACTO DE ESCALA (atr_ratio 0.93)
F200,0.1,carry_acum ~ sin roc_24,magnitud,49,0.7942186296470027,0.9961135304186153,0.8571428571428571,0.0,0.052608606847617694,1.642994902350547,1.0403354489123129,0.6425616736933965,0.7444317382161819,True,SOBREVIVE
F200,0.1,pos_168 ~ sin roc_24,magnitud,49,0.766998838512575,0.6716803808252617,0.8571428571428571,0.0,0.014320861847282266,1.19310692256662,1.0582260179936336,0.7003656359823325,0.7367235351030675,True,SOBREVIVE
F200,0.1,carry_acum [bajo],magnitud,49,0.7186441392464785,1.0003682702578154,0.7755102040816326,0.0,0.016004133632592878,1.1467520704917156,1.0336570888564953,0.6117494912925571,0.6702970797376575,True,SOBREVIVE
F200,0.1,dd_168 [bajo],magnitud,49,0.6938215401838805,0.9959458625641049,0.7142857142857143,0.0,0.05931971204366002,1.7569082080128102,1.0304881839106161,0.5236358563738169,0.6629994071936123,True,SOBREVIVE
F200,0.1,ticket_rel ~ sin roc_24,magnitud,49,0.6787268428488399,0.5203641803500688,0.9183673469387755,0.0,0.00761955485340874,1.0513271744096524,1.0324671367877043,0.6042260517104472,0.6448659336956133,True,SOBREVIVE
F200,0.1,turnover ~ sin roc_24 [bajo],magnitud,49,0.550671177058389,0.7046026045687703,0.7755102040816326,0.0,0.035722013233349774,1.450633818019993,1.0444719091585632,0.4769233733155962,0.5132962261093234,True,SOBREVIVE
F200,0.1,dd_168,magnitud,49,0.5439251076323649,0.5638508705707154,0.8571428571428571,0.0,-0.010137623356718011,0.8612448763043364,0.9918029966244968,0.496475409923423,0.5251250749197767,True,ARTEFACTO DE ESCALA (atr_ratio 0.86)
F200,0.1,desbal_168,magnitud,49,0.5250376427877034,0.8199172074794818,0.7551020408163265,0.0,0.010072607335693673,1.0055309281627998,0.9937420469418294,0.44211260265010044,0.4856539276289687,True,SOBREVIVE
F200,0.1,carry_acum,magnitud,49,0.4544060557800675,1.0796553835991456,0.6122448979591837,0.001,0.05408720178761079,1.5942031096410765,0.9734382597299687,0.2626085519919503,0.3784119898839927,True,SOBREVIVE
F200,0.1,desbal_168 ~ sin roc_24,magnitud,49,0.44505701034771666,0.6643730265707551,0.7755102040816326,0.0,0.007701065203478079,1.0024884287453997,0.9886236512937459,0.352719226127342,0.4125128867044301,True,SOBREVIVE
F200,0.1,n_surge ~ sin roc_24 [bajo],magnitud,49,0.408180691400886,0.6734454070168068,0.7959183673469388,0.0,0.03576979689517359,1.4389796394703132,1.0133042583871859,0.3373987432719308,0.3762579495234169,True,SOBREVIVE
F200,0.1,dd_720 ~ sin roc_24,magnitud,49,0.3743487935730677,0.515126369185458,0.7346938775510204,0.0,-0.016062850453400744,0.8707772499928789,1.0240240565219803,0.2875205093076712,0.3301526265530405,True,ARTEFACTO DE ESCALA (atr_ratio 0.87)
F200,0.1,roc_72 ~ sin roc_24 [bajo],magnitud,49,0.3670958067806106,0.668221468789352,0.7142857142857143,0.0,0.03413277661095853,1.3972984860396083,0.9840892491129996,0.25861168011034696,0.33584624980430056,True,SOBREVIVE
F200,0.1,roc_720 ~ sin roc_24 [bajo],magnitud,49,0.3622256653293682,0.8202074008362937,0.7346938775510204,0.0,0.027139757029452427,1.3127819740310918,0.9706212202961819,0.26101932919442034,0.3174649650506846,True,SOBREVIVE
F200,0.1,roc_24 [bajo],magnitud,49,0.3486005274563754,0.7189245345038383,0.7346938775510204,0.0,0.03517568755164977,1.5267667672719414,1.0424107240880185,0.23186126607914964,0.27297652639690445,True,SOBREVIVE
F200,0.1,desbal_24,magnitud,49,0.19643776562987442,0.6064616701030769,0.673469387755102,0.009,-0.0011342236763957141,0.9447303835745702,0.949890774395769,0.15610270410075405,0.1676287633373899,True,ARTEFACTO DE ESCALA (atr_ratio 0.94)
F200,0.1,roc_168 ~ sin roc_24 [bajo],magnitud,49,0.15996414508491585,0.6602931290140563,0.5714285714285714,0.044,0.0315099849768542,1.3447095211141424,0.9490562739453463,0.07290527375026883,0.12114479006304073,False,muere en la correccion (FDR q=0.1)
F200,0.1,pos_168 ~ sin roc_24 [bajo],magnitud,49,0.13762346726482572,0.5575805640909268,0.6122448979591837,0.0315,0.015648226933209487,1.0846180473302471,0.9037194059584015,0.04280354692947258,0.10131807645486501,False,muere en la correccion (FDR q=0.1)
F200,0.1,compresion ~ sin roc_24 [bajo],magnitud,49,0.12953570628156652,0.62710438343432,0.5714285714285714,0.066,0.019879775494028556,1.0525432470169631,0.8327358486989445,0.015440866395651759,0.0834837435952873,False,dentro del MDE del azar (±0.125)
F200,0.1,CONTROL azar 2,magnitud,49,0.08470247608326044,0.5090776473993462,0.42857142857142855,0.111,-0.0011508954757422749,1.0076321426010462,0.9693837554763441,0.007543939144836531,0.05384550277676085,False,control
F200,0.1,dd_720 ~ sin roc_24 [bajo],magnitud,49,0.07704185637259384,0.7470985938846042,0.5102040816326531,0.2285,0.05210261952884924,1.5747218564662269,0.909469131160162,0.00944113754319885,0.0462402239848396,False,dentro del MDE del azar (±0.125)
F200,0.1,desbal_24 ~ sin roc_24,magnitud,49,0.060546233031112104,0.5518364259371273,0.5918367346938775,0.2055,-0.003684361386810632,0.9322333975778054,0.9438357491491319,0.00287264795874264,0.03535087980270004,False,ARTEFACTO DE ESCALA (atr_ratio 0.93)
F200,0.1,roc_72 [bajo],magnitud,49,0.050393753501437884,0.6637753242175252,0.5306122448979592,0.2965,0.029601336809313775,1.355250195633449,0.9647104257070636,-0.08356053728728838,-0.015207725314155754,False,dentro del MDE del azar (±0.125)
F200,0.1,CONTROL azar 1,magnitud,49,0.010478463772475063,0.3589802616323225,0.42857142857142855,0.435,-0.0001445515723155858,1.0147416435457712,0.9683871591020321,-0.042604347651360064,-0.015079135684840176,False,control
F200,0.1,CONTROL azar 3,magnitud,49,-0.037659032869483536,0.38477680952792487,0.4897959183673469,1.0,-0.00022177687566681342,1.0126805483820074,0.9719154091829447,-0.0798480099273868,-0.060899343463589106,False,control
F200,0.1,vol_168 ~ sin roc_24 [bajo],magnitud,49,-0.06640335139855526,0.6396190620060075,0.3469387755102041,1.0,-0.040368501222380636,0.625004136294377,0.9268145065729032,-0.14020363277829412,-0.09987691370802468,False,spread <= 0
F200,0.1,dd_168 ~ sin roc_24,magnitud,49,-0.06772383064849141,0.5159068391014564,0.4489795918367347,1.0,-0.026714721801564117,0.7729237006095031,0.9478637595023871,-0.13155613642584077,-0.09978221513074405,False,spread <= 0
F200,0.1,ticket_rel ~ sin roc_24 [bajo],magnitud,49,-0.08295807825963047,0.47557771341901095,0.3673469387755102,1.0,0.003906312247099579,1.038350404531282,0.9463675497563633,-0.15167145842994076,-0.11610955926022093,False,spread <= 0
F200,0.1,desbal_168 [bajo],magnitud,49,-0.09144779695530504,0.6871018710120125,0.40816326530612246,1.0,0.012738240931884486,1.1811744692821562,0.9326682266353143,-0.17955678780679268,-0.12908375164559943,False,spread <= 0
F200,0.1,compresion [bajo],magnitud,49,-0.09535789515886521,0.7065531783409279,0.40816326530612246,1.0,0.014410106552609676,1.0420844392251567,0.8184899959663259,-0.16543099932844924,-0.13415906330959293,False,spread <= 0
F200,0.1,desbal_168 ~ sin roc_24 [bajo],magnitud,49,-0.10194412636530384,0.6560044887893713,0.42857142857142855,1.0,0.01235390685154833,1.1829563686316609,0.933747858401019,-0.17377074265747275,-0.14234238467790641,False,spread <= 0
F200,0.1,dd_720 [bajo],magnitud,49,-0.11929275144128423,0.773792043218769,0.3673469387755102,1.0,0.04889115525427824,1.5655900603721349,0.905917114742712,-0.18375243646806216,-0.14084332555217852,False,spread <= 0
F200,0.1,desbal,magnitud,49,-0.13807198985301172,0.36660193142032577,0.3469387755102041,1.0,-0.007220925487136233,0.9433953815848599,0.9265092980100991,-0.19563554622653495,-0.16735689934213613,False,spread <= 0
F200,0.1,ticket_rel [bajo],magnitud,49,-0.1497703303583348,0.514759553208105,0.30612244897959184,1.0,0.0013857528793858776,1.0255758026680095,0.9427638629835533,-0.2219101925293654,-0.1741397710562582,False,spread <= 0
F200,0.1,desbal_24 ~ sin roc_24 [bajo],magnitud,49,-0.17503191836520482,0.5161771481788201,0.24489795918367346,1.0,0.000340941623421337,1.0319722726931135,0.9316994971434907,-0.21659965963181607,-0.19931042193189866,False,spread <= 0
F200,0.1,roc_720 [bajo],magnitud,49,-0.1893634250155232,0.6848968801881185,0.32653061224489793,1.0,0.020150774668780125,1.2457229931441431,0.9417531312074106,-0.24760045792250018,-0.21404458684086308,False,spread <= 0
F200,0.1,desbal ~ sin roc_24,magnitud,49,-0.19932127189137233,0.3410364993369946,0.22448979591836735,1.0,-0.00874480448637889,0.9389838989561334,0.9236149271603096,-0.2584707845409611,-0.226599522258073,False,spread <= 0
F200,0.1,pos_168 [bajo],magnitud,49,-0.24408203522676325,0.6599341307082746,0.32653061224489793,1.0,0.013195490448245471,1.1174684248360462,0.9080145960622589,-0.28560714298720924,-0.2669572126506511,False,spread <= 0
F200,0.1,rango_168 ~ sin roc_24 [bajo],magnitud,49,-0.24962580230018586,0.5344923848369642,0.2653061224489796,1.0,-0.03359862088817249,0.7121329118525941,0.9188307385453577,-0.32498872201686424,-0.2798760202444842,False,spread <= 0
F200,0.1,atr_24 ~ sin roc_24 [bajo],magnitud,49,-0.2528442543085245,0.672210986751319,0.2857142857142857,1.0,-0.03974281521355474,0.618646225550068,0.8769697943582462,-0.31679951378247956,-0.28947808619887994,False,spread <= 0
F200,0.1,roc_168 [bajo],magnitud,49,-0.2760698851360589,0.7624403590004082,0.32653061224489793,1.0,0.025617826855275524,1.3003283538749053,0.9250109997129712,-0.34512428696721076,-0.308023193379384,False,spread <= 0
F200,0.1,vol_24 ~ sin roc_24 [bajo],magnitud,49,-0.2819540632885714,0.6350800423406515,0.20408163265306123,1.0,-0.03565553701314699,0.6373622111137193,0.8597905497830952,-0.34364968975928123,-0.32373563678288575,False,spread <= 0
F200,0.1,desbal ~ sin roc_24 [bajo],magnitud,49,-0.28231385683583543,0.5019050614586923,0.20408163265306123,1.0,-0.01006765635942186,0.9714330099079471,0.9535927633083249,-0.30828802500833996,-0.2979367777194414,False,spread <= 0
F200,0.1,vol_168 [bajo],magnitud,49,-0.283328179215386,0.680576976837457,0.22448979591836735,1.0,-0.04572319481385855,0.605789801586552,0.9124491881218066,-0.3698789687860134,-0.3332311875716898,False,spread <= 0
F200,0.1,desbal_24 [bajo],magnitud,49,-0.3152649427930394,0.5674521678082048,0.1836734693877551,1.0,-0.0012880817291510422,1.0338063863510638,0.9240268394635505,-0.3702554503882988,-0.3404008484081795,False,spread <= 0
F200,0.1,desbal [bajo],magnitud,49,-0.34761491507592135,0.4770714521351593,0.14285714285714285,1.0,-0.010389506501751009,0.9720650356436968,0.9504298934988158,-0.3680637916010368,-0.3667153531714935,False,spread <= 0
F200,0.1,turnover [bajo],magnitud,49,-0.37575700255324873,0.6753012171669249,0.24489795918367346,1.0,0.01705741381438722,1.1694936582524664,0.885311819634955,-0.48349099303815735,-0.4079634751172316,False,spread <= 0
F200,0.1,n_surge [bajo],magnitud,49,-0.4074761368402582,0.6698206123328955,0.2653061224489796,1.0,0.020304515935546802,1.2124220367452434,0.8739705736308048,-0.4942745872642953,-0.4550096252762064,False,spread <= 0
F200,0.1,rango_168 [bajo],magnitud,49,-0.4118174212099995,0.5640401287861854,0.1836734693877551,1.0,-0.0416646046317808,0.6374786615314003,0.8986979780234621,-0.4849260297101621,-0.4460376473664827,False,spread <= 0
F200,0.1,atr_24 [bajo],magnitud,49,-0.485422191174999,0.6407492956715284,0.16326530612244897,1.0,-0.046935624565488256,0.5877385020501177,0.8619568995177435,-0.551346273603152,-0.5497826907600075,False,spread <= 0
F200,0.1,vol_24 [bajo],magnitud,49,-0.5496526882049457,0.6387060971838797,0.14285714285714285,1.0,-0.04417715509894969,0.5941353407796168,0.8392196215653112,-0.5978120701836485,-0.6033330954029429,False,spread <= 0
F200,0.5,CONTROL azar 3,corto,49,-0.27959517167181674,0.29410094610703347,0.14285714285714285,1.0,-0.003916528016044053,1.0126805483820074,0.9719154091829447,-0.3048333223430748,-0.29252925939871594,False,control
F200,0.5,ticket_rel,corto,49,-0.31225630451994224,0.3315383549434009,0.14285714285714285,1.0,-0.004205996587390791,1.074772471806576,1.0490297316480435,-0.34125307757100276,-0.3295750028240542,False,spread <= 0
F200,0.5,dd_720 [bajo],corto,49,-0.32140690927116367,0.4379499219565662,0.16326530612244897,1.0,-0.00626630709281587,1.5655900603721349,0.905917114742712,-0.3645992455972546,-0.34036998503464866,False,spread <= 0
F200,0.5,roc_168 ~ sin roc_24 [bajo],corto,49,-0.33096794578791533,0.41111940655130474,0.20408163265306123,1.0,-0.005082500052201885,1.3447095211141424,0.9490562739453463,-0.3475532938813271,-0.33100825434882275,False,spread <= 0
F200,0.5,dd_720 ~ sin roc_24 [bajo],corto,49,-0.3314037220120043,0.5102455103527936,0.22448979591836735,1.0,-0.006747353782293323,1.5747218564662269,0.909469131160162,-0.3689868377708935,-0.34548726052306944,False,spread <= 0
F200,0.5,vol_168,corto,49,-0.3318293285058393,0.8404719667420743,0.24489795918367346,1.0,-0.008962657453062337,2.351569354030012,1.1806206091851763,-0.4007212987975742,-0.3679340983051676,False,spread <= 0
F200,0.5,ticket_rel ~ sin roc_24,corto,49,-0.3342378964623388,0.2749973169091958,0.12244897959183673,1.0,-0.004969622462694731,1.0513271744096524,1.0324671367877043,-0.3581654067419736,-0.3485675608712652,False,spread <= 0
F200,0.5,pos_168 ~ sin roc_24 [bajo],corto,49,-0.3364855419377163,0.381048453683236,0.16326530612244897,1.0,-0.005532583199484608,1.0846180473302471,0.9037194059584015,-0.35709537349531234,-0.34590892541308327,False,spread <= 0
F200,0.5,CONTROL azar 1,corto,49,-0.33663954235530985,0.332346214808389,0.10204081632653061,1.0,-0.004124882104677751,1.0147416435457712,0.9683871591020321,-0.3698142374356131,-0.34514882193595675,False,control
F200,0.5,CONTROL azar 2,corto,49,-0.3397854282928008,0.4558941912067695,0.10204081632653061,1.0,-0.004888470529288157,1.0076321426010462,0.9693837554763441,-0.39101033555953585,-0.34699443085615056,False,control
F200,0.5,desbal_24 ~ sin roc_24,corto,49,-0.34080896099890806,0.4207257482822042,0.12244897959183673,1.0,-0.005332029037492498,0.9322333975778054,0.9438357491491319,-0.3516359235205626,-0.3429447967568734,False,spread <= 0
F200,0.5,desbal_24,corto,49,-0.34436895610406904,0.45821546568312393,0.14285714285714285,1.0,-0.005317828602263896,0.9447303835745702,0.949890774395769,-0.36420069617724765,-0.34657191814860233,False,spread <= 0
F200,0.5,roc_168 [bajo],corto,49,-0.35049717900438404,0.4280871022401094,0.14285714285714285,1.0,-0.005077952143898994,1.3003283538749053,0.9250109997129712,-0.3790013709075122,-0.35875075888521535,False,spread <= 0
F200,0.5,roc_720 [bajo],corto,49,-0.3550620228110576,0.3327620284600827,0.061224489795918366,1.0,-0.006055880366960723,1.2457229931441431,0.9417531312074106,-0.38414677387957197,-0.36882043462856073,False,spread <= 0
F200,0.5,dd_168 [bajo],corto,49,-0.35719905968849464,0.6107779555921614,0.12244897959183673,1.0,-0.008444673976040734,1.7569082080128102,1.0304881839106161,-0.4067729535664166,-0.38967219761066113,False,spread <= 0
F200,0.5,pos_168 [bajo],corto,49,-0.35756657984663015,0.34675085147851914,0.08163265306122448,1.0,-0.00512983112087931,1.1174684248360462,0.9080145960622589,-0.3828130865676324,-0.36594100336859053,False,spread <= 0
F200,0.5,carry_acum ~ sin roc_24,corto,49,-0.36017111873142993,0.5972902668342431,0.24489795918367346,1.0,-0.006817979600455005,1.642994902350547,1.0403354489123129,-0.41079216405648156,-0.3798287828849257,False,spread <= 0
F200,0.5,desbal [bajo],corto,49,-0.36578205760393195,0.30675036870260647,0.061224489795918366,1.0,-0.004890311988958374,0.9720650356436968,0.9504298934988158,-0.39227176098936056,-0.3759958389726015,False,spread <= 0
F200,0.5,roc_72 ~ sin roc_24 [bajo],corto,49,-0.3679406367070637,0.5394672122302022,0.1836734693877551,1.0,-0.006425791101152897,1.3972984860396083,0.9840892491129996,-0.38294348733100236,-0.3755040448369796,False,spread <= 0
F200,0.5,compresion ~ sin roc_24,corto,49,-0.3708321386414797,0.5240495608333793,0.22448979591836735,1.0,-0.005409326487965752,1.5792186331102565,1.3724055425754724,-0.4024870503360794,-0.3801841612768081,False,spread <= 0
F200,0.5,dd_168 ~ sin roc_24 [bajo],corto,49,-0.373299684541906,0.6652081786677791,0.20408163265306123,1.0,-0.00850995225391269,1.8305578346037854,1.0571681134203197,-0.4043458835733636,-0.3876043197475665,False,spread <= 0
F200,0.5,turnover ~ sin roc_24,corto,49,-0.37561793800871845,0.606092825853785,0.1836734693877551,1.0,-0.006496851658338518,1.5808834176067241,1.221280790519709,-0.4043805087796311,-0.38385084428451527,False,spread <= 0
F200,0.5,roc_720 ~ sin roc_24,corto,49,-0.37706817316149716,0.7336547216360271,0.22448979591836735,1.0,-0.008146086039459346,1.7461629286515752,1.0625084541386116,-0.4470883580349422,-0.3810646342915074,False,spread <= 0
F200,0.5,atr_24,corto,49,-0.3787811512128994,0.7611624549068814,0.2857142857142857,1.0,-0.008776811144892422,2.5707932027609988,1.4691703163840995,-0.43747104142406057,-0.3890744365768664,False,spread <= 0
F200,0.5,roc_24 [bajo],corto,49,-0.38158652554913586,0.4856806741057779,0.20408163265306123,1.0,-0.0070067734610545565,1.5267667672719414,1.0424107240880185,-0.3986028992072969,-0.38716815212756633,False,spread <= 0
F200,0.5,ticket_rel [bajo],corto,49,-0.38237664542986705,0.4218452636158058,0.061224489795918366,1.0,-0.0062399913411025675,1.0255758026680095,0.9427638629835533,-0.434743070461554,-0.4177503171303328,False,spread <= 0
F200,0.5,roc_72 [bajo],corto,49,-0.38319632288628747,0.5086399881494662,0.16326530612244897,1.0,-0.00695867474567041,1.355250195633449,0.9647104257070636,-0.4004760513545813,-0.3885171535221294,False,spread <= 0
F200,0.5,desbal,corto,49,-0.38393845377219366,0.2801621060071336,0.10204081632653061,1.0,-0.005002216877093827,0.9433953815848599,0.9265092980100991,-0.39476473564584164,-0.39199451688798775,False,spread <= 0
F200,0.5,desbal ~ sin roc_24,corto,49,-0.3854219189522612,0.2642978030961522,0.10204081632653061,1.0,-0.004999244188676823,0.9389838989561334,0.9236149271603096,-0.39171924088119875,-0.3849625712565209,False,spread <= 0
F200,0.5,desbal_168 [bajo],corto,49,-0.3888415805496301,0.36401790408441126,0.12244897959183673,1.0,-0.006025017312195951,1.1811744692821562,0.9326682266353143,-0.3958752643546568,-0.39432539585874904,False,spread <= 0
F200,0.5,compresion ~ sin roc_24 [bajo],corto,49,-0.389259527964066,0.4794042203333721,0.10204081632653061,1.0,-0.007556931930579879,1.0525432470169631,0.8327358486989445,-0.43031181319677936,-0.4086462804690942,False,spread <= 0
F200,0.5,desbal ~ sin roc_24 [bajo],corto,49,-0.38966059569541256,0.3393271767298569,0.10204081632653061,1.0,-0.005524369213945242,0.9714330099079471,0.9535927633083249,-0.418691589841436,-0.4016254625444486,False,spread <= 0
F200,0.5,desbal_24 ~ sin roc_24 [bajo],corto,49,-0.3908269927088473,0.29681235581732934,0.061224489795918366,1.0,-0.005554384499980017,1.0319722726931135,0.9316994971434907,-0.4039122636337729,-0.400897292239728,False,spread <= 0
F200,0.5,desbal_24 [bajo],corto,49,-0.3912215259868615,0.2643248636181519,0.061224489795918366,1.0,-0.005558850805599462,1.0338063863510638,0.9240268394635505,-0.4097909930609903,-0.4034654581687675,False,spread <= 0
F200,0.5,desbal_168,corto,49,-0.39151023599885376,0.44260392630566847,0.08163265306122448,1.0,-0.006268691622877212,1.0055309281627998,0.9937420469418294,-0.42835709870373784,-0.4135761396616106,False,spread <= 0
F200,0.5,vol_168 ~ sin roc_24,corto,49,-0.3917498705945902,0.856653096743918,0.24489795918367346,1.0,-0.010095223075777097,2.2707558904677203,1.1706055993076392,-0.47161738380781465,-0.4262950447700947,False,spread <= 0
F200,0.5,roc_720 ~ sin roc_24 [bajo],corto,49,-0.39893437396993514,0.4373160914132776,0.1836734693877551,1.0,-0.006812274076776488,1.3127819740310918,0.9706212202961819,-0.4193272772266416,-0.41177681694905016,False,spread <= 0
F200,0.5,n_surge [bajo],corto,49,-0.40169878721237456,0.44075889194310297,0.16326530612244897,1.0,-0.008371599038650519,1.2124220367452434,0.8739705736308048,-0.4268966007060809,-0.410411398760209,False,spread <= 0
F200,0.5,desbal_168 ~ sin roc_24 [bajo],corto,49,-0.4069892540949613,0.3594801938869424,0.08163265306122448,1.0,-0.006584712393501212,1.1829563686316609,0.933747858401019,-0.41491116155918956,-0.4099058585883123,False,spread <= 0
F200,0.5,compresion,corto,49,-0.407666441061875,0.5085381066421164,0.1836734693877551,1.0,-0.006053582146415204,1.6491372668618878,1.4150699530406063,-0.4542979196266103,-0.4229883638831852,False,spread <= 0
F200,0.5,roc_720,corto,49,-0.41212407104823395,0.7025620360103872,0.16326530612244897,1.0,-0.009052288798547648,1.7742115187279317,1.0770474870946622,-0.43303865233480704,-0.42382502612167977,False,spread <= 0
F200,0.5,desbal_168 ~ sin roc_24,corto,49,-0.4132284415755826,0.4275415606789445,0.10204081632653061,1.0,-0.0065732509503549615,1.0024884287453997,0.9886236512937459,-0.48174102687867537,-0.42648856214934877,False,spread <= 0
F200,0.5,rango_168,corto,49,-0.4181168979653509,0.8028127563746805,0.22448979591836735,1.0,-0.010197610316904672,2.2714743903959556,1.198910706027883,-0.49587048993258476,-0.46966455306794685,False,spread <= 0
F200,0.5,ticket_rel ~ sin roc_24 [bajo],corto,49,-0.4193680492544826,0.416585537106837,0.08163265306122448,1.0,-0.007249968591667536,1.038350404531282,0.9463675497563633,-0.47113505130778566,-0.4524080460522055,False,spread <= 0
F200,0.5,atr_24 ~ sin roc_24,corto,49,-0.42889004719037166,0.7551517272910142,0.30612244897959184,1.0,-0.010085686635100531,2.4887978262724686,1.415167272921546,-0.4649192978811675,-0.4533563747734049,False,spread <= 0
F200,0.5,carry_acum,corto,49,-0.43612008484781933,0.6540324022091342,0.24489795918367346,1.0,-0.008515683483908458,1.5942031096410765,0.9734382597299687,-0.4815494383780386,-0.4463787999758554,False,spread <= 0
F200,0.5,vol_24,corto,49,-0.43651654886043184,0.652210322247127,0.2653061224489796,1.0,-0.008852582396755768,2.5496767184789526,1.468695928044383,-0.46471552791751924,-0.4490778788232821,False,spread <= 0
F200,0.5,carry_acum [bajo],corto,49,-0.43840469076945615,0.38766876547026585,0.12244897959183673,1.0,-0.006276020014595536,1.1467520704917156,1.0336570888564953,-0.4452033930007116,-0.4404050335125592,False,spread <= 0
F200,0.5,vol_24 ~ sin roc_24,corto,49,-0.4405025269913746,0.690351691337642,0.22448979591836735,1.0,-0.00983755354222643,2.4443743370564857,1.4044259625817548,-0.4576056957668181,-0.44877658331251047,False,spread <= 0
F200,0.5,atr_24 ~ sin roc_24 [bajo],corto,49,-0.4409408741078321,0.3802838386733253,0.08163265306122448,1.0,-0.004005880890849155,0.618646225550068,0.8769697943582462,-0.4431286084644882,-0.4390964263233175,False,spread <= 0
F200,0.5,rango_168 ~ sin roc_24 [bajo],corto,49,-0.44100437799310055,0.37189126450780224,0.08163265306122448,1.0,-0.004382888426825414,0.7121329118525941,0.9188307385453577,-0.44903501369722587,-0.4383999787165954,False,spread <= 0
F200,0.5,vol_24 ~ sin roc_24 [bajo],corto,49,-0.44955777459560275,0.3430995316016449,0.04081632653061224,1.0,-0.004445100375769864,0.6373622111137193,0.8597905497830952,-0.4488815507818868,-0.4505064600367686,False,spread <= 0
F200,0.5,n_surge ~ sin roc_24,corto,49,-0.4500176325019642,0.6338823379808133,0.22448979591836735,1.0,-0.007544105594155951,1.599463665079394,1.2542276088136544,-0.46594961754541325,-0.45425791962925,False,spread <= 0
F200,0.5,carry_acum ~ sin roc_24 [bajo],corto,49,-0.45216365801598823,0.5222798849611596,0.16326530612244897,1.0,-0.006494257954555298,1.3355548887623037,1.089338099887879,-0.4809706915264026,-0.466271232634973,False,spread <= 0
F200,0.5,turnover [bajo],corto,49,-0.45216416339960386,0.43581801950908844,0.14285714285714285,1.0,-0.008701049424016127,1.1694936582524664,0.885311819634955,-0.46282429938908215,-0.45766360124439076,False,spread <= 0
F200,0.5,n_surge ~ sin roc_24 [bajo],corto,49,-0.4581442119928779,0.4617278790708854,0.1836734693877551,1.0,-0.008709526175291872,1.4389796394703132,1.0133042583871859,-0.4813585412255703,-0.4657362232916041,False,spread <= 0
F200,0.5,roc_72,corto,49,-0.45909278929178826,0.6396577069586474,0.20408163265306123,1.0,-0.00748461023920471,1.8969731947426032,1.337369330180993,-0.4872408546070488,-0.4682826149539985,False,spread <= 0
F200,0.5,vol_168 ~ sin roc_24 [bajo],corto,49,-0.45935696786619085,0.41664524727948293,0.061224489795918366,1.0,-0.004340649273234681,0.625004136294377,0.9268145065729032,-0.4356004614083271,-0.46018844798037645,False,spread <= 0
F200,0.5,rango_168 ~ sin roc_24,corto,49,-0.46648295648959986,0.7131488072854824,0.22448979591836735,1.0,-0.01074544565776223,2.184857581924137,1.2021899225690893,-0.5260695766095118,-0.5061635510261444,False,spread <= 0
F200,0.5,vol_168 [bajo],corto,49,-0.46892586770619193,0.3488428318504423,0.061224489795918366,1.0,-0.004155082409918909,0.605789801586552,0.9124491881218066,-0.4512770510436163,-0.4711929828079416,False,spread <= 0
F200,0.5,rango_168 [bajo],corto,49,-0.4724410355536922,0.307248952063853,0.04081632653061224,1.0,-0.004273394720025407,0.6374786615314003,0.8986979780234621,-0.47176060922786195,-0.4890973192605895,False,spread <= 0
F200,0.5,compresion [bajo],corto,49,-0.4736149064244037,0.47116118409095414,0.08163265306122448,1.0,-0.009280066247510012,1.0420844392251567,0.8184899959663259,-0.5364246395401975,-0.48920112043934677,False,spread <= 0
F200,0.5,dd_168 ~ sin roc_24,corto,49,-0.4748585100257453,0.3343830526451168,0.10204081632653061,1.0,-0.005037205044272381,0.7729237006095031,0.9478637595023871,-0.47523502132489226,-0.48105047077635543,False,spread <= 0
F200,0.5,turnover ~ sin roc_24 [bajo],corto,49,-0.4841037943488023,0.4270504600051802,0.061224489795918366,1.0,-0.008813792399299058,1.450633818019993,1.0444719091585632,-0.5040900916294834,-0.4952443546967458,False,spread <= 0
F200,0.5,roc_168 ~ sin roc_24,corto,49,-0.486232294041378,0.7138967341637046,0.12244897959183673,1.0,-0.00970217340940929,1.8213534914003597,1.259691543053599,-0.5596575802884457,-0.5360933498706512,False,spread <= 0
F200,0.5,roc_72 ~ sin roc_24,corto,49,-0.4901275574864341,0.6121171939562234,0.16326530612244897,1.0,-0.00864357545057814,1.7699948920307567,1.2464357036517917,-0.5219303931500172,-0.5026410828655776,False,spread <= 0
F200,0.5,vol_24 [bajo],corto,49,-0.4964117088981961,0.2812497294150009,0.02040816326530612,1.0,-0.004511332616246801,0.5941353407796168,0.8392196215653112,-0.4757871906528216,-0.4842632553956759,False,spread <= 0
F200,0.5,atr_24 [bajo],corto,49,-0.49743869498508936,0.29953096008646496,0.04081632653061224,1.0,-0.004494735869313424,0.5877385020501177,0.8619568995177435,-0.49443620926195564,-0.49908271483074357,False,spread <= 0
F200,0.5,turnover,corto,49,-0.5016017558190341,0.5080159235381135,0.16326530612244897,1.0,-0.0068089594145346365,1.503143329880518,1.3234648581052026,-0.5218105664578393,-0.5070849366570732,False,spread <= 0
F200,0.5,n_surge,corto,49,-0.5144477967187971,0.6157872055003794,0.20408163265306123,1.0,-0.006730959968087951,1.5561153648178503,1.3519954950206636,-0.5346004964086465,-0.5235290924999081,False,spread <= 0
F200,0.5,dd_720 ~ sin roc_24,corto,49,-0.5295452352983855,0.44443468769943,0.10204081632653061,1.0,-0.006234044991397683,0.8707772499928789,1.0240240565219803,-0.5338478407373533,-0.5388598098856547,False,spread <= 0
F200,0.5,pos_168 ~ sin roc_24,corto,49,-0.5310850249043486,0.3884741330459255,0.08163265306122448,1.0,-0.007908957540407244,1.19310692256662,1.0582260179936336,-0.569494104463194,-0.543707102515004,False,spread <= 0
F200,0.5,roc_168,corto,49,-0.5413689302803674,0.6578320372957276,0.16326530612244897,1.0,-0.01054763578532101,1.9037021642590044,1.3179306507516046,-0.6013868745023987,-0.5582458474859352,False,spread <= 0
F200,0.5,roc_24,corto,49,-0.5538797027926813,0.5780256465690077,0.14285714285714285,1.0,-0.009730478813281903,1.7182072040465748,1.2443922735571027,-0.5736390018630143,-0.557864415977563,False,spread <= 0
F200,0.5,dd_168,corto,49,-0.5722216721335065,0.3721441792504808,0.08163265306122448,1.0,-0.0075083511142424435,0.8612448763043364,0.9918029966244968,-0.6211679423290136,-0.5792889776688351,False,spread <= 0
F200,0.5,pos_168,corto,49,-0.593880424045172,0.4761152791234139,0.10204081632653061,1.0,-0.008644457077371187,1.298704889263863,1.1110307633110557,-0.6116320222582501,-0.604685322615048,False,spread <= 0
F200,0.5,dd_720,corto,49,-0.6113448450746117,0.5994452038400261,0.12244897959183673,1.0,-0.007734018081925312,0.9316534484608169,1.0636481600652472,-0.6212268073710062,-0.6250544685869599,False,spread <= 0
F200,0.5,rango_168 ~ sin roc_24,largo,49,0.017853986676262562,0.7103901502094072,0.42857142857142855,0.4255,0.0007454456577622277,2.184857581924137,1.2021899225690893,-0.05511908977431395,-0.013307058869559974,False,muere en la correccion (FDR q=0.1)
F200,0.5,atr_24 ~ sin roc_24,largo,49,-0.001465565679285248,0.7423859541032303,0.5102040816326531,1.0,8.568663510052995e-05,2.4887978262724686,1.415167272921546,-0.06424927813890485,-0.024210679492944823,False,spread <= 0
F200,0.5,vol_24 ~ sin roc_24,largo,49,-0.006553935522024141,0.6667876648060163,0.42857142857142855,1.0,-0.00016244645777357036,2.4443743370564857,1.4044259625817548,-0.05512990764687343,-0.037987534279814585,False,spread <= 0
F200,0.5,vol_24,largo,49,-0.012020221557562796,0.6303379173730964,0.42857142857142855,1.0,-0.0011474176032442312,2.5496767184789526,1.468695928044383,-0.074459097436859,-0.042411871315659724,False,spread <= 0
F200,0.5,rango_168,largo,49,-0.018534272208744103,0.7957144493546574,0.4897959183673469,1.0,0.00019761031690467234,2.2714743903959556,1.198910706027883,-0.06526576365394493,-0.04628298907625021,False,spread <= 0
F200,0.5,vol_168 ~ sin roc_24,largo,49,-0.019412748901061965,0.8502046084062963,0.46938775510204084,1.0,9.522307577709733e-05,2.2707558904677203,1.1706055993076392,-0.06664830519732085,-0.03808523126935887,False,spread <= 0
F200,0.5,roc_168,largo,49,-0.024239995770948118,0.6541768105491405,0.4489795918367347,1.0,0.0005476357853210101,1.9037021642590044,1.3179306507516046,-0.08551985404043859,-0.05136325533071925,False,spread <= 0
F200,0.5,roc_24,largo,49,-0.024764421250224086,0.5575714908085835,0.40816326530612246,1.0,-0.0002695211867180966,1.7182072040465748,1.2443922735571027,-0.11014705605235255,-0.05733269535963715,False,spread <= 0
F200,0.5,atr_24,largo,49,-0.04609713004008678,0.7496102907989565,0.46938775510204084,1.0,-0.0012231888551075785,2.5707932027609988,1.4691703163840995,-0.08244275684464394,-0.06781110635195546,False,spread <= 0
F200,0.5,carry_acum,largo,49,-0.05090761069950957,0.6412188790747853,0.3877551020408163,1.0,-0.0014843165160915417,1.5942031096410765,0.9734382597299687,-0.11777297973978051,-0.06783998896496686,False,spread <= 0
F200,0.5,vol_168,largo,49,-0.06997396191459929,0.8361707757227937,0.42857142857142855,1.0,-0.0010373425469376628,2.351569354030012,1.1806206091851763,-0.11047086490507993,-0.0847451894239891,False,spread <= 0
F200,0.5,roc_168 ~ sin roc_24,largo,49,-0.07289776508324025,0.694534714331787,0.4489795918367347,1.0,-0.0002978265905907105,1.8213534914003597,1.259691543053599,-0.12859378586104678,-0.09950808010373045,False,spread <= 0
F200,0.5,roc_72 ~ sin roc_24,largo,49,-0.0784378355662791,0.5886829391146894,0.42857142857142855,1.0,-0.0013564245494218606,1.7699948920307567,1.2464357036517917,-0.1343149261822154,-0.10049430589062537,False,spread <= 0
F200,0.5,turnover ~ sin roc_24 [bajo],largo,49,-0.07978734725437646,0.42404051637066126,0.3469387755102041,1.0,-0.0011862076007009418,1.450633818019993,1.0444719091585632,-0.13314150530318658,-0.0958127973986342,False,spread <= 0
F200,0.5,roc_720,largo,49,-0.08122493352818304,0.6971788039595483,0.3877551020408163,1.0,-0.0009477112014523531,1.7742115187279317,1.0770474870946622,-0.1373209000363023,-0.1048374677944368,False,spread <= 0
F200,0.5,pos_168,largo,49,-0.09023179551671916,0.45794112928142416,0.32653061224489793,1.0,-0.0013555429226288144,1.298704889263863,1.1110307633110557,-0.15058573840168946,-0.10638224374211537,False,spread <= 0
F200,0.5,n_surge ~ sin roc_24 [bajo],largo,49,-0.09277319992929284,0.4572790860794326,0.3673469387755102,1.0,-0.0012904738247081302,1.4389796394703132,1.0133042583871859,-0.14558176290403835,-0.1148986850557584,False,spread <= 0
F200,0.5,dd_168 ~ sin roc_24 [bajo],largo,49,-0.09344521275226163,0.6572699569464685,0.42857142857142855,1.0,-0.0014900477460873093,1.8305578346037854,1.0571681134203197,-0.1397095352040841,-0.10733254546925278,False,spread <= 0
F200,0.5,dd_168 [bajo],largo,49,-0.10889100586186787,0.6109026241051775,0.3673469387755102,1.0,-0.0015553260239592667,1.7569082080128102,1.0304881839106161,-0.14946058044997235,-0.11714110558533887,False,spread <= 0
F200,0.5,roc_720 ~ sin roc_24,largo,49,-0.1141618737132029,0.7322594445926734,0.42857142857142855,1.0,-0.0018539139605406537,1.7461629286515752,1.0625084541386116,-0.18261615790250557,-0.13924241813234528,False,spread <= 0
F200,0.5,roc_72,largo,49,-0.11446350611181515,0.6127694193012108,0.4489795918367347,1.0,-0.0025153897607952916,1.8969731947426032,1.337369330180993,-0.17056847940243916,-0.13245505392477155,False,spread <= 0
F200,0.5,dd_720 ~ sin roc_24 [bajo],largo,49,-0.11746151598656432,0.48982862645611747,0.3877551020408163,1.0,-0.0032526462177066783,1.5747218564662269,0.909469131160162,-0.16214045177963252,-0.14633710855003282,False,spread <= 0
F200,0.5,turnover [bajo],largo,49,-0.1191711511525949,0.43096661667853375,0.40816326530612246,1.0,-0.0012989505759838725,1.1694936582524664,0.885311819634955,-0.19827519695686743,-0.1474865459159517,False,spread <= 0
F200,0.5,dd_720 [bajo],largo,49,-0.1268440010267302,0.4197961084829269,0.3877551020408163,1.0,-0.0037336929071841297,1.5655900603721349,0.905917114742712,-0.16342673630952134,-0.13624640213283684,False,spread <= 0
F200,0.5,compresion [bajo],largo,49,-0.13724908208881872,0.4782138410427066,0.3469387755102041,1.0,-0.0007199337524899878,1.0420844392251567,0.8184899959663259,-0.19437404190111685,-0.1590925501248503,False,spread <= 0
F200,0.5,carry_acum ~ sin roc_24,largo,49,-0.1447051809938383,0.5969251493302815,0.32653061224489793,1.0,-0.0031820203995449937,1.642994902350547,1.0403354489123129,-0.19856811655829268,-0.15183970518161977,False,spread <= 0
F200,0.5,n_surge [bajo],largo,49,-0.1468068970864634,0.44260911847338363,0.32653061224489793,1.0,-0.0016284009613494815,1.2124220367452434,0.8739705736308048,-0.21397265592660603,-0.1718803112428706,False,spread <= 0
F200,0.5,roc_24 [bajo],largo,49,-0.1587506052185123,0.49094867966659494,0.3469387755102041,1.0,-0.0029932265389454446,1.5267667672719414,1.0424107240880185,-0.20181592562713233,-0.17576654111267956,False,spread <= 0
F200,0.5,roc_72 [bajo],largo,49,-0.16290968165616326,0.5116349935932336,0.3673469387755102,1.0,-0.0030413252543295905,1.355250195633449,0.9647104257070636,-0.22339988535506378,-0.1920463693042528,False,spread <= 0
F200,0.5,n_surge,largo,49,-0.17020203594913058,0.578680297796041,0.32653061224489793,1.0,-0.0032690400319120494,1.5561153648178503,1.3519954950206636,-0.22847216731692496,-0.1905316430125293,False,spread <= 0
F200,0.5,pos_168 ~ sin roc_24,largo,49,-0.17487791506633987,0.4081524068788152,0.32653061224489793,1.0,-0.0020910424595927545,1.19310692256662,1.0582260179936336,-0.2115270368440394,-0.191150695522227,False,spread <= 0
F200,0.5,roc_720 ~ sin roc_24 [bajo],largo,49,-0.17741696728731263,0.4407890384430152,0.2857142857142857,1.0,-0.0031877259232235126,1.3127819740310918,0.9706212202961819,-0.24296780674442658,-0.19843002482942299,False,spread <= 0
F200,0.5,roc_72 ~ sin roc_24 [bajo],largo,49,-0.17777740222186025,0.5362484114989265,0.32653061224489793,1.0,-0.0035742088988471032,1.3972984860396083,0.9840892491129996,-0.24117906271258652,-0.20033049744596426,False,spread <= 0
F200,0.5,n_surge ~ sin roc_24,largo,49,-0.1820405903132032,0.6141663401066773,0.32653061224489793,1.0,-0.0024558944058440508,1.599463665079394,1.2542276088136544,-0.23380640309474301,-0.20012535465921352,False,spread <= 0
F200,0.5,roc_168 [bajo],largo,49,-0.18657087679359802,0.41544152534150314,0.20408163265306123,1.0,-0.004922047856101008,1.3003283538749053,0.9250109997129712,-0.22815447398197497,-0.2061414254275721,False,spread <= 0
F200,0.5,turnover,largo,49,-0.18872760484169482,0.4762465691294034,0.32653061224489793,1.0,-0.003191040585465364,1.503143329880518,1.3234648581052026,-0.2525792710249214,-0.2076514700935479,False,spread <= 0
F200,0.5,desbal_168 ~ sin roc_24 [bajo],largo,49,-0.19588714044543756,0.32694514545825504,0.22448979591836735,1.0,-0.0034152876064987886,1.1829563686316609,0.933747858401019,-0.23627063591954456,-0.2160704418798671,False,spread <= 0
F200,0.5,carry_acum ~ sin roc_24 [bajo],largo,49,-0.19725763205085417,0.5117895109021269,0.32653061224489793,1.0,-0.003505742045444702,1.3355548887623037,1.089338099887879,-0.22793972171065124,-0.2114389200811639,False,spread <= 0
F200,0.5,roc_168 ~ sin roc_24 [bajo],largo,49,-0.21195490280568838,0.39388167999207135,0.1836734693877551,1.0,-0.004917499947798114,1.3447095211141424,0.9490562739453463,-0.2584530062932542,-0.23032574931486313,False,spread <= 0
F200,0.5,desbal_168 [bajo],largo,49,-0.21343662401294983,0.3240516895200615,0.20408163265306123,1.0,-0.003974982687804047,1.1811744692821562,0.9326682266353143,-0.2664591377004324,-0.23088216773338,False,spread <= 0
F200,0.5,roc_720 [bajo],largo,49,-0.22005203103916401,0.3350447373254632,0.2857142857142857,1.0,-0.0039441196330392775,1.2457229931441431,0.9417531312074106,-0.26339241179824446,-0.240178540918815,False,spread <= 0
F200,0.5,compresion ~ sin roc_24 [bajo],largo,49,-0.22294058668025796,0.4871284316238885,0.20408163265306123,1.0,-0.002443068069420121,1.0525432470169631,0.8327358486989445,-0.2688993433179561,-0.23782661444494776,False,spread <= 0
F200,0.5,carry_acum [bajo],largo,49,-0.24664992238607264,0.3936193638317116,0.24489795918367346,1.0,-0.003723979985404465,1.1467520704917156,1.0336570888564953,-0.2948629921329158,-0.2567886190276133,False,spread <= 0
F200,0.5,turnover ~ sin roc_24,largo,49,-0.2527614614795859,0.5956690991395976,0.2857142857142857,1.0,-0.003503148341661481,1.5808834176067241,1.221280790519709,-0.29168958217690727,-0.26922924431852147,False,spread <= 0
F200,0.5,pos_168 [bajo],largo,49,-0.2553459783454847,0.33986311369420047,0.12244897959183673,1.0,-0.0048701688791206905,1.1174684248360462,0.9080145960622589,-0.2853896188032527,-0.26739728962484616,False,spread <= 0
F200,0.5,dd_720,largo,49,-0.2556959508327318,0.5533516205968045,0.20408163265306123,1.0,-0.0022659819180746894,0.9316534484608169,1.0636481600652472,-0.29734415201164066,-0.27200797817895345,False,spread <= 0
F200,0.5,ticket_rel ~ sin roc_24 [bajo],largo,49,-0.2578415754687388,0.396677199506846,0.20408163265306123,1.0,-0.0027500314083324638,1.038350404531282,0.9463675497563633,-0.31120320002202007,-0.2774862831747545,False,spread <= 0
F200,0.5,compresion,largo,49,-0.268559055082473,0.4661736011127345,0.24489795918367346,1.0,-0.003946417853584796,1.6491372668618878,1.4150699530406063,-0.29160594892652414,-0.2798363395573043,False,spread <= 0
F200,0.5,desbal_24 [bajo],largo,49,-0.27302659943144886,0.23736367270113387,0.16326530612244897,1.0,-0.004441149194400539,1.0338063863510638,0.9240268394635505,-0.31103740510994826,-0.2935042092090855,False,spread <= 0
F200,0.5,desbal_24 ~ sin roc_24 [bajo],largo,49,-0.2774597036138491,0.26600667103445536,0.16326530612244897,1.0,-0.004445615500019984,1.0319722726931135,0.9316994971434907,-0.32355415502028523,-0.29861084474347743,False,spread <= 0
F200,0.5,pos_168 ~ sin roc_24 [bajo],largo,49,-0.2952740695253077,0.3982171468548781,0.16326530612244897,1.0,-0.004467416800515391,1.0846180473302471,0.9037194059584015,-0.34745038452763705,-0.3176939483601403,False,spread <= 0
F200,0.5,ticket_rel [bajo],largo,49,-0.29635757776092975,0.39215522102947886,0.14285714285714285,1.0,-0.003760008658897433,1.0255758026680095,0.9427638629835533,-0.35205715138626464,-0.31526237665080825,False,spread <= 0
F200,0.5,compresion ~ sin roc_24,largo,49,-0.3133325160297783,0.4780409240629831,0.2857142857142857,1.0,-0.004590673512034248,1.5792186331102565,1.3724055425754724,-0.3716732412100795,-0.33968695123908715,False,spread <= 0
F200,0.5,dd_168,largo,49,-0.31442923515089244,0.36805409504607933,0.16326530612244897,1.0,-0.0024916488857575567,0.8612448763043364,0.9918029966244968,-0.33844634536415963,-0.31892433857066965,False,spread <= 0
F200,0.5,desbal_168 ~ sin roc_24,largo,49,-0.3281778380156832,0.4209580549425225,0.22448979591836735,1.0,-0.003426749049645038,1.0024884287453997,0.9886236512937459,-0.34665925882956217,-0.34237374178167307,False,spread <= 0
F200,0.5,desbal ~ sin roc_24 [bajo],largo,49,-0.3403686877128328,0.3409090795923147,0.10204081632653061,1.0,-0.004475630786054758,0.9714330099079471,0.9535927633083249,-0.373461471309575,-0.3530471780467271,False,spread <= 0
F200,0.5,desbal ~ sin roc_24,largo,49,-0.3451141499356663,0.2712666124016753,0.08163265306122448,1.0,-0.005000755811323177,0.9389838989561334,0.9236149271603096,-0.3961052838150228,-0.36340117694612073,False,spread <= 0
F200,0.5,desbal,largo,49,-0.34597411728580896,0.29242252448161116,0.10204081632653061,1.0,-0.0049977831229061735,0.9433953815848599,0.9265092980100991,-0.3819282981488617,-0.3536378500573988,False,spread <= 0
F200,0.5,desbal_168,largo,49,-0.35035222406157984,0.43909274066065673,0.20408163265306123,1.0,-0.0037313083771227883,1.0055309281627998,0.9937420469418294,-0.37826793525381625,-0.37673199582690625,False,spread <= 0
F200,0.5,dd_720 ~ sin roc_24,largo,49,-0.36011589312395953,0.4110785086756494,0.12244897959183673,1.0,-0.0037659550086023173,0.8707772499928789,1.0240240565219803,-0.37817809406131525,-0.36691637006200434,False,spread <= 0
F200,0.5,desbal [bajo],largo,49,-0.36136115367320576,0.3173403594929885,0.08163265306122448,1.0,-0.005109688011041627,0.9720650356436968,0.9504298934988158,-0.3967212997546521,-0.3760311608073262,False,spread <= 0
F200,0.5,CONTROL azar 1,largo,49,-0.373051050179282,0.3367913644165504,0.14285714285714285,1.0,-0.0058751178953222495,1.0147416435457712,0.9683871591020321,-0.41240094616630973,-0.38569542809656243,False,control
F200,0.5,CONTROL azar 2,largo,49,-0.3746745158266162,0.45602864163267254,0.08163265306122448,1.0,-0.005111529470711844,1.0076321426010462,0.9693837554763441,-0.4220867747066168,-0.4006606067815396,False,control
F200,0.5,desbal_24,largo,49,-0.3969202972110346,0.4566480706850918,0.10204081632653061,1.0,-0.004682171397736104,0.9447303835745702,0.949890774395769,-0.4436820412391356,-0.41401605385759804,False,spread <= 0
F200,0.5,ticket_rel ~ sin roc_24,largo,49,-0.40063766328181627,0.291987755412602,0.061224489795918366,1.0,-0.005030377537305267,1.0513271744096524,1.0324671367877043,-0.4259443392258446,-0.41555566762687,False,spread <= 0
F200,0.5,desbal_24 ~ sin roc_24,largo,49,-0.4064792909959149,0.422111705128062,0.10204081632653061,1.0,-0.004667970962507503,0.9322333975778054,0.9438357491491319,-0.46025733561383625,-0.4264864847068997,False,spread <= 0
F200,0.5,ticket_rel,largo,49,-0.4194428708843752,0.33243813999443367,0.10204081632653061,1.0,-0.005794003412609209,1.074772471806576,1.0490297316480435,-0.43922643425025215,-0.42155890022983755,False,spread <= 0
F200,0.5,CONTROL azar 3,largo,49,-0.42945135304113224,0.29101863223358043,0.08163265306122448,1.0,-0.006083471983955946,1.0126805483820074,0.9719154091829447,-0.47109517166665094,-0.4480357541735662,False,control
F200,0.5,dd_168 ~ sin roc_24,largo,49,-0.46372525325434333,0.3332318341629931,0.061224489795918366,1.0,-0.00496279495572762,0.7729237006095031,0.9478637595023871,-0.5007594263291755,-0.47589441478463845,False,spread <= 0
F200,0.5,rango_168 ~ sin roc_24 [bajo],largo,49,-0.5614649663405611,0.3845830864005876,0.061224489795918366,1.0,-0.005617111573174586,0.7121329118525941,0.9188307385453577,-0.5970594221788907,-0.5720957226871914,False,spread <= 0
F200,0.5,vol_24 [bajo],largo,49,-0.5877293216954725,0.33505070366194456,0.02040816326530612,1.0,-0.005488667383753201,0.5941353407796168,0.8392196215653112,-0.6309382737477621,-0.6069084005331551,False,spread <= 0
F200,0.5,vol_24 ~ sin roc_24 [bajo],largo,49,-0.589240304940648,0.3743521100442783,0.08163265306122448,1.0,-0.005554899624230137,0.6373622111137193,0.8597905497830952,-0.5918358128239206,-0.5866641135307634,False,spread <= 0
F200,0.5,rango_168 [bajo],largo,49,-0.5911293712584578,0.3392553814614222,0.02040816326530612,1.0,-0.005726605279974592,0.6374786615314003,0.8986979780234621,-0.6313781798220551,-0.604470839472999,False,spread <= 0
F200,0.5,atr_24 [bajo],largo,49,-0.628261907106717,0.3525206883528312,0.02040816326530612,1.0,-0.005505264130686576,0.5877385020501177,0.8619568995177435,-0.669779378109059,-0.6498490601058006,False,spread <= 0
F200,0.5,vol_168 ~ sin roc_24 [bajo],largo,49,-0.6485358998466858,0.4482131551449929,0.061224489795918366,1.0,-0.005659350726765319,0.625004136294377,0.9268145065729032,-0.6994387933893896,-0.6660677888941151,False,spread <= 0
F200,0.5,atr_24 ~ sin roc_24 [bajo],largo,49,-0.6557009367808122,0.4340087104718968,0.04081632653061224,1.0,-0.0059941191091508455,0.618646225550068,0.8769697943582462,-0.6712618434760237,-0.6640053653524888,False,spread <= 0
F200,0.5,vol_168 [bajo],largo,49,-0.6636679729087311,0.3923156089358757,0.0,1.0,-0.005844917590081092,0.605789801586552,0.9124491881218066,-0.6938507252524531,-0.6803178948179303,False,spread <= 0
F200,0.5,n_surge,magnitud,49,2.82483141313529,1.6102397863546767,1.0,0.0,0.04874626232619926,1.5561153648178503,1.3519954950206636,2.6837206969004272,2.7779281511665666,True,SOBREVIVE
F200,0.5,roc_168,magnitud,49,2.7205984472533333,1.7452871172114788,0.9795918367346939,0.0,0.07151727821922187,1.9037021642590044,1.3179306507516046,2.5128862958344707,2.6538177046360816,True,SOBREVIVE
F200,0.5,roc_72,magnitud,49,2.697952706822733,1.738687635622237,1.0,0.0,0.06966044644712403,1.8969731947426032,1.337369330180993,2.5464073980459996,2.640902926315181,True,SOBREVIVE
F200,0.5,turnover,magnitud,49,2.6797929775744707,1.5293632234157675,1.0,0.0,0.045885499137672106,1.503143329880518,1.3234648581052026,2.5288227507884127,2.629216074297631,True,SOBREVIVE
F200,0.5,vol_24,magnitud,49,2.4943895672205896,1.7363597671525994,0.9591836734693877,0.0,0.10045691708083182,2.5496767184789526,1.468695928044383,2.2954041426230622,2.4284523128344992,True,SOBREVIVE
F200,0.5,atr_24,magnitud,49,2.4850858379027674,1.6335939480013797,0.9795918367346939,0.0,0.10520884479575247,2.5707932027609988,1.4691703163840995,2.241075037722829,2.4028304738164263,True,SOBREVIVE
F200,0.5,roc_24,magnitud,49,2.3739094783414547,1.45107417641758,0.9795918367346939,0.0,0.06285629390248552,1.7182072040465748,1.2443922735571027,2.216970010464003,2.3219699172727717,True,SOBREVIVE
F200,0.5,compresion,magnitud,49,2.1534194692172526,1.1191068329395477,1.0,0.0,0.038682816077748934,1.6491372668618878,1.4150699530406063,2.052820089837825,2.124844933768626,True,SOBREVIVE
F200,0.5,atr_24 ~ sin roc_24,magnitud,49,2.1057399873726674,1.5578715698960404,0.9591836734693877,0.0,0.09589006004971963,2.4887978262724686,1.415167272921546,1.9143751759026002,2.0507760784579894,True,SOBREVIVE
F200,0.5,n_surge ~ sin roc_24,magnitud,49,2.0616367653131733,1.166969295991038,0.9795918367346939,0.0,0.04740661349622457,1.599463665079394,1.2542276088136544,1.9657123370267415,2.027547709248907,True,SOBREVIVE
F200,0.5,vol_24 ~ sin roc_24,magnitud,49,1.9909375036795496,1.5300132519938194,0.9591836734693877,0.0,0.09030037225423698,2.4443743370564857,1.4044259625817548,1.857530430896488,1.94034356317475,True,SOBREVIVE
F200,0.5,rango_168,magnitud,49,1.970522664748031,1.5359503950401676,0.9591836734693877,0.0,0.0929684268828638,2.2714743903959556,1.198910706027883,1.774405455202703,1.911087519759201,True,SOBREVIVE
F200,0.5,roc_168 ~ sin roc_24,magnitud,49,1.9627395515892128,1.3791614715757812,0.9795918367346939,0.0,0.06050185549148836,1.8213534914003597,1.259691543053599,1.8073400546664287,1.8935295974352344,True,SOBREVIVE
F200,0.5,rango_168 ~ sin roc_24,magnitud,49,1.9525829189035124,1.4531332314638903,0.9387755102040817,0.0,0.08895800490860466,2.184857581924137,1.2021899225690893,1.7612368586993201,1.904940051013702,True,SOBREVIVE
F200,0.5,turnover ~ sin roc_24,magnitud,49,1.8840585355396744,0.9984805069977071,0.9795918367346939,0.0,0.045673191769609475,1.5808834176067241,1.221280790519709,1.7822628038047186,1.8499346200211408,True,SOBREVIVE
F200,0.5,vol_168,magnitud,49,1.8143716951350377,1.459612223240873,0.8979591836734694,0.0,0.09822840354267186,2.351569354030012,1.1806206091851763,1.678674271641096,1.7549704148017902,True,SOBREVIVE
F200,0.5,roc_72 ~ sin roc_24,magnitud,49,1.6818993351451796,1.2465873807997099,0.9795918367346939,0.0,0.05391828988302346,1.7699948920307567,1.2464357036517917,1.5570627332026512,1.6382680190982302,True,SOBREVIVE
F200,0.5,vol_168 ~ sin roc_24,magnitud,49,1.6757496946174124,1.4870841560412458,0.9183673469387755,0.0,0.09275639448780812,2.2707558904677203,1.1706055993076392,1.5322455031593778,1.6277566397042635,True,SOBREVIVE
F200,0.5,pos_168,magnitud,49,1.669322344262041,1.0005531307214863,1.0,0.0,0.03202879743225485,1.298704889263863,1.1110307633110557,1.6022220737825077,1.6370497216849091,True,SOBREVIVE
F200,0.5,compresion ~ sin roc_24,magnitud,49,1.6382104154293882,1.0074150922060892,0.9795918367346939,0.0,0.02931612937125168,1.5792186331102565,1.3724055425754724,1.5458079722234086,1.596912773909785,True,SOBREVIVE
F200,0.5,roc_720,magnitud,49,1.4304243292585836,1.5879906670587853,0.8571428571428571,0.0,0.06476000505104236,1.7742115187279317,1.0770474870946622,1.2161613822536403,1.3165711862639466,True,SOBREVIVE
F200,0.5,dd_168 ~ sin roc_24 [bajo],magnitud,49,1.1948788013258074,1.1694366776289484,0.8571428571428571,0.0,0.06872219369183107,1.8305578346037854,1.0571681134203197,1.0363418013405523,1.1449990553889464,True,SOBREVIVE
F200,0.5,carry_acum ~ sin roc_24 [bajo],magnitud,49,1.139750075296643,1.2120659493112285,0.8775510204081632,0.0,0.029322531112431483,1.3355548887623037,1.089338099887879,1.0325241137762975,1.0947272676998105,True,SOBREVIVE
F200,0.5,ticket_rel,magnitud,49,1.0988569673093393,0.6970057553692146,0.9795918367346939,0.0,0.01489935677186544,1.074772471806576,1.0490297316480435,1.0055905908708154,1.0611848798409087,True,SOBREVIVE
F200,0.5,roc_720 ~ sin roc_24,magnitud,49,1.0445445389659527,1.3889694389601874,0.7755102040816326,0.0,0.05873297230305283,1.7461629286515752,1.0625084541386116,0.8910375334028799,0.9720789350988955,True,SOBREVIVE
F200,0.5,dd_720,magnitud,49,1.0063714882692805,0.820616965364146,0.9795918367346939,0.0,-0.003111585344643703,0.9316534484608169,1.0636481600652472,0.9233481348449661,0.9830661278036855,True,ARTEFACTO DE ESCALA (atr_ratio 0.93)
F200,0.5,carry_acum ~ sin roc_24,magnitud,49,0.7942186296470027,0.9961135304186153,0.8571428571428571,0.0,0.052608606847617694,1.642994902350547,1.0403354489123129,0.6425616736933965,0.7444317382161819,True,SOBREVIVE
F200,0.5,pos_168 ~ sin roc_24,magnitud,49,0.766998838512575,0.6716803808252617,0.8571428571428571,0.0,0.014320861847282266,1.19310692256662,1.0582260179936336,0.7003656359823325,0.7367235351030675,True,SOBREVIVE
F200,0.5,carry_acum [bajo],magnitud,49,0.7186441392464785,1.0003682702578154,0.7755102040816326,0.0,0.016004133632592878,1.1467520704917156,1.0336570888564953,0.6117494912925571,0.6702970797376575,True,SOBREVIVE
F200,0.5,dd_168 [bajo],magnitud,49,0.6938215401838805,0.9959458625641049,0.7142857142857143,0.0,0.05931971204366002,1.7569082080128102,1.0304881839106161,0.5236358563738169,0.6629994071936123,True,SOBREVIVE
F200,0.5,ticket_rel ~ sin roc_24,magnitud,49,0.6787268428488399,0.5203641803500688,0.9183673469387755,0.0,0.00761955485340874,1.0513271744096524,1.0324671367877043,0.6042260517104472,0.6448659336956133,True,SOBREVIVE
F200,0.5,turnover ~ sin roc_24 [bajo],magnitud,49,0.550671177058389,0.7046026045687703,0.7755102040816326,0.0,0.035722013233349774,1.450633818019993,1.0444719091585632,0.4769233733155962,0.5132962261093234,True,SOBREVIVE
F200,0.5,dd_168,magnitud,49,0.5439251076323649,0.5638508705707154,0.8571428571428571,0.0,-0.010137623356718011,0.8612448763043364,0.9918029966244968,0.496475409923423,0.5251250749197767,True,ARTEFACTO DE ESCALA (atr_ratio 0.86)
F200,0.5,desbal_168,magnitud,49,0.5250376427877034,0.8199172074794818,0.7551020408163265,0.0,0.010072607335693673,1.0055309281627998,0.9937420469418294,0.44211260265010044,0.4856539276289687,True,SOBREVIVE
F200,0.5,carry_acum,magnitud,49,0.4544060557800675,1.0796553835991456,0.6122448979591837,0.001,0.05408720178761079,1.5942031096410765,0.9734382597299687,0.2626085519919503,0.3784119898839927,True,SOBREVIVE
F200,0.5,desbal_168 ~ sin roc_24,magnitud,49,0.44505701034771666,0.6643730265707551,0.7755102040816326,0.0,0.007701065203478079,1.0024884287453997,0.9886236512937459,0.352719226127342,0.4125128867044301,True,SOBREVIVE
F200,0.5,n_surge ~ sin roc_24 [bajo],magnitud,49,0.408180691400886,0.6734454070168068,0.7959183673469388,0.0,0.03576979689517359,1.4389796394703132,1.0133042583871859,0.3373987432719308,0.3762579495234169,True,SOBREVIVE
F200,0.5,dd_720 ~ sin roc_24,magnitud,49,0.3743487935730677,0.515126369185458,0.7346938775510204,0.0,-0.016062850453400744,0.8707772499928789,1.0240240565219803,0.2875205093076712,0.3301526265530405,True,ARTEFACTO DE ESCALA (atr_ratio 0.87)
F200,0.5,roc_72 ~ sin roc_24 [bajo],magnitud,49,0.3670958067806106,0.668221468789352,0.7142857142857143,0.0,0.03413277661095853,1.3972984860396083,0.9840892491129996,0.25861168011034696,0.33584624980430056,True,SOBREVIVE
F200,0.5,roc_720 ~ sin roc_24 [bajo],magnitud,49,0.3622256653293682,0.8202074008362937,0.7346938775510204,0.0,0.027139757029452427,1.3127819740310918,0.9706212202961819,0.26101932919442034,0.3174649650506846,True,SOBREVIVE
F200,0.5,roc_24 [bajo],magnitud,49,0.3486005274563754,0.7189245345038383,0.7346938775510204,0.0,0.03517568755164977,1.5267667672719414,1.0424107240880185,0.23186126607914964,0.27297652639690445,True,SOBREVIVE
F200,0.5,desbal_24,magnitud,49,0.19643776562987442,0.6064616701030769,0.673469387755102,0.009,-0.0011342236763957141,0.9447303835745702,0.949890774395769,0.15610270410075405,0.1676287633373899,True,ARTEFACTO DE ESCALA (atr_ratio 0.94)
F200,0.5,roc_168 ~ sin roc_24 [bajo],magnitud,49,0.15996414508491585,0.6602931290140563,0.5714285714285714,0.044,0.0315099849768542,1.3447095211141424,0.9490562739453463,0.07290527375026883,0.12114479006304073,False,muere en la correccion (FDR q=0.1)
F200,0.5,pos_168 ~ sin roc_24 [bajo],magnitud,49,0.13762346726482572,0.5575805640909268,0.6122448979591837,0.0315,0.015648226933209487,1.0846180473302471,0.9037194059584015,0.04280354692947258,0.10131807645486501,False,muere en la correccion (FDR q=0.1)
F200,0.5,compresion ~ sin roc_24 [bajo],magnitud,49,0.12953570628156652,0.62710438343432,0.5714285714285714,0.066,0.019879775494028556,1.0525432470169631,0.8327358486989445,0.015440866395651759,0.0834837435952873,False,dentro del MDE del azar (±0.126)
F200,0.5,CONTROL azar 2,magnitud,49,0.08470247608326044,0.5090776473993462,0.42857142857142855,0.111,-0.0011508954757422749,1.0076321426010462,0.9693837554763441,0.007543939144836531,0.05384550277676085,False,control
F200,0.5,dd_720 ~ sin roc_24 [bajo],magnitud,49,0.07704185637259384,0.7470985938846042,0.5102040816326531,0.2285,0.05210261952884924,1.5747218564662269,0.909469131160162,0.00944113754319885,0.0462402239848396,False,dentro del MDE del azar (±0.126)
F200,0.5,desbal_24 ~ sin roc_24,magnitud,49,0.060546233031112104,0.5518364259371273,0.5918367346938775,0.2055,-0.003684361386810632,0.9322333975778054,0.9438357491491319,0.00287264795874264,0.03535087980270004,False,ARTEFACTO DE ESCALA (atr_ratio 0.93)
F200,0.5,roc_72 [bajo],magnitud,49,0.050393753501437884,0.6637753242175252,0.5306122448979592,0.2965,0.029601336809313775,1.355250195633449,0.9647104257070636,-0.08356053728728838,-0.015207725314155754,False,dentro del MDE del azar (±0.126)
F200,0.5,CONTROL azar 1,magnitud,49,0.010478463772475063,0.3589802616323225,0.42857142857142855,0.435,-0.0001445515723155858,1.0147416435457712,0.9683871591020321,-0.042604347651360064,-0.015079135684840176,False,control
F200,0.5,CONTROL azar 3,magnitud,49,-0.037659032869483536,0.38477680952792487,0.4897959183673469,1.0,-0.00022177687566681342,1.0126805483820074,0.9719154091829447,-0.0798480099273868,-0.060899343463589106,False,control
F200,0.5,vol_168 ~ sin roc_24 [bajo],magnitud,49,-0.06640335139855526,0.6396190620060075,0.3469387755102041,1.0,-0.040368501222380636,0.625004136294377,0.9268145065729032,-0.14020363277829412,-0.09987691370802468,False,spread <= 0
F200,0.5,dd_168 ~ sin roc_24,magnitud,49,-0.06772383064849141,0.5159068391014564,0.4489795918367347,1.0,-0.026714721801564117,0.7729237006095031,0.9478637595023871,-0.13155613642584077,-0.09978221513074405,False,spread <= 0
F200,0.5,ticket_rel ~ sin roc_24 [bajo],magnitud,49,-0.08295807825963047,0.47557771341901095,0.3673469387755102,1.0,0.003906312247099579,1.038350404531282,0.9463675497563633,-0.15167145842994076,-0.11610955926022093,False,spread <= 0
F200,0.5,desbal_168 [bajo],magnitud,49,-0.09144779695530504,0.6871018710120125,0.40816326530612246,1.0,0.012738240931884486,1.1811744692821562,0.9326682266353143,-0.17955678780679268,-0.12908375164559943,False,spread <= 0
F200,0.5,compresion [bajo],magnitud,49,-0.09535789515886521,0.7065531783409279,0.40816326530612246,1.0,0.014410106552609676,1.0420844392251567,0.8184899959663259,-0.16543099932844924,-0.13415906330959293,False,spread <= 0
F200,0.5,desbal_168 ~ sin roc_24 [bajo],magnitud,49,-0.10194412636530384,0.6560044887893713,0.42857142857142855,1.0,0.01235390685154833,1.1829563686316609,0.933747858401019,-0.17377074265747275,-0.14234238467790641,False,spread <= 0
F200,0.5,dd_720 [bajo],magnitud,49,-0.11929275144128423,0.773792043218769,0.3673469387755102,1.0,0.04889115525427824,1.5655900603721349,0.905917114742712,-0.18375243646806216,-0.14084332555217852,False,spread <= 0
F200,0.5,desbal,magnitud,49,-0.13807198985301172,0.36660193142032577,0.3469387755102041,1.0,-0.007220925487136233,0.9433953815848599,0.9265092980100991,-0.19563554622653495,-0.16735689934213613,False,spread <= 0
F200,0.5,ticket_rel [bajo],magnitud,49,-0.1497703303583348,0.514759553208105,0.30612244897959184,1.0,0.0013857528793858776,1.0255758026680095,0.9427638629835533,-0.2219101925293654,-0.1741397710562582,False,spread <= 0
F200,0.5,desbal_24 ~ sin roc_24 [bajo],magnitud,49,-0.17503191836520482,0.5161771481788201,0.24489795918367346,1.0,0.000340941623421337,1.0319722726931135,0.9316994971434907,-0.21659965963181607,-0.19931042193189866,False,spread <= 0
F200,0.5,roc_720 [bajo],magnitud,49,-0.1893634250155232,0.6848968801881185,0.32653061224489793,1.0,0.020150774668780125,1.2457229931441431,0.9417531312074106,-0.24760045792250018,-0.21404458684086308,False,spread <= 0
F200,0.5,desbal ~ sin roc_24,magnitud,49,-0.19932127189137233,0.3410364993369946,0.22448979591836735,1.0,-0.00874480448637889,0.9389838989561334,0.9236149271603096,-0.2584707845409611,-0.226599522258073,False,spread <= 0
F200,0.5,pos_168 [bajo],magnitud,49,-0.24408203522676325,0.6599341307082746,0.32653061224489793,1.0,0.013195490448245471,1.1174684248360462,0.9080145960622589,-0.28560714298720924,-0.2669572126506511,False,spread <= 0
F200,0.5,rango_168 ~ sin roc_24 [bajo],magnitud,49,-0.24962580230018586,0.5344923848369642,0.2653061224489796,1.0,-0.03359862088817249,0.7121329118525941,0.9188307385453577,-0.32498872201686424,-0.2798760202444842,False,spread <= 0
F200,0.5,atr_24 ~ sin roc_24 [bajo],magnitud,49,-0.2528442543085245,0.672210986751319,0.2857142857142857,1.0,-0.03974281521355474,0.618646225550068,0.8769697943582462,-0.31679951378247956,-0.28947808619887994,False,spread <= 0
F200,0.5,roc_168 [bajo],magnitud,49,-0.2760698851360589,0.7624403590004082,0.32653061224489793,1.0,0.025617826855275524,1.3003283538749053,0.9250109997129712,-0.34512428696721076,-0.308023193379384,False,spread <= 0
F200,0.5,vol_24 ~ sin roc_24 [bajo],magnitud,49,-0.2819540632885714,0.6350800423406515,0.20408163265306123,1.0,-0.03565553701314699,0.6373622111137193,0.8597905497830952,-0.34364968975928123,-0.32373563678288575,False,spread <= 0
F200,0.5,desbal ~ sin roc_24 [bajo],magnitud,49,-0.28231385683583543,0.5019050614586923,0.20408163265306123,1.0,-0.01006765635942186,0.9714330099079471,0.9535927633083249,-0.30828802500833996,-0.2979367777194414,False,spread <= 0
F200,0.5,vol_168 [bajo],magnitud,49,-0.283328179215386,0.680576976837457,0.22448979591836735,1.0,-0.04572319481385855,0.605789801586552,0.9124491881218066,-0.3698789687860134,-0.3332311875716898,False,spread <= 0
F200,0.5,desbal_24 [bajo],magnitud,49,-0.3152649427930394,0.5674521678082048,0.1836734693877551,1.0,-0.0012880817291510422,1.0338063863510638,0.9240268394635505,-0.3702554503882988,-0.3404008484081795,False,spread <= 0
F200,0.5,desbal [bajo],magnitud,49,-0.34761491507592135,0.4770714521351593,0.14285714285714285,1.0,-0.010389506501751009,0.9720650356436968,0.9504298934988158,-0.3680637916010368,-0.3667153531714935,False,spread <= 0
F200,0.5,turnover [bajo],magnitud,49,-0.37575700255324873,0.6753012171669249,0.24489795918367346,1.0,0.01705741381438722,1.1694936582524664,0.885311819634955,-0.48349099303815735,-0.4079634751172316,False,spread <= 0
F200,0.5,n_surge [bajo],magnitud,49,-0.4074761368402582,0.6698206123328955,0.2653061224489796,1.0,0.020304515935546802,1.2124220367452434,0.8739705736308048,-0.4942745872642953,-0.4550096252762064,False,spread <= 0
F200,0.5,rango_168 [bajo],magnitud,49,-0.4118174212099995,0.5640401287861854,0.1836734693877551,1.0,-0.0416646046317808,0.6374786615314003,0.8986979780234621,-0.4849260297101621,-0.4460376473664827,False,spread <= 0
F200,0.5,atr_24 [bajo],magnitud,49,-0.485422191174999,0.6407492956715284,0.16326530612244897,1.0,-0.046935624565488256,0.5877385020501177,0.8619568995177435,-0.551346273603152,-0.5497826907600075,False,spread <= 0
F200,0.5,vol_24 [bajo],magnitud,49,-0.5496526882049457,0.6387060971838797,0.14285714285714285,1.0,-0.04417715509894969,0.5941353407796168,0.8392196215653112,-0.5978120701836485,-0.6033330954029429,False,spread <= 0
