panel,costo,ranking,objetivo,semanas,spread,sd_sem,sem_ok,p,spread_crudo,atr_ratio,atr_propio,sin_top3,sin_top1,fdr_ok,veredicto
SF,0.2,dd_168 [bajo],corto,49,-0.04237394217138047,0.5144803198301314,0.4489795918367347,1.0,-0.0004987421783523593,1.3955178051006427,1.0474716708567575,-0.07978759185577661,-0.05397781321226857,False,spread <= 0
SF,0.2,roc_720 ~ sin roc_24 [bajo],corto,49,-0.04374579962277115,0.4369886523401144,0.5306122448979592,1.0,-0.0005837064278181862,1.1426241915737856,0.9737625301333351,-0.07962973776039224,-0.05519261034204792,False,spread <= 0
SF,0.2,dd_720 [bajo],corto,49,-0.04490358579837237,0.3477412811357691,0.46938775510204084,1.0,-0.00018051533160270405,1.2439666675236494,0.9248198550714587,-0.07558985918259468,-0.05717773598699721,False,spread <= 0
SF,0.2,dd_720 ~ sin roc_24 [bajo],corto,49,-0.054510513910419375,0.42273160430091306,0.40816326530612246,1.0,-0.00044260246104083816,1.2523390486556816,0.9307555673089027,-0.09692329710510905,-0.07780996467884006,False,spread <= 0
SF,0.2,roc_168 ~ sin roc_24 [bajo],corto,49,-0.06718617339698225,0.37832463047917086,0.40816326530612246,1.0,-0.0003066583096460619,1.167640382309445,0.9547421250094736,-0.09515252143913447,-0.07568382723031118,False,spread <= 0
SF,0.2,atr_24,corto,49,-0.09175276741329899,0.5460532881050608,0.3673469387755102,1.0,-0.0005622312942538803,2.0445355019604583,1.55245502216198,-0.12335387701691325,-0.09955333395805348,False,spread <= 0
SF,0.2,roc_72 ~ sin roc_24 [bajo],corto,49,-0.09906504633143187,0.43267496368635744,0.4489795918367347,1.0,-0.0011294756056878514,1.193977486365976,0.9865882696502335,-0.12418263529280958,-0.10905135534483794,False,spread <= 0
SF,0.2,roc_168 [bajo],corto,49,-0.1064678322675525,0.2835226007694318,0.40816326530612246,1.0,-0.0010329757279131482,1.1313434844962775,0.9300923577018647,-0.12391779819028717,-0.11191214766603215,False,spread <= 0
SF,0.2,roc_720 [bajo],corto,49,-0.10937419176517901,0.3234735063600897,0.4489795918367347,1.0,-0.0013368623078612704,1.1185034914731458,0.9530931938045,-0.1457939874304271,-0.11406564798743811,False,spread <= 0
SF,0.2,compresion ~ sin roc_24,corto,49,-0.11173051645707498,0.5223119138204287,0.3673469387755102,1.0,-0.001881652620660712,1.4304603118326078,1.33529262270115,-0.14933095273107277,-0.12304404493574493,False,spread <= 0
SF,0.2,dd_168 ~ sin roc_24 [bajo],corto,49,-0.11210683520881327,0.5477801505920591,0.5102040816326531,1.0,-0.0013167440540884146,1.4346422233865188,1.0701460712086712,-0.156766336262677,-0.12145490298032473,False,spread <= 0
SF,0.2,vol_168,corto,49,-0.112712501817489,0.6432469912970824,0.4489795918367347,1.0,-0.0011584865922342465,1.802151383812803,1.239992294020379,-0.16737423126018347,-0.13520700339797104,False,spread <= 0
SF,0.2,pos_168 [bajo],corto,49,-0.11777467757086953,0.2883775588803595,0.3877551020408163,1.0,-0.0017729139511959168,1.0545731637439841,0.9253147526335415,-0.14967112442705116,-0.12886594327579204,False,spread <= 0
SF,0.2,rango_168,corto,49,-0.11922988951125955,0.5107144425050828,0.4489795918367347,1.0,-0.0012195807119655753,1.700201516548601,1.2210322678038685,-0.1844199352757585,-0.13660209101220613,False,spread <= 0
SF,0.2,desbal_24 ~ sin roc_24 [bajo],corto,49,-0.12375161699853966,0.24171766643980167,0.30612244897959184,1.0,-0.001808369071888947,0.9458480924369137,0.9328412966680346,-0.16089732372211724,-0.12855008042136176,False,spread <= 0
SF,0.2,desbal_24 [bajo],corto,49,-0.12430182282887471,0.22378137566156614,0.2857142857142857,1.0,-0.0018469840449246973,0.9470659639298179,0.9301174407658737,-0.15173587525677404,-0.13394550082413514,False,spread <= 0
SF,0.2,roc_72,corto,49,-0.12511438174569,0.5708195638749387,0.4489795918367347,1.0,-0.0011557704332172333,1.590639704685607,1.3331857684252515,-0.1600178228000887,-0.13703151236375707,False,spread <= 0
SF,0.2,atr_24 ~ sin roc_24,corto,49,-0.12547117976591682,0.5598079236724225,0.3877551020408163,1.0,-0.0011908181906341332,1.9666763153253397,1.473452615983605,-0.17205391985303342,-0.13751864779784315,False,spread <= 0
SF,0.2,vol_24,corto,49,-0.1259816252904998,0.5551516294233488,0.42857142857142855,1.0,-0.0009783580774327951,2.01940924234293,1.5230789524721353,-0.15457575829336134,-0.13308325635617738,False,spread <= 0
SF,0.2,desbal_168 ~ sin roc_24 [bajo],corto,49,-0.12855766493469606,0.32513232670412545,0.30612244897959184,1.0,-0.0021070394183011435,0.9602550923181917,0.9428617552455143,-0.16480646202612598,-0.14523878062059384,False,spread <= 0
SF,0.2,desbal_168 [bajo],corto,49,-0.13375396813767634,0.3331755319440962,0.30612244897959184,1.0,-0.002171952976271656,0.9602137179026667,0.9420390456058523,-0.1682170541748997,-0.15380252680911516,False,spread <= 0
SF,0.2,rango_168 ~ sin roc_24,corto,49,-0.13601142432141713,0.6200604633267169,0.42857142857142855,1.0,-0.0014892191729792533,1.651599715769245,1.2177936138209642,-0.17225322734052861,-0.14584913175551034,False,spread <= 0
SF,0.2,CONTROL azar 1,corto,49,-0.13715951331674664,0.3701303246435691,0.3673469387755102,1.0,-0.001680690944964383,1.01035685776576,0.9727263895680809,-0.1596234488100589,-0.1472570943282062,False,control
SF,0.2,n_surge ~ sin roc_24 [bajo],corto,49,-0.1401859253186377,0.35145819940852213,0.3469387755102041,1.0,-0.0016831671657643041,1.175477073445437,1.0161536930713346,-0.17230665858549454,-0.15001457618789477,False,spread <= 0
SF,0.2,turnover,corto,49,-0.14095271192369216,0.6248590914477591,0.3877551020408163,1.0,-0.0011190816192493123,1.3065044693172498,1.228819170473951,-0.1895757043643973,-0.15091773866340713,False,spread <= 0
SF,0.2,desbal ~ sin roc_24,corto,49,-0.1423622115925893,0.3105734135092282,0.3469387755102041,1.0,-0.0017995028448540358,0.9530467162606804,0.9319057786543223,-0.17621616429082784,-0.15521199896690963,False,spread <= 0
SF,0.2,n_surge,corto,49,-0.155087295347434,0.633430156127041,0.42857142857142855,1.0,-0.0014535468662541496,1.3304000241797578,1.2397949511237991,-0.21015129954484105,-0.17118438485343976,False,spread <= 0
SF,0.2,pos_168 ~ sin roc_24 [bajo],corto,49,-0.15603238862204724,0.38258972430522253,0.3673469387755102,1.0,-0.0020467431780864563,1.0376034597205197,0.9321270940257455,-0.1886617766348243,-0.16430293321444187,False,spread <= 0
SF,0.2,desbal,corto,49,-0.16628850514759175,0.321296585191702,0.30612244897959184,1.0,-0.0021270055183078037,0.9526889118493137,0.9341578733186742,-0.17924717960750453,-0.1688328792293365,False,spread <= 0
SF,0.2,roc_24,corto,49,-0.16725161822964127,0.5459389700196803,0.3469387755102041,1.0,-0.0014547672471840747,1.4512433436483536,1.2471077594078972,-0.204441823734026,-0.17840032117528995,False,spread <= 0
SF,0.2,ticket_rel ~ sin roc_24,corto,49,-0.16946980618752266,0.2735625795674802,0.30612244897959184,1.0,-0.0016744272761040307,1.0093939466450352,0.9850568692390829,-0.20582150730036236,-0.18157101374071247,False,spread <= 0
SF,0.2,vol_24 ~ sin roc_24,corto,49,-0.17012913842544847,0.5503420138652135,0.3877551020408163,1.0,-0.001581404118331803,1.9036618900830358,1.444283145715949,-0.2085785411612732,-0.1832957859200163,False,spread <= 0
SF,0.2,desbal_168 ~ sin roc_24,corto,49,-0.17601278380959343,0.3534142830649832,0.2857142857142857,1.0,-0.002352071295975714,0.950458595504722,0.9792261429812568,-0.18922453087598123,-0.18335131478744005,False,spread <= 0
SF,0.2,compresion,corto,49,-0.17696664685986446,0.4552424538065299,0.3673469387755102,1.0,-0.0023916759212655823,1.5001208812888926,1.3862086023457239,-0.21274949710747598,-0.18998691405921367,False,spread <= 0
SF,0.2,CONTROL azar 2,corto,49,-0.17710481090290237,0.3291717188476858,0.32653061224489793,1.0,-0.002087860389956224,1.0095010588153388,0.9732133834418146,-0.20364979145907056,-0.19234282217401574,False,control
SF,0.2,ticket_rel,corto,49,-0.18178428535124147,0.265387214859016,0.24489795918367346,1.0,-0.0017299199505675013,1.0139197174959045,0.9878367056992658,-0.21039149771244614,-0.19411218628856544,False,spread <= 0
SF,0.2,n_surge [bajo],corto,49,-0.1832704428173377,0.2917687751504256,0.2653061224489796,1.0,-0.002592027033079229,0.9971718100684923,0.8954903391390868,-0.21928426535985795,-0.1968930039857537,False,spread <= 0
SF,0.2,turnover ~ sin roc_24,corto,49,-0.1836874746259441,0.5008590316993488,0.30612244897959184,1.0,-0.0018468493417329894,1.295611389607148,1.1679131961207136,-0.21766900185424812,-0.19563791085113277,False,spread <= 0
SF,0.2,n_surge ~ sin roc_24,corto,49,-0.1910660902261408,0.49090993305902497,0.30612244897959184,1.0,-0.002217822832507504,1.3154343710057188,1.1766397365770915,-0.2259906661406606,-0.20203552257201637,False,spread <= 0
SF,0.2,roc_24 [bajo],corto,49,-0.19206935070939982,0.360229853372342,0.30612244897959184,1.0,-0.002743183394447328,1.2621619248779787,1.0365775770461412,-0.21366629562057105,-0.20267080357601108,False,spread <= 0
SF,0.2,CONTROL azar 3,corto,49,-0.1924366259412717,0.3302833460690152,0.22448979591836735,1.0,-0.0026010738854942692,1.0107701967536422,0.9680675981610714,-0.22350347846963922,-0.20425222854822667,False,control
SF,0.2,desbal_168,corto,49,-0.19274231437505085,0.37943639362228243,0.30612244897959184,1.0,-0.002661374868314636,0.952773965480826,0.9812830672561428,-0.20805544393391734,-0.20012420258013958,False,spread <= 0
SF,0.2,roc_72 [bajo],corto,49,-0.19643810884829935,0.3853853858439282,0.3469387755102041,1.0,-0.002492667844150434,1.165102461364743,0.9595833425031732,-0.21482605996177928,-0.20538869768433501,False,spread <= 0
SF,0.2,vol_168 ~ sin roc_24,corto,49,-0.1973803480318421,0.5814845367515804,0.46938775510204084,1.0,-0.0021260910788045823,1.7555879533497851,1.2253510992854684,-0.23268458883832074,-0.21104824768948782,False,spread <= 0
SF,0.2,pos_168 ~ sin roc_24,corto,49,-0.19768532275996012,0.37600446196772297,0.2653061224489796,1.0,-0.0025470498026890715,1.1011972244139308,1.052273438242961,-0.2333957670071,-0.21254516465312098,False,spread <= 0
SF,0.2,compresion ~ sin roc_24 [bajo],corto,49,-0.20250694651201553,0.34950782753890935,0.32653061224489793,1.0,-0.002593693744949606,0.9798600943381823,0.8706184733815018,-0.22883193085380837,-0.21410050377749718,False,spread <= 0
SF,0.2,vol_168 ~ sin roc_24 [bajo],corto,49,-0.20374953902259904,0.3137694720585979,0.24489795918367346,1.0,-0.002516790280323941,0.6515336619408021,0.9363685479105245,-0.21486390439875902,-0.21319571558640363,False,spread <= 0
SF,0.2,desbal ~ sin roc_24 [bajo],corto,49,-0.21100920573389234,0.2550420192708578,0.16326530612244897,1.0,-0.0029848399998779014,0.959486683617282,0.9440902910222149,-0.2333309018116136,-0.21756439095646196,False,spread <= 0
SF,0.2,roc_720 ~ sin roc_24,corto,49,-0.21253895875286988,0.4993354938696842,0.30612244897959184,1.0,-0.0021403844661676457,1.3943778518005014,1.0469535797249385,-0.23935475670122047,-0.22373282384428222,False,spread <= 0
SF,0.2,desbal [bajo],corto,49,-0.2139101682455818,0.2650108595977569,0.16326530612244897,1.0,-0.0030382012111589236,0.9587616023068253,0.9434996130669778,-0.23035908675821687,-0.22096311263730734,False,spread <= 0
SF,0.2,turnover ~ sin roc_24 [bajo],corto,49,-0.21436385134194474,0.38409146218642926,0.2653061224489796,1.0,-0.002815773195907119,1.1739687298005872,1.0219640912804115,-0.24354656549823553,-0.23145846437313747,False,spread <= 0
SF,0.2,atr_24 ~ sin roc_24 [bajo],corto,49,-0.21855949105883235,0.3719130578786566,0.2653061224489796,1.0,-0.0026228164414041984,0.6276491091662096,0.8806777879212246,-0.2384186803943513,-0.23526580021133714,False,spread <= 0
SF,0.2,compresion [bajo],corto,49,-0.21981129784991868,0.3389378364933556,0.2857142857142857,1.0,-0.002852329196598371,0.9774354317888702,0.8586798685641379,-0.24666830600575695,-0.22889389297311355,False,spread <= 0
SF,0.2,dd_168 ~ sin roc_24,corto,49,-0.22201587940166,0.3412654083124786,0.20408163265306123,1.0,-0.0029326471398567065,0.7826946889225097,0.9573975829211177,-0.24670070675083347,-0.23378260266241518,False,spread <= 0
SF,0.2,vol_168 [bajo],corto,49,-0.22421804804178094,0.3362229161929413,0.14285714285714285,1.0,-0.0028089869245952583,0.630418091298527,0.9191344558878074,-0.22459505557085988,-0.2313804304127261,False,spread <= 0
SF,0.2,roc_72 ~ sin roc_24,corto,49,-0.22802463897784678,0.5244818003421828,0.3469387755102041,1.0,-0.0025611871887290367,1.4518636995240215,1.2257546089946885,-0.2612183833847083,-0.23763607910632698,False,spread <= 0
SF,0.2,atr_24 [bajo],corto,49,-0.2361287450154637,0.3321706685989701,0.20408163265306123,1.0,-0.002931055897459425,0.6098042704470676,0.8550970178058346,-0.24993597654343114,-0.24761458472764405,False,spread <= 0
SF,0.2,turnover [bajo],corto,49,-0.23822629531733108,0.27144793103649684,0.14285714285714285,1.0,-0.003320670133315518,0.9823836053660311,0.8957962677506279,-0.2535562765317329,-0.2428293311140501,False,spread <= 0
SF,0.2,vol_24 [bajo],corto,49,-0.24390276837419925,0.32547411035612833,0.1836734693877551,1.0,-0.00309014061146737,0.6171986762584579,0.8496161041512451,-0.24608349317048542,-0.24823073710667304,False,spread <= 0
SF,0.2,rango_168 [bajo],corto,49,-0.2482862140260615,0.303990863634665,0.12244897959183673,1.0,-0.003046606702659898,0.6602436629975978,0.9060559548285495,-0.2669135493161,-0.2629403638023082,False,spread <= 0
SF,0.2,ticket_rel [bajo],corto,49,-0.2486101714947845,0.3324775920769864,0.24489795918367346,1.0,-0.0036709450526683264,0.9640875061352356,0.9357925273617375,-0.2760318423056157,-0.2605119956175633,False,spread <= 0
SF,0.2,rango_168 ~ sin roc_24 [bajo],corto,49,-0.2523733488419594,0.32163360332240637,0.08163265306122448,1.0,-0.0031194453888998704,0.7029502662120113,0.9209227909246457,-0.2690973966523654,-0.26519054900677586,False,spread <= 0
SF,0.2,pos_168,corto,49,-0.25551992247780697,0.48460569079456134,0.3469387755102041,1.0,-0.0031781569236273657,1.1659387739599043,1.1029932652856895,-0.28387902449215274,-0.26575924498752285,False,spread <= 0
SF,0.2,desbal_24 ~ sin roc_24,corto,49,-0.2563743661306467,0.3139700651017473,0.22448979591836735,1.0,-0.0031630804844079486,0.9491440949939695,0.9579780057736322,-0.26953948101943037,-0.26024880881475504,False,spread <= 0
SF,0.2,roc_720,corto,49,-0.2626002013872614,0.49780503512477586,0.30612244897959184,1.0,-0.0029177087085218087,1.4273475672849532,1.0708703503498478,-0.30077439475615303,-0.26890627587512306,False,spread <= 0
SF,0.2,desbal_24,corto,49,-0.2654073713262738,0.2791791023994368,0.1836734693877551,1.0,-0.0033728344318058323,0.9542395903069777,0.9649210431510475,-0.2826827388102644,-0.2672353059469027,False,spread <= 0
SF,0.2,dd_168,corto,49,-0.26669278752129527,0.4186951134577132,0.2857142857142857,1.0,-0.003538180984606099,0.835245963151381,1.0002187224884773,-0.302370072902361,-0.28409481210328946,False,spread <= 0
SF,0.2,ticket_rel ~ sin roc_24 [bajo],corto,49,-0.26943703120670903,0.3841068191901743,0.20408163265306123,1.0,-0.003737870539051584,0.9678755356089545,0.9418734768661148,-0.2978090168263094,-0.28870744254812075,False,spread <= 0
SF,0.2,roc_168,corto,49,-0.270668365687495,0.44189549226294933,0.3469387755102041,1.0,-0.003626292639123231,1.5578137974741502,1.2999486049025686,-0.30309808202692157,-0.2833167061877331,False,spread <= 0
SF,0.2,vol_24 ~ sin roc_24 [bajo],corto,49,-0.27886246444982316,0.3126716568946069,0.16326530612244897,1.0,-0.003592667978056225,0.6566654843169772,0.8842157041698662,-0.29228735117997434,-0.2872319917986821,False,spread <= 0
SF,0.2,roc_168 ~ sin roc_24,corto,49,-0.32474502778309333,0.4741431429453662,0.30612244897959184,1.0,-0.004163836300246368,1.4653096996350503,1.2267319750798398,-0.38339286399802286,-0.35502844544132317,False,spread <= 0
SF,0.2,dd_720 ~ sin roc_24,corto,49,-0.33842489809296117,0.43229484613950775,0.16326530612244897,1.0,-0.003991736195077046,0.8408295919504521,1.0128496451174382,-0.35809876706330995,-0.351184550566584,False,spread <= 0
SF,0.2,dd_720,corto,49,-0.3884165073354716,0.5702611845065002,0.16326530612244897,1.0,-0.004994516038961885,0.8707586664657763,1.0440157557952596,-0.4390947347491017,-0.39783783513088855,False,spread <= 0
SF,0.2,roc_168 ~ sin roc_24,largo,49,0.04493507307824508,0.46337055994417786,0.5306122448979592,0.2595,0.00016383630024636715,1.4653096996350503,1.2267319750798398,-0.0019379303760647206,0.027109555422712824,False,muere en la correccion (FDR q=0.1)
SF,0.2,dd_720,largo,49,0.009771663595022888,0.5577793238525683,0.46938775510204084,0.4395,0.0009945160389618843,0.8707586664657763,1.0440157557952596,-0.017346741525471047,-0.0036411672785009066,False,muere en la correccion (FDR q=0.1)
SF,0.2,roc_720,largo,49,0.006279222512521409,0.4953000344052703,0.5102040816326531,0.481,-0.0010822912914781927,1.4273475672849532,1.0708703503498478,-0.03860162777155621,-0.0020270829957262154,False,ARTEFACTO DE ESCALA (atr_ratio 1.43)
SF,0.2,roc_168,largo,49,-0.011429059106912423,0.4356666992770581,0.42857142857142855,1.0,-0.0003737073608767707,1.5578137974741502,1.2999486049025686,-0.06426022647295743,-0.02934317561233072,False,spread <= 0
SF,0.2,ticket_rel ~ sin roc_24 [bajo],largo,49,-0.03653646584410453,0.3870463534595897,0.3877551020408163,1.0,-0.0002621294609484168,0.9678755356089545,0.9418734768661148,-0.0696808868666745,-0.058182742978535415,False,spread <= 0
SF,0.2,roc_720 ~ sin roc_24,largo,49,-0.04129798879894454,0.4966253767885956,0.46938775510204084,1.0,-0.001859615533832356,1.3943778518005014,1.0469535797249385,-0.09848665804477459,-0.06596403047348925,False,spread <= 0
SF,0.2,dd_720 ~ sin roc_24,largo,49,-0.0414809414031729,0.4214240066518195,0.4489795918367347,1.0,-8.263804922955202e-06,0.8408295919504521,1.0128496451174382,-0.07753526515141111,-0.043324773036572846,False,spread <= 0
SF,0.2,vol_168 ~ sin roc_24,largo,49,-0.041703757475989645,0.5803934561613492,0.40816326530612246,1.0,-0.0018739089211954193,1.7555879533497851,1.2253510992854684,-0.0967685244912842,-0.06526568526085487,False,spread <= 0
SF,0.2,turnover [bajo],largo,49,-0.051965291571623703,0.2740098355596784,0.40816326530612246,1.0,-0.0006793298666844833,0.9823836053660311,0.8957962677506279,-0.09333155146448202,-0.0654730906762208,False,spread <= 0
SF,0.2,roc_72 ~ sin roc_24,largo,49,-0.05287480184312521,0.5145165912052713,0.4489795918367347,1.0,-0.0014388128112709647,1.4518636995240215,1.2257546089946885,-0.10351127068793858,-0.07172140917273834,False,spread <= 0
SF,0.2,desbal_24,largo,49,-0.05465783167693,0.28300379584944446,0.4897959183673469,1.0,-0.0006271655681941683,0.9542395903069777,0.9649210431510475,-0.08715215298695941,-0.06348216446401117,False,spread <= 0
SF,0.2,pos_168,largo,49,-0.055481771396721676,0.48218156246184357,0.40816326530612246,1.0,-0.0008218430763726363,1.1659387739599043,1.1029932652856895,-0.1121579624466971,-0.07755634729117276,False,spread <= 0
SF,0.2,ticket_rel [bajo],largo,49,-0.057022019922668844,0.3409084730270831,0.40816326530612246,1.0,-0.0003290549473316748,0.9640875061352356,0.9357925273617375,-0.08350618890079624,-0.06609276793694657,False,spread <= 0
SF,0.2,desbal_24 ~ sin roc_24,largo,49,-0.06261980626475619,0.3139525156027064,0.3877551020408163,1.0,-0.0008369195155920527,0.9491440949939695,0.9579780057736322,-0.10031777845780827,-0.07719681898276579,False,spread <= 0
SF,0.2,compresion [bajo],largo,49,-0.06810279833771837,0.3403941056797172,0.46938775510204084,1.0,-0.001147670803401631,0.9774354317888702,0.8586798685641379,-0.10709931362250345,-0.08858984024598014,False,spread <= 0
SF,0.2,roc_72 [bajo],largo,49,-0.06975917854810686,0.38883154901230094,0.42857142857142855,1.0,-0.0015073321558495675,1.165102461364743,0.9595833425031732,-0.10870680529238938,-0.08554646361557293,False,spread <= 0
SF,0.2,turnover ~ sin roc_24 [bajo],largo,49,-0.07035991883996101,0.3772694327962255,0.4489795918367347,1.0,-0.0011842268040928826,1.1739687298005872,1.0219640912804115,-0.11508606121712961,-0.08594242908126723,False,spread <= 0
SF,0.2,roc_24 [bajo],largo,49,-0.07569036738905416,0.35850620658349935,0.4489795918367347,1.0,-0.001256816605552673,1.2621619248779787,1.0365775770461412,-0.10530833187560507,-0.08712524690924162,False,spread <= 0
SF,0.2,vol_24 ~ sin roc_24,largo,49,-0.07695572493986659,0.546650811132756,0.40816326530612246,1.0,-0.002418595881668199,1.9036618900830358,1.444283145715949,-0.14238232902775375,-0.10375837495172995,False,spread <= 0
SF,0.2,compresion ~ sin roc_24 [bajo],largo,49,-0.08751729577262145,0.3494544820851053,0.4489795918367347,1.0,-0.0014063062550503955,0.9798600943381823,0.8706184733815018,-0.13711955899312084,-0.10519665584204349,False,spread <= 0
SF,0.2,desbal [bajo],largo,49,-0.09636527898787622,0.28026303223710264,0.2857142857142857,1.0,-0.0009617987888410779,0.9587616023068253,0.9434996130669778,-0.12406829847459812,-0.10993306539861206,False,spread <= 0
SF,0.2,desbal ~ sin roc_24 [bajo],largo,49,-0.0994494038994684,0.27030424182778245,0.2857142857142857,1.0,-0.0010151600001220994,0.959486683617282,0.9440902910222149,-0.12056550614622061,-0.11268833569534673,False,spread <= 0
SF,0.2,n_surge [bajo],largo,49,-0.10332603594374559,0.29308722371888823,0.40816326530612246,1.0,-0.0014079729669207728,0.9971718100684923,0.8954903391390868,-0.12927223100842705,-0.11947134325290941,False,spread <= 0
SF,0.2,n_surge ~ sin roc_24,largo,49,-0.10477030138387025,0.4863440068030056,0.3469387755102041,1.0,-0.0017821771674924975,1.3154343710057188,1.1766397365770915,-0.14851687038687325,-0.11897857485681229,False,spread <= 0
SF,0.2,CONTROL azar 3,largo,49,-0.10940716806770899,0.32709758024605545,0.2653061224489796,1.0,-0.001398926114505732,1.0107701967536422,0.9680675981610714,-0.15439518273724062,-0.13346992418558737,False,control
SF,0.2,turnover ~ sin roc_24,largo,49,-0.11266720123867506,0.4976657999243982,0.3673469387755102,1.0,-0.0021531506582670125,1.295611389607148,1.1679131961207136,-0.1526242632691501,-0.12299795491976663,False,spread <= 0
SF,0.2,dd_168,largo,49,-0.11446160685039766,0.41134963813306985,0.3469387755102041,1.0,-0.0004618190153939018,0.835245963151381,1.0002187224884773,-0.15215698049939558,-0.12707797585528693,False,spread <= 0
SF,0.2,rango_168 ~ sin roc_24,largo,49,-0.11477061431574366,0.6190881719709637,0.30612244897959184,1.0,-0.002510780827020748,1.651599715769245,1.2177936138209642,-0.17333955038017676,-0.13287190576618524,False,spread <= 0
SF,0.2,atr_24 ~ sin roc_24,largo,49,-0.11515716184287239,0.5578133012668145,0.3469387755102041,1.0,-0.0028091818093658686,1.9666763153253397,1.473452615983605,-0.18000272287201702,-0.14537849291882773,False,spread <= 0
SF,0.2,pos_168 ~ sin roc_24,largo,49,-0.116302804901034,0.38378255168527414,0.3469387755102041,1.0,-0.001452950197310929,1.1011972244139308,1.052273438242961,-0.1444193637200178,-0.13655219412285693,False,spread <= 0
SF,0.2,roc_24,largo,49,-0.1168641026148285,0.5392795010984401,0.3877551020408163,1.0,-0.002545232752815927,1.4512433436483536,1.2471077594078972,-0.17402690073875773,-0.1457675671530698,False,spread <= 0
SF,0.2,vol_24,largo,49,-0.12155729966251673,0.5553687342093635,0.40816326530612246,1.0,-0.0030216419225672065,2.01940924234293,1.5230789524721353,-0.19131029041559988,-0.14815134444355016,False,spread <= 0
SF,0.2,vol_168,largo,49,-0.12531872615171163,0.6470215581806175,0.42857142857142855,1.0,-0.002841513407765755,1.802151383812803,1.239992294020379,-0.18451589170978042,-0.1535311788410214,False,spread <= 0
SF,0.2,ticket_rel,largo,49,-0.12669982555591736,0.26416885561315334,0.2653061224489796,1.0,-0.0022700800494325,1.0139197174959045,0.9878367056992658,-0.17239091397676842,-0.14666245916420334,False,spread <= 0
SF,0.2,CONTROL azar 2,largo,49,-0.12781015528918052,0.33025565224374237,0.3469387755102041,1.0,-0.0019121396100437774,1.0095010588153388,0.9732133834418146,-0.1660110958350588,-0.15101176798220628,False,control
SF,0.2,compresion,largo,49,-0.12876213980480233,0.4484769206553447,0.3673469387755102,1.0,-0.0016083240787344195,1.5001208812888926,1.3862086023457239,-0.17314297099596226,-0.1431605523759314,False,spread <= 0
SF,0.2,desbal_168,largo,49,-0.12989957362777665,0.37977882570993776,0.3469387755102041,1.0,-0.001338625131685365,0.952773965480826,0.9812830672561428,-0.18827772188525324,-0.15947245087004414,False,spread <= 0
SF,0.2,rango_168,largo,49,-0.12992478165833446,0.5136348265512599,0.30612244897959184,1.0,-0.0027804192880344263,1.700201516548601,1.2210322678038685,-0.19025762908643076,-0.1485312603715362,False,spread <= 0
SF,0.2,pos_168 ~ sin roc_24 [bajo],largo,49,-0.13112306349019473,0.388548453621434,0.3877551020408163,1.0,-0.0019532568219135446,1.0376034597205197,0.9321270940257455,-0.18019482675743706,-0.1464769212485438,False,spread <= 0
SF,0.2,ticket_rel ~ sin roc_24,largo,49,-0.13934872646406463,0.27392295113401516,0.24489795918367346,1.0,-0.002325572723895971,1.0093939466450352,0.9850568692390829,-0.16388266480476263,-0.1521610643474049,False,spread <= 0
SF,0.2,dd_168 ~ sin roc_24 [bajo],largo,49,-0.14224277741297156,0.5465007495632674,0.2653061224489796,1.0,-0.002683255945911587,1.4346422233865188,1.0701460712086712,-0.19682096791631712,-0.16600145738406538,False,spread <= 0
SF,0.2,desbal,largo,49,-0.14237806283455176,0.31751746888580407,0.32653061224489793,1.0,-0.0018729944816921974,0.9526889118493137,0.9341578733186742,-0.16289996019119046,-0.1543175528573791,False,spread <= 0
SF,0.2,n_surge ~ sin roc_24 [bajo],largo,49,-0.14262912839918448,0.3455363996723447,0.30612244897959184,1.0,-0.002316832834235697,1.175477073445437,1.0161536930713346,-0.16623042176321556,-0.1539252453329625,False,spread <= 0
SF,0.2,desbal_168 ~ sin roc_24,largo,49,-0.14601494992092567,0.353745097890315,0.3673469387755102,1.0,-0.0016479287040242871,0.950458595504722,0.9792261429812568,-0.20405241856065712,-0.17415830072427682,False,spread <= 0
SF,0.2,n_surge,largo,49,-0.14910988587487467,0.6249401986414455,0.3469387755102041,1.0,-0.002546453133745852,1.3304000241797578,1.2397949511237991,-0.17544706414322458,-0.1570808157622916,False,spread <= 0
SF,0.2,atr_24,largo,49,-0.14933593889084967,0.5460618311734223,0.30612244897959184,1.0,-0.003437768705746121,2.0445355019604583,1.55245502216198,-0.21588373115198156,-0.17802332302968993,False,spread <= 0
SF,0.2,vol_24 ~ sin roc_24 [bajo],largo,49,-0.1513685339560961,0.32500716055728823,0.2653061224489796,1.0,-0.00040733202194377557,0.6566654843169772,0.8842157041698662,-0.17670349763170587,-0.17055741560299362,False,spread <= 0
SF,0.2,roc_168 [bajo],largo,49,-0.1571934238331474,0.290612214322589,0.24489795918367346,1.0,-0.002967024272086854,1.1313434844962775,0.9300923577018647,-0.19025289374649945,-0.1738914064725199,False,spread <= 0
SF,0.2,roc_72,largo,49,-0.1582529089848574,0.5668276753280957,0.42857142857142855,1.0,-0.0028442295667827685,1.590639704685607,1.3331857684252515,-0.21312185560364394,-0.16558501200851444,False,spread <= 0
SF,0.2,roc_720 [bajo],largo,49,-0.16098362733343666,0.3232115588654377,0.24489795918367346,1.0,-0.0026631376921387308,1.1185034914731458,0.9530931938045,-0.18576438848100665,-0.16177829727738813,False,spread <= 0
SF,0.2,pos_168 [bajo],largo,49,-0.16332505529032829,0.292118610731823,0.3469387755102041,1.0,-0.0022270860488040846,1.0545731637439841,0.9253147526335415,-0.19317939951880816,-0.1772858426089576,False,spread <= 0
SF,0.2,turnover,largo,49,-0.1652021030174213,0.6209499015980308,0.32653061224489793,1.0,-0.002880918380750689,1.3065044693172498,1.228819170473951,-0.199068985147443,-0.17986603164521234,False,spread <= 0
SF,0.2,desbal ~ sin roc_24,largo,49,-0.16633876532575112,0.3089558395450692,0.30612244897959184,1.0,-0.0022004971551459656,0.9530467162606804,0.9319057786543223,-0.1683645043580964,-0.16790623818047998,False,spread <= 0
SF,0.2,CONTROL azar 1,largo,49,-0.1676649359181256,0.36176507620249415,0.2857142857142857,1.0,-0.002319309055035618,1.01035685776576,0.9727263895680809,-0.21079655862457886,-0.17783064110777322,False,control
SF,0.2,roc_72 ~ sin roc_24 [bajo],largo,49,-0.1689610566432723,0.43340355188621693,0.32653061224489793,1.0,-0.00287052439431215,1.193977486365976,0.9865882696502335,-0.20549728658360442,-0.18282354238969026,False,spread <= 0
SF,0.2,rango_168 ~ sin roc_24 [bajo],largo,49,-0.16951736715979812,0.33521134367156946,0.2653061224489796,1.0,-0.0008805546111001308,0.7029502662120113,0.9209227909246457,-0.2180880112837591,-0.18605585114169504,False,spread <= 0
SF,0.2,dd_168 ~ sin roc_24,largo,49,-0.16965465504466162,0.3377240736290493,0.30612244897959184,1.0,-0.0010673528601432948,0.7826946889225097,0.9573975829211177,-0.21283107909257035,-0.18117730528734968,False,spread <= 0
SF,0.2,desbal_168 [bajo],largo,49,-0.17882405653735356,0.3419338637596407,0.30612244897959184,1.0,-0.0018280470237283454,0.9602137179026667,0.9420390456058523,-0.20688862522408122,-0.1892718755708916,False,spread <= 0
SF,0.2,desbal_168 ~ sin roc_24 [bajo],largo,49,-0.18415829237474582,0.3328555902528258,0.2857142857142857,1.0,-0.0018929605816988574,0.9602550923181917,0.9428617552455143,-0.20720892467984214,-0.18952818810657257,False,spread <= 0
SF,0.2,desbal_24 [bajo],largo,49,-0.1873281902016387,0.2335062134410679,0.20408163265306123,1.0,-0.0021530159550753034,0.9470659639298179,0.9301174407658737,-0.20188195761677283,-0.18842652836787435,False,spread <= 0
SF,0.2,dd_720 ~ sin roc_24 [bajo],largo,49,-0.18814130020620928,0.42817677758907047,0.32653061224489793,1.0,-0.0035573975389591632,1.2523390486556816,0.9307555673089027,-0.22632875547037806,-0.21246993238291823,False,spread <= 0
SF,0.2,rango_168 [bajo],largo,49,-0.18946931851992035,0.31949407436758565,0.20408163265306123,1.0,-0.000953393297340103,0.6602436629975978,0.9060559548285495,-0.23289577596617866,-0.21255243973876056,False,spread <= 0
SF,0.2,desbal_24 ~ sin roc_24 [bajo],largo,49,-0.18975892289145677,0.24917308555417045,0.24489795918367346,1.0,-0.002191630928111054,0.9458480924369137,0.9328412966680346,-0.17394603577469864,-0.18864050135376828,False,spread <= 0
SF,0.2,compresion ~ sin roc_24,largo,49,-0.19643664363634247,0.5163815490310733,0.2857142857142857,1.0,-0.00211834737933929,1.4304603118326078,1.33529262270115,-0.24272995826331933,-0.2162024489420129,False,spread <= 0
SF,0.2,dd_720 [bajo],largo,49,-0.19719829081377363,0.355274399755607,0.32653061224489793,1.0,-0.0038194846683972973,1.2439666675236494,0.9248198550714587,-0.22523602443675902,-0.21270332291262797,False,spread <= 0
SF,0.2,roc_168 ~ sin roc_24 [bajo],largo,49,-0.19729176784738583,0.3822967251710629,0.22448979591836735,1.0,-0.00369334169035394,1.167640382309445,0.9547421250094736,-0.23692570165137483,-0.21313871306224902,False,spread <= 0
SF,0.2,vol_24 [bajo],largo,49,-0.20386113850944007,0.348665014286982,0.2653061224489796,1.0,-0.0009098593885326308,0.6171986762584579,0.8496161041512451,-0.24451314986731007,-0.2295761870510827,False,spread <= 0
SF,0.2,dd_168 [bajo],largo,49,-0.21153582929540962,0.5204961128754434,0.2857142857142857,1.0,-0.0035012578216476425,1.3955178051006427,1.0474716708567575,-0.23786481955504502,-0.22277456024766057,False,spread <= 0
SF,0.2,atr_24 [bajo],largo,49,-0.22467309676969108,0.3515744798783994,0.24489795918367346,1.0,-0.0010689441025405753,0.6098042704470676,0.8550970178058346,-0.2511577431325899,-0.24541475191570084,False,spread <= 0
SF,0.2,roc_720 ~ sin roc_24 [bajo],largo,49,-0.22795618620963934,0.441659123694278,0.2653061224489796,1.0,-0.0034162935721818153,1.1426241915737856,0.9737625301333351,-0.26386353251655315,-0.23683613885690866,False,spread <= 0
SF,0.2,atr_24 ~ sin roc_24 [bajo],largo,49,-0.23075709640548892,0.38902114159621426,0.1836734693877551,1.0,-0.001377183558595803,0.6276491091662096,0.8806777879212246,-0.2863069556478278,-0.2528296448252033,False,spread <= 0
SF,0.2,vol_168 [bajo],largo,49,-0.23996044825474525,0.3539853883475505,0.22448979591836735,1.0,-0.0011910130754047424,0.630418091298527,0.9191344558878074,-0.28648616477513,-0.2501134970044603,False,spread <= 0
SF,0.2,vol_168 ~ sin roc_24 [bajo],largo,49,-0.2520646871981392,0.3374959971090408,0.22448979591836735,1.0,-0.0014832097196760595,0.6515336619408021,0.9363685479105245,-0.30453431617925286,-0.27884232049272123,False,spread <= 0
SF,0.2,vol_24,magnitud,49,2.7221143071930296,1.6687186254806115,1.0,0.0,0.06062066216758477,2.01940924234293,1.5230789524721353,2.5173940335093294,2.6526984277010035,True,SOBREVIVE
SF,0.2,atr_24,magnitud,49,2.6914322025757453,1.6673737435954628,1.0,0.0,0.06284499717131733,2.0445355019604583,1.55245502216198,2.5052540766506306,2.628298019947744,True,SOBREVIVE
SF,0.2,n_surge,magnitud,49,2.6503711065207955,1.5505952607760463,1.0,0.0,0.03517788562797665,1.3304000241797578,1.2397949511237991,2.5166200994054098,2.5983879734819553,True,SOBREVIVE
SF,0.2,roc_72,magnitud,49,2.6446223451128694,1.6039021795472748,1.0,0.0,0.04285141222665531,1.590639704685607,1.3331857684252515,2.4697746567072008,2.5854026886432857,True,SOBREVIVE
SF,0.2,roc_168,magnitud,49,2.6198527940435707,1.5570052129300127,1.0,0.0,0.04281286807376541,1.5578137974741502,1.2999486049025686,2.4623572140412207,2.5636597614721945,True,SOBREVIVE
SF,0.2,turnover,magnitud,49,2.578390386773913,1.565976414762248,1.0,0.0,0.033844793922560325,1.3065044693172498,1.228819170473951,2.4225446621533853,2.5200996197446024,True,SOBREVIVE
SF,0.2,roc_24,magnitud,49,2.426496236631359,1.5226430712714747,1.0,0.0,0.03899117277548258,1.4512433436483536,1.2471077594078972,2.2758787723853415,2.375206444265541,True,SOBREVIVE
SF,0.2,compresion,magnitud,49,2.332391175268616,1.579850658308288,1.0,0.0,0.028767197658933354,1.5001208812888926,1.3862086023457239,2.0911927803450507,2.2003170914512173,True,SOBREVIVE
SF,0.2,vol_24 ~ sin roc_24,magnitud,49,2.1682859902044322,1.3991169235907412,1.0,0.0,0.05240771735856103,1.9036618900830358,1.444283145715949,1.9797813817226155,2.1092863428264454,True,SOBREVIVE
SF,0.2,rango_168,magnitud,49,2.151418352763737,1.5545849474858229,0.9387755102040817,0.0,0.05271750854387631,1.700201516548601,1.2210322678038685,2.0072170166991588,2.125004519448125,True,SOBREVIVE
SF,0.2,atr_24 ~ sin roc_24,magnitud,49,2.147262115735552,1.3648799809412093,0.9795918367346939,0.0,0.05496601833444762,1.9666763153253397,1.473452615983605,1.9683096949762153,2.0848449273701837,True,SOBREVIVE
SF,0.2,vol_168,magnitud,49,2.121875313809361,1.5488000117069995,0.9591836734693877,0.0,0.05656782331962304,1.802151383812803,1.239992294020379,1.9456698285279057,2.047363234063405,True,SOBREVIVE
SF,0.2,rango_168 ~ sin roc_24,magnitud,49,2.0177167250080434,1.4461848322938156,0.9591836734693877,0.0,0.050092546116999634,1.651599715769245,1.2177936138209642,1.8745105901870287,1.9615045859676004,True,SOBREVIVE
SF,0.2,vol_168 ~ sin roc_24,magnitud,49,1.9355009067706868,1.4783080904372055,0.9591836734693877,0.0,0.05289545316179447,1.7555879533497851,1.2253510992854684,1.739897122825938,1.8652757255259813,True,SOBREVIVE
SF,0.2,n_surge ~ sin roc_24,magnitud,49,1.9267853515268203,1.1108231504410655,1.0,0.0,0.028936703298016436,1.3154343710057188,1.1766397365770915,1.8147344293159011,1.8886919067852792,True,SOBREVIVE
SF,0.2,roc_168 ~ sin roc_24,magnitud,49,1.854334136359105,1.1465620344143272,1.0,0.0,0.034197137835666254,1.4653096996350503,1.2267319750798398,1.6972788414403084,1.7993892972406023,True,SOBREVIVE
SF,0.2,turnover ~ sin roc_24,magnitud,49,1.806694728131736,1.0353780205852554,1.0,0.0,0.02683642123266538,1.295611389607148,1.1679131961207136,1.6847589485847347,1.7570286016749455,True,SOBREVIVE
SF,0.2,roc_72 ~ sin roc_24,magnitud,49,1.5928076591623204,1.1868302846950984,0.9795918367346939,0.0,0.029257835031005437,1.4518636995240215,1.2257546089946885,1.4385168323898285,1.5426688714333048,True,SOBREVIVE
SF,0.2,compresion ~ sin roc_24,magnitud,49,1.5392994674434337,1.0874361484252488,0.9795918367346939,0.0,0.017296806157063787,1.4304603118326078,1.33529262270115,1.4205803789919205,1.4792099784568715,True,SOBREVIVE
SF,0.2,pos_168,magnitud,49,1.4874467971837042,0.9766423566667359,0.9795918367346939,0.0,0.017431837881515422,1.1659387739599043,1.1029932652856895,1.3837940573061644,1.455860070990266,True,SOBREVIVE
SF,0.2,dd_168 ~ sin roc_24 [bajo],magnitud,49,1.4717925274567674,1.2510250611294118,0.9183673469387755,0.0,0.03978590450576181,1.4346422233865188,1.0701460712086712,1.3576804314771405,1.4282973195689694,True,SOBREVIVE
SF,0.2,roc_720,magnitud,49,1.356935877202313,1.3366108330950837,0.8367346938775511,0.0,0.03462547971133753,1.4273475672849532,1.0708703503498478,1.209737994781081,1.3060937183661658,True,SOBREVIVE
SF,0.2,dd_168 [bajo],magnitud,49,0.9090873125636926,0.9382856293412388,0.8571428571428571,0.0,0.03223692482721458,1.3955178051006427,1.0474716708567575,0.7904441238409584,0.8390475385187494,True,SOBREVIVE
SF,0.2,roc_720 ~ sin roc_24,magnitud,49,0.900203593708881,1.057790261511846,0.7755102040816326,0.0,0.02981467873992031,1.3943778518005014,1.0469535797249385,0.7873292791734149,0.8521117922765252,True,SOBREVIVE
SF,0.2,dd_720,magnitud,49,0.8577739627943936,1.2305539668371897,0.8775510204081632,0.0,-0.00781064411627374,0.8707586664657763,1.0440157557952596,0.7543810894179023,0.8261360617651996,True,ARTEFACTO DE ESCALA (atr_ratio 0.87)
SF,0.2,turnover ~ sin roc_24 [bajo],magnitud,49,0.7152844353649174,1.1839098793426437,0.7346938775510204,0.0,0.015463036412205892,1.1739687298005872,1.0219640912804115,0.4662176667815845,0.5810040782159827,True,SOBREVIVE
SF,0.2,pos_168 ~ sin roc_24,magnitud,49,0.5771189843352073,0.7173558065556314,0.8571428571428571,0.0,0.004501776627271885,1.1011972244139308,1.052273438242961,0.537775518551646,0.5714472809644876,True,SOBREVIVE
SF,0.2,n_surge ~ sin roc_24 [bajo],magnitud,49,0.5466774537087233,0.941077839649012,0.7755102040816326,0.0,0.015265233279488942,1.175477073445437,1.0161536930713346,0.3732991512657359,0.42385797324129515,True,SOBREVIVE
SF,0.2,dd_168,magnitud,49,0.5076027420493274,0.9961707621532913,0.7142857142857143,0.0,-0.012895852476455232,0.835245963151381,1.0002187224884773,0.4041444764285512,0.4738112489236241,True,ARTEFACTO DE ESCALA (atr_ratio 0.84)
SF,0.2,ticket_rel,magnitud,49,0.41686059490830546,0.6195648211467195,0.7346938775510204,0.0,0.0028806202490460134,1.0139197174959045,0.9878367056992658,0.337358659204527,0.37769832286641186,True,SOBREVIVE
SF,0.2,pos_168 ~ sin roc_24 [bajo],magnitud,49,0.3999465875480261,0.7372798849681527,0.7551020408163265,0.0,0.010828123116720958,1.0376034597205197,0.9321270940257455,0.32463084258015623,0.3704357790593816,True,SOBREVIVE
SF,0.2,roc_72 ~ sin roc_24 [bajo],magnitud,49,0.3286254403363152,0.7235186885913675,0.6326530612244898,0.0005,0.01681846483743705,1.193977486365976,0.9865882696502335,0.22749601883732212,0.28710996931844407,True,SOBREVIVE
SF,0.2,compresion ~ sin roc_24 [bajo],magnitud,49,0.32840529047016526,0.7397520971902704,0.6122448979591837,0.0,0.00877961936080363,0.9798600943381823,0.8706184733815018,0.2349295985942691,0.2821650476640081,True,SOBREVIVE
SF,0.2,dd_720 ~ sin roc_24,magnitud,49,0.2619457677321779,0.9486306573589169,0.6530612244897959,0.0165,-0.015986791368923673,0.8408295919504521,1.0128496451174382,0.15733424609207258,0.21542247599088285,True,ARTEFACTO DE ESCALA (atr_ratio 0.84)
SF,0.2,roc_720 ~ sin roc_24 [bajo],magnitud,49,0.2607448874031729,0.6654279217986602,0.6530612244897959,0.002,0.013107719115728564,1.1426241915737856,0.9737625301333351,0.17213248442335438,0.22486232365545575,True,SOBREVIVE
SF,0.2,dd_720 ~ sin roc_24 [bajo],magnitud,49,0.2517379886316872,0.8418802871213787,0.5510204081632653,0.0125,0.025686374114922098,1.2523390486556816,0.9307555673089027,0.16475247061717768,0.19473876598711648,True,inconsistente por semana (55% arriba)
SF,0.2,ticket_rel ~ sin roc_24,magnitud,49,0.25020084621310784,0.5552700139037389,0.6326530612244898,0.0,0.0004969013055898528,1.0093939466450352,0.9850568692390829,0.17706635160084164,0.22165783809953216,True,SOBREVIVE
SF,0.2,roc_24 [bajo],magnitud,49,0.18223012407147365,0.4894576747409205,0.673469387755102,0.005,0.014860392337555104,1.2621619248779787,1.0365775770461412,0.12112913031927271,0.15191757800517472,True,SOBREVIVE
SF,0.2,desbal_24,magnitud,49,0.1735312167530566,0.5718393526632591,0.5918367346938775,0.01,-0.003440828529737671,0.9542395903069777,0.9649210431510475,0.09399115011263463,0.14626367561782425,True,ARTEFACTO DE ESCALA (atr_ratio 0.95)
SF,0.2,ticket_rel ~ sin roc_24 [bajo],magnitud,49,0.108392248193344,0.9478933749219545,0.3877551020408163,0.2265,-0.0008516784824248975,0.9678755356089545,0.9418734768661148,-0.02719938253560643,0.010325082326484126,False,ARTEFACTO DE ESCALA (atr_ratio 0.97)
SF,0.2,desbal_24 ~ sin roc_24,magnitud,49,0.09941150484977089,0.6072870257249714,0.4897959183673469,0.113,-0.004279563375760318,0.9491440949939695,0.9579780057736322,0.015133010738659575,0.06827413268257208,False,ARTEFACTO DE ESCALA (atr_ratio 0.95)
SF,0.2,roc_168 ~ sin roc_24 [bajo],magnitud,49,0.08784823737772857,0.6875582047048415,0.5102040816326531,0.1835,0.014465279285411008,1.167640382309445,0.9547421250094736,0.0026871948494535444,0.05158805018018973,False,muere en la correccion (FDR q=0.1)
SF,0.2,desbal_168,magnitud,49,0.08256367900402663,0.5888309065990548,0.5306122448979592,0.151,-0.00488120441225503,0.952773965480826,0.9812830672561428,-0.003568980943830767,0.04307296526468567,False,ARTEFACTO DE ESCALA (atr_ratio 0.95)
SF,0.2,desbal_168 ~ sin roc_24 [bajo],magnitud,49,0.051821703760328304,0.8300495499057047,0.5102040816326531,0.34,-0.0032623788823387665,0.9602550923181917,0.9428617552455143,-0.10473673261801551,-0.057457654886872864,False,ARTEFACTO DE ESCALA (atr_ratio 0.96)
SF,0.2,desbal_168 [bajo],magnitud,49,0.04804663555941249,0.8495741470568222,0.46938775510204084,0.3625,-0.003077437492629181,0.9602137179026667,0.9420390456058523,-0.09255853004246552,-0.05819902501113854,False,ARTEFACTO DE ESCALA (atr_ratio 0.96)
SF,0.2,desbal_168 ~ sin roc_24,magnitud,49,0.017351347482579816,0.4950786911194808,0.5510204081632653,0.3935,-0.005641947654352412,0.950458595504722,0.9792261429812568,-0.06832281106803446,-0.02811005842355019,False,ARTEFACTO DE ESCALA (atr_ratio 0.95)
SF,0.2,ticket_rel [bajo],magnitud,49,0.01465145632614287,0.9536881611363989,0.3673469387755102,0.502,-0.001880908074106764,0.9640875061352356,0.9357925273617375,-0.14495835932441128,-0.09800319529710251,False,ARTEFACTO DE ESCALA (atr_ratio 0.96)
SF,0.2,dd_168 ~ sin roc_24,magnitud,49,0.0031887092190745277,0.8339229797693601,0.46938775510204084,0.4855,-0.021690545771499297,0.7826946889225097,0.9573975829211177,-0.1097968592684871,-0.06366200245245113,False,ARTEFACTO DE ESCALA (atr_ratio 0.78)
SF,0.2,CONTROL azar 3,magnitud,49,-0.00236439252800179,0.3879915830081579,0.5714285714285714,1.0,0.0008950727686137898,1.0107701967536422,0.9680675981610714,-0.07042336760107316,-0.025813442044752447,False,control
SF,0.2,dd_720 [bajo],magnitud,49,-0.014243533526842916,0.7235898405275677,0.42857142857142855,1.0,0.022411077387936164,1.2439666675236494,0.9248198550714587,-0.11268491680028891,-0.062319674205930334,False,spread <= 0
SF,0.2,roc_72 [bajo],magnitud,49,-0.021925662899982344,0.6403945349525978,0.4897959183673469,1.0,0.012988904190286102,1.165102461364743,0.9595833425031732,-0.09130487405690906,-0.04973527656184942,False,spread <= 0
SF,0.2,compresion [bajo],magnitud,49,-0.04158099293728212,0.7151437878671589,0.3877551020408163,1.0,0.00365823555121775,0.9774354317888702,0.8586798685641379,-0.10623155122019724,-0.08063853293207783,False,spread <= 0
SF,0.2,CONTROL azar 2,magnitud,49,-0.06790422342902508,0.4470704033091363,0.4489795918367347,1.0,-0.0008242565079435629,1.0095010588153388,0.9732133834418146,-0.1258179660146051,-0.10422609058335781,False,control
SF,0.2,CONTROL azar 1,magnitud,49,-0.07665439268419291,0.34155065540155793,0.3469387755102041,1.0,-0.0017029897887333929,1.01035685776576,0.9727263895680809,-0.13328782090700728,-0.10777229834642091,False,control
SF,0.2,roc_720 [bajo],magnitud,49,-0.08953888532683962,0.615647531435633,0.40816326530612246,1.0,0.009793367566822692,1.1185034914731458,0.9530931938045,-0.1320882826728077,-0.09216425814990749,False,spread <= 0
SF,0.2,vol_24 ~ sin roc_24 [bajo],magnitud,49,-0.1225304857750909,0.6420545378690468,0.2857142857142857,1.0,-0.02821477218661121,0.6566654843169772,0.8842157041698662,-0.219190998833121,-0.1818185997673072,False,spread <= 0
SF,0.2,desbal_24 ~ sin roc_24 [bajo],magnitud,49,-0.15047901337657008,0.8505796216718751,0.30612244897959184,1.0,-0.005487041125959035,0.9458480924369137,0.9328412966680346,-0.231417539714955,-0.24673052373182416,False,spread <= 0
SF,0.2,atr_24 ~ sin roc_24 [bajo],magnitud,49,-0.15332542977812352,0.6947246665106727,0.24489795918367346,1.0,-0.032737454015628734,0.6276491091662096,0.8806777879212246,-0.25111348853758986,-0.21472584468428207,False,spread <= 0
SF,0.2,pos_168 [bajo],magnitud,49,-0.16323942586217652,0.7040155845232349,0.42857142857142855,1.0,0.004664838333635045,1.0545731637439841,0.9253147526335415,-0.2255720826200116,-0.18802593986921456,False,spread <= 0
SF,0.2,vol_168 ~ sin roc_24 [bajo],magnitud,49,-0.18805006482207295,0.773073574818075,0.24489795918367346,1.0,-0.03423308951241534,0.6515336619408021,0.9363685479105245,-0.3067115527607729,-0.2584920160690933,False,spread <= 0
SF,0.2,desbal,magnitud,49,-0.23878074833714769,0.47622783239565636,0.20408163265306123,1.0,-0.005718983342972448,0.9526889118493137,0.9341578733186742,-0.2513444654279962,-0.23403967429747374,False,spread <= 0
SF,0.2,desbal [bajo],magnitud,49,-0.27306827633813696,0.538494547041203,0.30612244897959184,1.0,-0.006394989178782513,0.9587616023068253,0.9434996130669778,-0.3052361959079743,-0.2823644783088226,False,spread <= 0
SF,0.2,desbal ~ sin roc_24 [bajo],magnitud,49,-0.281057410257375,0.5125114549038267,0.2857142857142857,1.0,-0.006536336125774755,0.959486683617282,0.9440902910222149,-0.31366335038503507,-0.29094754638291553,False,spread <= 0
SF,0.2,desbal ~ sin roc_24,magnitud,49,-0.28641855222472007,0.4507385036593122,0.16326530612244897,1.0,-0.006375884467994746,0.9530467162606804,0.9319057786543223,-0.3074331746478158,-0.2805459525364062,False,spread <= 0
SF,0.2,rango_168 ~ sin roc_24 [bajo],magnitud,49,-0.29115846956963615,0.7671026587016141,0.20408163265306123,1.0,-0.02956407663280207,0.7029502662120113,0.9209227909246457,-0.3998522447200755,-0.36062485219680096,False,spread <= 0
SF,0.2,roc_168 [bajo],magnitud,49,-0.30802553726159265,0.7089826787095351,0.32653061224489793,1.0,0.00977228793353711,1.1313434844962775,0.9300923577018647,-0.3871889514269247,-0.3443120483155221,False,spread <= 0
SF,0.2,desbal_24 [bajo],magnitud,49,-0.3490017759672575,0.5030607860798346,0.20408163265306123,1.0,-0.007786216339153602,0.9470659639298179,0.9301174407658737,-0.23571999677647956,-0.3514496725822331,False,spread <= 0
SF,0.2,turnover [bajo],magnitud,49,-0.35299852818715777,1.0033841369814318,0.12244897959183673,1.0,-0.0007033660433435207,0.9823836053660311,0.8957962677506279,-0.5323451870432564,-0.4768002445318884,False,spread <= 0
SF,0.2,vol_168 [bajo],magnitud,49,-0.39332222511717996,0.8434755258534813,0.1836734693877551,1.0,-0.03850539797092143,0.630418091298527,0.9191344558878074,-0.506463542492342,-0.4604883330967233,False,spread <= 0
SF,0.2,rango_168 [bajo],magnitud,49,-0.4532588612468726,0.7431215444375111,0.16326530612244897,1.0,-0.03432085288176606,0.6602436629975978,0.9060559548285495,-0.5707663265121664,-0.5164555908895608,False,spread <= 0
SF,0.2,n_surge [bajo],magnitud,49,-0.46825534493942345,0.47961502254935423,0.10204081632653061,1.0,-0.0006242651510839874,0.9971718100684923,0.8954903391390868,-0.5201824411085016,-0.4929673256596049,False,spread <= 0
SF,0.2,atr_24 [bajo],magnitud,49,-0.4998693258841881,0.811320097314033,0.14285714285714285,1.0,-0.03831490298475158,0.6098042704470676,0.8550970178058346,-0.599512566868978,-0.5801953922678122,False,spread <= 0
SF,0.2,vol_24 [bajo],magnitud,49,-0.5570684945831709,0.860368933428445,0.10204081632653061,1.0,-0.036469944338461666,0.6171986762584579,0.8496161041512451,-0.633538846863797,-0.6221240590366731,False,spread <= 0
SF,0.1,roc_720 ~ sin roc_24 [bajo],corto,49,0.024179696835331478,0.4378533329509721,0.5918367346938775,0.3625,0.0004162935721818138,1.1426241915737856,0.9737625301333351,-0.01136835998646637,0.01283626575841259,False,muere en la correccion (FDR q=0.1)
SF,0.1,dd_168 [bajo],corto,49,0.02110350069531703,0.515776989815513,0.5714285714285714,0.383,0.0005012578216476408,1.3955178051006427,1.0474716708567575,-0.016219337400511215,0.009696264803801279,False,muere en la correccion (FDR q=0.1)
SF,0.1,dd_720 [bajo],corto,49,0.015621883354664126,0.34937253467566937,0.5306122448979592,0.368,0.0008194846683972959,1.2439666675236494,0.9248198550714587,-0.01489234835622486,0.0032089072043171335,False,muere en la correccion (FDR q=0.1)
SF,0.1,dd_720 ~ sin roc_24 [bajo],corto,49,0.0061524396187378014,0.4238745292791443,0.46938775510204084,0.464,0.0005573975389591616,1.2523390486556816,0.9307555673089027,-0.036413433364520166,-0.017270081016154463,False,dentro del MDE del azar (±0.116)
SF,0.1,roc_168 ~ sin roc_24 [bajo],corto,49,-0.001066688085890237,0.3789985030339022,0.5102040816326531,1.0,0.0006933416903539382,1.167640382309445,0.9547421250094736,-0.029063210466181138,-0.009545965163431697,False,spread <= 0
SF,0.1,atr_24,corto,49,-0.031480590837261825,0.545874373727981,0.4489795918367347,1.0,0.0004377687057461199,2.0445355019604583,1.55245502216198,-0.06327513302604358,-0.03943314864011099,False,spread <= 0
SF,0.1,roc_72 ~ sin roc_24 [bajo],corto,49,-0.03205852058775582,0.432631938032513,0.4897959183673469,1.0,-0.00012947560568785143,1.193977486365976,0.9865882696502335,-0.05691973663650446,-0.04203116965948877,False,spread <= 0
SF,0.1,compresion ~ sin roc_24,corto,49,-0.03468872643372062,0.5205077883677349,0.46938775510204084,1.0,-0.0008816526206607118,1.4304603118326078,1.33529262270115,-0.0725020870617175,-0.04594847715770634,False,spread <= 0
SF,0.1,roc_168 [bajo],corto,49,-0.040552518242377544,0.28487675271973617,0.4897959183673469,1.0,-3.297572791314798e-05,1.1313434844962775,0.9300923577018647,-0.05795615907104933,-0.04584042507184269,False,spread <= 0
SF,0.1,roc_720 [bajo],corto,49,-0.0417847369905251,0.32298720040180523,0.46938775510204084,1.0,-0.00033686230786127017,1.1185034914731458,0.9530931938045,-0.07782652689120735,-0.046414014266469024,False,spread <= 0
SF,0.1,desbal_24 ~ sin roc_24 [bajo],corto,49,-0.04537398202604057,0.24293359086866992,0.46938775510204084,1.0,-0.0008083690718889466,0.9458480924369137,0.9328412966680346,-0.08260624244424683,-0.050007631068021065,False,spread <= 0
SF,0.1,desbal_24 [bajo],corto,49,-0.04639431957124639,0.22555304999544845,0.4489795918367347,1.0,-0.0008469840449246975,0.9470659639298179,0.9301174407658737,-0.07408773165007883,-0.05587926877834072,False,spread <= 0
SF,0.1,pos_168 [bajo],corto,49,-0.04749974435557007,0.28884037707937316,0.4897959183673469,1.0,-0.0007729139511959167,1.0545731637439841,0.9253147526335415,-0.07912910378695502,-0.05862879987578502,False,spread <= 0
SF,0.1,dd_168 ~ sin roc_24 [bajo],corto,49,-0.048519432053367034,0.5472623694135227,0.5510204081632653,1.0,-0.0003167440540884142,1.4346422233865188,1.0701460712086712,-0.09296034499541123,-0.057568653019932775,False,spread <= 0
SF,0.1,desbal_168 ~ sin roc_24 [bajo],corto,49,-0.05037867560733561,0.3265120184852554,0.4489795918367347,1.0,-0.0011070394183011435,0.9602550923181917,0.9428617552455143,-0.0876232794135831,-0.06735854477817582,False,spread <= 0
SF,0.1,vol_168,corto,49,-0.05320469482518886,0.6440131147119917,0.46938775510204084,1.0,-0.00015848659223424662,1.802151383812803,1.239992294020379,-0.10808632860848448,-0.07577262488708014,False,spread <= 0
SF,0.1,roc_72,corto,49,-0.05427255906305313,0.5696024239731151,0.4489795918367347,1.0,-0.00015577043321723317,1.590639704685607,1.3331857684252515,-0.0890174715954948,-0.06621114878276788,False,spread <= 0
SF,0.1,desbal_168 [bajo],corto,49,-0.05560946196891888,0.3348489054134304,0.40816326530612246,1.0,-0.001171952976271656,0.9602137179026667,0.9420390456058523,-0.09096728009838244,-0.0759097965174607,False,spread <= 0
SF,0.1,rango_168,corto,49,-0.056941221718861054,0.5112390112823088,0.5510204081632653,1.0,-0.0002195807119655749,1.700201516548601,1.2210322678038685,-0.12206573833804371,-0.074258508215946,False,spread <= 0
SF,0.1,CONTROL azar 1,corto,49,-0.060953401008028596,0.3676904557954406,0.46938775510204084,1.0,-0.0006806909449643833,1.01035685776576,0.9727263895680809,-0.08340210564696206,-0.07112223093607765,False,control
SF,0.1,vol_24,corto,49,-0.06409689405224564,0.55503976959906,0.42857142857142855,1.0,2.1641922567204958e-05,2.01940924234293,1.5230789524721353,-0.09281875884030348,-0.07123575019525294,False,spread <= 0
SF,0.1,turnover,corto,49,-0.0644140081884138,0.6236222995529428,0.46938775510204084,1.0,-0.00011908161924931241,1.3065044693172498,1.228819170473951,-0.11312838754959925,-0.07443510195674344,False,spread <= 0
SF,0.1,desbal ~ sin roc_24,corto,49,-0.06518696736300421,0.30973245932149124,0.40816326530612246,1.0,-0.0007995028448540356,0.9530467162606804,0.9319057786543223,-0.09941914208965338,-0.07820862571368309,False,spread <= 0
SF,0.1,atr_24 ~ sin roc_24,corto,49,-0.06531409436371956,0.5591357292580219,0.40816326530612246,1.0,-0.00019081819063413303,1.9666763153253397,1.473452615983605,-0.11210238965248928,-0.07752237493380108,False,spread <= 0
SF,0.1,n_surge ~ sin roc_24 [bajo],corto,49,-0.06948216188918216,0.3496226875951793,0.42857142857142855,1.0,-0.0006831671657643042,1.175477073445437,1.0161536930713346,-0.10161145015545757,-0.07929807839783877,False,spread <= 0
SF,0.1,rango_168 ~ sin roc_24,corto,49,-0.07331591466212693,0.6196406858750604,0.4897959183673469,1.0,-0.0004892191729792536,1.651599715769245,1.2177936138209642,-0.10972241627377434,-0.0832942302884,False,spread <= 0
SF,0.1,n_surge,corto,49,-0.07903800004185685,0.6310686031447131,0.42857142857142855,1.0,-0.00045354686625414945,1.3304000241797578,1.2397949511237991,-0.13419264563005587,-0.09518271702859435,False,spread <= 0
SF,0.1,pos_168 ~ sin roc_24 [bajo],corto,49,-0.0842435255939867,0.38368153680112904,0.40816326530612246,1.0,-0.0010467431780864563,1.0376034597205197,0.9321270940257455,-0.11655667157222413,-0.09227487830092952,False,spread <= 0
SF,0.1,desbal,corto,49,-0.08912186315205589,0.31993214069746345,0.46938775510204084,1.0,-0.0011270055183078037,0.9526889118493137,0.9341578733186742,-0.10245182598232709,-0.09183678387505988,False,spread <= 0
SF,0.1,vol_168 ~ sin roc_24 [bajo],corto,49,-0.08979598246741446,0.31796025943236805,0.42857142857142855,1.0,-0.001516790280323941,0.6515336619408021,0.9363685479105245,-0.10287849052813963,-0.09941712860454352,False,spread <= 0
SF,0.1,ticket_rel ~ sin roc_24,corto,49,-0.09226517302462582,0.27312733108433623,0.40816326530612246,1.0,-0.0006744272761040304,1.0093939466450352,0.9850568692390829,-0.12846280091973397,-0.10442457286999013,False,spread <= 0
SF,0.1,desbal_168 ~ sin roc_24,corto,49,-0.09550585037696369,0.352977516432447,0.3673469387755102,1.0,-0.0013520712959757136,0.950458595504722,0.9792261429812568,-0.10904319506049226,-0.10288333303636589,False,spread <= 0
SF,0.1,roc_24,corto,49,-0.09622268801852386,0.5440353340851367,0.40816326530612246,1.0,-0.0004547672471840742,1.4512433436483536,1.2471077594078972,-0.13344318823248016,-0.10731534054996955,False,spread <= 0
SF,0.1,compresion,corto,49,-0.10053445019369775,0.45317781786562455,0.46938775510204084,1.0,-0.0013916759212655818,1.5001208812888926,1.3862086023457239,-0.13662083364655103,-0.11374911369615265,False,spread <= 0
SF,0.1,CONTROL azar 2,corto,49,-0.10087606935488164,0.32906052978605427,0.3673469387755102,1.0,-0.0010878603899562237,1.0095010588153388,0.9732133834418146,-0.12757032865202525,-0.11615269448164232,False,control
SF,0.1,ticket_rel,corto,49,-0.10466325762445176,0.2645408343578601,0.3673469387755102,1.0,-0.0007299199505675014,1.0139197174959045,0.9878367056992658,-0.1331268596829482,-0.1169857109132509,False,spread <= 0
SF,0.1,atr_24 ~ sin roc_24 [bajo],corto,49,-0.10623034419275205,0.3748179630970341,0.32653061224489793,1.0,-0.0016228164414041977,0.6276491091662096,0.8806777879212246,-0.12818851713716659,-0.1234716470958953,False,spread <= 0
SF,0.1,vol_168 [bajo],corto,49,-0.1081734239676494,0.338951021843794,0.3469387755102041,1.0,-0.0018089869245952583,0.630418091298527,0.9191344558878074,-0.11017977828383334,-0.11649854692480412,False,spread <= 0
SF,0.1,vol_24 ~ sin roc_24,corto,49,-0.10835792258411972,0.5492495480314465,0.42857142857142855,1.0,-0.0005814041183318025,1.9036618900830358,1.444283145715949,-0.14686359732256243,-0.12161786390543342,False,spread <= 0
SF,0.1,turnover ~ sin roc_24,corto,49,-0.1095988056597893,0.4998018635696981,0.3673469387755102,1.0,-0.000846849341732989,1.295611389607148,1.1679131961207136,-0.14356394836320538,-0.12153988354539394,False,spread <= 0
SF,0.1,n_surge [bajo],corto,49,-0.11162132312706687,0.2917218762518487,0.40816326530612246,1.0,-0.0015920270330792286,0.9971718100684923,0.8954903391390868,-0.14765898572955014,-0.12534679127380605,False,spread <= 0
SF,0.1,desbal_168,corto,49,-0.112081842374344,0.37903326087427264,0.3673469387755102,1.0,-0.0016613748683146357,0.952773965480826,0.9812830672561428,-0.12752835549248728,-0.11950851597402441,False,spread <= 0
SF,0.1,CONTROL azar 3,corto,49,-0.11697567743902652,0.3291114416127097,0.32653061224489793,1.0,-0.0016010738854942694,1.0107701967536422,0.9680675981610714,-0.14816997171980106,-0.12884146124456106,False,control
SF,0.1,n_surge ~ sin roc_24,corto,49,-0.1171069923236381,0.4895048122270133,0.3877551020408163,1.0,-0.0012178228325075038,1.3154343710057188,1.1766397365770915,-0.15255063007502057,-0.12818360792845837,False,spread <= 0
SF,0.1,pos_168 ~ sin roc_24,corto,49,-0.11918829084471153,0.37755715452909283,0.3469387755102041,1.0,-0.0015470498026890719,1.1011972244139308,1.052273438242961,-0.15525703538940303,-0.1343377258059577,False,spread <= 0
SF,0.1,atr_24 [bajo],corto,49,-0.12092828456917502,0.3353035464396163,0.3469387755102041,1.0,-0.001931055897459425,0.6098042704470676,0.8550970178058346,-0.13664241356125043,-0.13361935088669744,False,spread <= 0
SF,0.1,dd_168 ~ sin roc_24,corto,49,-0.1240982457900796,0.33917723494451973,0.40816326530612246,1.0,-0.0019326471398567063,0.7826946889225097,0.9573975829211177,-0.15128360077169078,-0.1363012338406406,False,spread <= 0
SF,0.1,roc_24 [bajo],corto,49,-0.12512942118478632,0.3595485854257641,0.3673469387755102,1.0,-0.0017431833944473282,1.2621619248779787,1.0365775770461412,-0.14655563559295975,-0.1356064270821111,False,spread <= 0
SF,0.1,roc_72 [bajo],corto,49,-0.12988878699919784,0.3859779753437934,0.3877551020408163,1.0,-0.001492667844150434,1.165102461364743,0.9595833425031732,-0.14823140091879428,-0.13882135161930625,False,spread <= 0
SF,0.1,compresion ~ sin roc_24 [bajo],corto,49,-0.1300008859408563,0.3491501501413277,0.40816326530612246,1.0,-0.0015936937449496057,0.9798600943381823,0.8706184733815018,-0.15612860760502079,-0.14139671622205208,False,spread <= 0
SF,0.1,vol_24 [bajo],corto,49,-0.13196179165328942,0.3296514346054451,0.2857142857142857,1.0,-0.00209014061146737,0.6171986762584579,0.8496161041512451,-0.13923070763598414,-0.13740737717116666,False,spread <= 0
SF,0.1,desbal ~ sin roc_24 [bajo],corto,49,-0.13339455332555217,0.2582850318050119,0.2653061224489796,1.0,-0.001984839999877902,0.959486683617282,0.9440902910222149,-0.1556426740955273,-0.13984415035794848,False,spread <= 0
SF,0.1,desbal [bajo],corto,49,-0.1363413064372173,0.2682796410318658,0.24489795918367346,1.0,-0.0020382012111589236,0.9587616023068253,0.9434996130669778,-0.15267206655864962,-0.1432400733610707,False,spread <= 0
SF,0.1,vol_168 ~ sin roc_24,corto,49,-0.13760932165488415,0.5810185534113915,0.4897959183673469,1.0,-0.0011260910788045823,1.7555879533497851,1.2253510992854684,-0.17303592593531908,-0.15138878225881303,False,spread <= 0
SF,0.1,rango_168 [bajo],corto,49,-0.13884733088956602,0.3059667934880126,0.24489795918367346,1.0,-0.0020466067026598976,0.6602436629975978,0.9060559548285495,-0.1598273623496448,-0.15394891579091902,False,spread <= 0
SF,0.1,turnover ~ sin roc_24 [bajo],corto,49,-0.1431829087964683,0.38209795432451665,0.3673469387755102,1.0,-0.0018157731959071188,1.1739687298005872,1.0219640912804115,-0.17233893962753272,-0.16039308956167742,False,spread <= 0
SF,0.1,rango_168 ~ sin roc_24 [bajo],corto,49,-0.14690066984152,0.3234270972237126,0.2857142857142857,1.0,-0.00211944538889987,0.7029502662120113,0.9209227909246457,-0.16472076244643777,-0.1601929458362675,False,spread <= 0
SF,0.1,compresion [bajo],corto,49,-0.14783277380300944,0.3389469085794233,0.32653061224489793,1.0,-0.0018523291965983704,0.9774354317888702,0.8586798685641379,-0.17498057547527096,-0.15691927581420279,False,spread <= 0
SF,0.1,roc_720 ~ sin roc_24,corto,49,-0.14907972186491625,0.4984583302900516,0.3673469387755102,1.0,-0.0011403844661676454,1.3943778518005014,1.0469535797249385,-0.17574171039028408,-0.16038567840034815,False,spread <= 0
SF,0.1,roc_72 ~ sin roc_24,corto,49,-0.15779977877260376,0.5217714334005061,0.42857142857142855,1.0,-0.0015611871887290369,1.4518636995240215,1.2257546089946885,-0.19128462525997694,-0.1673062926300303,False,spread <= 0
SF,0.1,turnover [bajo],corto,49,-0.16567839859509237,0.27170925182247235,0.2857142857142857,1.0,-0.002320670133315518,0.9823836053660311,0.8957962677506279,-0.18058140687101867,-0.1700320099674857,False,spread <= 0
SF,0.1,vol_24 ~ sin roc_24 [bajo],corto,49,-0.1713047148483433,0.3142068950856118,0.22448979591836735,1.0,-0.0025926679780562257,0.6566654843169772,0.8842157041698662,-0.18687603545941758,-0.1796391920037281,False,spread <= 0
SF,0.1,dd_168,corto,49,-0.17140418892837203,0.41602234663277715,0.3469387755102041,1.0,-0.0025381809846060995,0.835245963151381,1.0002187224884773,-0.20924771652839713,-0.18909707436660902,False,spread <= 0
SF,0.1,ticket_rel [bajo],corto,49,-0.1722021236404212,0.3342158177363451,0.2857142857142857,1.0,-0.002670945052668326,0.9640875061352356,0.9357925273617375,-0.19966716024471265,-0.18411879119746688,False,spread <= 0
SF,0.1,desbal_24 ~ sin roc_24,corto,49,-0.17662582303179594,0.313452631807497,0.2653061224489796,1.0,-0.002163080484407948,0.9491440949939695,0.9579780057736322,-0.190098212867868,-0.18061406873005761,False,spread <= 0
SF,0.1,pos_168,corto,49,-0.1777694990091748,0.48370925719338886,0.40816326530612246,1.0,-0.0021781569236273652,1.1659387739599043,1.1029932652856895,-0.20628538701033355,-0.18817783465161003,False,spread <= 0
SF,0.1,desbal_24,corto,49,-0.18539107057547285,0.27954543013775,0.24489795918367346,1.0,-0.002372834431805833,0.9542395903069777,0.9649210431510475,-0.20291461108307104,-0.1873882401775465,False,spread <= 0
SF,0.1,ticket_rel ~ sin roc_24 [bajo],corto,49,-0.1929436569440056,0.3845022581981745,0.30612244897959184,1.0,-0.002737870539051584,0.9678755356089545,0.9418734768661148,-0.22099492580148186,-0.21218287979522094,False,spread <= 0
SF,0.1,roc_720,corto,49,-0.19851995666857647,0.4969655509904664,0.40816326530612246,1.0,-0.0019177087085218085,1.4273475672849532,1.0708703503498478,-0.23640872652562353,-0.20470523317128897,False,spread <= 0
SF,0.1,roc_168,corto,49,-0.20014400948889324,0.4400429305220738,0.3877551020408163,1.0,-0.0026262926391232306,1.5578137974741502,1.2999486049025686,-0.2323792532329214,-0.21274427502155085,False,spread <= 0
SF,0.1,dd_720 ~ sin roc_24,corto,49,-0.24344843821892764,0.4285869138813439,0.20408163265306123,1.0,-0.0029917361950770457,0.8408295919504521,1.0128496451174382,-0.26536496918289415,-0.2582036942578457,False,spread <= 0
SF,0.1,roc_168 ~ sin roc_24,corto,49,-0.25479253910688127,0.4712099265697421,0.30612244897959184,1.0,-0.003163836300246369,1.4653096996350503,1.2267319750798398,-0.3132839894877003,-0.28493802166963944,False,spread <= 0
SF,0.1,dd_720,corto,49,-0.2937552964003594,0.5664179996797678,0.20408163265306123,1.0,-0.003994516038961885,0.8707586664657763,1.0440157557952596,-0.34561370893507976,-0.30348364396226757,False,spread <= 0
SF,0.1,roc_168 ~ sin roc_24,largo,49,0.11488756175445716,0.46582085913824994,0.5714285714285714,0.0425,0.0011638363002463674,1.4653096996350503,1.2267319750798398,0.06935520738657165,0.09768935736049772,False,muere en la correccion (FDR q=0.1)
SF,0.1,dd_720,largo,49,0.10443287453013508,0.5601690174782654,0.5510204081632653,0.091,0.001994516038961884,0.8707586664657763,1.0440157557952596,0.07538956005780967,0.09145995893085951,False,muere en la correccion (FDR q=0.1)
SF,0.1,roc_720,largo,49,0.07035946723120642,0.4957125118598472,0.5306122448979592,0.1585,-8.229129147819229e-05,1.4273475672849532,1.0708703503498478,0.025917178669061094,0.062489357764101416,False,ARTEFACTO DE ESCALA (atr_ratio 1.43)
SF,0.1,roc_168,largo,49,0.059095297091689425,0.4369264286934138,0.46938775510204084,0.172,0.0006262926391232297,1.5578137974741502,1.2999486049025686,0.007506226716793836,0.041916513594516557,False,dentro del MDE del azar (±0.116)
SF,0.1,dd_720 ~ sin roc_24,largo,49,0.05349551847086061,0.42313877444897496,0.5918367346938775,0.188,0.000991736195077045,0.8408295919504521,1.0128496451174382,0.01551944088574505,0.04958986843749484,False,dentro del MDE del azar (±0.116)
SF,0.1,ticket_rel ~ sin roc_24 [bajo],largo,49,0.03995690841859885,0.3859733179229904,0.46938775510204084,0.2305,0.0007378705390515833,0.9678755356089545,0.9418734768661148,0.006239513034433687,0.018440484519644456,False,dentro del MDE del azar (±0.116)
SF,0.1,desbal_24,largo,49,0.02535846907387094,0.2814617845022999,0.6326530612244898,0.261,0.0003728344318058318,0.9542395903069777,0.9649210431510475,-0.007512093142123514,0.016026951794579615,False,dentro del MDE del azar (±0.116)
SF,0.1,pos_168,largo,49,0.022268652071910467,0.4824964635190764,0.42857142857142855,0.3795,0.00017815692362736394,1.1659387739599043,1.1029932652856895,-0.03446251291159967,-0.0005098868290752441,False,dentro del MDE del azar (±0.116)
SF,0.1,roc_720 ~ sin roc_24,largo,49,0.02216124808900909,0.49710272756414525,0.5918367346938775,0.3975,-0.0008596155338323558,1.3943778518005014,1.0469535797249385,-0.03384513537289747,-0.001988804910182699,False,ARTEFACTO DE ESCALA (atr_ratio 1.39)
SF,0.1,turnover [bajo],largo,49,0.020582605150614993,0.2729919831893444,0.5102040816326531,0.292,0.00032067013331551656,0.9823836053660311,0.8957962677506279,-0.020568885905358932,0.00697689862727288,False,dentro del MDE del azar (±0.116)
SF,0.1,ticket_rel [bajo],largo,49,0.019386027931694486,0.3384358605398475,0.46938775510204084,0.344,0.000670945052668325,0.9640875061352356,0.9357925273617375,-0.007582333087236929,0.00982879150032614,False,dentro del MDE del azar (±0.116)
SF,0.1,vol_168 ~ sin roc_24,largo,49,0.018067268900968294,0.5804728315305755,0.4489795918367347,0.442,-0.000873908921195419,1.7555879533497851,1.2253510992854684,-0.03634552320197487,-0.005280791867129174,False,ARTEFACTO DE ESCALA (atr_ratio 1.76)
SF,0.1,roc_72 ~ sin roc_24,largo,49,0.01735005836211777,0.516786716722166,0.46938775510204084,0.407,-0.00043881281127096427,1.4518636995240215,1.2257546089946885,-0.03254130871787627,-0.0012699454803027188,False,ARTEFACTO DE ESCALA (atr_ratio 1.45)
SF,0.1,desbal_24 ~ sin roc_24,largo,49,0.017128736834094507,0.31344384269543774,0.5510204081632653,0.3535,0.00016308048440794728,0.9491440949939695,0.9579780057736322,-0.02075810703852364,0.0021868729680536683,False,dentro del MDE del azar (±0.116)
SF,0.1,compresion [bajo],largo,49,0.0038757257091908966,0.3396758041469789,0.4897959183673469,0.494,-0.0001476708034016306,0.9774354317888702,0.8586798685641379,-0.03527363727519832,-0.01665792943962633,False,ARTEFACTO DE ESCALA (atr_ratio 0.98)
SF,0.1,turnover ~ sin roc_24 [bajo],largo,49,0.000821023705515407,0.3786843454619146,0.5102040816326531,0.5045,-0.00018422680409288248,1.1739687298005872,1.0219640912804115,-0.04317549055729248,-0.01463708356388725,False,ARTEFACTO DE ESCALA (atr_ratio 1.17)
SF,0.1,roc_72 [bajo],largo,49,-0.0032098566990052956,0.38770225224147203,0.4489795918367347,1.0,-0.0005073321558495672,1.165102461364743,0.9595833425031732,-0.04230526757125022,-0.019022718634805102,False,spread <= 0
SF,0.1,roc_24 [bajo],largo,49,-0.008750437864440673,0.35868616049519364,0.4897959183673469,1.0,-0.00025681660555267277,1.2621619248779787,1.0365775770461412,-0.03842180753558951,-0.020019550456670004,False,spread <= 0
SF,0.1,compresion ~ sin roc_24 [bajo],largo,49,-0.01501123520146221,0.3491234511070724,0.5306122448979592,1.0,-0.000406306255050395,0.9798600943381823,0.8706184733815018,-0.06455890637697609,-0.03252249811254125,False,spread <= 0
SF,0.1,vol_24 ~ sin roc_24,largo,49,-0.015184509098537826,0.5474033746298875,0.46938775510204084,1.0,-0.0014185958816681987,1.9036618900830358,1.444283145715949,-0.07996974041180549,-0.041715536942937705,False,spread <= 0
SF,0.1,desbal [bajo],largo,49,-0.018796417179511703,0.27592077043815205,0.4489795918367347,1.0,3.820121115892227e-05,0.9587616023068253,0.9434996130669778,-0.04645441881789542,-0.032203166373897016,False,spread <= 0
SF,0.1,dd_168,largo,49,-0.01917300825747443,0.4123421592285497,0.46938775510204084,1.0,0.0005381809846060983,0.835245963151381,1.0002187224884773,-0.05982491462601435,-0.03398590443675846,False,spread <= 0
SF,0.1,desbal ~ sin roc_24 [bajo],largo,49,-0.02183475149112821,0.2659325730945419,0.42857142857142855,1.0,-1.516000012209924e-05,0.959486683617282,0.9440902910222149,-0.042868999380336,-0.03495399912397242,False,spread <= 0
SF,0.1,n_surge ~ sin roc_24,largo,49,-0.03081120348136748,0.4872206137695698,0.42857142857142855,1.0,-0.0007821771674924974,1.3154343710057188,1.1766397365770915,-0.0744013308324061,-0.04491868325758201,False,spread <= 0
SF,0.1,n_surge [bajo],largo,49,-0.03167691625347477,0.2923819494447834,0.46938775510204084,1.0,-0.00040797296692077255,0.9971718100684923,0.8954903391390868,-0.05778107240180147,-0.047878509630869065,False,spread <= 0
SF,0.1,CONTROL azar 3,largo,49,-0.033946219565463794,0.3275167326359616,0.3469387755102041,1.0,-0.00039892611450573196,1.0107701967536422,0.9680675981610714,-0.07874241461174229,-0.05793738913821838,False,control
SF,0.1,pos_168 ~ sin roc_24,largo,49,-0.03780577298578543,0.3814501942787773,0.40816326530612246,1.0,-0.00045295019731092924,1.1011972244139308,1.052273438242961,-0.06703572152791144,-0.058727191915971706,False,spread <= 0
SF,0.1,turnover ~ sin roc_24,largo,49,-0.03857853227252029,0.49820441810318583,0.4489795918367347,1.0,-0.001153150658267012,1.295611389607148,1.1679131961207136,-0.07823392134098689,-0.048823841670717266,False,spread <= 0
SF,0.1,vol_24 ~ sin roc_24 [bajo],largo,49,-0.04381078435461628,0.3204044594157308,0.40816326530612246,1.0,0.0005926679780562243,0.6566654843169772,0.8842157041698662,-0.07575190171428307,-0.06455335947124205,False,spread <= 0
SF,0.1,roc_24,largo,49,-0.04583517240371107,0.5407041292542003,0.42857142857142855,1.0,-0.0015452327528159267,1.4512433436483536,1.2471077594078972,-0.1026233473644505,-0.07433127259279725,False,spread <= 0
SF,0.1,desbal_168,largo,49,-0.049239101627069765,0.3792046975912249,0.42857142857142855,1.0,-0.00033862513168536536,0.952773965480826,0.9812830672561428,-0.10788908881123742,-0.07855304397049767,False,spread <= 0
SF,0.1,ticket_rel,largo,49,-0.049578797829127635,0.2639304042269885,0.3469387755102041,1.0,-0.0012700800494324996,1.0139197174959045,0.9878367056992658,-0.09544325209254514,-0.06959458771895166,False,spread <= 0
SF,0.1,CONTROL azar 2,largo,49,-0.0515814137411598,0.3296031248911008,0.4489795918367347,1.0,-0.0009121396100437774,1.0095010588153388,0.9732133834418146,-0.08998971314813886,-0.07475771722571489,False,control
SF,0.1,rango_168 ~ sin roc_24,largo,49,-0.052075104656453444,0.6191544014528352,0.30612244897959184,1.0,-0.0015107808270207477,1.651599715769245,1.2177936138209642,-0.1098117110407278,-0.06987579369175534,False,spread <= 0
SF,0.1,compresion,largo,49,-0.05232994313863563,0.4497922441659084,0.42857142857142855,1.0,-0.0006083240787344194,1.5001208812888926,1.3862086023457239,-0.09643978164973102,-0.06660056215232586,False,spread <= 0
SF,0.1,atr_24 ~ sin roc_24,largo,49,-0.055000076440675075,0.5581381079668155,0.4489795918367347,1.0,-0.0018091818093658684,1.9666763153253397,1.473452615983605,-0.11917146572815712,-0.08493294962191368,False,spread <= 0
SF,0.1,pos_168 ~ sin roc_24 [bajo],largo,49,-0.0593342004621342,0.3866639671806863,0.46938775510204084,1.0,-0.0009532568219135448,1.0376034597205197,0.9321270940257455,-0.10818545500917515,-0.07462177374094343,False,spread <= 0
SF,0.1,vol_24,largo,49,-0.0596725684242626,0.5551483544779118,0.5102040816326531,1.0,-0.0020216419225672065,2.01940924234293,1.5230789524721353,-0.12855975930171076,-0.08597687270061188,False,spread <= 0
SF,0.1,ticket_rel ~ sin roc_24,largo,49,-0.0621440933011678,0.27330786321368383,0.3469387755102041,1.0,-0.0013255727238959706,1.0093939466450352,0.9850568692390829,-0.08692407556787138,-0.07502075652948814,False,spread <= 0
SF,0.1,rango_168 ~ sin roc_24 [bajo],largo,49,-0.06404468815935875,0.3302488793145691,0.3673469387755102,1.0,0.00011944538889986933,0.7029502662120113,0.9209227909246457,-0.11670558847676452,-0.08346449968649294,False,spread <= 0
SF,0.1,desbal,largo,49,-0.06521142083901586,0.3180400892138615,0.3877551020408163,1.0,-0.0008729944816921974,0.9526889118493137,0.9341578733186742,-0.08586852805559997,-0.07696495775286588,False,spread <= 0
SF,0.1,desbal_168 ~ sin roc_24,largo,49,-0.06550801648829586,0.3531431671579738,0.4489795918367347,1.0,-0.000647928704024287,0.950458595504722,0.9792261429812568,-0.12432764952182501,-0.09337315562962435,False,spread <= 0
SF,0.1,vol_168,largo,49,-0.0658109191594115,0.6459009168517288,0.46938775510204084,1.0,-0.0018415134077657547,1.802151383812803,1.239992294020379,-0.12441073905183372,-0.09376168650562242,False,spread <= 0
SF,0.1,rango_168,largo,49,-0.06763611386593592,0.5126997886565249,0.3469387755102041,1.0,-0.0017804192880344265,1.700201516548601,1.2210322678038685,-0.12711582903797458,-0.08600098380227894,False,spread <= 0
SF,0.1,dd_168 ~ sin roc_24,largo,49,-0.07173702143308121,0.33740025519191347,0.40816326530612246,1.0,-6.735286014329496e-05,0.7826946889225097,0.9573975829211177,-0.11705467471006836,-0.08540063026048361,False,spread <= 0
SF,0.1,n_surge ~ sin roc_24 [bajo],largo,49,-0.07192536496972891,0.3466587550672841,0.42857142857142855,1.0,-0.0013168328342356968,1.175477073445437,1.0161536930713346,-0.09491014273219339,-0.08288411855839191,False,spread <= 0
SF,0.1,n_surge,largo,49,-0.07306059056929746,0.6268220054117917,0.42857142857142855,1.0,-0.0015464531337458518,1.3304000241797578,1.2397949511237991,-0.09909001370041329,-0.08090251971909403,False,spread <= 0
SF,0.1,dd_168 ~ sin roc_24 [bajo],largo,49,-0.07865537425752538,0.5466224372648639,0.30612244897959184,1.0,-0.0016832559459115872,1.4346422233865188,1.0701460712086712,-0.1326693483353321,-0.10212103298811104,False,spread <= 0
SF,0.1,rango_168 [bajo],largo,49,-0.08003043538342491,0.3137653389217197,0.3877551020408163,1.0,4.660670265989669e-05,0.6602436629975978,0.9060559548285495,-0.12779837842180852,-0.10431837801574158,False,spread <= 0
SF,0.1,roc_72,largo,49,-0.08741108630222055,0.5676057090126801,0.42857142857142855,1.0,-0.001844229566782768,1.590639704685607,1.3331857684252515,-0.1414142243911328,-0.09467198424461351,False,spread <= 0
SF,0.1,turnover,largo,49,-0.08866339928214295,0.6216668887471353,0.3877551020408163,1.0,-0.001880918380750689,1.3065044693172498,1.228819170473951,-0.1224905006593767,-0.10324707831663277,False,spread <= 0
SF,0.1,atr_24,largo,49,-0.08906376231481249,0.5458786466788904,0.40816326530612246,1.0,-0.002437768705746121,2.0445355019604583,1.55245502216198,-0.15479589131053975,-0.11742233298510182,False,spread <= 0
SF,0.1,desbal ~ sin roc_24,largo,49,-0.08916352109616599,0.30892252938633585,0.40816326530612246,1.0,-0.0012004971551459653,0.9530467162606804,0.9319057786543223,-0.09165374381302288,-0.09082652310136705,False,spread <= 0
SF,0.1,roc_168 [bajo],largo,49,-0.09127810980797248,0.28842669991411957,0.3877551020408163,1.0,-0.001967024272086853,1.1313434844962775,0.9300923577018647,-0.12430014829765663,-0.10796904654415612,False,spread <= 0
SF,0.1,CONTROL azar 1,largo,49,-0.0914588236094075,0.36350382096008305,0.32653061224489793,1.0,-0.001319309055035618,1.01035685776576,0.9727263895680809,-0.13456730942207598,-0.10155298862929812,False,control
SF,0.1,vol_24 [bajo],largo,49,-0.09192016178853024,0.34130194282371457,0.3469387755102041,1.0,9.014061146736924e-05,0.6171986762584579,0.8496161041512451,-0.13991163367225692,-0.11919279493921914,False,spread <= 0
SF,0.1,pos_168 [bajo],largo,49,-0.09305012207502883,0.2907139428482955,0.42857142857142855,1.0,-0.001227086048804084,1.0545731637439841,0.9253147526335415,-0.1228406208633171,-0.10696329838448937,False,spread <= 0
SF,0.1,roc_720 [bajo],largo,49,-0.09339417255878271,0.3228560559398933,0.30612244897959184,1.0,-0.0016631376921387305,1.1185034914731458,0.9530931938045,-0.11791149382508608,-0.09419684963467483,False,spread <= 0
SF,0.1,desbal_168 [bajo],largo,49,-0.10067955036859609,0.33923473511162583,0.3877551020408163,1.0,-0.0008280470237283451,0.9602137179026667,0.9420390456058523,-0.12803433833737085,-0.11073479487198269,False,spread <= 0
SF,0.1,roc_72 ~ sin roc_24 [bajo],largo,49,-0.10195453089959626,0.4329964215776698,0.40816326530612246,1.0,-0.0018705243943121497,1.193977486365976,0.9865882696502335,-0.13803830980853715,-0.11565235008010272,False,spread <= 0
SF,0.1,desbal_168 ~ sin roc_24 [bajo],largo,49,-0.10597930304738534,0.3303800921099442,0.3877551020408163,1.0,-0.0008929605816988573,0.9602550923181917,0.9428617552455143,-0.12869157946447785,-0.11105544989906094,False,spread <= 0
SF,0.1,desbal_24 [bajo],largo,49,-0.10942068694401037,0.2304293865234002,0.22448979591836735,1.0,-0.0011530159550753034,0.9470659639298179,0.9301174407658737,-0.1239320514058606,-0.11051666021049328,False,spread <= 0
SF,0.1,atr_24 [bajo],largo,49,-0.10947263632340234,0.3450537627198464,0.3469387755102041,1.0,-6.894410254057539e-05,0.6098042704470676,0.8550970178058346,-0.1429719227203218,-0.13199392868442758,False,spread <= 0
SF,0.1,desbal_24 ~ sin roc_24 [bajo],largo,49,-0.11138128791895763,0.24667109218570316,0.2857142857142857,1.0,-0.0011916309281110545,0.9458480924369137,0.9328412966680346,-0.09557262662030348,-0.1103895119905056,False,spread <= 0
SF,0.1,atr_24 ~ sin roc_24 [bajo],largo,49,-0.11842794953940855,0.3834026192585204,0.3673469387755102,1.0,-0.00037718355859580265,0.6276491091662096,0.8806777879212246,-0.17869032710658933,-0.14339374267512797,False,spread <= 0
SF,0.1,compresion ~ sin roc_24,largo,49,-0.11939485361298807,0.5175407637877006,0.40816326530612246,1.0,-0.0011183473793392894,1.4304603118326078,1.33529262270115,-0.1655573232478242,-0.13916934687119645,False,spread <= 0
SF,0.1,vol_168 [bajo],largo,49,-0.1239158241806137,0.34787598092436967,0.3469387755102041,1.0,-0.00019101307540474237,0.630418091298527,0.9191344558878074,-0.17439981696602858,-0.1355984809253243,False,spread <= 0
SF,0.1,dd_720 ~ sin roc_24 [bajo],largo,49,-0.1274783466770521,0.426598509570163,0.40816326530612246,1.0,-0.002557397538959163,1.2523390486556816,0.9307555673089027,-0.1652280642401664,-0.15161857413693194,False,spread <= 0
SF,0.1,roc_168 ~ sin roc_24 [bajo],largo,49,-0.13117228253629382,0.3809862140899559,0.2857142857142857,1.0,-0.00269334169035394,1.167640382309445,0.9547421250094736,-0.17064620125993113,-0.14679418732396868,False,spread <= 0
SF,0.1,dd_720 [bajo],largo,49,-0.1366728216607371,0.3531417820700097,0.3673469387755102,1.0,-0.002819484668397297,1.2439666675236494,0.9248198550714587,-0.1643876430563927,-0.15206488028506543,False,spread <= 0
SF,0.1,vol_168 ~ sin roc_24 [bajo],largo,49,-0.13811113064295463,0.32988613158580343,0.30612244897959184,1.0,-0.0004832097196760597,0.6515336619408021,0.9363685479105245,-0.19474547178740467,-0.16643234420111036,False,spread <= 0
SF,0.1,dd_168 [bajo],largo,49,-0.14805838642871208,0.5187860881289299,0.3469387755102041,1.0,-0.002501257821647642,1.3955178051006427,1.0474716708567575,-0.174055475925913,-0.15922397123071602,False,spread <= 0
SF,0.1,roc_720 ~ sin roc_24 [bajo],largo,49,-0.16003068975153675,0.44019017573142055,0.32653061224489793,1.0,-0.0024162935721818153,1.1426241915737856,0.9737625301333351,-0.1958244945001527,-0.16895066021343927,False,spread <= 0
SF,0.1,vol_24,magnitud,49,2.7221143071930296,1.6687186254806115,1.0,0.0,0.06062066216758477,2.01940924234293,1.5230789524721353,2.5173940335093294,2.6526984277010035,True,SOBREVIVE
SF,0.1,atr_24,magnitud,49,2.6914322025757453,1.6673737435954628,1.0,0.0,0.06284499717131733,2.0445355019604583,1.55245502216198,2.5052540766506306,2.628298019947744,True,SOBREVIVE
SF,0.1,n_surge,magnitud,49,2.6503711065207955,1.5505952607760463,1.0,0.0,0.03517788562797665,1.3304000241797578,1.2397949511237991,2.5166200994054098,2.5983879734819553,True,SOBREVIVE
SF,0.1,roc_72,magnitud,49,2.6446223451128694,1.6039021795472748,1.0,0.0,0.04285141222665531,1.590639704685607,1.3331857684252515,2.4697746567072008,2.5854026886432857,True,SOBREVIVE
SF,0.1,roc_168,magnitud,49,2.6198527940435707,1.5570052129300127,1.0,0.0,0.04281286807376541,1.5578137974741502,1.2999486049025686,2.4623572140412207,2.5636597614721945,True,SOBREVIVE
SF,0.1,turnover,magnitud,49,2.578390386773913,1.565976414762248,1.0,0.0,0.033844793922560325,1.3065044693172498,1.228819170473951,2.4225446621533853,2.5200996197446024,True,SOBREVIVE
SF,0.1,roc_24,magnitud,49,2.426496236631359,1.5226430712714747,1.0,0.0,0.03899117277548258,1.4512433436483536,1.2471077594078972,2.2758787723853415,2.375206444265541,True,SOBREVIVE
SF,0.1,compresion,magnitud,49,2.332391175268616,1.579850658308288,1.0,0.0,0.028767197658933354,1.5001208812888926,1.3862086023457239,2.0911927803450507,2.2003170914512173,True,SOBREVIVE
SF,0.1,vol_24 ~ sin roc_24,magnitud,49,2.1682859902044322,1.3991169235907412,1.0,0.0,0.05240771735856103,1.9036618900830358,1.444283145715949,1.9797813817226155,2.1092863428264454,True,SOBREVIVE
SF,0.1,rango_168,magnitud,49,2.151418352763737,1.5545849474858229,0.9387755102040817,0.0,0.05271750854387631,1.700201516548601,1.2210322678038685,2.0072170166991588,2.125004519448125,True,SOBREVIVE
SF,0.1,atr_24 ~ sin roc_24,magnitud,49,2.147262115735552,1.3648799809412093,0.9795918367346939,0.0,0.05496601833444762,1.9666763153253397,1.473452615983605,1.9683096949762153,2.0848449273701837,True,SOBREVIVE
SF,0.1,vol_168,magnitud,49,2.121875313809361,1.5488000117069995,0.9591836734693877,0.0,0.05656782331962304,1.802151383812803,1.239992294020379,1.9456698285279057,2.047363234063405,True,SOBREVIVE
SF,0.1,rango_168 ~ sin roc_24,magnitud,49,2.0177167250080434,1.4461848322938156,0.9591836734693877,0.0,0.050092546116999634,1.651599715769245,1.2177936138209642,1.8745105901870287,1.9615045859676004,True,SOBREVIVE
SF,0.1,vol_168 ~ sin roc_24,magnitud,49,1.9355009067706868,1.4783080904372055,0.9591836734693877,0.0,0.05289545316179447,1.7555879533497851,1.2253510992854684,1.739897122825938,1.8652757255259813,True,SOBREVIVE
SF,0.1,n_surge ~ sin roc_24,magnitud,49,1.9267853515268203,1.1108231504410655,1.0,0.0,0.028936703298016436,1.3154343710057188,1.1766397365770915,1.8147344293159011,1.8886919067852792,True,SOBREVIVE
SF,0.1,roc_168 ~ sin roc_24,magnitud,49,1.854334136359105,1.1465620344143272,1.0,0.0,0.034197137835666254,1.4653096996350503,1.2267319750798398,1.6972788414403084,1.7993892972406023,True,SOBREVIVE
SF,0.1,turnover ~ sin roc_24,magnitud,49,1.806694728131736,1.0353780205852554,1.0,0.0,0.02683642123266538,1.295611389607148,1.1679131961207136,1.6847589485847347,1.7570286016749455,True,SOBREVIVE
SF,0.1,roc_72 ~ sin roc_24,magnitud,49,1.5928076591623204,1.1868302846950984,0.9795918367346939,0.0,0.029257835031005437,1.4518636995240215,1.2257546089946885,1.4385168323898285,1.5426688714333048,True,SOBREVIVE
SF,0.1,compresion ~ sin roc_24,magnitud,49,1.5392994674434337,1.0874361484252488,0.9795918367346939,0.0,0.017296806157063787,1.4304603118326078,1.33529262270115,1.4205803789919205,1.4792099784568715,True,SOBREVIVE
SF,0.1,pos_168,magnitud,49,1.4874467971837042,0.9766423566667359,0.9795918367346939,0.0,0.017431837881515422,1.1659387739599043,1.1029932652856895,1.3837940573061644,1.455860070990266,True,SOBREVIVE
SF,0.1,dd_168 ~ sin roc_24 [bajo],magnitud,49,1.4717925274567674,1.2510250611294118,0.9183673469387755,0.0,0.03978590450576181,1.4346422233865188,1.0701460712086712,1.3576804314771405,1.4282973195689694,True,SOBREVIVE
SF,0.1,roc_720,magnitud,49,1.356935877202313,1.3366108330950837,0.8367346938775511,0.0,0.03462547971133753,1.4273475672849532,1.0708703503498478,1.209737994781081,1.3060937183661658,True,SOBREVIVE
SF,0.1,dd_168 [bajo],magnitud,49,0.9090873125636926,0.9382856293412388,0.8571428571428571,0.0,0.03223692482721458,1.3955178051006427,1.0474716708567575,0.7904441238409584,0.8390475385187494,True,SOBREVIVE
SF,0.1,roc_720 ~ sin roc_24,magnitud,49,0.900203593708881,1.057790261511846,0.7755102040816326,0.0,0.02981467873992031,1.3943778518005014,1.0469535797249385,0.7873292791734149,0.8521117922765252,True,SOBREVIVE
SF,0.1,dd_720,magnitud,49,0.8577739627943936,1.2305539668371897,0.8775510204081632,0.0,-0.00781064411627374,0.8707586664657763,1.0440157557952596,0.7543810894179023,0.8261360617651996,True,ARTEFACTO DE ESCALA (atr_ratio 0.87)
SF,0.1,turnover ~ sin roc_24 [bajo],magnitud,49,0.7152844353649174,1.1839098793426437,0.7346938775510204,0.0,0.015463036412205892,1.1739687298005872,1.0219640912804115,0.4662176667815845,0.5810040782159827,True,SOBREVIVE
SF,0.1,pos_168 ~ sin roc_24,magnitud,49,0.5771189843352073,0.7173558065556314,0.8571428571428571,0.0,0.004501776627271885,1.1011972244139308,1.052273438242961,0.537775518551646,0.5714472809644876,True,SOBREVIVE
SF,0.1,n_surge ~ sin roc_24 [bajo],magnitud,49,0.5466774537087233,0.941077839649012,0.7755102040816326,0.0,0.015265233279488942,1.175477073445437,1.0161536930713346,0.3732991512657359,0.42385797324129515,True,SOBREVIVE
SF,0.1,dd_168,magnitud,49,0.5076027420493274,0.9961707621532913,0.7142857142857143,0.0,-0.012895852476455232,0.835245963151381,1.0002187224884773,0.4041444764285512,0.4738112489236241,True,ARTEFACTO DE ESCALA (atr_ratio 0.84)
SF,0.1,ticket_rel,magnitud,49,0.41686059490830546,0.6195648211467195,0.7346938775510204,0.0,0.0028806202490460134,1.0139197174959045,0.9878367056992658,0.337358659204527,0.37769832286641186,True,SOBREVIVE
SF,0.1,pos_168 ~ sin roc_24 [bajo],magnitud,49,0.3999465875480261,0.7372798849681527,0.7551020408163265,0.0,0.010828123116720958,1.0376034597205197,0.9321270940257455,0.32463084258015623,0.3704357790593816,True,SOBREVIVE
SF,0.1,roc_72 ~ sin roc_24 [bajo],magnitud,49,0.3286254403363152,0.7235186885913675,0.6326530612244898,0.0005,0.01681846483743705,1.193977486365976,0.9865882696502335,0.22749601883732212,0.28710996931844407,True,SOBREVIVE
SF,0.1,compresion ~ sin roc_24 [bajo],magnitud,49,0.32840529047016526,0.7397520971902704,0.6122448979591837,0.0,0.00877961936080363,0.9798600943381823,0.8706184733815018,0.2349295985942691,0.2821650476640081,True,SOBREVIVE
SF,0.1,dd_720 ~ sin roc_24,magnitud,49,0.2619457677321779,0.9486306573589169,0.6530612244897959,0.0165,-0.015986791368923673,0.8408295919504521,1.0128496451174382,0.15733424609207258,0.21542247599088285,True,ARTEFACTO DE ESCALA (atr_ratio 0.84)
SF,0.1,roc_720 ~ sin roc_24 [bajo],magnitud,49,0.2607448874031729,0.6654279217986602,0.6530612244897959,0.002,0.013107719115728564,1.1426241915737856,0.9737625301333351,0.17213248442335438,0.22486232365545575,True,SOBREVIVE
SF,0.1,dd_720 ~ sin roc_24 [bajo],magnitud,49,0.2517379886316872,0.8418802871213787,0.5510204081632653,0.0125,0.025686374114922098,1.2523390486556816,0.9307555673089027,0.16475247061717768,0.19473876598711648,True,inconsistente por semana (55% arriba)
SF,0.1,ticket_rel ~ sin roc_24,magnitud,49,0.25020084621310784,0.5552700139037389,0.6326530612244898,0.0,0.0004969013055898528,1.0093939466450352,0.9850568692390829,0.17706635160084164,0.22165783809953216,True,SOBREVIVE
SF,0.1,roc_24 [bajo],magnitud,49,0.18223012407147365,0.4894576747409205,0.673469387755102,0.005,0.014860392337555104,1.2621619248779787,1.0365775770461412,0.12112913031927271,0.15191757800517472,True,SOBREVIVE
SF,0.1,desbal_24,magnitud,49,0.1735312167530566,0.5718393526632591,0.5918367346938775,0.01,-0.003440828529737671,0.9542395903069777,0.9649210431510475,0.09399115011263463,0.14626367561782425,True,ARTEFACTO DE ESCALA (atr_ratio 0.95)
SF,0.1,ticket_rel ~ sin roc_24 [bajo],magnitud,49,0.108392248193344,0.9478933749219545,0.3877551020408163,0.2265,-0.0008516784824248975,0.9678755356089545,0.9418734768661148,-0.02719938253560643,0.010325082326484126,False,ARTEFACTO DE ESCALA (atr_ratio 0.97)
SF,0.1,desbal_24 ~ sin roc_24,magnitud,49,0.09941150484977089,0.6072870257249714,0.4897959183673469,0.113,-0.004279563375760318,0.9491440949939695,0.9579780057736322,0.015133010738659575,0.06827413268257208,False,ARTEFACTO DE ESCALA (atr_ratio 0.95)
SF,0.1,roc_168 ~ sin roc_24 [bajo],magnitud,49,0.08784823737772857,0.6875582047048415,0.5102040816326531,0.1835,0.014465279285411008,1.167640382309445,0.9547421250094736,0.0026871948494535444,0.05158805018018973,False,muere en la correccion (FDR q=0.1)
SF,0.1,desbal_168,magnitud,49,0.08256367900402663,0.5888309065990548,0.5306122448979592,0.151,-0.00488120441225503,0.952773965480826,0.9812830672561428,-0.003568980943830767,0.04307296526468567,False,ARTEFACTO DE ESCALA (atr_ratio 0.95)
SF,0.1,desbal_168 ~ sin roc_24 [bajo],magnitud,49,0.051821703760328304,0.8300495499057047,0.5102040816326531,0.34,-0.0032623788823387665,0.9602550923181917,0.9428617552455143,-0.10473673261801551,-0.057457654886872864,False,ARTEFACTO DE ESCALA (atr_ratio 0.96)
SF,0.1,desbal_168 [bajo],magnitud,49,0.04804663555941249,0.8495741470568222,0.46938775510204084,0.3625,-0.003077437492629181,0.9602137179026667,0.9420390456058523,-0.09255853004246552,-0.05819902501113854,False,ARTEFACTO DE ESCALA (atr_ratio 0.96)
SF,0.1,desbal_168 ~ sin roc_24,magnitud,49,0.017351347482579816,0.4950786911194808,0.5510204081632653,0.3935,-0.005641947654352412,0.950458595504722,0.9792261429812568,-0.06832281106803446,-0.02811005842355019,False,ARTEFACTO DE ESCALA (atr_ratio 0.95)
SF,0.1,ticket_rel [bajo],magnitud,49,0.01465145632614287,0.9536881611363989,0.3673469387755102,0.502,-0.001880908074106764,0.9640875061352356,0.9357925273617375,-0.14495835932441128,-0.09800319529710251,False,ARTEFACTO DE ESCALA (atr_ratio 0.96)
SF,0.1,dd_168 ~ sin roc_24,magnitud,49,0.0031887092190745277,0.8339229797693601,0.46938775510204084,0.4855,-0.021690545771499297,0.7826946889225097,0.9573975829211177,-0.1097968592684871,-0.06366200245245113,False,ARTEFACTO DE ESCALA (atr_ratio 0.78)
SF,0.1,CONTROL azar 3,magnitud,49,-0.00236439252800179,0.3879915830081579,0.5714285714285714,1.0,0.0008950727686137898,1.0107701967536422,0.9680675981610714,-0.07042336760107316,-0.025813442044752447,False,control
SF,0.1,dd_720 [bajo],magnitud,49,-0.014243533526842916,0.7235898405275677,0.42857142857142855,1.0,0.022411077387936164,1.2439666675236494,0.9248198550714587,-0.11268491680028891,-0.062319674205930334,False,spread <= 0
SF,0.1,roc_72 [bajo],magnitud,49,-0.021925662899982344,0.6403945349525978,0.4897959183673469,1.0,0.012988904190286102,1.165102461364743,0.9595833425031732,-0.09130487405690906,-0.04973527656184942,False,spread <= 0
SF,0.1,compresion [bajo],magnitud,49,-0.04158099293728212,0.7151437878671589,0.3877551020408163,1.0,0.00365823555121775,0.9774354317888702,0.8586798685641379,-0.10623155122019724,-0.08063853293207783,False,spread <= 0
SF,0.1,CONTROL azar 2,magnitud,49,-0.06790422342902508,0.4470704033091363,0.4489795918367347,1.0,-0.0008242565079435629,1.0095010588153388,0.9732133834418146,-0.1258179660146051,-0.10422609058335781,False,control
SF,0.1,CONTROL azar 1,magnitud,49,-0.07665439268419291,0.34155065540155793,0.3469387755102041,1.0,-0.0017029897887333929,1.01035685776576,0.9727263895680809,-0.13328782090700728,-0.10777229834642091,False,control
SF,0.1,roc_720 [bajo],magnitud,49,-0.08953888532683962,0.615647531435633,0.40816326530612246,1.0,0.009793367566822692,1.1185034914731458,0.9530931938045,-0.1320882826728077,-0.09216425814990749,False,spread <= 0
SF,0.1,vol_24 ~ sin roc_24 [bajo],magnitud,49,-0.1225304857750909,0.6420545378690468,0.2857142857142857,1.0,-0.02821477218661121,0.6566654843169772,0.8842157041698662,-0.219190998833121,-0.1818185997673072,False,spread <= 0
SF,0.1,desbal_24 ~ sin roc_24 [bajo],magnitud,49,-0.15047901337657008,0.8505796216718751,0.30612244897959184,1.0,-0.005487041125959035,0.9458480924369137,0.9328412966680346,-0.231417539714955,-0.24673052373182416,False,spread <= 0
SF,0.1,atr_24 ~ sin roc_24 [bajo],magnitud,49,-0.15332542977812352,0.6947246665106727,0.24489795918367346,1.0,-0.032737454015628734,0.6276491091662096,0.8806777879212246,-0.25111348853758986,-0.21472584468428207,False,spread <= 0
SF,0.1,pos_168 [bajo],magnitud,49,-0.16323942586217652,0.7040155845232349,0.42857142857142855,1.0,0.004664838333635045,1.0545731637439841,0.9253147526335415,-0.2255720826200116,-0.18802593986921456,False,spread <= 0
SF,0.1,vol_168 ~ sin roc_24 [bajo],magnitud,49,-0.18805006482207295,0.773073574818075,0.24489795918367346,1.0,-0.03423308951241534,0.6515336619408021,0.9363685479105245,-0.3067115527607729,-0.2584920160690933,False,spread <= 0
SF,0.1,desbal,magnitud,49,-0.23878074833714769,0.47622783239565636,0.20408163265306123,1.0,-0.005718983342972448,0.9526889118493137,0.9341578733186742,-0.2513444654279962,-0.23403967429747374,False,spread <= 0
SF,0.1,desbal [bajo],magnitud,49,-0.27306827633813696,0.538494547041203,0.30612244897959184,1.0,-0.006394989178782513,0.9587616023068253,0.9434996130669778,-0.3052361959079743,-0.2823644783088226,False,spread <= 0
SF,0.1,desbal ~ sin roc_24 [bajo],magnitud,49,-0.281057410257375,0.5125114549038267,0.2857142857142857,1.0,-0.006536336125774755,0.959486683617282,0.9440902910222149,-0.31366335038503507,-0.29094754638291553,False,spread <= 0
SF,0.1,desbal ~ sin roc_24,magnitud,49,-0.28641855222472007,0.4507385036593122,0.16326530612244897,1.0,-0.006375884467994746,0.9530467162606804,0.9319057786543223,-0.3074331746478158,-0.2805459525364062,False,spread <= 0
SF,0.1,rango_168 ~ sin roc_24 [bajo],magnitud,49,-0.29115846956963615,0.7671026587016141,0.20408163265306123,1.0,-0.02956407663280207,0.7029502662120113,0.9209227909246457,-0.3998522447200755,-0.36062485219680096,False,spread <= 0
SF,0.1,roc_168 [bajo],magnitud,49,-0.30802553726159265,0.7089826787095351,0.32653061224489793,1.0,0.00977228793353711,1.1313434844962775,0.9300923577018647,-0.3871889514269247,-0.3443120483155221,False,spread <= 0
SF,0.1,desbal_24 [bajo],magnitud,49,-0.3490017759672575,0.5030607860798346,0.20408163265306123,1.0,-0.007786216339153602,0.9470659639298179,0.9301174407658737,-0.23571999677647956,-0.3514496725822331,False,spread <= 0
SF,0.1,turnover [bajo],magnitud,49,-0.35299852818715777,1.0033841369814318,0.12244897959183673,1.0,-0.0007033660433435207,0.9823836053660311,0.8957962677506279,-0.5323451870432564,-0.4768002445318884,False,spread <= 0
SF,0.1,vol_168 [bajo],magnitud,49,-0.39332222511717996,0.8434755258534813,0.1836734693877551,1.0,-0.03850539797092143,0.630418091298527,0.9191344558878074,-0.506463542492342,-0.4604883330967233,False,spread <= 0
SF,0.1,rango_168 [bajo],magnitud,49,-0.4532588612468726,0.7431215444375111,0.16326530612244897,1.0,-0.03432085288176606,0.6602436629975978,0.9060559548285495,-0.5707663265121664,-0.5164555908895608,False,spread <= 0
SF,0.1,n_surge [bajo],magnitud,49,-0.46825534493942345,0.47961502254935423,0.10204081632653061,1.0,-0.0006242651510839874,0.9971718100684923,0.8954903391390868,-0.5201824411085016,-0.4929673256596049,False,spread <= 0
SF,0.1,atr_24 [bajo],magnitud,49,-0.4998693258841881,0.811320097314033,0.14285714285714285,1.0,-0.03831490298475158,0.6098042704470676,0.8550970178058346,-0.599512566868978,-0.5801953922678122,False,spread <= 0
SF,0.1,vol_24 [bajo],magnitud,49,-0.5570684945831709,0.860368933428445,0.10204081632653061,1.0,-0.036469944338461666,0.6171986762584579,0.8496161041512451,-0.633538846863797,-0.6221240590366731,False,spread <= 0
SF,0.5,dd_720 [bajo],corto,49,-0.22647999325748186,0.3438891005301216,0.20408163265306123,1.0,-0.0031805153316027033,1.2439666675236494,0.9248198550714587,-0.25768239166170437,-0.2383376655609403,False,spread <= 0
SF,0.5,dd_168 [bajo],corto,49,-0.2328062707714731,0.5114341378945912,0.2857142857142857,1.0,-0.003498742178352358,1.3955178051006427,1.0474716708567575,-0.2704923552215729,-0.24500004726047814,False,spread <= 0
SF,0.5,dd_720 ~ sin roc_24 [bajo],corto,49,-0.2364993744978908,0.42019293400652663,0.24489795918367346,1.0,-0.0034426024610408374,1.2523390486556816,0.9307555673089027,-0.27845288832687565,-0.2594296156668968,False,spread <= 0
SF,0.5,roc_720 ~ sin roc_24 [bajo],corto,49,-0.247522288997079,0.43562319638269903,0.2857142857142857,1.0,-0.0035837064278181857,1.1426241915737856,0.9737625301333351,-0.28441387108216987,-0.25927923864342944,False,spread <= 0
SF,0.5,roc_168 ~ sin roc_24 [bajo],corto,49,-0.26554462933025835,0.3775955655901647,0.16326530612244897,1.0,-0.0033066583096460606,1.167640382309445,0.9547421250094736,-0.2934204543579945,-0.27409741343094973,False,spread <= 0
SF,0.5,atr_24,corto,49,-0.2725692971414105,0.5473125746467942,0.32653061224489793,1.0,-0.0035622312942538794,2.0445355019604583,1.55245502216198,-0.3035901089895223,-0.2799138899118809,False,spread <= 0
SF,0.5,vol_168,corto,49,-0.2912359227943895,0.6416646289086124,0.3673469387755102,1.0,-0.0041584865922342455,1.802151383812803,1.239992294020379,-0.3452379392152804,-0.31351013893064356,False,spread <= 0
SF,0.5,roc_72 ~ sin roc_24 [bajo],corto,49,-0.30008462356245996,0.43370410599180015,0.20408163265306123,1.0,-0.004129475605687851,1.193977486365976,0.9865882696502335,-0.325971331261725,-0.3101119124008855,False,spread <= 0
SF,0.5,dd_168 ~ sin roc_24 [bajo],corto,49,-0.3028690446751518,0.5501200015624814,0.22448979591836735,1.0,-0.004316744054088413,1.4346422233865188,1.0701460712086712,-0.34818431006447415,-0.3131136528615005,False,spread <= 0
SF,0.5,roc_168 [bajo],corto,49,-0.3042137743430775,0.28118955432576903,0.08163265306122448,1.0,-0.004032975727913148,1.1313434844962775,0.9300923577018647,-0.3218027155480008,-0.3101273154486006,False,spread <= 0
SF,0.5,atr_24 ~ sin roc_24,corto,49,-0.3059424359725088,0.5625128556618803,0.2857142857142857,1.0,-0.0041908181906341315,1.9666763153253397,1.473452615983605,-0.35190851045466587,-0.31750746638996924,False,spread <= 0
SF,0.5,rango_168,corto,49,-0.30609589288845507,0.5099687646620107,0.2653061224489796,1.0,-0.004219580711965575,1.700201516548601,1.2210322678038685,-0.3714825260889029,-0.3236328394009864,False,spread <= 0
SF,0.5,vol_24,corto,49,-0.3116358190052622,0.5561508173517887,0.2857142857142857,1.0,-0.003978358077432795,2.01940924234293,1.5230789524721353,-0.33984675665253494,-0.3186257748389507,False,spread <= 0
SF,0.5,roc_720 [bajo],corto,49,-0.31214255608914077,0.3265981562083473,0.1836734693877551,1.0,-0.00433686230786127,1.1185034914731458,0.9530931938045,-0.34969636904808615,-0.3170205491503455,False,spread <= 0
SF,0.5,rango_168 ~ sin roc_24,corto,49,-0.3240979532992877,0.6220232751263749,0.24489795918367346,1.0,-0.0044892191729792525,1.651599715769245,1.2177936138209642,-0.35984566054079137,-0.3335138361568413,False,spread <= 0
SF,0.5,pos_168 [bajo],corto,49,-0.3285994772167679,0.2889000761110586,0.12244897959183673,1.0,-0.0047729139511959165,1.0545731637439841,0.9253147526335415,-0.3612971863473395,-0.339577373475813,False,spread <= 0
SF,0.5,roc_72,corto,49,-0.33763984979360057,0.5753346723969812,0.3673469387755102,1.0,-0.0041557704332172325,1.590639704685607,1.3331857684252515,-0.37301887641387044,-0.34949260310672475,False,spread <= 0
SF,0.5,compresion ~ sin roc_24,corto,49,-0.34285588652713794,0.5289797228162423,0.24489795918367346,1.0,-0.004881652620660711,1.4304603118326078,1.33529262270115,-0.3798175497391386,-0.35433074826986066,False,spread <= 0
SF,0.5,n_surge ~ sin roc_24 [bajo],corto,49,-0.3522972156070044,0.3583340609681912,0.16326530612244897,1.0,-0.004683167165764303,1.175477073445437,1.0161536930713346,-0.38439228387560553,-0.36216406955806263,False,spread <= 0
SF,0.5,vol_24 ~ sin roc_24,corto,49,-0.3554427859494348,0.5542887088867987,0.2857142857142857,1.0,-0.0045814041183318025,1.9036618900830358,1.444283145715949,-0.3937233726774056,-0.368329551963765,False,spread <= 0
SF,0.5,desbal_24 [bajo],corto,49,-0.35802433260175986,0.22125241655340502,0.02040816326530612,1.0,-0.004846984044924697,0.9470659639298179,0.9301174407658737,-0.38468030607685977,-0.36814419696151857,False,spread <= 0
SF,0.5,desbal_24 ~ sin roc_24 [bajo],corto,49,-0.358884521916037,0.24075325842423045,0.08163265306122448,1.0,-0.004808369071888946,0.9458480924369137,0.9328412966680346,-0.3957705675557285,-0.36417742848138396,False,spread <= 0
SF,0.5,desbal_168 ~ sin roc_24 [bajo],corto,49,-0.36309463291677746,0.32326361615810395,0.061224489795918366,1.0,-0.005107039418301144,0.9602550923181917,0.9428617552455143,-0.39635600986375435,-0.3788794881478479,False,spread <= 0
SF,0.5,CONTROL azar 1,corto,49,-0.3657778502429008,0.37878129827601253,0.12244897959183673,1.0,-0.004680690944964382,1.01035685776576,0.9727263895680809,-0.3882874782993495,-0.3756616845045919,False,control
SF,0.5,desbal_168 [bajo],corto,49,-0.3681874866439488,0.3302934855446137,0.04081632653061224,1.0,-0.005171952976271655,0.9602137179026667,0.9420390456058523,-0.3999663764044515,-0.38748071768407855,False,spread <= 0
SF,0.5,turnover,corto,49,-0.37056882312952727,0.6295931717793124,0.24489795918367346,1.0,-0.0041190816192493125,1.3065044693172498,1.228819170473951,-0.41891765480879145,-0.3803656487833983,False,spread <= 0
SF,0.5,pos_168 ~ sin roc_24 [bajo],corto,49,-0.37139897770622865,0.3809376970643599,0.16326530612244897,1.0,-0.005046743178086456,1.0376034597205197,0.9321270940257455,-0.4049770918226247,-0.38038709795497877,False,spread <= 0
SF,0.5,desbal ~ sin roc_24,corto,49,-0.3738879442813446,0.3148098672834793,0.12244897959183673,1.0,-0.0047995028448540355,0.9530467162606804,0.9319057786543223,-0.4066072308943513,-0.38622211872658935,False,spread <= 0
SF,0.5,vol_168 ~ sin roc_24,corto,49,-0.3766934271627158,0.5836510202727789,0.2653061224489796,1.0,-0.005126091078804581,1.7555879533497851,1.2253510992854684,-0.41163057754732574,-0.39002664398151227,False,spread <= 0
SF,0.5,roc_24,corto,49,-0.3803384088629936,0.552581921597281,0.24489795918367346,1.0,-0.004454767247184074,1.4512433436483536,1.2471077594078972,-0.41743773023866376,-0.39165526305125126,False,spread <= 0
SF,0.5,n_surge,corto,49,-0.3832351812641656,0.6414464261267393,0.32653061224489793,1.0,-0.004453546866254148,1.3304000241797578,1.2397949511237991,-0.4380272612891966,-0.39918938832797596,False,spread <= 0
SF,0.5,roc_24 [bajo],corto,49,-0.39288913928324026,0.36326193581467897,0.16326530612244897,1.0,-0.005743183394447327,1.2621619248779787,1.0365775770461412,-0.4149982757034048,-0.403863933057711,False,spread <= 0
SF,0.5,roc_72 [bajo],corto,49,-0.396086074395604,0.384695022983611,0.12244897959183673,1.0,-0.005492667844150433,1.165102461364743,0.9595833425031732,-0.41461003709073435,-0.40509073587942124,False,spread <= 0
SF,0.5,desbal,corto,49,-0.39778843113419937,0.32701955611210326,0.08163265306122448,1.0,-0.005127005518307803,0.9526889118493137,0.9341578733186742,-0.40963324048303695,-0.39982116529216627,False,spread <= 0
SF,0.5,n_surge [bajo],corto,49,-0.39821780188815015,0.2934138309443006,0.12244897959183673,1.0,-0.005592027033079228,0.9971718100684923,0.8954903391390868,-0.43416010425078144,-0.4115316421215967,False,spread <= 0
SF,0.5,ticket_rel ~ sin roc_24,corto,49,-0.40108370567621304,0.27694657397862354,0.02040816326530612,1.0,-0.00467442727610403,1.0093939466450352,0.9850568692390829,-0.4378976264422475,-0.4130103363528795,False,spread <= 0
SF,0.5,roc_720 ~ sin roc_24,corto,49,-0.40291666941673066,0.5027557694230481,0.1836734693877551,1.0,-0.005140384466167644,1.3943778518005014,1.0469535797249385,-0.43019389563402954,-0.4137742601760846,False,spread <= 0
SF,0.5,CONTROL azar 2,corto,49,-0.40579103554696444,0.33103038141742847,0.10204081632653061,1.0,-0.005087860389956223,1.0095010588153388,0.9732133834418146,-0.43188817988020656,-0.42091320525113596,False,control
SF,0.5,turnover ~ sin roc_24,corto,49,-0.4059534815244084,0.5050508054283787,0.20408163265306123,1.0,-0.0048468493417329886,1.295611389607148,1.1679131961207136,-0.43998416232737636,-0.41793199276834936,False,spread <= 0
SF,0.5,compresion,corto,49,-0.4062632368583645,0.462882758759591,0.20408163265306123,1.0,-0.0053916759212655815,1.5001208812888926,1.3862086023457239,-0.4411354874902509,-0.4187003151483966,False,spread <= 0
SF,0.5,n_surge ~ sin roc_24,corto,49,-0.41294338393364916,0.49615894754754974,0.1836734693877551,1.0,-0.005217822832507503,1.3154343710057188,1.1766397365770915,-0.446310774337581,-0.42359126650269036,False,spread <= 0
SF,0.5,ticket_rel,corto,49,-0.41314736853161055,0.27004597692073173,0.04081632653061224,1.0,-0.0047299199505675005,1.0139197174959045,0.9878367056992658,-0.44218541180094,-0.42549161241450906,False,spread <= 0
SF,0.5,desbal_168 ~ sin roc_24,corto,49,-0.4175335841074828,0.35678465893876676,0.1836734693877551,1.0,-0.0053520712959757135,0.950458595504722,0.9792261429812568,-0.4297685383224482,-0.42475526004066266,False,spread <= 0
SF,0.5,CONTROL azar 3,corto,49,-0.4188194714480073,0.33526416574675316,0.08163265306122448,1.0,-0.005601073885494269,1.0107701967536422,0.9680675981610714,-0.44950399871915364,-0.43048453045922336,False,control
SF,0.5,compresion ~ sin roc_24 [bajo],corto,49,-0.42002512822549326,0.35194842551169775,0.10204081632653061,1.0,-0.005593693744949605,0.9798600943381823,0.8706184733815018,-0.446941900600171,-0.43221186644383236,False,spread <= 0
SF,0.5,turnover ~ sin roc_24 [bajo],corto,49,-0.4279066789783739,0.39118289494952047,0.14285714285714285,1.0,-0.005815773195907118,1.1739687298005872,1.0219640912804115,-0.4571694431103439,-0.4446545888075176,False,spread <= 0
SF,0.5,pos_168 ~ sin roc_24,corto,49,-0.4331764185057056,0.3729593816527222,0.14285714285714285,1.0,-0.0055470498026890715,1.1011972244139308,1.052273438242961,-0.46781196186019064,-0.4471674811946108,False,spread <= 0
SF,0.5,desbal_168,corto,49,-0.43472373037717155,0.3825863355509626,0.16326530612244897,1.0,-0.005661374868314635,0.952773965480826,0.9812830672561428,-0.4496367092582076,-0.44197126239848494,False,spread <= 0
SF,0.5,compresion [bajo],corto,49,-0.4357468699906465,0.34033086604102764,0.061224489795918366,1.0,-0.00585232919659837,0.9774354317888702,0.8586798685641379,-0.4617314975972147,-0.44481774444984556,False,spread <= 0
SF,0.5,roc_72 ~ sin roc_24,corto,49,-0.43869921959357583,0.5334579963474179,0.24489795918367346,1.0,-0.005561187188729036,1.4518636995240215,1.2257546089946885,-0.47101965775890253,-0.4486254385352169,False,spread <= 0
SF,0.5,desbal ~ sin roc_24 [bajo],corto,49,-0.4438531629589129,0.24781303582494676,0.061224489795918366,1.0,-0.0059848399998779014,0.959486683617282,0.9440902910222149,-0.4663955849598725,-0.4507251127520024,False,spread <= 0
SF,0.5,desbal [bajo],corto,49,-0.4466167536706754,0.25757503106206137,0.061224489795918366,1.0,-0.006038201211158923,0.9587616023068253,0.9434996130669778,-0.4634201473569187,-0.4541322304660173,False,spread <= 0
SF,0.5,roc_720,corto,49,-0.45484093554331645,0.5011664224108717,0.14285714285714285,1.0,-0.00591770870852181,1.4273475672849532,1.0708703503498478,-0.49387139944774155,-0.46150940398662543,False,spread <= 0
SF,0.5,turnover [bajo],corto,49,-0.4558699854840471,0.2721907826321665,0.08163265306122448,1.0,-0.006320670133315517,0.9823836053660311,0.8957962677506279,-0.47248088551387557,-0.46122129455374344,False,spread <= 0
SF,0.5,ticket_rel [bajo],corto,49,-0.4778343150578745,0.32879559279074483,0.04081632653061224,1.0,-0.006670945052668325,0.9640875061352356,0.9357925273617375,-0.505125888488325,-0.48969160887785235,False,spread <= 0
SF,0.5,roc_168,corto,49,-0.48224143428330063,0.4486004798459134,0.14285714285714285,1.0,-0.0066262926391232315,1.5578137974741502,1.2999486049025686,-0.5152545684089218,-0.49503399968627976,False,spread <= 0
SF,0.5,pos_168,corto,49,-0.48877119288370335,0.4884416746853226,0.12244897959183673,1.0,-0.0061781569236273644,1.1659387739599043,1.1029932652856895,-0.5166599369376103,-0.49850347599526124,False,spread <= 0
SF,0.5,desbal_24 ~ sin roc_24,corto,49,-0.4956199954271989,0.3175511420289837,0.04081632653061224,1.0,-0.006163080484407948,0.9491440949939695,0.9579780057736322,-0.5078632854741175,-0.4991530290688474,False,spread <= 0
SF,0.5,ticket_rel ~ sin roc_24 [bajo],corto,49,-0.49891715399481906,0.38428806076776434,0.04081632653061224,1.0,-0.006737870539051584,0.9678755356089545,0.9418734768661148,-0.5282512899007922,-0.5182811308068204,False,spread <= 0
SF,0.5,desbal_24,corto,49,-0.5054562735786766,0.2804610746695211,0.04081632653061224,1.0,-0.006372834431805832,0.9542395903069777,0.9649210431510475,-0.5219871219918443,-0.5067765032549715,False,spread <= 0
SF,0.5,dd_168 ~ sin roc_24,corto,49,-0.5157687802364014,0.352141626836574,0.061224489795918366,1.0,-0.005932647139856706,0.7826946889225097,0.9573975829211177,-0.5329520246882615,-0.526226709127739,False,spread <= 0
SF,0.5,roc_168 ~ sin roc_24,corto,49,-0.5346024938117295,0.48386232706496,0.1836734693877551,1.0,-0.007163836300246368,1.4653096996350503,1.2267319750798398,-0.5937194875289906,-0.5652997167563741,False,spread <= 0
SF,0.5,vol_168 ~ sin roc_24 [bajo],corto,49,-0.5456102086881526,0.3088226565329251,0.04081632653061224,1.0,-0.00551679028032394,0.6515336619408021,0.9363685479105245,-0.5508201460106172,-0.554531476531984,False,spread <= 0
SF,0.5,dd_168,corto,49,-0.5525585833000649,0.4299134340083838,0.08163265306122448,1.0,-0.0065381809846061,0.835245963151381,1.0002187224884773,-0.5817371420242528,-0.5690880253133309,False,spread <= 0
SF,0.5,atr_24 ~ sin roc_24 [bajo],corto,49,-0.5555469316570734,0.36898938837306094,0.08163265306122448,1.0,-0.005622816441404198,0.6276491091662096,0.8806777879212246,-0.5691091701659053,-0.5706482595576627,False,spread <= 0
SF,0.5,rango_168 ~ sin roc_24 [bajo],corto,49,-0.5687913858432774,0.32290595829015994,0.02040816326530612,1.0,-0.006119445388899869,0.7029502662120113,0.9209227909246457,-0.582227299270148,-0.5801833585183007,False,spread <= 0
SF,0.5,vol_168 [bajo],corto,49,-0.5723519202641756,0.3352790394789103,0.04081632653061224,1.0,-0.005808986924595258,0.630418091298527,0.9191344558878074,-0.5678408874319395,-0.5760260808764922,False,spread <= 0
SF,0.5,rango_168 [bajo],corto,49,-0.576602863435548,0.3060062560603841,0.02040816326530612,1.0,-0.006046606702659897,0.6602436629975978,0.9060559548285495,-0.5881721102154657,-0.5899147078364757,False,spread <= 0
SF,0.5,vol_24 [bajo],corto,49,-0.5797256985369287,0.3200165455262238,0.02040816326530612,1.0,-0.00609014061146737,0.6171986762584579,0.8496161041512451,-0.5666418497739892,-0.5807008169131924,False,spread <= 0
SF,0.5,atr_24 [bajo],corto,49,-0.5817301263543299,0.3301012097210298,0.02040816326530612,1.0,-0.0059310558974594255,0.6098042704470676,0.8550970178058346,-0.5898166654899732,-0.589600286250484,False,spread <= 0
SF,0.5,vol_24 ~ sin roc_24 [bajo],corto,49,-0.6015357132542624,0.3144722549838986,0.04081632653061224,1.0,-0.0065926679780562245,0.6566654843169772,0.8842157041698662,-0.6085212983416446,-0.610010391183544,False,spread <= 0
SF,0.5,dd_720 ~ sin roc_24,corto,49,-0.6233542777150617,0.44714967530078364,0.08163265306122448,1.0,-0.006991736195077044,0.8408295919504521,1.0128496451174382,-0.6363001607045576,-0.630127119492799,False,spread <= 0
SF,0.5,dd_720,corto,49,-0.6724001401408081,0.5845485877770293,0.08163265306122448,1.0,-0.007994516038961884,0.8707586664657763,1.0440157557952596,-0.7195378121911679,-0.6809004086367517,False,spread <= 0
SF,0.5,roc_168 ~ sin roc_24,largo,49,-0.16492239295039113,0.45702750585155794,0.3469387755102041,1.0,-0.002836163699753632,1.4653096996350503,1.2267319750798398,-0.21581734366397382,-0.1846298503906419,False,spread <= 0
SF,0.5,roc_720,largo,49,-0.18596151164353367,0.4949226815047163,0.32653061224489793,1.0,-0.0040822912914781915,1.4273475672849532,1.0708703503498478,-0.23215804709340815,-0.1955764052752091,False,spread <= 0
SF,0.5,vol_168 ~ sin roc_24,largo,49,-0.22101683660686341,0.5809296490537778,0.30612244897959184,1.0,-0.004873908921195418,1.7555879533497851,1.2253510992854684,-0.27803752835921236,-0.24522036544203188,False,spread <= 0
SF,0.5,roc_168,largo,49,-0.22300212770271804,0.43310161331910835,0.30612244897959184,1.0,-0.0033737073608767695,1.5578137974741502,1.2999486049025686,-0.27955958604221126,-0.2431222432328727,False,spread <= 0
SF,0.5,roc_720 ~ sin roc_24,largo,49,-0.2316756994628053,0.49599943273051633,0.2653061224489796,1.0,-0.004859615533832355,1.3943778518005014,1.0469535797249385,-0.292411226060406,-0.257889707163409,False,spread <= 0
SF,0.5,vol_24 ~ sin roc_24,largo,49,-0.26226937246385296,0.5450806504698157,0.2653061224489796,1.0,-0.0054185958816681985,1.9036618900830358,1.444283145715949,-0.3296200948755986,-0.28988688897810666,False,spread <= 0
SF,0.5,roc_72 ~ sin roc_24,largo,49,-0.2635493824588542,0.5086185635673247,0.3673469387755102,1.0,-0.004438812811270964,1.4518636995240215,1.2257546089946885,-0.3164211565981255,-0.28307580025004525,False,spread <= 0
SF,0.5,ticket_rel ~ sin roc_24 [bajo],largo,49,-0.26601658863221467,0.3915921240188315,0.20408163265306123,1.0,-0.003262129460948417,0.9678755356089545,0.9418734768661148,-0.29744208656999904,-0.28805242547307497,False,spread <= 0
SF,0.5,roc_72 [bajo],largo,49,-0.26940714409541155,0.39326893523572504,0.22448979591836735,1.0,-0.004507332155849567,1.165102461364743,0.9595833425031732,-0.3079114184558069,-0.2851176985578764,False,spread <= 0
SF,0.5,turnover [bajo],largo,49,-0.2696089817383398,0.2785342868454969,0.16326530612244897,1.0,-0.0036793298666844827,0.9823836053660311,0.8957962677506279,-0.3116195481418512,-0.28282305858670176,False,spread <= 0
SF,0.5,dd_720,largo,49,-0.27421196921031366,0.5536216581554577,0.2653061224489796,1.0,-0.0020054839610381156,0.8707586664657763,1.0440157557952596,-0.29555564627531317,-0.28894454590658225,False,spread <= 0
SF,0.5,roc_24 [bajo],largo,49,-0.27651015596289463,0.35897369855938926,0.20408163265306123,1.0,-0.0042568166055526714,1.2621619248779787,1.0365775770461412,-0.3059679048956517,-0.2884423362669565,False,spread <= 0
SF,0.5,turnover ~ sin roc_24 [bajo],largo,49,-0.28390274647639036,0.3742178393606839,0.2653061224489796,1.0,-0.004184226804092882,1.1739687298005872,1.0219640912804115,-0.330817773196641,-0.29985846563340723,False,spread <= 0
SF,0.5,compresion [bajo],largo,49,-0.28403837047844616,0.3439452337465666,0.22448979591836735,1.0,-0.00414767080340163,0.9774354317888702,0.8586798685641379,-0.32257634266441887,-0.3043855726650415,False,spread <= 0
SF,0.5,ticket_rel [bajo],largo,49,-0.2862461634857589,0.34971364887502393,0.20408163265306123,1.0,-0.0033290549473316746,0.9640875061352356,0.9357925273617375,-0.31127775634147414,-0.2938574462487647,False,spread <= 0
SF,0.5,pos_168,largo,49,-0.28873304180261816,0.4824067045953853,0.2857142857142857,1.0,-0.003821843076372636,1.1659387739599043,1.1029932652856895,-0.3452443110519894,-0.3086957286774654,False,spread <= 0
SF,0.5,desbal_24,largo,49,-0.29470673392933283,0.28988593882142644,0.14285714285714285,1.0,-0.003627165568194167,0.9542395903069777,0.9649210431510475,-0.32607233252146706,-0.30200951323978353,False,spread <= 0
SF,0.5,atr_24 ~ sin roc_24,largo,49,-0.2956284180494644,0.5575371126160718,0.2857142857142857,1.0,-0.005809181809365868,1.9666763153253397,1.473452615983605,-0.3624964943035969,-0.32671512280956994,False,spread <= 0
SF,0.5,desbal_24 ~ sin roc_24,largo,49,-0.3018654355613084,0.3175077613021327,0.12244897959183673,1.0,-0.0038369195155920524,0.9491440949939695,0.9579780057736322,-0.33899679271566213,-0.3153478948352242,False,spread <= 0
SF,0.5,rango_168 ~ sin roc_24,largo,49,-0.30285714329361424,0.6195973862375944,0.22448979591836735,1.0,-0.005510780827020748,1.651599715769245,1.2177936138209642,-0.3639230683985237,-0.3218602419894749,False,spread <= 0
SF,0.5,vol_168,largo,49,-0.30384214712861213,0.6510829504270103,0.32653061224489793,1.0,-0.005841513407765756,1.802151383812803,1.239992294020379,-0.3648313496836204,-0.3328396558472185,False,spread <= 0
SF,0.5,compresion ~ sin roc_24 [bajo],largo,49,-0.3050354774860992,0.3518159718747377,0.1836734693877551,1.0,-0.0044063062550503945,0.9798600943381823,0.8706184733815018,-0.35480151684155525,-0.32321912903055017,False,spread <= 0
SF,0.5,vol_24,largo,49,-0.30721149337727915,0.5566924463793638,0.22448979591836735,1.0,-0.006021641922567205,2.01940924234293,1.5230789524721353,-0.37956188375726724,-0.334674759672365,False,spread <= 0
SF,0.5,rango_168,largo,49,-0.31679078503552993,0.5172493345462713,0.24489795918367346,1.0,-0.005780419288034426,1.700201516548601,1.2210322678038685,-0.37968302923179936,-0.3361220900793079,False,spread <= 0
SF,0.5,n_surge [bajo],largo,49,-0.3182733950145581,0.29668069127527597,0.20408163265306123,1.0,-0.004407972966920771,0.9971718100684923,0.8954903391390868,-0.34374570682830397,-0.3342498441190304,False,spread <= 0
SF,0.5,dd_720 ~ sin roc_24,largo,49,-0.32641032102527345,0.4204060306190035,0.1836734693877551,1.0,-0.0030082638049229553,0.8408295919504521,1.0128496451174382,-0.35669938326287964,-0.322068697458776,False,spread <= 0
SF,0.5,n_surge ~ sin roc_24,largo,49,-0.32664759509137864,0.484787095202065,0.14285714285714285,1.0,-0.004782177167492498,1.3154343710057188,1.1766397365770915,-0.37086348905027466,-0.3411582496545032,False,spread <= 0
SF,0.5,desbal [bajo],largo,49,-0.3290718644129697,0.29518879630095207,0.10204081632653061,1.0,-0.003961798788841077,0.9587616023068253,0.9434996130669778,-0.3569099374447062,-0.3431227624727572,False,spread <= 0
SF,0.5,roc_24,largo,49,-0.32995089324818083,0.535984452548044,0.20408163265306123,1.0,-0.005545232752815927,1.4512433436483536,1.2471077594078972,-0.38823756086167927,-0.3600764508338874,False,spread <= 0
SF,0.5,atr_24,largo,49,-0.33015246861896114,0.5473338829287017,0.24489795918367346,1.0,-0.006437768705746121,2.0445355019604583,1.55245502216198,-0.3991472506763072,-0.359826293163454,False,spread <= 0
SF,0.5,desbal ~ sin roc_24 [bajo],largo,49,-0.33229336112448893,0.2854052900974606,0.10204081632653061,1.0,-0.004015160000122099,0.959486683617282,0.9440902910222149,-0.35365502644387453,-0.3458913454094697,False,spread <= 0
SF,0.5,dd_168 ~ sin roc_24 [bajo],largo,49,-0.3330049868793101,0.5469295711931199,0.22448979591836735,1.0,-0.005683255945911585,1.4346422233865188,1.0701460712086712,-0.3892758266592722,-0.3576427305719283,False,spread <= 0
SF,0.5,turnover ~ sin roc_24,largo,49,-0.33493320813713945,0.4970965831835991,0.16326530612244897,1.0,-0.0051531506582670125,1.295611389607148,1.1679131961207136,-0.37579528905363974,-0.3455202946669148,False,spread <= 0
SF,0.5,CONTROL azar 3,largo,49,-0.3357900135744445,0.3273628057897933,0.1836734693877551,1.0,-0.004398926114505732,1.0107701967536422,0.9680675981610714,-0.3813534871137356,-0.36006752932769437,False,control
SF,0.5,pos_168 ~ sin roc_24 [bajo],largo,49,-0.3464896525743761,0.39572849052582976,0.14285714285714285,1.0,-0.004953256821913545,1.0376034597205197,0.9321270940257455,-0.39622294200222274,-0.3620423637713448,False,spread <= 0
SF,0.5,pos_168 ~ sin roc_24,largo,49,-0.35179390064677957,0.39226640087935055,0.22448979591836735,1.0,-0.004452950197310929,1.1011972244139308,1.052273438242961,-0.37657029029633693,-0.37002720074351264,False,spread <= 0
SF,0.5,n_surge ~ sin roc_24 [bajo],largo,49,-0.3547404186875511,0.3436344615540909,0.12244897959183673,1.0,-0.005316832834235696,1.175477073445437,1.0161536930713346,-0.3801912588562821,-0.3670486256566744,False,spread <= 0
SF,0.5,roc_168 [bajo],largo,49,-0.3549393659086725,0.2987365902897803,0.10204081632653061,1.0,-0.005967024272086853,1.1313434844962775,0.9300923577018647,-0.38811113009302806,-0.3716584862576113,False,spread <= 0
SF,0.5,CONTROL azar 2,largo,49,-0.3564963799332427,0.33371852180523,0.12244897959183673,1.0,-0.004912139610043777,1.0095010588153388,0.9732133834418146,-0.39407524389581855,-0.37977392025168055,False,control
SF,0.5,compresion,largo,49,-0.35805872980330244,0.44606623935091116,0.22448979591836735,1.0,-0.004608324078734419,1.5001208812888926,1.3862086023457239,-0.4032525390346561,-0.372840523046748,False,spread <= 0
SF,0.5,ticket_rel,largo,49,-0.3580629087362864,0.2670427977205455,0.08163265306122448,1.0,-0.0052700800494325005,1.0139197174959045,0.9878367056992658,-0.4032338996294383,-0.3778660734999584,False,spread <= 0
SF,0.5,roc_720 [bajo],largo,49,-0.36375199165739835,0.3259491705880386,0.16326530612244897,1.0,-0.00566313769213873,1.1185034914731458,0.9530931938045,-0.38932307244876835,-0.3645226402055282,False,spread <= 0
SF,0.5,roc_72 ~ sin roc_24 [bajo],largo,49,-0.3699806338743004,0.4355189869806387,0.16326530612244897,1.0,-0.005870524394312148,1.193977486365976,0.9865882696502335,-0.40787421690880615,-0.3843371193184529,False,spread <= 0
SF,0.5,dd_720 ~ sin roc_24 [bajo],largo,49,-0.37013016079368083,0.4337573754627749,0.16326530612244897,1.0,-0.0065573975389591616,1.2523390486556816,0.9307555673089027,-0.4096308291610129,-0.395024007120877,False,spread <= 0
SF,0.5,roc_72,largo,49,-0.37077837703276795,0.5653818026792482,0.22448979591836735,1.0,-0.0058442295667827686,1.590639704685607,1.3331857684252515,-0.4282447492411776,-0.37832409530021716,False,spread <= 0
SF,0.5,ticket_rel ~ sin roc_24,largo,49,-0.37096262595275503,0.277835653551488,0.10204081632653061,1.0,-0.00532557272389597,1.0093939466450352,0.9850568692390829,-0.3947584325154364,-0.38358198780115516,False,spread <= 0
SF,0.5,desbal_168,largo,49,-0.37188098962989735,0.3834348096895389,0.1836734693877551,1.0,-0.004338625131685365,0.952773965480826,0.9812830672561428,-0.42944362110730083,-0.4022306715686833,False,spread <= 0
SF,0.5,desbal,largo,49,-0.37387798882115936,0.31765769085487966,0.12244897959183673,1.0,-0.004872994481692197,0.9526889118493137,0.9341578733186742,-0.3939942565979619,-0.38637533817091885,False,spread <= 0
SF,0.5,pos_168 [bajo],largo,49,-0.37414985493622654,0.2981483182112776,0.10204081632653061,1.0,-0.005227086048804085,1.0545731637439841,0.9253147526335415,-0.4041957354852816,-0.3882534752823622,False,spread <= 0
SF,0.5,n_surge,largo,49,-0.37725777179160613,0.6202779542737032,0.20408163265306123,1.0,-0.005546453133745851,1.3304000241797578,1.2397949511237991,-0.40451821547165856,-0.3856157038918845,False,spread <= 0
SF,0.5,dd_720 [bajo],largo,49,-0.3787746982728831,0.3626285492798634,0.16326530612244897,1.0,-0.006819484668397295,1.2439666675236494,0.9248198550714587,-0.40778116857785784,-0.3946186507953156,False,spread <= 0
SF,0.5,desbal_168 ~ sin roc_24,largo,49,-0.387535750218815,0.35760332754573654,0.10204081632653061,1.0,-0.004647928704024286,0.950458595504722,0.9792261429812568,-0.44322672567715343,-0.4165137360082342,False,spread <= 0
SF,0.5,turnover,largo,49,-0.3948182142232564,0.6198486123847882,0.22448979591836735,1.0,-0.0058809183807506885,1.3065044693172498,1.228819170473951,-0.42880443861164175,-0.4097228916309511,False,spread <= 0
SF,0.5,roc_168 ~ sin roc_24 [bajo],largo,49,-0.39565022378066184,0.38746814227320847,0.10204081632653061,1.0,-0.006693341690353938,1.167640382309445,0.9547421250094736,-0.4357642028257059,-0.41217229027709,False,spread <= 0
SF,0.5,CONTROL azar 1,largo,49,-0.3962832728442798,0.3580070596668004,0.08163265306122448,1.0,-0.005319309055035618,1.01035685776576,0.9727263895680809,-0.43948430623208756,-0.40666359854319845,False,control
SF,0.5,desbal ~ sin roc_24,largo,49,-0.39786449801450635,0.3108052711338775,0.08163265306122448,1.0,-0.005200497155145966,0.9530467162606804,0.9319057786543223,-0.3984967859933171,-0.39914538341781886,False,spread <= 0
SF,0.5,dd_168,largo,49,-0.40032740262916733,0.41180441672957,0.16326530612244897,1.0,-0.0034618190153939015,0.835245963151381,1.0002187224884773,-0.42915317811953946,-0.40635419011087237,False,spread <= 0
SF,0.5,dd_168 [bajo],largo,49,-0.4019681578955022,0.5264317500577009,0.14285714285714285,1.0,-0.00650125782164764,1.3955178051006427,1.0474716708567575,-0.42929285044244103,-0.4134263272984944,False,spread <= 0
SF,0.5,desbal_168 [bajo],largo,49,-0.413257575043626,0.3519600358586504,0.061224489795918366,1.0,-0.004828047023728344,0.9602137179026667,0.9420390456058523,-0.4434514858842123,-0.4248831176676183,False,spread <= 0
SF,0.5,desbal_168 ~ sin roc_24 [bajo],largo,49,-0.41869526035682725,0.34235055245743534,0.061224489795918366,1.0,-0.004892960581698857,0.9602550923181917,0.9428617552455143,-0.44276096032593515,-0.4249464027291076,False,spread <= 0
SF,0.5,desbal_24 [bajo],largo,49,-0.4210506999745239,0.24509233135132538,0.061224489795918366,1.0,-0.005153015955075302,0.9470659639298179,0.9301174407658737,-0.43573167624950976,-0.42215613284001774,False,spread <= 0
SF,0.5,desbal_24 ~ sin roc_24 [bajo],largo,49,-0.42489182780895407,0.25905910943371824,0.04081632653061224,1.0,-0.005191630928111054,0.9458480924369137,0.9328412966680346,-0.40906626323788403,-0.42339346944355644,False,spread <= 0
SF,0.5,compresion ~ sin roc_24,largo,49,-0.42756201370640545,0.5142178228175074,0.16326530612244897,1.0,-0.005118347379339288,1.4304603118326078,1.33529262270115,-0.4742478633098046,-0.44730175515446235,False,spread <= 0
SF,0.5,roc_720 ~ sin roc_24 [bajo],largo,49,-0.4317326755839472,0.44724357725695735,0.20408163265306123,1.0,-0.006416293572181815,1.1426241915737856,0.9737625301333351,-0.4679806465657545,-0.4404925747873169,False,spread <= 0
SF,0.5,dd_168 ~ sin roc_24,largo,49,-0.46340755587940285,0.3435002224830443,0.08163265306122448,1.0,-0.004067352860143294,0.7826946889225097,0.9573975829211177,-0.5001602922400763,-0.46850733036794784,False,spread <= 0
SF,0.5,vol_24 ~ sin roc_24 [bajo],largo,49,-0.4740417827605354,0.34432255607988915,0.08163265306122448,1.0,-0.003407332021943775,0.6566654843169772,0.8842157041698662,-0.47955828538397427,-0.48856958399824846,False,spread <= 0
SF,0.5,rango_168 ~ sin roc_24 [bajo],largo,49,-0.4859354041611163,0.35575895385660566,0.061224489795918366,1.0,-0.00388055461110013,0.7029502662120113,0.9209227909246457,-0.522235279704743,-0.4938299055073012,False,spread <= 0
SF,0.5,rango_168 [bajo],largo,49,-0.5177859679294067,0.3432271473888984,0.04081632653061224,1.0,-0.003953393297340103,0.6602436629975978,0.9060559548285495,-0.5481879685992892,-0.5372546249078177,False,spread <= 0
SF,0.5,vol_24 [bajo],largo,49,-0.5396840686721694,0.37615864817867484,0.061224489795918366,1.0,-0.003909859388532631,0.6171986762584579,0.8496161041512451,-0.5583176984524697,-0.5607263633866735,False,spread <= 0
SF,0.5,atr_24 ~ sin roc_24 [bajo],largo,49,-0.5677445370037298,0.41072920970190036,0.08163265306122448,1.0,-0.004377183558595803,0.6276491091662096,0.8806777879212246,-0.6091568412715432,-0.5811373512754293,False,spread <= 0
SF,0.5,atr_24 [bajo],largo,49,-0.5702744781085571,0.37700790869687056,0.04081632653061224,1.0,-0.0040689441025405755,0.6098042704470676,0.8550970178058346,-0.575715204369394,-0.5856772216095207,False,spread <= 0
SF,0.5,vol_168 [bajo],largo,49,-0.5880943204771399,0.37823477998407545,0.04081632653061224,1.0,-0.004191013075404742,0.630418091298527,0.9191344558878074,-0.6227452082024343,-0.5936585452418682,False,spread <= 0
SF,0.5,vol_168 ~ sin roc_24 [bajo],largo,49,-0.5939253568636929,0.36606297185018466,0.061224489795918366,1.0,-0.004483209719676059,0.6515336619408021,0.9363685479105245,-0.6339008493547974,-0.616072249367554,False,spread <= 0
SF,0.5,vol_24,magnitud,49,2.7221143071930296,1.6687186254806115,1.0,0.0,0.06062066216758477,2.01940924234293,1.5230789524721353,2.5173940335093294,2.6526984277010035,True,SOBREVIVE
SF,0.5,atr_24,magnitud,49,2.6914322025757453,1.6673737435954628,1.0,0.0,0.06284499717131733,2.0445355019604583,1.55245502216198,2.5052540766506306,2.628298019947744,True,SOBREVIVE
SF,0.5,n_surge,magnitud,49,2.6503711065207955,1.5505952607760463,1.0,0.0,0.03517788562797665,1.3304000241797578,1.2397949511237991,2.5166200994054098,2.5983879734819553,True,SOBREVIVE
SF,0.5,roc_72,magnitud,49,2.6446223451128694,1.6039021795472748,1.0,0.0,0.04285141222665531,1.590639704685607,1.3331857684252515,2.4697746567072008,2.5854026886432857,True,SOBREVIVE
SF,0.5,roc_168,magnitud,49,2.6198527940435707,1.5570052129300127,1.0,0.0,0.04281286807376541,1.5578137974741502,1.2999486049025686,2.4623572140412207,2.5636597614721945,True,SOBREVIVE
SF,0.5,turnover,magnitud,49,2.578390386773913,1.565976414762248,1.0,0.0,0.033844793922560325,1.3065044693172498,1.228819170473951,2.4225446621533853,2.5200996197446024,True,SOBREVIVE
SF,0.5,roc_24,magnitud,49,2.426496236631359,1.5226430712714747,1.0,0.0,0.03899117277548258,1.4512433436483536,1.2471077594078972,2.2758787723853415,2.375206444265541,True,SOBREVIVE
SF,0.5,compresion,magnitud,49,2.332391175268616,1.579850658308288,1.0,0.0,0.028767197658933354,1.5001208812888926,1.3862086023457239,2.0911927803450507,2.2003170914512173,True,SOBREVIVE
SF,0.5,vol_24 ~ sin roc_24,magnitud,49,2.1682859902044322,1.3991169235907412,1.0,0.0,0.05240771735856103,1.9036618900830358,1.444283145715949,1.9797813817226155,2.1092863428264454,True,SOBREVIVE
SF,0.5,rango_168,magnitud,49,2.151418352763737,1.5545849474858229,0.9387755102040817,0.0,0.05271750854387631,1.700201516548601,1.2210322678038685,2.0072170166991588,2.125004519448125,True,SOBREVIVE
SF,0.5,atr_24 ~ sin roc_24,magnitud,49,2.147262115735552,1.3648799809412093,0.9795918367346939,0.0,0.05496601833444762,1.9666763153253397,1.473452615983605,1.9683096949762153,2.0848449273701837,True,SOBREVIVE
SF,0.5,vol_168,magnitud,49,2.121875313809361,1.5488000117069995,0.9591836734693877,0.0,0.05656782331962304,1.802151383812803,1.239992294020379,1.9456698285279057,2.047363234063405,True,SOBREVIVE
SF,0.5,rango_168 ~ sin roc_24,magnitud,49,2.0177167250080434,1.4461848322938156,0.9591836734693877,0.0,0.050092546116999634,1.651599715769245,1.2177936138209642,1.8745105901870287,1.9615045859676004,True,SOBREVIVE
SF,0.5,vol_168 ~ sin roc_24,magnitud,49,1.9355009067706868,1.4783080904372055,0.9591836734693877,0.0,0.05289545316179447,1.7555879533497851,1.2253510992854684,1.739897122825938,1.8652757255259813,True,SOBREVIVE
SF,0.5,n_surge ~ sin roc_24,magnitud,49,1.9267853515268203,1.1108231504410655,1.0,0.0,0.028936703298016436,1.3154343710057188,1.1766397365770915,1.8147344293159011,1.8886919067852792,True,SOBREVIVE
SF,0.5,roc_168 ~ sin roc_24,magnitud,49,1.854334136359105,1.1465620344143272,1.0,0.0,0.034197137835666254,1.4653096996350503,1.2267319750798398,1.6972788414403084,1.7993892972406023,True,SOBREVIVE
SF,0.5,turnover ~ sin roc_24,magnitud,49,1.806694728131736,1.0353780205852554,1.0,0.0,0.02683642123266538,1.295611389607148,1.1679131961207136,1.6847589485847347,1.7570286016749455,True,SOBREVIVE
SF,0.5,roc_72 ~ sin roc_24,magnitud,49,1.5928076591623204,1.1868302846950984,0.9795918367346939,0.0,0.029257835031005437,1.4518636995240215,1.2257546089946885,1.4385168323898285,1.5426688714333048,True,SOBREVIVE
SF,0.5,compresion ~ sin roc_24,magnitud,49,1.5392994674434337,1.0874361484252488,0.9795918367346939,0.0,0.017296806157063787,1.4304603118326078,1.33529262270115,1.4205803789919205,1.4792099784568715,True,SOBREVIVE
SF,0.5,pos_168,magnitud,49,1.4874467971837042,0.9766423566667359,0.9795918367346939,0.0,0.017431837881515422,1.1659387739599043,1.1029932652856895,1.3837940573061644,1.455860070990266,True,SOBREVIVE
SF,0.5,dd_168 ~ sin roc_24 [bajo],magnitud,49,1.4717925274567674,1.2510250611294118,0.9183673469387755,0.0,0.03978590450576181,1.4346422233865188,1.0701460712086712,1.3576804314771405,1.4282973195689694,True,SOBREVIVE
SF,0.5,roc_720,magnitud,49,1.356935877202313,1.3366108330950837,0.8367346938775511,0.0,0.03462547971133753,1.4273475672849532,1.0708703503498478,1.209737994781081,1.3060937183661658,True,SOBREVIVE
SF,0.5,dd_168 [bajo],magnitud,49,0.9090873125636926,0.9382856293412388,0.8571428571428571,0.0,0.03223692482721458,1.3955178051006427,1.0474716708567575,0.7904441238409584,0.8390475385187494,True,SOBREVIVE
SF,0.5,roc_720 ~ sin roc_24,magnitud,49,0.900203593708881,1.057790261511846,0.7755102040816326,0.0,0.02981467873992031,1.3943778518005014,1.0469535797249385,0.7873292791734149,0.8521117922765252,True,SOBREVIVE
SF,0.5,dd_720,magnitud,49,0.8577739627943936,1.2305539668371897,0.8775510204081632,0.0,-0.00781064411627374,0.8707586664657763,1.0440157557952596,0.7543810894179023,0.8261360617651996,True,ARTEFACTO DE ESCALA (atr_ratio 0.87)
SF,0.5,turnover ~ sin roc_24 [bajo],magnitud,49,0.7152844353649174,1.1839098793426437,0.7346938775510204,0.0,0.015463036412205892,1.1739687298005872,1.0219640912804115,0.4662176667815845,0.5810040782159827,True,SOBREVIVE
SF,0.5,pos_168 ~ sin roc_24,magnitud,49,0.5771189843352073,0.7173558065556314,0.8571428571428571,0.0,0.004501776627271885,1.1011972244139308,1.052273438242961,0.537775518551646,0.5714472809644876,True,SOBREVIVE
SF,0.5,n_surge ~ sin roc_24 [bajo],magnitud,49,0.5466774537087233,0.941077839649012,0.7755102040816326,0.0,0.015265233279488942,1.175477073445437,1.0161536930713346,0.3732991512657359,0.42385797324129515,True,SOBREVIVE
SF,0.5,dd_168,magnitud,49,0.5076027420493274,0.9961707621532913,0.7142857142857143,0.0,-0.012895852476455232,0.835245963151381,1.0002187224884773,0.4041444764285512,0.4738112489236241,True,ARTEFACTO DE ESCALA (atr_ratio 0.84)
SF,0.5,ticket_rel,magnitud,49,0.41686059490830546,0.6195648211467195,0.7346938775510204,0.0,0.0028806202490460134,1.0139197174959045,0.9878367056992658,0.337358659204527,0.37769832286641186,True,SOBREVIVE
SF,0.5,pos_168 ~ sin roc_24 [bajo],magnitud,49,0.3999465875480261,0.7372798849681527,0.7551020408163265,0.0,0.010828123116720958,1.0376034597205197,0.9321270940257455,0.32463084258015623,0.3704357790593816,True,SOBREVIVE
SF,0.5,roc_72 ~ sin roc_24 [bajo],magnitud,49,0.3286254403363152,0.7235186885913675,0.6326530612244898,0.0005,0.01681846483743705,1.193977486365976,0.9865882696502335,0.22749601883732212,0.28710996931844407,True,SOBREVIVE
SF,0.5,compresion ~ sin roc_24 [bajo],magnitud,49,0.32840529047016526,0.7397520971902704,0.6122448979591837,0.0,0.00877961936080363,0.9798600943381823,0.8706184733815018,0.2349295985942691,0.2821650476640081,True,SOBREVIVE
SF,0.5,dd_720 ~ sin roc_24,magnitud,49,0.2619457677321779,0.9486306573589169,0.6530612244897959,0.0165,-0.015986791368923673,0.8408295919504521,1.0128496451174382,0.15733424609207258,0.21542247599088285,True,ARTEFACTO DE ESCALA (atr_ratio 0.84)
SF,0.5,roc_720 ~ sin roc_24 [bajo],magnitud,49,0.2607448874031729,0.6654279217986602,0.6530612244897959,0.002,0.013107719115728564,1.1426241915737856,0.9737625301333351,0.17213248442335438,0.22486232365545575,True,SOBREVIVE
SF,0.5,dd_720 ~ sin roc_24 [bajo],magnitud,49,0.2517379886316872,0.8418802871213787,0.5510204081632653,0.0125,0.025686374114922098,1.2523390486556816,0.9307555673089027,0.16475247061717768,0.19473876598711648,True,inconsistente por semana (55% arriba)
SF,0.5,ticket_rel ~ sin roc_24,magnitud,49,0.25020084621310784,0.5552700139037389,0.6326530612244898,0.0,0.0004969013055898528,1.0093939466450352,0.9850568692390829,0.17706635160084164,0.22165783809953216,True,SOBREVIVE
SF,0.5,roc_24 [bajo],magnitud,49,0.18223012407147365,0.4894576747409205,0.673469387755102,0.005,0.014860392337555104,1.2621619248779787,1.0365775770461412,0.12112913031927271,0.15191757800517472,True,SOBREVIVE
SF,0.5,desbal_24,magnitud,49,0.1735312167530566,0.5718393526632591,0.5918367346938775,0.01,-0.003440828529737671,0.9542395903069777,0.9649210431510475,0.09399115011263463,0.14626367561782425,True,ARTEFACTO DE ESCALA (atr_ratio 0.95)
SF,0.5,ticket_rel ~ sin roc_24 [bajo],magnitud,49,0.108392248193344,0.9478933749219545,0.3877551020408163,0.2265,-0.0008516784824248975,0.9678755356089545,0.9418734768661148,-0.02719938253560643,0.010325082326484126,False,ARTEFACTO DE ESCALA (atr_ratio 0.97)
SF,0.5,desbal_24 ~ sin roc_24,magnitud,49,0.09941150484977089,0.6072870257249714,0.4897959183673469,0.113,-0.004279563375760318,0.9491440949939695,0.9579780057736322,0.015133010738659575,0.06827413268257208,False,ARTEFACTO DE ESCALA (atr_ratio 0.95)
SF,0.5,roc_168 ~ sin roc_24 [bajo],magnitud,49,0.08784823737772857,0.6875582047048415,0.5102040816326531,0.1835,0.014465279285411008,1.167640382309445,0.9547421250094736,0.0026871948494535444,0.05158805018018973,False,muere en la correccion (FDR q=0.1)
SF,0.5,desbal_168,magnitud,49,0.08256367900402663,0.5888309065990548,0.5306122448979592,0.151,-0.00488120441225503,0.952773965480826,0.9812830672561428,-0.003568980943830767,0.04307296526468567,False,ARTEFACTO DE ESCALA (atr_ratio 0.95)
SF,0.5,desbal_168 ~ sin roc_24 [bajo],magnitud,49,0.051821703760328304,0.8300495499057047,0.5102040816326531,0.34,-0.0032623788823387665,0.9602550923181917,0.9428617552455143,-0.10473673261801551,-0.057457654886872864,False,ARTEFACTO DE ESCALA (atr_ratio 0.96)
SF,0.5,desbal_168 [bajo],magnitud,49,0.04804663555941249,0.8495741470568222,0.46938775510204084,0.3625,-0.003077437492629181,0.9602137179026667,0.9420390456058523,-0.09255853004246552,-0.05819902501113854,False,ARTEFACTO DE ESCALA (atr_ratio 0.96)
SF,0.5,desbal_168 ~ sin roc_24,magnitud,49,0.017351347482579816,0.4950786911194808,0.5510204081632653,0.3935,-0.005641947654352412,0.950458595504722,0.9792261429812568,-0.06832281106803446,-0.02811005842355019,False,ARTEFACTO DE ESCALA (atr_ratio 0.95)
SF,0.5,ticket_rel [bajo],magnitud,49,0.01465145632614287,0.9536881611363989,0.3673469387755102,0.502,-0.001880908074106764,0.9640875061352356,0.9357925273617375,-0.14495835932441128,-0.09800319529710251,False,ARTEFACTO DE ESCALA (atr_ratio 0.96)
SF,0.5,dd_168 ~ sin roc_24,magnitud,49,0.0031887092190745277,0.8339229797693601,0.46938775510204084,0.4855,-0.021690545771499297,0.7826946889225097,0.9573975829211177,-0.1097968592684871,-0.06366200245245113,False,ARTEFACTO DE ESCALA (atr_ratio 0.78)
SF,0.5,CONTROL azar 3,magnitud,49,-0.00236439252800179,0.3879915830081579,0.5714285714285714,1.0,0.0008950727686137898,1.0107701967536422,0.9680675981610714,-0.07042336760107316,-0.025813442044752447,False,control
SF,0.5,dd_720 [bajo],magnitud,49,-0.014243533526842916,0.7235898405275677,0.42857142857142855,1.0,0.022411077387936164,1.2439666675236494,0.9248198550714587,-0.11268491680028891,-0.062319674205930334,False,spread <= 0
SF,0.5,roc_72 [bajo],magnitud,49,-0.021925662899982344,0.6403945349525978,0.4897959183673469,1.0,0.012988904190286102,1.165102461364743,0.9595833425031732,-0.09130487405690906,-0.04973527656184942,False,spread <= 0
SF,0.5,compresion [bajo],magnitud,49,-0.04158099293728212,0.7151437878671589,0.3877551020408163,1.0,0.00365823555121775,0.9774354317888702,0.8586798685641379,-0.10623155122019724,-0.08063853293207783,False,spread <= 0
SF,0.5,CONTROL azar 2,magnitud,49,-0.06790422342902508,0.4470704033091363,0.4489795918367347,1.0,-0.0008242565079435629,1.0095010588153388,0.9732133834418146,-0.1258179660146051,-0.10422609058335781,False,control
SF,0.5,CONTROL azar 1,magnitud,49,-0.07665439268419291,0.34155065540155793,0.3469387755102041,1.0,-0.0017029897887333929,1.01035685776576,0.9727263895680809,-0.13328782090700728,-0.10777229834642091,False,control
SF,0.5,roc_720 [bajo],magnitud,49,-0.08953888532683962,0.615647531435633,0.40816326530612246,1.0,0.009793367566822692,1.1185034914731458,0.9530931938045,-0.1320882826728077,-0.09216425814990749,False,spread <= 0
SF,0.5,vol_24 ~ sin roc_24 [bajo],magnitud,49,-0.1225304857750909,0.6420545378690468,0.2857142857142857,1.0,-0.02821477218661121,0.6566654843169772,0.8842157041698662,-0.219190998833121,-0.1818185997673072,False,spread <= 0
SF,0.5,desbal_24 ~ sin roc_24 [bajo],magnitud,49,-0.15047901337657008,0.8505796216718751,0.30612244897959184,1.0,-0.005487041125959035,0.9458480924369137,0.9328412966680346,-0.231417539714955,-0.24673052373182416,False,spread <= 0
SF,0.5,atr_24 ~ sin roc_24 [bajo],magnitud,49,-0.15332542977812352,0.6947246665106727,0.24489795918367346,1.0,-0.032737454015628734,0.6276491091662096,0.8806777879212246,-0.25111348853758986,-0.21472584468428207,False,spread <= 0
SF,0.5,pos_168 [bajo],magnitud,49,-0.16323942586217652,0.7040155845232349,0.42857142857142855,1.0,0.004664838333635045,1.0545731637439841,0.9253147526335415,-0.2255720826200116,-0.18802593986921456,False,spread <= 0
SF,0.5,vol_168 ~ sin roc_24 [bajo],magnitud,49,-0.18805006482207295,0.773073574818075,0.24489795918367346,1.0,-0.03423308951241534,0.6515336619408021,0.9363685479105245,-0.3067115527607729,-0.2584920160690933,False,spread <= 0
SF,0.5,desbal,magnitud,49,-0.23878074833714769,0.47622783239565636,0.20408163265306123,1.0,-0.005718983342972448,0.9526889118493137,0.9341578733186742,-0.2513444654279962,-0.23403967429747374,False,spread <= 0
SF,0.5,desbal [bajo],magnitud,49,-0.27306827633813696,0.538494547041203,0.30612244897959184,1.0,-0.006394989178782513,0.9587616023068253,0.9434996130669778,-0.3052361959079743,-0.2823644783088226,False,spread <= 0
SF,0.5,desbal ~ sin roc_24 [bajo],magnitud,49,-0.281057410257375,0.5125114549038267,0.2857142857142857,1.0,-0.006536336125774755,0.959486683617282,0.9440902910222149,-0.31366335038503507,-0.29094754638291553,False,spread <= 0
SF,0.5,desbal ~ sin roc_24,magnitud,49,-0.28641855222472007,0.4507385036593122,0.16326530612244897,1.0,-0.006375884467994746,0.9530467162606804,0.9319057786543223,-0.3074331746478158,-0.2805459525364062,False,spread <= 0
SF,0.5,rango_168 ~ sin roc_24 [bajo],magnitud,49,-0.29115846956963615,0.7671026587016141,0.20408163265306123,1.0,-0.02956407663280207,0.7029502662120113,0.9209227909246457,-0.3998522447200755,-0.36062485219680096,False,spread <= 0
SF,0.5,roc_168 [bajo],magnitud,49,-0.30802553726159265,0.7089826787095351,0.32653061224489793,1.0,0.00977228793353711,1.1313434844962775,0.9300923577018647,-0.3871889514269247,-0.3443120483155221,False,spread <= 0
SF,0.5,desbal_24 [bajo],magnitud,49,-0.3490017759672575,0.5030607860798346,0.20408163265306123,1.0,-0.007786216339153602,0.9470659639298179,0.9301174407658737,-0.23571999677647956,-0.3514496725822331,False,spread <= 0
SF,0.5,turnover [bajo],magnitud,49,-0.35299852818715777,1.0033841369814318,0.12244897959183673,1.0,-0.0007033660433435207,0.9823836053660311,0.8957962677506279,-0.5323451870432564,-0.4768002445318884,False,spread <= 0
SF,0.5,vol_168 [bajo],magnitud,49,-0.39332222511717996,0.8434755258534813,0.1836734693877551,1.0,-0.03850539797092143,0.630418091298527,0.9191344558878074,-0.506463542492342,-0.4604883330967233,False,spread <= 0
SF,0.5,rango_168 [bajo],magnitud,49,-0.4532588612468726,0.7431215444375111,0.16326530612244897,1.0,-0.03432085288176606,0.6602436629975978,0.9060559548285495,-0.5707663265121664,-0.5164555908895608,False,spread <= 0
SF,0.5,n_surge [bajo],magnitud,49,-0.46825534493942345,0.47961502254935423,0.10204081632653061,1.0,-0.0006242651510839874,0.9971718100684923,0.8954903391390868,-0.5201824411085016,-0.4929673256596049,False,spread <= 0
SF,0.5,atr_24 [bajo],magnitud,49,-0.4998693258841881,0.811320097314033,0.14285714285714285,1.0,-0.03831490298475158,0.6098042704470676,0.8550970178058346,-0.599512566868978,-0.5801953922678122,False,spread <= 0
SF,0.5,vol_24 [bajo],magnitud,49,-0.5570684945831709,0.860368933428445,0.10204081632653061,1.0,-0.036469944338461666,0.6171986762584579,0.8496161041512451,-0.633538846863797,-0.6221240590366731,False,spread <= 0
