panel,costo,ranking,objetivo,semanas,spread,sd_sem,sem_ok,p,spread_crudo,atr_ratio,atr_propio,sin_top3,sin_top1,fdr_ok,veredicto
FS,0.17,roc_720 ~ sin roc_24 [bajo],corto,49,-0.04066829522844808,0.38752507206458,0.4897959183673469,1.0,-0.0004806278525804404,1.1433709864661419,0.97058960940853,-0.05770566218097752,-0.04659117222871606,False,spread <= 0
FS,0.17,dd_720 [bajo],corto,49,-0.0690556575384718,0.3519800029411916,0.3469387755102041,1.0,-0.0006801727352800025,1.2716880175017535,0.9203635134645465,-0.09537004976297277,-0.07798398548565182,False,spread <= 0
FS,0.17,roc_168 ~ sin roc_24 [bajo],corto,49,-0.06977614503462846,0.35876816321611166,0.30612244897959184,1.0,-0.0004354346044960487,1.172442165260493,0.9546927511700182,-0.0762017281154095,-0.07447953974783904,False,spread <= 0
FS,0.17,roc_720 [bajo],corto,49,-0.07932708068339704,0.3064314028222579,0.3877551020408163,1.0,-0.0010769262821474627,1.1223369562916181,0.9514574292200888,-0.10720886121333675,-0.08397901806420184,False,spread <= 0
FS,0.17,dd_720 ~ sin roc_24 [bajo],corto,49,-0.08145339263464613,0.37444255288717204,0.42857142857142855,1.0,-0.0008950611150895061,1.27900401229068,0.9254040153448562,-0.10925145906292007,-0.09325483471059758,False,spread <= 0
FS,0.17,dd_168 [bajo],corto,49,-0.0932606729977889,0.4570395331178957,0.3673469387755102,1.0,-0.001485524988149925,1.3854133691397443,1.0264775640150763,-0.12260044797202221,-0.10243952147562424,False,spread <= 0
FS,0.17,roc_168 [bajo],corto,49,-0.09344011100276019,0.303904074330124,0.30612244897959184,1.0,-0.0009386484773221625,1.1366826067053852,0.9301847286006752,-0.10780566995776754,-0.09430981557585387,False,spread <= 0
FS,0.17,desbal_168 [bajo],corto,49,-0.09429960471371684,0.29824160767917823,0.40816326530612246,1.0,-0.0012200108422909914,1.0740584736581382,0.9345402065201256,-0.10848001182293904,-0.09847759049493957,False,spread <= 0
FS,0.17,desbal_24 [bajo],corto,49,-0.10804608801842698,0.2948408885677162,0.32653061224489793,1.0,-0.0011640125814817892,1.0138672711593122,0.9431929401873855,-0.11747980432916308,-0.11127395677273086,False,spread <= 0
FS,0.17,desbal_168 ~ sin roc_24 [bajo],corto,49,-0.1104625784850922,0.3014019784030088,0.3673469387755102,1.0,-0.001606106392589929,1.0726494553149253,0.9370043978443048,-0.13713943375976756,-0.11791760787772763,False,spread <= 0
FS,0.17,carry_acum ~ sin roc_24,corto,49,-0.11578688035742893,0.43238897298653384,0.3673469387755102,1.0,-0.0020650212765083663,1.2124886039344824,1.0343824474063186,-0.1700337866636421,-0.12917346646081826,False,spread <= 0
FS,0.17,roc_72 ~ sin roc_24 [bajo],corto,49,-0.12017957659122024,0.4635417172935251,0.42857142857142855,1.0,-0.0015969464158946225,1.1977400858898213,0.9850098851358309,-0.14369999792583968,-0.12776424219022176,False,spread <= 0
FS,0.17,CONTROL azar 3,corto,49,-0.12610822353696408,0.28586499614507455,0.3469387755102041,1.0,-0.0015538141532406308,1.0089918577343897,0.9760383748367041,-0.15061677683130356,-0.1393872676062579,False,control
FS,0.17,CONTROL azar 1,corto,49,-0.12664955179879298,0.3497572775504513,0.2857142857142857,1.0,-0.0022623096849609704,1.0004463425878105,0.9718345226091484,-0.1443751456748275,-0.1343813723455682,False,control
FS,0.17,CONTROL azar 2,corto,49,-0.12711962945959662,0.26256647790425075,0.20408163265306123,1.0,-0.0018058442245971994,1.003785045108116,0.9733340433668203,-0.14401522432681862,-0.13584278344325376,False,control
FS,0.17,carry_acum,corto,49,-0.12965253155009046,0.3575419048562346,0.40816326530612246,1.0,-0.0020962586436992017,1.0787082249044724,0.9616411575221997,-0.15271995605109612,-0.14079273919554997,False,spread <= 0
FS,0.17,desbal_24 ~ sin roc_24 [bajo],corto,49,-0.13350825465652824,0.37666890037261747,0.40816326530612246,1.0,-0.0015318559222644503,1.0139752043706838,0.9515773796941474,-0.1595431861203855,-0.1511905634835076,False,spread <= 0
FS,0.17,dd_168 ~ sin roc_24 [bajo],corto,49,-0.15379476280465043,0.45682344937899955,0.3673469387755102,1.0,-0.0020784489088296024,1.4359283329525898,1.0502797450454449,-0.19950275894599184,-0.16609928345895322,False,spread <= 0
FS,0.17,compresion ~ sin roc_24,corto,49,-0.1541973621133775,0.4781570742577546,0.32653061224489793,1.0,-0.0018266171563483156,1.4177117851276595,1.3236195933150325,-0.1867565128880234,-0.17007476892441803,False,spread <= 0
FS,0.17,desbal,corto,49,-0.1611744949877291,0.34378878177373623,0.3469387755102041,1.0,-0.001187678778881776,0.9493267697462032,0.9438264235287596,-0.17928079197373725,-0.16733668054399406,False,spread <= 0
FS,0.17,roc_72 [bajo],corto,49,-0.16310941546913493,0.3932178211706214,0.3469387755102041,1.0,-0.002543971162990879,1.16751349287717,0.9567449316847316,-0.17296426475530516,-0.17428715645760764,False,spread <= 0
FS,0.17,ticket_rel ~ sin roc_24,corto,49,-0.16521238057424184,0.3409702960997233,0.2857142857142857,1.0,-0.0019117456835368305,1.039890188165146,1.0366377204859734,-0.1868556198822706,-0.16554207432187185,False,spread <= 0
FS,0.17,roc_24 [bajo],corto,49,-0.17092543717983744,0.4190585287176008,0.3673469387755102,1.0,-0.0025386112301621373,1.2700724267923371,1.0332243426979977,-0.19389428196000094,-0.18372594726756525,False,spread <= 0
FS,0.17,ticket_rel,corto,49,-0.17485736957385983,0.4427732090070111,0.3469387755102041,1.0,-0.0019024158975681055,1.0587022446443057,1.0567461199344232,-0.19560327906464609,-0.1861079408378256,False,spread <= 0
FS,0.17,n_surge [bajo],corto,49,-0.1753551186420289,0.272793340598989,0.20408163265306123,1.0,-0.0022972593039788116,1.039949250079134,0.8952790655138252,-0.20139154874882648,-0.18885124611495066,False,spread <= 0
FS,0.17,desbal ~ sin roc_24,corto,49,-0.1758135337209636,0.3272099489225358,0.30612244897959184,1.0,-0.0014093625886324405,0.9462771693967883,0.9388559946092454,-0.19968928033125444,-0.18371122157094427,False,spread <= 0
FS,0.17,compresion [bajo],corto,49,-0.17585264667366104,0.40516577405232596,0.2857142857142857,1.0,-0.002659920038736885,0.980362745123427,0.8536173028036906,-0.20073584329340213,-0.1885538436431828,False,spread <= 0
FS,0.17,pos_168 [bajo],corto,49,-0.1801977439616941,0.38161731006064914,0.3673469387755102,1.0,-0.0019497300848781052,1.0620652805316977,0.9228965509203078,-0.19951336175006193,-0.18843403318595808,False,spread <= 0
FS,0.17,compresion ~ sin roc_24 [bajo],corto,49,-0.18797889369446386,0.4022292596911766,0.3673469387755102,1.0,-0.002838000085576462,0.9773596544621572,0.8626046718598365,-0.2136501187032602,-0.20178653653820816,False,spread <= 0
FS,0.17,ticket_rel [bajo],corto,49,-0.18940558894423765,0.3793405204453417,0.3469387755102041,1.0,-0.002081497008131384,0.980313588277007,0.9333594528454134,-0.20131564830531953,-0.19594984062958135,False,spread <= 0
FS,0.17,n_surge ~ sin roc_24 [bajo],corto,49,-0.19232108696166816,0.38160537620442725,0.22448979591836735,1.0,-0.0022212279542978075,1.212527541188709,1.033630249151814,-0.2179189982188761,-0.1991572843606497,False,spread <= 0
FS,0.17,turnover [bajo],corto,49,-0.19274808661883952,0.35950406445270616,0.2653061224489796,1.0,-0.0025045103294010045,1.0359856720061542,0.9018449103836823,-0.21354392726630683,-0.19832442261235542,False,spread <= 0
FS,0.17,ticket_rel ~ sin roc_24 [bajo],corto,49,-0.1945847679435772,0.39740757712042585,0.32653061224489793,1.0,-0.002256258452770127,0.9874021069409625,0.9455239894443507,-0.23333862343078857,-0.20777992509913654,False,spread <= 0
FS,0.17,roc_72,corto,49,-0.19642480092770462,0.54225132500535,0.3877551020408163,1.0,-0.0020038373215495154,1.5729959154272681,1.3206255367907036,-0.21837461083595464,-0.2042634202174751,False,spread <= 0
FS,0.17,turnover ~ sin roc_24 [bajo],corto,49,-0.20050020916057135,0.3819477420478272,0.32653061224489793,1.0,-0.0022269661366014636,1.2210928095531488,1.0467765271510197,-0.22347209990972677,-0.20710096953406323,False,spread <= 0
FS,0.17,pos_168 ~ sin roc_24 [bajo],corto,49,-0.20276670696659596,0.4281712842625714,0.3469387755102041,1.0,-0.002220207086291765,1.044233259453945,0.9292510860345405,-0.22488147722199395,-0.21404465211610324,False,spread <= 0
FS,0.17,vol_24,corto,49,-0.20436610072921507,0.5125238310935177,0.3673469387755102,1.0,-0.002337567959947237,1.9849820437163002,1.4807323707297249,-0.24595936284317946,-0.2176343266977193,False,spread <= 0
FS,0.17,desbal [bajo],corto,49,-0.2066772945406637,0.3008823742607909,0.20408163265306123,1.0,-0.0025803521545364433,0.985211343475191,0.9624794115472448,-0.21287129559843043,-0.20947179342522343,False,spread <= 0
FS,0.17,desbal ~ sin roc_24 [bajo],corto,49,-0.20876502668052638,0.2924537027970929,0.22448979591836735,1.0,-0.002522692090718267,0.9817865968528047,0.9636066928790765,-0.23235175549624568,-0.21399389611847222,False,spread <= 0
FS,0.17,pos_168 ~ sin roc_24,corto,49,-0.21133203284976915,0.47829691942744174,0.30612244897959184,1.0,-0.0029104882022198274,1.0985299959019619,1.0478483973707555,-0.24234208541351282,-0.22375362260811718,False,spread <= 0
FS,0.17,vol_168,corto,49,-0.2134736218982374,0.6010074004852024,0.42857142857142855,1.0,-0.003074014102067234,1.7907188947410617,1.215101370073893,-0.2404256989709058,-0.22814271256485724,False,spread <= 0
FS,0.17,atr_24,corto,49,-0.21546759161800522,0.5151541670354913,0.3469387755102041,1.0,-0.0027279916073198384,2.0094180267089663,1.499434432732111,-0.25475665963170835,-0.23576876923670728,False,spread <= 0
FS,0.17,compresion,corto,49,-0.2155501731057837,0.48059519794594635,0.3469387755102041,1.0,-0.002515554275261279,1.4806565606540156,1.372886940114073,-0.23893178569940782,-0.22464212386796575,False,spread <= 0
FS,0.17,desbal_168 ~ sin roc_24,corto,49,-0.22112334516331664,0.4361926795565368,0.24489795918367346,1.0,-0.002177690642713632,0.9368795506252772,0.989095677830651,-0.2449802265217913,-0.24195369112628234,False,spread <= 0
FS,0.17,rango_168,corto,49,-0.22382200694681093,0.49135623081203617,0.3469387755102041,1.0,-0.003185127450874512,1.6956805079003034,1.1959588548901956,-0.2586183851554752,-0.23714252494753035,False,spread <= 0
FS,0.17,roc_24,corto,49,-0.22544483000640853,0.5187558286979865,0.3469387755102041,1.0,-0.002510043124455925,1.4449338424112166,1.2321953510995216,-0.24352344217826322,-0.23272061916617337,False,spread <= 0
FS,0.17,desbal_24,corto,49,-0.22786489042562263,0.3082090210914408,0.16326530612244897,1.0,-0.00257790518068138,0.9393488869385179,0.9568472297172796,-0.23568356455199435,-0.23231437731334761,False,spread <= 0
FS,0.17,rango_168 ~ sin roc_24,corto,49,-0.22875348479797977,0.529200833582797,0.2857142857142857,1.0,-0.0032218511235072946,1.6524695728398906,1.1905756907824823,-0.2546928670809649,-0.23696496106503406,False,spread <= 0
FS,0.17,atr_24 ~ sin roc_24,corto,49,-0.2367685363329915,0.5542128056621509,0.32653061224489793,1.0,-0.003166870545222739,1.9412073892530273,1.4318945272819161,-0.26219937216478856,-0.24539737689919716,False,spread <= 0
FS,0.17,turnover,corto,49,-0.2378726502751764,0.5588945283704347,0.3673469387755102,1.0,-0.002713143674330252,1.3834240329036753,1.283464147401062,-0.2691132640148572,-0.2495683746894334,False,spread <= 0
FS,0.17,desbal_24 ~ sin roc_24,corto,49,-0.24068153771792744,0.3037345914275572,0.22448979591836735,1.0,-0.002680916259822896,0.9285698703037649,0.9455976272806901,-0.24240479393038175,-0.23604477738202326,False,spread <= 0
FS,0.17,n_surge ~ sin roc_24,corto,49,-0.2430845200937252,0.46796257713915573,0.30612244897959184,1.0,-0.003194218433464163,1.360220864621777,1.1973693045590037,-0.2644765733440101,-0.25389570492367597,False,spread <= 0
FS,0.17,n_surge,corto,49,-0.24473345446399367,0.6352377100196825,0.3877551020408163,1.0,-0.0032296149739437095,1.4196057228962602,1.3071975330329881,-0.28535264026137624,-0.2646257929046583,False,spread <= 0
FS,0.17,roc_720 ~ sin roc_24,corto,49,-0.2460621519346602,0.5217739511643751,0.2857142857142857,1.0,-0.0030170339516792117,1.3967433935631166,1.0432543491315016,-0.26824376321358395,-0.2594656324472651,False,spread <= 0
FS,0.17,turnover ~ sin roc_24,corto,49,-0.25328822749387525,0.4115313515948666,0.24489795918367346,1.0,-0.0033580205736948882,1.348939349917962,1.1840867710426135,-0.2784083807167563,-0.25746807063385324,False,spread <= 0
FS,0.17,desbal_168,corto,49,-0.2575474074358604,0.4343946014597845,0.2653061224489796,1.0,-0.002771337041954991,0.9380580845342938,0.9922074942777575,-0.26787737602462547,-0.28060325140477815,False,spread <= 0
FS,0.17,vol_24 ~ sin roc_24,corto,49,-0.2608869883027518,0.517220331789363,0.3469387755102041,1.0,-0.0031820699455105844,1.8833464159874327,1.4046538615426247,-0.28003191750172035,-0.27204288155896034,False,spread <= 0
FS,0.17,vol_168 ~ sin roc_24,corto,49,-0.2611143245240523,0.5958275825113609,0.3877551020408163,1.0,-0.0035493613732243507,1.7488704618752715,1.2009426339429656,-0.29877966722041577,-0.2731923938640747,False,spread <= 0
FS,0.17,carry_acum [bajo],corto,49,-0.2634061314106888,0.4665674306944346,0.2653061224489796,1.0,-0.0033199453428015314,1.2165547731108304,1.0506751682877766,-0.28180050350327324,-0.2687703211453411,False,spread <= 0
FS,0.17,atr_24 ~ sin roc_24 [bajo],corto,49,-0.26779347130011877,0.4706622998501526,0.1836734693877551,1.0,-0.00211910473477799,0.6196178962912099,0.8818316033218834,-0.2834923126224165,-0.27364720211338706,False,spread <= 0
FS,0.17,vol_168 ~ sin roc_24 [bajo],corto,49,-0.26848992217336776,0.4465130423306285,0.1836734693877551,1.0,-0.0021051214329241346,0.6368951118192814,0.9293302229046421,-0.2860479940701535,-0.2640661812441878,False,spread <= 0
FS,0.17,vol_24 [bajo],corto,49,-0.27004974321919684,0.4849848460396128,0.1836734693877551,1.0,-0.0022124571252595,0.6112374151218458,0.8442231834773495,-0.29523421339240985,-0.27768423276704485,False,spread <= 0
FS,0.17,dd_168 ~ sin roc_24,corto,49,-0.2744267001763147,0.4963204464467436,0.2653061224489796,1.0,-0.0023587070637670787,0.7761712871533071,0.9539579313554474,-0.2925662312742505,-0.28116801949845344,False,spread <= 0
FS,0.17,atr_24 [bajo],corto,49,-0.2777240697557121,0.46245281932744475,0.16326530612244897,1.0,-0.002257236770850286,0.6058840244047438,0.8611825919738236,-0.2806208551120067,-0.28782266896528347,False,spread <= 0
FS,0.17,vol_168 [bajo],corto,49,-0.2834404974172513,0.4437023128094747,0.16326530612244897,1.0,-0.002298739380729312,0.6216187864798178,0.9128155135238717,-0.282372556480294,-0.28906586479587126,False,spread <= 0
FS,0.17,roc_72 ~ sin roc_24,corto,49,-0.2847728523683615,0.5277836727049511,0.2653061224489796,1.0,-0.00331799764678174,1.4435602409410648,1.2159528104696604,-0.3425664127729409,-0.2959122556765681,False,spread <= 0
FS,0.17,pos_168,corto,49,-0.2908887875376701,0.5402542069113723,0.2857142857142857,1.0,-0.0038406257011983492,1.1673199196466926,1.103127582491609,-0.3260206076606474,-0.30606957099012366,False,spread <= 0
FS,0.17,roc_720,corto,49,-0.2932650117109689,0.5166653668601026,0.2857142857142857,1.0,-0.0036402310386735933,1.427204235260157,1.0644637325173192,-0.3168722882615763,-0.2988037532773098,False,spread <= 0
FS,0.17,carry_acum ~ sin roc_24 [bajo],corto,49,-0.2934862867463825,0.43558989400486015,0.20408163265306123,1.0,-0.003945896154934121,1.2991997492686242,1.0907309230084339,-0.316465886507182,-0.2964954100002103,False,spread <= 0
FS,0.17,rango_168 [bajo],corto,49,-0.3065905798844392,0.4672323727114416,0.14285714285714285,1.0,-0.002532227805608011,0.6546889977794224,0.9064296240781353,-0.32104112302445265,-0.31956211255646205,False,spread <= 0
FS,0.17,vol_24 ~ sin roc_24 [bajo],corto,49,-0.31837126932877724,0.457512992146037,0.16326530612244897,1.0,-0.002944481972838875,0.6487777215466184,0.8766461882434199,-0.33816630023749383,-0.3237721315840161,False,spread <= 0
FS,0.17,rango_168 ~ sin roc_24 [bajo],corto,49,-0.326509749480142,0.45696312334634126,0.12244897959183673,1.0,-0.0029304163387808523,0.7027516307524767,0.9197349592472238,-0.325885616243726,-0.32889859717408815,False,spread <= 0
FS,0.17,roc_168 ~ sin roc_24,corto,49,-0.3451273517719383,0.47818580454370935,0.30612244897959184,1.0,-0.004625803199791875,1.4596449641343583,1.21779583099435,-0.39647182239968903,-0.3556883748695593,False,spread <= 0
FS,0.17,roc_168,corto,49,-0.347691223866471,0.4743058408168253,0.32653061224489793,1.0,-0.004444395090033778,1.5471892313785878,1.2937414566877448,-0.4021637777825676,-0.3611307513739772,False,spread <= 0
FS,0.17,dd_168,corto,49,-0.366854484672642,0.5848680310183666,0.22448979591836735,1.0,-0.003677131938429183,0.8410422151766842,1.0000412320798424,-0.384947757959544,-0.3745839410631308,False,spread <= 0
FS,0.17,dd_720 ~ sin roc_24,corto,49,-0.40216354838656837,0.5006288923692798,0.20408163265306123,1.0,-0.003791707900316566,0.8378051132211422,1.0119008723722662,-0.4074555833979756,-0.4021223850551018,False,spread <= 0
FS,0.17,dd_720,corto,49,-0.43443502598120326,0.6426893288507165,0.22448979591836735,1.0,-0.004344238323075129,0.8743429634558028,1.0481298479554897,-0.46181090508302014,-0.4426110024343228,False,spread <= 0
FS,0.17,dd_720,largo,49,0.12534410437559518,0.6301571736992112,0.5306122448979592,0.0725,0.0009442383230751292,0.8743429634558028,1.0481298479554897,0.015304369761695906,0.03817636417777204,False,muere en la correccion (FDR q=0.1)
FS,0.17,roc_168,largo,49,0.11929491077174378,0.4709054636159203,0.46938775510204084,0.042,0.0010443950900337771,1.5471892313785878,1.2937414566877448,0.050897101231317694,0.08506093736152866,False,muere en la correccion (FDR q=0.1)
FS,0.17,roc_168 ~ sin roc_24,largo,49,0.11837315390586507,0.46970298425915463,0.5510204081632653,0.0395,0.0012258031997918748,1.4596449641343583,1.21779583099435,0.07583519206414407,0.11047539773961729,False,muere en la correccion (FDR q=0.1)
FS,0.17,dd_720 ~ sin roc_24,largo,49,0.08991606747150077,0.4876918261518161,0.5918367346938775,0.0965,0.00039170790031656656,0.8378051132211422,1.0119008723722662,-0.08798258629461865,-0.04127435657896703,False,muere en la correccion (FDR q=0.1)
FS,0.17,roc_720,largo,49,0.08698338576423838,0.5134856298848769,0.5510204081632653,0.106,0.0002402310386735941,1.427204235260157,1.0644637325173192,0.05223879659114433,0.07091759385687622,False,muere en la correccion (FDR q=0.1)
FS,0.17,vol_168 ~ sin roc_24,largo,49,0.07005006542999082,0.5936431577308134,0.5102040816326531,0.206,0.00014936137322435012,1.7488704618752715,1.2009426339429656,0.0059408075187761915,0.04858302658656873,False,muere en la correccion (FDR q=0.1)
FS,0.17,carry_acum ~ sin roc_24 [bajo],largo,49,0.06295440295772396,0.43754635687663124,0.5918367346938775,0.148,0.0005458961549341205,1.2991997492686242,1.0907309230084339,-0.007051871843349807,0.036243171303452434,False,muere en la correccion (FDR q=0.1)
FS,0.17,vol_24 ~ sin roc_24,largo,49,0.06171040001094274,0.5127610291937007,0.5102040816326531,0.1915,-0.0002179300544894156,1.8833464159874327,1.4046538615426247,-0.003270648131383288,0.04383145327749528,False,ARTEFACTO DE ESCALA (atr_ratio 1.88)
FS,0.17,roc_72 ~ sin roc_24,largo,49,0.057698219211852794,0.5200126619460556,0.5306122448979592,0.2175,-8.200235321825932e-05,1.4435602409410648,1.2159528104696604,0.0007632484804570549,0.03186281471764134,False,ARTEFACTO DE ESCALA (atr_ratio 1.44)
FS,0.17,dd_168,largo,49,0.056264369138819804,0.5810892833783217,0.42857142857142855,0.251,0.0002771319384291826,0.8410422151766842,1.0000412320798424,-0.07745540021816416,-0.057643146858889965,False,muere en la correccion (FDR q=0.1)
FS,0.17,atr_24 ~ sin roc_24,largo,49,0.04365876340411051,0.5518749464650651,0.5102040816326531,0.2935,-0.00023312945477726071,1.9412073892530273,1.4318945272819161,-0.03943723546823477,0.006867967562834779,False,ARTEFACTO DE ESCALA (atr_ratio 1.94)
FS,0.17,roc_720 ~ sin roc_24,largo,49,0.04133105906889278,0.5174743629161267,0.5510204081632653,0.3025,-0.00038296604832078844,1.3967433935631166,1.0432543491315016,-0.023552269962353677,0.020173019318433624,False,ARTEFACTO DE ESCALA (atr_ratio 1.40)
FS,0.17,pos_168,largo,49,0.03865918762117591,0.5398735660298372,0.5306122448979592,0.314,0.0004406257011983488,1.1673199196466926,1.103127582491609,-0.040195167564257936,0.0077330165081157705,False,muere en la correccion (FDR q=0.1)
FS,0.17,rango_168 ~ sin roc_24,largo,49,0.028464372189832395,0.528283387153374,0.4897959183673469,0.3685,-0.0001781488764927053,1.6524695728398906,1.1905756907824823,-0.02230505378399288,0.015747393011052914,False,ARTEFACTO DE ESCALA (atr_ratio 1.65)
FS,0.17,carry_acum [bajo],largo,49,0.027517790911737006,0.4683639499445393,0.4897959183673469,0.3355,-8.005465719846957e-05,1.2165547731108304,1.0506751682877766,-0.03783820883831111,0.013817340195833711,False,ARTEFACTO DE ESCALA (atr_ratio 1.22)
FS,0.17,rango_168,largo,49,0.024741671465582135,0.49383734286063624,0.3877551020408163,0.3805,-0.000214872549125488,1.6956805079003034,1.1959588548901956,-0.03877298920080623,0.00784049991379959,False,ARTEFACTO DE ESCALA (atr_ratio 1.70)
FS,0.17,vol_168,largo,49,0.024116083330164042,0.6022419126122728,0.4897959183673469,0.393,-0.0003259858979327663,1.7907188947410617,1.215101370073893,-0.047755851670135775,0.0016245884157123607,False,ARTEFACTO DE ESCALA (atr_ratio 1.79)
FS,0.17,atr_24,largo,49,0.021858807106553035,0.5127380728665795,0.5102040816326531,0.3965,-0.0006720083926801622,2.0094180267089663,1.499434432732111,-0.04319792601296534,-0.0008148062170376053,False,ARTEFACTO DE ESCALA (atr_ratio 2.01)
FS,0.17,turnover ~ sin roc_24,largo,49,0.01721033957448186,0.4069285968273481,0.46938775510204084,0.388,-4.1979426305111647e-05,1.348939349917962,1.1840867710426135,-0.03140486701425553,-0.004385163958142231,False,ARTEFACTO DE ESCALA (atr_ratio 1.35)
FS,0.17,n_surge ~ sin roc_24,largo,49,0.006034873485624062,0.46223945883362677,0.4897959183673469,0.477,-0.00020578156653583773,1.360220864621777,1.1973693045590037,-0.041660730749666815,-0.0037898040679750673,False,ARTEFACTO DE ESCALA (atr_ratio 1.36)
FS,0.17,vol_24,largo,49,0.004465015693478442,0.5109098555878416,0.4897959183673469,0.498,-0.0010624320400527635,1.9849820437163002,1.4807323707297249,-0.046681410952546014,-0.0035087706094023025,False,ARTEFACTO DE ESCALA (atr_ratio 1.98)
FS,0.17,n_surge,largo,49,-0.0008905109107891615,0.6280661753369415,0.4489795918367347,1.0,-0.00017038502605629157,1.4196057228962602,1.3071975330329881,-0.048093131568623104,-0.020458319634342206,False,spread <= 0
FS,0.17,roc_24,largo,49,-0.004347284529948668,0.512223707566223,0.46938775510204084,1.0,-0.0008899568755440753,1.4449338424112166,1.2321953510995216,-0.06676513875565247,-0.012067254379451903,False,spread <= 0
FS,0.17,turnover,largo,49,-0.008224173769241581,0.5535647301809191,0.46938775510204084,1.0,-0.0006868563256697481,1.3834240329036753,1.283464147401062,-0.08322127460777652,-0.029005334946617927,False,spread <= 0
FS,0.17,desbal_168,largo,49,-0.01356304772088984,0.4371163276873431,0.4897959183673469,1.0,-0.0006286629580450097,0.9380580845342938,0.9922074942777575,-0.14598902721000526,-0.09275939554630776,False,spread <= 0
FS,0.17,rango_168 ~ sin roc_24 [bajo],largo,49,-0.020802538701363248,0.4508430619281046,0.4489795918367347,1.0,-0.0004695836612191487,0.7027516307524767,0.9197349592472238,-0.17926844215816506,-0.13135089699954364,False,spread <= 0
FS,0.17,desbal_24 ~ sin roc_24,largo,49,-0.02157059520113395,0.30620540871900265,0.3673469387755102,1.0,-0.000719083740177104,0.9285698703037649,0.9455976272806901,-0.11225429905431619,-0.08706744801374958,False,spread <= 0
FS,0.17,turnover ~ sin roc_24 [bajo],largo,49,-0.025113400516595254,0.3781459381441975,0.4897959183673469,1.0,-0.0011730338633985369,1.2210928095531488,1.0467765271510197,-0.07362886080922756,-0.037153454213437395,False,spread <= 0
FS,0.17,pos_168 ~ sin roc_24 [bajo],largo,49,-0.02879910783690734,0.43249978795932026,0.3877551020408163,1.0,-0.0011797929137082352,1.044233259453945,0.9292510860345405,-0.09663594841335178,-0.07725619470461399,False,spread <= 0
FS,0.17,n_surge ~ sin roc_24 [bajo],largo,49,-0.032367883412592564,0.37634795798409515,0.4489795918367347,1.0,-0.001178772045702193,1.212527541188709,1.033630249151814,-0.0762264715643825,-0.04580338766339838,False,spread <= 0
FS,0.17,compresion,largo,49,-0.03253477528697107,0.4764537302437261,0.4489795918367347,1.0,-0.0008844457247387218,1.4806565606540156,1.372886940114073,-0.09047015347432848,-0.05121045473015498,False,spread <= 0
FS,0.17,roc_72,largo,49,-0.03253863939322886,0.5393947071867572,0.46938775510204084,1.0,-0.0013961626784504846,1.5729959154272681,1.3206255367907036,-0.08852791007144496,-0.041950919699979,False,spread <= 0
FS,0.17,turnover [bajo],largo,49,-0.03326011047532858,0.36215293378865304,0.46938775510204084,1.0,-0.0008954896705989961,1.0359856720061542,0.9018449103836823,-0.08055499286730282,-0.053787516660560176,False,spread <= 0
FS,0.17,desbal_24,largo,49,-0.03376464482619135,0.31115188282864215,0.3877551020408163,1.0,-0.0008220948193186199,0.9393488869385179,0.9568472297172796,-0.1052475514459416,-0.09110471748500441,False,spread <= 0
FS,0.17,vol_24 ~ sin roc_24 [bajo],largo,49,-0.03702474937233747,0.4516760956377691,0.40816326530612246,1.0,-0.00045551802716112553,0.6487777215466184,0.8766461882434199,-0.1797152590957342,-0.1470862070273714,False,spread <= 0
FS,0.17,pos_168 ~ sin roc_24,largo,49,-0.04289282853070126,0.4841884967945249,0.42857142857142855,1.0,-0.0004895117977801733,1.0985299959019619,1.0478483973707555,-0.060220211816810414,-0.059344240333634515,False,spread <= 0
FS,0.17,desbal ~ sin roc_24 [bajo],largo,49,-0.04485518710605182,0.2890489625075251,0.5102040816326531,1.0,-0.0008773079092817332,0.9817865968528047,0.9636066928790765,-0.10413159604671147,-0.07454909788840473,False,spread <= 0
FS,0.17,desbal [bajo],largo,49,-0.04596091584395715,0.3003768610934284,0.4489795918367347,1.0,-0.0008196478454635571,0.985211343475191,0.9624794115472448,-0.1022169589364705,-0.06861844291652489,False,spread <= 0
FS,0.17,roc_24 [bajo],largo,49,-0.046288124055456806,0.41700067990109624,0.42857142857142855,1.0,-0.0008613887698378632,1.2700724267923371,1.0332243426979977,-0.08229749477201403,-0.06205986830913811,False,spread <= 0
FS,0.17,pos_168 [bajo],largo,49,-0.046335114006466956,0.38132160766769635,0.40816326530612246,1.0,-0.0014502699151218955,1.0620652805316977,0.9228965509203078,-0.11718267698741355,-0.09480139008050173,False,spread <= 0
FS,0.17,compresion ~ sin roc_24 [bajo],largo,49,-0.04791699920723281,0.4077590297820054,0.5102040816326531,1.0,-0.0005619999144235388,0.9773596544621572,0.8626046718598365,-0.08536711197672488,-0.06144487358932666,False,spread <= 0
FS,0.17,dd_168 ~ sin roc_24,largo,49,-0.0484002920124208,0.4941689755588116,0.4489795918367347,1.0,-0.0010412929362329216,0.7761712871533071,0.9539579313554474,-0.18139535099526102,-0.1638735014996927,False,spread <= 0
FS,0.17,n_surge [bajo],largo,49,-0.048667386859216566,0.2746556623151193,0.3673469387755102,1.0,-0.0011027406960211889,1.039949250079134,0.8952790655138252,-0.08567237628201778,-0.06206216327708275,False,spread <= 0
FS,0.17,desbal_168 ~ sin roc_24,largo,49,-0.049289334288771657,0.439326635285042,0.4489795918367347,1.0,-0.0012223093572863678,0.9368795506252772,0.989095677830651,-0.168218335980612,-0.11890760937477081,False,spread <= 0
FS,0.17,dd_168 ~ sin roc_24 [bajo],largo,49,-0.04946502498450315,0.4556110873160104,0.3469387755102041,1.0,-0.0013215510911703976,1.4359283329525898,1.0502797450454449,-0.11337032246922267,-0.07106693204363913,False,spread <= 0
FS,0.17,ticket_rel ~ sin roc_24 [bajo],largo,49,-0.05146656049132317,0.40013785083124503,0.4489795918367347,1.0,-0.001143741547229874,0.9874021069409625,0.9455239894443507,-0.06937755860274226,-0.06433720217213917,False,spread <= 0
FS,0.17,roc_72 [bajo],largo,49,-0.052275311456077764,0.3954705947017239,0.42857142857142855,1.0,-0.0008560288370091212,1.16751349287717,0.9567449316847316,-0.08767161392106745,-0.06782000846361587,False,spread <= 0
FS,0.17,rango_168 [bajo],largo,49,-0.054534422184803914,0.46345576262354526,0.3673469387755102,1.0,-0.0008677721943919894,0.6546889977794224,0.9064296240781353,-0.20344722622744735,-0.1640654788907179,False,spread <= 0
FS,0.17,ticket_rel [bajo],largo,49,-0.05683981581813295,0.37954521079615583,0.4897959183673469,1.0,-0.001318502991868616,0.980313588277007,0.9333594528454134,-0.12726627263586293,-0.09417376764180978,False,spread <= 0
FS,0.17,compresion [bajo],largo,49,-0.05728661368944203,0.41080904238859794,0.3673469387755102,1.0,-0.0007400799612631158,0.980362745123427,0.8536173028036906,-0.08536749125218013,-0.07484678852989961,False,spread <= 0
FS,0.17,desbal ~ sin roc_24,largo,49,-0.07744040690742698,0.3206938736504712,0.30612244897959184,1.0,-0.0019906374113675598,0.9462771693967883,0.9388559946092454,-0.15390372140182218,-0.12833743259586552,False,spread <= 0
FS,0.17,ticket_rel,largo,49,-0.08141609632063403,0.4426509304953644,0.3469387755102041,1.0,-0.0014975841024318952,1.0587022446443057,1.0567461199344232,-0.14752522821074682,-0.11683765497071358,False,spread <= 0
FS,0.17,ticket_rel ~ sin roc_24,largo,49,-0.09101976204776148,0.34146951913225465,0.30612244897959184,1.0,-0.0014882543164631704,1.039890188165146,1.0366377204859734,-0.15053531402992082,-0.1325650736516652,False,spread <= 0
FS,0.17,desbal,largo,49,-0.09246052045230453,0.3397317377539319,0.32653061224489793,1.0,-0.0022123212211182246,0.9493267697462032,0.9438264235287596,-0.17577033513623078,-0.15550630686248723,False,spread <= 0
FS,0.17,compresion ~ sin roc_24,largo,49,-0.09591440871417692,0.4724040315886521,0.4897959183673469,1.0,-0.0015733828436516853,1.4177117851276595,1.3236195933150325,-0.14676936165501767,-0.11389966349576579,False,spread <= 0
FS,0.17,roc_72 ~ sin roc_24 [bajo],largo,49,-0.09678718624176938,0.4624014989268554,0.3877551020408163,1.0,-0.001803053584105378,1.1977400858898213,0.9850098851358309,-0.13907938760382435,-0.11710186864312593,False,spread <= 0
FS,0.17,carry_acum,largo,49,-0.09962200375619837,0.3544847508456754,0.42857142857142855,1.0,-0.0013037413563007987,1.0787082249044724,0.9616411575221997,-0.14828183136557244,-0.11599025281328174,False,spread <= 0
FS,0.17,vol_24 [bajo],largo,49,-0.09992866884842597,0.4860243118895758,0.40816326530612246,1.0,-0.0011875428747405,0.6112374151218458,0.8442231834773495,-0.2237137531333206,-0.20331001550975836,False,spread <= 0
FS,0.17,vol_168 [bajo],largo,49,-0.10056856839600324,0.43996830694674566,0.3877551020408163,1.0,-0.0011012606192706883,0.6216187864798178,0.9128155135238717,-0.2555778204596185,-0.2182275595459807,False,spread <= 0
FS,0.17,atr_24 [bajo],largo,49,-0.1049735568060319,0.46072485945324854,0.3877551020408163,1.0,-0.0011427632291497144,0.6058840244047438,0.8611825919738236,-0.24698634008510578,-0.21417297190480816,False,spread <= 0
FS,0.17,atr_24 ~ sin roc_24 [bajo],largo,49,-0.10725763144923041,0.46836568403082157,0.32653061224489793,1.0,-0.0012808952652220106,0.6196178962912099,0.8818316033218834,-0.2654821246285364,-0.23139758126269852,False,spread <= 0
FS,0.17,carry_acum ~ sin roc_24,largo,49,-0.10909144796262038,0.4275778317061972,0.3877551020408163,1.0,-0.0013349787234916341,1.2124886039344824,1.0343824474063186,-0.13244840707182384,-0.12117814603863195,False,spread <= 0
FS,0.17,desbal_24 ~ sin roc_24 [bajo],largo,49,-0.10954888522633209,0.3758647333148508,0.2857142857142857,1.0,-0.0018681440777355497,1.0139752043706838,0.9515773796941474,-0.1382488319333943,-0.11253954740575992,False,spread <= 0
FS,0.17,dd_168 [bajo],largo,49,-0.11013329207698265,0.46072721045624226,0.3469387755102041,1.0,-0.0019144750118500753,1.3854133691397443,1.0264775640150763,-0.1488470394854761,-0.12243631328716895,False,spread <= 0
FS,0.17,vol_168 ~ sin roc_24 [bajo],largo,49,-0.11025748046431391,0.446027661758115,0.42857142857142855,1.0,-0.0012948785670758658,0.6368951118192814,0.9293302229046421,-0.25711784273678584,-0.22463978908557747,False,spread <= 0
FS,0.17,dd_720 ~ sin roc_24 [bajo],largo,49,-0.11079936386477432,0.378514125829041,0.42857142857142855,1.0,-0.0025049388849104942,1.27900401229068,0.9254040153448562,-0.15092404788389624,-0.12348337232422717,False,spread <= 0
FS,0.17,desbal_168 ~ sin roc_24 [bajo],largo,49,-0.11632996123880736,0.2998816326915148,0.32653061224489793,1.0,-0.0017938936074100716,1.0726494553149253,0.9370043978443048,-0.14425311089935208,-0.12926111411676838,False,spread <= 0
FS,0.17,roc_168 [bajo],largo,49,-0.12035779732976744,0.3084529100774477,0.24489795918367346,1.0,-0.002461351522677838,1.1366826067053852,0.9301847286006752,-0.13929616224547237,-0.13525738580221583,False,spread <= 0
FS,0.17,CONTROL azar 2,largo,49,-0.12096390247278571,0.26610133139132913,0.2653061224489796,1.0,-0.001594155775402801,1.003785045108116,0.9733340433668203,-0.142962831666608,-0.1201588636145815,False,control
FS,0.17,CONTROL azar 3,largo,49,-0.12212617504760898,0.28126763381550096,0.3469387755102041,1.0,-0.0018461858467593694,1.0089918577343897,0.9760383748367041,-0.14430268228553667,-0.12937506464128695,False,control
FS,0.17,dd_720 [bajo],largo,49,-0.12309943800446141,0.35637985812864265,0.40816326530612246,1.0,-0.002719827264719998,1.2716880175017535,0.9203635134645465,-0.15498741481353417,-0.1375272617272277,False,spread <= 0
FS,0.17,CONTROL azar 1,largo,49,-0.12315701104433512,0.3460868708912248,0.30612244897959184,1.0,-0.0011376903150390298,1.0004463425878105,0.9718345226091484,-0.15635118646740667,-0.13557350469812543,False,control
FS,0.17,desbal_168 [bajo],largo,49,-0.13164902545195534,0.2973905422132229,0.30612244897959184,1.0,-0.002179989157709009,1.0740584736581382,0.9345402065201256,-0.16983249354240876,-0.14278473053154697,False,spread <= 0
FS,0.17,desbal_24 [bajo],largo,49,-0.13413126457718408,0.29388821659104575,0.20408163265306123,1.0,-0.002235987418518211,1.0138672711593122,0.9431929401873855,-0.16087821212628947,-0.15446723918766156,False,spread <= 0
FS,0.17,roc_720 [bajo],largo,49,-0.13988884433315685,0.3074879676596037,0.2653061224489796,1.0,-0.0023230737178525384,1.1223369562916181,0.9514574292200888,-0.1516437125304941,-0.15208189379379855,False,spread <= 0
FS,0.17,roc_168 ~ sin roc_24 [bajo],largo,49,-0.14481511395944202,0.36139526446493236,0.2653061224489796,1.0,-0.0029645653955039522,1.172442165260493,0.9546927511700182,-0.17842101358289833,-0.1507163249738033,False,spread <= 0
FS,0.17,roc_720 ~ sin roc_24 [bajo],largo,49,-0.1801786491589352,0.3923629021500656,0.2653061224489796,1.0,-0.00291937214741956,1.1433709864661419,0.97058960940853,-0.20535478195011656,-0.18244471947825955,False,spread <= 0
FS,0.17,n_surge,magnitud,49,3.4913883861919954,5.838373480623213,1.0,0.0,0.05294545812981551,1.4196057228962602,1.3071975330329881,2.5403484979533824,2.6806577965783887,True,SOBREVIVE
FS,0.17,n_surge ~ sin roc_24,magnitud,49,2.5808398500793235,5.74581850521553,0.9795918367346939,0.0,0.04372460069260322,1.360220864621777,1.1973693045590037,1.6886859642851693,1.7581479463391718,True,SOBREVIVE
FS,0.17,roc_168,magnitud,49,2.444963992251294,1.4967702692234268,0.9795918367346939,0.0,0.042231147176434135,1.5471892313785878,1.2937414566877448,2.319368877366836,2.415046704019268,True,SOBREVIVE
FS,0.17,roc_72,magnitud,49,2.43783085917166,1.5173599630695993,0.9795918367346939,0.0,0.04225831575855713,1.5729959154272681,1.3206255367907036,2.277042837059896,2.3791504467246187,True,SOBREVIVE
FS,0.17,turnover,magnitud,49,2.3947139833184785,1.5941576681989371,0.9795918367346939,0.0,0.03459474752611082,1.3834240329036753,1.283464147401062,2.252491663132049,2.346882863097045,True,SOBREVIVE
FS,0.17,vol_24,magnitud,49,2.331255618978564,1.5950419481056628,0.9387755102040817,0.0,0.05963507786538882,1.9849820437163002,1.4807323707297249,2.1564515891490936,2.2739765267939207,True,SOBREVIVE
FS,0.17,atr_24,magnitud,49,2.3189402896386437,1.6530293138696728,0.9591836734693877,0.0,0.06241072445207896,2.0094180267089663,1.499434432732111,2.127304819977426,2.2515768017293087,True,SOBREVIVE
FS,0.17,roc_24,magnitud,49,2.176572454381443,1.4779803473504523,0.9795918367346939,0.0,0.03796426246037407,1.4449338424112166,1.2321953510995216,2.0275197167679773,2.128593886052291,True,SOBREVIVE
FS,0.17,compresion,magnitud,49,2.070893912198813,1.3086939565141793,0.9795918367346939,0.0,0.02634968422327346,1.4806565606540156,1.372886940114073,1.8611840640967479,1.9715973878609392,True,SOBREVIVE
FS,0.17,vol_24 ~ sin roc_24,magnitud,49,1.8625616279648682,1.3802813759468078,0.9387755102040817,0.0,0.05253874580947049,1.8833464159874327,1.4046538615426247,1.6770126984853393,1.7890018689683882,True,SOBREVIVE
FS,0.17,atr_24 ~ sin roc_24,magnitud,49,1.814293651008616,1.4030157434137975,0.8979591836734694,0.0,0.05494288129102408,1.9412073892530273,1.4318945272819161,1.6204712175039542,1.7422439893534016,True,SOBREVIVE
FS,0.17,rango_168,magnitud,49,1.77984709417519,1.4923681286275428,0.9387755102040817,0.0,0.052270710224868476,1.6956805079003034,1.1959588548901956,1.5764742163588268,1.701345680516571,True,SOBREVIVE
FS,0.17,vol_168,magnitud,49,1.7691892700055114,1.4445101216987881,0.9387755102040817,0.0,0.05650516258026429,1.7907188947410617,1.215101370073893,1.5923520395464295,1.7042322537524268,True,SOBREVIVE
FS,0.17,roc_168 ~ sin roc_24,magnitud,49,1.7094556129132505,1.266706273508642,0.9795918367346939,0.0,0.03392219393548805,1.4596449641343583,1.21779583099435,1.6208991177238745,1.6595506494590346,True,SOBREVIVE
FS,0.17,rango_168 ~ sin roc_24,magnitud,49,1.6182236009278361,1.4755026226353847,0.9183673469387755,0.0,0.04902390698714578,1.6524695728398906,1.1905756907824823,1.4696840362774766,1.5733411185910504,True,SOBREVIVE
FS,0.17,vol_168 ~ sin roc_24,magnitud,49,1.6093291253224884,1.4563772324375093,0.9183673469387755,0.0,0.05297824645057108,1.7488704618752715,1.2009426339429656,1.4165187488642657,1.529244304001413,True,SOBREVIVE
FS,0.17,pos_168,magnitud,49,1.585660785492802,1.1928528098581983,0.9795918367346939,0.0,0.017154685699584327,1.1673199196466926,1.103127582491609,1.36051338022059,1.429369656683292,True,SOBREVIVE
FS,0.17,turnover ~ sin roc_24,magnitud,49,1.5726065728195149,1.1510999279290737,0.9591836734693877,0.0,0.027888446052207222,1.348939349917962,1.1840867710426135,1.464750588620705,1.5313673882295482,True,SOBREVIVE
FS,0.17,roc_72 ~ sin roc_24,magnitud,49,1.4464620951124962,1.213958764622354,0.9795918367346939,0.0,0.029428850662831952,1.4435602409410648,1.2159528104696604,1.2918135605576508,1.3875787441466199,True,SOBREVIVE
FS,0.17,compresion ~ sin roc_24,magnitud,49,1.4154817945290716,1.0176098333610255,0.9795918367346939,0.0,0.015885183372653364,1.4177117851276595,1.3236195933150325,1.2480222134774985,1.3158351518419076,True,SOBREVIVE
FS,0.17,desbal_168 ~ sin roc_24,magnitud,49,1.4078060810376123,6.036278996132818,0.8163265306122449,0.0,0.00997910041983516,0.9368795506252772,0.989095677830651,0.2810860672295821,0.6032666912848833,True,SOBREVIVE
FS,0.17,roc_720,magnitud,49,1.2660424038454372,1.3119842557874293,0.8571428571428571,0.0,0.035147152873052624,1.427204235260157,1.0644637325173192,1.104461481573496,1.2144545221581506,True,SOBREVIVE
FS,0.17,dd_720,magnitud,49,1.2132415862308072,1.05204554179155,1.0,0.0,-0.008122005923846374,0.8743429634558028,1.0481298479554897,0.7385892821860249,0.8016429240825146,True,ARTEFACTO DE ESCALA (atr_ratio 0.87)
FS,0.17,dd_168 ~ sin roc_24 [bajo],magnitud,49,1.0608925423958118,1.2033294773702174,0.8571428571428571,0.0,0.038341147947292015,1.4359283329525898,1.0502797450454449,0.9316085323592432,1.0220996751811713,True,SOBREVIVE
FS,0.17,carry_acum ~ sin roc_24 [bajo],magnitud,49,1.026993843766938,1.336415732983372,0.9183673469387755,0.0,0.02480389391825567,1.2991997492686242,1.0907309230084339,0.8946499686745968,0.9738010473163025,True,SOBREVIVE
FS,0.17,ticket_rel,magnitud,49,1.0192363572635637,1.1466415770907408,0.9795918367346939,0.0,0.01008541331440411,1.0587022446443057,1.0567461199344232,0.9466480669469604,1.0074528623935068,True,SOBREVIVE
FS,0.17,carry_acum [bajo],magnitud,49,0.8735742151277042,1.312676677986012,0.8163265306122449,0.0,0.01973462845207764,1.2165547731108304,1.0506751682877766,0.7427914913727386,0.8173484177261372,True,SOBREVIVE
FS,0.17,ticket_rel ~ sin roc_24 [bajo],magnitud,49,0.8717272827241707,5.855495851378857,0.46938775510204084,0.1265,0.011280721662756397,0.9874021069409625,0.9455239894443507,-0.12555029579266794,0.0745432168639285,False,muere en la correccion (FDR q=0.1)
FS,0.17,dd_168,magnitud,49,0.8686589966789475,0.8765495706863828,0.9183673469387755,0.0,-0.012878908239475115,0.8410422151766842,1.0000412320798424,0.38599433858501175,0.43723581336703726,True,ARTEFACTO DE ESCALA (atr_ratio 0.84)
FS,0.17,roc_720 ~ sin roc_24,magnitud,49,0.8219457170950051,1.1795005885872043,0.8367346938775511,0.0,0.03054271925222013,1.3967433935631166,1.0432543491315016,0.7104508342907234,0.8123401246954537,True,SOBREVIVE
FS,0.17,pos_168 ~ sin roc_24,magnitud,49,0.6904036251291767,1.0641174799276845,0.8571428571428571,0.0,0.0038046325181224105,1.0985299959019619,1.0478483973707555,0.49138014982273837,0.5282188025791832,True,SOBREVIVE
FS,0.17,ticket_rel [bajo],magnitud,49,0.6733033615456453,5.909049568639504,0.32653061224489793,0.344,0.008358676964739692,0.980313588277007,0.9333594528454134,-0.35703436838610636,-0.12808635079415853,False,muere en la correccion (FDR q=0.1)
FS,0.17,dd_720 ~ sin roc_24,magnitud,49,0.6314556986782557,0.8681537243209497,0.8367346938775511,0.0,-0.017123197394350097,0.8378051132211422,1.0119008723722662,0.14414022517973565,0.20247591873002374,True,ARTEFACTO DE ESCALA (atr_ratio 0.84)
FS,0.17,pos_168 [bajo],magnitud,49,0.6297368334356561,5.915192068692548,0.40816326530612246,0.366,0.01782764994455082,1.0620652805316977,0.9228965509203078,-0.2622878060521301,-0.15960853995241764,False,muere en la correccion (FDR q=0.1)
FS,0.17,desbal ~ sin roc_24 [bajo],magnitud,49,0.6229057212074209,5.848657005019895,0.32653061224489793,0.367,0.006010984954152454,0.9817865968528047,0.9636066928790765,-0.3071531513625004,-0.17029793308134988,False,muere en la correccion (FDR q=0.1)
FS,0.17,desbal [bajo],magnitud,49,0.6224956880732889,5.846889119937988,0.3673469387755102,0.3675,0.00621380120892105,0.985211343475191,0.9624794115472448,-0.3301124781245181,-0.17662157551854654,False,muere en la correccion (FDR q=0.1)
FS,0.17,desbal_168,magnitud,49,0.6036421322045823,0.6826521238205214,0.8775510204081632,0.0,-0.0034556487575792376,0.9380580845342938,0.9922074942777575,1.1338569844399815,1.1960734791056822,True,ARTEFACTO DE ESCALA (atr_ratio 0.94)
FS,0.17,ticket_rel ~ sin roc_24,magnitud,49,0.5864565233817565,0.9480168442908179,0.9183673469387755,0.0005,0.004139835003330426,1.039890188165146,1.0366377204859734,0.5186370354363437,0.56796529646829,True,SOBREVIVE
FS,0.17,turnover ~ sin roc_24 [bajo],magnitud,49,0.5319687086326672,0.9920362813751976,0.7959183673469388,0.0,0.015495968218160319,1.2210928095531488,1.0467765271510197,0.3399150241620518,0.4306584574262196,True,SOBREVIVE
FS,0.17,carry_acum ~ sin roc_24,magnitud,49,0.5245771331735198,0.9930351141986846,0.6938775510204082,0.0005,0.016563635545628678,1.2124886039344824,1.0343824474063186,0.4361775136440303,0.48918835971599367,True,SOBREVIVE
FS,0.17,dd_168 [bajo],magnitud,49,0.5243185699255031,0.9837569509425954,0.7959183673469388,0.0,0.030465471444484214,1.3854133691397443,1.0264775640150763,0.4041617985074545,0.4639610596683414,True,SOBREVIVE
FS,0.17,n_surge ~ sin roc_24 [bajo],magnitud,49,0.364490310917521,0.8305064833853772,0.7346938775510204,0.0005,0.013814758933225714,1.212527541188709,1.033630249151814,0.2443035700613383,0.2836185668520868,True,SOBREVIVE
FS,0.17,dd_168 ~ sin roc_24,magnitud,49,0.33341596580888977,0.8509613392443147,0.7142857142857143,0.0005,-0.0233191972704665,0.7761712871533071,0.9539579313554474,-0.15702611463452562,-0.10995254589562306,True,ARTEFACTO DE ESCALA (atr_ratio 0.78)
FS,0.17,pos_168 ~ sin roc_24 [bajo],magnitud,49,0.26589334545105003,0.6478652495099516,0.673469387755102,0.0015,0.008723276580475775,1.044233259453945,0.9292510860345405,0.11722402254232817,0.16380098282335068,True,SOBREVIVE
FS,0.17,vol_168 ~ sin roc_24 [bajo],magnitud,49,0.18965822538778734,0.7677878615515021,0.5306122448979592,0.037,-0.03616661543448392,0.6368951118192814,0.9293302229046421,-0.3195687489362787,-0.26047996627855796,False,ARTEFACTO DE ESCALA (atr_ratio 0.64)
FS,0.17,vol_24 ~ sin roc_24 [bajo],magnitud,49,0.1880874530003774,0.7690763306239252,0.5714285714285714,0.034,-0.03051559460638487,0.6487777215466184,0.8766461882434199,-0.30230972294162517,-0.2579871558319096,False,ARTEFACTO DE ESCALA (atr_ratio 0.65)
FS,0.17,compresion ~ sin roc_24 [bajo],magnitud,49,0.18597638893640428,0.6290056853462109,0.6122448979591837,0.0145,0.005282652673079011,0.9773596544621572,0.8626046718598365,-0.023535805781227607,0.043999879406388526,True,concentracion: se cae sin el top-3
FS,0.17,desbal_24,magnitud,49,0.16859824287283923,0.7653696145193841,0.6530612244897959,0.058,-0.006006034714879405,0.9393488869385179,0.9568472297172796,-0.05115123222821326,-0.011254595542446047,False,ARTEFACTO DE ESCALA (atr_ratio 0.94)
FS,0.17,roc_72 ~ sin roc_24 [bajo],magnitud,49,0.14358436627617513,0.9930517303928352,0.6326530612244898,0.1525,0.01568143204063096,1.1977400858898213,0.9850098851358309,0.05749557983323304,0.11250285226710778,False,muere en la correccion (FDR q=0.1)
FS,0.17,atr_24 ~ sin roc_24 [bajo],magnitud,49,0.11375568290469626,0.7234850021306609,0.4489795918367347,0.132,-0.03594838166147669,0.6196178962912099,0.8818316033218834,-0.40652335808869133,-0.3441595874951925,False,ARTEFACTO DE ESCALA (atr_ratio 0.62)
FS,0.17,roc_24 [bajo],magnitud,49,0.08932029308954183,0.8276952752711108,0.6938775510204082,0.2105,0.014426691627812733,1.2700724267923371,1.0332243426979977,0.035830837749717535,0.09162949059205516,False,muere en la correccion (FDR q=0.1)
FS,0.17,desbal_24 ~ sin roc_24,magnitud,49,0.06622743619975965,0.6963643578390201,0.46938775510204084,0.2385,-0.007750465248369351,0.9285698703037649,0.9455976272806901,-0.15818347024306254,-0.12227088981178942,False,ARTEFACTO DE ESCALA (atr_ratio 0.93)
FS,0.17,rango_168 ~ sin roc_24 [bajo],magnitud,49,0.05561289667092613,0.7597916731426211,0.40816326530612246,0.3065,-0.030477322287373567,0.7027516307524767,0.9197349592472238,-0.3888853010356676,-0.3488863688643945,False,ARTEFACTO DE ESCALA (atr_ratio 0.70)
FS,0.17,roc_720 ~ sin roc_24 [bajo],magnitud,49,0.03204566487867429,0.9894564556654982,0.6530612244897959,0.363,0.011515455707370038,1.1433709864661419,0.97058960940853,-0.04456612260422563,-0.0005840521121375457,False,dentro del MDE del azar (±0.127)
FS,0.17,vol_168 [bajo],magnitud,49,0.012612179729451145,0.7462507855953612,0.42857142857142855,0.4555,-0.04001980289785199,0.6216187864798178,0.9128155135238717,-0.51009187785526,-0.43328937827861574,False,ARTEFACTO DE ESCALA (atr_ratio 0.62)
FS,0.17,CONTROL azar 2,magnitud,49,-0.014064060799036,0.7281067606756543,0.4489795918367347,1.0,-0.0009851075585086513,1.003785045108116,0.9733340433668203,-0.07985891240771362,-0.052087747430395355,False,control
FS,0.17,dd_720 ~ sin roc_24 [bajo],magnitud,49,-0.04476759176776173,1.067863072735936,0.5102040816326531,1.0,0.025502632418047188,1.27900401229068,0.9254040153448562,-0.14948506555515798,-0.09238474455160245,False,spread <= 0
FS,0.17,rango_168 [bajo],magnitud,49,-0.059923665314154925,0.7708163053280193,0.3673469387755102,1.0,-0.0359266242425272,0.6546889977794224,0.9064296240781353,-0.5641060836583692,-0.5058907948834195,False,spread <= 0
FS,0.17,CONTROL azar 1,magnitud,49,-0.060213391344177615,0.9101822976623494,0.5306122448979592,1.0,-0.0007128757895038621,1.0004463425878105,0.9718345226091484,-0.06351220126170844,-0.08045727722888996,False,control
FS,0.17,compresion [bajo],magnitud,49,-0.10542196199232111,0.636703263658618,0.4489795918367347,1.0,0.0013187626507426065,0.980362745123427,0.8536173028036906,-0.30676311693556163,-0.25914023572795125,False,spread <= 0
FS,0.17,roc_168 ~ sin roc_24 [bajo],magnitud,49,-0.1249241022391523,0.9587291347699224,0.4489795918367347,1.0,0.013111119267490966,1.172442165260493,0.9546927511700182,-0.2004061473764473,-0.1567107962695204,False,spread <= 0
FS,0.17,atr_24 [bajo],magnitud,49,-0.1482100210583747,0.7495425467011302,0.3877551020408163,1.0,-0.040878580995502664,0.6058840244047438,0.8611825919738236,-0.6370408979408199,-0.5919247853794608,False,spread <= 0
FS,0.17,carry_acum,magnitud,49,-0.15504575689794461,0.97869018599311,0.42857142857142855,1.0,0.0061781949464797935,1.0787082249044724,0.9616411575221997,-0.28093386452820196,-0.2061112153118772,False,spread <= 0
FS,0.17,vol_24 [bajo],magnitud,49,-0.17149976592729224,0.7741380378964481,0.32653061224489793,1.0,-0.0382856344632268,0.6112374151218458,0.8442231834773495,0.2250450430970965,-0.630634966482174,False,spread <= 0
FS,0.17,CONTROL azar 3,magnitud,49,-0.17224766816795797,0.9404365751848942,0.3877551020408163,1.0,-0.0020811187740925907,1.0089918577343897,0.9760383748367041,-0.16728465368545928,-0.1404098639058915,False,control
FS,0.17,roc_72 [bajo],magnitud,49,-0.18155183141793252,0.9176906456499963,0.40816326530612246,1.0,0.011910421811528151,1.16751349287717,0.9567449316847316,-0.1961066356573269,-0.14832086387448523,False,spread <= 0
FS,0.17,desbal,magnitud,49,-0.18488068431339827,0.9768469708616132,0.42857142857142855,1.0,-0.006902153871043412,0.9493267697462032,0.9438264235287596,-0.27663239156577024,-0.24085651175962017,False,spread <= 0
FS,0.17,desbal_24 ~ sin roc_24 [bajo],magnitud,49,-0.2051171497727473,0.9303291171955699,0.3673469387755102,1.0,-0.002565795461192322,1.0139752043706838,0.9515773796941474,-0.2538436422024269,-0.21938986962395768,False,spread <= 0
FS,0.17,desbal ~ sin roc_24,magnitud,49,-0.23266628554792884,0.9618029114794772,0.40816326530612246,1.0,-0.007545012622025023,0.9462771693967883,0.9388559946092454,-0.3318633842303833,-0.284406151726207,False,spread <= 0
FS,0.17,roc_720 [bajo],magnitud,49,-0.2810779217640153,0.990748909442377,0.3469387755102041,1.0,0.008494560289904201,1.1223369562916181,0.9514574292200888,-0.3249860974503249,-0.2966444172488136,False,spread <= 0
FS,0.17,dd_720 [bajo],magnitud,49,-0.2815879563729435,0.9604934737655676,0.3673469387755102,1.0,0.02259466011671683,1.2716880175017535,0.9203635134645465,-0.3605524022945317,-0.3213458717463347,False,spread <= 0
FS,0.17,desbal_168 ~ sin roc_24 [bajo],magnitud,49,-0.3586300074189166,0.9948483290600244,0.30612244897959184,1.0,0.0030043221748089597,1.0726494553149253,0.9370043978443048,-0.4224862512273153,-0.395298646632912,False,spread <= 0
FS,0.17,desbal_168 [bajo],magnitud,49,-0.4239826922478126,1.0562724353613622,0.22448979591836735,1.0,0.002170223115230682,1.0740584736581382,0.9345402065201256,-0.5022735740104349,-0.4626906096103714,False,spread <= 0
FS,0.17,desbal_24 [bajo],magnitud,49,-0.4580441017075573,0.9868668587789539,0.12244897959183673,1.0,-0.005751756404622466,1.0138672711593122,0.9431929401873855,-0.5367093432903268,-0.4883815722825989,False,spread <= 0
FS,0.17,roc_168 [bajo],magnitud,49,-0.4590663386403925,1.032757083870953,0.2857142857142857,1.0,0.008702098853609527,1.1366826067053852,0.9301847286006752,-0.496095151051174,-0.49181515023849615,False,spread <= 0
FS,0.17,turnover [bajo],magnitud,49,-0.531021127582076,1.0463332730784156,0.12244897959183673,1.0,0.0005865524233238828,1.0359856720061542,0.9018449103836823,-0.6513206797108351,-0.5714692643957053,False,spread <= 0
FS,0.17,n_surge [bajo],magnitud,49,-0.6626479944878166,0.9095470211557434,0.08163265306122448,1.0,0.0009238539399396803,1.039949250079134,0.8952790655138252,-0.6690463235607856,-0.6353837809221421,False,spread <= 0
FS,0.3,roc_720 ~ sin roc_24 [bajo],corto,49,-0.1251097739648005,0.3862732685584165,0.42857142857142855,1.0,-0.001780627852580441,1.1433709864661419,0.97058960940853,-0.14217370713326546,-0.1313923746432578,False,spread <= 0
FS,0.3,dd_720 [bajo],corto,49,-0.14252672348135803,0.3507116256663308,0.32653061224489793,1.0,-0.0019801727352800023,1.2716880175017535,0.9203635134645465,-0.16905257216038996,-0.15130091677686536,False,spread <= 0
FS,0.3,roc_168 ~ sin roc_24 [bajo],corto,49,-0.15182574406177304,0.3583326819478918,0.2857142857142857,1.0,-0.001735434604496049,1.172442165260493,0.9546927511700182,-0.15867006699401892,-0.1568064012125104,False,spread <= 0
FS,0.3,dd_720 ~ sin roc_24 [bajo],corto,49,-0.1549617995314834,0.37327125388611826,0.2653061224489796,1.0,-0.0021950611150895064,1.27900401229068,0.9254040153448562,-0.18303517947537165,-0.16663041371214163,False,spread <= 0
FS,0.3,roc_720 [bajo],corto,49,-0.16314493436619704,0.3067800153771599,0.2857142857142857,1.0,-0.0023769262821474626,1.1223369562916181,0.9514574292200888,-0.19131741869966076,-0.16774135034677023,False,spread <= 0
FS,0.3,dd_168 [bajo],corto,49,-0.17102895376167215,0.45602150035491984,0.24489795918367346,1.0,-0.0027855249881499253,1.3854133691397443,1.0264775640150763,-0.20033860556798694,-0.18045908573245673,False,spread <= 0
FS,0.3,roc_168 [bajo],corto,49,-0.1751863700710796,0.3028759815608491,0.22448979591836735,1.0,-0.0022386484773221625,1.1366826067053852,0.9301847286006752,-0.19000958207696345,-0.17621871134796233,False,spread <= 0
FS,0.3,desbal_168 [bajo],corto,49,-0.18069172801235617,0.29961687576628193,0.2857142857142857,1.0,-0.0025200108422909913,1.0740584736581382,0.9345402065201256,-0.19484665057613076,-0.18473512969145517,False,spread <= 0
FS,0.3,desbal_168 ~ sin roc_24 [bajo],corto,49,-0.19717737308540675,0.30306498775548557,0.2653061224489796,1.0,-0.0029061063925899296,1.0726494553149253,0.9370043978443048,-0.22367171040553535,-0.20467253300765262,False,spread <= 0
FS,0.3,desbal_24 [bajo],corto,49,-0.20064331106969,0.2961137091850318,0.20408163265306123,1.0,-0.0024640125814817896,1.0138672711593122,0.9431929401873855,-0.21024932354930595,-0.20402814399033067,False,spread <= 0
FS,0.3,carry_acum ~ sin roc_24,corto,49,-0.20176977059744772,0.43459601983876406,0.2857142857142857,1.0,-0.003365021276508367,1.2124886039344824,1.0343824474063186,-0.255924190917809,-0.21500693204974294,False,spread <= 0
FS,0.3,roc_72 ~ sin roc_24 [bajo],corto,49,-0.2031374564979515,0.4643501853325489,0.30612244897959184,1.0,-0.0028969464158946226,1.1977400858898213,0.9850098851358309,-0.22710669495301136,-0.21083954101317381,False,spread <= 0
FS,0.3,carry_acum,corto,49,-0.21731632446131854,0.3591311933846159,0.2653061224489796,1.0,-0.0033962586436992017,1.0787082249044724,0.9616411575221997,-0.23993746023904472,-0.22859685956548578,False,spread <= 0
FS,0.3,CONTROL azar 3,corto,49,-0.2210213759369479,0.28839433592421987,0.20408163265306123,1.0,-0.0028538141532406308,1.0089918577343897,0.9760383748367041,-0.2457672812577176,-0.23439314570623257,False,control
FS,0.3,CONTROL azar 2,corto,49,-0.22197509755138986,0.2621111569158808,0.12244897959183673,1.0,-0.0031058442245971997,1.003785045108116,0.9733340433668203,-0.23890449505808245,-0.23075289426402296,False,control
FS,0.3,CONTROL azar 1,corto,49,-0.22216382582704786,0.3518120356088084,0.20408163265306123,1.0,-0.0035623096849609704,1.0004463425878105,0.9718345226091484,-0.24005765549001734,-0.22998315325941807,False,control
FS,0.3,desbal_24 ~ sin roc_24 [bajo],corto,49,-0.2264418669646807,0.3777030885435447,0.20408163265306123,1.0,-0.0028318559222644504,1.0139752043706838,0.9515773796941474,-0.25284880056908465,-0.2442375045854083,False,spread <= 0
FS,0.3,dd_168 ~ sin roc_24 [bajo],corto,49,-0.2315117404887385,0.45767667654977656,0.32653061224489793,1.0,-0.003378448908829603,1.4359283329525898,1.0502797450454449,-0.2773684617372309,-0.24410449308150528,False,spread <= 0
FS,0.3,roc_72 [bajo],corto,49,-0.24546239929348096,0.3928130429601955,0.2653061224489796,1.0,-0.0038439711629908798,1.16751349287717,0.9567449316847316,-0.25569461899880397,-0.25668583267105716,False,spread <= 0
FS,0.3,compresion ~ sin roc_24,corto,49,-0.24982833331214824,0.4809790382188773,0.30612244897959184,1.0,-0.0031266171563483157,1.4177117851276595,1.3236195933150325,-0.28232766034309753,-0.2657829891718518,False,spread <= 0
FS,0.3,roc_24 [bajo],corto,49,-0.2539776811815676,0.4202208595354555,0.24489795918367346,1.0,-0.003838611230162137,1.2700724267923371,1.0332243426979977,-0.27754352923695963,-0.26680758547745437,False,spread <= 0
FS,0.3,desbal,corto,49,-0.25815258912656547,0.34596029728223243,0.24489795918367346,1.0,-0.002487678778881776,0.9493267697462032,0.9438264235287596,-0.2765959336918182,-0.26449584171018553,False,spread <= 0
FS,0.3,n_surge [bajo],corto,49,-0.2610107825101522,0.27272805822401625,0.14285714285714285,1.0,-0.0035972593039788115,1.039949250079134,0.8952790655138252,-0.2875503894845472,-0.2746143626274105,False,spread <= 0
FS,0.3,ticket_rel ~ sin roc_24,corto,49,-0.26318349392971363,0.34175950078623,0.20408163265306123,1.0,-0.0032117456835368307,1.039890188165146,1.0366377204859734,-0.2847388747458763,-0.26332939180821996,False,spread <= 0
FS,0.3,compresion [bajo],corto,49,-0.26499412857720045,0.4035145099465738,0.22448979591836735,1.0,-0.003959920038736885,0.980362745123427,0.8536173028036906,-0.2902713675971851,-0.2776108243388601,False,spread <= 0
FS,0.3,pos_168 [bajo],corto,49,-0.26681324847893223,0.382359002906526,0.22448979591836735,1.0,-0.0032497300848781056,1.0620652805316977,0.9228965509203078,-0.28643626826191915,-0.27535206400469386,False,spread <= 0
FS,0.3,desbal ~ sin roc_24,corto,49,-0.2726459227847601,0.3303174743535288,0.20408163265306123,1.0,-0.002709362588632441,0.9462771693967883,0.9388559946092454,-0.2968652193092641,-0.2806860723445233,False,spread <= 0
FS,0.3,ticket_rel,corto,49,-0.27284428300410746,0.4435661630124014,0.24489795918367346,1.0,-0.0032024158975681055,1.0587022446443057,1.0567461199344232,-0.29335272076066865,-0.2839904847089553,False,spread <= 0
FS,0.3,compresion ~ sin roc_24 [bajo],corto,49,-0.2781743821568773,0.4006300889521828,0.22448979591836735,1.0,-0.004138000085576463,0.9773596544621572,0.8626046718598365,-0.3041778574848945,-0.2921464254452095,False,spread <= 0
FS,0.3,n_surge ~ sin roc_24 [bajo],corto,49,-0.27823157563417955,0.38411978994408774,0.22448979591836735,1.0,-0.0035212279542978083,1.212527541188709,1.033630249151814,-0.30381577199077114,-0.2849479666888884,False,spread <= 0
FS,0.3,turnover [bajo],corto,49,-0.2791629855077862,0.3589574258903252,0.22448979591836735,1.0,-0.0038045103294010044,1.0359856720061542,0.9018449103836823,-0.30020107709014004,-0.28478544904700187,False,spread <= 0
FS,0.3,vol_24,corto,49,-0.2807988685369967,0.5134679633616589,0.32653061224489793,1.0,-0.0036375679599472376,1.9849820437163002,1.4807323707297249,-0.3222169252677532,-0.29394544965288516,False,spread <= 0
FS,0.3,ticket_rel [bajo],corto,49,-0.2835582437063206,0.3798357990017408,0.24489795918367346,1.0,-0.0033814970081313843,0.980313588277007,0.9333594528454134,-0.29541838569414114,-0.2902231449803535,False,spread <= 0
FS,0.3,roc_72,corto,49,-0.2839696457562968,0.5437195561976259,0.3469387755102041,1.0,-0.003303837321549516,1.5729959154272681,1.3206255367907036,-0.30635495856039047,-0.29186450256506485,False,spread <= 0
FS,0.3,vol_168,corto,49,-0.28587503370367723,0.6008781249054151,0.40816326530612246,1.0,-0.004374014102067235,1.7907188947410617,1.215101370073893,-0.3126640516883198,-0.30040770451574583,False,spread <= 0
FS,0.3,turnover ~ sin roc_24 [bajo],corto,49,-0.2867642363900762,0.38391069940324246,0.1836734693877551,1.0,-0.0035269661366014635,1.2210928095531488,1.0467765271510197,-0.31014169895728255,-0.2934771350436798,False,spread <= 0
FS,0.3,ticket_rel ~ sin roc_24 [bajo],corto,49,-0.2886632170510391,0.3969086834854183,0.24489795918367346,1.0,-0.0035562584527701266,0.9874021069409625,0.9455239894443507,-0.32744918301339887,-0.302039788681179,False,spread <= 0
FS,0.3,atr_24,corto,49,-0.28949447981356047,0.5164211757797603,0.2857142857142857,1.0,-0.004027991607319838,2.0094180267089663,1.499434432732111,-0.3285248764691327,-0.30978577544619423,False,spread <= 0
FS,0.3,pos_168 ~ sin roc_24 [bajo],corto,49,-0.29130657733264126,0.4271241468523542,0.20408163265306123,1.0,-0.0035202070862917654,1.044233259453945,0.9292510860345405,-0.3138331303739198,-0.302554057154926,False,spread <= 0
FS,0.3,rango_168,corto,49,-0.29994095874845716,0.490792941513811,0.24489795918367346,1.0,-0.004485127450874512,1.6956805079003034,1.1959588548901956,-0.33477128475999723,-0.3133830760241937,False,spread <= 0
FS,0.3,desbal [bajo],corto,49,-0.30327425733478336,0.3021333570932819,0.12244897959183673,1.0,-0.003880352154536443,0.985211343475191,0.9624794115472448,-0.3096174645689501,-0.3061865991704983,False,spread <= 0
FS,0.3,rango_168 ~ sin roc_24,corto,49,-0.30533461608933027,0.5298983105222328,0.24489795918367346,1.0,-0.004521851123507296,1.6524695728398906,1.1905756907824823,-0.33093238590622265,-0.31341799247126456,False,spread <= 0
FS,0.3,desbal ~ sin roc_24 [bajo],corto,49,-0.3057374613636298,0.2948244497636758,0.12244897959183673,1.0,-0.0038226920907182666,0.9817865968528047,0.9636066928790765,-0.32940193590628675,-0.3109684469654455,False,spread <= 0
FS,0.3,pos_168 ~ sin roc_24,corto,49,-0.3085356563187725,0.4766316419708652,0.24489795918367346,1.0,-0.004210488202219827,1.0985299959019619,1.0478483973707555,-0.33886410398566374,-0.3207599059247148,False,spread <= 0
FS,0.3,compresion,corto,49,-0.31040618278536636,0.48281769848376965,0.2653061224489796,1.0,-0.003815554275261279,1.4806565606540156,1.372886940114073,-0.33380513118969,-0.3196129696515722,False,spread <= 0
FS,0.3,atr_24 ~ sin roc_24,corto,49,-0.3106046259822695,0.5554051812392377,0.2857142857142857,1.0,-0.004466870545222741,1.9412073892530273,1.4318945272819161,-0.33597635541925597,-0.3191450968969053,False,spread <= 0
FS,0.3,roc_24,corto,49,-0.31330652085854505,0.5216528889087084,0.2857142857142857,1.0,-0.0038100431244559255,1.4449338424112166,1.2321953510995216,-0.3318512248085609,-0.3207813009564413,False,spread <= 0
FS,0.3,roc_720 ~ sin roc_24,corto,49,-0.3243416874421595,0.52368764562,0.24489795918367346,1.0,-0.004317033951679212,1.3967433935631166,1.0432543491315016,-0.3465549941518967,-0.3375613528217931,False,spread <= 0
FS,0.3,desbal_168 ~ sin roc_24,corto,49,-0.3245164284832327,0.4356252678057175,0.16326530612244897,1.0,-0.003477690642713632,0.9368795506252772,0.989095677830651,-0.34785899616209953,-0.3450764966763827,False,spread <= 0
FS,0.3,desbal_24,corto,49,-0.32789971272778684,0.30795040862319606,0.061224489795918366,1.0,-0.003877905180681381,0.9393488869385179,0.9568472297172796,-0.33567847978504556,-0.33221792776912606,False,spread <= 0
FS,0.3,turnover,corto,49,-0.3319684947627479,0.5613917698686088,0.2653061224489796,1.0,-0.0040131436743302525,1.3834240329036753,1.283464147401062,-0.3637009909424668,-0.3437877375305376,False,spread <= 0
FS,0.3,n_surge ~ sin roc_24,corto,49,-0.33372114967917565,0.4706115399784214,0.24489795918367346,1.0,-0.0044942184334641625,1.360220864621777,1.1973693045590037,-0.3553730126609942,-0.34441771635089563,False,spread <= 0
FS,0.3,vol_168 ~ sin roc_24,corto,49,-0.33416830594236996,0.5969989013327235,0.3673469387755102,1.0,-0.004849361373224351,1.7488704618752715,1.2009426339429656,-0.37165123398871236,-0.3460930992662843,False,spread <= 0
FS,0.3,vol_24 ~ sin roc_24,corto,49,-0.3370427426496199,0.5192226999197779,0.32653061224489793,1.0,-0.004482069945510585,1.8833464159874327,1.4046538615426247,-0.35618173587963303,-0.34806102686518897,False,spread <= 0
FS,0.3,n_surge,corto,49,-0.33864850004846947,0.6383715227783121,0.30612244897959184,1.0,-0.00452961497394371,1.4196057228962602,1.3071975330329881,-0.37952102460084564,-0.35849841456266174,False,spread <= 0
FS,0.3,desbal_24 ~ sin roc_24,corto,49,-0.34095441206933325,0.3037134071191878,0.12244897959183673,1.0,-0.003980916259822897,0.9285698703037649,0.9455976272806901,-0.34248516981234056,-0.3362074862240653,False,spread <= 0
FS,0.3,turnover ~ sin roc_24,corto,49,-0.3435533022865844,0.41377879823762403,0.22448979591836735,1.0,-0.004658020573694888,1.348939349917962,1.1840867710426135,-0.36893065001770564,-0.3477425660936757,False,spread <= 0
FS,0.3,carry_acum [bajo],corto,49,-0.3535987321896997,0.4664941906640078,0.1836734693877551,1.0,-0.004619945342801531,1.2165547731108304,1.0506751682877766,-0.37174539092209785,-0.35897438251808705,False,spread <= 0
FS,0.3,desbal_168,corto,49,-0.3612072873487355,0.43396749399529155,0.1836734693877551,1.0,-0.00407133704195499,0.9380580845342938,0.9922074942777575,-0.37075482669274906,-0.3840298567973384,False,spread <= 0
FS,0.3,roc_72 ~ sin roc_24,corto,49,-0.3715955062223206,0.5311006594997407,0.22448979591836735,1.0,-0.004617997646781741,1.4435602409410648,1.2159528104696604,-0.42964610494966604,-0.38286790952501937,False,spread <= 0
FS,0.3,roc_720,corto,49,-0.37213739810236596,0.5181629222599433,0.22448979591836735,1.0,-0.004940231038673594,1.427204235260157,1.0644637325173192,-0.395860156426624,-0.3775097611748296,False,spread <= 0
FS,0.3,carry_acum ~ sin roc_24 [bajo],corto,49,-0.3816308305479284,0.43550124163359405,0.16326530612244897,1.0,-0.005245896154934122,1.2991997492686242,1.0907309230084339,-0.4042354451552187,-0.38437586606070384,False,spread <= 0
FS,0.3,pos_168,corto,49,-0.38732951691750606,0.5408718707403143,0.24489795918367346,1.0,-0.00514062570119835,1.1673199196466926,1.103127582491609,-0.42254922511165094,-0.402601021714911,False,spread <= 0
FS,0.3,dd_168 ~ sin roc_24,corto,49,-0.39786055013083116,0.49885510385821036,0.24489795918367346,1.0,-0.0036587070637670786,0.7761712871533071,0.9539579313554474,-0.4125042011346492,-0.4040080762939364,False,spread <= 0
FS,0.3,atr_24 ~ sin roc_24 [bajo],corto,49,-0.41119536352781105,0.47378284727150566,0.14285714285714285,1.0,-0.0034191047347779903,0.6196178962912099,0.8818316033218834,-0.4249210526894466,-0.4164920829957305,False,spread <= 0
FS,0.3,vol_24 [bajo],corto,49,-0.4115120772450526,0.4868781409698903,0.10204081632653061,1.0,-0.0035124571252595,0.6112374151218458,0.8442231834773495,-0.43019184130515414,-0.4182604591281842,False,spread <= 0
FS,0.3,vol_168 ~ sin roc_24 [bajo],corto,49,-0.41330510553483435,0.4492111728452044,0.14285714285714285,1.0,-0.0034051214329241346,0.6368951118192814,0.9293302229046421,-0.4250050951168516,-0.4066297397183957,False,spread <= 0
FS,0.3,atr_24 [bajo],corto,49,-0.4240496328528496,0.4656415514132973,0.10204081632653061,1.0,-0.003557236770850286,0.6058840244047438,0.8611825919738236,-0.42114088359287916,-0.43276169559007915,False,spread <= 0
FS,0.3,vol_168 [bajo],corto,49,-0.4302674931693781,0.4476967492610226,0.12244897959183673,1.0,-0.0035987393807293123,0.6216187864798178,0.9128155135238717,-0.4242374446279768,-0.43608116740955694,False,spread <= 0
FS,0.3,roc_168 ~ sin roc_24,corto,49,-0.43182748625014283,0.4818047531803599,0.22448979591836735,1.0,-0.005925803199791875,1.4596449641343583,1.21779583099435,-0.48345153036241845,-0.44257070632141887,False,spread <= 0
FS,0.3,roc_168,corto,49,-0.43501922593210196,0.4760504752751653,0.1836734693877551,1.0,-0.005744395090033778,1.5471892313785878,1.2937414566877448,-0.48979651829917964,-0.4485206182472474,False,spread <= 0
FS,0.3,rango_168 [bajo],corto,49,-0.4446677865579733,0.4710834081813567,0.10204081632653061,1.0,-0.003832227805608011,0.6546889977794224,0.9064296240781353,-0.456426612924163,-0.45702518300445044,False,spread <= 0
FS,0.3,vol_24 ~ sin roc_24 [bajo],corto,49,-0.45425798236155635,0.4617771944949147,0.12244897959183673,1.0,-0.004244481972838874,0.6487777215466184,0.8766461882434199,-0.4728150309967575,-0.45963437341872126,False,spread <= 0
FS,0.3,rango_168 ~ sin roc_24 [bajo],corto,49,-0.45930562437307043,0.4615124553127907,0.061224489795918366,1.0,-0.004230416338780851,0.7027516307524767,0.9197349592472238,-0.4560356891645529,-0.4611520325975959,False,spread <= 0
FS,0.3,dd_168,corto,49,-0.48560952884733866,0.5874620315282305,0.12244897959183673,1.0,-0.0049771319384291825,0.8410422151766842,1.0000412320798424,-0.5007415400692456,-0.4923541669920382,False,spread <= 0
FS,0.3,dd_720 ~ sin roc_24,corto,49,-0.5215522910893883,0.5072157483607902,0.12244897959183673,1.0,-0.005091707900316567,0.8378051132211422,1.0119008723722662,-0.5229375719538609,-0.51873591320736,False,spread <= 0
FS,0.3,dd_720,corto,49,-0.5526168489480534,0.6486818269819131,0.12244897959183673,1.0,-0.00564423832307513,0.8743429634558028,1.0481298479554897,-0.5762517916976573,-0.5607563872046474,False,spread <= 0
FS,0.3,roc_168,largo,49,0.0319669087061128,0.47005548396384034,0.40816326530612246,0.327,-0.00025560490996622324,1.5471892313785878,1.2937414566877448,-0.03742297886944823,-0.001985301256661128,False,ARTEFACTO DE ESCALA (atr_ratio 1.55)
FS,0.3,roc_168 ~ sin roc_24,largo,49,0.0316730194276606,0.46684711162960746,0.4897959183673469,0.332,-7.41968002081258e-05,1.4596449641343583,1.21779583099435,-0.011839086870585349,0.02398746991557392,False,ARTEFACTO DE ESCALA (atr_ratio 1.46)
FS,0.3,roc_720,largo,49,0.008110999372841423,0.5125547065006771,0.5102040816326531,0.4635,-0.0010597689613264065,1.427204235260157,1.0644637325173192,-0.027195576217150515,-0.00831595356200383,False,ARTEFACTO DE ESCALA (atr_ratio 1.43)
FS,0.3,dd_720,largo,49,0.0071622814087450365,0.6266086413263197,0.4489795918367347,0.47,-0.0003557616769248708,0.8743429634558028,1.0481298479554897,-0.10041432520733552,-0.07697918184021245,False,ARTEFACTO DE ESCALA (atr_ratio 0.87)
FS,0.3,vol_168 ~ sin roc_24,largo,49,-0.0030039159883267904,0.5931462183807982,0.46938775510204084,1.0,-0.0011506386267756507,1.7488704618752715,1.2009426339429656,-0.0678216696247659,-0.024719497997732674,False,spread <= 0
FS,0.3,vol_24 ~ sin roc_24,largo,49,-0.014445354335925418,0.5113579182350286,0.5102040816326531,1.0,-0.0015179300544894163,1.8833464159874327,1.4046538615426247,-0.08048300225445092,-0.03259982441904104,False,spread <= 0
FS,0.3,carry_acum ~ sin roc_24 [bajo],largo,49,-0.02519014084382196,0.43894863659056993,0.4897959183673469,1.0,-0.00075410384506588,1.2991997492686242,1.0907309230084339,-0.0952287716104896,-0.051711221904372655,False,spread <= 0
FS,0.3,roc_72 ~ sin roc_24,largo,49,-0.029124434642106425,0.517396274411135,0.4897959183673469,1.0,-0.0013820023532182598,1.4435602409410648,1.2159528104696604,-0.08668808380804832,-0.05471142444495631,False,spread <= 0
FS,0.3,dd_720 ~ sin roc_24,largo,49,-0.02947267523131916,0.48446293758324477,0.4489795918367347,1.0,-0.0009082920996834336,0.8378051132211422,1.0119008723722662,-0.20139924245925503,-0.15731411734923972,False,spread <= 0
FS,0.3,atr_24 ~ sin roc_24,largo,49,-0.030177326245167474,0.5512817811664442,0.4897959183673469,1.0,-0.001533129454777261,1.9412073892530273,1.4318945272819161,-0.11457339915058426,-0.06775793574407661,False,spread <= 0
FS,0.3,roc_720 ~ sin roc_24,largo,49,-0.03694847643860653,0.5161041024620302,0.46938775510204084,1.0,-0.0016829660483207887,1.3967433935631166,1.0432543491315016,-0.1030428373672801,-0.05848969322896649,False,spread <= 0
FS,0.3,rango_168 ~ sin roc_24,largo,49,-0.04811675910151808,0.5282803499106276,0.32653061224489793,1.0,-0.001478148876492706,1.6524695728398906,1.1905756907824823,-0.09948505978556373,-0.06113668875356802,False,spread <= 0
FS,0.3,vol_168,largo,49,-0.04828532847527573,0.6030554375499062,0.46938775510204084,1.0,-0.001625985897932767,1.7907188947410617,1.215101370073893,-0.12122358666181525,-0.07117228033354735,False,spread <= 0
FS,0.3,rango_168,largo,49,-0.051377280336064146,0.4951679669775478,0.3469387755102041,1.0,-0.0015148725491254888,1.6956805079003034,1.1959588548901956,-0.11613555833149056,-0.06868879992070465,False,spread <= 0
FS,0.3,atr_24,largo,49,-0.05216808108900222,0.5121603373761243,0.40816326530612246,1.0,-0.001972008392680163,2.0094180267089663,1.499434432732111,-0.1180362674971499,-0.07512287650019822,False,spread <= 0
FS,0.3,pos_168,largo,49,-0.057781541758660133,0.5402007386071066,0.42857142857142855,1.0,-0.0008593742988016512,1.1673199196466926,1.103127582491609,-0.13627273244637297,-0.0879625718944027,False,spread <= 0
FS,0.3,dd_168,largo,49,-0.062490675035876846,0.5808068475521334,0.3469387755102041,1.0,-0.0010228680615708176,0.8410422151766842,1.0000412320798424,-0.19098486970347064,-0.1732057143156541,False,spread <= 0
FS,0.3,carry_acum [bajo],largo,49,-0.06267480986727396,0.4696603763785621,0.3673469387755102,1.0,-0.0013800546571984698,1.2165547731108304,1.0506751682877766,-0.12803084658465583,-0.0762107654467216,False,spread <= 0
FS,0.3,vol_24,largo,49,-0.0719677521143032,0.5106215954005279,0.4489795918367347,1.0,-0.002362432040052764,1.9849820437163002,1.4807323707297249,-0.12391868993391515,-0.08021465101150572,False,spread <= 0
FS,0.3,turnover ~ sin roc_24,largo,49,-0.07305473521822735,0.4056660523805142,0.3877551020408163,1.0,-0.0013419794263051122,1.348939349917962,1.1840867710426135,-0.1220739811422058,-0.09476236700951865,False,spread <= 0
FS,0.3,n_surge ~ sin roc_24,largo,49,-0.08460175609982634,0.460522023330887,0.40816326530612246,1.0,-0.001505781566535838,1.360220864621777,1.1973693045590037,-0.13298125228959798,-0.09451884964260208,False,spread <= 0
FS,0.3,roc_24,largo,49,-0.0922089753820852,0.5101346433660895,0.3673469387755102,1.0,-0.002189956875544076,1.4449338424112166,1.2321953510995216,-0.15474054323503728,-0.09967634291675458,False,spread <= 0
FS,0.3,n_surge,largo,49,-0.09480555649526495,0.6257237968823561,0.3469387755102041,1.0,-0.001470385026056292,1.4196057228962602,1.3071975330329881,-0.1423628073355692,-0.11455080590899089,False,spread <= 0
FS,0.3,turnover,largo,49,-0.10232001825681315,0.5519940711228616,0.40816326530612246,1.0,-0.0019868563256697485,1.3834240329036753,1.283464147401062,-0.17747288730319905,-0.123063789260927,False,spread <= 0
FS,0.3,turnover ~ sin roc_24 [bajo],largo,49,-0.11137742774610011,0.3772106926750405,0.3673469387755102,1.0,-0.002473033863398537,1.2210928095531488,1.0467765271510197,-0.16011013167578012,-0.12309823506013019,False,spread <= 0
FS,0.3,desbal_168,largo,49,-0.11722292763376495,0.43876382391235863,0.40816326530612246,1.0,-0.0019286629580450097,0.9380580845342938,0.9922074942777575,-0.24945254966518832,-0.19535105310223527,False,spread <= 0
FS,0.3,pos_168 ~ sin roc_24 [bajo],largo,49,-0.11733897820295269,0.4347520025694089,0.30612244897959184,1.0,-0.002479792913708236,1.044233259453945,0.9292510860345405,-0.18517716648325822,-0.1654503690531641,False,spread <= 0
FS,0.3,n_surge ~ sin roc_24 [bajo],largo,49,-0.11827837208510399,0.37485447304677694,0.40816326530612246,1.0,-0.002478772045702193,1.212527541188709,1.033630249151814,-0.16216465872232205,-0.13144560884283238,False,spread <= 0
FS,0.3,turnover [bajo],largo,49,-0.11967500936427522,0.36362590861246813,0.3877551020408163,1.0,-0.0021954896705989966,1.0359856720061542,0.9018449103836823,-0.16704566301543894,-0.13993186020898493,False,spread <= 0
FS,0.3,roc_72,largo,49,-0.12008348422182101,0.5386819845746887,0.42857142857142855,1.0,-0.0026961626784504852,1.5729959154272681,1.3206255367907036,-0.17650382297317221,-0.12919035985355726,False,spread <= 0
FS,0.3,desbal_24 ~ sin roc_24,largo,49,-0.12184346955253976,0.30806060149227177,0.32653061224489793,1.0,-0.0020190837401771046,0.9285698703037649,0.9455976272806901,-0.21204116747090634,-0.1866683954328131,False,spread <= 0
FS,0.3,dd_168 ~ sin roc_24 [bajo],largo,49,-0.12718200266859125,0.4555390442272131,0.2857142857142857,1.0,-0.0026215510911703987,1.4359283329525898,1.0502797450454449,-0.19160041596199814,-0.14890988740394195,False,spread <= 0
FS,0.3,compresion,largo,49,-0.12739078496655376,0.47551904722842747,0.30612244897959184,1.0,-0.0021844457247387214,1.4806565606540156,1.372886940114073,-0.18504910439761704,-0.14565610715671728,False,spread <= 0
FS,0.3,roc_24 [bajo],largo,49,-0.129340368057187,0.4165926349789993,0.3877551020408163,1.0,-0.0021613887698378634,1.2700724267923371,1.0332243426979977,-0.16516324007539607,-0.14505849417442118,False,spread <= 0
FS,0.3,pos_168 [bajo],largo,49,-0.13295061852370504,0.3818380342542052,0.3469387755102041,1.0,-0.002750269915121896,1.0620652805316977,0.9228965509203078,-0.20354720516337585,-0.18107888604563305,False,spread <= 0
FS,0.3,desbal_24,largo,49,-0.1337994671283555,0.3131293217224582,0.2653061224489796,1.0,-0.00212209481931862,0.9393488869385179,0.9568472297172796,-0.2050404922349063,-0.19050059422969423,False,spread <= 0
FS,0.3,n_surge [bajo],largo,49,-0.13432305072733983,0.27600680710094005,0.2653061224489796,1.0,-0.0024027406960211895,1.039949250079134,0.8952790655138252,-0.1714515600402707,-0.14764356724119626,False,spread <= 0
FS,0.3,roc_72 [bajo],largo,49,-0.1346282952804238,0.3967839511297979,0.32653061224489793,1.0,-0.002156028837009122,1.16751349287717,0.9567449316847316,-0.17020593787260413,-0.1502042074189467,False,spread <= 0
FS,0.3,compresion ~ sin roc_24 [bajo],largo,49,-0.13811248766964623,0.4103762570149128,0.40816326530612246,1.0,-0.0018619999144235393,0.9773596544621572,0.8626046718598365,-0.17588255022436183,-0.15181787660280793,False,spread <= 0
FS,0.3,pos_168 ~ sin roc_24,largo,49,-0.14009645199970466,0.48701600378367577,0.3673469387755102,1.0,-0.0017895117977801737,1.0985299959019619,1.0478483973707555,-0.156264838772909,-0.15583285432016553,False,spread <= 0
FS,0.3,desbal ~ sin roc_24 [bajo],largo,49,-0.14182762178915523,0.28883832119494196,0.1836734693877551,1.0,-0.0021773079092817335,0.9817865968528047,0.9636066928790765,-0.20073721294322389,-0.17103612739571109,False,spread <= 0
FS,0.3,desbal [bajo],largo,49,-0.14255787863807687,0.3012444072363119,0.20408163265306123,1.0,-0.0021196478454635573,0.985211343475191,0.9624794115472448,-0.19861939112792884,-0.16479794522835514,False,spread <= 0
FS,0.3,ticket_rel ~ sin roc_24 [bajo],largo,49,-0.14554500959878505,0.40172027661178167,0.3469387755102041,1.0,-0.0024437415472298744,0.9874021069409625,0.9455239894443507,-0.16296967492570577,-0.15782179930201656,False,spread <= 0
FS,0.3,compresion [bajo],largo,49,-0.14642809559298142,0.41346102034644483,0.2857142857142857,1.0,-0.002040079961263116,0.980362745123427,0.8536173028036906,-0.174393735485874,-0.16402669769951125,False,spread <= 0
FS,0.3,ticket_rel [bajo],largo,49,-0.15099247058021587,0.3801964723551893,0.3469387755102041,1.0,-0.0026185029918686167,0.980313588277007,0.9333594528454134,-0.2210317330649912,-0.18770905149891184,False,spread <= 0
FS,0.3,desbal_168 ~ sin roc_24,largo,49,-0.15268241760868775,0.4411478690555699,0.30612244897959184,1.0,-0.002522309357286368,0.9368795506252772,0.989095677830651,-0.27066852316102696,-0.22121381543158722,False,spread <= 0
FS,0.3,rango_168 ~ sin roc_24 [bajo],largo,49,-0.1535984135942917,0.4507652839507398,0.2653061224489796,1.0,-0.0017695836612191486,0.7027516307524767,0.9197349592472238,-0.30399539647319185,-0.2606459003087949,False,spread <= 0
FS,0.3,dd_168 ~ sin roc_24,largo,49,-0.1718341419669373,0.4950715203402478,0.3469387755102041,1.0,-0.0023412929362329215,0.7761712871533071,0.9539579313554474,-0.29869985764019474,-0.283817791972027,False,spread <= 0
FS,0.3,vol_24 ~ sin roc_24 [bajo],largo,49,-0.17291146240511662,0.45152315663956605,0.2857142857142857,1.0,-0.0017555180271611257,0.6487777215466184,0.8766461882434199,-0.3071224882250976,-0.2794018643823455,False,spread <= 0
FS,0.3,desbal ~ sin roc_24,largo,49,-0.17427279597122344,0.3188407377993778,0.1836734693877551,1.0,-0.00329063741136756,0.9462771693967883,0.9388559946092454,-0.2499949528664027,-0.2246980534836355,False,spread <= 0
FS,0.3,ticket_rel,largo,49,-0.17940300975088166,0.4433507405909749,0.2857142857142857,1.0,-0.0027975841024318955,1.0587022446443057,1.0567461199344232,-0.2452277304621184,-0.2143980151424235,False,spread <= 0
FS,0.3,roc_72 ~ sin roc_24 [bajo],largo,49,-0.17974506614850064,0.46233965644467756,0.32653061224489793,1.0,-0.0031030535841053784,1.1977400858898213,0.9850098851358309,-0.22245739701486814,-0.2000341141431704,False,spread <= 0
FS,0.3,dd_720 ~ sin roc_24 [bajo],largo,49,-0.18430777076161156,0.3804491025558955,0.3673469387755102,1.0,-0.003804938884910495,1.27900401229068,0.9254040153448562,-0.22514789209466773,-0.19727942443337662,False,spread <= 0
FS,0.3,carry_acum,largo,49,-0.18728579666742642,0.3537426270001522,0.22448979591836735,1.0,-0.002603741356300799,1.0787082249044724,0.9616411575221997,-0.23693627112373739,-0.20423689929166752,False,spread <= 0
FS,0.3,dd_168 [bajo],largo,49,-0.1879015728408659,0.4625236514159973,0.1836734693877551,1.0,-0.0032144750118500752,1.3854133691397443,1.0264775640150763,-0.22668948604693584,-0.20031380335722476,False,spread <= 0
FS,0.3,ticket_rel ~ sin roc_24,largo,49,-0.18899087540323328,0.3426379626508998,0.24489795918367346,1.0,-0.0027882543164631703,1.039890188165146,1.0366377204859734,-0.2478217875383631,-0.2301625882200468,False,spread <= 0
FS,0.3,desbal,largo,49,-0.18943861459114092,0.3388139155191831,0.24489795918367346,1.0,-0.003512321221118225,0.9493267697462032,0.9438264235287596,-0.2721280371265826,-0.25210810158015085,False,spread <= 0
FS,0.3,compresion ~ sin roc_24,largo,49,-0.19154537991294776,0.4708400278135906,0.3877551020408163,1.0,-0.0028733828436516857,1.4177117851276595,1.3236195933150325,-0.2419886930060365,-0.20904371592583548,False,spread <= 0
FS,0.3,rango_168 [bajo],largo,49,-0.19261162885833807,0.4644533428645046,0.2653061224489796,1.0,-0.0021677721943919896,0.6546889977794224,0.9064296240781353,-0.3333916253256379,-0.2985425855601277,False,spread <= 0
FS,0.3,carry_acum ~ sin roc_24,largo,49,-0.19507433820263922,0.4261130928315192,0.3469387755102041,1.0,-0.0026349787234916347,1.2124886039344824,1.0343824474063186,-0.219176053646052,-0.2074234360949205,False,spread <= 0
FS,0.3,dd_720 [bajo],largo,49,-0.19657050394734765,0.3584671105347418,0.2857142857142857,1.0,-0.004019827264719999,1.2716880175017535,0.9203635134645465,-0.228778487424002,-0.21102918286024172,False,spread <= 0
FS,0.3,roc_168 [bajo],largo,49,-0.20210405639808682,0.31088497624509326,0.22448979591836735,1.0,-0.0037613515226778385,1.1366826067053852,0.9301847286006752,-0.2211561775291965,-0.21704438898482287,False,spread <= 0
FS,0.3,desbal_24 ~ sin roc_24 [bajo],largo,49,-0.20248249753448452,0.37628671092184574,0.1836734693877551,1.0,-0.00316814407773555,1.0139752043706838,0.9515773796941474,-0.23095353317797823,-0.20515577112401964,False,spread <= 0
FS,0.3,desbal_168 ~ sin roc_24 [bajo],largo,49,-0.20304475583912188,0.30039168615320144,0.16326530612244897,1.0,-0.0030938936074100714,1.0726494553149253,0.9370043978443048,-0.23076093787286803,-0.21611770983633513,False,spread <= 0
FS,0.3,CONTROL azar 2,largo,49,-0.21581937056457898,0.2683282990635914,0.1836734693877551,1.0,-0.0028941557754028017,1.003785045108116,0.9733340433668203,-0.23795794240485224,-0.21478608820707626,False,control
FS,0.3,CONTROL azar 3,largo,49,-0.2170393274475928,0.28030367515778504,0.22448979591836735,1.0,-0.00314618584675937,1.0089918577343897,0.9760383748367041,-0.23921621580295255,-0.2241215631955371,False,control
FS,0.3,desbal_168 [bajo],largo,49,-0.21804114875059466,0.2981202846021488,0.20408163265306123,1.0,-0.00347998915770901,1.0740584736581382,0.9345402065201256,-0.2567278980864984,-0.22955440948317068,False,spread <= 0
FS,0.3,CONTROL azar 1,largo,49,-0.21867128507258995,0.34534706438084156,0.22448979591836735,1.0,-0.00243769031503903,1.0004463425878105,0.9718345226091484,-0.2518200010247163,-0.23108872961304452,False,control
FS,0.3,roc_720 [bajo],largo,49,-0.2237066980159569,0.30863999510054313,0.22448979591836735,1.0,-0.003623073717852539,1.1223369562916181,0.9514574292200888,-0.23590913923599716,-0.23597887840061726,False,spread <= 0
FS,0.3,desbal_24 [bajo],largo,49,-0.2267284876284471,0.29443771112313777,0.10204081632653061,1.0,-0.003535987418518211,1.0138672711593122,0.9431929401873855,-0.25324325871953796,-0.24666717719606518,False,spread <= 0
FS,0.3,roc_168 ~ sin roc_24 [bajo],largo,49,-0.22686471298658661,0.36296147530054745,0.12244897959183673,1.0,-0.004264565395503952,1.172442165260493,0.9546927511700182,-0.2606500810528314,-0.23267935109869964,False,spread <= 0
FS,0.3,vol_24 [bajo],largo,49,-0.2413910028742817,0.48870389425458244,0.2857142857142857,1.0,-0.0024875428747405002,0.6112374151218458,0.8442231834773495,-0.35575570665399997,-0.3406344256245661,False,spread <= 0
FS,0.3,vol_168 [bajo],largo,49,-0.24739556414812994,0.4411456682077823,0.2653061224489796,1.0,-0.002401260619270688,0.6216187864798178,0.9128155135238717,-0.3947308018765773,-0.3618091726088736,False,spread <= 0
FS,0.3,atr_24 ~ sin roc_24 [bajo],largo,49,-0.25065952367692274,0.46974934321029405,0.22448979591836735,1.0,-0.0025808952652220107,0.6196178962912099,0.8818316033218834,-0.4003673461694791,-0.37111362244504165,False,spread <= 0
FS,0.3,atr_24 [bajo],largo,49,-0.25129911990316933,0.4626088746429639,0.1836734693877551,1.0,-0.002442763229149714,0.6058840244047438,0.8611825919738236,-0.3849126972509571,-0.35705123976413095,False,spread <= 0
FS,0.3,vol_168 ~ sin roc_24 [bajo],largo,49,-0.2550726638257804,0.44835941892861714,0.24489795918367346,1.0,-0.002594878567075865,0.6368951118192814,0.9293302229046421,-0.3939578540131172,-0.36603407929191406,False,spread <= 0
FS,0.3,roc_720 ~ sin roc_24 [bajo],largo,49,-0.2646201278952876,0.39479768543309285,0.20408163265306123,1.0,-0.00421937214741956,1.1433709864661419,0.97058960940853,-0.289931111070492,-0.26687080100730676,False,spread <= 0
FS,0.3,n_surge,magnitud,49,3.4913883861919954,5.838373480623213,1.0,0.0,0.05294545812981551,1.4196057228962602,1.3071975330329881,2.5403484979533824,2.6806577965783887,True,SOBREVIVE
FS,0.3,n_surge ~ sin roc_24,magnitud,49,2.5808398500793235,5.74581850521553,0.9795918367346939,0.0,0.04372460069260322,1.360220864621777,1.1973693045590037,1.6886859642851693,1.7581479463391718,True,SOBREVIVE
FS,0.3,roc_168,magnitud,49,2.444963992251294,1.4967702692234268,0.9795918367346939,0.0,0.042231147176434135,1.5471892313785878,1.2937414566877448,2.319368877366836,2.415046704019268,True,SOBREVIVE
FS,0.3,roc_72,magnitud,49,2.43783085917166,1.5173599630695993,0.9795918367346939,0.0,0.04225831575855713,1.5729959154272681,1.3206255367907036,2.277042837059896,2.3791504467246187,True,SOBREVIVE
FS,0.3,turnover,magnitud,49,2.3947139833184785,1.5941576681989371,0.9795918367346939,0.0,0.03459474752611082,1.3834240329036753,1.283464147401062,2.252491663132049,2.346882863097045,True,SOBREVIVE
FS,0.3,vol_24,magnitud,49,2.331255618978564,1.5950419481056628,0.9387755102040817,0.0,0.05963507786538882,1.9849820437163002,1.4807323707297249,2.1564515891490936,2.2739765267939207,True,SOBREVIVE
FS,0.3,atr_24,magnitud,49,2.3189402896386437,1.6530293138696728,0.9591836734693877,0.0,0.06241072445207896,2.0094180267089663,1.499434432732111,2.127304819977426,2.2515768017293087,True,SOBREVIVE
FS,0.3,roc_24,magnitud,49,2.176572454381443,1.4779803473504523,0.9795918367346939,0.0,0.03796426246037407,1.4449338424112166,1.2321953510995216,2.0275197167679773,2.128593886052291,True,SOBREVIVE
FS,0.3,compresion,magnitud,49,2.070893912198813,1.3086939565141793,0.9795918367346939,0.0,0.02634968422327346,1.4806565606540156,1.372886940114073,1.8611840640967479,1.9715973878609392,True,SOBREVIVE
FS,0.3,vol_24 ~ sin roc_24,magnitud,49,1.8625616279648682,1.3802813759468078,0.9387755102040817,0.0,0.05253874580947049,1.8833464159874327,1.4046538615426247,1.6770126984853393,1.7890018689683882,True,SOBREVIVE
FS,0.3,atr_24 ~ sin roc_24,magnitud,49,1.814293651008616,1.4030157434137975,0.8979591836734694,0.0,0.05494288129102408,1.9412073892530273,1.4318945272819161,1.6204712175039542,1.7422439893534016,True,SOBREVIVE
FS,0.3,rango_168,magnitud,49,1.77984709417519,1.4923681286275428,0.9387755102040817,0.0,0.052270710224868476,1.6956805079003034,1.1959588548901956,1.5764742163588268,1.701345680516571,True,SOBREVIVE
FS,0.3,vol_168,magnitud,49,1.7691892700055114,1.4445101216987881,0.9387755102040817,0.0,0.05650516258026429,1.7907188947410617,1.215101370073893,1.5923520395464295,1.7042322537524268,True,SOBREVIVE
FS,0.3,roc_168 ~ sin roc_24,magnitud,49,1.7094556129132505,1.266706273508642,0.9795918367346939,0.0,0.03392219393548805,1.4596449641343583,1.21779583099435,1.6208991177238745,1.6595506494590346,True,SOBREVIVE
FS,0.3,rango_168 ~ sin roc_24,magnitud,49,1.6182236009278361,1.4755026226353847,0.9183673469387755,0.0,0.04902390698714578,1.6524695728398906,1.1905756907824823,1.4696840362774766,1.5733411185910504,True,SOBREVIVE
FS,0.3,vol_168 ~ sin roc_24,magnitud,49,1.6093291253224884,1.4563772324375093,0.9183673469387755,0.0,0.05297824645057108,1.7488704618752715,1.2009426339429656,1.4165187488642657,1.529244304001413,True,SOBREVIVE
FS,0.3,pos_168,magnitud,49,1.585660785492802,1.1928528098581983,0.9795918367346939,0.0,0.017154685699584327,1.1673199196466926,1.103127582491609,1.36051338022059,1.429369656683292,True,SOBREVIVE
FS,0.3,turnover ~ sin roc_24,magnitud,49,1.5726065728195149,1.1510999279290737,0.9591836734693877,0.0,0.027888446052207222,1.348939349917962,1.1840867710426135,1.464750588620705,1.5313673882295482,True,SOBREVIVE
FS,0.3,roc_72 ~ sin roc_24,magnitud,49,1.4464620951124962,1.213958764622354,0.9795918367346939,0.0,0.029428850662831952,1.4435602409410648,1.2159528104696604,1.2918135605576508,1.3875787441466199,True,SOBREVIVE
FS,0.3,compresion ~ sin roc_24,magnitud,49,1.4154817945290716,1.0176098333610255,0.9795918367346939,0.0,0.015885183372653364,1.4177117851276595,1.3236195933150325,1.2480222134774985,1.3158351518419076,True,SOBREVIVE
FS,0.3,desbal_168 ~ sin roc_24,magnitud,49,1.4078060810376123,6.036278996132818,0.8163265306122449,0.0,0.00997910041983516,0.9368795506252772,0.989095677830651,0.2810860672295821,0.6032666912848833,True,SOBREVIVE
FS,0.3,roc_720,magnitud,49,1.2660424038454372,1.3119842557874293,0.8571428571428571,0.0,0.035147152873052624,1.427204235260157,1.0644637325173192,1.104461481573496,1.2144545221581506,True,SOBREVIVE
FS,0.3,dd_720,magnitud,49,1.2132415862308072,1.05204554179155,1.0,0.0,-0.008122005923846374,0.8743429634558028,1.0481298479554897,0.7385892821860249,0.8016429240825146,True,ARTEFACTO DE ESCALA (atr_ratio 0.87)
FS,0.3,dd_168 ~ sin roc_24 [bajo],magnitud,49,1.0608925423958118,1.2033294773702174,0.8571428571428571,0.0,0.038341147947292015,1.4359283329525898,1.0502797450454449,0.9316085323592432,1.0220996751811713,True,SOBREVIVE
FS,0.3,carry_acum ~ sin roc_24 [bajo],magnitud,49,1.026993843766938,1.336415732983372,0.9183673469387755,0.0,0.02480389391825567,1.2991997492686242,1.0907309230084339,0.8946499686745968,0.9738010473163025,True,SOBREVIVE
FS,0.3,ticket_rel,magnitud,49,1.0192363572635637,1.1466415770907408,0.9795918367346939,0.0,0.01008541331440411,1.0587022446443057,1.0567461199344232,0.9466480669469604,1.0074528623935068,True,SOBREVIVE
FS,0.3,carry_acum [bajo],magnitud,49,0.8735742151277042,1.312676677986012,0.8163265306122449,0.0,0.01973462845207764,1.2165547731108304,1.0506751682877766,0.7427914913727386,0.8173484177261372,True,SOBREVIVE
FS,0.3,ticket_rel ~ sin roc_24 [bajo],magnitud,49,0.8717272827241707,5.855495851378857,0.46938775510204084,0.1265,0.011280721662756397,0.9874021069409625,0.9455239894443507,-0.12555029579266794,0.0745432168639285,False,muere en la correccion (FDR q=0.1)
FS,0.3,dd_168,magnitud,49,0.8686589966789475,0.8765495706863828,0.9183673469387755,0.0,-0.012878908239475115,0.8410422151766842,1.0000412320798424,0.38599433858501175,0.43723581336703726,True,ARTEFACTO DE ESCALA (atr_ratio 0.84)
FS,0.3,roc_720 ~ sin roc_24,magnitud,49,0.8219457170950051,1.1795005885872043,0.8367346938775511,0.0,0.03054271925222013,1.3967433935631166,1.0432543491315016,0.7104508342907234,0.8123401246954537,True,SOBREVIVE
FS,0.3,pos_168 ~ sin roc_24,magnitud,49,0.6904036251291767,1.0641174799276845,0.8571428571428571,0.0,0.0038046325181224105,1.0985299959019619,1.0478483973707555,0.49138014982273837,0.5282188025791832,True,SOBREVIVE
FS,0.3,ticket_rel [bajo],magnitud,49,0.6733033615456453,5.909049568639504,0.32653061224489793,0.344,0.008358676964739692,0.980313588277007,0.9333594528454134,-0.35703436838610636,-0.12808635079415853,False,muere en la correccion (FDR q=0.1)
FS,0.3,dd_720 ~ sin roc_24,magnitud,49,0.6314556986782557,0.8681537243209497,0.8367346938775511,0.0,-0.017123197394350097,0.8378051132211422,1.0119008723722662,0.14414022517973565,0.20247591873002374,True,ARTEFACTO DE ESCALA (atr_ratio 0.84)
FS,0.3,pos_168 [bajo],magnitud,49,0.6297368334356561,5.915192068692548,0.40816326530612246,0.366,0.01782764994455082,1.0620652805316977,0.9228965509203078,-0.2622878060521301,-0.15960853995241764,False,muere en la correccion (FDR q=0.1)
FS,0.3,desbal ~ sin roc_24 [bajo],magnitud,49,0.6229057212074209,5.848657005019895,0.32653061224489793,0.367,0.006010984954152454,0.9817865968528047,0.9636066928790765,-0.3071531513625004,-0.17029793308134988,False,muere en la correccion (FDR q=0.1)
FS,0.3,desbal [bajo],magnitud,49,0.6224956880732889,5.846889119937988,0.3673469387755102,0.3675,0.00621380120892105,0.985211343475191,0.9624794115472448,-0.3301124781245181,-0.17662157551854654,False,muere en la correccion (FDR q=0.1)
FS,0.3,desbal_168,magnitud,49,0.6036421322045823,0.6826521238205214,0.8775510204081632,0.0,-0.0034556487575792376,0.9380580845342938,0.9922074942777575,1.1338569844399815,1.1960734791056822,True,ARTEFACTO DE ESCALA (atr_ratio 0.94)
FS,0.3,ticket_rel ~ sin roc_24,magnitud,49,0.5864565233817565,0.9480168442908179,0.9183673469387755,0.0005,0.004139835003330426,1.039890188165146,1.0366377204859734,0.5186370354363437,0.56796529646829,True,SOBREVIVE
FS,0.3,turnover ~ sin roc_24 [bajo],magnitud,49,0.5319687086326672,0.9920362813751976,0.7959183673469388,0.0,0.015495968218160319,1.2210928095531488,1.0467765271510197,0.3399150241620518,0.4306584574262196,True,SOBREVIVE
FS,0.3,carry_acum ~ sin roc_24,magnitud,49,0.5245771331735198,0.9930351141986846,0.6938775510204082,0.0005,0.016563635545628678,1.2124886039344824,1.0343824474063186,0.4361775136440303,0.48918835971599367,True,SOBREVIVE
FS,0.3,dd_168 [bajo],magnitud,49,0.5243185699255031,0.9837569509425954,0.7959183673469388,0.0,0.030465471444484214,1.3854133691397443,1.0264775640150763,0.4041617985074545,0.4639610596683414,True,SOBREVIVE
FS,0.3,n_surge ~ sin roc_24 [bajo],magnitud,49,0.364490310917521,0.8305064833853772,0.7346938775510204,0.0005,0.013814758933225714,1.212527541188709,1.033630249151814,0.2443035700613383,0.2836185668520868,True,SOBREVIVE
FS,0.3,dd_168 ~ sin roc_24,magnitud,49,0.33341596580888977,0.8509613392443147,0.7142857142857143,0.0005,-0.0233191972704665,0.7761712871533071,0.9539579313554474,-0.15702611463452562,-0.10995254589562306,True,ARTEFACTO DE ESCALA (atr_ratio 0.78)
FS,0.3,pos_168 ~ sin roc_24 [bajo],magnitud,49,0.26589334545105003,0.6478652495099516,0.673469387755102,0.0015,0.008723276580475775,1.044233259453945,0.9292510860345405,0.11722402254232817,0.16380098282335068,True,SOBREVIVE
FS,0.3,vol_168 ~ sin roc_24 [bajo],magnitud,49,0.18965822538778734,0.7677878615515021,0.5306122448979592,0.037,-0.03616661543448392,0.6368951118192814,0.9293302229046421,-0.3195687489362787,-0.26047996627855796,False,ARTEFACTO DE ESCALA (atr_ratio 0.64)
FS,0.3,vol_24 ~ sin roc_24 [bajo],magnitud,49,0.1880874530003774,0.7690763306239252,0.5714285714285714,0.034,-0.03051559460638487,0.6487777215466184,0.8766461882434199,-0.30230972294162517,-0.2579871558319096,False,ARTEFACTO DE ESCALA (atr_ratio 0.65)
FS,0.3,compresion ~ sin roc_24 [bajo],magnitud,49,0.18597638893640428,0.6290056853462109,0.6122448979591837,0.0145,0.005282652673079011,0.9773596544621572,0.8626046718598365,-0.023535805781227607,0.043999879406388526,True,concentracion: se cae sin el top-3
FS,0.3,desbal_24,magnitud,49,0.16859824287283923,0.7653696145193841,0.6530612244897959,0.058,-0.006006034714879405,0.9393488869385179,0.9568472297172796,-0.05115123222821326,-0.011254595542446047,False,ARTEFACTO DE ESCALA (atr_ratio 0.94)
FS,0.3,roc_72 ~ sin roc_24 [bajo],magnitud,49,0.14358436627617513,0.9930517303928352,0.6326530612244898,0.1525,0.01568143204063096,1.1977400858898213,0.9850098851358309,0.05749557983323304,0.11250285226710778,False,muere en la correccion (FDR q=0.1)
FS,0.3,atr_24 ~ sin roc_24 [bajo],magnitud,49,0.11375568290469626,0.7234850021306609,0.4489795918367347,0.132,-0.03594838166147669,0.6196178962912099,0.8818316033218834,-0.40652335808869133,-0.3441595874951925,False,ARTEFACTO DE ESCALA (atr_ratio 0.62)
FS,0.3,roc_24 [bajo],magnitud,49,0.08932029308954183,0.8276952752711108,0.6938775510204082,0.2105,0.014426691627812733,1.2700724267923371,1.0332243426979977,0.035830837749717535,0.09162949059205516,False,muere en la correccion (FDR q=0.1)
FS,0.3,desbal_24 ~ sin roc_24,magnitud,49,0.06622743619975965,0.6963643578390201,0.46938775510204084,0.2385,-0.007750465248369351,0.9285698703037649,0.9455976272806901,-0.15818347024306254,-0.12227088981178942,False,ARTEFACTO DE ESCALA (atr_ratio 0.93)
FS,0.3,rango_168 ~ sin roc_24 [bajo],magnitud,49,0.05561289667092613,0.7597916731426211,0.40816326530612246,0.3065,-0.030477322287373567,0.7027516307524767,0.9197349592472238,-0.3888853010356676,-0.3488863688643945,False,ARTEFACTO DE ESCALA (atr_ratio 0.70)
FS,0.3,roc_720 ~ sin roc_24 [bajo],magnitud,49,0.03204566487867429,0.9894564556654982,0.6530612244897959,0.363,0.011515455707370038,1.1433709864661419,0.97058960940853,-0.04456612260422563,-0.0005840521121375457,False,dentro del MDE del azar (±0.127)
FS,0.3,vol_168 [bajo],magnitud,49,0.012612179729451145,0.7462507855953612,0.42857142857142855,0.4555,-0.04001980289785199,0.6216187864798178,0.9128155135238717,-0.51009187785526,-0.43328937827861574,False,ARTEFACTO DE ESCALA (atr_ratio 0.62)
FS,0.3,CONTROL azar 2,magnitud,49,-0.014064060799036,0.7281067606756543,0.4489795918367347,1.0,-0.0009851075585086513,1.003785045108116,0.9733340433668203,-0.07985891240771362,-0.052087747430395355,False,control
FS,0.3,dd_720 ~ sin roc_24 [bajo],magnitud,49,-0.04476759176776173,1.067863072735936,0.5102040816326531,1.0,0.025502632418047188,1.27900401229068,0.9254040153448562,-0.14948506555515798,-0.09238474455160245,False,spread <= 0
FS,0.3,rango_168 [bajo],magnitud,49,-0.059923665314154925,0.7708163053280193,0.3673469387755102,1.0,-0.0359266242425272,0.6546889977794224,0.9064296240781353,-0.5641060836583692,-0.5058907948834195,False,spread <= 0
FS,0.3,CONTROL azar 1,magnitud,49,-0.060213391344177615,0.9101822976623494,0.5306122448979592,1.0,-0.0007128757895038621,1.0004463425878105,0.9718345226091484,-0.06351220126170844,-0.08045727722888996,False,control
FS,0.3,compresion [bajo],magnitud,49,-0.10542196199232111,0.636703263658618,0.4489795918367347,1.0,0.0013187626507426065,0.980362745123427,0.8536173028036906,-0.30676311693556163,-0.25914023572795125,False,spread <= 0
FS,0.3,roc_168 ~ sin roc_24 [bajo],magnitud,49,-0.1249241022391523,0.9587291347699224,0.4489795918367347,1.0,0.013111119267490966,1.172442165260493,0.9546927511700182,-0.2004061473764473,-0.1567107962695204,False,spread <= 0
FS,0.3,atr_24 [bajo],magnitud,49,-0.1482100210583747,0.7495425467011302,0.3877551020408163,1.0,-0.040878580995502664,0.6058840244047438,0.8611825919738236,-0.6370408979408199,-0.5919247853794608,False,spread <= 0
FS,0.3,carry_acum,magnitud,49,-0.15504575689794461,0.97869018599311,0.42857142857142855,1.0,0.0061781949464797935,1.0787082249044724,0.9616411575221997,-0.28093386452820196,-0.2061112153118772,False,spread <= 0
FS,0.3,vol_24 [bajo],magnitud,49,-0.17149976592729224,0.7741380378964481,0.32653061224489793,1.0,-0.0382856344632268,0.6112374151218458,0.8442231834773495,0.2250450430970965,-0.630634966482174,False,spread <= 0
FS,0.3,CONTROL azar 3,magnitud,49,-0.17224766816795797,0.9404365751848942,0.3877551020408163,1.0,-0.0020811187740925907,1.0089918577343897,0.9760383748367041,-0.16728465368545928,-0.1404098639058915,False,control
FS,0.3,roc_72 [bajo],magnitud,49,-0.18155183141793252,0.9176906456499963,0.40816326530612246,1.0,0.011910421811528151,1.16751349287717,0.9567449316847316,-0.1961066356573269,-0.14832086387448523,False,spread <= 0
FS,0.3,desbal,magnitud,49,-0.18488068431339827,0.9768469708616132,0.42857142857142855,1.0,-0.006902153871043412,0.9493267697462032,0.9438264235287596,-0.27663239156577024,-0.24085651175962017,False,spread <= 0
FS,0.3,desbal_24 ~ sin roc_24 [bajo],magnitud,49,-0.2051171497727473,0.9303291171955699,0.3673469387755102,1.0,-0.002565795461192322,1.0139752043706838,0.9515773796941474,-0.2538436422024269,-0.21938986962395768,False,spread <= 0
FS,0.3,desbal ~ sin roc_24,magnitud,49,-0.23266628554792884,0.9618029114794772,0.40816326530612246,1.0,-0.007545012622025023,0.9462771693967883,0.9388559946092454,-0.3318633842303833,-0.284406151726207,False,spread <= 0
FS,0.3,roc_720 [bajo],magnitud,49,-0.2810779217640153,0.990748909442377,0.3469387755102041,1.0,0.008494560289904201,1.1223369562916181,0.9514574292200888,-0.3249860974503249,-0.2966444172488136,False,spread <= 0
FS,0.3,dd_720 [bajo],magnitud,49,-0.2815879563729435,0.9604934737655676,0.3673469387755102,1.0,0.02259466011671683,1.2716880175017535,0.9203635134645465,-0.3605524022945317,-0.3213458717463347,False,spread <= 0
FS,0.3,desbal_168 ~ sin roc_24 [bajo],magnitud,49,-0.3586300074189166,0.9948483290600244,0.30612244897959184,1.0,0.0030043221748089597,1.0726494553149253,0.9370043978443048,-0.4224862512273153,-0.395298646632912,False,spread <= 0
FS,0.3,desbal_168 [bajo],magnitud,49,-0.4239826922478126,1.0562724353613622,0.22448979591836735,1.0,0.002170223115230682,1.0740584736581382,0.9345402065201256,-0.5022735740104349,-0.4626906096103714,False,spread <= 0
FS,0.3,desbal_24 [bajo],magnitud,49,-0.4580441017075573,0.9868668587789539,0.12244897959183673,1.0,-0.005751756404622466,1.0138672711593122,0.9431929401873855,-0.5367093432903268,-0.4883815722825989,False,spread <= 0
FS,0.3,roc_168 [bajo],magnitud,49,-0.4590663386403925,1.032757083870953,0.2857142857142857,1.0,0.008702098853609527,1.1366826067053852,0.9301847286006752,-0.496095151051174,-0.49181515023849615,False,spread <= 0
FS,0.3,turnover [bajo],magnitud,49,-0.531021127582076,1.0463332730784156,0.12244897959183673,1.0,0.0005865524233238828,1.0359856720061542,0.9018449103836823,-0.6513206797108351,-0.5714692643957053,False,spread <= 0
FS,0.3,n_surge [bajo],magnitud,49,-0.6626479944878166,0.9095470211557434,0.08163265306122448,1.0,0.0009238539399396803,1.039949250079134,0.8952790655138252,-0.6690463235607856,-0.6353837809221421,False,spread <= 0
