sym,t,res,velas,dt,semana,mes,resuelto,pct,cat,win,y,x_crudo,x,q,era
AIUSDT,1777456800000,1,2,2026-04-29 10:00:00+00:00,2026-W18,2026-04,True,0.997750556792873,noncirculating,1.0,0.5538128718226067,-0.0009780211866303803,-0.0009780211866303803,2026Q2,2024-2026
ALTUSDT,1706263200000,1,9,2024-01-26 10:00:00+00:00,2024-W04,2024-01,True,1.13166666625,publicSale,1.0,0.510446075663467,0.05371852373695577,0.0,2024Q1,2024-2026
ALTUSDT,1708077600000,1,8,2024-02-16 10:00:00+00:00,2024-W07,2024-02,True,0.2727272727272727,airdrop,1.0,0.510446075663467,-0.5642714304385626,-0.5642714304385626,2024Q1,2024-2026
ALTUSDT,1708855200000,-1,25,2024-02-25 10:00:00+00:00,2024-W08,2024-02,True,0.09575757545454545,noncirculating,0.0,-0.48955392433653305,-1.0188268586338334,-1.0188268586338334,2024Q1,2024-2026
ALTUSDT,1711447200000,-1,29,2024-03-26 10:00:00+00:00,2024-W13,2024-03,True,0.0873893802785922,noncirculating,0.0,-0.48955392433653305,-1.058541340439168,-1.058541340439168,2024Q1,2024-2026
ALTUSDT,1714125600000,1,54,2024-04-26 10:00:00+00:00,2024-W17,2024-04,True,0.08036622562582209,noncirculating,1.0,0.510446075663467,-1.0949264276951411,-1.0949264276951411,2024Q2,2024-2026
ALTUSDT,1716717600000,-1,92,2024-05-26 10:00:00+00:00,2024-W21,2024-05,True,0.07438794708643216,noncirculating,0.0,-0.48955392433653305,-1.1284974265226533,-1.1284974265226533,2024Q2,2024-2026
ALTUSDT,1719396000000,-1,57,2024-06-26 10:00:00+00:00,2024-W26,2024-06,True,0.06923751079687775,noncirculating,0.0,-0.48955392433653305,-1.1596585541214968,-1.1596585541214968,2024Q2,2024-2026
ALTUSDT,1721988000000,-1,99,2024-07-26 10:00:00+00:00,2024-W30,2024-07,True,0.35594262331551496,privateSale,0.0,-0.48955392433653305,-0.44862000311063815,-0.44862000311063815,2024Q3,2024-2026
ALTUSDT,1735120800000,-1,22,2024-12-25 10:00:00+00:00,2024-W52,2024-12,True,0.10389297605029442,privateSale,0.0,-0.48955392433653305,-0.9834138130367892,-0.9834138130367892,2024Q4,2024-2026
ALTUSDT,1737799200000,-1,44,2025-01-25 10:00:00+00:00,2025-W04,2025-01,True,0.10389297605029442,privateSale,0.0,-0.48955392433653305,-0.9834138130367892,-0.9834138130367892,2025Q1,2024-2026
ALTUSDT,1740391200000,-1,12,2025-02-24 10:00:00+00:00,2025-W09,2025-02,True,0.09411508026984759,privateSale,0.0,-0.48955392433653305,-1.0263407830206743,-1.0263407830206743,2025Q1,2024-2026
ALTUSDT,1743069600000,-1,19,2025-03-27 10:00:00+00:00,2025-W13,2025-03,True,0.0860193611869745,privateSale,0.0,-0.48955392433653305,-1.0654037870086428,-1.0654037870086428,2025Q1,2024-2026
ALTUSDT,1745661600000,-1,39,2025-04-26 10:00:00+00:00,2025-W17,2025-04,True,0.07920610282026543,privateSale,0.0,-0.48955392433653305,-1.1012413547860698,-1.1012413547860698,2025Q2,2024-2026
ALTUSDT,1748253600000,-1,86,2025-05-26 10:00:00+00:00,2025-W22,2025-05,True,0.07339293450368552,privateSale,0.0,-0.48955392433653305,-1.1343457473558398,-1.1343457473558398,2025Q2,2024-2026
ALTUSDT,1750932000000,1,321,2025-06-26 10:00:00+00:00,2025-W26,2025-06,True,0.06837471362490463,privateSale,1.0,0.510446075663467,-1.165104479618427,-1.165104479618427,2025Q2,2024-2026
ALTUSDT,1753524000000,1,21,2025-07-26 10:00:00+00:00,2025-W30,2025-07,True,0.06399881310641942,privateSale,1.0,0.510446075663467,-1.1938280801741188,-1.1938280801741188,2025Q3,2024-2026
ALTUSDT,1756202400000,1,66,2025-08-26 10:00:00+00:00,2025-W35,2025-08,True,0.06014932753502833,privateSale,1.0,0.510446075663467,-1.2207692236767382,-1.2207692236767382,2025Q3,2024-2026
ALTUSDT,1758794400000,1,198,2025-09-25 10:00:00+00:00,2025-W39,2025-09,True,0.056736655839684944,privateSale,1.0,0.510446075663467,-1.2461362658819475,-1.2461362658819475,2025Q3,2024-2026
ALTUSDT,1761472800000,-1,90,2025-10-26 10:00:00+00:00,2025-W43,2025-10,True,0.05369043983299878,privateSale,0.0,-0.48955392433653305,-1.2701030382743872,-1.2701030382743872,2025Q4,2024-2026
ALTUSDT,1764064800000,1,49,2025-11-25 10:00:00+00:00,2025-W48,2025-11,True,0.05095466163810717,privateSale,1.0,0.510446075663467,-1.2928160779755928,-1.2928160779755928,2025Q4,2024-2026
ALTUSDT,1766743200000,1,150,2025-12-26 10:00:00+00:00,2025-W52,2025-12,True,0.04848416729860155,privateSale,1.0,0.510446075663467,-1.3144000588705318,-1.3144000588705318,2025Q4,2024-2026
ALTUSDT,1769335200000,-1,9,2026-01-25 10:00:00+00:00,2026-W04,2026-01,True,0.046242154923063876,privateSale,0.0,-0.48955392433653305,-1.3349619356301519,-1.3349619356301519,2026Q1,2024-2026
ALTUSDT,1771927200000,1,30,2026-02-24 10:00:00+00:00,2026-W09,2026-02,True,0.04419832894848738,privateSale,1.0,0.510446075663467,-1.3545941501570147,-1.3545941501570147,2026Q1,2024-2026
ALTUSDT,1774605600000,1,175,2026-03-27 10:00:00+00:00,2026-W13,2026-03,True,0.04232752315644415,privateSale,1.0,0.510446075663467,-1.3733771440221045,-1.3733771440221045,2026Q1,2024-2026
ALTUSDT,1779876000000,-1,4,2026-05-27 10:00:00+00:00,2026-W22,2026-05,True,0.039023948950710007,privateSale,0.0,-0.48955392433653305,-1.4086687851535367,-1.4086687851535367,2026Q2,2024-2026
ALTUSDT,1782468000000,1,161,2026-06-26 10:00:00+00:00,2026-W26,2026-06,True,0.03755827667891537,privateSale,1.0,0.510446075663467,-1.4252943430834497,-1.4252943430834497,2026Q2,2024-2026
APEUSDT,1650074400000,-1,50,2022-04-16 02:00:00+00:00,2022-W15,2022-04,True,0.026463963963963964,noncirculating,0.0,-0.4601107131227613,-1.5773451035068649,-1.5773451035068649,2022Q2,2021-2023
APEUSDT,1652666400000,-1,5,2022-05-16 02:00:00+00:00,2022-W20,2022-05,True,0.02578167855183763,noncirculating,0.0,-0.4601107131227613,-1.588688810719259,-1.588688810719259,2022Q2,2021-2023
APEUSDT,1655344800000,-1,5,2022-06-16 02:00:00+00:00,2022-W24,2022-06,True,0.025133689839572194,noncirculating,0.0,-0.4601107131227613,-1.5997437486007815,-1.5997437486007815,2022Q2,2021-2023
APEUSDT,1657936800000,1,31,2022-07-16 02:00:00+00:00,2022-W28,2022-07,True,0.024517475221700575,noncirculating,1.0,0.5398892868772387,-1.610524254942345,-1.610524254942345,2022Q3,2021-2023
APEUSDT,1660615200000,-1,69,2022-08-16 02:00:00+00:00,2022-W33,2022-08,True,0.023930753564154784,noncirculating,0.0,-0.4601107131227613,-1.6210436255152134,-1.6210436255152134,2022Q3,2021-2023
APEUSDT,1663207200000,-1,38,2022-09-15 02:00:00+00:00,2022-W37,2022-09,True,0.10293386374937842,insiders,0.0,-0.4601107131227613,-0.9874417251398242,-0.9874417251398242,2022Q3,2021-2023
APEUSDT,1665885600000,-1,118,2022-10-16 02:00:00+00:00,2022-W41,2022-10,True,0.021190261496844005,noncirculating,0.0,-0.4601107131227613,-1.6738636838774237,-1.6738636838774237,2022Q4,2021-2023
APEUSDT,1668477600000,1,85,2022-11-15 02:00:00+00:00,2022-W46,2022-11,True,0.02075055187637969,noncirculating,1.0,0.5398892868772387,-1.6829703484131333,-1.6829703484131333,2022Q4,2021-2023
APEUSDT,1671069600000,-1,38,2022-12-15 02:00:00+00:00,2022-W50,2022-12,True,0.02032871972318339,noncirculating,0.0,-0.4601107131227613,-1.691889971812774,-1.691889971812774,2022Q4,2021-2023
APEUSDT,1673748000000,-1,85,2023-01-15 02:00:00+00:00,2023-W02,2023-01,True,0.019923696481559984,noncirculating,0.0,-0.4601107131227613,-1.700630082949878,-1.700630082949878,2023Q1,2021-2023
APEUSDT,1676340000000,1,29,2023-02-14 02:00:00+00:00,2023-W07,2023-02,True,0.019534497090606815,noncirculating,1.0,0.5398892868772387,-1.7091977650681085,-1.7091977650681085,2023Q1,2021-2023
APEUSDT,1679018400000,1,24,2023-03-17 02:00:00+00:00,2023-W11,2023-03,True,0.10593089476089884,insiders,1.0,0.5398892868772387,-0.9749773593694651,-0.9749773593694651,2023Q1,2021-2023
APEUSDT,1681614000000,-1,92,2023-04-16 03:00:00+00:00,2023-W15,2023-04,True,0.03753702437912964,noncirculating,0.0,-0.4601107131227613,-1.425540157578926,-1.425540157578926,2023Q2,2021-2023
APEUSDT,1684292400000,-1,250,2023-05-17 03:00:00+00:00,2023-W20,2023-05,True,0.036178973373593194,noncirculating,0.0,-0.4601107131227613,-1.4415437609839248,-1.4415437609839248,2023Q2,2021-2023
APEUSDT,1686884400000,1,135,2023-06-16 03:00:00+00:00,2023-W24,2023-06,True,0.034915757126205364,noncirculating,1.0,0.5398892868772387,-1.4569785361185115,-1.4569785361185115,2023Q2,2021-2023
APEUSDT,1689476400000,1,134,2023-07-16 03:00:00+00:00,2023-W28,2023-07,True,0.033737777095172276,noncirculating,1.0,0.5398892868772387,-1.4718835354725492,-1.4718835354725492,2023Q3,2021-2023
APEUSDT,1692154800000,-1,18,2023-08-16 03:00:00+00:00,2023-W33,2023-08,True,0.03263668779714739,noncirculating,0.0,-0.4601107131227613,-1.4862939229700305,-1.4862939229700305,2023Q3,2021-2023
APEUSDT,1694746800000,1,323,2023-09-15 03:00:00+00:00,2023-W37,2023-09,True,0.08225025178648507,insiders,1.0,0.5398892868772387,-1.0848627639030493,-1.0848627639030493,2023Q3,2021-2023
APEUSDT,1697425200000,1,187,2023-10-16 03:00:00+00:00,2023-W42,2023-10,True,0.029203226092351327,noncirculating,1.0,0.5398892868772387,-1.534569169212033,-1.534569169212033,2023Q4,2021-2023
APEUSDT,1700017200000,-1,76,2023-11-15 03:00:00+00:00,2023-W46,2023-11,True,0.0283745963401507,noncirculating,0.0,-0.4601107131227613,-1.5470703080716695,-1.5470703080716695,2023Q4,2021-2023
APEUSDT,1702695600000,-1,55,2023-12-16 03:00:00+00:00,2023-W50,2023-12,True,0.027591693183721323,noncirculating,0.0,-0.4601107131227613,-1.5592216479157324,-1.5592216479157324,2023Q4,2021-2023
APEUSDT,1705287600000,1,55,2024-01-15 03:00:00+00:00,2024-W03,2024-01,True,0.026850833231471298,noncirculating,1.0,0.5398892868772387,-1.5710422327869449,-1.5710422327869449,2024Q1,2024-2026
APEUSDT,1707966000000,1,44,2024-02-15 03:00:00+00:00,2024-W07,2024-02,True,0.026148718355686062,noncirculating,1.0,0.5398892868772387,-1.5825495926358601,-1.5825495926358601,2024Q1,2024-2026
APEUSDT,1710558000000,-1,15,2024-03-16 03:00:00+00:00,2024-W11,2024-03,True,0.025482386605313025,noncirculating,0.0,-0.4601107131227613,-1.5937598996891544,-1.5937598996891544,2024Q1,2024-2026
APEUSDT,1713150000000,1,132,2024-04-15 03:00:00+00:00,2024-W16,2024-04,True,0.024849170437405737,noncirculating,1.0,0.5398892868772387,-1.6046881051387256,-1.6046881051387256,2024Q2,2024-2026
APEUSDT,1715828400000,1,214,2024-05-16 03:00:00+00:00,2024-W20,2024-05,True,0.024246661025056113,noncirculating,1.0,0.5398892868772387,-1.6153480590507612,-1.6153480590507612,2024Q2,2024-2026
APEUSDT,1718420400000,-1,70,2024-06-15 03:00:00+00:00,2024-W24,2024-06,True,0.02367267763488757,noncirculating,0.0,-0.4601107131227613,-1.625752615907567,-1.625752615907567,2024Q2,2024-2026
APEUSDT,1721098800000,-1,214,2024-07-16 03:00:00+00:00,2024-W29,2024-07,True,0.02312524125346528,noncirculating,0.0,-0.4601107131227613,-1.6359137277996465,-1.6359137277996465,2024Q3,2024-2026
APEUSDT,1723690800000,1,158,2024-08-15 03:00:00+00:00,2024-W33,2024-08,True,0.022602551790369057,noncirculating,1.0,0.5398892868772387,-1.6458425269625403,-1.6458425269625403,2024Q3,2024-2026
APEUSDT,1726369200000,1,111,2024-09-15 03:00:00+00:00,2024-W37,2024-09,True,0.0221029683045447,noncirculating,1.0,0.5398892868772387,-1.6555493990877481,-1.6555493990877481,2024Q3,2024-2026
APEUSDT,1728961200000,-1,52,2024-10-15 03:00:00+00:00,2024-W42,2024-10,True,0.021624991796285367,noncirculating,0.0,-0.4601107131227613,-1.6650440486182312,-1.6650440486182312,2024Q4,2024-2026
APEUSDT,1731553200000,-1,12,2024-11-14 03:00:00+00:00,2024-W46,2024-11,True,0.021167250184691493,noncirculating,0.0,-0.4601107131227613,-1.6743355570576752,-1.6743355570576752,2024Q4,2024-2026
APEUSDT,1734231600000,1,21,2024-12-15 03:00:00+00:00,2024-W50,2024-12,True,0.020728485153497744,noncirculating,1.0,0.5398892868772387,-1.6834324351717298,-1.6834324351717298,2024Q4,2024-2026
APEUSDT,1736823600000,1,36,2025-01-14 03:00:00+00:00,2025-W03,2025-01,True,0.02030754059967336,noncirculating,1.0,0.5398892868772387,-1.6923426698332962,-1.6923426698332962,2025Q1,2024-2026
APEUSDT,1739502000000,-1,99,2025-02-14 03:00:00+00:00,2025-W07,2025-02,True,0.019903352461492003,noncirculating,0.0,-0.4601107131227613,-1.7010737661580584,-1.7010737661580584,2025Q1,2024-2026
APEUSDT,1742094000000,1,41,2025-03-16 03:00:00+00:00,2025-W11,2025-03,True,0.019514939737629192,noncirculating,1.0,0.5398892868772387,-1.709632785487294,-1.709632785487294,2025Q1,2024-2026
APEUSDT,1744772400000,1,72,2025-04-16 03:00:00+00:00,2025-W16,2025-04,True,0.019141396537701874,noncirculating,1.0,0.5398892868772387,-1.7180263796996134,-1.7180263796996134,2025Q2,2024-2026
APEUSDT,1747364400000,-1,22,2025-05-16 03:00:00+00:00,2025-W20,2025-05,True,0.018781885028643093,noncirculating,0.0,-0.4601107131227613,-1.7262608222693434,-1.7262608222693434,2025Q2,2024-2026
APEUSDT,1750042800000,-1,55,2025-06-16 03:00:00+00:00,2025-W25,2025-06,True,0.018435629161304767,noncirculating,0.0,-0.4601107131227613,-1.7343420364348476,-1.7343420364348476,2025Q2,2024-2026
APEUSDT,1752634800000,1,50,2025-07-16 03:00:00+00:00,2025-W29,2025-07,True,0.0181019090784233,noncirculating,1.0,0.5398892868772387,-1.742275620793606,-1.742275620793606,2025Q3,2024-2026
APEUSDT,1755226800000,-1,257,2025-08-15 03:00:00+00:00,2025-W33,2025-08,True,0.017780056119145266,noncirculating,0.0,-0.4601107131227613,-1.7500668726010888,-1.7500668726010888,2025Q3,2024-2026
APEUSDT,1757905200000,-1,171,2025-09-15 03:00:00+00:00,2025-W38,2025-09,True,0.017469448347162214,noncirculating,0.0,-0.4601107131227613,-1.7577208090162724,-1.7577208090162724,2025Q3,2024-2026
APEUSDT,1760497200000,-1,36,2025-10-15 03:00:00+00:00,2025-W42,2025-10,True,0.01716950653952374,noncirculating,0.0,-0.4601107131227613,-1.7652421865071963,-1.7652421865071963,2025Q4,2024-2026
APEUSDT,1763175600000,-1,38,2025-11-15 03:00:00+00:00,2025-W46,2025-11,True,0.01687969058169617,noncirculating,0.0,-0.4601107131227613,-1.7726355186045333,-1.7726355186045333,2025Q4,2024-2026
APEUSDT,1765767600000,-1,14,2025-12-15 03:00:00+00:00,2025-W51,2025-12,True,0.015793450881612093,noncirculating,0.0,-0.4601107131227613,-1.8015229659323986,-1.8015229659323986,2025Q4,2024-2026
APEUSDT,1768446000000,1,59,2026-01-15 03:00:00+00:00,2026-W03,2026-01,True,0.015535568274734264,noncirculating,1.0,0.5398892868772387,-1.8086728560834564,-1.8086728560834564,2026Q1,2024-2026
APEUSDT,1771038000000,-1,111,2026-02-14 03:00:00+00:00,2026-W07,2026-02,True,0.015297906602254434,noncirculating,0.0,-0.4601107131227613,-1.8153679948877324,-1.8153679948877324,2026Q1,2024-2026
APTUSDT,1668128400000,-1,13,2022-11-11 01:00:00+00:00,2022-W45,2022-11,True,0.033284809486686315,noncirculating,0.0,-0.46110056925996207,-1.4777539244902178,-1.4777539244902178,2022Q4,2021-2023
APTUSDT,1670720400000,-1,25,2022-12-11 01:00:00+00:00,2022-W49,2022-12,True,0.030852995268037697,noncirculating,0.0,-0.46110056925996207,-1.5107026674415955,-1.5107026674415955,2022Q4,2021-2023
APTUSDT,1673398800000,-1,15,2023-01-11 01:00:00+00:00,2023-W02,2023-01,True,0.028729577810695475,noncirculating,0.0,-0.46110056925996207,-1.5416707560419018,-1.5416707560419018,2023Q1,2021-2023
APTUSDT,1675990800000,1,37,2023-02-10 01:00:00+00:00,2023-W06,2023-02,True,0.026925128647128403,noncirculating,1.0,0.5388994307400379,-1.5698422129843168,-1.5698422129843168,2023Q1,2021-2023
APTUSDT,1678669200000,1,21,2023-03-13 01:00:00+00:00,2023-W11,2023-03,True,0.025317545323749916,noncirculating,1.0,0.5388994307400379,-1.5965784038690758,-1.5965784038690758,2023Q1,2021-2023
APTUSDT,1681264800000,1,35,2023-04-12 02:00:00+00:00,2023-W15,2023-04,True,0.023926794136475305,noncirculating,1.0,0.5388994307400379,-1.6211154870158224,-1.6211154870158224,2023Q2,2021-2023
APTUSDT,1683943200000,1,54,2023-05-13 02:00:00+00:00,2023-W19,2023-05,True,0.02266875550868926,noncirculating,1.0,0.5388994307400379,-1.644572321538438,-1.644572321538438,2023Q2,2021-2023
APTUSDT,1686535200000,1,123,2023-06-12 02:00:00+00:00,2023-W24,2023-06,True,0.02156515231015367,noncirculating,1.0,0.5388994307400379,-1.6662474701762404,-1.6662474701762404,2023Q2,2021-2023
APTUSDT,1689127200000,1,40,2023-07-12 02:00:00+00:00,2023-W28,2023-07,True,0.020572352740872255,noncirculating,1.0,0.5388994307400379,-1.6867160377195554,-1.6867160377195554,2023Q3,2021-2023
APTUSDT,1691805600000,-1,89,2023-08-12 02:00:00+00:00,2023-W32,2023-08,True,0.019659004641407078,noncirculating,0.0,-0.46110056925996207,-1.7064384747891135,-1.7064384747891135,2023Q3,2021-2023
APTUSDT,1694397600000,1,334,2023-09-11 02:00:00+00:00,2023-W37,2023-09,True,0.018844949827677312,noncirculating,1.0,0.5388994307400379,-1.7248050144675942,-1.7248050144675942,2023Q3,2021-2023
APTUSDT,1697076000000,1,107,2023-10-12 02:00:00+00:00,2023-W41,2023-10,True,0.018089591472086372,noncirculating,1.0,0.5388994307400379,-1.7425712409578746,-1.7425712409578746,2023Q4,2021-2023
APTUSDT,1699668000000,1,30,2023-11-11 02:00:00+00:00,2023-W45,2023-11,True,0.09519667163353623,insiders,1.0,0.5388994307400379,-1.0213782356119339,-1.0213782356119339,2023Q4,2021-2023
APTUSDT,1702346400000,1,12,2023-12-12 02:00:00+00:00,2023-W50,2023-12,True,0.09172815994669543,insiders,1.0,0.5388994307400379,-1.0374973182880174,-1.0374973182880174,2023Q4,2021-2023
APTUSDT,1704938400000,1,27,2024-01-11 02:00:00+00:00,2024-W02,2024-01,True,0.08260914556825073,insiders,1.0,0.5388994307400379,-1.082971869750364,-1.082971869750364,2024Q1,2024-2026
APTUSDT,1707530400000,1,121,2024-02-10 02:00:00+00:00,2024-W06,2024-02,True,0.07516212459933536,insiders,1.0,0.5388994307400379,-1.1240009522446557,-1.1240009522446557,2024Q1,2024-2026
APTUSDT,1710208800000,-1,15,2024-03-12 02:00:00+00:00,2024-W11,2024-03,True,0.06893529943229312,insiders,0.0,-0.46110056925996207,-1.1615583336379054,-1.1615583336379054,2024Q1,2024-2026
APTUSDT,1712800800000,-1,36,2024-04-11 02:00:00+00:00,2024-W15,2024-04,True,0.0637045365991105,insiders,0.0,-0.46110056925996207,-1.1958296390962686,-1.1958296390962686,2024Q2,2024-2026
APTUSDT,1715479200000,-1,70,2024-05-12 02:00:00+00:00,2024-W19,2024-05,True,0.026953545650242387,insiders,0.0,-0.46110056925996207,-1.5693840967091879,-1.5693840967091879,2024Q2,2024-2026
APTUSDT,1718071200000,-1,86,2024-06-11 02:00:00+00:00,2024-W24,2024-06,True,0.02518983828047541,insiders,0.0,-0.46110056925996207,-1.5987746206766626,-1.5987746206766626,2024Q2,2024-2026
APTUSDT,1720749600000,1,52,2024-07-12 02:00:00+00:00,2024-W28,2024-07,True,0.02432898654480736,insiders,1.0,0.5388994307400379,-1.6138759817870176,-1.6138759817870176,2024Q3,2024-2026
APTUSDT,1723341600000,1,33,2024-08-11 02:00:00+00:00,2024-W32,2024-08,True,0.02353758669029076,insiders,1.0,0.5388994307400379,-1.6282380674406816,-1.6282380674406816,2024Q3,2024-2026
APTUSDT,1726020000000,-1,131,2024-09-11 02:00:00+00:00,2024-W37,2024-09,True,0.02279466477178812,insiders,0.0,-0.46110056925996207,-1.6421667903377868,-1.6421667903377868,2024Q3,2024-2026
APTUSDT,1728612000000,1,33,2024-10-11 02:00:00+00:00,2024-W41,2024-10,True,0.022108081019276967,insiders,1.0,0.5388994307400379,-1.6554489525324354,-1.6554489525324354,2024Q4,2024-2026
APTUSDT,1731204000000,1,3,2024-11-10 02:00:00+00:00,2024-W45,2024-11,True,0.021466237738506398,insiders,1.0,0.5388994307400379,-1.668244065139084,-1.668244065139084,2024Q4,2024-2026
APTUSDT,1733882400000,1,13,2024-12-11 02:00:00+00:00,2024-W50,2024-12,True,0.02086002642259276,insiders,1.0,0.5388994307400379,-1.6806851458050314,-1.6806851458050314,2024Q4,2024-2026
APTUSDT,1736474400000,-1,84,2025-01-10 02:00:00+00:00,2025-W02,2025-01,True,0.02029600194333119,insiders,0.0,-0.46110056925996207,-1.6925895042028625,-1.6925895042028625,2025Q1,2024-2026
APTUSDT,1739152800000,1,6,2025-02-10 02:00:00+00:00,2025-W07,2025-02,True,0.019761497164740172,insiders,1.0,0.5388994307400379,-1.7041801556110419,-1.7041801556110419,2025Q1,2024-2026
APTUSDT,1741744800000,1,177,2025-03-12 02:00:00+00:00,2025-W11,2025-03,True,0.01926225031855305,insiders,1.0,0.5388994307400379,-1.7152929776558694,-1.7152929776558694,2025Q1,2024-2026
APTUSDT,1744423200000,1,31,2025-04-12 02:00:00+00:00,2025-W15,2025-04,True,0.01878776030704601,insiders,1.0,0.5388994307400379,-1.7261249891525794,-1.7261249891525794,2025Q2,2024-2026
APTUSDT,1747015200000,-1,80,2025-05-12 02:00:00+00:00,2025-W20,2025-05,True,0.01834109627915242,insiders,0.0,-0.46110056925996207,-1.7365747093553467,-1.7365747093553467,2025Q2,2024-2026
APTUSDT,1749607200000,-1,46,2025-06-11 02:00:00+00:00,2025-W24,2025-06,True,0.017914919728439022,insiders,0.0,-0.46110056925996207,-1.7467851334411633,-1.7467851334411633,2025Q2,2024-2026
APTUSDT,1752285600000,1,112,2025-07-12 02:00:00+00:00,2025-W28,2025-07,True,0.01750480967311123,insiders,1.0,0.5388994307400379,-1.7568426068850618,-1.7568426068850618,2025Q3,2024-2026
APTUSDT,1754877600000,-1,194,2025-08-11 02:00:00+00:00,2025-W33,2025-08,True,0.017115727558644024,insiders,0.0,-0.46110056925996207,-1.7666046350602258,-1.7666046350602258,2025Q3,2024-2026
APTUSDT,1760148000000,-1,19,2025-10-11 02:00:00+00:00,2025-W41,2025-10,True,0.016383911954225127,insiders,0.0,-0.46110056925996207,-1.7855823945602767,-1.7855823945602767,2025Q4,2024-2026
APTUSDT,1762826400000,-1,22,2025-11-11 02:00:00+00:00,2025-W46,2025-11,True,0.01603936902581759,insiders,0.0,-0.46110056925996207,-1.7948127204655455,-1.7948127204655455,2025Q4,2024-2026
APTUSDT,1765418400000,-1,109,2025-12-11 02:00:00+00:00,2025-W50,2025-12,True,0.015711294323289476,insiders,0.0,-0.46110056925996207,-1.803788035564248,-1.803788035564248,2025Q4,2024-2026
APTUSDT,1768096800000,1,62,2026-01-11 02:00:00+00:00,2026-W02,2026-01,True,0.015393786468639667,insiders,1.0,0.5388994307400379,-1.8126545419505473,-1.8126545419505473,2026Q1,2024-2026
APTUSDT,1770688800000,-1,30,2026-02-10 02:00:00+00:00,2026-W07,2026-02,True,0.015090968284210126,insiders,0.0,-0.46110056925996207,-1.821282893624137,-1.821282893624137,2026Q1,2024-2026
APTUSDT,1773280800000,1,107,2026-03-12 02:00:00+00:00,2026-W11,2026-03,True,0.014799653954215994,insiders,1.0,0.5388994307400379,-1.829748439167979,-1.829748439167979,2026Q1,2024-2026
APTUSDT,1775959200000,1,85,2026-04-12 02:00:00+00:00,2026-W15,2026-04,True,0.014517055763775481,insiders,1.0,0.5388994307400379,-1.8381214549307914,-1.8381214549307914,2026Q2,2024-2026
APTUSDT,1778551200000,-1,75,2026-05-12 02:00:00+00:00,2026-W20,2026-05,True,0.014246944464275544,insiders,0.0,-0.46110056925996207,-1.8462782686095067,-1.8462782686095067,2026Q2,2024-2026
APTUSDT,1781229600000,1,83,2026-06-12 02:00:00+00:00,2026-W24,2026-06,True,0.01398453861107934,insiders,1.0,0.5388994307400379,-1.8543518576419529,-1.8543518576419529,2026Q2,2024-2026
ASTERUSDT,1760659200000,-1,6,2025-10-17 00:00:00+00:00,2025-W42,2025-10,True,0.21012658227848102,airdrop,0.0,-0.5496535796766744,-0.6775190032503863,-0.6775190032503863,2025Q4,2024-2026
ASTERUSDT,1763251200000,1,9,2025-11-16 00:00:00+00:00,2025-W46,2025-11,True,0.03417015341701534,staking,1.0,0.4503464203233256,-1.4663530713032678,-1.4663530713032678,2025Q4,2024-2026
ASTERUSDT,1765929600000,-1,21,2025-12-17 00:00:00+00:00,2025-W51,2025-12,True,0.11732973701955496,airdrop,0.0,-0.5496535796766744,-0.9305919027457823,-0.9305919027457823,2025Q4,2024-2026
ASTERUSDT,1777334400000,1,204,2026-04-28 00:00:00+00:00,2026-W18,2026-04,True,0.041575499411005856,airdrop,1.0,0.4503464203233256,-1.381162525268001,-1.381162525268001,2026Q2,2024-2026
ASTERUSDT,1780963200000,1,173,2026-06-09 00:00:00+00:00,2026-W24,2026-06,True,0.03223727605822647,airdrop,1.0,0.4503464203233256,-1.4916416617447177,-1.4916416617447177,2026Q2,2024-2026
AVAXUSDT,1611360000000,-1,75,2021-01-23 00:00:00+00:00,2021-W03,2021-01,True,3.327965025502632,insiders,0.0,-0.4813672577743511,0.5221787535228246,0.0,2021Q1,2021-2023
AVAXUSDT,1619323200000,1,8,2021-04-25 04:00:00+00:00,2021-W16,2021-04,True,0.6984020047611443,insiders,1.0,0.5186327422256489,-0.15589452265951287,-0.15589452265951287,2021Q2,2021-2023
AVAXUSDT,1627196400000,1,21,2021-07-25 07:00:00+00:00,2021-W29,2021-07,True,0.3903553347768047,insiders,1.0,0.5186327422256489,-0.40853988098919564,-0.40853988098919564,2021Q3,2021-2023
AVAXUSDT,1635037200000,1,47,2021-10-24 01:00:00+00:00,2021-W42,2021-10,True,0.11723475022829924,publicSale,1.0,0.5186327422256489,-0.9309436375035453,-0.9309436375035453,2021Q4,2021-2023
AVAXUSDT,1642899600000,1,8,2022-01-23 01:00:00+00:00,2022-W03,2022-01,True,0.08976126045211745,publicSale,1.0,0.5186327422256489,-1.04691105756345,-1.04691105756345,2022Q1,2021-2023
AVAXUSDT,1650848400000,-1,111,2022-04-25 01:00:00+00:00,2022-W17,2022-04,True,0.03923778330959335,insiders,0.0,-0.4813672577743511,-1.406295535532771,-1.406295535532771,2022Q2,2021-2023
AVAXUSDT,1658710800000,-1,22,2022-07-25 01:00:00+00:00,2022-W30,2022-07,True,0.03552591909187033,insiders,0.0,-0.4813672577743511,-1.4494546776126163,-1.4494546776126163,2022Q3,2021-2023
AVAXUSDT,1666573200000,1,108,2022-10-24 01:00:00+00:00,2022-W43,2022-10,True,0.03362369371305435,insiders,1.0,0.5186327422256489,-1.473354579085662,-1.473354579085662,2022Q4,2021-2023
AVAXUSDT,1674522000000,-1,21,2023-01-24 01:00:00+00:00,2023-W04,2023-01,True,0.03200867090805105,insiders,0.0,-0.4813672577743511,-1.4947323586357197,-1.4947323586357197,2023Q1,2021-2023
AVAXUSDT,1682388000000,1,34,2023-04-25 02:00:00+00:00,2023-W17,2023-04,True,0.030461020789201102,insiders,1.0,0.5186327422256489,-1.5162555469721046,-1.5162555469721046,2023Q2,2021-2023
AVAXUSDT,1698199200000,1,29,2023-10-25 02:00:00+00:00,2023-W43,2023-10,True,0.027803327839420796,insiders,1.0,0.5186327422256489,-1.5559032193409021,-1.5559032193409021,2023Q4,2021-2023
AVAXUSDT,1706061600000,1,57,2024-01-24 02:00:00+00:00,2024-W04,2024-01,True,0.026816070271639618,insiders,1.0,0.5186327422256489,-1.571604864977572,-1.571604864977572,2024Q1,2024-2026
AVAXUSDT,1713924000000,-1,26,2024-04-24 02:00:00+00:00,2024-W17,2024-04,True,0.02582077360020552,insiders,0.0,-0.4813672577743511,-1.5880307502466897,-1.5880307502466897,2024Q2,2024-2026
AVAXUSDT,1721872800000,-1,170,2024-07-25 02:00:00+00:00,2024-W30,2024-07,True,0.02475591596267776,insiders,0.0,-0.4813672577743511,-1.6063210002483814,-1.6063210002483814,2024Q3,2024-2026
AXLUSDT,1711537200000,1,13,2024-03-27 11:00:00+00:00,2024-W13,2024-03,True,0.011122727297906134,privateSale,1.0,0.5391355140186915,-1.9537887104872913,-1.9537887104872913,2024Q1,2024-2026
AXLUSDT,1714215600000,1,7,2024-04-27 11:00:00+00:00,2024-W17,2024-04,True,0.01058843487173743,privateSale,1.0,0.5391355140186915,-1.9751682303365454,-1.9751682303365454,2024Q2,2024-2026
AXLUSDT,1716807600000,1,37,2024-05-27 11:00:00+00:00,2024-W22,2024-05,True,0.010114530867903582,privateSale,1.0,0.5391355140186915,-1.995054255869514,-1.995054255869514,2024Q2,2024-2026
AXLUSDT,1719486000000,1,70,2024-06-27 11:00:00+00:00,2024-W26,2024-06,True,0.00967030659477298,privateSale,1.0,0.5391355140186915,-2.0145597564953563,-2.0145597564953563,2024Q2,2024-2026
AXLUSDT,1722078000000,-1,79,2024-07-27 11:00:00+00:00,2024-W30,2024-07,True,0.009273064845274064,privateSale,0.0,-0.4608644859813084,-2.0327767032445063,-2.0327767032445063,2024Q3,2024-2026
AXLUSDT,1724756400000,-1,11,2024-08-27 11:00:00+00:00,2024-W35,2024-08,True,0.008897909423390131,privateSale,0.0,-0.4608644859813084,-2.05071201948279,-2.05071201948279,2024Q3,2024-2026
AXLUSDT,1727348400000,1,5,2024-09-26 11:00:00+00:00,2024-W39,2024-09,True,0.008560123804136186,privateSale,1.0,0.5391355140186915,-2.067519954123739,-2.067519954123739,2024Q3,2024-2026
AXLUSDT,1729940400000,-1,54,2024-10-26 11:00:00+00:00,2024-W43,2024-10,True,0.008246878264338587,privateSale,0.0,-0.4608644859813084,-2.0837104161942612,-2.0837104161942612,2024Q4,2024-2026
AXLUSDT,1732618800000,1,23,2024-11-26 11:00:00+00:00,2024-W48,2024-11,True,0.007948341524073992,privateSale,1.0,0.5391355140186915,-2.099723480410464,-2.099723480410464,2024Q4,2024-2026
BABYUSDT,1775818800000,1,91,2026-04-10 11:00:00+00:00,2026-W15,2026-04,True,0.153802843561299,privateSale,1.0,0.5403314917127071,-0.813035635070576,-0.813035635070576,2026Q2,2024-2026
BBUSDT,1744452000000,1,8,2025-04-12 10:00:00+00:00,2025-W15,2025-04,True,0.10148808474480878,privateSale,1.0,0.5197956577266922,-0.9935849433009051,-0.9935849433009051,2025Q2,2024-2026
BBUSDT,1747044000000,-1,8,2025-05-12 10:00:00+00:00,2025-W20,2025-05,True,0.10023551085307024,privateSale,0.0,-0.48020434227330777,-0.9989783918881786,-0.9989783918881786,2025Q2,2024-2026
BBUSDT,1749722400000,-1,14,2025-06-12 10:00:00+00:00,2025-W24,2025-06,True,0.09005975044844027,privateSale,0.0,-0.48020434227330777,-1.0454692607820966,-1.0454692607820966,2025Q2,2024-2026
BBUSDT,1752314400000,1,86,2025-07-12 10:00:00+00:00,2025-W28,2025-07,True,0.08178707906079861,privateSale,1.0,0.5197956577266922,-1.087315301901196,-1.087315301901196,2025Q3,2024-2026
BBUSDT,1754906400000,-1,12,2025-08-11 10:00:00+00:00,2025-W33,2025-08,True,0.07490636142777897,privateSale,0.0,-0.48020434227330777,-1.125481298246255,-1.125481298246255,2025Q3,2024-2026
BBUSDT,1757584800000,1,125,2025-09-11 10:00:00+00:00,2025-W37,2025-09,True,0.06907395784227723,privateSale,1.0,0.5197956577266922,-1.1606856588075798,-1.1606856588075798,2025Q3,2024-2026
BBUSDT,1760176800000,-1,6,2025-10-11 10:00:00+00:00,2025-W41,2025-10,True,0.048361753376029167,privateSale,0.0,-0.48020434227330777,-1.315497961993853,-1.315497961993853,2025Q4,2024-2026
BBUSDT,1762855200000,-1,55,2025-11-11 10:00:00+00:00,2025-W46,2025-11,True,0.04510276453293817,privateSale,0.0,-0.48020434227330777,-1.3457968376208458,-1.3457968376208458,2025Q4,2024-2026
BBUSDT,1765447200000,-1,66,2025-12-11 10:00:00+00:00,2025-W50,2025-12,True,0.042854460956624256,privateSale,0.0,-0.48020434227330777,-1.36800396328555,-1.36800396328555,2025Q4,2024-2026
BBUSDT,1768125600000,1,56,2026-01-11 10:00:00+00:00,2026-W02,2026-01,True,0.04081060083507974,privateSale,1.0,0.5197956577266922,-1.3892270112684146,-1.3892270112684146,2026Q1,2024-2026
BBUSDT,1770717600000,1,41,2026-02-10 10:00:00+00:00,2026-W07,2026-02,True,0.03896107796764208,privateSale,1.0,0.5197956577266922,-1.4093690356506565,-1.4093690356506565,2026Q1,2024-2026
BBUSDT,1773396000000,1,5,2026-03-13 10:00:00+00:00,2026-W11,2026-03,True,0.03726437077328753,privateSale,1.0,0.5197956577266922,-1.4287062076417334,-1.4287062076417334,2026Q1,2024-2026
BBUSDT,1775988000000,1,25,2026-04-12 10:00:00+00:00,2026-W15,2026-04,True,0.03571621391855087,privateSale,1.0,0.5197956577266922,-1.4471345845379313,-1.4471345845379313,2026Q2,2024-2026
BBUSDT,1778580000000,1,21,2026-05-12 10:00:00+00:00,2026-W20,2026-05,True,0.034291563044658274,privateSale,1.0,0.5197956577266922,-1.4648127188454196,-1.4648127188454196,2026Q2,2024-2026
BBUSDT,1781258400000,1,36,2026-06-12 10:00:00+00:00,2026-W24,2026-06,True,0.03297029111772798,privateSale,1.0,0.5197956577266922,-1.4818772181506088,-1.4818772181506088,2026Q2,2024-2026
BBUSDT,1783850400000,-1,118,2026-07-12 10:00:00+00:00,2026-W28,2026-07,True,0.031752544134362,privateSale,0.0,-0.48020434227330777,-1.498221471655504,-1.498221471655504,2026Q3,2024-2026
BERAUSDT,1741395600000,-1,36,2025-03-08 01:00:00+00:00,2025-W10,2025-03,True,0.044045494620782714,airdrop,0.0,-0.45904761904761904,-1.3560985086231527,-1.3560985086231527,2025Q1,2024-2026
BERAUSDT,1746579600000,1,23,2025-05-07 01:00:00+00:00,2025-W19,2025-05,True,0.03919050142928284,airdrop,1.0,0.540952380952381,-1.406819179834542,-1.406819179834542,2025Q2,2024-2026
BERAUSDT,1770339600000,1,13,2026-02-06 01:00:00+00:00,2026-W06,2026-02,True,0.32614755648925275,privateSale,1.0,0.540952380952381,-0.4865858708812123,-0.4865858708812123,2026Q1,2024-2026
BIGTIMEUSDT,1748570400000,-1,20,2025-05-30 02:00:00+00:00,2025-W22,2025-05,True,0.008298755186721992,farming,0.0,-0.4629014396456257,-2.080987046910887,-2.080987046910887,2025Q2,2024-2026
BIGTIMEUSDT,1753927200000,-1,21,2025-07-31 02:00:00+00:00,2025-W31,2025-07,True,0.19801980198019803,farming,0.0,-0.4629014396456257,-0.7032913781186614,-0.7032913781186614,2025Q3,2024-2026
BIGTIMEUSDT,1756432800000,-1,2,2025-08-29 02:00:00+00:00,2025-W35,2025-08,True,0.006600660066006601,farming,0.0,-0.4629014396456257,-2.180412632838324,-2.180412632838324,2025Q3,2024-2026
BIGTIMEUSDT,1764295200000,-1,70,2025-11-28 02:00:00+00:00,2025-W48,2025-11,True,0.006557377049180328,farming,0.0,-0.4629014396456257,-2.1832698436828046,-2.1832698436828046,2025Q4,2024-2026
BIGTIMEUSDT,1772244000000,-1,8,2026-02-28 02:00:00+00:00,2026-W09,2026-02,True,0.006514657980456026,farming,0.0,-0.4629014396456257,-2.1861083798132053,-2.1861083798132053,2026Q1,2024-2026
BIGTIMEUSDT,1775095200000,1,118,2026-04-02 02:00:00+00:00,2026-W14,2026-04,True,0.16260162601626016,farming,1.0,0.5370985603543743,-0.7888751157754167,-0.7888751157754167,2026Q2,2024-2026
BIGTIMEUSDT,1780106400000,-1,85,2026-05-30 02:00:00+00:00,2026-W22,2026-05,True,0.005420054200542005,farming,0.0,-0.4629014396456257,-2.265996370495079,-2.265996370495079,2026Q2,2024-2026
BNBUSDT,1627110000000,1,42,2021-07-24 07:00:00+00:00,2021-W29,2021-07,True,0.11753523959918544,insiders,1.0,0.48644338118022323,-0.9298319030181827,-0.9298319030181827,2021Q3,2021-2023
BNBUSDT,1665104400000,-1,153,2022-10-07 01:00:00+00:00,2022-W40,2022-10,True,0.006043214948112602,burned,0.0,-0.5135566188197768,-2.2187319582719796,-2.2187319582719796,2022Q4,2021-2023
CELOUSDT,1611907200000,1,113,2021-01-29 08:00:00+00:00,2021-W04,2021-01,True,0.00854737267191976,noncirculating,1.0,0.4894643310484894,-2.0681673600598285,-2.0681673600598285,2021Q1,2021-2023
CELOUSDT,1611993600000,1,89,2021-01-30 08:00:00+00:00,2021-W04,2021-01,True,0.044780593674570074,insiders,1.0,0.4894643310484894,-1.348910153099982,-1.348910153099982,2021Q1,2021-2023
CELOUSDT,1614589200000,1,55,2021-03-01 09:00:00+00:00,2021-W09,2021-03,True,0.06079195458147701,insiders,1.0,0.4894643310484894,-1.2161538929652311,-1.2161538929652311,2021Q1,2021-2023
CELOUSDT,1617271200000,1,279,2021-04-01 10:00:00+00:00,2021-W13,2021-04,True,0.05492605852875086,insiders,1.0,0.4894643310484894,-1.260221564652957,-1.260221564652957,2021Q2,2021-2023
CELOUSDT,1619838000000,1,24,2021-05-01 03:00:00+00:00,2021-W17,2021-05,True,0.052810733546307935,insiders,1.0,0.4894643310484894,-1.2772778000763372,-1.2772778000763372,2021Q2,2021-2023
CELOUSDT,1622430000000,1,7,2021-05-31 03:00:00+00:00,2021-W22,2021-05,True,0.009571933541782771,noncirculating,1.0,0.4894643310484894,-2.0190003253675446,-2.0190003253675446,2021Q2,2021-2023
CELOUSDT,1622516400000,1,35,2021-06-01 03:00:00+00:00,2021-W22,2021-06,True,0.040204887459004975,insiders,1.0,0.4894643310484894,-1.3957211492176267,-1.3957211492176267,2021Q2,2021-2023
CELOUSDT,1625108400000,1,17,2021-07-01 03:00:00+00:00,2021-W26,2021-07,True,0.047765654989660296,insiders,1.0,0.4894643310484894,-1.3208842625859785,-1.3208842625859785,2021Q3,2021-2023
CELOUSDT,1627700400000,1,93,2021-07-31 03:00:00+00:00,2021-W30,2021-07,True,0.045588109098815284,insiders,1.0,0.4894643310484894,-1.3411484210680775,-1.3411484210680775,2021Q3,2021-2023
CELOUSDT,1630393200000,-1,2,2021-08-31 07:00:00+00:00,2021-W35,2021-08,True,0.04360044715706201,insiders,0.0,-0.5105356689515106,-1.36050905667525,-1.36050905667525,2021Q3,2021-2023
CELOUSDT,1632992400000,1,25,2021-09-30 09:00:00+00:00,2021-W39,2021-09,True,0.041778869754068,insiders,1.0,0.4894643310484894,-1.3790433131879511,-1.3790433131879511,2021Q3,2021-2023
CELOUSDT,1635670800000,1,229,2021-10-31 09:00:00+00:00,2021-W43,2021-10,True,0.040103395228135795,insiders,1.0,0.4894643310484894,-1.3968188576435525,-1.3968188576435525,2021Q4,2021-2023
CELOUSDT,1638262800000,-1,42,2021-11-30 09:00:00+00:00,2021-W48,2021-11,True,0.03855712365917192,insiders,0.0,-0.5105356689515106,-1.4138953716971787,-1.4138953716971787,2021Q4,2021-2023
CELOUSDT,1640854800000,1,25,2021-12-30 09:00:00+00:00,2021-W52,2021-12,True,0.007084382767981442,noncirculating,1.0,0.4894643310484894,-2.1496979819919417,-2.1496979819919417,2021Q4,2021-2023
CELOUSDT,1640941200000,1,41,2021-12-31 09:00:00+00:00,2021-W52,2021-12,True,0.029829955221435858,insiders,1.0,0.4894643310484894,-1.5253473985688093,-1.5253473985688093,2021Q4,2021-2023
CELOUSDT,1643533200000,1,141,2022-01-30 09:00:00+00:00,2022-W04,2022-01,True,0.03579668893542754,insiders,1.0,0.4894643310484894,-1.4461571421710653,-1.4461571421710653,2022Q1,2021-2023
CELOUSDT,1646125200000,1,80,2022-03-01 09:00:00+00:00,2022-W09,2022-03,True,0.006594716313253579,noncirculating,1.0,0.4894643310484894,-2.1808038818823565,-2.1808038818823565,2022Q1,2021-2023
CELOUSDT,1646211600000,-1,39,2022-03-02 09:00:00+00:00,2022-W09,2022-03,True,0.027781642368793547,insiders,0.0,-0.5105356689515106,-1.5562420836300588,-1.5562420836300588,2022Q1,2021-2023
CELOUSDT,1648803600000,1,28,2022-04-01 09:00:00+00:00,2022-W13,2022-04,True,0.033405104655043545,insiders,1.0,0.4894643310484894,-1.4761871633044814,-1.4761871633044814,2022Q2,2021-2023
CELOUSDT,1651395600000,1,83,2022-05-01 09:00:00+00:00,2022-W17,2022-05,True,0.03232527544577435,insiders,1.0,0.4894643310484894,-1.4904577657802769,-1.4904577657802769,2022Q2,2021-2023
CELOUSDT,1654074000000,-1,11,2022-06-01 09:00:00+00:00,2022-W22,2022-06,True,0.03131307177557557,insiders,0.0,-0.5105356689515106,-1.504274326514501,-1.504274326514501,2022Q2,2021-2023
CELOUSDT,1656666000000,1,86,2022-07-01 09:00:00+00:00,2022-W26,2022-07,True,0.03036233383686774,insiders,1.0,0.4894643310484894,-1.517664848932104,-1.517664848932104,2022Q3,2021-2023
CELOUSDT,1659258000000,1,30,2022-07-31 09:00:00+00:00,2022-W30,2022-07,True,0.005623063081730539,noncirculating,1.0,0.4894643310484894,-2.250027044377168,-2.250027044377168,2022Q3,2021-2023
CELOUSDT,1659344400000,1,6,2022-08-01 09:00:00+00:00,2022-W31,2022-08,True,0.02371123502969346,insiders,1.0,0.4894643310484894,-1.6250458246547959,-1.6250458246547959,2022Q3,2021-2023
CELOUSDT,1661936400000,1,219,2022-08-31 09:00:00+00:00,2022-W35,2022-08,True,0.02862414230778197,insiders,1.0,0.4894643310484894,-1.5432675176329484,-1.5432675176329484,2022Q3,2021-2023
CELOUSDT,1664528400000,-1,62,2022-09-30 09:00:00+00:00,2022-W39,2022-09,True,0.005310110369001132,noncirculating,0.0,-0.5105356689515106,-2.2748964521482806,-2.2748964521482806,2022Q3,2021-2023
CELOUSDT,1664614800000,-1,254,2022-10-01 09:00:00+00:00,2022-W39,2022-10,True,0.022398551942064294,insiders,0.0,-0.5105356689515106,-1.6497800577327595,-1.6497800577327595,2022Q4,2021-2023
CELOUSDT,1667206800000,-1,187,2022-10-31 09:00:00+00:00,2022-W44,2022-10,True,0.027074191298584387,insiders,0.0,-0.5105356689515106,-1.5674445068100331,-1.5674445068100331,2022Q4,2021-2023
CELOUSDT,1669798800000,1,92,2022-11-30 09:00:00+00:00,2022-W48,2022-11,True,0.026360502024058312,insiders,1.0,0.4894643310484894,-1.5790463230536655,-1.5790463230536655,2022Q4,2021-2023
CELOUSDT,1672477200000,1,85,2022-12-31 09:00:00+00:00,2022-W52,2022-12,True,0.0256834727876545,insiders,1.0,0.4894643310484894,-1.5903462535570712,-1.5903462535570712,2022Q4,2021-2023
CELOUSDT,1675069200000,1,104,2023-01-30 09:00:00+00:00,2023-W05,2023-01,True,0.025040349648854786,insiders,1.0,0.4894643310484894,-1.6013596111841297,-1.6013596111841297,2023Q1,2021-2023
CELOUSDT,1677747600000,-1,16,2023-03-02 09:00:00+00:00,2023-W09,2023-03,True,0.024428647767312562,insiders,0.0,-0.5105356689515106,-1.6121005724636492,-1.6121005724636492,2023Q1,2021-2023
CELOUSDT,1680343200000,-1,39,2023-04-01 10:00:00+00:00,2023-W13,2023-04,True,0.022075894426073255,insiders,0.0,-0.5105356689515106,-1.656081691535722,-1.656081691535722,2023Q2,2021-2023
CELOUSDT,1683021600000,-1,135,2023-05-02 10:00:00+00:00,2023-W18,2023-05,True,0.018795313358401455,insiders,0.0,-0.5105356689515106,-1.7259504292643402,-1.7259504292643402,2023Q2,2021-2023
CELOUSDT,1685613600000,1,35,2023-06-01 10:00:00+00:00,2023-W22,2023-06,True,0.018399659211072235,insiders,1.0,0.4894643310484894,-1.735190220692715,-1.735190220692715,2023Q2,2021-2023
CELOUSDT,1688292000000,1,2,2023-07-02 10:00:00+00:00,2023-W26,2023-07,True,0.018020319218227623,insiders,1.0,0.4894643310484894,-1.7442375200446993,-1.7442375200446993,2023Q3,2021-2023
CELOUSDT,1690884000000,1,38,2023-08-01 10:00:00+00:00,2023-W31,2023-08,True,0.017656304731136413,insiders,1.0,0.4894643310484894,-1.7531001842693203,-1.7531001842693203,2023Q3,2021-2023
CELOUSDT,1693476000000,-1,27,2023-08-31 10:00:00+00:00,2023-W35,2023-08,True,0.019849750879025012,insiders,0.0,-0.5105356689515106,-1.702244939406845,-1.702244939406845,2023Q3,2021-2023
CELOUSDT,1696154400000,-1,62,2023-10-01 10:00:00+00:00,2023-W39,2023-10,True,0.016970681587735154,insiders,0.0,-0.5105356689515106,-1.7703007149099046,-1.7703007149099046,2023Q4,2021-2023
CELOUSDT,1698746400000,1,36,2023-10-31 10:00:00+00:00,2023-W44,2023-10,True,0.01369635774380594,insiders,1.0,0.4894643310484894,-1.8633949089072999,-1.8633949089072999,2023Q4,2021-2023
CELOUSDT,1701424800000,1,86,2023-12-01 10:00:00+00:00,2023-W48,2023-12,True,0.0110543990502323,insiders,1.0,0.4894643310484894,-1.95646486197373,-1.95646486197373,2023Q4,2021-2023
CELOUSDT,1704016800000,1,42,2023-12-31 10:00:00+00:00,2023-W52,2023-12,True,0.01090814122539618,insiders,1.0,0.4894643310484894,-1.962249247975253,-1.962249247975253,2023Q4,2021-2023
CELOUSDT,1706695200000,1,141,2024-01-31 10:00:00+00:00,2024-W05,2024-01,True,0.010765703060703997,insiders,1.0,0.4894643310484894,-1.9679576030523922,-1.9679576030523922,2024Q1,2024-2026
CELOUSDT,1709287200000,1,37,2024-03-01 10:00:00+00:00,2024-W09,2024-03,True,0.0106269368538422,insiders,1.0,0.4894643310484894,-1.9735919000281106,-1.9735919000281106,2024Q1,2024-2026
CELOUSDT,1711879200000,-1,40,2024-03-31 10:00:00+00:00,2024-W13,2024-03,True,0.012326434038727553,insiders,0.0,-0.5105356689515106,-1.9091625439470987,-1.9091625439470987,2024Q1,2024-2026
CELOUSDT,1714557600000,1,28,2024-05-01 10:00:00+00:00,2024-W18,2024-05,True,0.009938499652728678,insiders,1.0,0.4894643310484894,-2.0026791731199536,-2.0026791731199536,2024Q2,2024-2026
CELOUSDT,1717149600000,-1,176,2024-05-31 10:00:00+00:00,2024-W22,2024-05,True,0.012024844298520002,insiders,0.0,-0.5105356689515106,-1.9199205382997746,-1.9199205382997746,2024Q2,2024-2026
CELOUSDT,1719828000000,-1,63,2024-07-01 10:00:00+00:00,2024-W27,2024-07,True,0.009702830452437925,insiders,0.0,-0.5105356689515106,-2.0131015574283033,-2.0131015574283033,2024Q3,2024-2026
CELOUSDT,1722420000000,-1,30,2024-07-31 10:00:00+00:00,2024-W31,2024-07,True,0.009589138015622327,insiders,0.0,-0.5105356689515106,-2.018220430564886,-2.018220430564886,2024Q3,2024-2026
CELOUSDT,1725098400000,-1,36,2024-08-31 10:00:00+00:00,2024-W35,2024-08,True,0.009478079091779683,insiders,0.0,-0.5105356689515106,-2.0232796715619012,-2.0232796715619012,2024Q3,2024-2026
CELOUSDT,1727690400000,1,20,2024-09-30 10:00:00+00:00,2024-W40,2024-09,True,0.00936956322652483,insiders,1.0,0.4894643310484894,-2.028280653800729,-2.028280653800729,2024Q3,2024-2026
CELOUSDT,1730368800000,-1,51,2024-10-31 10:00:00+00:00,2024-W44,2024-10,True,0.009263504061081493,insiders,0.0,-0.5105356689515106,-2.03322470375708,-2.03322470375708,2024Q4,2024-2026
CELOUSDT,1732960800000,1,25,2024-11-30 10:00:00+00:00,2024-W48,2024-11,True,0.009159819103074717,insiders,1.0,0.4894643310484894,-2.038113103112958,-2.038113103112958,2024Q4,2024-2026
CELOUSDT,1735552800000,1,112,2024-12-30 10:00:00+00:00,2025-W01,2024-12,True,0.011091250385766784,insiders,1.0,0.4894643310484894,-1.9550194903677274,-1.9550194903677274,2024Q4,2024-2026
CELOUSDT,1738231200000,-1,65,2025-01-30 10:00:00+00:00,2025-W05,2025-01,True,0.008959259902023398,insiders,0.0,-0.5105356689515106,-2.0477278646395196,-2.0477278646395196,2025Q1,2024-2026
CELOUSDT,1740823200000,1,30,2025-03-01 10:00:00+00:00,2025-W09,2025-03,True,0.010850557877282396,insiders,1.0,0.4894643310484894,-1.964547932156763,-1.964547932156763,2025Q1,2024-2026
CVXUSDT,1640570400000,1,4,2021-12-27 02:00:00+00:00,2021-W52,2021-12,True,0.005650760441542236,Uncategorized,1.0,0.5122850122850122,-2.2478931038013026,-2.2478931038013026,2021Q4,2021-2023
CVXUSDT,1641607200000,-1,60,2022-01-08 02:00:00+00:00,2022-W01,2022-01,True,0.0050233364020936715,Uncategorized,0.0,-0.4877149877149877,-2.2990077370940933,-2.291549575240699,2022Q1,2021-2023
CVXUSDT,1645149600000,-1,51,2022-02-18 02:00:00+00:00,2022-W07,2022-02,True,0.013308707959094909,Uncategorized,0.0,-0.4877149877149877,-1.8758641048162583,-1.8758641048162583,2022Q1,2021-2023
CVXUSDT,1647655200000,-1,36,2022-03-19 02:00:00+00:00,2022-W11,2022-03,True,0.0052828830548004215,Uncategorized,0.0,-0.4877149877149877,-2.2771290030206135,-2.2771290030206135,2022Q1,2021-2023
CVXUSDT,1651111200000,-1,40,2022-04-28 02:00:00+00:00,2022-W17,2022-04,True,0.0187247152655216,Uncategorized,0.0,-0.4877149877149877,-1.7275847776099629,-1.7275847776099629,2022Q2,2021-2023
CVXUSDT,1653616800000,1,75,2022-05-27 02:00:00+00:00,2022-W21,2022-05,True,0.005141347844553519,Uncategorized,1.0,0.5122850122850122,-2.288923012382777,-2.288923012382777,2022Q2,2021-2023
CVXUSDT,1656208800000,1,12,2022-06-26 02:00:00+00:00,2022-W25,2022-06,True,0.011394866239775548,Uncategorized,1.0,0.5122850122850122,-1.943290768479949,-1.943290768479949,2022Q2,2021-2023
CVXUSDT,1663293600000,1,127,2022-09-16 02:00:00+00:00,2022-W37,2022-09,True,0.017887006768617902,Uncategorized,1.0,0.5122850122850122,-1.747462328668695,-1.747462328668695,2022Q3,2021-2023
CVXUSDT,1669341600000,-1,85,2022-11-25 02:00:00+00:00,2022-W47,2022-11,True,0.013816145105272747,Uncategorized,0.0,-0.4877149877149877,-1.8596131142008525,-1.8596131142008525,2022Q4,2021-2023
CVXUSDT,1673920800000,1,90,2023-01-17 02:00:00+00:00,2023-W03,2023-01,True,0.014232599461810068,Uncategorized,1.0,0.5122850122850122,-1.8467157725215553,-1.8467157725215553,2023Q1,2021-2023
CVXUSDT,1720839600000,1,51,2024-07-13 03:00:00+00:00,2024-W28,2024-07,True,0.009924205761968539,Uncategorized,1.0,0.5122850122850122,-2.0033042399297423,-2.0033042399297423,2024Q3,2024-2026
CYBERUSDT,1694649600000,1,47,2023-09-14 00:00:00+00:00,2023-W37,2023-09,True,0.15689433524093888,publicSale,1.0,0.4963994239078252,-0.8043927365788632,-0.8043927365788632,2023Q3,2021-2023
CYBERUSDT,1697241600000,-1,85,2023-10-14 00:00:00+00:00,2023-W41,2023-10,True,0.13561682382018364,publicSale,0.0,-0.5036005760921748,-0.8676864311249182,-0.8676864311249182,2023Q4,2021-2023
CYBERUSDT,1699920000000,1,5,2023-11-14 00:00:00+00:00,2023-W46,2023-11,True,0.1951771898979505,farming,1.0,0.4963994239078252,-0.7095709391298671,-0.7095709391298671,2023Q4,2021-2023
CYBERUSDT,1702512000000,-1,104,2023-12-14 00:00:00+00:00,2023-W50,2023-12,True,0.09991931660770573,publicSale,0.0,-0.5036005760921748,-1.0003505449553514,-1.0003505449553514,2023Q4,2021-2023
CYBERUSDT,1705190400000,1,36,2024-01-14 00:00:00+00:00,2024-W02,2024-01,True,0.09084240552831631,publicSale,1.0,0.4963994239078252,-1.041711374079761,-1.041711374079761,2024Q1,2024-2026
CYBERUSDT,1707782400000,1,14,2024-02-13 00:00:00+00:00,2024-W07,2024-02,True,0.1113419875304722,farming,1.0,0.4963994239078252,-0.9533410305069632,-0.9533410305069632,2024Q1,2024-2026
CYBERUSDT,1710460800000,-1,3,2024-03-15 00:00:00+00:00,2024-W11,2024-03,True,0.05150433699318597,noncirculating,0.0,-0.5036005760921748,-1.2881561990577646,-1.2881561990577646,2024Q1,2024-2026
CYBERUSDT,1713052800000,1,5,2024-04-14 00:00:00+00:00,2024-W15,2024-04,True,0.048981573523951834,noncirculating,1.0,0.4963994239078252,-1.309967267357636,-1.309967267357636,2024Q2,2024-2026
CYBERUSDT,1715644800000,1,27,2024-05-14 00:00:00+00:00,2024-W20,2024-05,True,0.08885085050622861,farming,1.0,0.4963994239078252,-1.051338410645466,-1.051338410645466,2024Q2,2024-2026
CYBERUSDT,1718323200000,-1,79,2024-06-14 00:00:00+00:00,2024-W24,2024-06,True,0.04288411762380997,noncirculating,0.0,-0.5036005760921748,-1.3677035214625737,-1.3677035214625737,2024Q2,2024-2026
CYBERUSDT,1720915200000,1,44,2024-07-14 00:00:00+00:00,2024-W28,2024-07,True,0.04112069298890134,noncirculating,1.0,0.4963994239078252,-1.3859395749777643,-1.3859395749777643,2024Q3,2024-2026
CYBERUSDT,1723593600000,-1,42,2024-08-14 00:00:00+00:00,2024-W33,2024-08,True,0.16846009670778989,privateSale,0.0,-0.5036005760921748,-0.7735029543292283,-0.7735029543292283,2024Q3,2024-2026
CYBERUSDT,1726185600000,-1,89,2024-09-13 00:00:00+00:00,2024-W37,2024-09,True,0.036735706329925566,noncirculating,0.0,-0.5036005760921748,-1.4349116054115465,-1.4349116054115465,2024Q3,2024-2026
CYBERUSDT,1728864000000,1,16,2024-10-14 00:00:00+00:00,2024-W42,2024-10,True,0.035434012840139396,noncirculating,1.0,0.4963994239078252,-1.4505796617892153,-1.4505796617892153,2024Q4,2024-2026
CYBERUSDT,1731456000000,-1,4,2024-11-13 00:00:00+00:00,2024-W46,2024-11,True,0.1942350050012294,privateSale,0.0,-0.5036005760921748,-0.7116724988930165,-0.7116724988930165,2024Q4,2024-2026
CYBERUSDT,1734048000000,-1,55,2024-12-13 00:00:00+00:00,2024-W50,2024-12,True,0.029862642068990697,noncirculating,0.0,-0.5036005760921748,-1.524871771117932,-1.524871771117932,2024Q4,2024-2026
CYBERUSDT,1736726400000,-1,8,2025-01-13 00:00:00+00:00,2025-W03,2025-01,True,0.028996723299911865,noncirculating,0.0,-0.5036005760921748,-1.5376510756585717,-1.5376510756585717,2025Q1,2024-2026
CYBERUSDT,1739318400000,1,16,2025-02-12 00:00:00+00:00,2025-W07,2025-02,True,0.1599427365707347,privateSale,1.0,0.4963994239078252,-0.7960354776109773,-0.7960354776109773,2025Q1,2024-2026
CYBERUSDT,1741996800000,1,69,2025-03-15 00:00:00+00:00,2025-W11,2025-03,True,0.024293963954989888,noncirculating,1.0,0.4963994239078252,-1.6145016172111852,-1.6145016172111852,2025Q1,2024-2026
CYBERUSDT,1744588800000,1,60,2025-04-14 00:00:00+00:00,2025-W16,2025-04,True,0.02371776541685979,noncirculating,1.0,0.4963994239078252,-1.6249262306889838,-1.6249262306889838,2025Q2,2024-2026
CYBERUSDT,1747267200000,-1,14,2025-05-15 00:00:00+00:00,2025-W20,2025-05,True,0.13149920255183414,privateSale,0.0,-0.5036005760921748,-0.8810768808501788,-0.8810768808501788,2025Q2,2024-2026
CYBERUSDT,1749859200000,-1,16,2025-06-14 00:00:00+00:00,2025-W24,2025-06,True,0.020475724479865298,noncirculating,0.0,-0.5036005760921748,-1.6887607229232768,-1.6887607229232768,2025Q2,2024-2026
CYBERUSDT,1752537600000,1,24,2025-07-15 00:00:00+00:00,2025-W29,2025-07,True,0.020064881494659504,noncirculating,1.0,0.4963994239078252,-1.6975634009123222,-1.6975634009123222,2025Q3,2024-2026
CYBERUSDT,1755129600000,-1,12,2025-08-14 00:00:00+00:00,2025-W33,2025-08,True,0.11164477245172907,privateSale,0.0,-0.5036005760921748,-0.9521616071068127,-0.9521616071068127,2025Q3,2024-2026
CYBERUSDT,1757721600000,-1,63,2025-09-13 00:00:00+00:00,2025-W37,2025-09,True,0.017694682442902558,noncirculating,0.0,-0.5036005760921748,-1.752157227009661,-1.752157227009661,2025Q3,2024-2026
CYBERUSDT,1760400000000,-1,6,2025-10-14 00:00:00+00:00,2025-W42,2025-10,True,0.017387024564604926,noncirculating,0.0,-0.5036005760921748,-1.759774732300634,-1.759774732300634,2025Q4,2024-2026
CYBERUSDT,1762992000000,-1,28,2025-11-13 00:00:00+00:00,2025-W46,2025-11,True,0.09699931405178105,privateSale,0.0,-0.5036005760921748,-1.0132313369149892,-1.0132313369149892,2025Q4,2024-2026
CYBERUSDT,1765670400000,-1,38,2025-12-14 00:00:00+00:00,2025-W50,2025-12,True,0.015578753916518133,noncirculating,0.0,-0.5036005760921748,-1.807467282788134,-1.807467282788134,2025Q4,2024-2026
CYBERUSDT,1768262400000,1,23,2026-01-13 00:00:00+00:00,2026-W03,2026-01,True,0.015339779270134992,noncirculating,1.0,0.4963994239078252,-1.8141808895690494,-1.8141808895690494,2026Q1,2024-2026
CYBERUSDT,1770940800000,1,72,2026-02-13 00:00:00+00:00,2026-W07,2026-02,True,0.08575062593720083,privateSale,1.0,0.4963994239078252,-1.0667627011384841,-1.0667627011384841,2026Q1,2024-2026
CYBERUSDT,1773532800000,1,58,2026-03-15 00:00:00+00:00,2026-W11,2026-03,True,0.01391482089251457,noncirculating,1.0,0.4963994239078252,-1.856522379404908,-1.856522379404908,2026Q1,2024-2026
CYBERUSDT,1776124800000,1,67,2026-04-14 00:00:00+00:00,2026-W16,2026-04,True,0.013723855895770246,noncirculating,1.0,0.4963994239078252,-1.862523850802426,-1.862523850802426,2026Q2,2024-2026
CYBERUSDT,1778803200000,-1,31,2026-05-15 00:00:00+00:00,2026-W20,2026-05,True,0.076839772826811,privateSale,0.0,-0.5036005760921748,-1.1144139277797382,-1.1144139277797382,2026Q2,2024-2026
CYBERUSDT,1781395200000,1,37,2026-06-14 00:00:00+00:00,2026-W24,2026-06,True,0.012572029592874519,noncirculating,1.0,0.4963994239078252,-1.9005946053821874,-1.9005946053821874,2026Q2,2024-2026
CYBERUSDT,1784073600000,-1,302,2026-07-15 00:00:00+00:00,2026-W29,2026-07,True,0.012415936077090102,noncirculating,0.0,-0.5036005760921748,-1.9060205320264876,-1.9060205320264876,2026Q3,2024-2026
DOLOUSDT,1777003200000,1,85,2026-04-24 04:00:00+00:00,2026-W17,2026-04,True,0.2596251506874919,Uncategorized,1.0,0.5111821086261981,-0.5856532383904901,-0.5856532383904901,2026Q2,2024-2026
DYMUSDT,1707282000000,1,5,2024-02-07 05:00:00+00:00,2024-W06,2024-02,True,0.9997676152818965,noncirculating,1.0,0.5742407199100112,-0.00010093512909603487,-0.00010093512909603487,2024Q1,2024-2026
FFUSDT,1761699600000,1,17,2025-10-29 01:00:00+00:00,2025-W44,2025-10,True,0.017806267806267807,airdrop,1.0,0.5642023346303502,-1.7494270991217489,-1.7494270991217489,2025Q4,2024-2026
FFUSDT,1764291600000,-1,16,2025-11-28 01:00:00+00:00,2025-W48,2025-11,True,0.017494751574527637,airdrop,0.0,-0.4357976653696498,-1.7570922201189327,-1.7570922201189327,2025Q4,2024-2026
FFUSDT,1766970000000,-1,28,2025-12-29 01:00:00+00:00,2026-W01,2025-12,True,0.0171939477303989,airdrop,0.0,-0.4357976653696498,-1.7646243978509815,-1.7646243978509815,2025Q4,2024-2026
FFUSDT,1769562000000,-1,61,2026-01-28 01:00:00+00:00,2026-W05,2026-01,True,0.016903313049357674,airdrop,0.0,-0.4357976653696498,-1.7720281653248549,-1.7720281653248549,2026Q1,2024-2026
FFUSDT,1772240400000,-1,98,2026-02-28 01:00:00+00:00,2026-W09,2026-02,True,0.05452127659574467,ecosystem,0.0,-0.4357976653696498,-1.2634339838719069,-1.2634339838719069,2026Q1,2024-2026
FFUSDT,1774832400000,1,281,2026-03-30 01:00:00+00:00,2026-W14,2026-03,True,0.03727926749509483,ecosystem,1.0,0.5642023346303502,-1.4285326297398286,-1.4285326297398286,2026Q1,2024-2026
FFUSDT,1777424400000,1,297,2026-04-29 01:00:00+00:00,2026-W18,2026-04,True,0.027932960893854747,ecosystem,1.0,0.5642023346303502,-1.5538830266438743,-1.5538830266438743,2026Q2,2024-2026
FFUSDT,1777510800000,1,273,2026-04-30 01:00:00+00:00,2026-W18,2026-04,True,0.007246376811594203,airdrop,1.0,0.5642023346303502,-2.1398790864012365,-2.1398790864012365,2026Q2,2024-2026
FFUSDT,1780102800000,1,48,2026-05-30 01:00:00+00:00,2026-W22,2026-05,True,0.0341726618705036,ecosystem,1.0,0.5642023346303502,-1.4663211906292284,-1.4663211906292284,2026Q2,2024-2026
FFUSDT,1782694800000,1,40,2026-06-29 01:00:00+00:00,2026-W27,2026-06,True,0.03304347826086956,ecosystem,1.0,0.5642023346303502,-1.4809142437368015,-1.4809142437368015,2026Q2,2024-2026
FLOWUSDT,1634194800000,-1,56,2021-10-14 07:00:00+00:00,2021-W41,2021-10,True,0.08796986488042152,publicSale,0.0,-0.4323935558112773,-1.0556660750944946,-1.0556660750944946,2021Q4,2021-2023
FLOWUSDT,1665730800000,-1,161,2022-10-14 07:00:00+00:00,2022-W41,2022-10,True,0.24662219252982248,privateSale,0.0,-0.4323935558112773,-0.6079678455846427,-0.6079678455846427,2022Q4,2021-2023
GLMRUSDT,1645502400000,1,6,2022-02-22 04:00:00+00:00,2022-W08,2022-02,True,0.562361781203816,publicSale,1.0,0.5251980982567354,-0.24998420217082912,-0.24998420217082912,2022Q1,2021-2023
GLMRUSDT,1647921600000,1,150,2022-03-22 04:00:00+00:00,2022-W12,2022-03,True,0.03088315876822065,privateSale,1.0,0.5251980982567354,-1.5102782858800543,-1.5102782858800543,2022Q1,2021-2023
GLMRUSDT,1648094400000,1,94,2022-03-24 04:00:00+00:00,2022-W12,2022-03,True,0.05272295026246997,privateSale,1.0,0.5251980982567354,-1.2780002955524894,-1.2780002955524894,2022Q1,2021-2023
GLMRUSDT,1650513600000,-1,30,2022-04-21 04:00:00+00:00,2022-W16,2022-04,True,0.027687414704510457,privateSale,0.0,-0.47480190174326464,-1.5577175943440966,-1.5577175943440966,2022Q2,2021-2023
GLMRUSDT,1650686400000,-1,40,2022-04-23 04:00:00+00:00,2022-W16,2022-04,True,0.04601817000122261,privateSale,0.0,-0.47480190174326464,-1.337070655858015,-1.337070655858015,2022Q2,2021-2023
GLMRUSDT,1653105600000,1,31,2022-05-21 04:00:00+00:00,2022-W20,2022-05,True,0.024476881293558503,privateSale,1.0,0.5251980982567354,-1.6112439183598883,-1.6112439183598883,2022Q2,2021-2023
GLMRUSDT,1653364800000,-1,9,2022-05-24 04:00:00+00:00,2022-W21,2022-05,True,0.04076082581872974,privateSale,0.0,-0.47480190174326464,-1.3897570257234075,-1.3897570257234075,2022Q2,2021-2023
GLMRUSDT,1655784000000,-1,26,2022-06-21 04:00:00+00:00,2022-W25,2022-06,True,0.021901151356387673,privateSale,0.0,-0.47480190174326464,-1.6595330534437964,-1.6595330534437964,2022Q2,2021-2023
GLMRUSDT,1655956800000,1,6,2022-06-23 04:00:00+00:00,2022-W25,2022-06,True,0.0366333227363747,privateSale,1.0,0.5251980982567354,-1.4361236879249615,-1.4361236879249615,2022Q2,2021-2023
GLMRUSDT,1658376000000,1,25,2022-07-21 04:00:00+00:00,2022-W29,2022-07,True,0.019835163906670818,privateSale,1.0,0.5251980982567354,-1.70256420640896,-1.70256420640896,2022Q3,2021-2023
GLMRUSDT,1658635200000,-1,52,2022-07-24 04:00:00+00:00,2022-W29,2022-07,True,0.03320993313922416,privateSale,0.0,-0.47480190174326464,-1.4787319987555814,-1.4787319987555814,2022Q3,2021-2023
GLMRUSDT,1661054400000,-1,123,2022-08-21 04:00:00+00:00,2022-W33,2022-08,True,0.02019916698158972,privateSale,0.0,-0.47480190174326464,-1.6946665405909334,-1.6946665405909334,2022Q3,2021-2023
GLMRUSDT,1661227200000,-1,83,2022-08-23 04:00:00+00:00,2022-W34,2022-08,True,0.030346027830877722,privateSale,0.0,-0.47480190174326464,-1.5178981482140845,-1.5178981482140845,2022Q3,2021-2023
GLMRUSDT,1663646400000,-1,42,2022-09-20 04:00:00+00:00,2022-W38,2022-09,True,0.0185621558880671,privateSale,0.0,-0.47480190174326464,-1.731371584371647,-1.731371584371647,2022Q3,2021-2023
GLMRUSDT,1663905600000,-1,177,2022-09-23 04:00:00+00:00,2022-W38,2022-09,True,0.027905906485525215,privateSale,0.0,-0.47480190174326464,-1.5543038654509456,-1.5543038654509456,2022Q3,2021-2023
GLMRUSDT,1666324800000,1,317,2022-10-21 04:00:00+00:00,2022-W42,2022-10,True,0.017152628614004,privateSale,1.0,0.5251980982567354,-1.765669315558303,-1.765669315558303,2022Q4,2021-2023
GLMRUSDT,1666497600000,1,161,2022-10-23 04:00:00+00:00,2022-W42,2022-10,True,0.02585550914336302,privateSale,1.0,0.5251980982567354,-1.5874469057365863,-1.5874469057365863,2022Q4,2021-2023
GLMRUSDT,1668916800000,-1,20,2022-11-20 04:00:00+00:00,2022-W46,2022-11,True,0.01595757516232276,privateSale,0.0,-0.47480190174326464,-1.7970331013079865,-1.7970331013079865,2022Q4,2021-2023
GLMRUSDT,1669089600000,1,33,2022-11-22 04:00:00+00:00,2022-W47,2022-11,True,0.024085795912627158,privateSale,1.0,0.5251980982567354,-1.618238997896326,-1.618238997896326,2022Q4,2021-2023
GLMRUSDT,1671768000000,-1,278,2022-12-23 04:00:00+00:00,2022-W51,2022-12,True,0.021417230271743852,privateSale,0.0,-0.47480190174326464,-1.6692366938904468,-1.6692366938904468,2022Q4,2021-2023
GLMRUSDT,1674187200000,1,21,2023-01-20 04:00:00+00:00,2023-W03,2023-01,True,0.01328487549310333,privateSale,1.0,0.5251980982567354,-1.8766425114766294,-1.8766425114766294,2023Q1,2021-2023
GLMRUSDT,1674360000000,1,11,2023-01-22 04:00:00+00:00,2023-W03,2023-01,True,0.012964068209540956,insiders,1.0,0.5251980982567354,-1.8872586926236814,-1.8872586926236814,2023Q1,2021-2023
GLMRUSDT,1676779200000,1,39,2023-02-19 04:00:00+00:00,2023-W07,2023-02,True,0.011058665520043767,privateSale,1.0,0.5251980982567354,-1.9562972773937248,-1.9562972773937248,2023Q1,2021-2023
GLMRUSDT,1679457600000,-1,130,2023-03-22 04:00:00+00:00,2023-W12,2023-03,True,0.011856667105582015,privateSale,0.0,-0.47480190174326464,-1.9260373734569765,-1.9260373734569765,2023Q1,2021-2023
GLMRUSDT,1682053200000,1,15,2023-04-21 05:00:00+00:00,2023-W16,2023-04,True,0.011418927326006948,privateSale,1.0,0.5251980982567354,-1.9423746910355513,-1.9423746910355513,2023Q2,2021-2023
GLMRUSDT,1687323600000,1,29,2023-06-21 05:00:00+00:00,2023-W25,2023-06,True,0.010626440144973102,privateSale,1.0,0.5251980982567354,-1.9736121996652942,-1.9736121996652942,2023Q2,2021-2023
GLMRUSDT,1689915600000,1,8,2023-07-21 05:00:00+00:00,2023-W29,2023-07,True,0.009207358665004392,privateSale,1.0,0.5251980982567354,-2.035864938938409,-2.035864938938409,2023Q3,2021-2023
GLMRUSDT,1692594000000,-1,274,2023-08-21 05:00:00+00:00,2023-W34,2023-08,True,0.009936813436285169,privateSale,0.0,-0.47480190174326464,-2.0027528639841115,-2.0027528639841115,2023Q3,2021-2023
GLMRUSDT,1695186000000,1,120,2023-09-20 05:00:00+00:00,2023-W38,2023-09,True,0.008628426022300595,privateSale,1.0,0.5251980982567354,-2.064068420063854,-2.064068420063854,2023Q3,2021-2023
GLMRUSDT,1697864400000,1,65,2023-10-21 05:00:00+00:00,2023-W42,2023-10,True,0.0093312415504409,privateSale,1.0,0.5251980982567354,-2.030060568189954,-2.030060568189954,2023Q4,2021-2023
GLMRUSDT,1700456400000,-1,41,2023-11-20 05:00:00+00:00,2023-W47,2023-11,True,0.00905796757611828,privateSale,0.0,-0.47480190174326464,-2.0429692382498947,-2.0429692382498947,2023Q4,2021-2023
GLMRUSDT,1703134800000,1,13,2023-12-21 05:00:00+00:00,2023-W51,2023-12,True,0.008795239747214498,privateSale,1.0,0.5251980982567354,-2.0557523177217907,-2.0557523177217907,2023Q4,2021-2023
GLMRUSDT,1771736400000,-1,35,2026-02-22 05:00:00+00:00,2026-W08,2026-02,True,0.026438038526909385,farming,0.0,-0.47480190174326464,-1.5777707688739568,-1.5777707688739568,2026Q1,2024-2026
GMTUSDT,1649376000000,1,3,2022-04-08 00:00:00+00:00,2022-W14,2022-04,True,0.03,noncirculating,1.0,0.5398692810457517,-1.5228787452803376,-1.5228787452803376,2022Q2,2021-2023
GMTUSDT,1651968000000,-1,36,2022-05-08 00:00:00+00:00,2022-W18,2022-05,True,0.03,noncirculating,0.0,-0.46013071895424834,-1.5228787452803376,-1.5228787452803376,2022Q2,2021-2023
GMTUSDT,1654646400000,1,8,2022-06-08 00:00:00+00:00,2022-W23,2022-06,True,0.02912621359223301,noncirculating,1.0,0.5398692810457517,-1.5357159699855099,-1.5357159699855099,2022Q2,2021-2023
GMTUSDT,1657238400000,-1,73,2022-07-08 00:00:00+00:00,2022-W27,2022-07,True,0.02830188679245283,noncirculating,0.0,-0.46013071895424834,-1.5481846105451078,-1.5481846105451078,2022Q3,2021-2023
GMTUSDT,1659916800000,1,28,2022-08-08 00:00:00+00:00,2022-W32,2022-08,True,0.027522935779816515,noncirculating,1.0,0.5398692810457517,-1.5603052432209612,-1.5603052432209612,2022Q3,2021-2023
GMTUSDT,1662508800000,1,54,2022-09-07 00:00:00+00:00,2022-W36,2022-09,True,0.07125,Uncategorized,1.0,0.5398692810457517,-1.1472151313194523,-1.1472151313194523,2022Q3,2021-2023
GMTUSDT,1665187200000,-1,125,2022-10-08 00:00:00+00:00,2022-W40,2022-10,True,0.06939130434782609,Uncategorized,0.0,-0.46013071895424834,-1.1586949490028822,-1.1586949490028822,2022Q4,2021-2023
GMTUSDT,1667779200000,1,10,2022-11-07 00:00:00+00:00,2022-W45,2022-11,True,0.0648885997723207,Uncategorized,1.0,0.5398692810457517,-1.1878315973579001,-1.1878315973579001,2022Q4,2021-2023
GMTUSDT,1670371200000,-1,193,2022-12-07 00:00:00+00:00,2022-W49,2022-12,True,0.06093463653023824,Uncategorized,0.0,-0.46013071895424834,-1.2151357750531555,-1.2151357750531555,2022Q4,2021-2023
GMTUSDT,1673049600000,1,47,2023-01-07 00:00:00+00:00,2023-W01,2023-01,True,0.057434863970059015,Uncategorized,1.0,0.5398692810457517,-1.240824403187607,-1.240824403187607,2023Q1,2021-2023
GMTUSDT,1675641600000,-1,75,2023-02-06 00:00:00+00:00,2023-W06,2023-02,True,0.05431527361829567,Uncategorized,0.0,-0.46013071895424834,-1.2650780283225267,-1.2650780283225267,2023Q1,2021-2023
GMTUSDT,1678320000000,-1,20,2023-03-09 00:00:00+00:00,2023-W10,2023-03,True,0.11803873466752744,privateSale,0.0,-0.46013071895424834,-0.9279754546266356,-0.9279754546266356,2023Q1,2021-2023
GMTUSDT,1680915600000,-1,303,2023-04-08 01:00:00+00:00,2023-W14,2023-04,True,0.11225564833005894,privateSale,0.0,-0.46013071895424834,-0.9497917975240943,-0.9497917975240943,2023Q2,2021-2023
GMTUSDT,1683594000000,1,37,2023-05-09 01:00:00+00:00,2023-W19,2023-05,True,0.10092612116521918,privateSale,1.0,0.5398692810457517,-0.9959964174126843,-0.9959964174126843,2023Q2,2021-2023
GMTUSDT,1686186000000,-1,51,2023-06-08 01:00:00+00:00,2023-W23,2023-06,True,0.09167383644090402,privateSale,0.0,-0.46013071895424834,-1.0377545935626327,-1.0377545935626327,2023Q2,2021-2023
GMTUSDT,1688778000000,1,112,2023-07-08 01:00:00+00:00,2023-W27,2023-07,True,0.08397548185251083,privateSale,1.0,0.5398692810457517,-1.0758474954912263,-1.0758474954912263,2023Q3,2021-2023
GMTUSDT,1691456400000,-1,186,2023-08-08 01:00:00+00:00,2023-W32,2023-08,True,0.07746990892173777,privateSale,0.0,-0.46013071895424834,-1.1108669546155654,-1.1108669546155654,2023Q3,2021-2023
GMTUSDT,1694048400000,-1,103,2023-09-07 01:00:00+00:00,2023-W36,2023-09,True,0.07189983523462354,privateSale,0.0,-0.46013071895424834,-1.1432721048434844,-1.1432721048434844,2023Q3,2021-2023
GMTUSDT,1696726800000,-1,39,2023-10-08 01:00:00+00:00,2023-W40,2023-10,True,0.06707700931672006,privateSale,0.0,-0.46013071895424834,-1.1734263090087071,-1.1734263090087071,2023Q4,2021-2023
GMTUSDT,1699318800000,-1,14,2023-11-07 01:00:00+00:00,2023-W45,2023-11,True,0.06286051403138315,privateSale,0.0,-0.46013071895424834,-1.2016220719331308,-1.2016220719331308,2023Q4,2021-2023
GMTUSDT,1701997200000,1,30,2023-12-08 01:00:00+00:00,2023-W49,2023-12,True,0.05619019154232718,privateSale,1.0,0.5398692810457517,-1.250339487470255,-1.250339487470255,2023Q4,2021-2023
GMTUSDT,1704589200000,1,1,2024-01-07 01:00:00+00:00,2024-W01,2024-01,True,0.05305251867682961,privateSale,1.0,0.5398692810457517,-1.275293993073044,-1.275293993073044,2024Q1,2024-2026
GMTUSDT,1707267600000,1,74,2024-02-07 01:00:00+00:00,2024-W06,2024-02,True,0.05037974624806995,privateSale,1.0,0.5398692810457517,-1.2977440242801552,-1.2977440242801552,2024Q1,2024-2026
GMTUSDT,1709859600000,-1,14,2024-03-08 01:00:00+00:00,2024-W10,2024-03,True,0.047963364133805066,privateSale,0.0,-0.46013071895424834,-1.3190903632398103,-1.3190903632398103,2024Q1,2024-2026
GMTUSDT,1712451600000,-1,83,2024-04-07 01:00:00+00:00,2024-W14,2024-04,True,0.0457681687884664,privateSale,0.0,-0.46013071895424834,-1.3394364636044667,-1.3394364636044667,2024Q2,2024-2026
GMTUSDT,1715130000000,1,308,2024-05-08 01:00:00+00:00,2024-W19,2024-05,True,0.043765119415988075,privateSale,1.0,0.5398692810457517,-1.358871882194002,-1.358871882194002,2024Q2,2024-2026
GMTUSDT,1717722000000,-1,17,2024-06-07 01:00:00+00:00,2024-W23,2024-06,True,0.04193004594795783,privateSale,0.0,-0.46013071895424834,-1.3774746616857805,-1.3774746616857805,2024Q2,2024-2026
GMTUSDT,1720400400000,1,7,2024-07-08 01:00:00+00:00,2024-W28,2024-07,True,0.040242668988213576,privateSale,1.0,0.5398692810457517,-1.3953132235680692,-1.3953132235680692,2024Q3,2024-2026
GMTUSDT,1722992400000,1,46,2024-08-07 01:00:00+00:00,2024-W32,2024-08,True,0.04623621718982998,privateSale,1.0,0.5398692810457517,-1.3350177048813427,-1.3350177048813427,2024Q3,2024-2026
GMTUSDT,1725670800000,1,51,2024-09-07 01:00:00+00:00,2024-W36,2024-09,True,0.03294640540812892,Uncategorized,1.0,0.5398692810457517,-1.4821919618460906,-1.4821919618460906,2024Q3,2024-2026
GMTUSDT,1728262800000,-1,59,2024-10-07 01:00:00+00:00,2024-W41,2024-10,True,0.03154232560736399,Uncategorized,0.0,-0.46013071895424834,-1.5011062894088,-1.5011062894088,2024Q4,2024-2026
GMTUSDT,1730854800000,1,24,2024-11-06 01:00:00+00:00,2024-W45,2024-11,True,0.030577829745175134,Uncategorized,1.0,0.5398692810457517,-1.514593341786416,-1.514593341786416,2024Q4,2024-2026
GMTUSDT,1733533200000,-1,53,2024-12-07 01:00:00+00:00,2024-W49,2024-12,True,0.029670568163431124,Uncategorized,0.0,-0.46013071895424834,-1.5276741372733023,-1.5276741372733023,2024Q4,2024-2026
GMTUSDT,1736125200000,-1,49,2025-01-06 01:00:00+00:00,2025-W02,2025-01,True,0.02881559314291458,Uncategorized,0.0,-0.46013071895424834,-1.5403724364316258,-1.5403724364316258,2025Q1,2024-2026
GMTUSDT,1738803600000,-1,44,2025-02-06 01:00:00+00:00,2025-W06,2025-02,True,0.02800851127740611,Uncategorized,0.0,-0.46013071895424834,-1.5527099744034945,-1.5527099744034945,2025Q1,2024-2026
GMTUSDT,1741395600000,-1,39,2025-03-08 01:00:00+00:00,2025-W10,2025-03,True,0.025397014521014328,Uncategorized,0.0,-0.46013071895424834,-1.5952173327207775,-1.5952173327207775,2025Q1,2024-2026
GMTUSDT,1744074000000,-1,24,2025-04-08 01:00:00+00:00,2025-W15,2025-04,True,0.024723414993325508,Uncategorized,0.0,-0.46013071895424834,-1.6068915412562532,-1.6068915412562532,2025Q2,2024-2026
GMTUSDT,1746666000000,1,19,2025-05-08 01:00:00+00:00,2025-W19,2025-05,True,0.024126915254968132,Uncategorized,1.0,0.5398692810457517,-1.6174982012318941,-1.6174982012318941,2025Q2,2024-2026
GMTUSDT,1749344400000,1,58,2025-06-08 01:00:00+00:00,2025-W23,2025-06,True,0.023558520819620742,Uncategorized,1.0,0.5398692810457517,-1.6278519812891536,-1.6278519812891536,2025Q2,2024-2026
GMTUSDT,1751936400000,1,31,2025-07-08 01:00:00+00:00,2025-W28,2025-07,True,0.023016291047781138,Uncategorized,1.0,0.5398692810457517,-1.6379646593013362,-1.6379646593013362,2025Q3,2024-2026
GMTUSDT,1754528400000,1,52,2025-08-07 01:00:00+00:00,2025-W32,2025-08,True,0.01771698746815048,noncirculating,1.0,0.5398692810457517,-1.7516101220191704,-1.7516101220191704,2025Q3,2024-2026
GMTUSDT,1757206800000,1,138,2025-09-07 01:00:00+00:00,2025-W36,2025-09,True,0.017327153205779877,noncirculating,1.0,0.5398692810457517,-1.7612727845785945,-1.7612727845785945,2025Q3,2024-2026
GMTUSDT,1759798800000,-1,61,2025-10-07 01:00:00+00:00,2025-W41,2025-10,True,0.017032036499938997,noncirculating,0.0,-0.46013071895424834,-1.7687334208684005,-1.7687334208684005,2025Q4,2024-2026
GMTUSDT,1762477200000,1,16,2025-11-07 01:00:00+00:00,2025-W45,2025-11,True,0.01674680431754523,noncirculating,1.0,0.5398692810457517,-1.7760680542788605,-1.7760680542788605,2025Q4,2024-2026
GMTUSDT,1765069200000,-1,184,2025-12-07 01:00:00+00:00,2025-W49,2025-12,True,0.016470968235583413,noncirculating,0.0,-0.46013071895424834,-1.7832808703498924,-1.7832808703498924,2025Q4,2024-2026
GMTUSDT,1767747600000,1,56,2026-01-07 01:00:00+00:00,2026-W02,2026-01,True,0.016204071488804195,noncirculating,1.0,0.5398692810457517,-1.7903758494723612,-1.7903758494723612,2026Q1,2024-2026
GMTUSDT,1770339600000,1,15,2026-02-06 01:00:00+00:00,2026-W06,2026-02,True,0.011936293025843779,noncirculating,1.0,0.5398692810457517,-1.923130528180309,-1.923130528180309,2026Q1,2024-2026
GMTUSDT,1772931600000,1,195,2026-03-08 01:00:00+00:00,2026-W10,2026-03,True,0.011748947985204863,noncirculating,1.0,0.5398692810457517,-1.9300010188964813,-1.9300010188964813,2026Q1,2024-2026
GMTUSDT,1775610000000,1,209,2026-04-08 01:00:00+00:00,2026-W15,2026-04,True,0.011612513171969882,noncirculating,1.0,0.5398692810457517,-1.935073780381674,-1.935073780381674,2026Q2,2024-2026
GMTUSDT,1778202000000,1,79,2026-05-08 01:00:00+00:00,2026-W19,2026-05,True,0.011479210686667143,noncirculating,1.0,0.5398692810457517,-1.9400879731061635,-1.9400879731061635,2026Q2,2024-2026
GMTUSDT,1780880400000,1,107,2026-06-08 01:00:00+00:00,2026-W24,2026-06,True,0.011348933883548832,noncirculating,1.0,0.5398692810457517,-1.9450449340865932,-1.9450449340865932,2026Q2,2024-2026
GRTUSDT,1616032800000,-1,114,2021-03-18 02:00:00+00:00,2021-W11,2021-03,True,0.012134294691046054,noncirculating,0.0,-0.47718052738336714,-1.915985462075251,-1.915985462075251,2021Q1,2021-2023
GRTUSDT,1623913200000,-1,26,2021-06-17 07:00:00+00:00,2021-W24,2021-06,True,1.0645543343265997,privateSale,0.0,-0.47718052738336714,0.027167832515551178,0.0,2021Q2,2021-2023
GRTUSDT,1639702800000,1,107,2021-12-17 01:00:00+00:00,2021-W50,2021-12,True,0.42871640488280727,privateSale,1.0,0.5228194726166329,-0.3678298978428386,-0.3678298978428386,2021Q4,2021-2023
GUNUSDT,1745974800000,-1,70,2025-04-30 01:00:00+00:00,2025-W18,2025-04,True,0.11828720132481665,farming,0.0,-0.47046186895810954,-0.927062243493,-0.927062243493,2025Q2,2024-2026
GUNUSDT,1748566800000,-1,15,2025-05-30 01:00:00+00:00,2025-W22,2025-05,True,0.10577533319229955,farming,0.0,-0.47046186895810954,-0.9756155979668951,-0.9756155979668951,2025Q2,2024-2026
GUNUSDT,1751245200000,1,58,2025-06-30 01:00:00+00:00,2025-W27,2025-06,True,0.09565716472163766,farming,1.0,0.5295381310418905,-1.0192824957617317,-1.0192824957617317,2025Q2,2024-2026
GUNUSDT,1753837200000,-1,47,2025-07-30 01:00:00+00:00,2025-W31,2025-07,True,0.08730574471800244,farming,0.0,-0.47046186895810954,-1.0589571787773104,-1.0589571787773104,2025Q3,2024-2026
GUNUSDT,1756515600000,-1,68,2025-08-30 01:00:00+00:00,2025-W35,2025-08,True,0.08511321663722499,farming,0.0,-0.47046186895810954,-1.070002996120611,-1.070002996120611,2025Q3,2024-2026
GUNUSDT,1759107600000,-1,38,2025-09-29 01:00:00+00:00,2025-W40,2025-09,True,0.07878697785045341,farming,0.0,-0.47046186895810954,-1.103545558082013,-1.103545558082013,2025Q3,2024-2026
GUNUSDT,1761786000000,-1,12,2025-10-30 01:00:00+00:00,2025-W44,2025-10,True,0.06861534239055853,farming,0.0,-0.47046186895810954,-1.1635787651887741,-1.1635787651887741,2025Q4,2024-2026
GUNUSDT,1764378000000,-1,47,2025-11-29 01:00:00+00:00,2025-W48,2025-11,True,0.06806215487350713,farming,0.0,-0.47046186895810954,-1.167094305095359,-1.167094305095359,2025Q4,2024-2026
GUNUSDT,1766970000000,1,131,2025-12-29 01:00:00+00:00,2026-W01,2025-12,True,0.06372490080557894,farming,1.0,0.5295381310418905,-1.195690831882598,-1.195690831882598,2025Q4,2024-2026
GUNUSDT,1769648400000,1,22,2026-01-29 01:00:00+00:00,2026-W05,2026-01,True,0.059907313213518706,farming,1.0,0.5295381310418905,-1.2225201576706715,-1.2225201576706715,2026Q1,2024-2026
GUNUSDT,1772240400000,-1,84,2026-02-28 01:00:00+00:00,2026-W09,2026-02,True,0.0533219579822971,farming,0.0,-0.47046186895810954,-1.2730939116720035,-1.2730939116720035,2026Q1,2024-2026
GUNUSDT,1772326800000,-1,62,2026-03-01 01:00:00+00:00,2026-W09,2026-03,True,0.21462938662898287,privateSale,0.0,-0.47046186895810954,-0.6683108155617526,-0.6683108155617526,2026Q1,2024-2026
GUNUSDT,1774918800000,-1,62,2026-03-31 01:00:00+00:00,2026-W14,2026-03,True,0.21462938662898287,privateSale,0.0,-0.47046186895810954,-0.6683108155617526,-0.6683108155617526,2026Q1,2024-2026
GUNUSDT,1777510800000,1,157,2026-04-30 01:00:00+00:00,2026-W18,2026-04,True,0.16965425531914893,privateSale,1.0,0.5295381310418905,-0.7704352427772005,-0.7704352427772005,2026Q2,2024-2026
GUNUSDT,1780189200000,1,10,2026-05-31 01:00:00+00:00,2026-W22,2026-05,True,0.14504649946565407,privateSale,1.0,0.5295381310418905,-0.8384927479443569,-0.8384927479443569,2026Q2,2024-2026
GUNUSDT,1782781200000,1,48,2026-06-30 01:00:00+00:00,2026-W27,2026-06,True,0.126673021168434,privateSale,1.0,0.5295381310418905,-0.8973158713462887,-0.8973158713462887,2026Q2,2024-2026
HBARUSDT,1609459200000,1,45,2021-01-01 00:00:00+00:00,2020-W53,2021-01,True,0.0850388434731385,privateSale,1.0,0.5203786484354457,-1.070382654842351,-1.070382654842351,2021Q1,2021-2023
HBARUSDT,1617242400000,-1,63,2021-04-01 02:00:00+00:00,2021-W13,2021-04,True,0.08122643664522666,privateSale,0.0,-0.4796213515645543,-1.0903025985846824,-1.0903025985846824,2021Q2,2021-2023
HBARUSDT,1625122800000,1,4,2021-07-01 07:00:00+00:00,2021-W26,2021-07,True,0.11474967103287487,privateSale,1.0,0.5203786484354457,-0.9402485508348141,-0.9402485508348141,2021Q3,2021-2023
HBARUSDT,1633050000000,1,15,2021-10-01 01:00:00+00:00,2021-W39,2021-10,True,0.2024226191393161,farming,1.0,0.5203786484354457,-0.6937409601201444,-0.6937409601201444,2021Q4,2021-2023
HBARUSDT,1640998800000,1,39,2022-01-01 01:00:00+00:00,2021-W52,2022-01,True,0.07060162664804079,privateSale,1.0,0.5203786484354457,-1.1511852927707191,-1.1511852927707191,2022Q1,2021-2023
HBARUSDT,1648774800000,-1,119,2022-04-01 01:00:00+00:00,2022-W13,2022-04,True,0.07281982763101186,farming,0.0,-0.4796213515645543,-1.1377503534024733,-1.1377503534024733,2022Q2,2021-2023
HBARUSDT,1656637200000,-1,108,2022-07-01 01:00:00+00:00,2022-W26,2022-07,True,0.12220129361184191,farming,0.0,-0.4796213515645543,-0.9129241966670241,-0.9129241966670241,2022Q3,2021-2023
HBARUSDT,1664586000000,1,253,2022-10-01 01:00:00+00:00,2022-W39,2022-10,True,0.03371185240581081,privateSale,1.0,0.5203786484354457,-1.4722173831207117,-1.4722173831207117,2022Q4,2021-2023
HBARUSDT,1672534800000,1,40,2023-01-01 01:00:00+00:00,2022-W52,2023-01,True,0.1761601645321981,farming,1.0,0.5203786484354457,-0.7540922927445285,-0.7540922927445285,2023Q1,2021-2023
HBARUSDT,1680314400000,-1,67,2023-04-01 02:00:00+00:00,2023-W13,2023-04,True,0.05350597380770569,farming,0.0,-0.4796213515645543,-1.2715977273827253,-1.2715977273827253,2023Q2,2021-2023
HBARUSDT,1688176800000,-1,104,2023-07-01 02:00:00+00:00,2023-W26,2023-07,True,0.03629534964085528,farming,0.0,-0.4796213515645543,-1.4401490155890286,-1.4401490155890286,2023Q3,2021-2023
HBARUSDT,1696125600000,-1,199,2023-10-01 02:00:00+00:00,2023-W39,2023-10,True,0.00530152446412259,noncirculating,0.0,-0.4796213515645543,-2.275599230180737,-2.275599230180737,2023Q4,2021-2023
HBARUSDT,1711936800000,-1,24,2024-04-01 02:00:00+00:00,2024-W14,2024-04,True,0.05708073915926952,farming,0.0,-0.4796213515645543,-1.2435104116836426,-1.2435104116836426,2024Q2,2024-2026
HBARUSDT,1719799200000,-1,71,2024-07-01 02:00:00+00:00,2024-W27,2024-07,True,0.04956994988337939,farming,0.0,-0.4796213515645543,-1.3047815201786253,-1.3047815201786253,2024Q3,2024-2026
HBARUSDT,1727748000000,-1,15,2024-10-01 02:00:00+00:00,2024-W40,2024-10,True,0.016355199243769745,farming,0.0,-0.4796213515645543,-1.7863441608057264,-1.7863441608057264,2024Q4,2024-2026
HBARUSDT,1735696800000,1,14,2025-01-01 02:00:00+00:00,2025-W01,2025-01,True,0.09396955523618179,farming,1.0,0.5203786484354457,-1.0270128286828986,-1.0270128286828986,2025Q1,2024-2026
HBARUSDT,1759284000000,1,132,2025-10-01 02:00:00+00:00,2025-W40,2025-10,True,0.008970709167351754,noncirculating,1.0,0.5203786484354457,-2.047173223032438,-2.047173223032438,2025Q4,2024-2026
HBARUSDT,1767232800000,1,26,2026-01-01 02:00:00+00:00,2026-W01,2026-01,True,0.01216248564337967,noncirculating,1.0,0.5203786484354457,-1.914977659365291,-1.914977659365291,2026Q1,2024-2026
ICPUSDT,1623200400000,1,11,2021-06-09 01:00:00+00:00,2021-W23,2021-06,True,0.028918428493759647,privateSale,1.0,0.5372928176795579,-1.5388253114823645,-1.5388253114823645,2021Q2,2021-2023
ICPUSDT,1625792400000,1,12,2021-07-09 01:00:00+00:00,2021-W27,2021-07,True,0.008211303721941616,privateSale,1.0,0.5372928176795579,-2.0855878837703745,-2.0855878837703745,2021Q3,2021-2023
ICPUSDT,1628470800000,1,1,2021-08-09 01:00:00+00:00,2021-W32,2021-08,True,0.008144427355286072,privateSale,1.0,0.5372928176795579,-2.089139446061699,-2.089139446061699,2021Q3,2021-2023
ICPUSDT,1631077200000,1,24,2021-09-08 05:00:00+00:00,2021-W36,2021-09,True,0.008078631527678768,privateSale,1.0,0.5372928176795579,-2.092662199907598,-2.092662199907598,2021Q3,2021-2023
ICPUSDT,1633762800000,-1,34,2021-10-09 07:00:00+00:00,2021-W40,2021-10,True,0.00801389026115564,privateSale,0.0,-0.462707182320442,-2.096156608908668,-2.096156608908668,2021Q4,2021-2023
ICPUSDT,1635318000000,-1,1,2021-10-27 07:00:00+00:00,2021-W43,2021-10,True,0.011536067937950971,staking,0.0,-0.462707182320442,-1.9379421949798528,-1.9379421949798528,2021Q4,2021-2023
ICPUSDT,1636354800000,1,5,2021-11-08 07:00:00+00:00,2021-W45,2021-11,True,0.007852710690881025,privateSale,1.0,0.5372928176795579,-2.1049804025054537,-2.1049804025054537,2021Q4,2021-2023
ICPUSDT,1639033200000,-1,11,2021-12-09 07:00:00+00:00,2021-W49,2021-12,True,0.00777771701020951,privateSale,0.0,-0.462707182320442,-2.109147862569412,-2.109147862569412,2021Q4,2021-2023
ICPUSDT,1641625200000,-1,11,2022-01-08 07:00:00+00:00,2022-W01,2022-01,True,0.007703292762372453,privateSale,0.0,-0.462707182320442,-2.113323596534906,-2.113323596534906,2022Q1,2021-2023
ICPUSDT,1644217200000,-1,78,2022-02-07 07:00:00+00:00,2022-W06,2022-02,True,0.007630940587609187,privateSale,0.0,-0.462707182320442,-2.117421927728989,-2.117421927728989,2022Q1,2021-2023
ICPUSDT,1646895600000,1,233,2022-03-10 07:00:00+00:00,2022-W10,2022-03,True,0.0075541102435824105,privateSale,1.0,0.5372928176795579,-2.1218166814319592,-2.1218166814319592,2022Q1,2021-2023
ICPUSDT,1649487600000,-1,50,2022-04-09 07:00:00+00:00,2022-W14,2022-04,True,0.007466746456046521,privateSale,0.0,-0.462707182320442,-2.1268685955057354,-2.1268685955057354,2022Q2,2021-2023
ICPUSDT,1652166000000,-1,14,2022-05-10 07:00:00+00:00,2022-W19,2022-05,True,0.006285975000469079,privateSale,0.0,-0.462707182320442,-2.201627350518553,-2.201627350518553,2022Q2,2021-2023
INITUSDT,1745492400000,-1,1,2025-04-24 11:00:00+00:00,2025-W17,2025-04,True,1.0319931757294225,publicSale,0.0,-0.5375982042648709,0.013676825437651868,0.0,2025Q2,2024-2026
INITUSDT,1761217200000,1,84,2025-10-23 11:00:00+00:00,2025-W43,2025-10,True,0.029574531821553892,noncirculating,1.0,0.4624017957351291,-1.529082121727084,-1.529082121727084,2025Q4,2024-2026
INITUSDT,1777028400000,1,6,2026-04-24 11:00:00+00:00,2026-W17,2026-04,True,0.039986443414347206,noncirculating,1.0,0.4624017957351291,-1.3980872223784486,-1.3980872223784486,2026Q2,2024-2026
INJUSDT,1611964800000,1,4,2021-01-30 00:00:00+00:00,2021-W04,2021-01,True,0.09090909090909091,noncirculating,1.0,0.46153846153846156,-1.041392685158225,-1.041392685158225,2021Q1,2021-2023
INJUSDT,1614646800000,-1,65,2021-03-02 01:00:00+00:00,2021-W09,2021-03,True,0.08333333333333333,noncirculating,0.0,-0.5384615384615384,-1.0791812460476249,-1.0791812460476249,2021Q1,2021-2023
INJUSDT,1617242400000,1,17,2021-04-01 02:00:00+00:00,2021-W13,2021-04,True,0.5051282051282051,privateSale,1.0,0.46153846153846156,-0.2965983808649063,-0.2965983808649063,2021Q2,2021-2023
INJUSDT,1619938800000,1,24,2021-05-02 07:00:00+00:00,2021-W17,2021-05,True,0.8871428571428571,noncirculating,1.0,0.46153846153846156,-0.05200643983767665,-0.05200643983767665,2021Q2,2021-2023
INJUSDT,1622530800000,1,25,2021-06-01 07:00:00+00:00,2021-W22,2021-06,True,0.04734848484848485,noncirculating,1.0,0.46153846153846156,-1.3246939138617746,-1.3246939138617746,2021Q2,2021-2023
INJUSDT,1625122800000,1,70,2021-07-01 07:00:00+00:00,2021-W26,2021-07,True,0.24113924050632912,insiders,1.0,0.46153846153846156,-0.6177321112788033,-0.6177321112788033,2021Q3,2021-2023
INJUSDT,1627801200000,-1,46,2021-08-01 07:00:00+00:00,2021-W30,2021-08,True,0.18685121107266436,noncirculating,0.0,-0.5384615384615384,-0.7285040829335794,-0.7285040829335794,2021Q3,2021-2023
INJUSDT,1633050000000,1,7,2021-10-01 01:00:00+00:00,2021-W39,2021-10,True,0.19573370839193624,privateSale,1.0,0.46153846153846156,-0.7083343756298078,-0.7083343756298078,2021Q4,2021-2023
INJUSDT,1635642000000,1,135,2021-10-31 01:00:00+00:00,2021-W43,2021-10,True,0.15585179376592823,noncirculating,1.0,0.46153846153846156,-0.8072881948747167,-0.8072881948747167,2021Q4,2021-2023
INJUSDT,1640912400000,-1,138,2021-12-31 01:00:00+00:00,2021-W52,2021-12,True,0.11026119402985073,insiders,0.0,-0.5384615384615384,-0.9575773088115147,-0.9575773088115147,2021Q4,2021-2023
INJUSDT,1643504400000,-1,28,2022-01-30 01:00:00+00:00,2022-W04,2022-01,True,0.07607583141106918,noncirculating,0.0,-0.5384615384615384,-1.1187532926633021,-1.1187532926633021,2022Q1,2021-2023
INJUSDT,1648774800000,1,8,2022-04-01 01:00:00+00:00,2022-W13,2022-04,True,0.11853891909541317,privateSale,1.0,0.46153846153846156,-0.9261390372204846,-0.9261390372204846,2022Q2,2021-2023
INJUSDT,1651453200000,1,40,2022-05-02 01:00:00+00:00,2022-W18,2022-05,True,0.10089984896752166,noncirculating,1.0,0.46153846153846156,-0.99610948383862,-0.99610948383862,2022Q2,2021-2023
INJUSDT,1656723600000,1,7,2022-07-02 01:00:00+00:00,2022-W26,2022-07,True,0.07494725677591911,insiders,1.0,0.46153846153846156,-1.1252442585980091,-1.1252442585980091,2022Q3,2021-2023
INJUSDT,1659315600000,1,77,2022-08-01 01:00:00+00:00,2022-W31,2022-08,True,0.05340940777761095,noncirculating,1.0,0.46153846153846156,-1.2723822376148652,-1.2723822376148652,2022Q3,2021-2023
INJUSDT,1667178000000,1,8,2022-10-31 01:00:00+00:00,2022-W44,2022-10,True,0.04672897196261682,noncirculating,1.0,0.46153846153846156,-1.3304137733491908,-1.3304137733491908,2022Q4,2021-2023
INJUSDT,1672448400000,1,125,2022-12-31 01:00:00+00:00,2022-W52,2022-12,True,0.05676638549798292,insiders,1.0,0.46153846153846156,-1.245908757848845,-1.245908757848845,2022Q4,2021-2023
INJUSDT,1675126800000,1,15,2023-01-31 01:00:00+00:00,2023-W05,2023-01,True,0.04114920304404948,noncirculating,1.0,0.46153846153846156,-1.3856385715555577,-1.3856385715555577,2023Q1,2021-2023
INJUSDT,1682992800000,-1,108,2023-05-02 02:00:00+00:00,2023-W18,2023-05,True,0.03952286850313088,noncirculating,0.0,-0.5384615384615384,-1.403151542579555,-1.403151542579555,2023Q2,2021-2023
INJUSDT,1688263200000,-1,108,2023-07-02 02:00:00+00:00,2023-W26,2023-07,True,0.049632395043631615,insiders,0.0,-0.5384615384615384,-1.3042347671332013,-1.3042347671332013,2023Q3,2021-2023
IOTAUSDT,1696384800000,-1,206,2023-10-04 02:00:00+00:00,2023-W40,2023-10,True,1.0050355064578422,publicSale,0.0,-0.4841044197467046,0.0021814050264796474,0.0,2023Q4,2021-2023
IOTAUSDT,1697594400000,1,140,2023-10-18 02:00:00+00:00,2023-W42,2023-10,True,0.005098740740952752,noncirculating,1.0,0.5158955802532954,-2.29253707033026,-2.291549575240699,2023Q4,2021-2023
IOTAUSDT,1698804000000,1,94,2023-11-01 02:00:00+00:00,2023-W44,2023-11,True,0.005066125672614883,noncirculating,1.0,0.5158955802532954,-2.295324041105635,-2.291549575240699,2023Q4,2021-2023
IOTAUSDT,1700013600000,-1,164,2023-11-15 02:00:00+00:00,2023-W46,2023-11,True,0.005033925209197125,noncirculating,0.0,-0.4841044197467046,-2.2980932412060664,-2.291549575240699,2023Q4,2021-2023
IOTAUSDT,1701223200000,1,10,2023-11-29 02:00:00+00:00,2023-W48,2023-11,True,0.005002131494903158,noncirculating,1.0,0.5158955802532954,-2.3008448958201866,-2.291549575240699,2023Q4,2021-2023
JTOUSDT,1733457600000,1,41,2024-12-06 04:00:00+00:00,2024-W49,2024-12,True,0.6417796946814298,insiders,1.0,0.4910526315789474,-0.19261402770064448,-0.19261402770064448,2024Q4,2024-2026
JUPUSDT,1720238400000,1,15,2024-07-06 04:00:00+00:00,2024-W27,2024-07,True,0.07055669230226487,launch,1.0,0.48254504504504503,-1.1514617871243313,-1.1514617871243313,2024Q3,2024-2026
JUPUSDT,1737518400000,-1,11,2025-01-22 04:00:00+00:00,2025-W04,2025-01,True,0.33060973881830635,airdrop,0.0,-0.517454954954955,-0.48068435750154836,-0.48068435750154836,2025Q1,2024-2026
JUPUSDT,1738296000000,-1,39,2025-01-31 04:00:00+00:00,2025-W05,2025-01,True,0.18060088495490653,insiders,0.0,-0.517454954954955,-0.7432801259489193,-0.7432801259489193,2025Q1,2024-2026
JUPUSDT,1738382400000,-1,18,2025-02-01 04:00:00+00:00,2025-W05,2025-02,True,0.020274298086920314,insiders,0.0,-0.517454954954955,-1.6930541724930863,-1.6930541724930863,2025Q1,2024-2026
JUPUSDT,1740974400000,-1,10,2025-03-03 04:00:00+00:00,2025-W10,2025-03,True,0.019871419014412032,insiders,0.0,-0.517454954954955,-1.7017711188929783,-1.7017711188929783,2025Q1,2024-2026
JUPUSDT,1742961600000,-1,52,2025-03-26 04:00:00+00:00,2025-W13,2025-03,True,0.03583059295613078,community,0.0,-0.517454954954955,-1.4457460046877888,-1.4457460046877888,2025Q1,2024-2026
JUPUSDT,1743566400000,-1,30,2025-04-02 04:00:00+00:00,2025-W14,2025-04,True,0.018799232013792806,insiders,0.0,-0.517454954954955,-1.725859892171671,-1.725859892171671,2025Q2,2024-2026
JUPUSDT,1746158400000,-1,52,2025-05-02 04:00:00+00:00,2025-W18,2025-05,True,0.018452342152470616,insiders,0.0,-0.517454954954955,-1.73394850108565,-1.73394850108565,2025Q2,2024-2026
JUPUSDT,1748750400000,-1,108,2025-06-01 04:00:00+00:00,2025-W22,2025-06,True,0.018118022207570465,insiders,0.0,-0.517454954954955,-1.7418892123556,-1.7418892123556,2025Q2,2024-2026
JUPUSDT,1751342400000,1,52,2025-07-01 04:00:00+00:00,2025-W27,2025-07,True,0.017795601111436396,insiders,1.0,0.48254504504504503,-1.749687337529724,-1.749687337529724,2025Q3,2024-2026
JUPUSDT,1753934400000,-1,18,2025-07-31 04:00:00+00:00,2025-W31,2025-07,True,0.017484454729420663,insiders,0.0,-0.517454954954955,-1.7573479070605564,-1.7573479070605564,2025Q3,2024-2026
JUPUSDT,1756526400000,-1,65,2025-08-30 04:00:00+00:00,2025-W35,2025-08,True,0.01718400182739922,insiders,0.0,-0.517454954954955,-1.7648756897963347,-1.7648756897963347,2025Q3,2024-2026
JUPUSDT,1759118400000,-1,275,2025-09-29 04:00:00+00:00,2025-W40,2025-09,True,0.016893700448028758,insiders,0.0,-0.517454954954955,-1.7722752108116864,-1.7722752108116864,2025Q3,2024-2026
JUPUSDT,1761710400000,-1,35,2025-10-29 04:00:00+00:00,2025-W44,2025-10,True,0.01661304464821213,insiders,0.0,-0.517454954954955,-1.7795507677445799,-1.7795507677445799,2025Q4,2024-2026
JUPUSDT,1764302400000,-1,68,2025-11-28 04:00:00+00:00,2025-W48,2025-11,True,0.016341561556453266,insiders,0.0,-0.517454954954955,-1.7867064457872337,-1.7867064457872337,2025Q4,2024-2026
JUPUSDT,1766894400000,1,179,2025-12-28 04:00:00+00:00,2025-W52,2025-12,True,0.016078808714097406,insiders,1.0,0.48254504504504503,-1.7937461314619105,-1.7937461314619105,2025Q4,2024-2026
JUPUSDT,1769486400000,1,26,2026-01-27 04:00:00+00:00,2026-W05,2026-01,True,0.015824371669010604,insiders,1.0,0.48254504504504503,-1.8006735252979063,-1.8006735252979063,2026Q1,2024-2026
JUPUSDT,1771992000000,1,12,2026-02-25 04:00:00+00:00,2026-W09,2026-02,True,0.022553337337602744,insiders,1.0,0.48254504504504503,-1.646789184160165,-1.646789184160165,2026Q1,2024-2026
KAITOUSDT,1752973200000,1,47,2025-07-20 01:00:00+00:00,2025-W29,2025-07,True,0.034580029194776506,noncirculating,1.0,0.45607107601184604,-1.4611746444014546,-1.4611746444014546,2025Q3,2024-2026
KAITOUSDT,1755565200000,1,39,2025-08-19 01:00:00+00:00,2025-W34,2025-08,True,0.09671756026354204,farming,1.0,0.45607107601184604,-1.0144946672490713,-1.0144946672490713,2025Q3,2024-2026
KAITOUSDT,1758243600000,-1,73,2025-09-19 01:00:00+00:00,2025-W38,2025-09,True,0.031530478263215644,noncirculating,0.0,-0.543928923988154,-1.5012694417005519,-1.5012694417005519,2025Q3,2024-2026
KAITOUSDT,1760835600000,1,143,2025-10-19 01:00:00+00:00,2025-W42,2025-10,True,0.030566695727986055,noncirculating,1.0,0.45607107601184604,-1.5147515061434915,-1.5147515061434915,2025Q4,2024-2026
KAITOUSDT,1763427600000,-1,23,2025-11-18 01:00:00+00:00,2025-W47,2025-11,True,0.029660084936466852,noncirculating,0.0,-0.543928923988154,-1.527827609633124,-1.527827609633124,2025Q4,2024-2026
KAITOUSDT,1766106000000,1,40,2025-12-19 01:00:00+00:00,2025-W51,2025-12,True,0.0288057052714605,noncirculating,1.0,0.45607107601184604,-1.5405214871531678,-1.5405214871531678,2025Q4,2024-2026
KAITOUSDT,1768698000000,-1,23,2026-01-18 01:00:00+00:00,2026-W03,2026-01,True,0.059025060294845784,noncirculating,0.0,-0.543928923988154,-1.2289635606117015,-1.2289635606117015,2026Q1,2024-2026
KAITOUSDT,1771376400000,-1,120,2026-02-18 01:00:00+00:00,2026-W08,2026-02,True,0.10635934246915883,farming,0.0,-0.543928923988154,-0.9732243562116505,-0.9732243562116505,2026Q1,2024-2026
KAITOUSDT,1773968400000,1,75,2026-03-20 01:00:00+00:00,2026-W12,2026-03,True,0.05189762314362953,noncirculating,1.0,0.45607107601184604,-1.2848525319250241,-1.2848525319250241,2026Q1,2024-2026
KAITOUSDT,1776646800000,1,96,2026-04-20 01:00:00+00:00,2026-W17,2026-04,True,0.04933714270456457,noncirculating,1.0,0.45607107601184604,-1.3068260057091292,-1.3068260057091292,2026Q2,2024-2026
KAITOUSDT,1779238800000,1,17,2026-05-20 01:00:00+00:00,2026-W21,2026-05,True,0.04701743671953027,noncirculating,1.0,0.45607107601184604,-1.3277410512831351,-1.3277410512831351,2026Q2,2024-2026
KAITOUSDT,1781830800000,-1,103,2026-06-19 01:00:00+00:00,2026-W25,2026-06,True,0.04490606848615937,noncirculating,0.0,-0.543928923988154,-1.3476949656343917,-1.3476949656343917,2026Q2,2024-2026
KMNOUSDT,1748487600000,1,7,2025-05-29 03:00:00+00:00,2025-W22,2025-05,True,0.07746193510832275,airdrop,1.0,0.48614318706697457,-1.110911657926116,-1.110911657926116,2025Q2,2024-2026
KMNOUSDT,1763089200000,-1,60,2025-11-14 03:00:00+00:00,2025-W46,2025-11,True,0.016975647230331098,airdrop,0.0,-0.5138568129330254,-1.7701736583904524,-1.7701736583904524,2025Q4,2024-2026
KMNOUSDT,1770606000000,-1,68,2026-02-09 03:00:00+00:00,2026-W07,2026-02,True,0.015047015034896164,airdrop,0.0,-0.5138568129330254,-1.8225496450832575,-1.8225496450832575,2026Q1,2024-2026
LAYERUSDT,1747015200000,-1,77,2025-05-12 02:00:00+00:00,2025-W20,2025-05,True,0.12277036226529114,ecosystem,0.0,-0.4925074925074925,-0.9109064626586669,-0.9109064626586669,2025Q2,2024-2026
LAYERUSDT,1754877600000,-1,82,2025-08-11 02:00:00+00:00,2025-W33,2025-08,True,0.10510668130743235,ecosystem,0.0,-0.4925074925074925,-0.978369676334049,-0.978369676334049,2025Q3,2024-2026
LAYERUSDT,1762740000000,-1,42,2025-11-10 02:00:00+00:00,2025-W46,2025-11,True,0.09510998628936211,ecosystem,0.0,-0.4925074925074925,-1.0217738809314547,-1.0217738809314547,2025Q4,2024-2026
LAYERUSDT,1770688800000,1,52,2026-02-10 02:00:00+00:00,2026-W07,2026-02,True,0.40250628326092147,privateSale,1.0,0.5074925074925075,-0.3952273357576088,-0.3952273357576088,2026Q1,2024-2026
LAYERUSDT,1778551200000,-1,34,2026-05-12 02:00:00+00:00,2026-W20,2026-05,True,0.05858677012544447,ecosystem,0.0,-0.4925074925074925,-1.2322004438829375,-1.2322004438829375,2026Q2,2024-2026
LINKUSDT,1661475600000,-1,22,2022-08-26 01:00:00+00:00,2022-W34,2022-08,True,0.04272551522424602,insiders,0.0,-0.5089032258064516,-1.3693126914463634,-1.3693126914463634,2022Q3,2021-2023
LINKUSDT,1669078800000,1,12,2022-11-22 01:00:00+00:00,2022-W47,2022-11,True,0.0322892118565909,insiders,1.0,0.49109677419354836,-1.49094255549417,-1.49094255549417,2022Q4,2021-2023
LINKUSDT,1677805200000,-1,163,2023-03-03 01:00:00+00:00,2023-W09,2023-03,True,0.017601221272877058,insiders,0.0,-0.5089032258064516,-1.754457197318227,-1.754457197318227,2023Q1,2021-2023
LINKUSDT,1686880800000,1,143,2023-06-16 02:00:00+00:00,2023-W24,2023-06,True,0.03903276227799343,insiders,1.0,0.49109677419354836,-1.408570713396159,-1.408570713396159,2023Q2,2021-2023
LINKUSDT,1694743200000,1,80,2023-09-15 02:00:00+00:00,2023-W37,2023-09,True,0.03367701375522588,insiders,1.0,0.49109677419354836,-1.472666425697501,-1.472666425697501,2023Q3,2021-2023
LINKUSDT,1702605600000,-1,71,2023-12-15 02:00:00+00:00,2023-W50,2023-12,True,0.019806004011418372,insiders,0.0,-0.5089032258064516,-1.703203137325998,-1.703203137325998,2023Q4,2021-2023
LINKUSDT,1706839200000,1,80,2024-02-02 02:00:00+00:00,2024-W05,2024-02,True,0.032367444552934076,insiders,1.0,0.49109677419354836,-1.4898915872940293,-1.4898915872940293,2024Q1,2024-2026
LINKUSDT,1718935200000,-1,72,2024-06-21 02:00:00+00:00,2024-W25,2024-06,True,0.03453892952621621,insiders,0.0,-0.5089032258064516,-1.461691126758764,-1.461691126758764,2024Q2,2024-2026
LINKUSDT,1726797600000,1,116,2024-09-20 02:00:00+00:00,2024-W38,2024-09,True,0.02991577732280524,insiders,1.0,0.49109677419354836,-1.5240997080945722,-1.5240997080945722,2024Q3,2024-2026
LINKUSDT,1734660000000,-1,6,2024-12-20 02:00:00+00:00,2024-W51,2024-12,True,0.01763296409719944,insiders,0.0,-0.5089032258064516,-1.7536746767616642,-1.7536746767616642,2024Q4,2024-2026
LINKUSDT,1741917600000,1,6,2025-03-14 02:00:00+00:00,2025-W11,2025-03,True,0.02891890865458628,insiders,1.0,0.49109677419354836,-1.5388181005280668,-1.5388181005280668,2025Q1,2024-2026
LINKUSDT,1750384800000,-1,43,2025-06-20 02:00:00+00:00,2025-W25,2025-06,True,0.030973013731284953,insiders,0.0,-0.5089032258064516,-1.509016534934194,-1.509016534934194,2025Q2,2024-2026
LINKUSDT,1760061600000,-1,18,2025-10-10 02:00:00+00:00,2025-W41,2025-10,True,0.026910286654658395,insiders,0.0,-0.5089032258064516,-1.570081676005354,-1.570081676005354,2025Q4,2024-2026
LINKUSDT,1766109600000,1,85,2025-12-19 02:00:00+00:00,2025-W51,2025-12,True,0.015889615527587227,insiders,1.0,0.49109677419354836,-1.7988866110536266,-1.7988866110536266,2025Q4,2024-2026
LINKUSDT,1775181600000,1,117,2026-04-03 02:00:00+00:00,2026-W14,2026-04,True,0.026134456201245382,insiders,1.0,0.49109677419354836,-1.5827865321553045,-1.5827865321553045,2026Q2,2024-2026
LINKUSDT,1781834400000,-1,134,2026-06-19 02:00:00+00:00,2026-W25,2026-06,True,0.028074506784198205,insiders,0.0,-0.5089032258064516,-1.5516878647292882,-1.5516878647292882,2026Q2,2024-2026
LISTAUSDT,1718877600000,1,4,2024-06-20 10:00:00+00:00,2024-W25,2024-06,True,1.0262420842895907,publicSale,1.0,0.5056704469646431,0.011249820297914489,0.0,2024Q2,2024-2026
LISTAUSDT,1726740000000,1,52,2024-09-19 10:00:00+00:00,2024-W38,2024-09,True,0.025078918399639206,noncirculating,1.0,0.5056704469646431,-1.6006911976338836,-1.6006911976338836,2024Q3,2024-2026
LISTAUSDT,1734602400000,-1,5,2024-12-19 10:00:00+00:00,2024-W51,2024-12,True,0.022771344917484417,noncirculating,0.0,-0.4943295530353569,-1.6426113183970208,-1.6426113183970208,2024Q4,2024-2026
LISTAUSDT,1742464800000,1,20,2025-03-20 10:00:00+00:00,2025-W12,2025-03,True,0.010426320820872909,noncirculating,1.0,0.5056704469646431,-1.98186891583801,-1.98186891583801,2025Q1,2024-2026
LISTAUSDT,1742551200000,-1,172,2025-03-21 10:00:00+00:00,2025-W12,2025-03,True,0.08267167199647171,insiders,0.0,-0.4943295530353569,-1.0826432788776297,-1.0826432788776297,2025Q1,2024-2026
LISTAUSDT,1750413600000,-1,51,2025-06-20 10:00:00+00:00,2025-W25,2025-06,True,0.13360272796801906,insiders,0.0,-0.4943295530353569,-0.8741846741257271,-0.8741846741257271,2025Q2,2024-2026
LISTAUSDT,1758276000000,1,18,2025-09-19 10:00:00+00:00,2025-W38,2025-09,True,0.07444371117635568,insiders,1.0,0.5056704469646431,-1.128171984503689,-1.128171984503689,2025Q3,2024-2026
LISTAUSDT,1766138400000,1,80,2025-12-19 10:00:00+00:00,2025-W51,2025-12,True,0.06708924127778305,insiders,1.0,0.5056704469646431,-1.1733471195973062,-1.1733471195973062,2025Q4,2024-2026
LISTAUSDT,1774087200000,-1,127,2026-03-21 10:00:00+00:00,2026-W12,2026-03,True,0.06103789850374367,insiders,0.0,-0.4943295530353569,-1.2144004272802233,-1.2144004272802233,2026Q1,2024-2026
LISTAUSDT,1781949600000,-1,68,2026-06-20 10:00:00+00:00,2026-W25,2026-06,True,0.05600893415039428,insiders,0.0,-0.4943295530353569,-1.251742691873425,-1.251742691873425,2026Q2,2024-2026
LQTYUSDT,1678100400000,-1,14,2023-03-06 11:00:00+00:00,2023-W10,2023-03,True,0.009134451618241099,insiders,0.0,-0.5151888341543513,-2.0393175201582525,-2.0393175201582525,2023Q1,2021-2023
LQTYUSDT,1680652800000,-1,73,2023-04-05 00:00:00+00:00,2023-W14,2023-04,True,0.009570495056222943,insiders,0.0,-0.5151888341543513,-2.0190655967450932,-2.0190655967450932,2023Q2,2021-2023
LQTYUSDT,1683244800000,-1,37,2023-05-05 00:00:00+00:00,2023-W18,2023-05,True,0.008866593483367047,insiders,0.0,-0.5151888341543513,-2.052243202663899,-2.052243202663899,2023Q2,2021-2023
LQTYUSDT,1685923200000,-1,15,2023-06-05 00:00:00+00:00,2023-W23,2023-06,True,0.008786720301438478,insiders,0.0,-0.5151888341543513,-2.056173197824889,-2.056173197824889,2023Q2,2021-2023
LQTYUSDT,1688515200000,-1,47,2023-07-05 00:00:00+00:00,2023-W27,2023-07,True,0.00861499993258227,insiders,0.0,-0.5151888341543513,-2.064744721614577,-2.064744721614577,2023Q3,2021-2023
LQTYUSDT,1691193600000,1,38,2023-08-05 00:00:00+00:00,2023-W31,2023-08,True,0.008640103898259718,insiders,1.0,0.48481116584564865,-2.0634810350477766,-2.0634810350477766,2023Q3,2021-2023
LQTYUSDT,1693785600000,1,61,2023-09-04 00:00:00+00:00,2023-W36,2023-09,True,0.008429600400919349,insiders,1.0,0.48481116584564865,-2.074193012301591,-2.074193012301591,2023Q3,2021-2023
LQTYUSDT,1696464000000,1,35,2023-10-05 00:00:00+00:00,2023-W40,2023-10,True,0.008391284686990935,insiders,1.0,0.48481116584564865,-2.0761715445634517,-2.0761715445634517,2023Q4,2021-2023
LQTYUSDT,1699056000000,-1,55,2023-11-04 00:00:00+00:00,2023-W44,2023-11,True,0.008316350059008569,insiders,0.0,-0.5151888341543513,-2.0800672382563867,-2.0800672382563867,2023Q4,2021-2023
LQTYUSDT,1701648000000,-1,59,2023-12-04 00:00:00+00:00,2023-W49,2023-12,True,0.008156066323999104,insiders,0.0,-0.5151888341543513,-2.088519251257101,-2.088519251257101,2023Q4,2021-2023
LQTYUSDT,1704326400000,-1,98,2024-01-04 00:00:00+00:00,2024-W01,2024-01,True,0.008045371342211647,insiders,0.0,-0.5151888341543513,-2.0944539058034195,-2.0944539058034195,2024Q1,2024-2026
LQTYUSDT,1706918400000,1,156,2024-02-03 00:00:00+00:00,2024-W05,2024-02,True,0.007927563136802642,insiders,1.0,0.48481116584564865,-2.1008602904732734,-2.1008602904732734,2024Q1,2024-2026
LQTYUSDT,1709596800000,-1,19,2024-03-05 00:00:00+00:00,2024-W10,2024-03,True,0.007858363745391644,insiders,0.0,-0.5151888341543513,-2.1046678725768646,-2.1046678725768646,2024Q1,2024-2026
LQTYUSDT,1712188800000,1,78,2024-04-04 00:00:00+00:00,2024-W14,2024-04,True,0.007798634696526255,insiders,1.0,0.48481116584564865,-2.1079814223947686,-2.1079814223947686,2024Q2,2024-2026
LQTYUSDT,1714867200000,-1,193,2024-05-05 00:00:00+00:00,2024-W18,2024-05,True,0.007692757609579033,insiders,0.0,-0.5151888341543513,-2.1139179514931934,-2.1139179514931934,2024Q2,2024-2026
LQTYUSDT,1717459200000,1,51,2024-06-04 00:00:00+00:00,2024-W23,2024-06,True,0.0075898369715171055,insiders,1.0,0.48481116584564865,-2.119767552580267,-2.119767552580267,2024Q2,2024-2026
MAVUSDT,1687939200000,-1,1,2023-06-28 08:00:00+00:00,2023-W26,2023-06,True,1.0,farming,0.0,-0.48080438756855576,0.0,0.0,2023Q2,2021-2023
MAVUSDT,1701417600000,1,34,2023-12-01 08:00:00+00:00,2023-W48,2023-12,True,0.03735662009849209,farming,1.0,0.5191956124314443,-1.4276324241704332,-1.4276324241704332,2023Q4,2021-2023
MAVUSDT,1704009600000,1,46,2023-12-31 08:00:00+00:00,2023-W52,2023-12,True,0.03735662009849209,farming,1.0,0.5191956124314443,-1.4276324241704332,-1.4276324241704332,2023Q4,2021-2023
MAVUSDT,1706601600000,1,6,2024-01-30 08:00:00+00:00,2024-W05,2024-01,True,0.03601135749723683,farming,1.0,0.5191956124314443,-1.4435605069973068,-1.4435605069973068,2024Q1,2024-2026
MAVUSDT,1709280000000,1,22,2024-03-01 08:00:00+00:00,2024-W09,2024-03,True,0.034759616520258926,farming,1.0,0.5191956124314443,-1.4589250234792441,-1.4589250234792441,2024Q1,2024-2026
MAVUSDT,1711872000000,-1,21,2024-03-31 08:00:00+00:00,2024-W13,2024-03,True,0.03359197244008255,farming,0.0,-0.48080438756855576,-1.47376449467891,-1.47376449467891,2024Q1,2024-2026
MAVUSDT,1711958400000,1,11,2024-04-01 08:00:00+00:00,2024-W14,2024-04,True,0.12702935954278097,privateSale,1.0,0.5191956124314443,-0.896095891533712,-0.896095891533712,2024Q2,2024-2026
MAVUSDT,1714550400000,1,10,2024-05-01 08:00:00+00:00,2024-W18,2024-05,True,0.03250022575231434,farming,1.0,0.5191956124314443,-1.4881136223243907,-1.4881136223243907,2024Q2,2024-2026
MAVUSDT,1717142400000,1,93,2024-05-31 08:00:00+00:00,2024-W22,2024-05,True,0.031477209342626135,farming,1.0,0.5191956124314443,-1.5020037776097046,-1.5020037776097046,2024Q2,2024-2026
MAVUSDT,1719820800000,-1,57,2024-07-01 08:00:00+00:00,2024-W27,2024-07,True,0.14968905000981994,privateSale,0.0,-0.48080438756855576,-0.8248099678215753,-0.8248099678215753,2024Q3,2024-2026
MAVUSDT,1722412800000,-1,30,2024-07-31 08:00:00+00:00,2024-W31,2024-07,True,0.026053302129140168,farming,0.0,-0.48080438756855576,-1.584137224165689,-1.584137224165689,2024Q3,2024-2026
MAVUSDT,1725004800000,-1,33,2024-08-30 08:00:00+00:00,2024-W35,2024-08,True,0.02495921358761927,farming,0.0,-0.48080438756855576,-1.6027691024807158,-1.6027691024807158,2024Q3,2024-2026
MAVUSDT,1727683200000,-1,15,2024-09-30 08:00:00+00:00,2024-W40,2024-09,True,0.1175124375977735,privateSale,0.0,-0.48080438756855576,-0.9299161649308186,-0.9299161649308186,2024Q3,2024-2026
MAVUSDT,1730275200000,-1,34,2024-10-30 08:00:00+00:00,2024-W44,2024-10,True,0.02111410128030881,farming,0.0,-0.48080438756855576,-1.675427399548535,-1.675427399548535,2024Q4,2024-2026
MAVUSDT,1732953600000,1,5,2024-11-30 08:00:00+00:00,2024-W48,2024-11,True,0.02038030560665679,farming,1.0,0.5191956124314443,-1.6907893079503202,-1.6907893079503202,2024Q4,2024-2026
MAVUSDT,1735545600000,-1,49,2024-12-30 08:00:00+00:00,2025-W01,2024-12,True,0.09672153013439884,privateSale,0.0,-0.48080438756855576,-1.0144768415551677,-1.0144768415551677,2024Q4,2024-2026
MAVUSDT,1738224000000,-1,60,2025-01-30 08:00:00+00:00,2025-W05,2025-01,True,0.01774203332944528,farming,0.0,-0.48080438756855576,-1.7509966092419367,-1.7509966092419367,2025Q1,2024-2026
MAVUSDT,1740816000000,1,33,2025-03-01 08:00:00+00:00,2025-W09,2025-03,True,0.017227763451872845,farming,1.0,0.5191956124314443,-1.7637711000073948,-1.7637711000073948,2025Q1,2024-2026
MAVUSDT,1743408000000,-1,41,2025-03-31 08:00:00+00:00,2025-W14,2025-03,True,0.01674246696546065,farming,0.0,-0.48080438756855576,-1.7761805492968035,-1.7761805492968035,2025Q1,2024-2026
MAVUSDT,1743494400000,-1,10,2025-04-01 08:00:00+00:00,2025-W14,2025-04,True,0.06433740650171614,privateSale,0.0,-0.48080438756855576,-1.1915364498794192,-1.1915364498794192,2025Q2,2024-2026
MAVUSDT,1746086400000,-1,51,2025-05-01 08:00:00+00:00,2025-W18,2025-05,True,0.015304048326985377,farming,0.0,-0.48080438756855576,-1.8151936715674086,-1.8151936715674086,2025Q2,2024-2026
MAVUSDT,1748678400000,1,64,2025-05-31 08:00:00+00:00,2025-W22,2025-05,True,0.014919872326019995,farming,1.0,0.5191956124314443,-1.8262348932401757,-1.8262348932401757,2025Q2,2024-2026
MAVUSDT,1751356800000,-1,1,2025-07-01 08:00:00+00:00,2025-W27,2025-07,True,0.07141817074584851,privateSale,0.0,-0.48080438756855576,-1.1461912777102763,-1.1461912777102763,2025Q3,2024-2026
MAVUSDT,1753948800000,-1,16,2025-07-31 08:00:00+00:00,2025-W31,2025-07,True,0.01345513819794343,farming,0.0,-0.48080438756855576,-1.8711118372316267,-1.8711118372316267,2025Q3,2024-2026
MAVUSDT,1756627200000,-1,6,2025-08-31 08:00:00+00:00,2025-W35,2025-08,True,0.01315334039317589,farming,0.0,-0.48080438756855576,-1.8809639407028937,-1.8809639407028937,2025Q3,2024-2026
MAVUSDT,1759219200000,1,25,2025-09-30 08:00:00+00:00,2025-W40,2025-09,True,0.06316616226150368,privateSale,1.0,0.5191956124314443,-1.1995155084037543,-1.1995155084037543,2025Q3,2024-2026
MAVUSDT,1761897600000,1,47,2025-10-31 08:00:00+00:00,2025-W44,2025-10,True,0.012001536745435505,farming,1.0,0.5191956124314443,-1.9207631408413715,-1.9207631408413715,2025Q4,2024-2026
MAVUSDT,1764489600000,1,4,2025-11-30 08:00:00+00:00,2025-W48,2025-11,True,0.011763989347253052,farming,1.0,0.5191956124314443,-1.929445377435226,-1.929445377435226,2025Q4,2024-2026
MAVUSDT,1767081600000,1,35,2025-12-30 08:00:00+00:00,2026-W01,2025-12,True,0.01153566302570037,farming,1.0,0.5191956124314443,-1.9379574388431229,-1.9379574388431229,2025Q4,2024-2026
MAVUSDT,1767168000000,1,11,2025-12-31 08:00:00+00:00,2026-W01,2025-12,True,0.04456218018035515,privateSale,1.0,0.5191956124314443,-1.3510335696939417,-1.3510335696939417,2025Q4,2024-2026
MAVUSDT,1769760000000,1,10,2026-01-30 08:00:00+00:00,2026-W05,2026-01,True,0.01083405716728662,farming,1.0,0.5191956124314443,-1.9652088771324583,-1.9652088771324583,2026Q1,2024-2026
MAVUSDT,1772352000000,1,242,2026-03-01 08:00:00+00:00,2026-W09,2026-03,True,0.010640104475441175,farming,1.0,0.5191956124314443,-1.973054107672095,-1.973054107672095,2026Q1,2024-2026
MAVUSDT,1775030400000,1,36,2026-04-01 08:00:00+00:00,2026-W14,2026-04,True,0.05129694019170825,privateSale,1.0,0.5191956124314443,-1.289908539322657,-1.289908539322657,2026Q2,2024-2026
MAVUSDT,1777622400000,1,54,2026-05-01 08:00:00+00:00,2026-W18,2026-05,True,0.009873579924301323,farming,1.0,0.5191956124314443,-2.0055253539687037,-2.0055253539687037,2026Q2,2024-2026
MAVUSDT,1780300800000,-1,35,2026-06-01 08:00:00+00:00,2026-W23,2026-06,True,0.009710090457973462,farming,0.0,-0.48080438756855576,-2.0127767242407355,-2.0127767242407355,2026Q2,2024-2026
MAVUSDT,1782892800000,1,19,2026-07-01 08:00:00+00:00,2026-W27,2026-07,True,0.0468964794226855,privateSale,1.0,0.5191956124314443,-1.3288597590906759,-1.3288597590906759,2026Q3,2024-2026
MEGAUSDT,1777546800000,-1,4,2026-04-30 11:00:00+00:00,2026-W18,2026-04,True,1.0134102444363255,noncirculating,0.0,-0.4064516129032258,0.0057852902049765655,0.0,2026Q2,2024-2026
MEGAUSDT,1780138800000,-1,48,2026-05-30 11:00:00+00:00,2026-W22,2026-05,True,0.01379646690675686,publicSale,0.0,-0.4064516129032258,-1.8602321164504265,-1.8602321164504265,2026Q2,2024-2026
MEGAUSDT,1782730800000,1,17,2026-06-29 11:00:00+00:00,2026-W27,2026-06,True,0.013314924784575929,publicSale,1.0,0.5935483870967742,-1.8756612825285242,-1.8756612825285242,2026Q2,2024-2026
MEMEUSDT,1714464000000,-1,23,2024-04-30 08:00:00+00:00,2024-W18,2024-04,True,0.2610526315789473,airdrop,0.0,-0.4782386072708653,-0.5832719244626315,-0.5832719244626315,2024Q2,2024-2026
MEMEUSDT,1730016000000,-1,106,2024-10-27 08:00:00+00:00,2024-W43,2024-10,True,0.15116865629123225,airdrop,0.0,-0.4782386072708653,-0.8205382472665462,-0.8205382472665462,2024Q4,2024-2026
MEMEUSDT,1745568000000,-1,64,2025-04-25 08:00:00+00:00,2025-W17,2025-04,True,0.07647599076139878,airdrop,0.0,-0.4782386072708653,-1.116474887936992,-1.116474887936992,2025Q2,2024-2026
MEUSDT,1736391600000,-1,102,2025-01-09 03:00:00+00:00,2025-W02,2025-01,True,0.03975,noncirculating,0.0,-0.487957181088314,-1.400662867007511,-1.400662867007511,2025Q1,2024-2026
MEUSDT,1738983600000,1,12,2025-02-08 03:00:00+00:00,2025-W06,2025-02,True,0.03823034383265208,noncirculating,1.0,0.512042818911686,-1.4175917960444822,-1.4175917960444822,2025Q1,2024-2026
MEUSDT,1741662000000,1,56,2025-03-11 03:00:00+00:00,2025-W11,2025-03,True,0.03682260305697082,noncirculating,1.0,0.512042818911686,-1.4338855136777604,-1.4338855136777604,2025Q1,2024-2026
MEUSDT,1744254000000,1,21,2025-04-10 03:00:00+00:00,2025-W15,2025-04,True,0.03551485369667188,noncirculating,1.0,0.512042818911686,-1.4495899700629935,-1.4495899700629935,2025Q2,2024-2026
MEUSDT,1746932400000,-1,36,2025-05-11 03:00:00+00:00,2025-W19,2025-05,True,0.034296807592752374,noncirculating,0.0,-0.487957181088314,-1.464746302971107,-1.464746302971107,2025Q2,2024-2026
MEUSDT,1749524400000,-1,64,2025-06-10 03:00:00+00:00,2025-W24,2025-06,True,0.03315954118873827,noncirculating,0.0,-0.487957181088314,-1.4793914871862308,-1.4793914871862308,2025Q2,2024-2026
MEUSDT,1752202800000,1,69,2025-07-11 03:00:00+00:00,2025-W28,2025-07,True,0.0320952765442067,noncirculating,1.0,0.512042818911686,-1.4935588779293667,-1.4935588779293667,2025Q3,2024-2026
MEUSDT,1754794800000,-1,55,2025-08-10 03:00:00+00:00,2025-W32,2025-08,True,0.031097203207510266,noncirculating,0.0,-0.487957181088314,-1.5072786684060855,-1.5072786684060855,2025Q3,2024-2026
MEUSDT,1757386800000,1,297,2025-09-09 03:00:00+00:00,2025-W37,2025-09,True,0.030159332321699546,noncirculating,1.0,0.512042818911686,-1.5205782772655019,-1.5205782772655019,2025Q3,2024-2026
MEUSDT,1760065200000,-1,16,2025-10-10 03:00:00+00:00,2025-W41,2025-10,True,0.029276376357945128,noncirculating,0.0,-0.487957181088314,-1.533482678472176,-1.533482678472176,2025Q4,2024-2026
MEUSDT,1762657200000,1,108,2025-11-09 03:00:00+00:00,2025-W45,2025-11,True,0.02844364937388193,noncirculating,1.0,0.512042818911686,-1.5460146835659718,-1.5460146835659718,2025Q4,2024-2026
MEUSDT,1765335600000,-1,24,2025-12-10 03:00:00+00:00,2025-W50,2025-12,True,0.8138302241482991,insiders,0.0,-0.487957181088314,-0.08946618528995588,-0.08946618528995588,2025Q4,2024-2026
MEUSDT,1767927600000,1,129,2026-01-09 03:00:00+00:00,2026-W02,2026-01,True,0.023714727359842563,noncirculating,1.0,0.512042818911686,-1.624981863919407,-1.624981863919407,2026Q1,2024-2026
MEUSDT,1770606000000,1,68,2026-02-09 03:00:00+00:00,2026-W07,2026-02,True,0.023165366997310647,noncirculating,1.0,0.512042818911686,-1.6351608150962953,-1.6351608150962953,2026Q1,2024-2026
MEUSDT,1773198000000,1,117,2026-03-11 03:00:00+00:00,2026-W11,2026-03,True,0.02264088264177098,noncirculating,1.0,0.512042818911686,-1.645106646433472,-1.645106646433472,2026Q1,2024-2026
MEUSDT,1775790000000,1,203,2026-04-10 03:00:00+00:00,2026-W15,2026-04,True,0.02213962205704428,noncirculating,1.0,0.512042818911686,-1.654829797185441,-1.654829797185441,2026Q2,2024-2026
MEUSDT,1778468400000,1,6,2026-05-11 03:00:00+00:00,2026-W20,2026-05,True,0.021660076157197138,noncirculating,1.0,0.512042818911686,-1.6643400207212096,-1.6643400207212096,2026Q2,2024-2026
MEUSDT,1781060400000,1,69,2026-06-10 03:00:00+00:00,2026-W24,2026-06,True,0.3399211207416595,insiders,1.0,0.512042818911686,-0.46862185001951884,-0.46862185001951884,2026Q2,2024-2026
MEUSDT,1783738800000,1,245,2026-07-11 03:00:00+00:00,2026-W28,2026-07,True,0.01582247156479093,noncirculating,1.0,0.512042818911686,-1.8007256761410435,-1.8007256761410435,2026Q3,2024-2026
MOVEUSDT,1736294400000,-1,15,2025-01-08 00:00:00+00:00,2025-W02,2025-01,True,0.022222222222222223,farming,0.0,-0.4107773851590106,-1.6532125137753437,-1.6532125137753437,2025Q1,2024-2026
MOVEUSDT,1738886400000,-1,20,2025-02-07 00:00:00+00:00,2025-W06,2025-02,True,0.021739130434782608,farming,0.0,-0.4107773851590106,-1.662757831681574,-1.662757831681574,2025Q1,2024-2026
MOVEUSDT,1741564800000,1,12,2025-03-10 00:00:00+00:00,2025-W11,2025-03,True,0.02127659574468085,farming,1.0,0.5892226148409894,-1.6720978579357175,-1.6720978579357175,2025Q1,2024-2026
MOVEUSDT,1744156800000,1,17,2025-04-09 00:00:00+00:00,2025-W15,2025-04,True,0.020833333333333332,farming,1.0,0.5892226148409894,-1.6812412373755872,-1.6812412373755872,2025Q2,2024-2026
MOVEUSDT,1746835200000,1,13,2025-05-10 00:00:00+00:00,2025-W19,2025-05,True,0.02040816326530612,farming,1.0,0.5892226148409894,-1.6901960800285136,-1.6901960800285136,2025Q2,2024-2026
MOVEUSDT,1749427200000,1,9,2025-06-09 00:00:00+00:00,2025-W24,2025-06,True,0.02,farming,1.0,0.5892226148409894,-1.6989700043360187,-1.6989700043360187,2025Q2,2024-2026
MOVEUSDT,1752105600000,1,13,2025-07-10 00:00:00+00:00,2025-W28,2025-07,True,0.0196078431372549,farming,1.0,0.5892226148409894,-1.7075701760979363,-1.7075701760979363,2025Q3,2024-2026
MOVEUSDT,1754697600000,-1,243,2025-08-09 00:00:00+00:00,2025-W32,2025-08,True,0.019230769230769232,farming,0.0,-0.4107773851590106,-1.7160033436347992,-1.7160033436347992,2025Q3,2024-2026
MOVEUSDT,1757289600000,1,32,2025-09-08 00:00:00+00:00,2025-W37,2025-09,True,0.018867924528301886,farming,1.0,0.5892226148409894,-1.7242758696007892,-1.7242758696007892,2025Q3,2024-2026
MOVEUSDT,1759968000000,-1,43,2025-10-09 00:00:00+00:00,2025-W41,2025-10,True,0.018518518518518517,farming,0.0,-0.4107773851590106,-1.7323937598229686,-1.7323937598229686,2025Q4,2024-2026
MOVEUSDT,1762560000000,1,68,2025-11-08 00:00:00+00:00,2025-W45,2025-11,True,0.05984848484848485,privateSale,1.0,0.5892226148409894,-1.2229468399154084,-1.2229468399154084,2025Q4,2024-2026
MOVEUSDT,1765238400000,-1,88,2025-12-09 00:00:00+00:00,2025-W50,2025-12,True,0.05877976190476191,privateSale,0.0,-0.4107773851590106,-1.230772177427365,-1.230772177427365,2025Q4,2024-2026
MOVEUSDT,1767830400000,-1,34,2026-01-08 00:00:00+00:00,2026-W02,2026-01,True,0.055516514406184124,privateSale,0.0,-0.4107773851590106,-1.255577808793843,-1.255577808793843,2026Q1,2024-2026
MOVEUSDT,1770508800000,-1,51,2026-02-08 00:00:00+00:00,2026-W06,2026-02,True,0.0525965379494008,privateSale,0.0,-0.4107773851590106,-1.2790428413777082,-1.2790428413777082,2026Q1,2024-2026
MOVEUSDT,1773100800000,-1,68,2026-03-10 00:00:00+00:00,2026-W11,2026-03,True,0.04996837444655282,privateSale,0.0,-0.4107773851590106,-1.3013047786417675,-1.3013047786417675,2026Q1,2024-2026
MOVEUSDT,1775692800000,1,205,2026-04-09 00:00:00+00:00,2026-W15,2026-04,True,0.04759036144578314,privateSale,1.0,0.5892226148409894,-1.3224809967496136,-1.3224809967496136,2026Q2,2024-2026
MOVEUSDT,1778371200000,1,6,2026-05-10 00:00:00+00:00,2026-W19,2026-05,True,0.04542840713053479,privateSale,1.0,0.5892226148409894,-1.3426724907122711,-1.3426724907122711,2026Q2,2024-2026
MOVEUSDT,1780963200000,1,1,2026-06-09 00:00:00+00:00,2026-W24,2026-06,True,0.043454345434543455,privateSale,1.0,0.5892226148409894,-1.3619667875955073,-1.3619667875955073,2026Q2,2024-2026
MOVEUSDT,1783641600000,-1,328,2026-07-10 00:00:00+00:00,2026-W28,2026-07,True,0.04164470216130733,privateSale,0.0,-0.4107773851590106,-1.3804402395982212,-1.3804402395982212,2026Q3,2024-2026
NEARUSDT,1619064000000,1,9,2021-04-22 04:00:00+00:00,2021-W16,2021-04,True,0.07271411862594386,insiders,1.0,0.49296495267331797,-1.1383812556330926,-1.1383812556330926,2021Q2,2021-2023
NOMUSDT,1760601600000,1,2,2025-10-16 08:00:00+00:00,2025-W42,2025-10,True,0.3509160188192433,insiders,1.0,0.6041666666666667,-0.45479680640409914,-0.45479680640409914,2025Q4,2024-2026
NOMUSDT,1776412800000,1,19,2026-04-17 08:00:00+00:00,2026-W16,2026-04,True,0.2597615350848815,insiders,1.0,0.6041666666666667,-0.5854251578709548,-0.5854251578709548,2026Q2,2024-2026
ONDOUSDT,1768615200000,-1,45,2026-01-17 02:00:00+00:00,2026-W03,2026-01,True,0.5412336968804607,noncirculating,0.0,-0.5022172949002217,-0.266615172322625,-0.266615172322625,2026Q1,2024-2026
OPNUSDT,1775178000000,-1,146,2026-04-03 01:00:00+00:00,2026-W14,2026-04,True,0.20364399662468513,airdrop,0.0,-0.4772727272727273,-0.6911283882845976,-0.6911283882845976,2026Q2,2024-2026
OPNUSDT,1777770000000,1,73,2026-05-03 01:00:00+00:00,2026-W18,2026-05,True,0.16918955870319893,airdrop,1.0,0.5227272727272727,-0.7716264423460787,-0.7716264423460787,2026Q2,2024-2026
OPNUSDT,1780448400000,1,13,2026-06-03 01:00:00+00:00,2026-W23,2026-06,True,0.007481743115065672,insiders,1.0,0.5227272727272727,-2.12599720734133,-2.12599720734133,2026Q2,2024-2026
OPNUSDT,1783040400000,1,57,2026-07-03 01:00:00+00:00,2026-W27,2026-07,True,0.0065359477126226955,insiders,1.0,0.5227272727272727,-2.1846914308040173,-2.1846914308040173,2026Q3,2024-2026
OPNUSDT,1783126800000,1,33,2026-07-04 01:00:00+00:00,2026-W27,2026-07,True,0.12973533991033084,airdrop,1.0,0.5227272727272727,-0.8869417059708946,-0.8869417059708946,2026Q3,2024-2026
PLUMEUSDT,1768964400000,1,21,2026-01-21 03:00:00+00:00,2026-W04,2026-01,True,0.28382207691157735,privateSale,1.0,0.5030120481927711,-0.5469538262570777,-0.5469538262570777,2026Q1,2024-2026
PUMPUSDT,1783814400000,1,24,2026-07-12 00:00:00+00:00,2026-W28,2026-07,True,0.20784883720930233,insiders,1.0,0.48946515397082657,-0.6822524007704495,-0.6822524007704495,2026Q3,2024-2026
PYTHUSDT,1716076800000,-1,14,2024-05-19 00:00:00+00:00,2024-W20,2024-05,True,0.5862068965517241,noncirculating,0.0,-0.47843137254901963,-0.2319490765206822,-0.2319490765206822,2024Q2,2024-2026
PYTHUSDT,1747612800000,-1,12,2025-05-19 00:00:00+00:00,2025-W21,2025-05,True,0.3695652173913043,noncirculating,0.0,-0.47843137254901963,-0.43230891030330015,-0.43230891030330015,2025Q2,2024-2026
PYTHUSDT,1779148800000,-1,12,2026-05-19 00:00:00+00:00,2026-W21,2026-05,True,0.2698412698412698,noncirculating,0.0,-0.47843137254901963,-0.5688916280753078,-0.5688916280753078,2026Q2,2024-2026
QIUSDT,1652947200000,1,5,2022-05-19 08:00:00+00:00,2022-W20,2022-05,True,0.08036843785184077,insiders,1.0,0.4860820113738402,-1.0949144731169325,-1.0949144731169325,2022Q2,2021-2023
QIUSDT,1660896000000,-1,72,2022-08-19 08:00:00+00:00,2022-W33,2022-08,True,0.07316926237179514,insiders,0.0,-0.5139179886261598,-1.1356713231198636,-1.1356713231198636,2022Q3,2021-2023
QIUSDT,1668758400000,1,29,2022-11-18 08:00:00+00:00,2022-W46,2022-11,True,0.045874842172237196,insiders,1.0,0.4860820113738402,-1.3384254168836012,-1.3384254168836012,2022Q4,2021-2023
QIUSDT,1676620800000,1,22,2023-02-17 08:00:00+00:00,2023-W07,2023-02,True,0.040877788906719295,insiders,1.0,0.4860820113738402,-1.388512603371897,-1.388512603371897,2023Q1,2021-2023
QIUSDT,1684573200000,-1,52,2023-05-20 09:00:00+00:00,2023-W20,2023-05,True,0.0368375970645159,insiders,0.0,-0.5139179886261598,-1.433708706804642,-1.433708706804642,2023Q2,2021-2023
QIUSDT,1692435600000,-1,320,2023-08-19 09:00:00+00:00,2023-W33,2023-08,True,0.03354872487290038,insiders,0.0,-0.5139179886261598,-1.4743239819387168,-1.4743239819387168,2023Q3,2021-2023
QIUSDT,1700298000000,1,6,2023-11-18 09:00:00+00:00,2023-W46,2023-11,True,0.031101517396413186,insiders,1.0,0.4860820113738402,-1.5072184218794933,-1.5072184218794933,2023Q4,2021-2023
QIUSDT,1708246800000,-1,77,2024-02-18 09:00:00+00:00,2024-W07,2024-02,True,0.028974642725401064,insiders,0.0,-0.5139179886261598,-1.5379819104409311,-1.5379819104409311,2024Q1,2024-2026
QIUSDT,1716109200000,1,285,2024-05-19 09:00:00+00:00,2024-W20,2024-05,True,0.027130919220055477,insiders,1.0,0.4860820113738402,-1.5665354916997074,-1.5665354916997074,2024Q2,2024-2026
QIUSDT,1723971600000,1,29,2024-08-18 09:00:00+00:00,2024-W33,2024-08,True,0.025507798996448585,insiders,1.0,0.4860820113738402,-1.5933270139474909,-1.5933270139474909,2024Q3,2024-2026
QIUSDT,1731920400000,-1,66,2024-11-18 09:00:00+00:00,2024-W47,2024-11,True,0.024059362896213517,insiders,0.0,-0.5139179886261598,-1.6187158771758203,-1.6187158771758203,2024Q4,2024-2026
QIUSDT,1739782800000,-1,32,2025-02-17 09:00:00+00:00,2025-W08,2025-02,True,0.009109699866253807,insiders,0.0,-0.5139179886261598,-2.040495931323052,-2.040495931323052,2025Q1,2024-2026
RAREUSDT,1634364000000,1,23,2021-10-16 06:00:00+00:00,2021-W41,2021-10,True,0.06669259187244798,insiders,1.0,0.42976939203354303,-1.1759224042783196,-1.1759224042783196,2021Q4,2021-2023
RAREUSDT,1637042400000,-1,4,2021-11-16 06:00:00+00:00,2021-W46,2021-11,True,0.06252278527160045,insiders,0.0,-0.570230607966457,-1.20396168322574,-1.20396168322574,2021Q4,2021-2023
RAREUSDT,1639634400000,-1,18,2021-12-16 06:00:00+00:00,2021-W50,2021-12,True,0.058843712472122146,insiders,0.0,-0.570230607966457,-1.2302999352766746,-1.2302999352766746,2021Q4,2021-2023
RAREUSDT,1642312800000,-1,36,2022-01-16 06:00:00+00:00,2022-W02,2022-01,True,0.05557355800388852,insiders,0.0,-0.570230607966457,-1.2551317973483402,-1.2551317973483402,2022Q1,2021-2023
RAREUSDT,1644904800000,1,48,2022-02-15 06:00:00+00:00,2022-W07,2022-02,True,0.05264773599386032,insiders,1.0,0.42976939203354303,-1.278620300005833,-1.278620300005833,2022Q1,2021-2023
RAREUSDT,1647583200000,1,30,2022-03-18 06:00:00+00:00,2022-W11,2022-03,True,0.0500145815106445,insiders,1.0,0.42976939203354303,-1.3009033607361549,-1.3009033607361549,2022Q1,2021-2023
RAREUSDT,1650175200000,1,58,2022-04-17 06:00:00+00:00,2022-W15,2022-04,True,0.047632273295375636,insiders,1.0,0.42976939203354303,-1.322098690878131,-1.322098690878131,2022Q2,2021-2023
RAREUSDT,1652767200000,-1,2,2022-05-17 06:00:00+00:00,2022-W20,2022-05,True,0.04546659597030752,insiders,0.0,-0.570230607966457,-1.3423075596865015,-1.3423075596865015,2022Q2,2021-2023
RAREUSDT,1655445600000,-1,24,2022-06-17 06:00:00+00:00,2022-W24,2022-06,True,0.04348928616711043,insiders,0.0,-0.570230607966457,-1.3616177207832547,-1.3616177207832547,2022Q2,2021-2023
RAREUSDT,1658037600000,1,2,2022-07-17 06:00:00+00:00,2022-W28,2022-07,True,0.04167679222357229,insiders,1.0,0.42976939203354303,-1.3801057151694993,-1.3801057151694993,2022Q3,2021-2023
RAREUSDT,1660716000000,-1,7,2022-08-17 06:00:00+00:00,2022-W33,2022-08,True,0.12119444768459114,privateSale,0.0,-0.570230607966457,-0.9165172761695569,-0.9165172761695569,2022Q3,2021-2023
RAREUSDT,1663308000000,1,29,2022-09-16 06:00:00+00:00,2022-W37,2022-09,True,0.03568456096545984,insiders,1.0,0.42976939203354303,-1.447519642089092,-1.447519642089092,2022Q3,2021-2023
RAREUSDT,1665986400000,-1,65,2022-10-17 06:00:00+00:00,2022-W42,2022-10,True,0.03445504771471622,insiders,0.0,-0.570230607966457,-1.4627471443206579,-1.4627471443206579,2022Q4,2021-2023
RAREUSDT,1668578400000,1,104,2022-11-16 06:00:00+00:00,2022-W46,2022-11,True,0.03330743833754127,insiders,1.0,0.42976939203354303,-1.4774587674484454,-1.4774587674484454,2022Q4,2021-2023
RAREUSDT,1671170400000,-1,16,2022-12-16 06:00:00+00:00,2022-W50,2022-12,True,0.03223381261159665,insiders,0.0,-0.570230607966457,-1.4916883231488347,-1.4916883231488347,2022Q4,2021-2023
RAREUSDT,1673848800000,1,38,2023-01-16 06:00:00+00:00,2023-W03,2023-01,True,0.0312272396212673,insiders,1.0,0.42976939203354303,-1.5054664041859283,-1.5054664041859283,2023Q1,2021-2023
RAREUSDT,1676440800000,1,90,2023-02-15 06:00:00+00:00,2023-W07,2023-02,True,0.030281627968570674,insiders,1.0,0.42976939203354303,-1.5188207804678153,-1.5188207804678153,2023Q1,2021-2023
RAREUSDT,1679119200000,-1,61,2023-03-18 06:00:00+00:00,2023-W11,2023-03,True,0.02939160239931448,insiders,0.0,-0.570230607966457,-1.5317767360025998,-1.5317767360025998,2023Q1,2021-2023
RAREUSDT,1681714800000,1,30,2023-04-17 07:00:00+00:00,2023-W16,2023-04,True,0.028552401564971283,insiders,1.0,0.42976939203354303,-1.5443573570310745,-1.5443573570310745,2023Q2,2021-2023
RAREUSDT,1684393200000,-1,148,2023-05-18 07:00:00+00:00,2023-W20,2023-05,True,0.02775979281320816,insiders,0.0,-0.570230607966457,-1.5565837795866426,-1.5565837795866426,2023Q2,2021-2023
RAREUSDT,1686985200000,1,36,2023-06-17 07:00:00+00:00,2023-W24,2023-06,True,0.027010000787463576,insiders,1.0,0.42976939203354303,-1.5684754031509023,-1.5684754031509023,2023Q2,2021-2023
RAREUSDT,1689663600000,-1,331,2023-07-18 07:00:00+00:00,2023-W29,2023-07,True,0.02629964729335991,insiders,0.0,-0.570230607966457,-1.5800500758286704,-1.5800500758286704,2023Q3,2021-2023
RAREUSDT,1692255600000,-1,14,2023-08-17 07:00:00+00:00,2023-W33,2023-08,True,0.01912588718714979,insiders,0.0,-0.570230607966457,-1.718378410211102,-1.718378410211102,2023Q3,2021-2023
RAREUSDT,1697526000000,1,218,2023-10-17 07:00:00+00:00,2023-W42,2023-10,True,0.018306636155606404,insiders,1.0,0.42976939203354303,-1.7373914499784784,-1.7373914499784784,2023Q4,2021-2023
RAREUSDT,1700118000000,-1,32,2023-11-16 07:00:00+00:00,2023-W46,2023-11,True,0.01797752808988764,insiders,0.0,-0.570230607966457,-1.745270023988988,-1.745270023988988,2023Q4,2021-2023
RAREUSDT,1702796400000,-1,26,2023-12-17 07:00:00+00:00,2023-W50,2023-12,True,0.017660044150110375,insiders,0.0,-0.570230607966457,-1.7530082150208883,-1.7530082150208883,2023Q4,2021-2023
RAREUSDT,1705388400000,-1,81,2024-01-16 07:00:00+00:00,2024-W03,2024-01,True,0.017353579175704986,insiders,0.0,-0.570230607966457,-1.7606109383977047,-1.7606109383977047,2024Q1,2024-2026
RAREUSDT,1708066800000,1,7,2024-02-16 07:00:00+00:00,2024-W07,2024-02,True,0.017057569296375263,insiders,1.0,0.42976939203354303,-1.7680828557231398,-1.7680828557231398,2024Q1,2024-2026
RAREUSDT,1710658800000,-1,44,2024-03-17 07:00:00+00:00,2024-W11,2024-03,True,0.016771488469601675,insiders,0.0,-0.570230607966457,-1.7754283920481704,-1.7754283920481704,2024Q1,2024-2026
RAREUSDT,1713250800000,1,73,2024-04-16 07:00:00+00:00,2024-W16,2024-04,True,0.01649484536082474,insiders,1.0,0.42976939203354303,-1.7826517516103202,-1.7826517516103202,2024Q2,2024-2026
RAREUSDT,1718521200000,-1,42,2024-06-16 07:00:00+00:00,2024-W24,2024-06,True,0.015968063872255484,insiders,0.0,-0.570230607966457,-1.7967477388753024,-1.7967477388753024,2024Q2,2024-2026
RAREUSDT,1721199600000,-1,150,2024-07-17 07:00:00+00:00,2024-W29,2024-07,True,0.01571709233791748,insiders,0.0,-0.570230607966457,-1.8036277953448152,-1.8036277953448152,2024Q3,2024-2026
RAREUSDT,1723791600000,1,3,2024-08-16 07:00:00+00:00,2024-W33,2024-08,True,0.007253384912959381,noncirculating,1.0,0.42976939203354303,-2.1394592753662236,-2.1394592753662236,2024Q3,2024-2026
RAREUSDT,1726470000000,-1,15,2024-09-16 07:00:00+00:00,2024-W38,2024-09,True,0.007142857142857142,noncirculating,0.0,-0.570230607966457,-2.146128035678238,-2.146128035678238,2024Q3,2024-2026
RAREUSDT,1729062000000,-1,231,2024-10-16 07:00:00+00:00,2024-W42,2024-10,True,0.007092198581560283,noncirculating,0.0,-0.570230607966457,-2.14921911265538,-2.14921911265538,2024Q4,2024-2026
RAREUSDT,1731654000000,-1,139,2024-11-15 07:00:00+00:00,2024-W46,2024-11,True,0.00704225352112676,noncirculating,0.0,-0.570230607966457,-2.1522883443830567,-2.1522883443830567,2024Q4,2024-2026
RAREUSDT,1734332400000,-1,39,2024-12-16 07:00:00+00:00,2024-W51,2024-12,True,0.006993006993006992,noncirculating,0.0,-0.570230607966457,-2.155336037465062,-2.155336037465062,2024Q4,2024-2026
RAREUSDT,1736924400000,1,61,2025-01-15 07:00:00+00:00,2025-W03,2025-01,True,0.006944444444444443,noncirculating,1.0,0.42976939203354303,-2.1583624920952498,-2.1583624920952498,2025Q1,2024-2026
RAREUSDT,1739602800000,-1,71,2025-02-15 07:00:00+00:00,2025-W07,2025-02,True,0.00689655172413793,noncirculating,0.0,-0.570230607966457,-2.161368002234975,-2.161368002234975,2025Q1,2024-2026
RAREUSDT,1742194800000,-1,35,2025-03-17 07:00:00+00:00,2025-W12,2025-03,True,0.0068493150684931494,noncirculating,0.0,-0.570230607966457,-2.164352855784437,-2.164352855784437,2025Q1,2024-2026
RAREUSDT,1744873200000,1,158,2025-04-17 07:00:00+00:00,2025-W16,2025-04,True,0.006802721088435373,noncirculating,1.0,0.42976939203354303,-2.167317334748176,-2.167317334748176,2025Q2,2024-2026
RAREUSDT,1747465200000,1,122,2025-05-17 07:00:00+00:00,2025-W20,2025-05,True,0.006756756756756756,noncirculating,1.0,0.42976939203354303,-2.1702617153949575,-2.1702617153949575,2025Q2,2024-2026
RAREUSDT,1750143600000,-1,82,2025-06-17 07:00:00+00:00,2025-W25,2025-06,True,0.006711409395973153,noncirculating,0.0,-0.570230607966457,-2.173186268412274,-2.173186268412274,2025Q2,2024-2026
RAREUSDT,1752735600000,-1,158,2025-07-17 07:00:00+00:00,2025-W29,2025-07,True,0.006666666666666666,noncirculating,0.0,-0.570230607966457,-2.1760912590556813,-2.1760912590556813,2025Q3,2024-2026
RESOLVUSDT,1749780000000,1,4,2025-06-13 02:00:00+00:00,2025-W24,2025-06,True,0.5003241849661157,ecosystem,1.0,0.5387647831800263,-0.3007485034258747,-0.3007485034258747,2025Q2,2024-2026
RESOLVUSDT,1750989600000,1,19,2025-06-27 02:00:00+00:00,2025-W26,2025-06,True,0.3440851406583784,ecosystem,1.0,0.5387647831800263,-0.46333408201264364,-0.46333408201264364,2025Q2,2024-2026
RESOLVUSDT,1751248800000,-1,35,2025-06-30 02:00:00+00:00,2025-W27,2025-06,True,0.027804968455833357,airdrop,0.0,-0.4612352168199737,-1.555877593284987,-1.555877593284987,2025Q2,2024-2026
RESOLVUSDT,1753840800000,-1,3,2025-07-30 02:00:00+00:00,2025-W31,2025-07,True,0.02751922487728,airdrop,0.0,-0.4612352168199737,-1.5603638028587985,-1.5603638028587985,2025Q3,2024-2026
RESOLVUSDT,1754013600000,-1,28,2025-08-01 02:00:00+00:00,2025-W31,2025-08,True,0.0878679241801705,ecosystem,0.0,-0.4612352168199737,-1.0561696333887258,-1.0561696333887258,2025Q3,2024-2026
RESOLVUSDT,1754618400000,1,26,2025-08-08 02:00:00+00:00,2025-W32,2025-08,True,0.00984838225940005,ecosystem,1.0,0.5387647831800263,-2.0066351028543394,-2.0066351028543394,2025Q3,2024-2026
RESOLVUSDT,1755223200000,-1,108,2025-08-15 02:00:00+00:00,2025-W33,2025-08,True,0.00975233751166251,ecosystem,0.0,-0.4612352168199737,-2.010891276942982,-2.010891276942982,2025Q3,2024-2026
RESOLVUSDT,1755828000000,1,17,2025-08-22 02:00:00+00:00,2025-W34,2025-08,True,0.009658147992700112,ecosystem,1.0,0.5387647831800263,-2.015106144149941,-2.015106144149941,2025Q3,2024-2026
RESOLVUSDT,1756432800000,-1,72,2025-08-29 02:00:00+00:00,2025-W35,2025-08,True,0.03323962837706736,airdrop,0.0,-0.4612352168199737,-1.478343840323883,-1.478343840323883,2025Q3,2024-2026
RESOLVUSDT,1757037600000,1,42,2025-09-05 02:00:00+00:00,2025-W36,2025-09,True,0.009258027082755057,ecosystem,1.0,0.5387647831800263,-2.033481553098048,-2.033481553098048,2025Q3,2024-2026
RESOLVUSDT,1757642400000,1,42,2025-09-12 02:00:00+00:00,2025-W37,2025-09,True,0.00917310225365781,ecosystem,1.0,0.5387647831800263,-2.037483765333368,-2.037483765333368,2025Q3,2024-2026
RESOLVUSDT,1758247200000,1,1,2025-09-19 02:00:00+00:00,2025-W38,2025-09,True,0.009089721310618255,ecosystem,1.0,0.5387647831800263,-2.0414494319723193,-2.0414494319723193,2025Q3,2024-2026
RESOLVUSDT,1758852000000,-1,109,2025-09-26 02:00:00+00:00,2025-W39,2025-09,True,0.009007842532388908,ecosystem,0.0,-0.4612352168199737,-2.04537921440129,-2.04537921440129,2025Q3,2024-2026
RESOLVUSDT,1759111200000,-1,214,2025-09-29 02:00:00+00:00,2025-W40,2025-09,True,0.022293102063686482,airdrop,0.0,-0.4612352168199737,-1.6518294956558872,-1.6518294956558872,2025Q3,2024-2026
RESOLVUSDT,1759456800000,-1,110,2025-10-03 02:00:00+00:00,2025-W40,2025-10,True,0.008734446118360694,ecosystem,0.0,-0.4612352168199737,-2.058764629933071,-2.058764629933071,2025Q4,2024-2026
RESOLVUSDT,1760061600000,-1,17,2025-10-10 02:00:00+00:00,2025-W41,2025-10,True,0.008658816155204271,ecosystem,0.0,-0.4612352168199737,-2.0625414812398564,-2.0625414812398564,2025Q4,2024-2026
RESOLVUSDT,1760666400000,-1,5,2025-10-17 02:00:00+00:00,2025-W42,2025-10,True,0.008584484680568065,ecosystem,0.0,-0.4612352168199737,-2.0662857700549395,-2.0662857700549395,2025Q4,2024-2026
RESOLVUSDT,1761271200000,1,40,2025-10-24 02:00:00+00:00,2025-W43,2025-10,True,0.008511418538514285,ecosystem,1.0,0.5387647831800263,-2.0699980530636166,-2.0699980530636166,2025Q4,2024-2026
RESOLVUSDT,1761703200000,1,13,2025-10-29 02:00:00+00:00,2025-W44,2025-10,True,0.021064524774228148,airdrop,1.0,0.5387647831800263,-1.676448334318214,-1.676448334318214,2025Q4,2024-2026
RESOLVUSDT,1761876000000,-1,72,2025-10-31 02:00:00+00:00,2025-W44,2025-10,True,0.008266916679432232,ecosystem,0.0,-0.4612352168199737,-2.08265643951571,-2.08265643951571,2025Q4,2024-2026
RESOLVUSDT,1762480800000,1,3,2025-11-07 02:00:00+00:00,2025-W45,2025-11,True,0.008199135112612855,ecosystem,1.0,0.5387647831800263,-2.0862319568394496,-2.0862319568394496,2025Q4,2024-2026
RESOLVUSDT,1763085600000,-1,6,2025-11-14 02:00:00+00:00,2025-W46,2025-11,True,0.008132456007013967,ecosystem,0.0,-0.4612352168199737,-2.0897782773806006,-2.0897782773806006,2025Q4,2024-2026
RESOLVUSDT,1763690400000,1,49,2025-11-21 02:00:00+00:00,2025-W47,2025-11,True,0.008066852682458808,ecosystem,1.0,0.5387647831800263,-2.0932958741069205,-2.0932958741069205,2025Q4,2024-2026
RESOLVUSDT,1764295200000,-1,38,2025-11-28 02:00:00+00:00,2025-W48,2025-11,True,0.008002299312781657,ecosystem,0.0,-0.4612352168199737,-2.096785208585817,-2.096785208585817,2025Q4,2024-2026
RESOLVUSDT,1764381600000,-1,23,2025-11-29 02:00:00+00:00,2025-W48,2025-11,True,0.01980452862964274,airdrop,0.0,-0.4612352168199737,-1.7032354898404143,-1.7032354898404143,2025Q4,2024-2026
RESOLVUSDT,1764900000000,-1,54,2025-12-05 02:00:00+00:00,2025-W49,2025-12,True,0.007785800887119548,ecosystem,0.0,-0.4612352168199737,-2.108696707056462,-2.108696707056462,2025Q4,2024-2026
RESOLVUSDT,1765504800000,1,56,2025-12-12 02:00:00+00:00,2025-W50,2025-12,True,0.007725650510521157,ecosystem,1.0,0.5387647831800263,-2.112064942163914,-2.112064942163914,2025Q4,2024-2026
RESOLVUSDT,1766109600000,1,3,2025-12-19 02:00:00+00:00,2025-W51,2025-12,True,0.007666422410313052,ecosystem,1.0,0.5387647831800263,-2.115407255338121,-2.115407255338121,2025Q4,2024-2026
RESOLVUSDT,1766714400000,-1,121,2025-12-26 02:00:00+00:00,2025-W52,2025-12,True,0.007608095536194567,ecosystem,0.0,-0.4612352168199737,-2.1187240425241627,-2.1187240425241627,2025Q4,2024-2026
RESOLVUSDT,1767319200000,1,47,2026-01-02 02:00:00+00:00,2026-W01,2026-01,True,0.007412140575171164,ecosystem,1.0,0.5387647831800263,-2.1300563526502,-2.1300563526502,2026Q1,2024-2026
RESOLVUSDT,1767924000000,1,20,2026-01-09 02:00:00+00:00,2026-W02,2026-01,True,0.007357604972816072,ecosystem,1.0,0.5387647831800263,-2.1332635329946372,-2.1332635329946372,2026Q1,2024-2026
RESOLVUSDT,1768528800000,-1,70,2026-01-16 02:00:00+00:00,2026-W03,2026-01,True,0.007303866011925944,ecosystem,0.0,-0.4612352168199737,-2.1364472024528025,-2.1364472024528025,2026Q1,2024-2026
RESOLVUSDT,1769133600000,-1,15,2026-01-23 02:00:00+00:00,2026-W04,2026-01,True,0.007250906363382776,ecosystem,0.0,-0.4612352168199737,-2.139607703220327,-2.139607703220327,2026Q1,2024-2026
RESOLVUSDT,1770343200000,1,42,2026-02-06 02:00:00+00:00,2026-W06,2026-02,True,0.00518048835185848,ecosystem,1.0,0.5387647831800263,-2.2856292984554387,-2.2856292984554387,2026Q1,2024-2026
RESOLVUSDT,1770948000000,-1,155,2026-02-13 02:00:00+00:00,2026-W07,2026-02,True,0.0051537892069041785,ecosystem,0.0,-0.4612352168199737,-2.2878733483288594,-2.2878733483288594,2026Q1,2024-2026
RESOLVUSDT,1771552800000,1,108,2026-02-20 02:00:00+00:00,2026-W08,2026-02,True,0.005127363854411443,ecosystem,1.0,0.5387647831800263,-2.290105862517438,-2.290105862517438,2026Q1,2024-2026
RESOLVUSDT,1772157600000,-1,73,2026-02-27 02:00:00+00:00,2026-W09,2026-02,True,0.0051012081043632996,ecosystem,0.0,-0.4612352168199737,-2.2923269590147624,-2.291549575240699,2026Q1,2024-2026
RESOLVUSDT,1772762400000,1,9,2026-03-06 02:00:00+00:00,2026-W10,2026-03,True,0.005075317851805449,ecosystem,1.0,0.5387647831800263,-2.294536754013267,-2.291549575240699,2026Q1,2024-2026
RESOLVUSDT,1773367200000,-1,8,2026-03-13 02:00:00+00:00,2026-W11,2026-03,True,0.0050496890746985655,ecosystem,0.0,-0.4612352168199737,-2.296735361940709,-2.291549575240699,2026Q1,2024-2026
RESOLVUSDT,1773972000000,-1,48,2026-03-20 02:00:00+00:00,2026-W12,2026-03,True,0.005024317831835334,ecosystem,0.0,-0.4612352168199737,-2.298922895495724,-2.291549575240699,2026Q1,2024-2026
RESOLVUSDT,1779933600000,1,130,2026-05-28 02:00:00+00:00,2026-W22,2026-05,True,0.04515780371653863,insiders,1.0,0.5387647831800263,-1.3452671884694525,-1.3452671884694525,2026Q2,2024-2026
RESOLVUSDT,1782525600000,1,13,2026-06-27 02:00:00+00:00,2026-W26,2026-06,True,0.04409792058059516,insiders,1.0,0.5387647831800263,-1.3555818890279652,-1.3555818890279652,2026Q2,2024-2026
REZUSDT,1722211200000,-1,76,2024-07-29 00:00:00+00:00,2024-W31,2024-07,True,0.38828596037898366,ecosystem,0.0,-0.4839521711768408,-0.41084831236450486,-0.41084831236450486,2024Q3,2024-2026
REZUSDT,1743292800000,1,3,2025-03-30 00:00:00+00:00,2025-W13,2025-03,True,0.03353747448235639,insiders,1.0,0.5160478288231591,-1.4744696447613324,-1.4744696447613324,2025Q1,2024-2026
REZUSDT,1743465600000,1,2,2025-04-01 00:00:00+00:00,2025-W14,2025-04,True,0.04162696928129029,insiders,1.0,0.5160478288231591,-1.3806252074731935,-1.3806252074731935,2025Q2,2024-2026
REZUSDT,1745971200000,-1,2,2025-04-30 00:00:00+00:00,2025-W18,2025-04,True,0.24719074074074102,privateSale,0.0,-0.4839521711768408,-0.6069678010610355,-0.6069678010610355,2025Q2,2024-2026
REZUSDT,1746057600000,-1,41,2025-05-01 00:00:00+00:00,2025-W18,2025-05,True,0.034867539421746634,insiders,0.0,-0.4839521711768408,-1.4575786994052846,-1.4575786994052846,2025Q2,2024-2026
REZUSDT,1748563200000,-1,22,2025-05-30 00:00:00+00:00,2025-W22,2025-05,True,0.10134437777584598,privateSale,0.0,-0.4839521711768408,-0.9942003394095841,-0.9942003394095841,2025Q2,2024-2026
REZUSDT,1748649600000,1,13,2025-05-31 00:00:00+00:00,2025-W22,2025-05,True,0.02978321382118143,insiders,1.0,0.5160478288231591,-1.5260284405832785,-1.5260284405832785,2025Q2,2024-2026
REZUSDT,1751241600000,-1,29,2025-06-30 00:00:00+00:00,2025-W27,2025-06,True,0.08724472808821153,privateSale,0.0,-0.4839521711768408,-1.0592608065621667,-1.0592608065621667,2025Q2,2024-2026
REZUSDT,1751328000000,1,56,2025-07-01 00:00:00+00:00,2025-W27,2025-07,True,0.025974760320572082,insiders,1.0,0.5160478288231591,-1.5854484511599367,-1.5854484511599367,2025Q3,2024-2026
REZUSDT,1753833600000,1,5,2025-07-30 00:00:00+00:00,2025-W31,2025-07,True,0.07664043829639558,privateSale,1.0,0.5160478288231591,-1.1155420202504704,-1.1155420202504704,2025Q3,2024-2026
REZUSDT,1753920000000,-1,21,2025-07-31 00:00:00+00:00,2025-W31,2025-07,True,0.023044181952711303,insiders,0.0,-0.4839521711768408,-1.6374387043209442,-1.6374387043209442,2025Q3,2024-2026
REZUSDT,1756425600000,-1,74,2025-08-29 00:00:00+00:00,2025-W35,2025-08,True,0.06833460717948811,privateSale,0.0,-0.4839521711768408,-1.1653592977731857,-1.1653592977731857,2025Q3,2024-2026
REZUSDT,1756598400000,-1,28,2025-08-31 00:00:00+00:00,2025-W35,2025-08,True,0.02069628398553781,insiders,0.0,-0.4839521711768408,-1.6841076250478986,-1.6841076250478986,2025Q3,2024-2026
REZUSDT,1759104000000,1,13,2025-09-29 00:00:00+00:00,2025-W40,2025-09,True,0.061619843094652384,privateSale,1.0,0.5160478288231591,-1.210279411881029,-1.210279411881029,2025Q3,2024-2026
REZUSDT,1759190400000,1,41,2025-09-30 00:00:00+00:00,2025-W40,2025-09,True,0.018792102880636385,insiders,1.0,0.5160478288231591,-1.726024618603249,-1.726024618603249,2025Q3,2024-2026
REZUSDT,1761696000000,-1,18,2025-10-29 00:00:00+00:00,2025-W44,2025-10,True,0.05613414255984332,privateSale,0.0,-0.4839521711768408,-1.2507729067471,-1.2507729067471,2025Q4,2024-2026
REZUSDT,1761868800000,-1,80,2025-10-31 00:00:00+00:00,2025-W44,2025-10,True,0.017200810974386076,insiders,0.0,-0.4839521711768408,-1.7644510767321022,-1.7644510767321022,2025Q4,2024-2026
REZUSDT,1764374400000,-1,48,2025-11-29 00:00:00+00:00,2025-W48,2025-11,True,0.05152213107683514,privateSale,0.0,-0.4839521711768408,-1.288006181832852,-1.288006181832852,2025Q4,2024-2026
REZUSDT,1764460800000,1,19,2025-11-30 00:00:00+00:00,2025-W48,2025-11,True,0.015864760293075583,insiders,1.0,0.5160478288231591,-1.7995664854407207,-1.7995664854407207,2025Q4,2024-2026
REZUSDT,1766966400000,1,33,2025-12-29 00:00:00+00:00,2026-W01,2025-12,True,0.047630237305203216,privateSale,1.0,0.5160478288231591,-1.3221172547243207,-1.3221172547243207,2025Q4,2024-2026
REZUSDT,1767052800000,1,9,2025-12-30 00:00:00+00:00,2026-W01,2025-12,True,0.014721302236793578,insiders,1.0,0.5160478288231591,-1.8320537708926392,-1.8320537708926392,2025Q4,2024-2026
REZUSDT,1769644800000,-1,15,2026-01-29 00:00:00+00:00,2026-W05,2026-01,True,0.04426790104428269,privateSale,0.0,-0.4839521711768408,-1.3539110695390264,-1.3539110695390264,2026Q1,2024-2026
REZUSDT,1769731200000,-1,38,2026-01-30 00:00:00+00:00,2026-W05,2026-01,True,0.013726511021685758,insiders,0.0,-0.4839521711768408,-1.8624398368771529,-1.8624398368771529,2026Q1,2024-2026
REZUSDT,1772236800000,-1,8,2026-02-28 00:00:00+00:00,2026-W09,2026-02,True,0.04136391214541527,privateSale,0.0,-0.4839521711768408,-1.3833783929601,-1.3833783929601,2026Q1,2024-2026
REZUSDT,1772323200000,1,90,2026-03-01 00:00:00+00:00,2026-W09,2026-03,True,0.012862114464727122,insiders,1.0,0.5160478288231591,-1.8906876297883808,-1.8906876297883808,2026Q1,2024-2026
REZUSDT,1774915200000,1,61,2026-03-31 00:00:00+00:00,2026-W14,2026-03,True,0.03880431787628343,privateSale,1.0,0.5160478288231591,-1.4111199464287758,-1.4111199464287758,2026Q1,2024-2026
REZUSDT,1777507200000,1,17,2026-04-30 00:00:00+00:00,2026-W18,2026-04,True,0.009518462968532171,insiders,1.0,0.5160478288231591,-2.0214331753736823,-2.0214331753736823,2026Q2,2024-2026
REZUSDT,1780099200000,-1,87,2026-05-30 00:00:00+00:00,2026-W22,2026-05,True,0.009174311926605524,insiders,0.0,-0.4839521711768408,-2.037426497940623,-2.037426497940623,2026Q2,2024-2026
REZUSDT,1782777600000,1,111,2026-06-30 00:00:00+00:00,2026-W27,2026-06,True,0.00909090909090911,insiders,1.0,0.5160478288231591,-2.041392685158224,-2.041392685158224,2026Q2,2024-2026
RUNEUSDT,1630494000000,1,122,2021-09-01 11:00:00+00:00,2021-W35,2021-09,True,0.005692486137969718,Uncategorized,1.0,0.5210298241141983,-2.244698018281654,-2.244698018281654,2021Q3,2021-2023
RUNEUSDT,1633050000000,1,9,2021-10-01 01:00:00+00:00,2021-W39,2021-10,True,0.005463775199804007,Uncategorized,1.0,0.5210298241141983,-2.262507177462147,-2.262507177462147,2021Q4,2021-2023
RUNEUSDT,1638320400000,-1,26,2021-12-01 01:00:00+00:00,2021-W48,2021-12,True,0.005589229754168363,Uncategorized,0.0,-0.4789701758858017,-2.2526480376525404,-2.2526480376525404,2021Q4,2021-2023
RUNEUSDT,1640998800000,1,25,2022-01-01 01:00:00+00:00,2021-W52,2022-01,True,0.009966672099029022,Uncategorized,1.0,0.5210298241141983,-2.0014498296817527,-2.0014498296817527,2022Q1,2021-2023
RUNEUSDT,1643677200000,-1,48,2022-02-01 01:00:00+00:00,2022-W05,2022-02,True,0.009752352863360679,Uncategorized,0.0,-0.4789701758858017,-2.0108905932963643,-2.0108905932963643,2022Q1,2021-2023
RUNEUSDT,1646096400000,1,6,2022-03-01 01:00:00+00:00,2022-W09,2022-03,True,0.010190529171673447,Uncategorized,1.0,0.5210298241141983,-1.991803263454739,-1.991803263454739,2022Q1,2021-2023
RUNEUSDT,1648774800000,1,18,2022-04-01 01:00:00+00:00,2022-W13,2022-04,True,0.009594895542967975,Uncategorized,1.0,0.5210298241141983,-2.017959748949306,-2.017959748949306,2022Q2,2021-2023
RUNEUSDT,1651366800000,1,15,2022-05-01 01:00:00+00:00,2022-W17,2022-05,True,0.009407925120016923,Uncategorized,1.0,0.5210298241141983,-2.0265061479104616,-2.0265061479104616,2022Q2,2021-2023
RUNEUSDT,1654045200000,-1,15,2022-06-01 01:00:00+00:00,2022-W22,2022-06,True,0.008865378417789702,Uncategorized,0.0,-0.4789701758858017,-2.0523027218509537,-2.0523027218509537,2022Q2,2021-2023
RUNEUSDT,1656637200000,1,82,2022-07-01 01:00:00+00:00,2022-W26,2022-07,True,0.008990854361877226,Uncategorized,1.0,0.5210298241141983,-2.0461990371856937,-2.0461990371856937,2022Q3,2021-2023
RUNEUSDT,1659315600000,1,169,2022-08-01 01:00:00+00:00,2022-W31,2022-08,True,0.008814486647324348,Uncategorized,1.0,0.5210298241141983,-2.054802975789655,-2.054802975789655,2022Q3,2021-2023
RUNEUSDT,1661994000000,-1,139,2022-09-01 01:00:00+00:00,2022-W35,2022-09,True,0.0083818485146882,Uncategorized,0.0,-0.4789701758858017,-2.0766601924438954,-2.0766601924438954,2022Q3,2021-2023
RUNEUSDT,1664586000000,-1,294,2022-10-01 01:00:00+00:00,2022-W39,2022-10,True,0.008230225110408931,Uncategorized,0.0,-0.4789701758858017,-2.084588285945519,-2.084588285945519,2022Q4,2021-2023
RUNEUSDT,1667264400000,-1,41,2022-11-01 01:00:00+00:00,2022-W44,2022-11,True,0.00774105805236064,Uncategorized,0.0,-0.4789701758858017,-2.111199675635252,-2.111199675635252,2022Q4,2021-2023
RUNEUSDT,1669856400000,1,47,2022-12-01 01:00:00+00:00,2022-W48,2022-12,True,0.007746575907090806,Uncategorized,1.0,0.5210298241141983,-2.1108902192045376,-2.1108902192045376,2022Q4,2021-2023
RUNEUSDT,1672534800000,1,88,2023-01-01 01:00:00+00:00,2022-W52,2023-01,True,0.007546760203266599,Uncategorized,1.0,0.5210298241141983,-2.1222394494060617,-2.1222394494060617,2023Q1,2021-2023
RUNEUSDT,1675213200000,1,35,2023-02-01 01:00:00+00:00,2023-W05,2023-02,True,0.006631941332050368,Uncategorized,1.0,0.5210298241141983,-2.178359324327428,-2.178359324327428,2023Q1,2021-2023
RUNEUSDT,1677632400000,-1,91,2023-03-01 01:00:00+00:00,2023-W09,2023-03,True,0.007120006645639557,Uncategorized,0.0,-0.4789701758858017,-2.147519601003138,-2.147519601003138,2023Q1,2021-2023
RUNEUSDT,1680314400000,1,79,2023-04-01 02:00:00+00:00,2023-W13,2023-04,True,0.006682989827890412,Uncategorized,1.0,0.5210298241141983,-2.1750291999109357,-2.1750291999109357,2023Q2,2021-2023
RUNEUSDT,1682906400000,-1,183,2023-05-01 02:00:00+00:00,2023-W18,2023-05,True,0.0066292321447767085,Uncategorized,0.0,-0.4789701758858017,-2.1785367724396663,-2.1785367724396663,2023Q2,2021-2023
RUNEUSDT,1685584800000,-1,218,2023-06-01 02:00:00+00:00,2023-W22,2023-06,True,0.005740825138934799,Uncategorized,0.0,-0.4789701758858017,-2.241025681202797,-2.241025681202797,2023Q2,2021-2023
RUNEUSDT,1690855200000,1,184,2023-08-01 02:00:00+00:00,2023-W31,2023-08,True,0.005848406725098076,Uncategorized,1.0,0.5210298241141983,-2.2329624321645123,-2.2329624321645123,2023Q3,2021-2023
RUNEUSDT,1693533600000,-1,85,2023-09-01 02:00:00+00:00,2023-W35,2023-09,True,0.005719534401979395,Uncategorized,0.0,-0.4789701758858017,-2.2426393234589366,-2.2426393234589366,2023Q3,2021-2023
RUNEUSDT,1696125600000,1,20,2023-10-01 02:00:00+00:00,2023-W39,2023-10,True,0.00567790520448322,Uncategorized,1.0,0.5210298241141983,-2.2458118625170154,-2.2458118625170154,2023Q4,2021-2023
RUNEUSDT,1698804000000,1,61,2023-11-01 02:00:00+00:00,2023-W44,2023-11,True,0.005380023256529478,Uncategorized,1.0,0.5210298241141983,-2.2692158469803414,-2.2692158469803414,2023Q4,2021-2023
RUNEUSDT,1701396000000,1,31,2023-12-01 02:00:00+00:00,2023-W48,2023-12,True,0.005399529317494397,Uncategorized,1.0,0.5210298241141983,-2.2676440964222495,-2.2676440964222495,2023Q4,2021-2023
RUNEUSDT,1704074400000,1,23,2024-01-01 02:00:00+00:00,2024-W01,2024-01,True,0.005363337856825219,Uncategorized,1.0,0.5210298241141983,-2.270564844332242,-2.270564844332242,2024Q1,2024-2026
RUNEUSDT,1709258400000,-1,113,2024-03-01 02:00:00+00:00,2024-W09,2024-03,True,0.005220011504693647,Uncategorized,0.0,-0.4789701758858017,-2.2823285398292588,-2.2823285398292588,2024Q1,2024-2026
SAGAUSDT,1712649600000,1,1,2024-04-09 08:00:00+00:00,2024-W15,2024-04,True,1.0,noncirculating,1.0,0.5558912386706949,0.0,0.0,2024Q2,2024-2026
SAGAUSDT,1744185600000,1,16,2025-04-09 08:00:00+00:00,2025-W15,2025-04,True,0.181727781230578,insiders,1.0,0.5558912386706949,-0.7405786758132067,-0.7405786758132067,2025Q2,2024-2026
SEIUSDT,1694563200000,1,74,2023-09-13 00:00:00+00:00,2023-W37,2023-09,True,0.06944444444444445,noncirculating,1.0,0.5427329792370835,-1.1583624920952496,-1.1583624920952496,2023Q3,2021-2023
SEIUSDT,1697155200000,1,137,2023-10-13 00:00:00+00:00,2023-W41,2023-10,True,0.06493506493506493,noncirculating,1.0,0.5427329792370835,-1.187520720836463,-1.187520720836463,2023Q4,2021-2023
SEIUSDT,1699833600000,1,7,2023-11-13 00:00:00+00:00,2023-W46,2023-11,True,0.06097560975609756,noncirculating,1.0,0.5427329792370835,-1.214843848047698,-1.214843848047698,2023Q4,2021-2023
SEIUSDT,1702425600000,1,25,2023-12-13 00:00:00+00:00,2023-W50,2023-12,True,0.05747126436781609,noncirculating,1.0,0.5427329792370835,-1.2405492482825997,-1.2405492482825997,2023Q4,2021-2023
SEIUSDT,1705104000000,1,8,2024-01-13 00:00:00+00:00,2024-W02,2024-01,True,0.05434782608695652,noncirculating,1.0,0.5427329792370835,-1.2648178230095364,-1.2648178230095364,2024Q1,2024-2026
SEIUSDT,1707696000000,1,17,2024-02-12 00:00:00+00:00,2024-W07,2024-02,True,0.05154639175257732,noncirculating,1.0,0.5427329792370835,-1.287801729930226,-1.287801729930226,2024Q1,2024-2026
SEIUSDT,1710374400000,-1,19,2024-03-14 00:00:00+00:00,2024-W11,2024-03,True,0.049019607843137254,noncirculating,0.0,-0.4572670207629165,-1.3096301674258988,-1.3096301674258988,2024Q1,2024-2026
SEIUSDT,1712966400000,-1,17,2024-04-13 00:00:00+00:00,2024-W15,2024-04,True,0.04672897196261682,noncirculating,0.0,-0.4572670207629165,-1.3304137733491908,-1.3304137733491908,2024Q2,2024-2026
SEIUSDT,1715558400000,-1,30,2024-05-13 00:00:00+00:00,2024-W20,2024-05,True,0.044642857142857144,noncirculating,0.0,-0.4572670207629165,-1.3502480183341627,-1.3502480183341627,2024Q2,2024-2026
SEIUSDT,1718236800000,-1,16,2024-06-13 00:00:00+00:00,2024-W24,2024-06,True,0.042735042735042736,noncirculating,0.0,-0.4572670207629165,-1.3692158574101427,-1.3692158574101427,2024Q2,2024-2026
SEIUSDT,1720828800000,1,51,2024-07-13 00:00:00+00:00,2024-W28,2024-07,True,0.0437158468852459,noncirculating,1.0,0.5427329792370835,-1.3593611038242222,-1.3593611038242222,2024Q3,2024-2026
SEIUSDT,1723507200000,-1,53,2024-08-13 00:00:00+00:00,2024-W33,2024-08,True,0.0708223968503937,noncirculating,0.0,-0.4572670207629165,-1.1498293794518781,-1.1498293794518781,2024Q3,2024-2026
SEIUSDT,1726099200000,1,14,2024-09-12 00:00:00+00:00,2024-W37,2024-09,True,0.06796809370961895,noncirculating,1.0,0.5427329792370835,-1.167694910495616,-1.167694910495616,2024Q3,2024-2026
SEIUSDT,1728777600000,-1,17,2024-10-13 00:00:00+00:00,2024-W41,2024-10,True,0.06364243848664969,noncirculating,0.0,-0.4572670207629165,-1.1962531885319383,-1.1962531885319383,2024Q4,2024-2026
SEIUSDT,1731369600000,-1,10,2024-11-12 00:00:00+00:00,2024-W46,2024-11,True,0.05983442948854141,noncirculating,0.0,-0.4572670207629165,-1.2230488455412987,-1.2230488455412987,2024Q4,2024-2026
SEIUSDT,1733961600000,-1,120,2024-12-12 00:00:00+00:00,2024-W50,2024-12,True,0.056456393398558034,noncirculating,0.0,-0.4572670207629165,-1.2482868693193583,-1.2482868693193583,2024Q4,2024-2026
SEIUSDT,1736640000000,-1,32,2025-01-12 00:00:00+00:00,2025-W02,2025-01,True,0.05343939773693938,noncirculating,0.0,-0.4572670207629165,-1.2721384450122595,-1.2721384450122595,2025Q1,2024-2026
SEIUSDT,1739232000000,-1,38,2025-02-11 00:00:00+00:00,2025-W07,2025-02,True,0.0507284973884032,noncirculating,0.0,-0.4572670207629165,-1.2947480015814663,-1.2947480015814663,2025Q1,2024-2026
SEIUSDT,1741910400000,1,18,2025-03-14 00:00:00+00:00,2025-W11,2025-03,True,0.04827935809725293,noncirculating,1.0,0.5427329792370835,-1.3162385127394398,-1.3162385127394398,2025Q1,2024-2026
SEIUSDT,1744502400000,-1,78,2025-04-13 00:00:00+00:00,2025-W15,2025-04,True,0.04605581300855288,noncirculating,0.0,-0.4572670207629165,-1.3367155468306389,-1.3367155468306389,2025Q2,2024-2026
SEIUSDT,1747180800000,-1,31,2025-05-14 00:00:00+00:00,2025-W20,2025-05,True,0.04402806469388294,noncirculating,0.0,-0.4572670207629165,-1.35627040405307,-1.35627040405307,2025Q2,2024-2026
SEIUSDT,1749772800000,-1,111,2025-06-13 00:00:00+00:00,2025-W24,2025-06,True,0.042171342115015185,noncirculating,0.0,-0.4572670207629165,-1.3749825772191886,-1.3749825772191886,2025Q2,2024-2026
SEIUSDT,1752451200000,1,3,2025-07-14 00:00:00+00:00,2025-W29,2025-07,True,0.04046488366244205,noncirculating,1.0,0.5427329792370835,-1.3929217038771893,-1.3929217038771893,2025Q3,2024-2026
SEIUSDT,1755043200000,1,12,2025-08-13 00:00:00+00:00,2025-W33,2025-08,True,0.020946935883485143,privateSale,1.0,0.5427329792370835,-1.6788794966222222,-1.6788794966222222,2025Q3,2024-2026
SEIUSDT,1757635200000,-1,128,2025-09-12 00:00:00+00:00,2025-W37,2025-09,True,0.020162781954865375,privateSale,0.0,-0.4572670207629165,-1.6954495464183077,-1.6954495464183077,2025Q3,2024-2026
SEIUSDT,1760313600000,-1,81,2025-10-13 00:00:00+00:00,2025-W42,2025-10,True,0.019764279104780583,privateSale,0.0,-0.4572670207629165,-1.7041190217725921,-1.7041190217725921,2025Q4,2024-2026
SEIUSDT,1762905600000,-1,52,2025-11-12 00:00:00+00:00,2025-W46,2025-11,True,0.019381223200062497,privateSale,0.0,-0.4572670207629165,-1.7126188169512275,-1.7126188169512275,2025Q4,2024-2026
SEIUSDT,1765584000000,-1,63,2025-12-13 00:00:00+00:00,2025-W50,2025-12,True,0.019012733174759256,privateSale,0.0,-0.4572670207629165,-1.720955446659377,-1.720955446659377,2025Q4,2024-2026
SEIUSDT,1768176000000,-1,168,2026-01-12 00:00:00+00:00,2026-W03,2026-01,True,0.01865799371861097,privateSale,0.0,-0.4572670207629165,-1.729135057469518,-1.729135057469518,2026Q1,2024-2026
SEIUSDT,1770854400000,1,59,2026-02-12 00:00:00+00:00,2026-W07,2026-02,True,0.01831624925506152,privateSale,1.0,0.5427329792370835,-1.7371634550459976,-1.7371634550459976,2026Q1,2024-2026
SEIUSDT,1773446400000,-1,200,2026-03-14 00:00:00+00:00,2026-W11,2026-03,True,0.017986798569168055,privateSale,0.0,-0.4572670207629165,-1.7450461288985324,-1.7450461288985324,2026Q1,2024-2026
SEIUSDT,1776038400000,1,88,2026-04-13 00:00:00+00:00,2026-W16,2026-04,True,0.01766899000502699,privateSale,1.0,0.5427329792370835,-1.7527882749289985,-1.7527882749289985,2026Q2,2024-2026
SEIUSDT,1778716800000,-1,55,2026-05-14 00:00:00+00:00,2026-W20,2026-05,True,0.0173622171635,privateSale,0.0,-0.4572670207629165,-1.760394816003456,-1.760394816003456,2026Q2,2024-2026
SEIUSDT,1781308800000,1,112,2026-06-13 00:00:00+00:00,2026-W24,2026-06,True,0.01706591504047346,privateSale,1.0,0.5427329792370835,-1.7678704207533862,-1.7678704207533862,2026Q2,2024-2026
SEIUSDT,1783987200000,-1,270,2026-07-14 00:00:00+00:00,2026-W29,2026-07,True,0.016779556553907653,privateSale,0.0,-0.4572670207629165,-1.7752195207859667,-1.7752195207859667,2026Q3,2024-2026
SHELLUSDT,1755133200000,-1,11,2025-08-14 01:00:00+00:00,2025-W33,2025-08,True,0.08354991031882573,publicSale,0.0,-0.5287128712871287,-1.078054011935282,-1.078054011935282,2025Q3,2024-2026
SIGNUSDT,1745838000000,1,1,2025-04-28 11:00:00+00:00,2025-W18,2025-04,True,1.125,airdrop,1.0,0.48619447779111646,0.05115252244738129,0.0,2025Q2,2024-2026
SIGNUSDT,1753700400000,-1,13,2025-07-28 11:00:00+00:00,2025-W31,2025-07,True,0.24166666666666667,ecosystem,0.0,-0.5138055222088835,-0.6167832481486687,-0.6167832481486687,2025Q3,2024-2026
SIGNUSDT,1761562800000,-1,52,2025-10-27 11:00:00+00:00,2025-W44,2025-10,True,0.21481481481481482,ecosystem,0.0,-0.5138055222088835,-0.66793577059605,-0.66793577059605,2025Q4,2024-2026
SIGNUSDT,1771153200000,-1,95,2026-02-15 11:00:00+00:00,2026-W07,2026-02,True,0.15452605912831455,ecosystem,0.0,-0.5138055222088835,-0.8109982710527117,-0.8109982710527117,2026Q1,2024-2026
SIGNUSDT,1776250800000,-1,19,2026-04-15 11:00:00+00:00,2026-W16,2026-04,True,0.05757052389176741,privateSale,0.0,-0.5138055222088835,-1.2397998184470986,-1.2397998184470986,2026Q2,2024-2026
SIGNUSDT,1778842800000,-1,20,2026-05-15 11:00:00+00:00,2026-W20,2026-05,True,0.05757052389176741,privateSale,0.0,-0.5138055222088835,-1.2397998184470986,-1.2397998184470986,2026Q2,2024-2026
SIGNUSDT,1779015600000,-1,140,2026-05-17 11:00:00+00:00,2026-W20,2026-05,True,0.14611418873482981,ecosystem,0.0,-0.5138055222088835,-0.8353076089114214,-0.8353076089114214,2026Q2,2024-2026
SIGNUSDT,1781434800000,1,74,2026-06-14 11:00:00+00:00,2026-W24,2026-06,True,0.04749664729548503,privateSale,1.0,0.48619447779111646,-1.3233370453742805,-1.3233370453742805,2026Q2,2024-2026
SOLUSDT,1609977600000,-1,8,2021-01-07 00:00:00+00:00,2021-W01,2021-01,True,0.9295487784481403,ecosystem,0.0,-0.510654490106545,-0.03172781551550553,-0.03172781551550553,2021Q1,2021-2023
SOLVUSDT,1737108000000,-1,1,2025-01-17 10:00:00+00:00,2025-W03,2025-01,True,1.225010117361392,airdrop,0.0,-0.47843137254901963,0.08813967555449355,0.0,2025Q1,2024-2026
SOLVUSDT,1739700000000,-1,22,2025-02-16 10:00:00+00:00,2025-W07,2025-02,True,0.07932011331444759,airdrop,0.0,-0.47843137254901963,-1.1006166740456034,-1.1006166740456034,2025Q1,2024-2026
SOLVUSDT,1742292000000,-1,54,2025-03-18 10:00:00+00:00,2025-W12,2025-03,True,0.07349081364829396,airdrop,0.0,-0.47843137254901963,-1.1337669443334002,-1.1337669443334002,2025Q1,2024-2026
SOLVUSDT,1752832800000,1,313,2025-07-18 10:00:00+00:00,2025-W29,2025-07,True,0.16340723932593632,noncirculating,1.0,0.5215686274509803,-0.7867287071079943,-0.7867287071079943,2025Q3,2024-2026
SOLVUSDT,1758103200000,1,208,2025-09-17 10:00:00+00:00,2025-W38,2025-09,True,0.019630637678923646,ecosystem,1.0,0.5215686274509803,-1.7070655926088747,-1.7070655926088747,2025Q3,2024-2026
SOLVUSDT,1760695200000,1,82,2025-10-17 10:00:00+00:00,2025-W42,2025-10,True,0.019252694999054385,ecosystem,1.0,0.5215686274509803,-1.7155084692050335,-1.7155084692050335,2025Q4,2024-2026
SOLVUSDT,1763373600000,1,24,2025-11-17 10:00:00+00:00,2025-W47,2025-11,True,0.01888903026061878,ecosystem,1.0,0.5215686274509803,-1.7237903376458046,-1.7237903376458046,2025Q4,2024-2026
SOLVUSDT,1765965600000,-1,319,2025-12-17 10:00:00+00:00,2025-W51,2025-12,True,0.01853884937380002,ecosystem,0.0,-0.47843137254901963,-1.731917224135238,-1.731917224135238,2025Q4,2024-2026
SOLVUSDT,1768644000000,-1,38,2026-01-17 10:00:00+00:00,2026-W03,2026-01,True,0.17480654962511782,noncirculating,0.0,-0.47843137254901963,-0.7574422993174137,-0.7574422993174137,2026Q1,2024-2026
SOLVUSDT,1771236000000,-1,75,2026-02-16 10:00:00+00:00,2026-W08,2026-02,True,0.07285602666021361,privateSale,0.0,-0.47843137254901963,-1.137534517510758,-1.137534517510758,2026Q1,2024-2026
SOLVUSDT,1771322400000,-1,130,2026-02-17 10:00:00+00:00,2026-W08,2026-02,True,0.1255794604285108,privateSale,0.0,-0.47843137254901963,-0.9010813872867779,-0.9010813872867779,2026Q1,2024-2026
SOLVUSDT,1773914400000,-1,42,2026-03-19 10:00:00+00:00,2026-W12,2026-03,True,0.059380573497431165,privateSale,0.0,-0.47843137254901963,-1.226355612304693,-1.226355612304693,2026Q1,2024-2026
SOLVUSDT,1776506400000,-1,2,2026-04-18 10:00:00+00:00,2026-W16,2026-04,True,0.056052163861559756,privateSale,0.0,-0.47843137254901963,-1.2514076170566002,-1.2514076170566002,2026Q2,2024-2026
SOLVUSDT,1779012000000,-1,255,2026-05-17 10:00:00+00:00,2026-W20,2026-05,True,0.10660967080902495,privateSale,0.0,-0.47843137254901963,-0.9722033976687859,-0.9722033976687859,2026Q2,2024-2026
SOLVUSDT,1779098400000,1,27,2026-05-18 10:00:00+00:00,2026-W21,2026-05,True,0.047418548853719295,privateSale,1.0,0.5215686274509803,-1.3240517408358021,-1.3240517408358021,2026Q2,2024-2026
SOLVUSDT,1781776800000,-1,118,2026-06-18 10:00:00+00:00,2026-W25,2026-06,True,0.045271824625994564,privateSale,0.0,-0.47843137254901963,-1.3441720014395413,-1.3441720014395413,2026Q2,2024-2026
SOPHUSDT,1756256400000,-1,121,2025-08-27 01:00:00+00:00,2025-W35,2025-08,True,0.12974755801563506,Uncategorized,0.0,-0.4445812807881773,-0.8869008072776915,-0.8869008072776915,2025Q3,2024-2026
SPKUSDT,1750150800000,1,1,2025-06-17 09:00:00+00:00,2025-W25,2025-06,True,1.0,noncirculating,1.0,0.5393700787401574,0.0,0.0,2025Q2,2024-2026
SPKUSDT,1781686800000,-1,6,2026-06-17 09:00:00+00:00,2026-W25,2026-06,True,0.22965887676728336,noncirculating,0.0,-0.46062992125984253,-0.6389167635857349,-0.6389167635857349,2026Q2,2024-2026
STOUSDT,1746244800000,1,6,2025-05-03 04:00:00+00:00,2025-W18,2025-05,True,0.01620068175224833,noncirculating,1.0,0.5345838218053927,-1.7904667092222093,-1.7904667092222093,2025Q2,2024-2026
STOUSDT,1748836800000,1,55,2025-06-02 04:00:00+00:00,2025-W23,2025-06,True,0.015942403939656173,noncirculating,1.0,0.5345838218053927,-1.7974461911575768,-1.7974461911575768,2025Q2,2024-2026
STOUSDT,1751515200000,-1,34,2025-07-03 04:00:00+00:00,2025-W27,2025-07,True,0.01569223203779483,noncirculating,0.0,-0.4654161781946073,-1.8043152786721963,-1.8043152786721963,2025Q3,2024-2026
STOUSDT,1754107200000,-1,20,2025-08-02 04:00:00+00:00,2025-W31,2025-08,True,0.015449790342800328,noncirculating,0.0,-0.4654161781946073,-1.8110774096749207,-1.8110774096749207,2025Q3,2024-2026
STOUSDT,1756785600000,-1,60,2025-09-02 04:00:00+00:00,2025-W36,2025-09,True,0.018620372577733885,noncirculating,0.0,-0.4654161781946073,-1.7300116334064983,-1.7300116334064983,2025Q3,2024-2026
STOUSDT,1759377600000,1,84,2025-10-02 04:00:00+00:00,2025-W40,2025-10,True,0.08942401217080018,noncirculating,1.0,0.5345838218053927,-1.048545848619754,-1.048545848619754,2025Q4,2024-2026
STOUSDT,1764648000000,1,78,2025-12-02 04:00:00+00:00,2025-W49,2025-12,True,0.02989525907372134,noncirculating,1.0,0.5345838218053927,-1.5243976786111149,-1.5243976786111149,2025Q4,2024-2026
STOUSDT,1767240000000,1,111,2026-01-01 04:00:00+00:00,2026-W01,2026-01,True,0.029027475182873328,noncirculating,1.0,0.5345838218053927,-1.5371907375693625,-1.5371907375693625,2026Q1,2024-2026
STOUSDT,1769918400000,-1,60,2026-02-01 04:00:00+00:00,2026-W05,2026-02,True,0.028208649314941485,noncirculating,0.0,-0.4654161781946073,-1.5496177082122742,-1.5496177082122742,2026Q1,2024-2026
STOUSDT,1772510400000,-1,98,2026-03-03 04:00:00+00:00,2026-W10,2026-03,True,0.07120441214730021,privateSale,0.0,-0.4654161781946073,-1.1474930946797548,-1.1474930946797548,2026Q1,2024-2026
STOUSDT,1775188800000,-1,3,2026-04-03 04:00:00+00:00,2026-W14,2026-04,True,0.0693030988172887,privateSale,0.0,-0.4654161781946073,-1.1592473459197885,-1.1592473459197885,2026Q2,2024-2026
STOUSDT,1777780800000,-1,248,2026-05-03 04:00:00+00:00,2026-W18,2026-05,True,0.06481146355410541,privateSale,0.0,-0.4654161781946073,-1.1883481713211852,-1.1883481713211852,2026Q2,2024-2026
STOUSDT,1780459200000,1,12,2026-06-03 04:00:00+00:00,2026-W23,2026-06,True,0.06086660951017475,privateSale,1.0,0.5345838218053927,-1.2156208893432996,-1.2156208893432996,2026Q2,2024-2026
STOUSDT,1783051200000,-1,125,2026-07-03 04:00:00+00:00,2026-W27,2026-07,True,0.057374422914750985,privateSale,0.0,-0.4654161781946073,-1.2412816696673123,-1.2412816696673123,2026Q3,2024-2026
SUIUSDT,1685664000000,-1,87,2023-06-02 00:00:00+00:00,2023-W22,2023-06,True,0.13385247724081867,staking,0.0,-0.46143617021276595,-0.8733735868075506,-0.8733735868075506,2023Q2,2021-2023
SUIUSDT,1688256000000,1,59,2023-07-02 00:00:00+00:00,2023-W26,2023-07,True,0.12228516072511292,staking,1.0,0.538563829787234,-0.9126262412973968,-0.9126262412973968,2023Q3,2021-2023
SUIUSDT,1690934400000,-1,39,2023-08-02 00:00:00+00:00,2023-W31,2023-08,True,0.10742697952335703,staking,0.0,-0.46143617021276595,-0.9688866349617223,-0.9688866349617223,2023Q3,2021-2023
SUIUSDT,1693526400000,-1,99,2023-09-01 00:00:00+00:00,2023-W35,2023-09,True,0.09510156945213218,staking,0.0,-0.46143617021276595,-1.021812315883024,-1.021812315883024,2023Q3,2021-2023
SUIUSDT,1696204800000,-1,30,2023-10-02 00:00:00+00:00,2023-W40,2023-10,True,0.0851732751162629,publicSale,0.0,-0.46143617021276595,-1.0696966527712286,-1.0696966527712286,2023Q4,2021-2023
SUIUSDT,1698796800000,1,28,2023-11-01 00:00:00+00:00,2023-W44,2023-11,True,0.11535254110162303,noncirculating,1.0,0.538563829787234,-0.9379728339625037,-0.9379728339625037,2023Q4,2021-2023
SUIUSDT,1701475200000,-1,59,2023-12-02 00:00:00+00:00,2023-W48,2023-12,True,0.06747303384676002,publicSale,0.0,-0.46143617021276595,-1.1708697618576802,-1.1708697618576802,2023Q4,2021-2023
SUIUSDT,1704067200000,1,21,2024-01-01 00:00:00+00:00,2024-W01,2024-01,True,0.06207011761564041,publicSale,1.0,0.538563829787234,-1.2071174316763844,-1.2071174316763844,2024Q1,2024-2026
SUIUSDT,1706659200000,-1,75,2024-01-31 00:00:00+00:00,2024-W05,2024-01,True,0.05741388554208244,publicSale,0.0,-0.46143617021276595,-1.2409830608247039,-1.2409830608247039,2024Q1,2024-2026
SUIUSDT,1709337600000,-1,31,2024-03-02 00:00:00+00:00,2024-W09,2024-03,True,0.053362585656965944,publicSale,0.0,-0.46143617021276595,-1.2727631350632784,-1.2727631350632784,2024Q1,2024-2026
SUIUSDT,1711929600000,-1,32,2024-04-01 00:00:00+00:00,2024-W14,2024-04,True,0.049808126136615935,publicSale,0.0,-0.46143617021276595,-1.302699796830872,-1.302699796830872,2024Q2,2024-2026
SUIUSDT,1714521600000,-1,174,2024-05-01 00:00:00+00:00,2024-W18,2024-05,True,0.12926000732435686,noncirculating,0.0,-0.46143617021276595,-0.888535823804591,-0.888535823804591,2024Q2,2024-2026
SUIUSDT,1714608000000,-1,153,2024-05-02 00:00:00+00:00,2024-W18,2024-05,True,0.5550167219975329,privateSale,0.0,-0.46143617021276595,-0.2556939319010138,-0.2556939319010138,2024Q2,2024-2026
SUIUSDT,1717113600000,1,134,2024-05-31 00:00:00+00:00,2024-W22,2024-05,True,0.011352935879049687,noncirculating,1.0,0.538563829787234,-1.9448918150176526,-1.9448918150176526,2024Q2,2024-2026
SUIUSDT,1717200000000,1,120,2024-06-01 00:00:00+00:00,2024-W22,2024-06,True,0.03718549064685394,privateSale,1.0,0.538563829787234,-1.4296264838063093,-1.4296264838063093,2024Q2,2024-2026
SUIUSDT,1719705600000,-1,106,2024-06-30 00:00:00+00:00,2024-W26,2024-06,True,0.010673611225569646,noncirculating,0.0,-0.46143617021276595,-1.971688619938345,-1.971688619938345,2024Q2,2024-2026
SUIUSDT,1719878400000,-1,49,2024-07-02 00:00:00+00:00,2024-W27,2024-07,True,0.03003777693586372,privateSale,0.0,-0.46143617021276595,-1.5223322121543181,-1.5223322121543181,2024Q3,2024-2026
SUIUSDT,1722384000000,-1,62,2024-07-31 00:00:00+00:00,2024-W31,2024-07,True,0.010252913674600373,noncirculating,0.0,-0.46143617021276595,-1.9891526991951334,-1.9891526991951334,2024Q3,2024-2026
SUIUSDT,1722470400000,-1,39,2024-08-01 00:00:00+00:00,2024-W31,2024-08,True,0.02850712399486562,privateSale,0.0,-0.46143617021276595,-1.5450465952532697,-1.5450465952532697,2024Q3,2024-2026
SUIUSDT,1724976000000,-1,79,2024-08-30 00:00:00+00:00,2024-W35,2024-08,True,0.009867562479361942,noncirculating,0.0,-0.46143617021276595,-2.005790115061029,-2.005790115061029,2024Q3,2024-2026
SUIUSDT,1725062400000,-1,46,2024-08-31 00:00:00+00:00,2024-W35,2024-08,True,0.02711459471058172,privateSale,0.0,-0.46143617021276595,-1.5667968827008993,-1.5667968827008993,2024Q3,2024-2026
SUIUSDT,1727654400000,1,27,2024-09-30 00:00:00+00:00,2024-W40,2024-09,True,0.009513198570991884,noncirculating,1.0,0.538563829787234,-2.0216734380387003,-2.0216734380387003,2024Q3,2024-2026
SUIUSDT,1727740800000,-1,17,2024-10-01 00:00:00+00:00,2024-W40,2024-10,True,0.025843046844535224,privateSale,0.0,-0.46143617021276595,-1.5876562851907763,-1.5876562851907763,2024Q4,2024-2026
SUIUSDT,1730246400000,-1,55,2024-10-30 00:00:00+00:00,2024-W44,2024-10,True,0.009186152299973119,noncirculating,0.0,-0.46143617021276595,-2.0368663585599838,-2.0368663585599838,2024Q4,2024-2026
SUIUSDT,1730332800000,-1,65,2024-10-31 00:00:00+00:00,2024-W44,2024-10,True,0.02467803142246505,privateSale,0.0,-0.46143617021276595,-1.6076894871209388,-1.6076894871209388,2024Q4,2024-2026
SUIUSDT,1732924800000,1,81,2024-11-30 00:00:00+00:00,2024-W48,2024-11,True,0.008883312365215805,noncirculating,1.0,0.538563829787234,-2.0514250664619667,-2.0514250664619667,2024Q4,2024-2026
SUIUSDT,1733011200000,1,57,2024-12-01 00:00:00+00:00,2024-W48,2024-12,True,0.023607284593985162,privateSale,1.0,0.538563829787234,-1.6269539643684945,-1.6269539643684945,2024Q4,2024-2026
SUIUSDT,1735516800000,1,81,2024-12-30 00:00:00+00:00,2025-W01,2024-12,True,0.008602023547156688,noncirculating,1.0,0.538563829787234,-2.0653993729437246,-2.0653993729437246,2024Q4,2024-2026
SUIUSDT,1735603200000,1,57,2024-12-31 00:00:00+00:00,2025-W01,2024-12,True,0.02262033035708535,privateSale,1.0,0.538563829787234,-1.6455010567398494,-1.6455010567398494,2024Q4,2024-2026
SUIUSDT,1738108800000,1,27,2025-01-29 00:00:00+00:00,2025-W05,2025-01,True,0.008340006120969322,noncirculating,1.0,0.538563829787234,-2.0788336306209874,-2.0788336306209874,2025Q1,2024-2026
SUIUSDT,1738281600000,-1,43,2025-01-31 00:00:00+00:00,2025-W05,2025-01,True,0.021708166916223605,privateSale,0.0,-0.46143617021276595,-1.663376847746875,-1.663376847746875,2025Q1,2024-2026
SUIUSDT,1740873600000,1,16,2025-03-02 00:00:00+00:00,2025-W09,2025-03,True,0.02086301682795181,privateSale,1.0,0.538563829787234,-1.68062289164296,-1.68062289164296,2025Q1,2024-2026
SUIUSDT,1743552000000,-1,36,2025-04-02 00:00:00+00:00,2025-W14,2025-04,True,0.020143046967547765,privateSale,0.0,-0.46143617021276595,-1.6958748346213557,-1.6958748346213557,2025Q2,2024-2026
SUIUSDT,1746057600000,-1,73,2025-05-01 00:00:00+00:00,2025-W18,2025-05,True,0.016609319171866404,noncirculating,0.0,-0.46143617021276595,-1.779648169232021,-1.779648169232021,2025Q2,2024-2026
SUIUSDT,1746144000000,-1,41,2025-05-02 00:00:00+00:00,2025-W18,2025-05,True,0.0102645474638167,privateSale,0.0,-0.46143617021276595,-1.9886601927424425,-1.9886601927424425,2025Q2,2024-2026
SUIUSDT,1748649600000,1,73,2025-05-31 00:00:00+00:00,2025-W22,2025-05,True,0.007299498950264372,noncirculating,1.0,0.538563829787234,-2.136706949551255,-2.136706949551255,2025Q2,2024-2026
SUIUSDT,1748736000000,-1,115,2025-06-01 00:00:00+00:00,2025-W22,2025-06,True,0.009825064543691685,privateSale,0.0,-0.46143617021276595,-2.007664587937058,-2.007664587937058,2025Q2,2024-2026
SUIUSDT,1751328000000,1,54,2025-07-01 00:00:00+00:00,2025-W27,2025-07,True,0.00717609676983564,noncirculating,1.0,0.538563829787234,-2.1441117134530576,-2.1441117134530576,2025Q3,2024-2026
SUIUSDT,1751414400000,1,16,2025-07-02 00:00:00+00:00,2025-W27,2025-07,True,0.009497054635114037,privateSale,1.0,0.538563829787234,-2.0224110635587165,-2.0224110635587165,2025Q3,2024-2026
SUIUSDT,1753920000000,-1,32,2025-07-31 00:00:00+00:00,2025-W31,2025-07,True,0.007057937695001328,noncirculating,0.0,-0.46143617021276595,-2.1513221797585023,-2.1513221797585023,2025Q3,2024-2026
SUIUSDT,1754006400000,-1,42,2025-08-01 00:00:00+00:00,2025-W31,2025-08,True,0.00918776416878338,privateSale,0.0,-0.46143617021276595,-2.0367901607898635,-2.0367901607898635,2025Q3,2024-2026
SUIUSDT,1756684800000,1,181,2025-09-01 00:00:00+00:00,2025-W36,2025-09,True,0.00889583431321883,privateSale,1.0,0.538563829787234,-2.0508133145125673,-2.0508133145125673,2025Q3,2024-2026
SUIUSDT,1759276800000,1,19,2025-10-01 00:00:00+00:00,2025-W40,2025-10,True,0.008620027047877135,privateSale,1.0,0.538563829787234,-2.0644913714461275,-2.0644913714461275,2025Q4,2024-2026
SUIUSDT,1761955200000,-1,54,2025-11-01 00:00:00+00:00,2025-W44,2025-11,True,0.01058942389725545,privateSale,0.0,-0.46143617021276595,-1.9751276664315789,-1.9751276664315789,2025Q4,2024-2026
SUIUSDT,1764547200000,1,39,2025-12-01 00:00:00+00:00,2025-W49,2025-12,True,0.010315374068884917,privateSale,1.0,0.538563829787234,-1.9865150184802678,-1.9865150184802678,2025Q4,2024-2026
SUIUSDT,1767139200000,1,63,2025-12-31 00:00:00+00:00,2026-W01,2025-12,True,0.01003265127628249,privateSale,1.0,0.538563829787234,-1.9985842830808507,-1.9985842830808507,2025Q4,2024-2026
SUIUSDT,1769817600000,-1,14,2026-01-31 00:00:00+00:00,2026-W05,2026-01,True,0.009763898421205602,privateSale,0.0,-0.46143617021276595,-2.0103767474174217,-2.0103767474174217,2026Q1,2024-2026
SUIUSDT,1772409600000,1,63,2026-03-02 00:00:00+00:00,2026-W10,2026-03,True,0.009508211184202966,privateSale,1.0,0.538563829787234,-2.0219011808442082,-2.0219011808442082,2026Q1,2024-2026
SUIUSDT,1775088000000,1,143,2026-04-02 00:00:00+00:00,2026-W14,2026-04,True,0.009264757143593757,privateSale,1.0,0.538563829787234,-2.0331659603255985,-2.0331659603255985,2026Q2,2024-2026
SUSDT,1751702400000,1,133,2025-07-05 08:00:00+00:00,2025-W27,2025-07,True,0.032653953876996586,airdrop,1.0,0.5585501858736059,-1.4860642250168434,-1.4860642250168434,2025Q3,2024-2026
SUSDT,1783238400000,-1,79,2026-07-05 08:00:00+00:00,2026-W27,2026-07,True,0.014970988803636473,noncirculating,0.0,-0.44144981412639406,-1.8247495144344268,-1.8247495144344268,2026Q3,2024-2026
THEUSDT,1733997600000,-1,55,2024-12-12 10:00:00+00:00,2024-W50,2024-12,True,0.034957166118448596,insiders,0.0,-0.5008503401360545,-1.4564637816727923,-1.4564637816727923,2024Q4,2024-2026
TIAUSDT,1730260800000,-1,11,2024-10-30 04:00:00+00:00,2024-W44,2024-10,True,0.5099133468575774,privateSale,0.0,-0.4606399187404774,-0.29250362033153526,-0.29250362033153526,2024Q4,2024-2026
TNSRUSDT,1728356400000,-1,13,2024-10-08 03:00:00+00:00,2024-W41,2024-10,True,0.01483191750635309,airdrop,0.0,-0.4715151515151515,-1.8288026986954842,-1.8288026986954842,2024Q4,2024-2026
TNSRUSDT,1744167600000,1,12,2025-04-09 03:00:00+00:00,2025-W15,2025-04,True,0.2021936618590298,insiders,1.0,0.5284848484848486,-0.6942324623097629,-0.6942324623097629,2025Q2,2024-2026
TRUMPUSDT,1745049600000,1,78,2025-04-19 08:00:00+00:00,2025-W16,2025-04,True,0.2,insiders,1.0,0.5840537944284342,-0.6989700043360187,-0.6989700043360187,2025Q2,2024-2026
TRUMPUSDT,1752912000000,1,35,2025-07-19 08:00:00+00:00,2025-W29,2025-07,True,0.17553284966436972,insiders,1.0,0.5840537944284342,-0.7556415966172053,-0.7556415966172053,2025Q3,2024-2026
TRUMPUSDT,1768636800000,-1,40,2026-01-17 08:00:00+00:00,2026-W03,2026-01,True,0.10824540374941241,insiders,0.0,-0.4159462055715658,-0.9655905353316055,-0.9655905353316055,2026Q1,2024-2026
USUALUSDT,1732010400000,-1,1,2024-11-19 10:00:00+00:00,2024-W47,2024-11,True,1.2265225476522548,publicSale,0.0,-0.4556113902847571,0.0886755364241375,0.0,2024Q4,2024-2026
USUALUSDT,1734566400000,1,4,2024-12-19 00:00:00+00:00,2024-W51,2024-12,True,0.22652254765225477,farming,1.0,0.5443886097152428,-0.6448885625978035,-0.6448885625978035,2024Q4,2024-2026
USUALUSDT,1737158400000,-1,16,2025-01-18 00:00:00+00:00,2025-W03,2025-01,True,0.18468681891405286,farming,0.0,-0.4556113902847571,-0.7335640990219411,-0.7335640990219411,2025Q1,2024-2026
USUALUSDT,1739836800000,-1,15,2025-02-18 00:00:00+00:00,2025-W08,2025-02,True,0.15589505679091345,farming,0.0,-0.4556113902847571,-0.807167655449163,-0.807167655449163,2025Q1,2024-2026
USUALUSDT,1742428800000,-1,26,2025-03-20 00:00:00+00:00,2025-W12,2025-03,True,0.13486955920005536,farming,0.0,-0.4556113902847571,-0.8700860619164751,-0.8700860619164751,2025Q1,2024-2026
USUALUSDT,1745107200000,1,5,2025-04-20 00:00:00+00:00,2025-W16,2025-04,True,0.11884146341463414,farming,1.0,0.5443886097152428,-0.9250320089300764,-0.9250320089300764,2025Q2,2024-2026
USUALUSDT,1747699200000,1,56,2025-05-20 00:00:00+00:00,2025-W21,2025-05,True,0.06812360346612895,farming,1.0,0.5443886097152428,-1.1667023876609253,-1.1667023876609253,2025Q2,2024-2026
USUALUSDT,1750377600000,-1,5,2025-06-20 00:00:00+00:00,2025-W25,2025-06,True,0.06158242191348901,farming,0.0,-0.4556113902847571,-1.2105432351635679,-1.2105432351635679,2025Q2,2024-2026
USUALUSDT,1752969600000,1,8,2025-07-20 00:00:00+00:00,2025-W29,2025-07,True,0.05801002413217004,farming,1.0,0.5443886097152428,-1.236496953865861,-1.236496953865861,2025Q3,2024-2026
USUALUSDT,1755561600000,-1,23,2025-08-19 00:00:00+00:00,2025-W34,2025-08,True,0.05482937099745592,farming,0.0,-0.4556113902847571,-1.2609867363142377,-1.2609867363142377,2025Q3,2024-2026
USUALUSDT,1758240000000,-1,23,2025-09-19 00:00:00+00:00,2025-W38,2025-09,True,0.051979374584165,farming,0.0,-0.4556113902847571,-1.2841689502347766,-1.2841689502347766,2025Q3,2024-2026
USUALUSDT,1760832000000,1,37,2025-10-19 00:00:00+00:00,2025-W42,2025-10,True,0.049411020634042215,farming,1.0,0.5443886097152428,-1.3061761752311134,-1.3061761752311134,2025Q4,2024-2026
USUALUSDT,1763510400000,1,37,2025-11-19 00:00:00+00:00,2025-W47,2025-11,True,0.12325804418438349,noncirculating,1.0,0.5443886097152428,-0.9091847277838995,-0.9091847277838995,2025Q4,2024-2026
VANAUSDT,1734346800000,1,1,2024-12-16 11:00:00+00:00,2024-W51,2024-12,True,1.0,ecosystem,1.0,0.4765694076038903,0.0,0.0,2024Q4,2024-2026
VANAUSDT,1736938800000,-1,27,2025-01-15 11:00:00+00:00,2025-W03,2025-01,True,0.10083592124366497,ecosystem,0.0,-0.5234305923961097,-0.996384729607993,-0.996384729607993,2025Q1,2024-2026
VANAUSDT,1739530800000,-1,66,2025-02-14 11:00:00+00:00,2025-W07,2025-02,True,0.006172458863007711,ecosystem,0.0,-0.5234305923961097,-2.209541795787004,-2.209541795787004,2025Q1,2024-2026
VANAUSDT,1742209200000,-1,16,2025-03-17 11:00:00+00:00,2025-W12,2025-03,True,0.006172458863007711,ecosystem,0.0,-0.5234305923961097,-2.209541795787004,-2.209541795787004,2025Q1,2024-2026
VANAUSDT,1744801200000,1,154,2025-04-16 11:00:00+00:00,2025-W16,2025-04,True,0.006134593337987701,ecosystem,1.0,0.4765694076038903,-2.212214221351253,-2.212214221351253,2025Q2,2024-2026
VANAUSDT,1750071600000,-1,29,2025-06-16 11:00:00+00:00,2025-W25,2025-06,True,0.3907179076686396,ecosystem,0.0,-0.5234305923961097,-0.4081366834170225,-0.4081366834170225,2025Q2,2024-2026
VANAUSDT,1765882800000,-1,326,2025-12-16 11:00:00+00:00,2025-W51,2025-12,True,0.1794140343490567,ecosystem,0.0,-0.5234305923961097,-0.7461435880368583,-0.7461435880368583,2025Q4,2024-2026
VANAUSDT,1768474800000,1,71,2026-01-15 11:00:00+00:00,2026-W03,2026-01,True,0.02207546495903471,privateSale,1.0,0.4765694076038903,-1.6560901404336767,-1.6560901404336767,2026Q1,2024-2026
VANAUSDT,1771153200000,-1,80,2026-02-15 11:00:00+00:00,2026-W07,2026-02,True,0.02207546495903471,privateSale,0.0,-0.5234305923961097,-1.6560901404336767,-1.6560901404336767,2026Q1,2024-2026
VANAUSDT,1773745200000,-1,50,2026-03-17 11:00:00+00:00,2026-W12,2026-03,True,0.021598664399912492,privateSale,0.0,-0.5234305923961097,-1.6655731035565595,-1.6655731035565595,2026Q1,2024-2026
VANAUSDT,1776337200000,1,20,2026-04-16 11:00:00+00:00,2026-W16,2026-04,True,0.021142024899376267,privateSale,1.0,0.4765694076038903,-1.674853420031841,-1.674853420031841,2026Q2,2024-2026
VANAUSDT,1779015600000,1,117,2026-05-17 11:00:00+00:00,2026-W20,2026-05,True,0.01616643974826748,privateSale,1.0,0.4765694076038903,-1.791385611999888,-1.791385611999888,2026Q2,2024-2026
VANAUSDT,1781607600000,-1,52,2026-06-16 11:00:00+00:00,2026-W25,2026-06,True,0.14890586852699264,ecosystem,0.0,-0.5234305923961097,-0.8270881859371028,-0.8270881859371028,2026Q2,2024-2026
VANAUSDT,1784286000000,1,170,2026-07-17 11:00:00+00:00,2026-W29,2026-07,True,0.0176553381690933,privateSale,1.0,0.4765694076038903,-1.7531239595755574,-1.7531239595755574,2026Q3,2024-2026
WALUSDT,1761462000000,-1,61,2025-10-26 07:00:00+00:00,2025-W43,2025-10,True,0.0227734261656783,noncirculating,0.0,-0.42723880597014924,-1.642571626700907,-1.642571626700907,2025Q4,2024-2026
WALUSDT,1764054000000,1,50,2025-11-25 07:00:00+00:00,2025-W48,2025-11,True,0.02226634519734701,noncirculating,1.0,0.5727611940298507,-1.6523510623051698,-1.6523510623051698,2025Q4,2024-2026
WALUSDT,1766646000000,1,126,2025-12-25 07:00:00+00:00,2025-W52,2025-12,True,0.021781354049221418,noncirculating,1.0,0.5727611940298507,-1.66191512559832,-1.66191512559832,2025Q4,2024-2026
WALUSDT,1769324400000,-1,100,2026-01-25 07:00:00+00:00,2026-W04,2026-01,True,0.02131704005255528,noncirculating,0.0,-0.42723880597014924,-1.671273098805184,-1.671273098805184,2026Q1,2024-2026
WALUSDT,1771916400000,1,31,2026-02-24 07:00:00+00:00,2026-W09,2026-02,True,0.020872108480103627,noncirculating,1.0,0.5727611940298507,-1.6804336767121681,-1.6804336767121681,2026Q1,2024-2026
WALUSDT,1772262000000,1,11,2026-02-28 07:00:00+00:00,2026-W09,2026-02,True,0.013022528973341831,insiders,1.0,0.5727611940298507,-1.8853046676485015,-1.8853046676485015,2026Q1,2024-2026
WALUSDT,1774594800000,-1,40,2026-03-27 07:00:00+00:00,2026-W13,2026-03,True,0.39549420498158694,privateSale,0.0,-0.42723880597014924,-0.402859875663037,-0.402859875663037,2026Q1,2024-2026
WALUSDT,1774854000000,1,208,2026-03-30 07:00:00+00:00,2026-W14,2026-03,True,0.009331840237569212,insiders,1.0,0.5727611940298507,-2.0300327049978772,-2.0300327049978772,2026Q1,2024-2026
WALUSDT,1777186800000,1,242,2026-04-26 07:00:00+00:00,2026-W17,2026-04,True,0.01451553254317855,noncirculating,1.0,0.5727611940298507,-1.8381670262242344,-1.8381670262242344,2026Q2,2024-2026
WALUSDT,1777446000000,1,169,2026-04-29 07:00:00+00:00,2026-W18,2026-04,True,0.009113278044841097,insiders,1.0,0.5727611940298507,-2.0403253792603455,-2.0403253792603455,2026Q2,2024-2026
WALUSDT,1779865200000,-1,21,2026-05-27 07:00:00+00:00,2026-W22,2026-05,True,0.014178632709058326,noncirculating,0.0,-0.42723880597014924,-1.8483656475409322,-1.8483656475409322,2026Q2,2024-2026
WALUSDT,1780124400000,1,48,2026-05-30 07:00:00+00:00,2026-W22,2026-05,True,0.008904719500113942,insiders,1.0,0.5727611940298507,-2.050379756321045,-2.050379756321045,2026Q2,2024-2026
WALUSDT,1782457200000,1,19,2026-06-26 07:00:00+00:00,2026-W26,2026-06,True,0.01385701676855861,noncirculating,1.0,0.5727611940298507,-1.8583302574879967,-1.8583302574879967,2026Q2,2024-2026
WALUSDT,1782716400000,1,182,2026-06-29 07:00:00+00:00,2026-W27,2026-06,True,0.008705493165013246,insiders,1.0,0.5727611940298507,-2.060206621125949,-2.060206621125949,2026Q2,2024-2026
WUSDT,1722556800000,-1,15,2024-08-02 00:00:00+00:00,2024-W31,2024-08,True,0.30628227923122514,airdrop,0.0,-0.4310030395136778,-0.5138781297188169,-0.5138781297188169,2024Q3,2024-2026
WUSDT,1743638400000,1,14,2025-04-03 00:00:00+00:00,2025-W14,2025-04,True,0.41688294458185093,insiders,1.0,0.5689969604863222,-0.3799858722651751,-0.3799858722651751,2025Q2,2024-2026
WUSDT,1758240000000,-1,15,2025-09-19 00:00:00+00:00,2025-W38,2025-09,True,0.01083086972310849,insiders,0.0,-0.4310030395136778,-1.9653366679563025,-1.9653366679563025,2025Q3,2024-2026
WUSDT,1759449600000,1,14,2025-10-03 00:00:00+00:00,2025-W40,2025-10,True,0.010668090404824485,insiders,1.0,0.5689969604863222,-1.97191331261564,-1.97191331261564,2025Q4,2024-2026
WUSDT,1760659200000,-1,141,2025-10-17 00:00:00+00:00,2025-W42,2025-10,True,0.010510131525388626,insiders,0.0,-0.4310030395136778,-1.9783918491103782,-1.9783918491103782,2025Q4,2024-2026
WUSDT,1761868800000,1,44,2025-10-31 00:00:00+00:00,2025-W44,2025-10,True,0.010356782085081947,insiders,1.0,0.5689969604863222,-1.984775161557875,-1.984775161557875,2025Q4,2024-2026
WUSDT,1763078400000,-1,23,2025-11-14 00:00:00+00:00,2025-W46,2025-11,True,0.010207843221568718,insiders,0.0,-0.4310030395136778,-1.9910660087375733,-1.9910660087375733,2025Q4,2024-2026
WUSDT,1764288000000,-1,72,2025-11-28 00:00:00+00:00,2025-W48,2025-11,True,0.010063127349542351,insiders,0.0,-0.4310030395136778,-1.9972670312499936,-1.9972670312499936,2025Q4,2024-2026
WUSDT,1765497600000,-1,87,2025-12-12 00:00:00+00:00,2025-W50,2025-12,True,0.009922457372531314,insiders,0.0,-0.4310030395136778,-2.0033807581717884,-2.0033807581717884,2025Q4,2024-2026
WUSDT,1766707200000,1,190,2025-12-26 00:00:00+00:00,2025-W52,2025-12,True,0.009785665959901556,insiders,1.0,0.5689969604863222,-2.0094096132488293,-2.0094096132488293,2025Q4,2024-2026
WUSDT,1767916800000,1,118,2026-01-09 00:00:00+00:00,2026-W02,2026-01,True,0.009652594882849313,insiders,1.0,0.5689969604863222,-2.0153559206652853,-2.0153559206652853,2026Q1,2024-2026
WUSDT,1769126400000,-1,158,2026-01-23 00:00:00+00:00,2026-W04,2026-01,True,0.009523094403844355,insiders,0.0,-0.4310030395136778,-2.0212219104230584,-2.0212219104230584,2026Q1,2024-2026
WUSDT,1770336000000,1,13,2026-02-06 00:00:00+00:00,2026-W06,2026-02,True,0.009397022714570461,insiders,1.0,0.5689969604863222,-2.027009723362733,-2.027009723362733,2026Q1,2024-2026
WUSDT,1771545600000,-1,73,2026-02-20 00:00:00+00:00,2026-W08,2026-02,True,0.0092742454179276,insiders,0.0,-0.4310030395136778,-2.0327214158543314,-2.0327214158543314,2026Q1,2024-2026
WUSDT,1772755200000,-1,190,2026-03-06 00:00:00+00:00,2026-W10,2026-03,True,0.009154635050117942,insiders,0.0,-0.4310030395136778,-2.0383589641835984,-2.0383589641835984,2026Q1,2024-2026
WUSDT,1773964800000,-1,156,2026-03-20 00:00:00+00:00,2026-W12,2026-03,True,0.009038070639243086,insiders,0.0,-0.4310030395136778,-2.043924268657219,-2.043924268657219,2026Q1,2024-2026
WUSDT,1775174400000,-1,55,2026-04-03 00:00:00+00:00,2026-W14,2026-04,True,0.008924437297199139,insiders,0.0,-0.4310030395136778,-2.0494191574483156,-2.0494191574483156,2026Q2,2024-2026
WUSDT,1776384000000,-1,49,2026-04-17 00:00:00+00:00,2026-W16,2026-04,True,0.008813625841975495,insiders,0.0,-0.4310030395136778,-2.054845390201694,-2.054845390201694,2026Q2,2024-2026
WUSDT,1777593600000,1,80,2026-05-01 00:00:00+00:00,2026-W18,2026-05,True,0.008705532447747235,insiders,1.0,0.5689969604863222,-2.060204661416626,-2.060204661416626,2026Q2,2024-2026
WUSDT,1778803200000,-1,13,2026-05-15 00:00:00+00:00,2026-W20,2026-05,True,0.008600058320403855,insiders,0.0,-0.4310030395136778,-2.0654986036234444,-2.0654986036234444,2026Q2,2024-2026
WUSDT,1780012800000,1,74,2026-05-29 00:00:00+00:00,2026-W22,2026-05,True,0.00849710939638294,insiders,1.0,0.5689969604863222,-2.0707287903688467,-2.0707287903688467,2026Q2,2024-2026
WUSDT,1781222400000,1,34,2026-06-12 00:00:00+00:00,2026-W24,2026-06,True,0.008396596062879054,insiders,1.0,0.5689969604863222,-2.0758967390235674,-2.0758967390235674,2026Q2,2024-2026
WUSDT,1782432000000,1,15,2026-06-26 00:00:00+00:00,2026-W26,2026-06,True,0.008298432897678535,insiders,1.0,0.5689969604863222,-2.0810039134249565,-2.0810039134249565,2026Q2,2024-2026
WUSDT,1783641600000,1,42,2026-07-10 00:00:00+00:00,2026-W28,2026-07,True,0.008202538427032734,insiders,1.0,0.5689969604863222,-2.086051726365971,-2.086051726365971,2026Q3,2024-2026
XAIUSDT,1704794400000,-1,2,2024-01-09 10:00:00+00:00,2024-W02,2024-01,True,0.9749243557194033,farming,0.0,-0.4512396694214876,-0.011029079858494223,-0.011029079858494223,2024Q1,2024-2026
XPLUSDT,1761354000000,-1,61,2025-10-25 01:00:00+00:00,2025-W43,2025-10,True,0.04938271604938272,ecosystem,0.0,-0.45017182130584193,-1.3064250275506872,-1.3064250275506872,2025Q4,2024-2026
XPLUSDT,1763946000000,-1,8,2025-11-24 01:00:00+00:00,2025-W48,2025-11,True,0.04705882352941177,ecosystem,0.0,-0.45017182130584193,-1.3273589343863303,-1.3273589343863303,2025Q4,2024-2026
XPLUSDT,1766624400000,1,51,2025-12-25 01:00:00+00:00,2025-W52,2025-12,True,0.04494382022471911,ecosystem,1.0,0.5498281786941581,-1.3473300153169503,-1.3473300153169503,2025Q4,2024-2026
XPLUSDT,1769216400000,-1,42,2026-01-24 01:00:00+00:00,2026-W04,2026-01,True,0.043010752688172046,ecosystem,0.0,-0.45017182130584193,-1.3664229572259727,-1.3664229572259727,2026Q1,2024-2026
XPLUSDT,1771894800000,1,38,2026-02-24 01:00:00+00:00,2026-W09,2026-02,True,0.04123711340206186,ecosystem,1.0,0.5498281786941581,-1.3847117429382825,-1.3847117429382825,2026Q1,2024-2026
XPLUSDT,1774486800000,-1,11,2026-03-26 01:00:00+00:00,2026-W13,2026-03,True,0.03960396039603961,ecosystem,0.0,-0.45017182130584193,-1.4022613824546801,-1.4022613824546801,2026Q1,2024-2026
XPLUSDT,1777165200000,-1,86,2026-04-26 01:00:00+00:00,2026-W17,2026-04,True,0.038095238095238106,ecosystem,0.0,-0.45017182130584193,-1.4191293077419755,-1.4191293077419755,2026Q2,2024-2026
XPLUSDT,1779757200000,1,11,2026-05-26 01:00:00+00:00,2026-W22,2026-05,True,0.03669724770642203,ecosystem,1.0,0.5498281786941581,-1.435366506612661,-1.435366506612661,2026Q2,2024-2026
XPLUSDT,1782349200000,1,19,2026-06-25 01:00:00+00:00,2026-W26,2026-06,True,0.03539823008849558,ecosystem,1.0,0.5498281786941581,-1.4510184521554572,-1.4510184521554572,2026Q2,2024-2026
XVSUSDT,1611878400000,-1,1,2021-01-29 00:00:00+00:00,2021-W04,2021-01,True,0.009496145283489528,farming,0.0,-0.539150460593654,-2.0224526496415915,-2.0224526496415915,2021Q1,2021-2023
XVSUSDT,1613610000000,1,5,2021-02-18 01:00:00+00:00,2021-W07,2021-02,True,0.005033167096334329,farming,1.0,0.460849539406346,-2.2981586512020415,-2.291549575240699,2021Q1,2021-2023
XVSUSDT,1615168800000,1,24,2021-03-08 02:00:00+00:00,2021-W10,2021-03,True,0.00512854008800539,farming,1.0,0.460849539406346,-2.2900062454062815,-2.2900062454062815,2021Q1,2021-2023
XVSUSDT,1617847200000,1,2,2021-04-08 02:00:00+00:00,2021-W14,2021-04,True,0.00506701695329805,farming,1.0,0.460849539406346,-2.295247642638187,-2.291549575240699,2021Q2,2021-2023
XVSUSDT,1618797600000,-1,8,2021-04-19 02:00:00+00:00,2021-W16,2021-04,True,0.00834843917972276,farming,0.0,-0.539150460593654,-2.078394712420049,-2.078394712420049,2021Q2,2021-2023
XVSUSDT,1628578800000,1,32,2021-08-10 07:00:00+00:00,2021-W32,2021-08,True,0.025877157025990038,farming,1.0,0.460849539406346,-1.587083438812698,-1.587083438812698,2021Q3,2021-2023
XVSUSDT,1636246800000,1,56,2021-11-07 01:00:00+00:00,2021-W44,2021-11,True,0.04705736500743162,farming,1.0,0.460849539406346,-1.3273723949409408,-1.3273723949409408,2021Q4,2021-2023
XVSUSDT,1661562000000,-1,18,2022-08-27 01:00:00+00:00,2022-W34,2022-08,True,0.014793723670818148,farming,0.0,-0.539150460593654,-1.8299224976632893,-1.8299224976632893,2022Q3,2021-2023
XVSUSDT,1666832400000,1,104,2022-10-27 01:00:00+00:00,2022-W43,2022-10,True,0.005164779075554559,farming,1.0,0.460849539406346,-2.2869482507793273,-2.2869482507793273,2022Q4,2021-2023
XVSUSDT,1667005200000,1,56,2022-10-29 01:00:00+00:00,2022-W43,2022-10,True,0.005715397779578837,farming,1.0,0.460849539406346,-2.242953538240821,-2.242953538240821,2022Q4,2021-2023
XVSUSDT,1711418400000,1,134,2024-03-26 02:00:00+00:00,2024-W13,2024-03,True,0.008128493138635598,farming,1.0,0.460849539406346,-2.0899899565252666,-2.0899899565252666,2024Q1,2024-2026
YBUSDT,1760526000000,-1,1,2025-10-15 11:00:00+00:00,2025-W42,2025-10,True,0.8312085715846085,noncirculating,0.0,-0.5372050816696915,-0.080289986898542,-0.080289986898542,2025Q4,2024-2026
ZKUSDT,1718618400000,1,1,2024-06-17 10:00:00+00:00,2024-W25,2024-06,True,1.0,airdrop,1.0,0.523936170212766,0.0,0.0,2024Q2,2024-2026
ZKUSDT,1750154400000,-1,27,2025-06-17 10:00:00+00:00,2025-W25,2025-06,True,0.2565880952380952,privateSale,0.0,-0.47606382978723405,-0.590763497190788,-0.590763497190788,2025Q2,2024-2026
ZKUSDT,1752746400000,-1,147,2025-07-17 10:00:00+00:00,2025-W29,2025-07,True,0.03892941452529099,privateSale,0.0,-0.47606382978723405,-1.4097221277574978,-1.4097221277574978,2025Q3,2024-2026
ZKUSDT,1755424800000,-1,17,2025-08-17 10:00:00+00:00,2025-W33,2025-08,True,0.03747070203328363,privateSale,0.0,-0.47606382978723405,-1.4263081700947517,-1.4263081700947517,2025Q3,2024-2026
ZKUSDT,1758016800000,-1,136,2025-09-16 10:00:00+00:00,2025-W38,2025-09,True,0.036117359227443045,privateSale,0.0,-0.47606382978723405,-1.4422840112620772,-1.4422840112620772,2025Q3,2024-2026
ZKUSDT,1760608800000,-1,10,2025-10-16 10:00:00+00:00,2025-W42,2025-10,True,0.03485836706217635,privateSale,0.0,-0.47606382978723405,-1.457692961244858,-1.457692961244858,2025Q4,2024-2026
ZKUSDT,1763287200000,1,6,2025-11-16 10:00:00+00:00,2025-W46,2025-11,True,0.03368419116244338,privateSale,1.0,0.523936170212766,-1.4725738766296945,-1.4725738766296945,2025Q4,2024-2026
ZKUSDT,1765879200000,-1,33,2025-12-16 10:00:00+00:00,2025-W51,2025-12,True,0.03258653992237549,privateSale,0.0,-0.47606382978723405,-1.486961750992214,-1.486961750992214,2025Q4,2024-2026
ZKUSDT,1768557600000,-1,62,2026-01-16 10:00:00+00:00,2026-W03,2026-01,True,0.03155816840768153,privateSale,0.0,-0.47606382978723405,-1.5008882105804875,-1.5008882105804875,2026Q1,2024-2026
ZKUSDT,1771149600000,-1,79,2026-02-15 10:00:00+00:00,2026-W07,2026-02,True,0.030592718253004463,privateSale,0.0,-0.47606382978723405,-1.514381932958693,-1.514381932958693,2026Q1,2024-2026
ZKUSDT,1773828000000,-1,29,2026-03-18 10:00:00+00:00,2026-W12,2026-03,True,0.029684586074762202,privateSale,0.0,-0.47606382978723405,-1.5274690025472546,-1.5274690025472546,2026Q1,2024-2026
ZKUSDT,1776420000000,1,7,2026-04-17 10:00:00+00:00,2026-W16,2026-04,True,0.028828814644999354,privateSale,1.0,0.523936170212766,-1.5401732141403774,-1.5401732141403774,2026Q2,2024-2026
ZKUSDT,1779098400000,-1,234,2026-05-18 10:00:00+00:00,2026-W21,2026-05,True,0.028021002361745505,privateSale,0.0,-0.47606382978723405,-1.5525163332761986,-1.5525163332761986,2026Q2,2024-2026
ZKUSDT,1781690400000,1,82,2026-06-17 10:00:00+00:00,2026-W25,2026-06,True,0.027257227524895764,privateSale,1.0,0.523936170212766,-1.5645183206170117,-1.5645183206170117,2026Q2,2024-2026
ZKUSDT,1784282400000,-1,245,2026-07-17 10:00:00+00:00,2026-W29,2026-07,True,0.026533984667667068,privateSale,0.0,-0.47606382978723405,-1.5761975261490104,-1.5761975261490104,2026Q3,2024-2026
ZROUSDT,1750381200000,-1,16,2025-06-20 01:00:00+00:00,2025-W25,2025-06,True,0.0945,insiders,0.0,-0.49966644429619744,-1.024568191490737,-1.024568191490737,2025Q2,2024-2026
ZROUSDT,1752973200000,1,15,2025-07-20 01:00:00+00:00,2025-W29,2025-07,True,0.0945,insiders,1.0,0.5003335557038026,-1.024568191490737,-1.024568191490737,2025Q3,2024-2026
ZROUSDT,1755651600000,1,70,2025-08-20 01:00:00+00:00,2025-W34,2025-08,True,0.08634079488350845,insiders,1.0,0.5003335557038026,-1.0637839573946877,-1.0637839573946877,2025Q3,2024-2026
ZROUSDT,1758243600000,-1,73,2025-09-19 01:00:00+00:00,2025-W38,2025-09,True,0.07947855340622371,insiders,0.0,-0.49966644429619744,-1.0997500461094287,-1.0997500461094287,2025Q3,2024-2026
ZROUSDT,1758330000000,-1,53,2025-09-20 01:00:00+00:00,2025-W38,2025-09,True,0.13481631277384565,noncirculating,0.0,-0.49966644429619744,-0.8702575549888794,-0.8702575549888794,2025Q3,2024-2026
ZROUSDT,1760835600000,-1,275,2025-10-19 01:00:00+00:00,2025-W42,2025-10,True,0.06370070778564206,insiders,0.0,-0.49966644429619744,-1.1958557421435978,-1.1958557421435978,2025Q4,2024-2026
ZROUSDT,1763514000000,-1,41,2025-11-19 01:00:00+00:00,2025-W47,2025-11,True,0.05988593155893536,insiders,0.0,-0.49966644429619744,-1.2226751903641386,-1.2226751903641386,2025Q4,2024-2026
ZROUSDT,1766106000000,1,19,2025-12-19 01:00:00+00:00,2025-W51,2025-12,True,0.05650224215246637,insiders,1.0,0.5003335557038026,-1.2479343179305977,-1.2479343179305977,2025Q4,2024-2026
ZROUSDT,1768784400000,1,25,2026-01-19 01:00:00+00:00,2026-W04,2026-01,True,0.053480475382003394,insiders,1.0,0.5003335557038026,-1.271804740997501,-1.271804740997501,2026Q1,2024-2026
ZROUSDT,1771376400000,-1,36,2026-02-18 01:00:00+00:00,2026-W08,2026-02,True,0.05076551168412571,insiders,0.0,-0.49966644429619744,-1.294431232045148,-1.294431232045148,2026Q1,2024-2026
ZROUSDT,1774054800000,1,68,2026-03-21 01:00:00+00:00,2026-W12,2026-03,True,0.04831288343558282,insiders,1.0,0.5003335557038026,-1.3159370419423198,-1.3159370419423198,2026Q1,2024-2026
ZROUSDT,1776646800000,-1,7,2026-04-20 01:00:00+00:00,2026-W17,2026-04,True,0.046086320409656184,insiders,0.0,-0.49966644429619744,-1.3364279651142406,-1.3364279651142406,2026Q2,2024-2026
ZROUSDT,1779325200000,-1,54,2026-05-21 01:00:00+00:00,2026-W21,2026-05,True,0.044055944055944055,insiders,0.0,-0.49966644429619744,-1.3559954880114802,-1.3559954880114802,2026Q2,2024-2026
ZROUSDT,1781917200000,-1,111,2026-06-20 01:00:00+00:00,2026-W25,2026-06,True,0.04219691895512391,insiders,0.0,-0.49966644429619744,-1.3747192582714438,-1.3747192582714438,2026Q2,2024-2026
