id,alerted_at,symbol,signal_type,timeframe,score,bucket,entry_price,ref_price,candle_status,price_15m,price_1h,price_4h,price_24h,max_high_4h,min_low_4h,max_high_24h,min_low_24h,outcomes_complete,last_updated,obv_slope,cvd_ratio,recent_long_ok,funding_rate,open_interest,price_7d,max_high_7d,min_low_7d,complete_7d
6515,2026-05-31T13:03:00.007087-03:00,BARDUSDT,COILING,4h,4,BEST,0.1903,0.1981,closed,0.1898,0.1903,0.193,0.1865,0.1937,0.1887,0.2025,0.1848,True,2026-06-01T14:02:50.207997-03:00,2.35408048618253,0.027987943599144,False,5e-05,,0.1555,0.2025,0.1459,True
6513,2026-05-31T13:03:00.007087-03:00,OPENUSDT,BREAKOUT,4h,11,BEST,0.1903,0.1881,closed,0.1892,0.1904,0.1892,0.1976,0.192,0.1865,0.1998,0.1865,True,2026-06-01T14:02:44.191641-03:00,0.0918103671507634,-0.0108563200704721,True,5e-05,,0.2075,0.2254,0.1654,True
6514,2026-05-31T13:03:00.007087-03:00,HUMAUSDT,PREBREAK,1h,7,BEST,0.02656,0.02685,closed,0.02662,0.02636,0.02677,0.02638,0.02681,0.02626,0.02793,0.02615,True,2026-06-01T14:02:46.327875-03:00,0.0692477564379237,0.00484188482937766,False,5e-05,,0.02434,0.02793,0.02109,True
6512,2026-05-31T13:03:00.007087-03:00,CGPTUSDT,BREAKOUT,4h,11,BEST,0.02727,0.02612,closed,0.02744,0.02679,0.02675,0.02525,0.02762,0.02632,0.02762,0.0238,True,2026-06-01T14:02:48.579589-03:00,0.578720422115513,0.00682084076745967,True,-1.241e-05,,0.01968,0.02756,0.01888,True
6516,2026-05-31T17:02:37.840069-03:00,STGUSDT,HOLD,4h,14,BEST,0.3762,0.2647,closed,0.3928,0.3917,0.386,0.3186,0.4291,0.368,0.4291,0.2785,True,2026-06-01T17:02:44.095742-03:00,1.03521497339268,0.0473692960596651,True,-0.0015226,,0.2159,0.4291,0.1986,True
6517,2026-05-31T17:02:37.840069-03:00,ACEUSDT,COILING,4h,4,BEST,0.1141,0.1173,closed,0.1158,0.1179,0.1177,0.1209,0.1203,0.1144,0.1275,0.1144,True,2026-06-01T17:02:42.200819-03:00,0.0797620266625074,0.122965449892072,False,5e-05,,0.0878,0.1275,0.0816,True
6518,2026-05-31T21:02:33.05449-03:00,LUNCUSDT,BREAKOUT,4h,11,BEST,8.75e-05,8.473e-05,closed,8.674e-05,8.6e-05,8.486e-05,8.054e-05,8.807e-05,8.45e-05,8.807e-05,7.981e-05,True,2026-06-01T21:02:46.099233-03:00,0.0992783629015243,0.0751097625093187,False,-0.00032811,,6.723e-05,8.656e-05,5.49e-05,True
6520,2026-05-31T22:02:38.144746-03:00,ETHUSDT,PREBREAK,1h,7,WATCH,2015.44,2029.11,closed,2007.0,1994.97,1998.73,1996.39,2018.09,1991.31,2018.09,1956.04,True,2026-06-01T22:02:40.498978-03:00,-0.033508719381607,-0.0909742776895627,False,1.691e-05,,1687.34,2018.09,1505.68,True
6521,2026-05-31T22:02:38.144746-03:00,LDOUSDT,PREBREAK,1h,4,WATCH,0.3296,0.3323,closed,0.3278,0.3243,0.3267,0.3303,0.3314,0.3235,0.335,0.318,True,2026-06-01T22:02:38.791283-03:00,-0.0239459829645677,0.0848532929374778,False,5.897e-05,,0.2707,0.335,0.2422,True
6519,2026-05-31T22:02:38.144746-03:00,RONINUSDT,BREAKOUT,4h,12,BEST,0.0824,0.0817,closed,0.0846,0.0838,0.0856,0.0862,0.0926,0.0832,0.0926,0.0832,True,2026-06-01T22:02:41.98542-03:00,0.464529022852007,0.0191029183443233,False,-2.694e-05,,0.065,0.0926,0.0595,True
6522,2026-05-31T23:02:32.710798-03:00,WLFIUSDT,PREBREAK,1h,3,WATCH,0.0592,0.0596,closed,0.0595,0.0598,0.0595,0.0593,0.0599,0.0589,0.061,0.0585,True,2026-06-01T23:02:35.755892-03:00,-0.057813033487164,-0.0639393558798173,False,5e-05,,0.0563,0.0638,0.0538,True
6523,2026-06-01T00:02:35.745525-03:00,WBETHUSDT,PREBREAK,1h,6,WATCH,2210.46,2226.27,closed,2211.3,2208.82,2178.45,2195.02,2217.43,2175.84,2217.43,2149.59,True,2026-06-02T00:02:47.517146-03:00,-0.615653138515611,-0.644591575459171,False,,,1843.46,2209.5,1653.1,True
6526,2026-06-01T01:02:41.470636-03:00,TONUSDT,BREAKOUT,4h,5,WATCH,2.002,1.931,closed,1.975,1.989,1.931,2.109,2.021,1.92,2.282,1.876,True,2026-06-02T01:02:46.71869-03:00,0.0487052207562746,-0.0326082633240661,True,5e-05,,1.7,2.282,1.443,True
6524,2026-06-01T01:02:41.470636-03:00,FETUSDT,RIDING,4h,9,WATCH,0.28,0.2731,closed,0.2758,0.2745,0.2734,0.2771,0.2819,0.2716,0.2889,0.2553,True,2026-06-02T02:02:43.66768-03:00,0.0184270405063187,-0.0128435562498503,False,1.751e-05,,0.2047,0.2889,0.183,True
6529,2026-06-01T01:02:41.470636-03:00,DUSDT,COILING,4h,2,BEST,0.01162,0.012,closed,0.0116,0.01175,0.01182,0.01105,0.01235,0.01153,0.01235,0.01089,True,2026-06-02T02:02:39.143705-03:00,0.0259612668613842,0.0288066662533623,False,5e-05,,0.00682,0.01235,0.00527,True
6528,2026-06-01T01:02:41.470636-03:00,ACEUSDT,COILING,4h,2,BEST,0.1186,0.126,closed,0.1195,0.1203,0.1174,0.1184,0.121,0.1162,0.1275,0.1148,True,2026-06-02T02:02:41.206647-03:00,0.146295031712634,0.097750501100296,False,5e-05,,0.088,0.1275,0.0816,True
6527,2026-06-01T01:02:41.470636-03:00,DOGSUSDT,BREAKOUT,4h,5,WATCH,5.17e-05,5.01e-05,closed,5.12e-05,5.07e-05,4.89e-05,5.12e-05,5.21e-05,4.85e-05,5.45e-05,4.75e-05,True,2026-06-02T01:02:42.688108-03:00,0.0365319254588517,0.0186180884114363,True,5e-05,,3.93e-05,5.45e-05,3.64e-05,True
6525,2026-06-01T01:02:41.470636-03:00,SKYUSDT,HOLD,4h,8,WATCH,0.06923,0.06698,closed,0.06891,0.06934,0.06926,0.0673,0.07052,0.06863,0.07052,0.06634,True,2026-06-02T01:02:44.492077-03:00,0.226950228599654,-0.0814564407102545,True,5e-05,,0.05722,0.07052,0.055,True
6530,2026-06-01T02:02:34.308175-03:00,DUSDT,COILING,4h,2,BEST,0.01162,0.012,closed,0.01169,0.01176,0.01207,0.01101,0.01235,0.01153,0.01235,0.01089,True,2026-06-02T02:02:45.64748-03:00,0.0259612668613842,0.0288066662533623,False,5e-05,,0.00644,0.01235,0.00527,True
6531,2026-06-01T03:02:37.875071-03:00,SKYUSDT,BREAKOUT,4h,8,WATCH,0.06923,0.06698,closed,0.06996,0.07003,0.06952,0.06731,0.07052,0.06863,0.07052,0.06634,True,2026-06-02T04:02:37.957409-03:00,0.226950228599654,-0.0814564407102545,True,5e-05,,0.05747,0.07052,0.055,True
6532,2026-06-01T06:02:41.22038-03:00,WLFIUSDT,PREBREAK,1h,3,WATCH,0.0595,0.0601,closed,0.0596,0.0595,0.0595,0.0591,0.0599,0.0592,0.061,0.0585,True,2026-06-02T06:02:43.486303-03:00,0.0160479172187786,-0.0759824407849967,False,6.704e-05,,0.0554,0.0638,0.0538,True
6533,2026-06-01T06:02:41.22038-03:00,DUSDT,COILING,4h,3,BEST,0.01187,0.012,closed,0.01211,0.01192,0.01146,0.01083,0.01218,0.01138,0.01218,0.01081,True,2026-06-02T06:02:41.629773-03:00,0.103566552003919,0.0494349586713334,False,5e-05,,0.00616,0.01206,0.00527,True
6537,2026-06-01T09:02:44.988683-03:00,ACEUSDT,COILING,4h,2,BEST,0.119,0.126,closed,0.1188,0.1221,0.1215,0.1152,0.1275,0.118,0.1275,0.1136,True,2026-06-02T10:02:47.21339-03:00,0.140546993631667,0.0856332256957837,False,5e-05,,0.0911,0.1275,0.0816,True
6536,2026-06-01T09:02:44.988683-03:00,PARTIUSDT,BREAKOUT,4h,7,WATCH,0.048,0.0475,closed,0.0483,0.0475,0.0501,0.0566,0.0518,0.0468,0.0569,0.0468,True,2026-06-02T10:02:44.227879-03:00,0.0381860765068117,-0.0561540199144781,False,5e-05,,0.0542,0.0614,0.0432,True
6534,2026-06-01T09:02:44.988683-03:00,HOMEUSDT,HOLD,4h,11,BEST,0.04691,0.03481,closed,0.04475,0.04755,0.05051,0.04998,0.05323,0.04257,0.0534,0.04257,True,2026-06-02T10:02:45.747583-03:00,0.307383744389368,-0.0199181305293002,True,-0.00472107,,0.03299,0.07747,0.02851,True
6535,2026-06-01T09:02:44.988683-03:00,FETUSDT,RIDING,4h,10,STRONG,0.2776,0.2731,closed,0.2737,0.2666,0.2601,0.273,0.2789,0.2589,0.2834,0.2553,True,2026-06-02T09:02:45.912393-03:00,0.0875969220637149,-0.00965538375586635,False,3.43e-06,,0.2146,0.2834,0.183,True
6538,2026-06-01T10:02:37.218859-03:00,HOMEUSDT,BREAKOUT,4h,11,BEST,0.04691,0.04201,closed,0.04585,0.0461,0.05123,0.04925,0.05338,0.0443,0.0534,0.0436,True,2026-06-02T10:02:48.575969-03:00,0.307383744389368,-0.0199181305293002,True,-0.00472107,,0.03254,0.07747,0.02851,True
6539,2026-06-01T11:02:44.080506-03:00,DUSDT,COILING,4h,1,BEST,0.01175,0.01219,closed,0.01134,0.01137,0.01137,0.01064,0.01151,0.01117,0.01151,0.01063,True,2026-06-02T12:02:46.331187-03:00,0.039684747387544,0.0324244901611587,False,5e-05,,0.00601,0.01151,0.00527,True
6540,2026-06-01T12:02:42.422702-03:00,WLFIUSDT,PREBREAK,1h,7,BEST,0.06,0.0601,closed,0.0597,0.0601,0.0598,0.0597,0.061,0.0595,0.061,0.058,True,2026-06-02T12:02:48.407004-03:00,0.0733923569759941,-0.0973823663644813,False,5e-05,,0.0562,0.0638,0.0538,True
6543,2026-06-01T13:02:39.009703-03:00,HEMIUSDT,PREBREAK,1h,9,BEST,0.00742,0.00748,closed,0.00751,0.00747,0.00738,0.00649,0.00763,0.00733,0.00763,0.00628,True,2026-06-02T13:02:48.171635-03:00,0.2718405423932,-0.0586366727536588,False,5e-05,,0.00557,0.00751,0.00515,True
6544,2026-06-01T13:02:39.009703-03:00,JSTUSDT,COILING,4h,9,WATCH,0.09651,0.09742,closed,0.0968,0.09653,0.09576,0.09491,0.09687,0.09575,0.09687,0.09423,True,2026-06-02T13:02:43.153028-03:00,0.363228554237158,0.0305116194357287,True,5e-05,,0.07953,0.09668,0.07153,True
6542,2026-06-01T13:02:39.009703-03:00,JTOUSDT,BREAKOUT,4h,10,STRONG,0.5786,0.5585,closed,0.5676,0.5894,0.5692,0.5988,0.6063,0.5647,0.7059,0.56,True,2026-06-02T13:02:44.811161-03:00,0.176205011754236,0.0481677660223634,True,-6.537e-05,,0.6253,0.7059,0.4734,True
6541,2026-06-01T13:02:39.009703-03:00,NOMUSDT,HOLD,4h,10,STRONG,0.00285,0.00255,closed,0.00286,0.00267,0.0027,0.00235,0.00295,0.00261,0.00295,0.00226,True,2026-06-02T13:02:46.591918-03:00,11.8129186641412,0.0121555440461305,True,-0.00032447,,0.00181,0.00287,0.00161,True
6545,2026-06-01T14:02:43.30857-03:00,TONUSDT,BREAKOUT,4h,7,WATCH,2.08,2.022,closed,2.156,2.189,2.146,1.959,2.239,2.122,2.239,1.908,True,2026-06-02T14:02:44.656643-03:00,0.0982497850247192,-0.0135418348008521,True,5e-05,,1.795,2.239,1.443,True
6549,2026-06-01T17:02:41.344565-03:00,INJUSDT,BREAKOUT,4h,10,STRONG,7.331,7.069,closed,7.169,6.999,7.044,6.615,7.29,6.764,7.343,6.459,True,2026-06-02T17:02:45.039701-03:00,0.161215600970909,-0.000530610722166618,True,-7.907e-05,,5.764,7.343,4.78,True
6547,2026-06-01T17:02:41.344565-03:00,SEIUSDT,BREAKOUT,4h,11,BEST,0.07103,0.06931,closed,0.07127,0.07095,0.07178,0.06472,0.072,0.06959,0.072,0.06355,True,2026-06-02T17:02:48.507303-03:00,0.253641220767282,-0.0175554960801639,True,7.658e-05,,0.05003,0.07196,0.04448,True
6548,2026-06-01T17:02:41.344565-03:00,WLDUSDT,BREAKOUT,4h,10,STRONG,0.4325,0.4065,closed,0.4293,0.4269,0.4376,0.4033,0.4445,0.4198,0.4833,0.3952,True,2026-06-02T17:02:46.646431-03:00,0.137410786024248,-0.0178040194968342,True,0.0001,,0.5451,0.6317,0.3764,True
6551,2026-06-01T17:02:41.344565-03:00,YBUSDT,COILING,4h,6,BEST,0.1081,0.1083,closed,0.1082,0.1077,0.1078,0.0986,0.1086,0.1066,0.1086,0.0971,True,2026-06-02T17:02:50.062867-03:00,0.296738794059563,0.077710971728627,False,5e-05,,0.0983,0.1125,0.0749,True
6546,2026-06-01T17:02:41.344565-03:00,OPUSDT,BREAKOUT,4h,12,BEST,0.1248,0.1234,closed,0.1234,0.1235,0.1246,0.1188,0.1246,0.1214,0.1266,0.1152,True,2026-06-02T17:02:52.942353-03:00,0.271961559580755,0.00687797516575634,True,2.707e-05,,0.0974,0.1333,0.0898,True
6550,2026-06-01T17:02:41.344565-03:00,VIRTUALUSDT,BREAKOUT,4h,10,STRONG,0.7562,0.7405,closed,0.7484,0.7438,0.7448,0.7216,0.7546,0.7324,0.7744,0.6932,True,2026-06-02T17:02:51.436543-03:00,2.02924817853182,-0.0971506686825137,True,5e-05,,0.5943,0.7744,0.5204,True
6552,2026-06-01T18:02:38.038254-03:00,NEARUSDT,BREAKOUT,4h,11,BEST,2.615,2.444,closed,2.616,2.616,2.6,2.733,2.709,2.574,2.759,2.455,True,2026-06-02T18:02:40.7349-03:00,0.21011429602469,-0.00391363726756239,True,-1.5e-07,,2.151,3.087,1.813,True
6554,2026-06-01T18:02:38.038254-03:00,YBUSDT,COILING,4h,6,BEST,0.1081,0.1083,closed,0.1078,0.1069,0.106,0.1002,0.1084,0.1058,0.1084,0.0971,True,2026-06-02T18:02:42.204931-03:00,0.296738794059563,0.077710971728627,False,5e-05,,0.0973,0.1125,0.0749,True
6553,2026-06-01T18:02:38.038254-03:00,PENDLEUSDT,BREAKOUT,4h,9,WATCH,1.45,1.401,closed,1.419,1.401,1.421,1.345,1.453,1.401,1.455,1.292,True,2026-06-02T18:02:43.777992-03:00,0.315989911617939,0.0201893016908316,False,7.679e-05,,1.297,1.455,1.15,True
6555,2026-06-01T20:02:37.014765-03:00,CHZUSDT,BREAKOUT,4h,8,WATCH,0.03575,0.03496,closed,0.03725,0.03665,0.03536,0.03304,0.03745,0.03462,0.03745,0.03292,True,2026-06-02T21:02:40.083485-03:00,0.139984306175305,-0.0465394659650618,True,0.0001,,0.02648,0.03745,0.02296,True
6557,2026-06-01T21:02:45.056617-03:00,WLDUSDT,HOLD,4h,11,BEST,0.4377,0.4065,closed,0.4342,0.4404,0.4547,0.3826,0.4641,0.4277,0.4833,0.3764,True,2026-06-02T21:02:45.286226-03:00,0.232578398569196,-0.0185011402443002,True,0.0001,,0.4909,0.6317,0.3764,True
6560,2026-06-01T21:02:45.056617-03:00,POLUSDT,HOLD,4h,10,STRONG,0.0941,0.0935,closed,0.09349,0.09316,0.09367,0.09032,0.09471,0.09213,0.09471,0.08875,True,2026-06-02T21:02:47.090236-03:00,0.381125608900161,-0.086635083148934,True,5e-05,,0.07655,0.09587,0.07094,True
6558,2026-06-01T21:02:45.056617-03:00,APEUSDT,RIDING,4h,11,BEST,0.1476,0.1449,closed,0.1479,0.1463,0.1476,0.1501,0.1484,0.1419,0.1582,0.1412,True,2026-06-02T21:02:48.757661-03:00,0.235330491664186,-0.0108384584187811,False,7.625e-05,,0.1225,0.1582,0.1139,True
6556,2026-06-01T21:02:45.056617-03:00,ORDIUSDT,BREAKOUT,4h,12,BEST,4.017,3.746,closed,4.059,3.876,3.749,3.347,4.105,3.564,4.105,3.255,True,2026-06-02T22:02:37.100359-03:00,0.749488916414631,0.0954713545935981,True,1.941e-05,,2.987,3.912,2.724,True
6559,2026-06-01T21:02:45.056617-03:00,SEIUSDT,HOLD,4h,10,STRONG,0.07186,0.06931,closed,0.07093,0.07117,0.0707,0.0624,0.07196,0.06884,0.07196,0.06189,True,2026-06-02T22:02:35.101623-03:00,0.284001209292733,-0.0314151364022225,True,0.0001,,0.04806,0.07157,0.04448,True
6561,2026-06-01T22:02:37.794133-03:00,JUPUSDT,HOLD,4h,10,STRONG,0.2025,0.1967,closed,0.2022,0.1985,0.203,0.1948,0.2097,0.1967,0.2097,0.1897,True,2026-06-02T22:02:41.308271-03:00,0.0995362494925987,0.0170504205116986,True,4.991e-05,,0.156,0.2169,0.1457,True
6562,2026-06-01T22:02:37.794133-03:00,PARTIUSDT,HOLD,4h,8,WATCH,0.0515,0.0482,closed,0.0525,0.0514,0.0537,0.0484,0.0543,0.05,0.0574,0.0469,True,2026-06-02T22:02:39.063684-03:00,0.0511185766616249,-0.105220290934568,True,5e-05,,0.0533,0.0614,0.0432,True
6564,2026-06-02T01:02:36.842159-03:00,RIFUSDT,HOLD,4h,11,BEST,0.0858,0.0718,closed,0.0816,0.0804,0.0845,0.089,0.0873,0.0791,0.091,0.0791,True,2026-06-03T01:02:43.549668-03:00,0.192464627271159,-0.00431683710995114,True,-0.00019529,,0.0614,0.0914,0.0613,True
6563,2026-06-02T01:02:36.842159-03:00,NEARUSDT,HOLD,4h,12,BEST,2.734,2.45,closed,2.734,2.631,2.595,2.706,2.759,2.567,2.775,2.455,True,2026-06-03T01:02:39.946435-03:00,0.308043403847971,-0.0101284827031637,True,-3.849e-05,,2.096,3.087,1.813,True
6565,2026-06-02T01:02:36.842159-03:00,GMTUSDT,BREAKOUT,4h,8,WATCH,0.01081,0.0107,closed,0.0107,0.01062,0.01063,0.00999,0.01082,0.01051,0.01082,0.0098,True,2026-06-03T01:02:41.915467-03:00,0.0683260620450753,-0.029090264433386,True,5e-05,,0.00781,0.01122,0.00752,True
6566,2026-06-02T04:02:37.221582-03:00,APEUSDT,RIDING,4h,11,BEST,0.1475,0.1449,closed,0.149,0.1494,0.1478,0.1524,0.1515,0.1455,0.1582,0.1412,True,2026-06-03T04:02:38.408063-03:00,0.264872587244103,-0.00760070569063646,False,7.625e-05,,0.1252,0.1582,0.1139,True
6567,2026-06-02T05:02:39.899479-03:00,JTOUSDT,HOLD,4h,15,BEST,0.6446,0.56,closed,0.673,0.6879,0.6227,0.6086,0.7059,0.6166,0.7059,0.5451,True,2026-06-03T05:02:39.908647-03:00,0.285777401491602,0.0842432629285719,True,-0.00016827,,0.6333,0.6943,0.4734,True
6568,2026-06-02T05:02:39.899479-03:00,NILUSDT,BREAKOUT,4h,10,STRONG,0.07101,0.06977,closed,0.06935,0.06837,0.06528,0.06274,0.07064,0.06469,0.07064,0.05707,True,2026-06-03T05:02:41.621186-03:00,0.0493694565980523,0.0485753985674746,False,5e-05,,0.03818,0.06887,0.03647,True
6570,2026-06-02T09:02:39.446204-03:00,PARTIUSDT,HOLD,4h,7,WATCH,0.0565,0.0482,closed,0.0562,0.0569,0.0524,0.0478,0.0574,0.0515,0.0574,0.0469,True,2026-06-03T09:02:42.056887-03:00,0.0559797616993953,-0.0638578960894815,True,5e-05,,0.0534,0.0614,0.0432,True
6569,2026-06-02T09:02:39.446204-03:00,ICPUSDT,BREAKOUT,4h,14,BEST,3.096,3.08,closed,3.022,3.055,2.989,3.021,3.18,2.899,3.231,2.899,True,2026-06-03T09:02:44.016729-03:00,0.216232895261739,0.00226243775243768,True,0.0001,,2.336,3.231,2.118,True
6572,2026-06-02T12:02:45.38517-03:00,SKYUSDT,PREBREAK,1h,4,WATCH,0.06721,0.0679,closed,0.06701,0.06706,0.06716,0.06872,0.06896,0.06669,0.06936,0.06639,True,2026-06-03T13:02:53.716439-03:00,-0.136825465547082,-0.0839018570026887,False,5e-05,,0.05583,0.06936,0.055,True
6571,2026-06-02T12:02:45.38517-03:00,WLFIUSDT,PREBREAK,1h,9,BEST,0.0597,0.06,closed,0.0591,0.0592,0.0597,0.0608,0.0607,0.0582,0.0616,0.0582,True,2026-06-03T12:02:45.460464-03:00,0.995208808159629,-0.172660336382227,False,5e-05,,0.0551,0.0638,0.0538,True
6574,2026-06-02T13:02:42.394943-03:00,RIFUSDT,RIDING,4h,11,BEST,0.0885,0.0858,closed,0.089,0.0876,0.0854,0.0838,0.091,0.0849,0.0914,0.0818,True,2026-06-03T13:02:55.57605-03:00,0.0619166832080296,-0.0130522234235201,True,4.897e-05,,0.0597,0.0914,0.0581,True
6573,2026-06-02T13:02:42.394943-03:00,GPSUSDT,HOLD,4h,15,BEST,0.0084,0.00779,closed,0.00834,0.00835,0.00835,0.0092,0.00871,0.00819,0.00971,0.00807,True,2026-06-03T13:02:57.21605-03:00,0.469286453311208,0.141450356536885,True,5e-05,,0.00664,0.00971,0.00611,True
6575,2026-06-02T17:02:43.944556-03:00,OPENUSDT,BREAKOUT,4h,4,WATCH,0.2109,0.2042,closed,0.2114,0.2143,0.2132,0.2169,0.2188,0.2094,0.2254,0.2094,True,2026-06-03T18:02:47.73272-03:00,0.0180635453801769,-0.0576792809860955,True,5e-05,,0.2067,0.2254,0.1654,True
6576,2026-06-02T20:02:36.121111-03:00,DEXEUSDT,PREBREAK,1h,8,BEST,18.225,18.394,closed,18.211,18.164,22.242,17.551,24.299,18.023,24.492,17.0,True,2026-06-03T20:02:39.837031-03:00,-0.161647158067284,-0.126293489873387,False,5e-05,,19.249,24.492,17.0,True
6577,2026-06-03T01:02:39.02958-03:00,GPSUSDT,RIDING,4h,10,STRONG,0.00863,0.0084,closed,0.00869,0.00875,0.00883,0.007,0.0089,0.00852,0.00971,0.00611,True,2026-06-04T01:02:53.162307-03:00,0.304369956880237,0.0847189139527667,True,5e-05,,0.00686,0.00971,0.00611,True
6578,2026-06-03T05:02:38.960469-03:00,ENAUSDT,BREAKOUT,4h,13,BEST,0.1026,0.1013,closed,0.1032,0.1023,0.1037,0.1025,0.1075,0.0991,0.1185,0.0991,True,2026-06-04T05:02:48.77487-03:00,0.849251185053135,0.032731743403669,True,-1.93e-06,,0.0787,0.1185,0.0779,True
6579,2026-06-03T06:02:48.445197-03:00,GPSUSDT,BREAKOUT,4h,15,BEST,0.00882,0.00871,closed,0.00926,0.00904,0.00917,0.00711,0.00957,0.00895,0.00971,0.00611,True,2026-06-04T07:02:36.185782-03:00,0.537312340433924,0.0709446651933583,True,5e-05,,0.00709,0.00971,0.00611,True
6581,2026-06-03T09:02:40.943312-03:00,CUSDT,HOLD,4h,10,STRONG,0.1029,0.0932,closed,0.1023,0.0989,0.0926,0.0872,0.1093,0.0915,0.1093,0.0861,True,2026-06-04T09:02:41.678388-03:00,0.36120826981456,-0.00179566462551183,True,5e-05,,0.0957,0.1184,0.0861,True
6580,2026-06-03T09:02:40.943312-03:00,NEARUSDT,HOLD,4h,12,BEST,2.951,2.775,closed,2.92,2.974,2.923,2.45,3.087,2.903,3.087,2.294,True,2026-06-04T09:02:43.497113-03:00,0.160546090835875,0.0160365729815862,True,2.088e-05,,2.118,3.087,1.813,True
6582,2026-06-03T13:02:52.545203-03:00,WLDUSDT,HOLD,4h,11,BEST,0.5302,0.4833,closed,0.5181,0.538,0.5235,0.5929,0.5429,0.5045,0.6029,0.4579,True,2026-06-04T14:02:41.886514-03:00,0.00669549182316486,-0.00291938880925595,True,0.0001,,0.4434,0.6317,0.3916,True
6583,2026-06-03T13:02:52.545203-03:00,ENAUSDT,BREAKOUT,4h,10,STRONG,0.1156,0.1034,closed,0.1135,0.1126,0.11,0.0989,0.1185,0.1091,0.1185,0.092,True,2026-06-04T14:02:44.349491-03:00,0.967208126953173,0.0234056752593386,True,1.28e-05,,0.0764,0.1185,0.0756,True
6585,2026-06-03T17:02:40.080581-03:00,ARUSDT,HOLD,4h,10,STRONG,2.57,2.38,closed,2.55,2.56,2.55,2.394,2.61,2.5,2.61,2.2,True,2026-06-04T18:02:40.591678-03:00,0.113258902703454,-0.000407704292792346,True,0.0001,,1.809,2.61,1.798,True
6584,2026-06-03T17:02:40.080581-03:00,OPNUSDT,HOLD,4h,10,STRONG,0.2527,0.1403,closed,0.2489,0.2431,0.2289,0.2495,0.2726,0.2211,0.2726,0.1802,True,2026-06-04T17:02:41.567803-03:00,1.02379568955446,0.0140965926736724,True,6.44e-05,,0.0962,0.3178,0.0808,True
6586,2026-06-03T21:02:34.053751-03:00,ZECUSDT,RIDING,4h,13,BEST,620.54,569.01,closed,625.78,627.98,593.25,457.93,630.0,556.31,630.0,442.51,True,2026-06-04T21:02:38.967796-03:00,0.522245396652226,0.0181880634956586,False,-0.00041464,,411.26,630.0,250.12,True
6587,2026-06-03T21:02:34.053751-03:00,WLDUSDT,RIDING,4h,10,STRONG,0.5418,0.5302,closed,0.5346,0.5267,0.5384,0.5294,0.5656,0.4706,0.6317,0.4579,True,2026-06-04T21:02:41.09976-03:00,0.168807617712133,-0.00103294447186723,True,0.0001,,0.449,0.6317,0.3916,True
6589,2026-06-04T00:02:42.082282-03:00,METUSDT,COILING,4h,3,BEST,0.1328,0.1367,closed,0.1223,0.1227,0.1215,0.1152,0.1247,0.1176,0.1356,0.1151,True,2026-06-05T01:02:37.75444-03:00,0.0708468192208043,0.0596582663487239,False,5e-05,,0.1013,0.1356,0.0943,True
6588,2026-06-04T00:02:42.082282-03:00,ZBTUSDT,PREBREAK,1h,7,BEST,0.123,0.1237,closed,0.125,0.1261,0.1248,0.1197,0.1269,0.1209,0.1374,0.1197,True,2026-06-05T01:02:39.377124-03:00,-0.218429823726931,-0.093687768275293,False,5e-05,,0.1038,0.141,0.1004,True
6590,2026-06-04T04:02:40.99874-03:00,WLDUSDT,RIDING,4h,10,STRONG,0.5405,0.5302,closed,0.5175,0.517,0.4912,0.52,0.5331,0.4804,0.6317,0.4579,True,2026-06-05T05:02:37.334823-03:00,0.129119844648137,0.00862208161628558,True,0.0001,,0.4994,0.6317,0.3916,True
6591,2026-06-04T05:02:47.646199-03:00,FORMUSDT,COILING,4h,9,BEST,0.2614,0.2629,closed,0.2621,0.27,0.2723,0.2602,0.2814,0.2589,0.2948,0.2513,True,2026-06-05T06:02:39.363483-03:00,9.91266012984237,0.0380614755186853,False,5e-05,,0.2323,0.2948,0.2153,True
6592,2026-06-04T13:02:43.781283-03:00,ROBOUSDT,BREAKOUT,4h,7,WATCH,0.02161,0.02077,closed,0.0214,0.02152,0.02105,0.01911,0.02178,0.02096,0.02178,0.01901,True,2026-06-05T14:02:37.981691-03:00,0.107918916580822,-0.0704328060505918,True,5e-05,,0.0216,0.02232,0.01874,True
6593,2026-06-04T15:02:38.045975-03:00,ESPUSDT,BREAKOUT,4h,8,WATCH,0.0653,0.06386,closed,0.06506,0.06578,0.06602,0.06548,0.06668,0.0645,0.07488,0.06012,True,2026-06-05T15:02:44.555548-03:00,0.420159013673673,-0.16436673436384,True,5e-05,,0.06746,0.07488,0.05956,True
6594,2026-06-04T17:02:38.838615-03:00,ATUSDT,HOLD,4h,13,BEST,0.131,0.1258,closed,0.1322,0.134,0.1316,0.1254,0.1349,0.1298,0.1349,0.1191,True,2026-06-05T17:02:39.636549-03:00,0.273782385033991,0.0681196361917257,True,5e-05,,0.125,0.1349,0.1114,True
6595,2026-06-05T05:02:36.519824-03:00,OPNUSDT,RIDING,4h,12,BEST,0.3106,0.2527,closed,0.301,0.2933,0.2347,0.253,0.3177,0.2251,0.3177,0.1633,True,2026-06-06T05:02:37.754105-03:00,0.471912275348322,-0.040510034785855,False,0.00013021,,0.0925,0.3177,0.0808,True
6596,2026-06-06T05:02:36.774516-03:00,ALLOUSDT,HOLD,4h,12,BEST,0.2536,0.2067,closed,0.2573,0.276,0.4141,0.3003,0.4652,0.2533,0.4841,0.2533,True,2026-06-07T05:02:44.953452-03:00,0.28558140861999,0.0235307386232562,True,1.961e-05,,0.3927,0.5593,0.2748,True
6597,2026-06-06T14:02:39.66465-03:00,ALLOUSDT,HOLD,4h,11,BEST,0.4385,0.2572,closed,0.4394,0.4526,0.4647,0.3269,0.479,0.4242,0.4841,0.2869,True,2026-06-07T14:02:41.238983-03:00,0.489787583012181,0.0207475841973257,True,5e-05,,0.3674,0.5593,0.2869,True
6598,2026-06-06T21:02:34.712473-03:00,GPSUSDT,HOLD,4h,8,WATCH,0.00749,0.00721,closed,0.00757,0.00774,0.00779,0.0075,0.00785,0.00747,0.00805,0.00733,True,2026-06-07T21:02:35.280662-03:00,0.2456452047102,-0.0381555411703359,False,5e-05,,0.00741,0.00805,0.00646,True
6599,2026-06-06T23:02:43.889068-03:00,LDOUSDT,PREBREAK,1h,7,BEST,0.262,0.2625,closed,0.2618,0.2634,0.2638,0.2704,0.267,0.261,0.2808,0.2593,True,2026-06-08T00:02:32.543391-03:00,0.137541149025278,-0.0932445143055017,False,5.157e-05,,0.2632,0.2808,0.2506,True
6601,2026-06-07T01:02:35.575641-03:00,KITEUSDT,HOLD,4h,8,WATCH,0.1914,0.1843,closed,0.1904,0.1887,0.1933,0.1926,0.1939,0.1859,0.2037,0.1859,True,2026-06-08T01:02:39.126464-03:00,0.0444322891665807,-0.0305116439779302,False,0.00021613,,0.1953,0.2037,0.1682,True
6600,2026-06-07T01:02:35.575641-03:00,FIDAUSDT,HOLD,4h,10,STRONG,0.02566,0.0213,closed,0.0243,0.02479,0.02832,0.02592,0.03189,0.02417,0.0327,0.02417,True,2026-06-08T01:02:40.616657-03:00,0.0923230912490433,0.0161209850571287,True,-0.00388025,,0.02347,0.0327,0.02006,True
6602,2026-06-07T05:02:43.91959-03:00,PARTIUSDT,RIDING,4h,11,BEST,0.06,0.0583,closed,0.0607,0.0599,0.0561,0.0555,0.0614,0.0557,0.0614,0.0534,True,2026-06-08T06:02:40.184975-03:00,0.181252851729556,-0.0206604762186914,True,5e-05,,0.0606,0.0638,0.0515,True
6604,2026-06-07T05:02:43.91959-03:00,GPSUSDT,HOLD,4h,9,WATCH,0.00785,0.00753,closed,0.00786,0.00785,0.00777,0.00687,0.00805,0.00769,0.00805,0.00685,True,2026-06-08T05:02:45.078292-03:00,0.298623960227414,0.00665192662007614,False,5e-05,,0.00749,0.00805,0.00646,True
6603,2026-06-07T05:02:43.91959-03:00,GIGGLEUSDT,HOLD,4h,10,STRONG,29.26,28.49,closed,28.92,29.71,29.58,29.02,30.05,28.82,30.96,28.56,True,2026-06-08T06:02:38.346682-03:00,0.709719630900486,0.00822069021319543,False,5e-05,,28.17,31.06,26.59,True
6606,2026-06-07T13:02:33.685436-03:00,OPENUSDT,HOLD,4h,10,STRONG,0.2086,0.1909,closed,0.2083,0.2062,0.2035,0.2,0.2141,0.2011,0.2141,0.1947,True,2026-06-08T13:02:42.626731-03:00,1.92704287283916,0.000772640809359126,False,5e-05,,0.2461,0.2605,0.1931,True
6607,2026-06-07T13:02:33.685436-03:00,OSMOUSDT,BREAKOUT,4h,10,STRONG,0.0532,0.0485,closed,0.0502,0.0481,0.0485,0.0438,0.052,0.0458,0.0583,0.0437,True,2026-06-08T13:02:39.249529-03:00,0.27419427021497,0.0646365843738857,False,,,0.0463,0.0583,0.0405,True
6605,2026-06-07T13:02:33.685436-03:00,OGUSDT,BREAKOUT,4h,11,BEST,2.814,2.689,closed,2.74,2.745,2.719,2.711,2.805,2.667,2.855,2.667,True,2026-06-08T13:02:40.974399-03:00,1.59926334971256,-0.00627779446075507,True,5e-05,,2.668,2.91,2.613,True
6608,2026-06-07T14:02:40.127682-03:00,GIGGLEUSDT,HOLD,4h,9,WATCH,30.61,28.49,closed,30.01,29.73,29.55,30.07,30.36,28.81,31.0,28.56,True,2026-06-08T14:02:49.062429-03:00,2.41121160087637,0.00331613153596473,False,5e-05,,28.21,31.06,26.59,True
6609,2026-06-07T20:02:50.676931-03:00,LDOUSDT,PREBREAK,1h,5,BEST,0.2706,0.2731,closed,0.271,0.2715,0.269,0.2686,0.276,0.2681,0.276,0.2635,True,2026-06-08T21:02:38.958583-03:00,0.0510587592417193,0.0275310889090262,False,5.971e-05,,0.269,0.276,0.2506,True
6610,2026-06-08T01:02:37.407886-03:00,SAHARAUSDT,HOLD,4h,12,BEST,0.03836,0.03618,closed,0.0383,0.03658,0.03657,0.01534,0.03854,0.0355,0.03986,0.01298,True,2026-06-09T01:02:41.816688-03:00,0.451169678488572,0.000714737374169405,True,8.81e-05,,0.01485,0.03986,0.01298,True
6611,2026-06-08T05:02:40.41818-03:00,ALLOUSDT,RIDING,4h,13,BEST,0.4735,0.3913,closed,0.4579,0.4587,0.4607,0.4674,0.5593,0.4316,0.5593,0.3751,True,2026-06-09T06:02:39.343881-03:00,0.0296212221149614,0.00929506734562165,False,-0.00025089,,0.3256,0.5593,0.3185,True
6613,2026-06-08T09:02:50.820145-03:00,APEUSDT,COILING,4h,7,BEST,0.1294,0.1296,closed,0.1298,0.1297,0.1268,0.1249,0.1305,0.1266,0.1305,0.1211,True,2026-06-09T10:02:46.830298-03:00,0.185892021800492,0.0345550792832708,False,9.88e-06,,0.1343,0.1353,0.1146,True
6612,2026-06-08T09:02:50.820145-03:00,BROCCOLI714USDT,BREAKOUT,4h,10,STRONG,0.01235,0.01176,closed,0.01222,0.01234,0.01229,0.01265,0.01266,0.01214,0.01322,0.01214,True,2026-06-09T10:02:45.500714-03:00,0.223449337753823,0.0661240923134703,False,5e-05,,0.0137,0.01401,0.01199,True
6614,2026-06-08T10:02:44.271523-03:00,IMXUSDT,BREAKOUT,4h,11,BEST,0.1433,0.1398,closed,0.1421,0.142,0.141,0.1405,0.144,0.1401,0.144,0.1348,True,2026-06-09T10:02:49.915118-03:00,62.8798942466702,0.00243670499826917,False,-0.00026019,,0.152,0.1535,0.1325,True
6615,2026-06-08T10:02:44.271523-03:00,CAKEUSDT,BREAKOUT,4h,8,WATCH,1.318,1.285,closed,1.319,1.315,1.314,1.327,1.331,1.311,1.35,1.295,True,2026-06-09T10:02:48.260695-03:00,0.10676830304659,0.0120766698774262,True,5e-05,,1.412,1.424,1.271,True
6616,2026-06-08T14:02:48.20566-03:00,ADXUSDT,HOLD,4h,10,STRONG,0.0602,0.0575,closed,0.0587,0.0589,0.0588,0.0547,0.0595,0.058,0.0595,0.0538,True,2026-06-09T15:02:44.296123-03:00,0.0997852288671425,-0.000408319669348476,False,,,0.0705,0.0816,0.0538,True
6617,2026-06-08T14:02:48.20566-03:00,APEUSDT,COILING,4h,2,BEST,0.1269,0.1296,closed,0.127,0.1297,0.1268,0.1207,0.13,0.1253,0.13,0.1183,True,2026-06-09T15:02:42.851131-03:00,0.0656670855539422,0.0354624499240805,False,4.723e-05,,0.1319,0.1354,0.1146,True
6620,2026-06-08T17:02:42.435819-03:00,AMPUSDT,COILING,4h,4,BEST,0.000544,0.00056,closed,0.000539,0.000536,0.000536,0.000523,0.000543,0.000534,0.000584,0.00052,True,2026-06-09T17:02:44.915604-03:00,0.298578608195672,0.0417169403223682,False,,,0.000542,0.000602,0.000499,True
6618,2026-06-08T17:02:42.435819-03:00,ZBTUSDT,HOLD,4h,13,BEST,0.1338,0.1238,closed,0.1335,0.1349,0.1312,0.1333,0.1351,0.1301,0.1387,0.1254,True,2026-06-09T17:02:47.007568-03:00,0.727412520165608,0.0377395961148004,False,5e-05,,0.1129,0.1408,0.0987,True
6619,2026-06-08T17:02:42.435819-03:00,BROCCOLI714USDT,HOLD,4h,11,BEST,0.01287,0.01176,closed,0.01274,0.01295,0.01291,0.01278,0.01307,0.01264,0.01322,0.01219,True,2026-06-09T17:02:48.830357-03:00,0.0375049742428908,0.10089108288309,True,5e-05,,0.01335,0.01401,0.01199,True
6621,2026-06-08T18:02:37.476812-03:00,COMPUSDT,HOLD,4h,10,STRONG,18.21,16.76,closed,18.61,18.49,18.17,18.72,18.83,17.9,18.83,17.5,True,2026-06-09T19:02:43.775615-03:00,0.0637395369945227,0.0220457752799083,True,-0.00039911,,18.01,19.1,17.19,True
6622,2026-06-08T19:02:45.060887-03:00,BATUSDT,HOLD,4h,13,BEST,0.0951,0.0882,closed,0.0952,0.0949,0.0963,0.0936,0.0978,0.0939,0.0978,0.0918,True,2026-06-09T19:02:45.622195-03:00,0.271423948376023,0.0803798536242264,False,-0.00021556,,0.0923,0.0978,0.0868,True
6623,2026-06-08T21:02:37.905338-03:00,CHZUSDT,HOLD,4h,8,WATCH,0.02648,0.02601,closed,0.02625,0.02557,0.02568,0.02899,0.02633,0.02523,0.02933,0.02523,True,2026-06-09T22:02:39.730199-03:00,0.219273897541137,-0.0700955587927628,False,-0.00012512,,0.02499,0.03075,0.02458,True
6624,2026-06-08T23:02:40.050624-03:00,BANANAS31USDT,BREAKOUT,4h,12,BEST,0.011796,0.010899,closed,0.011533,0.011529,0.011728,0.0108,0.011859,0.01145,0.011939,0.010533,True,2026-06-09T23:02:40.086053-03:00,0.481699281199337,0.0607771216256937,True,5e-05,,0.010725,0.011939,0.006589,True
6625,2026-06-09T01:02:40.563329-03:00,CAKEUSDT,HOLD,4h,11,BEST,1.319,1.285,closed,1.315,1.34,1.338,1.303,1.35,1.31,1.35,1.271,True,2026-06-10T02:02:38.941184-03:00,0.165850923774968,0.0312541673222814,True,4.197e-05,,1.397,1.443,1.271,True
6626,2026-06-09T01:02:40.563329-03:00,SENTUSDT,HOLD,4h,10,STRONG,0.01436,0.01333,closed,0.01403,0.01415,0.01452,0.0154,0.01468,0.01373,0.01865,0.01373,True,2026-06-10T01:02:40.67059-03:00,1.47752928951337,-0.00754309794443673,False,5e-05,,0.01574,0.01865,0.01402,True
6627,2026-06-09T05:02:37.18654-03:00,OPENUSDT,RIDING,4h,11,BEST,0.2143,0.2086,closed,0.213,0.2119,0.2186,0.2091,0.22,0.209,0.2232,0.1973,True,2026-06-10T05:02:41.211398-03:00,3.25993091868455,-0.0466344876177869,True,5e-05,,0.2459,0.2605,0.1973,True
6628,2026-06-09T07:02:37.091802-03:00,IOUSDT,BREAKOUT,4h,10,STRONG,0.1591,0.1528,closed,0.1573,0.1657,0.1637,0.167,0.1709,0.1566,0.1746,0.1552,True,2026-06-10T07:02:43.203196-03:00,0.327760458506655,0.0661824550009752,False,-0.0011389,,0.1891,0.1962,0.1552,True
6629,2026-06-09T09:02:38.772794-03:00,COMPUSDT,HOLD,4h,8,WATCH,18.05,17.18,closed,18.03,17.96,17.7,17.89,18.13,17.51,19.1,17.51,True,2026-06-10T10:02:45.153646-03:00,-0.0140765801145274,0.00795913976194076,False,5.081e-05,,17.92,19.1,17.19,True
6630,2026-06-09T10:02:44.241438-03:00,RUNEUSDT,HOLD,4h,13,BEST,0.384,0.355,closed,0.381,0.375,0.372,0.386,0.384,0.366,0.409,0.366,True,2026-06-10T10:02:47.224525-03:00,0.250252961150099,0.028896271190292,True,0.0001,,0.404,0.426,0.366,True
6631,2026-06-09T13:02:43.652458-03:00,SENTUSDT,HOLD,4h,12,BEST,0.01545,0.01333,closed,0.01755,0.01797,0.01637,0.01518,0.01865,0.01559,0.01865,0.01471,True,2026-06-10T14:02:42.622223-03:00,1.29211386910514,0.0252357051959757,True,-0.00017831,,0.01885,0.01963,0.0143,True
6634,2026-06-09T17:02:43.971516-03:00,SUSDT,BREAKOUT,4h,5,WATCH,0.03135,0.03068,closed,0.03148,0.03105,0.03176,0.02978,0.0324,0.03093,0.0324,0.02964,True,2026-06-10T17:02:47.82174-03:00,0.0650179526887115,-0.0464270482363603,False,5e-05,,0.03239,0.03406,0.02889,True
6633,2026-06-09T17:02:43.971516-03:00,ALTUSDT,BREAKOUT,4h,5,WATCH,0.00621,0.00605,closed,0.00633,0.00642,0.00633,0.00607,0.00653,0.0062,0.00674,0.00604,True,2026-06-10T17:02:49.472526-03:00,0.0110025463871312,-0.0172382859830801,True,-4.88e-06,,0.00676,0.00682,0.00583,True
6632,2026-06-09T17:02:43.971516-03:00,CGPTUSDT,BREAKOUT,4h,13,BEST,0.02164,0.02147,closed,0.02153,0.02145,0.0213,0.02038,0.02164,0.021,0.02164,0.02019,True,2026-06-10T17:02:45.906224-03:00,1.09056091453147,0.059576232893709,True,5e-05,,0.0213,0.023,0.01977,True
6635,2026-06-10T05:02:40.331065-03:00,ALTUSDT,BREAKOUT,4h,4,WATCH,0.00668,0.00653,closed,0.00654,0.00651,0.0062,0.00633,0.00668,0.00611,0.00668,0.00583,True,2026-06-11T05:02:41.36528-03:00,0.0269112307933261,0.0165893142978389,True,-0.00010147,,0.00671,0.00695,0.00583,True
6636,2026-06-10T09:02:37.147207-03:00,IDUSDT,BREAKOUT,4h,10,STRONG,0.0289,0.0278,closed,0.0294,0.028,0.0266,0.0326,0.0306,0.0263,0.037,0.0253,True,2026-06-11T09:02:48.990813-03:00,0.266249422471786,0.0508727905494188,True,-0.00304029,,0.0326,0.0416,0.0253,True
6637,2026-06-10T11:02:44.712026-03:00,AAVEUSDT,PREBREAK,1h,3,WATCH,62.54,62.81,closed,62.67,63.1,62.48,63.27,64.05,61.85,64.15,60.09,True,2026-06-11T12:02:40.638441-03:00,-0.0476909644030051,-0.0275079838632656,False,-2.16e-06,,75.0,77.99,60.09,True
6640,2026-06-10T13:02:41.465337-03:00,KATUSDT,HOLD,4h,10,STRONG,0.00652,0.0055,closed,0.00653,0.00642,0.0069,0.00667,0.00709,0.0063,0.00753,0.00623,True,2026-06-11T13:02:48.7211-03:00,1.35224790957855,-0.00944726103418204,False,-0.00096154,,0.00566,0.00753,0.00551,True
6638,2026-06-10T13:02:41.465337-03:00,HMSTRUSDT,HOLD,4h,15,BEST,0.0002536,0.0001906,closed,0.0002557,0.0002609,0.0002539,0.0002892,0.0002697,0.000241,0.0003254,0.0002084,True,2026-06-11T13:02:52.421673-03:00,0.433323084110252,0.0354268874955267,True,-1.866e-05,,0.000165,0.0003837,0.0001548,True
6642,2026-06-10T13:02:41.465337-03:00,TREEUSDT,COILING,4h,4,BEST,0.0447,0.0456,closed,0.0446,0.0444,0.0436,0.0451,0.0447,0.0434,0.0463,0.0429,True,2026-06-11T13:02:50.77856-03:00,0.229991073979494,0.07792370109584,False,5e-05,,0.0473,0.0486,0.0429,True
6639,2026-06-10T13:02:41.465337-03:00,MORPHOUSDT,BREAKOUT,4h,11,BEST,2.111,2.0,closed,2.143,2.115,2.022,1.91,2.174,2.011,2.174,1.899,True,2026-06-11T13:02:54.594278-03:00,3.70274594193095,-0.0290405108500856,True,5e-05,,1.969,2.122,1.856,True
6641,2026-06-10T13:02:41.465337-03:00,ORDIUSDT,BREAKOUT,4h,9,WATCH,3.379,3.296,closed,3.281,3.334,3.116,3.19,3.436,3.099,3.436,3.037,True,2026-06-11T13:02:46.386603-03:00,0.0892484817731504,0.099642655366727,True,-2.396e-05,,3.396,3.651,3.037,True
6643,2026-06-10T16:02:36.724994-03:00,NOTUSDT,BREAKOUT,4h,11,BEST,0.000399,0.000397,closed,0.00039,0.000385,0.000386,0.000419,0.000396,0.000378,0.000428,0.000378,True,2026-06-11T16:02:45.78982-03:00,0.0936158261321874,0.0024721655706524,True,5e-05,,0.000414,0.000548,0.000378,True
6644,2026-06-10T17:02:44.814534-03:00,TREEUSDT,COILING,4h,2,BEST,0.0438,0.0464,closed,0.0435,0.0436,0.0451,0.0455,0.0452,0.0429,0.0463,0.0429,True,2026-06-11T18:02:42.276684-03:00,0.109903735426294,0.0911504485066986,False,5e-05,,0.0466,0.0486,0.0429,True
6646,2026-06-10T23:02:38.753034-03:00,TREEUSDT,COILING,4h,3,BEST,0.045,0.0471,closed,0.0462,0.0452,0.0451,0.0471,0.0463,0.0446,0.0473,0.044,True,2026-06-12T00:02:43.447927-03:00,0.157755709973173,0.099310795410963,False,5e-05,,0.047,0.0486,0.044,True
6645,2026-06-10T23:02:38.753034-03:00,HMSTRUSDT,HOLD,4h,10,STRONG,0.0002629,0.0002192,closed,0.0002698,0.0002759,0.0002434,0.0002631,0.0003254,0.0002409,0.0003254,0.0002084,True,2026-06-12T00:02:45.037355-03:00,0.397813962803277,0.0163014549954945,True,5e-05,,0.0001661,0.0003837,0.0001548,True
6647,2026-06-11T01:02:37.095304-03:00,CRVUSDT,BREAKOUT,4h,7,WATCH,0.2367,0.2229,closed,0.239,0.241,0.2458,0.2635,0.2509,0.2353,0.2655,0.2353,True,2026-06-12T01:02:48.473686-03:00,0.107518188987557,0.0240260921410381,True,5.568e-05,,0.2226,0.2655,0.2221,True
6648,2026-06-11T01:02:37.095304-03:00,WBETHUSDT,PREBREAK,1h,7,BEST,1815.27,1832.23,closed,1813.16,1816.47,1820.25,1836.21,1826.02,1808.68,1858.79,1794.41,True,2026-06-12T01:02:45.804407-03:00,0.00695519319910987,0.224852123715434,False,,,1902.16,2030.11,1794.41,True
6649,2026-06-11T04:02:38.611244-03:00,TREEUSDT,COILING,4h,3,BEST,0.0451,0.0471,closed,0.0454,0.0456,0.0446,0.0461,0.0458,0.0443,0.0484,0.044,True,2026-06-12T05:02:40.905442-03:00,0.304073501088785,0.0964898888593184,False,5e-05,,0.046,0.0486,0.044,True
6650,2026-06-11T05:02:40.253229-03:00,ZKUSDT,BREAKOUT,4h,13,BEST,0.01151,0.01135,closed,0.01139,0.01127,0.01124,0.01092,0.01166,0.01115,0.01166,0.01086,True,2026-06-12T05:02:42.572718-03:00,0.282718511931185,0.0521531479796017,True,-0.00010253,,0.01188,0.01244,0.01086,True
6651,2026-06-11T06:02:36.048274-03:00,CVXUSDT,BREAKOUT,4h,10,STRONG,1.323,1.302,closed,1.35,1.377,1.335,1.381,1.383,1.323,1.465,1.323,True,2026-06-12T06:02:37.550582-03:00,0.148737353813968,-0.0589391377481313,True,5e-05,,1.304,1.465,1.287,True
6653,2026-06-11T09:02:47.180838-03:00,BROCCOLI714USDT,HOLD,4h,10,STRONG,0.01375,0.01322,closed,0.01365,0.01359,0.01357,0.01333,0.01391,0.0134,0.01391,0.01295,True,2026-06-12T10:02:38.899265-03:00,0.784618446854602,0.0153613063096662,True,5e-05,,0.01269,0.01401,0.01262,True
6655,2026-06-11T09:02:47.180838-03:00,GPSUSDT,COILING,4h,4,BEST,0.00724,0.00742,closed,0.00721,0.00717,0.00718,0.00726,0.00725,0.00713,0.00759,0.00713,True,2026-06-12T10:02:40.616068-03:00,0.280587331189662,0.0503517470000114,False,5e-05,,0.00897,0.01018,0.00702,True
6656,2026-06-11T09:02:47.180838-03:00,TREEUSDT,COILING,4h,2,BEST,0.0443,0.0471,closed,0.0443,0.0446,0.0451,0.0467,0.0456,0.0441,0.0484,0.0441,True,2026-06-12T10:02:44.179807-03:00,0.24529996720497,0.0705649847830325,False,5e-05,,0.0451,0.0486,0.0444,True
6652,2026-06-11T09:02:47.180838-03:00,PROMUSDT,HOLD,4h,11,BEST,1.117,1.056,closed,1.122,1.127,1.11,1.071,1.141,1.099,1.141,1.045,True,2026-06-12T10:02:42.53592-03:00,0.0258338512799878,0.0315093628899591,True,5e-05,,1.189,1.217,1.038,True
6654,2026-06-11T09:02:47.180838-03:00,WCTUSDT,HOLD,4h,8,WATCH,0.04784,0.0468,closed,0.0478,0.04707,0.04802,0.04709,0.04827,0.04695,0.0499,0.0465,True,2026-06-12T10:02:36.94462-03:00,0.133047007710475,-0.0279668022197454,False,5e-05,,0.04724,0.05147,0.04555,True
6657,2026-06-11T10:02:41.40624-03:00,ZAMAUSDT,PREBREAK,1h,8,BEST,0.03122,0.03159,closed,0.03124,0.03088,0.03208,0.03284,0.03273,0.03076,0.03414,0.03076,True,2026-06-12T10:02:45.954508-03:00,0.578875651171057,0.027869398043986,False,5e-05,,0.03362,0.03681,0.0303,True
6658,2026-06-11T10:02:41.40624-03:00,BTCUSDT,PREBREAK,1h,7,WATCH,63010.01,63214.97,closed,62942.0,63032.01,62552.0,63417.01,63239.43,62518.1,63953.84,62348.0,True,2026-06-12T10:02:47.785996-03:00,0.0855443850876248,-0.0018844533131288,False,2.525e-05,,63984.0,67292.15,62348.0,True
6659,2026-06-11T13:02:44.525577-03:00,ATOMUSDT,HOLD,4h,13,BEST,1.974,1.901,closed,1.989,1.932,1.986,1.949,2.013,1.931,2.037,1.931,True,2026-06-12T13:02:50.178415-03:00,0.698316104068795,0.0543344070698688,True,9.373e-05,,1.802,2.037,1.783,True
6661,2026-06-11T13:02:44.525577-03:00,AUSDT,BREAKOUT,4h,6,WATCH,0.0705,0.0661,closed,0.071,0.071,0.0723,0.0706,0.0767,0.0698,0.0767,0.0694,True,2026-06-12T13:02:45.115169-03:00,0.0571722537622691,0.0929752268107707,True,5e-05,,0.0684,0.0769,0.0671,True
6660,2026-06-11T13:02:44.525577-03:00,EPICUSDT,HOLD,4h,12,BEST,0.67,0.572,closed,0.677,0.683,0.643,0.546,0.702,0.634,0.714,0.489,True,2026-06-12T13:02:48.304354-03:00,0.162004277855276,-0.00691562721973538,False,5e-05,,0.587,0.752,0.488,True
6663,2026-06-11T13:02:44.525577-03:00,LDOUSDT,COILING,4h,4,BEST,0.2646,0.2725,closed,0.2647,0.2624,0.2682,0.261,0.2717,0.2613,0.2722,0.2606,True,2026-06-12T13:02:52.015655-03:00,0.0355591482721176,0.0631400104492029,False,6.549e-05,,0.2681,0.3005,0.2561,True
6664,2026-06-11T13:02:44.525577-03:00,AXSUSDT,COILING,4h,3,BEST,0.935,0.964,closed,0.938,0.927,0.946,0.945,0.954,0.923,0.97,0.923,True,2026-06-12T13:02:53.803402-03:00,0.0457136685353609,0.0408906158937722,False,4.533e-05,,0.938,1.04,0.923,True
6662,2026-06-11T13:02:44.525577-03:00,TRUMPUSDT,COILING,4h,6,BEST,1.727,1.733,closed,1.732,1.711,1.749,2.049,1.758,1.696,2.225,1.696,True,2026-06-12T13:02:55.326684-03:00,0.0299061006037685,0.0472165709513455,True,-5.4e-05,,1.846,2.388,1.696,True
6666,2026-06-11T14:02:47.808311-03:00,SKYUSDT,COILING,4h,4,BEST,0.05767,0.05905,closed,0.05722,0.05796,0.05787,0.05716,0.05847,0.05717,0.05847,0.0565,True,2026-06-12T15:02:45.729674-03:00,0.0813046280019807,0.0872255765388546,False,5e-05,,0.05615,0.05966,0.05536,True
6667,2026-06-11T14:02:47.808311-03:00,AXSUSDT,COILING,4h,3,BEST,0.935,0.964,closed,0.925,0.952,0.947,0.957,0.954,0.923,0.97,0.923,True,2026-06-12T15:02:43.603111-03:00,0.0457136685353609,0.0408906158937722,False,4.533e-05,,0.929,1.04,0.919,True
6665,2026-06-11T14:02:47.808311-03:00,ENSOUSDT,COILING,4h,4,BEST,0.587,0.619,closed,0.582,0.602,0.599,0.657,0.605,0.58,0.689,0.58,True,2026-06-12T15:02:41.354722-03:00,0.327891715904977,0.0442106661853788,False,5e-05,,0.591,0.708,0.588,True
6668,2026-06-11T15:02:43.945579-03:00,PHAUSDT,BREAKOUT,4h,9,WATCH,0.0338,0.0329,closed,0.0341,0.0341,0.0339,0.0326,0.0346,0.0335,0.0346,0.0318,True,2026-06-12T15:02:47.997015-03:00,0.123837315660854,0.0539512859265867,False,5e-05,,0.0378,0.0387,0.0318,True
6669,2026-06-11T16:02:44.569373-03:00,BOMEUSDT,COILING,4h,6,BEST,0.000433,0.000442,closed,0.000443,0.000438,0.000437,0.000437,0.000445,0.000436,0.000446,0.000425,True,2026-06-12T17:02:45.736245-03:00,0.305610334542543,0.0278209333800545,False,5e-05,,0.00044,0.000487,0.000418,True
6670,2026-06-11T17:02:42.661579-03:00,ZAMAUSDT,HOLD,4h,13,BEST,0.03268,0.03159,closed,0.03282,0.03269,0.03228,0.03132,0.03289,0.03226,0.03414,0.0313,True,2026-06-12T17:02:47.962935-03:00,0.617379231961085,0.0530233496870693,True,5e-05,,0.03406,0.03681,0.0303,True
6671,2026-06-11T19:02:37.642996-03:00,SKYUSDT,COILING,4h,6,BEST,0.05796,0.0583,closed,0.05801,0.05731,0.05658,0.05626,0.05802,0.0565,0.05802,0.05626,True,2026-06-12T20:02:36.192481-03:00,0.107217373924884,0.13494780311509,False,5e-05,,0.05782,0.05966,0.05536,True
6672,2026-06-11T19:02:37.642996-03:00,AXSUSDT,COILING,4h,5,BEST,0.946,0.949,closed,0.946,0.941,0.941,0.957,0.949,0.936,0.97,0.936,True,2026-06-12T19:02:38.48738-03:00,0.0743020640909184,0.049960824455512,False,5e-05,,0.955,1.04,0.919,True
6677,2026-06-11T21:02:52.897275-03:00,XPLUSDT,BREAKOUT,4h,11,BEST,0.0756,0.0707,closed,0.0773,0.0763,0.0829,0.0823,0.0838,0.0749,0.0933,0.0749,True,2026-06-12T22:02:42.774836-03:00,1.11860234174334,0.0461165344201977,True,5e-05,,0.0978,0.1232,0.075,True
6673,2026-06-11T21:02:52.897275-03:00,PYTHUSDT,HOLD,4h,13,BEST,0.0381,0.0333,closed,0.0373,0.037,0.038,0.0371,0.0391,0.0365,0.0403,0.0365,True,2026-06-12T22:02:51.68409-03:00,8.92756537483081,0.0374218270186263,True,5e-05,,0.0361,0.0422,0.0355,True
6676,2026-06-11T21:02:52.897275-03:00,STGUSDT,HOLD,4h,12,BEST,0.6462,0.4536,closed,0.6409,0.575,0.6388,0.6263,0.6483,0.5475,0.6873,0.5475,True,2026-06-12T22:02:44.708687-03:00,0.287022752647313,0.0641473682158233,True,-0.0187222,,0.2178,0.6873,0.201,True
6674,2026-06-11T21:02:52.897275-03:00,AUSDT,HOLD,4h,13,BEST,0.073,0.0706,closed,0.0717,0.0717,0.0709,0.071,0.0728,0.0706,0.0732,0.0694,True,2026-06-12T22:02:48.349453-03:00,1.05191490808282,0.0480709626258652,True,5e-05,,0.0685,0.0769,0.0671,True
6675,2026-06-11T21:02:52.897275-03:00,FOGOUSDT,HOLD,4h,13,BEST,0.01244,0.01164,closed,0.01231,0.01226,0.01219,0.01221,0.01248,0.01215,0.01267,0.01199,True,2026-06-12T22:02:46.639212-03:00,4.15140282525154,0.238699202938543,True,-0.00021867,,0.01288,0.01341,0.01199,True
6678,2026-06-11T21:02:52.897275-03:00,BANKUSDT,RIDING,4h,11,BEST,0.0473,0.0459,closed,0.0452,0.0434,0.042,0.0379,0.048,0.0414,0.048,0.0368,True,2026-06-12T22:02:50.049827-03:00,0.299817858030103,-0.0149710950853824,True,5e-05,,0.0364,0.0442,0.0362,True
6680,2026-06-11T22:02:51.876406-03:00,BANKUSDT,RIDING,4h,11,BEST,0.0473,0.0459,closed,0.0438,0.043,0.0421,0.0399,0.0442,0.0414,0.0442,0.0368,True,2026-06-12T22:02:57.01615-03:00,0.299817858030103,-0.0149710950853824,True,5e-05,,0.0365,0.0441,0.0362,True
6681,2026-06-11T22:02:51.876406-03:00,CFGUSDT,HOLD,4h,8,WATCH,0.2178,0.2014,closed,0.2135,0.2132,0.2147,0.2083,0.2183,0.211,0.22,0.2048,True,2026-06-12T22:02:53.38464-03:00,9.96049243948831,-0.109388807346431,True,3.898e-05,,0.2268,0.2508,0.2018,True
6679,2026-06-11T22:02:51.876406-03:00,ATOMUSDT,HOLD,4h,12,BEST,2.034,1.974,closed,1.992,1.975,2.019,2.01,2.036,1.971,2.036,1.932,True,2026-06-12T22:02:58.678196-03:00,0.813154277130714,0.0421626869334818,True,7.969e-05,,1.82,2.036,1.779,True
6682,2026-06-11T22:02:51.876406-03:00,LDOUSDT,COILING,4h,4,BEST,0.2669,0.268,closed,0.2663,0.2661,0.2652,0.2612,0.267,0.2647,0.268,0.2602,True,2026-06-12T22:02:55.10857-03:00,0.0257380679075642,0.0451122952014654,False,-4.28e-05,,0.2796,0.3005,0.2561,True
6683,2026-06-12T00:02:42.535465-03:00,SKYUSDT,COILING,4h,4,BEST,0.05693,0.05792,closed,0.05692,0.05699,0.05718,0.05631,0.05722,0.05669,0.05763,0.05624,True,2026-06-13T01:02:38.608471-03:00,0.106157655741737,0.101004842439538,False,5e-05,,0.05862,0.05966,0.05536,True
6685,2026-06-12T01:02:44.632957-03:00,TRUMPUSDT,HOLD,4h,11,BEST,1.757,1.737,closed,1.756,1.769,1.81,2.292,1.811,1.744,2.388,1.744,True,2026-06-13T01:02:44.943069-03:00,0.0647918639346412,0.0298576110752879,True,-6.956e-05,,1.841,2.388,1.744,True
6688,2026-06-12T01:02:44.632957-03:00,AAVEUSDT,HOLD,4h,9,WATCH,64.57,64.15,closed,64.67,64.37,63.81,65.27,64.89,63.08,65.59,63.08,True,2026-06-13T02:02:40.841502-03:00,-0.0136316280833056,-0.022269222654132,False,4.28e-06,,72.11,77.99,63.08,True
6686,2026-06-12T01:02:44.632957-03:00,XPLUSDT,HOLD,4h,10,STRONG,0.0824,0.0704,closed,0.0822,0.0872,0.0895,0.0834,0.0895,0.0809,0.0933,0.0809,True,2026-06-13T02:02:42.80465-03:00,4.4592937772353,0.0239232742083806,True,5e-05,,0.0935,0.1232,0.0806,True
6684,2026-06-12T01:02:44.632957-03:00,CRVUSDT,HOLD,4h,11,BEST,0.2653,0.2379,closed,0.2601,0.2615,0.2507,0.2359,0.2639,0.2451,0.2639,0.2345,True,2026-06-13T01:02:46.798256-03:00,9.26174182233304,-0.0138778607862992,True,0.0001,,0.2174,0.2637,0.2158,True
6687,2026-06-12T01:02:44.632957-03:00,CVXUSDT,HOLD,4h,10,STRONG,1.459,1.397,closed,1.42,1.412,1.379,1.339,1.452,1.355,1.452,1.337,True,2026-06-13T02:02:38.968194-03:00,0.674727941122195,-0.0206314440770317,True,5e-05,,1.224,1.438,1.222,True
6689,2026-06-12T02:02:37.759257-03:00,KMNOUSDT,HOLD,4h,8,WATCH,0.01662,0.01553,closed,0.0164,0.01652,0.01766,0.01828,0.01776,0.01629,0.019,0.01629,True,2026-06-13T02:02:44.623346-03:00,1.74512463943379,-0.0570037325354007,True,1.832e-05,,0.018,0.01964,0.01639,True
6690,2026-06-12T03:02:46.169637-03:00,ENSOUSDT,BREAKOUT,4h,12,BEST,0.665,0.605,closed,0.629,0.622,0.637,0.626,0.653,0.617,0.704,0.617,True,2026-06-13T04:02:34.451961-03:00,5.45589262260575,0.170840661854351,True,-0.00041351,,0.588,0.708,0.584,True
6691,2026-06-12T03:02:46.169637-03:00,MOVRUSDT,HOLD,4h,11,BEST,1.34,1.302,closed,1.315,1.3,1.342,1.329,1.348,1.282,1.539,1.282,True,2026-06-13T04:02:36.097501-03:00,0.153194673566042,0.0403269757769192,True,5e-05,,1.273,1.539,1.256,True
6692,2026-06-12T04:02:35.695086-03:00,KMNOUSDT,BREAKOUT,4h,10,STRONG,0.01662,0.01553,closed,0.01646,0.01691,0.01821,0.01777,0.01835,0.01642,0.019,0.01642,True,2026-06-13T04:02:37.734432-03:00,1.74512463943379,-0.0570037325354007,True,1.832e-05,,0.01802,0.01964,0.01652,True
6693,2026-06-12T05:02:39.784669-03:00,STGUSDT,RIDING,4h,10,STRONG,0.6606,0.6462,closed,0.6672,0.6091,0.6132,0.5234,0.685,0.582,0.685,0.4325,True,2026-06-13T05:02:40.963143-03:00,0.457237085557498,0.0607035867470019,False,-0.01399117,,0.2179,0.672,0.201,True
6694,2026-06-12T07:02:40.185451-03:00,NIGHTUSDT,PREBREAK,1h,6,BEST,0.03348,0.03372,closed,0.03356,0.03364,0.03335,0.03452,0.03478,0.03319,0.0355,0.03319,True,2026-06-13T07:02:50.550905-03:00,0.16926769205854,0.0810929273934849,False,5e-05,,0.03094,0.0355,0.02943,True
6697,2026-06-12T09:02:35.508253-03:00,OPENUSDT,BREAKOUT,4h,10,STRONG,0.2339,0.2264,closed,0.2309,0.2263,0.2287,0.2453,0.2334,0.2245,0.2507,0.2108,True,2026-06-13T09:02:44.452305-03:00,0.181490481138552,0.00445233134244334,True,5e-05,,0.2242,0.266,0.2105,True
6698,2026-06-12T09:02:35.508253-03:00,VIRTUALUSDT,BREAKOUT,4h,8,WATCH,0.6225,0.6018,closed,0.6244,0.6218,0.6083,0.64,0.6325,0.6067,0.6481,0.6012,True,2026-06-13T09:02:43.170955-03:00,0.0940164523648991,0.0377802608700657,True,-6.636e-05,,0.6048,0.6728,0.5701,True
6699,2026-06-12T09:02:35.508253-03:00,GIGGLEUSDT,COILING,4h,3,BEST,27.52,28.65,closed,27.66,27.72,27.43,27.47,27.96,27.13,27.96,26.83,True,2026-06-13T09:02:51.093852-03:00,0.103174175648354,0.0312234253905087,False,5e-05,,26.76,29.79,26.37,True
6695,2026-06-12T09:02:35.508253-03:00,SEIUSDT,HOLD,4h,11,BEST,0.05231,0.04931,closed,0.05315,0.05154,0.0509,0.05476,0.05318,0.0508,0.05576,0.0508,True,2026-06-13T09:02:49.252801-03:00,0.140843651909192,0.0929902248731716,True,-4.082e-05,,0.0539,0.05707,0.0508,True
6696,2026-06-12T09:02:35.508253-03:00,ORCAUSDT,HOLD,4h,10,STRONG,1.122,1.041,closed,1.127,1.1,1.091,1.16,1.144,1.07,1.397,1.07,True,2026-06-13T09:02:47.750212-03:00,0.462356313911156,0.0237578020594531,True,5e-05,,1.211,1.397,1.07,True
6700,2026-06-12T10:02:36.213414-03:00,TRUMPUSDT,HOLD,4h,12,BEST,2.128,1.761,closed,2.102,2.031,2.083,2.231,2.148,1.97,2.388,1.97,True,2026-06-13T10:02:39.375319-03:00,3.18079638233819,0.0615809442053422,True,-0.00191794,,1.872,2.388,1.797,True
6701,2026-06-12T11:02:50.147572-03:00,WBTCUSDT,PREBREAK,1h,8,WATCH,63138.23,63846.34,closed,63424.34,63986.14,63816.83,64043.39,64291.45,63206.51,64291.45,63206.51,True,2026-06-13T12:02:40.130841-03:00,0.184514607809541,-0.0446225037468241,True,,,63137.16,67207.29,62165.54,True
6702,2026-06-12T12:02:44.768388-03:00,MMTUSDT,BREAKOUT,4h,10,STRONG,0.1144,0.1117,closed,0.1162,0.1149,0.1159,0.1255,0.1172,0.1147,0.1263,0.1147,True,2026-06-13T13:02:44.764896-03:00,0.231993211699841,0.0750223212365129,True,5e-05,,0.1446,0.1491,0.1147,True
6703,2026-06-12T13:02:44.306245-03:00,KMNOUSDT,HOLD,4h,9,WATCH,0.01873,0.01699,closed,0.01856,0.01876,0.01752,0.01852,0.01895,0.01738,0.01895,0.01715,True,2026-06-13T13:02:49.067361-03:00,1.90561313347701,0.00435422039574807,True,5e-05,,0.01949,0.02045,0.01652,True
6704,2026-06-12T13:02:44.306245-03:00,RIFUSDT,HOLD,4h,8,WATCH,0.074,0.0651,closed,0.0734,0.0759,0.0783,0.1003,0.0802,0.0722,0.1042,0.0722,True,2026-06-13T13:02:47.580446-03:00,0.441594231606104,-0.0674456064237898,True,2.548e-05,,0.0907,0.1467,0.0701,True
6707,2026-06-12T13:02:44.306245-03:00,BTCUSDT,PREBREAK,1h,5,WATCH,63593.02,63953.84,closed,63852.0,63936.69,63607.64,64263.36,64111.1,63510.16,64350.0,63400.0,True,2026-06-13T13:02:54.304519-03:00,-0.0232946888038605,0.015434030360448,True,8.4e-06,,62971.99,67292.15,62272.07,True
6706,2026-06-12T13:02:44.306245-03:00,ETHFIUSDT,COILING,4h,6,BEST,0.311,0.314,closed,0.312,0.311,0.31,0.32,0.314,0.307,0.323,0.307,True,2026-06-13T13:02:50.314428-03:00,0.148155684714493,0.0588120035633392,True,5e-05,,0.349,0.396,0.306,True
6708,2026-06-12T13:02:44.306245-03:00,CAKEUSDT,PREBREAK,1h,5,BEST,1.329,1.341,closed,1.335,1.329,1.317,1.349,1.341,1.314,1.359,1.308,True,2026-06-13T13:02:51.736072-03:00,-0.0775917525133244,-0.0149512592799366,False,5e-05,,1.38,1.443,1.308,True
6705,2026-06-12T13:02:44.306245-03:00,BCHUSDT,PREBREAK,1h,6,BEST,205.1,206.9,closed,205.4,205.8,204.0,208.6,206.5,203.5,209.7,200.9,True,2026-06-13T13:02:52.908266-03:00,0.0346514072138173,0.0345318494516549,False,6.46e-06,,196.2,231.1,192.8,True
6709,2026-06-12T14:02:38.35067-03:00,WBETHUSDT,PREBREAK,1h,7,BEST,1836.05,1851.06,closed,1835.63,1833.45,1829.15,1839.97,1842.52,1825.2,1851.79,1822.92,True,2026-06-13T14:02:47.746809-03:00,-0.000524220974160451,0.349796491859512,False,,,1872.39,2030.11,1817.38,True
6710,2026-06-12T15:02:40.463233-03:00,BCHUSDT,COILING,4h,3,BEST,205.1,209.8,closed,203.6,203.8,203.9,206.6,205.5,203.5,209.7,200.9,True,2026-06-13T16:02:43.703715-03:00,0.0346514072138173,0.0345318494516549,False,6.46e-06,,197.7,231.1,192.8,True
6713,2026-06-12T17:02:44.653929-03:00,1000CHEEMSUSDT,HOLD,4h,10,STRONG,0.000625,0.000558,closed,0.000628,0.000629,0.000619,0.000599,0.000638,0.000612,0.000638,0.000586,True,2026-06-13T18:02:32.706752-03:00,0.096564735208969,-0.014067430429905,True,5e-05,,0.000526,0.000638,0.000504,True
6711,2026-06-12T17:02:44.653929-03:00,ATUSDT,HOLD,4h,13,BEST,0.1515,0.1336,closed,0.15,0.1513,0.1569,0.1473,0.1621,0.1482,0.1705,0.1251,True,2026-06-13T18:02:34.067812-03:00,2.61338989152405,0.0572888444913406,True,5e-05,,0.14,0.1705,0.1251,True
6712,2026-06-12T17:02:44.653929-03:00,ORCAUSDT,HOLD,4h,12,BEST,1.351,1.057,closed,1.351,1.303,1.229,1.151,1.381,1.22,1.381,1.137,True,2026-06-13T18:02:35.547171-03:00,4.8848112154556,0.0624987860481646,True,-0.00537333,,1.212,1.313,1.087,True
6714,2026-06-12T18:02:41.388123-03:00,ETHFIUSDT,COILING,4h,3,BEST,0.31,0.314,closed,0.31,0.309,0.312,0.317,0.312,0.308,0.323,0.308,True,2026-06-13T19:02:38.137218-03:00,0.11664063861543,0.0615966714021267,False,5e-05,,0.342,0.396,0.306,True
6715,2026-06-12T20:02:35.185585-03:00,BCHUSDT,COILING,4h,2,BEST,204.1,209.8,closed,201.4,202.1,202.7,208.2,204.2,201.0,209.7,200.9,True,2026-06-13T20:02:37.4267-03:00,0.0354721527149449,0.0375242283193565,False,6.46e-06,,198.6,231.1,192.8,True
6716,2026-06-12T21:02:38.071836-03:00,TSTUSDT,HOLD,4h,15,BEST,0.01844,0.01716,closed,0.01765,0.01774,0.01703,0.01596,0.0181,0.01702,0.0181,0.01596,True,2026-06-13T21:02:44.266862-03:00,3.32994513666749,0.0790443554201005,True,5e-05,,0.01121,0.01777,0.0105,True
6718,2026-06-12T21:02:38.071836-03:00,AIXBTUSDT,BREAKOUT,4h,10,STRONG,0.02453,0.02325,closed,0.02376,0.02454,0.02445,0.02393,0.02489,0.02358,0.02529,0.02358,True,2026-06-13T21:02:46.349169-03:00,0.314152746749263,0.0971829920448762,True,1.456e-05,,0.02265,0.02529,0.02121,True
6717,2026-06-12T21:02:38.071836-03:00,HEIUSDT,BREAKOUT,4h,10,STRONG,0.0979,0.0967,closed,0.099,0.0978,0.0956,0.0835,0.1018,0.0935,0.1018,0.0834,True,2026-06-13T21:02:42.595527-03:00,0.0308958393229861,0.0230992915282417,False,5e-05,,0.1085,0.1547,0.0674,True
6719,2026-06-13T00:02:35.232673-03:00,PNUTUSDT,PREBREAK,1h,4,WATCH,0.0427,0.0431,closed,0.0426,0.0428,0.0428,0.0442,0.0429,0.0423,0.0457,0.0423,True,2026-06-14T00:02:45.988982-03:00,-0.00710909619752336,0.0435846822490498,False,5e-05,,0.0443,0.0469,0.0418,True
6720,2026-06-13T01:02:37.758297-03:00,PNUTUSDT,COILING,4h,6,BEST,0.0428,0.0431,closed,0.0427,0.0428,0.0433,0.0445,0.0435,0.0423,0.0457,0.0423,True,2026-06-14T01:02:39.250099-03:00,0.127962706491936,0.0615076069173892,True,5e-05,,0.0443,0.0469,0.0418,True
6721,2026-06-13T05:02:39.888958-03:00,DOTUSDT,BREAKOUT,4h,11,BEST,0.993,0.975,closed,0.989,0.984,0.986,0.967,0.995,0.978,0.995,0.964,True,2026-06-14T06:02:47.11069-03:00,0.0847717403348915,-0.00379240792940522,True,-5.921e-05,,0.966,1.047,0.94,True
6723,2026-06-13T05:02:39.888958-03:00,ESPUSDT,HOLD,4h,6,WATCH,0.0723,0.06975,closed,0.07292,0.07445,0.07648,0.07217,0.07741,0.07213,0.07776,0.07105,True,2026-06-14T06:02:48.585505-03:00,-0.104744396907762,-0.0516726657092568,True,5e-05,,0.06053,0.07839,0.06004,True
6724,2026-06-13T05:02:39.888958-03:00,WIFUSDT,PREBREAK,1h,6,BEST,0.1605,0.1619,closed,0.1607,0.1604,0.163,0.1582,0.1635,0.1602,0.1636,0.1578,True,2026-06-14T06:02:44.037043-03:00,0.00413825006972967,0.00697026151711405,False,1.014e-05,,0.1626,0.1801,0.155,True
6722,2026-06-13T05:02:39.888958-03:00,NOTUSDT,HOLD,4h,10,STRONG,0.000492,0.000452,closed,0.000492,0.000484,0.000502,0.000474,0.000548,0.000474,0.000548,0.00046,True,2026-06-14T06:02:42.310332-03:00,0.100329643380659,0.0153476451666944,True,-0.00027984,,0.000403,0.000548,0.000392,True
6725,2026-06-13T05:02:39.888958-03:00,TAOUSDT,BREAKOUT,4h,5,WATCH,234.7,218.0,closed,236.7,237.9,246.0,268.7,249.5,232.3,282.1,232.3,True,2026-06-14T06:02:45.414557-03:00,0.0584061219978904,0.0142046915587424,True,5e-05,,230.0,291.6,222.1,True
6726,2026-06-13T07:02:49.175244-03:00,OPUSDT,BREAKOUT,4h,5,WATCH,0.1059,0.1019,closed,0.1084,0.1073,0.1106,0.1067,0.1106,0.1065,0.1127,0.1044,True,2026-06-14T08:02:34.318242-03:00,0.0640291272893563,-0.00920469312311831,True,-1.166e-05,,0.1033,0.1127,0.1001,True
6731,2026-06-13T09:02:41.926245-03:00,LINEAUSDT,HOLD,4h,10,STRONG,0.002618,0.002544,closed,0.002637,0.002585,0.002601,0.002504,0.002644,0.00257,0.002644,0.002486,True,2026-06-14T09:02:47.031946-03:00,0.361221771044559,0.00806857017730601,True,5e-05,,0.00252,0.002714,0.002389,True
6728,2026-06-13T09:02:41.926245-03:00,ESPUSDT,RIDING,4h,11,BEST,0.07659,0.07255,closed,0.07581,0.07407,0.0758,0.07208,0.07776,0.07357,0.07776,0.07105,True,2026-06-14T09:02:43.340493-03:00,0.202224171572812,-0.0177313719248981,True,-2.3e-06,,0.05983,0.07839,0.0596,True
6727,2026-06-13T09:02:41.926245-03:00,TAOUSDT,HOLD,4h,13,BEST,246.1,218.0,closed,249.2,246.2,265.1,268.3,269.3,244.9,282.1,244.9,True,2026-06-14T09:02:50.408037-03:00,0.317688472300479,0.0346241647349412,True,5e-05,,230.9,291.6,222.1,True
6729,2026-06-13T09:02:41.926245-03:00,SEIUSDT,HOLD,4h,10,STRONG,0.05484,0.0534,closed,0.0547,0.05452,0.05456,0.05316,0.05498,0.05417,0.05498,0.05295,True,2026-06-14T09:02:44.987271-03:00,0.138508050902247,0.045163670094458,True,2.346e-05,,0.05465,0.05707,0.05241,True
6730,2026-06-13T09:02:41.926245-03:00,PENDLEUSDT,HOLD,4h,10,STRONG,1.33,1.284,closed,1.327,1.329,1.331,1.334,1.339,1.319,1.377,1.31,True,2026-06-14T09:02:48.734204-03:00,0.0278372379655856,-0.0221356521982903,True,0.0001,,1.363,1.539,1.287,True
6734,2026-06-13T13:02:43.620887-03:00,ICPUSDT,HOLD,4h,10,STRONG,2.536,2.397,closed,2.498,2.557,2.571,2.426,2.624,2.486,2.624,2.39,True,2026-06-14T13:02:51.0927-03:00,3.94801885578982,-0.000647096900457227,True,2.698e-05,,2.294,2.624,2.177,True
6735,2026-06-13T13:02:43.620887-03:00,VIRTUALUSDT,HOLD,4h,10,STRONG,0.652,0.6329,closed,0.6443,0.6435,0.6411,0.6099,0.6514,0.6384,0.6514,0.6025,True,2026-06-14T13:02:56.851276-03:00,0.0473879006280896,-0.0164223002533495,True,5.46e-06,,0.6068,0.6728,0.5701,True
6738,2026-06-13T13:02:43.620887-03:00,ZENUSDT,PREBREAK,1h,5,BEST,4.399,4.407,closed,4.371,4.405,4.387,4.333,4.43,4.348,4.518,4.295,True,2026-06-14T13:02:52.9335-03:00,0.0551459777989257,0.00101431363214381,False,0.0001,,4.746,5.056,4.21,True
6737,2026-06-13T13:02:43.620887-03:00,PENGUUSDT,PREBREAK,1h,6,BEST,0.006862,0.006866,closed,0.006813,0.006783,0.006699,0.006516,0.006884,0.006696,0.006884,0.006492,True,2026-06-14T13:02:45.347065-03:00,0.0781086230780261,-0.0135015287042311,True,2.495e-05,,0.00672,0.007513,0.006336,True
6736,2026-06-13T13:02:43.620887-03:00,PHAUSDT,HOLD,4h,10,STRONG,0.0371,0.0354,closed,0.0371,0.0367,0.0361,0.0354,0.0379,0.0357,0.0379,0.0344,True,2026-06-14T13:02:47.32948-03:00,0.294649595452427,0.0171321823399832,True,5e-05,,0.0365,0.0395,0.0341,True
6733,2026-06-13T13:02:43.620887-03:00,FETUSDT,HOLD,4h,10,STRONG,0.2077,0.1965,closed,0.2056,0.2036,0.2068,0.199,0.212,0.2024,0.215,0.198,True,2026-06-14T13:02:49.2365-03:00,0.22303506317154,-0.00783261068889205,False,9.799e-05,,0.1889,0.223,0.1853,True
6732,2026-06-13T13:02:43.620887-03:00,LTCUSDT,HOLD,4h,11,BEST,44.06,43.55,closed,43.87,43.75,43.79,44.05,43.98,43.56,44.69,43.56,True,2026-06-14T13:02:54.791467-03:00,0.0785686447531214,0.0575567034717644,True,-1.872e-05,,44.32,46.36,42.99,True
6741,2026-06-13T14:02:46.874279-03:00,ARUSDT,HOLD,4h,10,STRONG,2.049,1.959,closed,2.046,2.041,2.043,1.982,2.078,2.026,2.078,1.964,True,2026-06-14T15:02:40.390305-03:00,0.339458603759545,0.0106454361385106,True,7.15e-06,,1.981,2.144,1.9,True
6739,2026-06-13T14:02:46.874279-03:00,ICPUSDT,BREAKOUT,4h,11,BEST,2.536,2.473,closed,2.535,2.517,2.576,2.421,2.624,2.5,2.624,2.39,True,2026-06-14T15:02:44.335184-03:00,3.94801885578982,-0.000647096900457227,True,2.698e-05,,2.267,2.624,2.177,True
6743,2026-06-13T14:02:46.874279-03:00,ETHUSDT,PREBREAK,1h,5,BEST,1676.74,1683.77,closed,1675.83,1675.27,1677.24,1663.13,1682.63,1673.23,1697.28,1654.9,True,2026-06-14T15:02:36.419629-03:00,0.014239282098008,0.0505158849592425,True,2.664e-05,,1726.86,1849.54,1654.9,True
6742,2026-06-13T14:02:46.874279-03:00,BERAUSDT,PREBREAK,1h,9,BEST,0.257,0.26,closed,0.261,0.26,0.261,0.252,0.265,0.255,0.265,0.245,True,2026-06-14T15:02:38.584519-03:00,0.0607308435656373,0.0154471846917922,False,3.019e-05,,0.23,0.275,0.218,True
6740,2026-06-13T14:02:46.874279-03:00,RIFUSDT,HOLD,4h,10,STRONG,0.1015,0.0745,closed,0.1021,0.1022,0.1193,0.1011,0.125,0.1001,0.1298,0.0906,True,2026-06-14T15:02:42.058742-03:00,0.778429525168077,0.0110836436346086,True,-0.00030055,,0.0909,0.1467,0.0701,True
6744,2026-06-13T16:02:42.898967-03:00,ESPUSDT,RIDING,4h,11,BEST,0.07595,0.07255,closed,0.07348,0.07382,0.07256,0.07066,0.0741,0.0722,0.0741,0.06947,True,2026-06-14T17:02:38.074473-03:00,0.0449063075751762,-0.0323342053794283,True,5e-05,,0.06172,0.07839,0.0596,True
6745,2026-06-13T19:02:37.169229-03:00,KAITOUSDT,HOLD,4h,8,WATCH,0.4484,0.4363,closed,0.4847,0.4898,0.4664,0.471,0.4972,0.4653,0.4972,0.4287,True,2026-06-14T20:02:42.401674-03:00,0.22310038453284,-0.0547508434842777,True,5e-05,,0.4739,0.5182,0.4287,True
6746,2026-06-13T20:02:36.193145-03:00,ENSOUSDT,PREBREAK,1h,3,WATCH,0.647,0.647,closed,0.641,0.643,0.642,0.64,0.671,0.639,0.671,0.615,True,2026-06-14T20:02:44.004616-03:00,-1.00343585164741,0.0236776222829723,False,-3.517e-05,,0.639,0.708,0.579,True
6747,2026-06-13T21:02:41.769853-03:00,AXLUSDT,HOLD,4h,10,STRONG,0.0488,0.0439,closed,0.0479,0.0468,0.0467,0.0466,0.0505,0.0462,0.0505,0.045,True,2026-06-14T21:02:44.527682-03:00,1.25832846820898,-0.00297693365918323,False,-0.00213204,,0.0459,0.0494,0.0432,True
6748,2026-06-13T23:02:40.902685-03:00,LDOUSDT,PREBREAK,1h,13,BEST,0.2641,0.267,closed,0.2646,0.2633,0.2637,0.2681,0.2658,0.2609,0.27,0.2561,True,2026-06-14T23:02:42.964653-03:00,-0.00640763866910282,0.0392984793715396,False,1.58e-06,,0.276,0.3005,0.2561,True
6751,2026-06-14T00:02:44.797976-03:00,WLFIUSDT,PREBREAK,1h,6,BEST,0.0589,0.0596,closed,0.0587,0.0587,0.0587,0.0602,0.0589,0.0578,0.061,0.0578,True,2026-06-15T01:02:40.78477-03:00,-0.138439745984221,-0.0273088022390536,False,5e-05,,0.0589,0.0637,0.0573,True
6749,2026-06-14T00:02:44.797976-03:00,ETHFIUSDT,PREBREAK,1h,10,BEST,0.319,0.322,closed,0.318,0.319,0.314,0.335,0.322,0.312,0.336,0.306,True,2026-06-15T00:02:45.66393-03:00,0.133926738561776,0.0053771319424712,False,5e-05,,0.349,0.396,0.306,True
6750,2026-06-14T00:02:44.797976-03:00,RAYUSDT,PREBREAK,1h,7,BEST,0.619,0.62,closed,0.618,0.616,0.609,0.619,0.619,0.609,0.625,0.588,True,2026-06-15T01:02:42.86799-03:00,0.730042858239129,0.0425625428215876,True,,,0.626,0.67,0.582,True
6753,2026-06-14T01:02:38.147517-03:00,EIGENUSDT,HOLD,4h,10,STRONG,0.204,0.1898,closed,0.2023,0.2003,0.1965,0.2077,0.2066,0.1954,0.2093,0.1891,True,2026-06-15T01:02:44.557208-03:00,0.538850295017374,0.0226601959517099,True,2.013e-05,,0.2631,0.2845,0.1891,True
6755,2026-06-14T01:02:38.147517-03:00,LDOUSDT,COILING,4h,4,BEST,0.2646,0.2722,closed,0.2651,0.263,0.2611,0.2705,0.2658,0.2607,0.2723,0.2561,True,2026-06-15T01:02:51.14748-03:00,0.0803391037737411,0.0654782591397078,False,1.58e-06,,0.2755,0.3005,0.2561,True
6754,2026-06-14T01:02:38.147517-03:00,FETUSDT,HOLD,4h,9,WATCH,0.2148,0.199,closed,0.2116,0.2097,0.2094,0.2127,0.215,0.2073,0.2155,0.198,True,2026-06-15T01:02:49.189045-03:00,0.323312149498932,-0.00227144513900129,True,0.0001,,0.186,0.223,0.1852,True
6752,2026-06-14T01:02:38.147517-03:00,ZKPUSDT,BREAKOUT,4h,12,BEST,0.0642,0.0575,closed,0.0641,0.0675,0.0623,0.0585,0.0678,0.0616,0.0678,0.0574,True,2026-06-15T01:02:47.400383-03:00,1.56674014522666,0.216826759436433,True,-0.0008643,,0.058,0.0678,0.0538,True
6756,2026-06-14T05:02:31.29386-03:00,OPENUSDT,HOLD,4h,12,BEST,0.2536,0.2358,closed,0.2546,0.2571,0.2521,0.2389,0.2605,0.25,0.2605,0.2358,True,2026-06-15T05:02:49.757409-03:00,0.186240111202644,0.0407597928933592,True,5e-05,,0.2154,0.266,0.2105,True
6758,2026-06-14T05:02:31.29386-03:00,PENDLEUSDT,HOLD,4h,10,STRONG,1.363,1.299,closed,1.369,1.352,1.334,1.39,1.377,1.327,1.406,1.287,True,2026-06-15T05:02:51.314988-03:00,0.0803271927473339,0.0367406772431548,True,0.0001,,1.451,1.539,1.287,True
6757,2026-06-14T05:02:31.29386-03:00,PYTHUSDT,RIDING,4h,11,BEST,0.039,0.0381,closed,0.039,0.0387,0.0392,0.0396,0.0396,0.0382,0.0406,0.0377,True,2026-06-15T05:02:54.035021-03:00,0.701416225370332,-0.00135510899826955,False,5e-05,,0.037,0.0422,0.0347,True
6759,2026-06-14T05:02:31.29386-03:00,CAKEUSDT,PREBREAK,1h,6,BEST,1.355,1.367,closed,1.358,1.356,1.353,1.387,1.364,1.35,1.397,1.337,True,2026-06-15T05:02:52.778209-03:00,0.100466445117582,0.00147866769189838,True,5e-05,,1.392,1.443,1.311,True
6760,2026-06-14T06:02:41.34245-03:00,LDOUSDT,COILING,4h,1,BEST,0.2614,0.2722,closed,0.2612,0.2627,0.26,0.2727,0.2636,0.2595,0.2732,0.2561,True,2026-06-15T06:02:50.214852-03:00,0.0296051334784333,0.0671745364429261,False,5.694e-05,,0.2814,0.3005,0.2561,True
6764,2026-06-14T09:02:42.495736-03:00,GIGGLEUSDT,COILING,4h,7,BEST,28.77,28.88,closed,28.81,28.04,28.16,29.33,28.92,27.33,29.6,27.33,True,2026-06-15T09:02:44.599964-03:00,0.494335416425723,0.0242335749454591,True,5e-05,,26.73,29.79,26.37,True
6763,2026-06-14T09:02:42.495736-03:00,MEMEUSDT,BREAKOUT,4h,7,WATCH,0.000624,0.000599,closed,0.000625,0.000621,0.000655,0.000626,0.000658,0.000612,0.00068,0.000607,True,2026-06-15T09:02:51.531549-03:00,0.0560316337538314,-0.022218225650449,True,2.607e-05,,0.000562,0.00068,0.000533,True
6762,2026-06-14T09:02:42.495736-03:00,OPENUSDT,RIDING,4h,11,BEST,0.2524,0.2445,closed,0.2444,0.2445,0.2376,0.242,0.2525,0.2358,0.2599,0.2358,True,2026-06-15T09:02:48.125259-03:00,0.180552343611199,0.0574132186084257,True,5e-05,,0.2184,0.266,0.2105,True
6761,2026-06-14T09:02:42.495736-03:00,MIRAUSDT,BREAKOUT,4h,12,BEST,0.0585,0.0549,closed,0.0631,0.061,0.0556,0.0568,0.0687,0.0555,0.0687,0.0541,True,2026-06-15T09:02:49.940262-03:00,0.929768063327051,0.0590673891998692,True,-0.00183718,,0.0489,0.0633,0.0473,True
6765,2026-06-14T10:02:41.883927-03:00,ESPUSDT,PREBREAK,1h,5,BEST,0.07307,0.07394,closed,0.07213,0.071,0.06999,0.07803,0.07274,0.06947,0.07821,0.06947,True,2026-06-15T11:02:58.814452-03:00,-0.435455081378361,-0.0364793788359581,False,5e-05,,0.06101,0.07839,0.0596,True
6766,2026-06-14T11:02:39.659902-03:00,PYTHUSDT,RIDING,4h,11,BEST,0.039,0.0381,closed,0.04,0.0397,0.0383,0.0405,0.0405,0.0382,0.041,0.0377,True,2026-06-15T11:03:00.843132-03:00,0.786612507424753,0.0297960054752018,False,5e-05,,0.0371,0.0422,0.0347,True
6767,2026-06-14T12:02:41.232829-03:00,WBTCUSDT,PREBREAK,1h,13,BEST,63868.38,64609.18,closed,64031.72,63976.94,63714.96,66600.69,64077.29,63594.51,66926.15,63594.51,True,2026-06-15T12:02:48.243109-03:00,0.184596105098818,0.0721598491059014,True,,,64165.91,67207.29,62165.54,True
6768,2026-06-14T13:02:44.425532-03:00,MEMEUSDT,HOLD,4h,12,BEST,0.000648,0.000598,closed,0.000672,0.000652,0.000612,0.000625,0.00068,0.000612,0.00068,0.000607,True,2026-06-15T13:02:49.192798-03:00,0.0911464081582398,-0.0204953874704723,True,-0.00010842,,0.000561,0.000679,0.000533,True
6769,2026-06-14T13:02:44.425532-03:00,LAUSDT,COILING,4h,4,BEST,0.0764,0.0788,closed,0.0768,0.0772,0.0766,0.0782,0.0786,0.0761,0.0797,0.0756,True,2026-06-15T13:02:51.322617-03:00,0.336411035873589,0.0240467774368748,False,-0.00057413,,0.0747,0.0797,0.0688,True
6773,2026-06-14T17:02:37.170195-03:00,TOWNSUSDT,COILING,4h,5,BEST,0.00229,0.00233,closed,0.00229,0.00227,0.00239,0.00233,0.00242,0.00227,0.00244,0.00227,True,2026-06-15T17:02:58.632795-03:00,1.92346208337697,0.0466489307800065,False,5e-05,,0.00218,0.00244,0.00205,True
6770,2026-06-14T17:02:37.170195-03:00,BANANAS31USDT,HOLD,4h,13,BEST,0.010451,0.009631,closed,0.01017,0.009982,0.010236,0.01033,0.010879,0.009811,0.01101,0.009556,True,2026-06-15T17:02:55.505059-03:00,1.52470806724691,0.0594329017354481,False,5e-05,,0.009692,0.011457,0.009086,True
6771,2026-06-14T17:02:37.170195-03:00,EULUSDT,HOLD,4h,13,BEST,1.012,0.941,closed,1.009,1.026,1.02,1.033,1.068,0.999,1.114,0.999,True,2026-06-15T17:02:53.7988-03:00,1.12473639840163,0.0836233129919779,True,5e-05,,1.071,1.147,0.991,True
6772,2026-06-14T17:02:37.170195-03:00,HUMAUSDT,HOLD,4h,11,BEST,0.02449,0.0236,closed,0.0245,0.0245,0.0242,0.0241,0.02472,0.0242,0.02472,0.02362,True,2026-06-15T17:02:57.239977-03:00,0.080700873108311,0.0613031343626212,True,5e-05,,0.02298,0.02564,0.02287,True
6775,2026-06-14T18:02:39.218626-03:00,AMPUSDT,COILING,4h,6,BEST,0.000533,0.000545,closed,0.000522,0.000529,0.000532,0.000542,0.000533,0.000518,0.000602,0.000518,True,2026-06-15T19:02:50.483097-03:00,0.236611374842383,0.312059273599211,False,,,0.000517,0.000602,0.000511,True
6774,2026-06-14T18:02:39.218626-03:00,EULUSDT,BREAKOUT,4h,13,BEST,1.012,1.0,closed,1.026,1.066,1.017,1.043,1.068,1.016,1.114,1.012,True,2026-06-15T19:02:48.815843-03:00,1.12473639840163,0.0836233129919779,True,5e-05,,1.049,1.147,0.991,True
6776,2026-06-14T19:02:35.800637-03:00,TRBUSDT,COILING,4h,3,BEST,13.42,13.68,closed,13.8,13.81,13.84,14.03,14.04,13.75,14.29,13.75,True,2026-06-15T19:02:52.052244-03:00,0.0556630123388331,0.0542758954984225,False,5e-05,,13.7,15.11,13.4,True
6781,2026-06-14T21:02:43.722736-03:00,DASHUSDT,BREAKOUT,4h,8,WATCH,38.32,36.76,closed,38.31,37.77,38.43,38.21,38.5,37.44,40.22,37.44,True,2026-06-15T22:02:45.927405-03:00,0.393574872420161,0.0425231514155761,True,6.118e-05,,35.21,40.22,34.48,True
6777,2026-06-14T21:02:43.722736-03:00,WBTCUSDT,BREAKOUT,4h,13,BEST,65660.79,64745.44,closed,65694.59,65468.31,65785.42,66230.5,65880.34,65276.55,67207.29,65276.55,True,2026-06-15T21:02:53.851589-03:00,0.457641893698788,0.0977655021338123,True,,,63825.63,67207.29,62165.54,True
6783,2026-06-14T21:02:43.722736-03:00,REZUSDT,COILING,4h,5,BEST,0.003349,0.003521,closed,0.003351,0.003312,0.00332,0.003337,0.003355,0.003302,0.003465,0.003291,True,2026-06-15T21:02:48.341483-03:00,1.18286511265799,0.0485369029797773,False,5e-05,,0.003243,0.003532,0.003078,True
6782,2026-06-14T21:02:43.722736-03:00,ALICEUSDT,COILING,4h,7,BEST,0.1118,0.1121,closed,0.1114,0.1104,0.1118,0.1079,0.1127,0.1099,0.1138,0.1064,True,2026-06-15T21:02:45.822376-03:00,1.57527455140167,0.0473449501914073,True,-0.00056621,,0.1369,0.2029,0.0991,True
6779,2026-06-14T21:02:43.722736-03:00,BTCUSDT,BREAKOUT,4h,12,BEST,65746.45,64762.77,closed,65765.99,65504.0,65844.08,66282.32,65995.0,65354.0,67292.15,65354.0,True,2026-06-15T22:02:48.421348-03:00,0.121731948291755,0.054381260362688,True,2.808e-05,,63896.01,67292.15,62272.07,True
6778,2026-06-14T21:02:43.722736-03:00,BABYUSDT,HOLD,4h,12,BEST,0.0178,0.01566,closed,0.01812,0.01785,0.01746,0.01959,0.01827,0.01723,0.01972,0.01669,True,2026-06-15T21:02:49.967669-03:00,0.24339898126324,0.00754037759561747,True,5e-05,,0.01415,0.01986,0.01373,True
6780,2026-06-14T21:02:43.722736-03:00,ETHUSDT,BREAKOUT,4h,8,WATCH,1725.62,1697.28,closed,1727.62,1716.87,1719.04,1794.01,1733.04,1709.66,1849.54,1709.66,True,2026-06-15T21:02:51.804904-03:00,0.0401245462218631,0.0205175768485166,True,2.92e-05,,1726.95,1849.54,1671.79,True
6787,2026-06-14T22:02:41.342093-03:00,REZUSDT,COILING,4h,5,BEST,0.003349,0.003521,closed,0.00331,0.003309,0.003311,0.003336,0.003342,0.003302,0.003465,0.003291,True,2026-06-15T22:02:55.290336-03:00,1.18286511265799,0.0485369029797773,False,5e-05,,0.003279,0.003532,0.003078,True
6786,2026-06-14T22:02:41.342093-03:00,ALICEUSDT,COILING,4h,7,BEST,0.1118,0.1121,closed,0.1111,0.1116,0.1106,0.1077,0.1138,0.1099,0.1138,0.1064,True,2026-06-15T22:02:53.693925-03:00,1.57527455140167,0.0473449501914073,True,-0.00056621,,0.1371,0.2029,0.0991,True
6785,2026-06-14T22:02:41.342093-03:00,RAYUSDT,COILING,4h,8,BEST,0.624,0.626,closed,0.618,0.618,0.619,0.636,0.624,0.617,0.67,0.611,True,2026-06-15T22:02:50.326079-03:00,11.4356465740116,0.0244623506485291,True,,,0.639,0.67,0.582,True
6784,2026-06-14T22:02:41.342093-03:00,ZENUSDT,BREAKOUT,4h,8,WATCH,4.573,4.518,closed,4.593,4.583,4.601,4.768,4.65,4.561,5.056,4.561,True,2026-06-15T22:02:51.930021-03:00,0.0782490642723515,-0.0403392134019821,True,6.456e-05,,4.635,5.056,4.21,True
6788,2026-06-14T23:02:41.844658-03:00,GPSUSDT,BREAKOUT,4h,12,BEST,0.00802,0.00768,closed,0.00816,0.00824,0.00828,0.00967,0.0084,0.00809,0.00968,0.00809,True,2026-06-16T00:02:38.270869-03:00,0.172036195871876,0.142040685459518,True,5e-05,,0.00899,0.01018,0.00821,True
6789,2026-06-15T00:02:41.126174-03:00,ZECUSDT,BREAKOUT,4h,10,STRONG,472.64,444.0,closed,483.82,487.94,497.27,518.03,501.42,480.7,544.28,480.7,True,2026-06-16T00:02:41.411009-03:00,0.538665489552655,0.0355088024282947,True,4.211e-05,,440.79,544.28,432.5,True
6792,2026-06-15T01:02:39.910595-03:00,ZECUSDT,HOLD,4h,13,BEST,486.59,444.0,closed,483.26,486.42,493.21,528.4,501.42,483.24,544.28,483.24,True,2026-06-16T01:02:55.041789-03:00,0.665001661860307,0.0544812666936069,True,4.211e-05,,444.19,544.28,432.5,True
6790,2026-06-15T01:02:39.910595-03:00,GPSUSDT,HOLD,4h,15,BEST,0.00829,0.00768,closed,0.00831,0.00831,0.00861,0.00949,0.00896,0.00823,0.00971,0.00823,True,2026-06-16T01:02:50.675965-03:00,0.200902423240237,0.0349923257404562,True,5e-05,,0.00889,0.01018,0.00825,True
6791,2026-06-15T01:02:39.910595-03:00,JTOUSDT,BREAKOUT,4h,15,BEST,0.5768,0.5565,closed,0.5876,0.5933,0.5981,0.7583,0.6197,0.5766,0.8232,0.5766,True,2026-06-16T01:02:53.684219-03:00,4.09198863097739,0.128787731134743,False,5e-05,,0.6343,0.8808,0.5845,True
6793,2026-06-15T01:02:39.910595-03:00,WBTCUSDT,HOLD,4h,13,BEST,65818.72,64745.44,closed,65654.08,65581.76,65626.9,66123.38,65937.98,65549.66,67207.29,65427.35,True,2026-06-16T01:02:52.199855-03:00,0.465122546703513,0.0851221050822793,True,,,64016.94,67207.29,62165.54,True
6794,2026-06-15T01:02:39.910595-03:00,BTCUSDT,HOLD,4h,11,BEST,65927.1,64762.77,closed,65733.23,65627.99,65697.81,66203.99,66000.0,65611.01,67292.15,65512.0,True,2026-06-16T01:02:56.474728-03:00,0.140916139929328,0.0259768366445673,True,2.808e-05,,64100.02,67292.15,62272.07,True
6798,2026-06-15T02:02:40.667301-03:00,RESOLVUSDT,HOLD,4h,10,STRONG,0.0184,0.0175,closed,0.0182,0.018,0.0182,0.0177,0.0186,0.0179,0.0189,0.0175,True,2026-06-16T02:02:44.978449-03:00,0.782042154266651,-0.0145148762544311,True,5e-05,,0.0197,0.028,0.0142,True
6799,2026-06-15T02:02:40.667301-03:00,SUIUSDT,HOLD,4h,9,WATCH,0.7997,0.7771,closed,0.7995,0.8027,0.796,0.7838,0.8049,0.7934,0.8287,0.7771,True,2026-06-16T02:02:48.850513-03:00,0.00975318691704058,0.00594689237140138,True,3.305e-05,,0.707,0.8287,0.6888,True
6797,2026-06-15T02:02:40.667301-03:00,DASHUSDT,HOLD,4h,10,STRONG,38.31,36.76,closed,37.89,38.29,39.48,37.93,39.66,37.78,40.22,36.97,True,2026-06-16T02:02:43.260591-03:00,0.158889319484187,0.0186039018628297,True,6.118e-05,,35.21,40.22,34.48,True
6795,2026-06-15T02:02:40.667301-03:00,BNBUSDT,HOLD,4h,10,STRONG,617.83,613.39,closed,617.22,617.84,616.08,613.98,619.0,615.32,632.9,611.1,True,2026-06-16T02:02:41.508151-03:00,0.0603941049444586,-0.00987616344076106,True,0.0,,592.99,632.9,570.82,True
6796,2026-06-15T02:02:40.667301-03:00,NEARUSDT,HOLD,4h,10,STRONG,2.318,2.187,closed,2.364,2.366,2.379,2.401,2.419,2.338,2.545,2.338,True,2026-06-16T02:02:46.90273-03:00,0.901066903790083,-0.00271052527475322,True,2.632e-05,,2.153,2.562,2.084,True
6803,2026-06-15T03:02:36.862108-03:00,ZENUSDT,HOLD,4h,8,WATCH,4.63,4.518,closed,4.687,4.656,4.645,4.714,4.701,4.613,5.056,4.613,True,2026-06-16T03:02:48.957078-03:00,0.110528184895925,-0.056666110470065,True,6.456e-05,,4.59,5.056,4.21,True
6805,2026-06-15T03:02:36.862108-03:00,YBUSDT,COILING,4h,6,BEST,0.0943,0.095,closed,0.0975,0.0968,0.0957,0.0904,0.0984,0.095,0.0984,0.0887,True,2026-06-16T03:02:47.372996-03:00,0.0728537927416029,0.0632306781612145,True,5e-05,,0.0795,0.0984,0.0755,True
6804,2026-06-15T03:02:36.862108-03:00,JUPUSDT,HOLD,4h,8,WATCH,0.1867,0.177,closed,0.1894,0.1864,0.1885,0.1975,0.1908,0.1853,0.2016,0.1853,True,2026-06-16T03:02:42.937835-03:00,0.247581122479728,-0.0343664241322849,True,3.081e-05,,0.2114,0.2271,0.181,True
6800,2026-06-15T03:02:36.862108-03:00,LINKUSDT,HOLD,4h,9,WATCH,8.197,8.05,closed,8.215,8.186,8.214,8.218,8.231,8.163,8.6,8.151,True,2026-06-16T03:02:52.527484-03:00,-0.0167989829236405,0.00646261428359141,True,7.372e-05,,7.934,8.6,7.764,True
6802,2026-06-15T03:02:36.862108-03:00,GALAUSDT,HOLD,4h,9,WATCH,0.00275,0.00271,closed,0.00274,0.00272,0.00273,0.00275,0.00275,0.00272,0.00281,0.0027,True,2026-06-16T03:02:50.841653-03:00,0.00719317972801295,0.00286261103571374,False,3.824e-05,,0.00257,0.00281,0.00252,True
6801,2026-06-15T03:02:36.862108-03:00,AAVEUSDT,HOLD,4h,9,WATCH,69.0,67.8,closed,69.45,69.81,73.73,74.28,73.79,69.11,77.72,69.11,True,2026-06-16T03:02:45.075024-03:00,0.0180527590037962,0.00427440211400088,True,-1.823e-05,,75.47,77.99,69.7,True
6806,2026-06-15T04:02:49.116223-03:00,METISUSDT,HOLD,4h,13,BEST,3.0,2.86,closed,3.09,3.05,3.17,3.16,3.23,3.03,3.23,3.03,True,2026-06-16T04:02:49.46918-03:00,0.420332245200689,0.0710707564000156,True,5e-05,,3.14,3.61,2.98,True
6807,2026-06-15T04:02:49.116223-03:00,API3USDT,HOLD,4h,13,BEST,0.2731,0.2641,closed,0.2748,0.2716,0.2739,0.2722,0.2763,0.2716,0.2826,0.2672,True,2026-06-16T04:02:50.68988-03:00,0.687126445058951,0.102888427415535,True,5e-05,,0.2586,0.3,0.2537,True
6810,2026-06-15T04:02:49.116223-03:00,YBUSDT,COILING,4h,6,BEST,0.0943,0.095,closed,0.0964,0.0975,0.0959,0.0912,0.0984,0.0945,0.0984,0.0887,True,2026-06-16T05:02:51.465259-03:00,0.0728537927416029,0.0632306781612145,True,5e-05,,0.0794,0.0984,0.0755,True
6808,2026-06-15T04:02:49.116223-03:00,WIFUSDT,HOLD,4h,10,STRONG,0.1663,0.1636,closed,0.1676,0.1667,0.1673,0.1684,0.1683,0.1658,0.1754,0.1644,True,2026-06-16T04:02:51.90018-03:00,0.0283726105854882,-0.0078209446578447,True,5e-05,,0.1649,0.1801,0.1588,True
6809,2026-06-15T04:02:49.116223-03:00,SUSDT,HOLD,4h,7,WATCH,0.03326,0.03146,closed,0.03319,0.033,0.03304,0.03307,0.03334,0.03265,0.03406,0.0322,True,2026-06-16T05:02:53.214417-03:00,0.0085805276226446,-0.0451126852852626,True,5e-05,,0.02737,0.03406,0.02688,True
6811,2026-06-15T05:02:48.545714-03:00,METUSDT,HOLD,4h,13,BEST,0.1234,0.1096,closed,0.1171,0.1135,0.1164,0.1191,0.119,0.1111,0.1225,0.1111,True,2026-06-16T05:02:56.729933-03:00,3.66473978551091,0.235749157922656,True,5e-05,,0.1676,0.19,0.105,True
6813,2026-06-15T05:02:48.545714-03:00,YBUSDT,BREAKOUT,4h,12,BEST,0.0976,0.0958,closed,0.0981,0.0967,0.096,0.0911,0.0984,0.0945,0.0984,0.0887,True,2026-06-16T05:02:58.421231-03:00,0.111441564520149,0.0852428481625609,True,5e-05,,0.0797,0.097,0.0755,True
6812,2026-06-15T05:02:48.545714-03:00,TONUSDT,BREAKOUT,4h,13,BEST,1.811,1.777,closed,1.799,1.804,1.786,1.692,1.815,1.75,1.827,1.67,True,2026-06-16T05:03:00.102408-03:00,0.871168799618582,0.0396431211030916,True,-0.00019632,,1.659,1.827,1.562,True
6814,2026-06-15T05:02:48.545714-03:00,PLUMEUSDT,HOLD,4h,10,STRONG,0.01152,0.01099,closed,0.01157,0.01123,0.01172,0.01126,0.01185,0.01117,0.01203,0.011,True,2026-06-16T05:02:54.98618-03:00,0.206817181514621,0.0042212599689695,True,5e-05,,0.01111,0.01232,0.01079,True
6818,2026-06-15T09:02:43.767259-03:00,GALAUSDT,BREAKOUT,4h,12,BEST,0.00278,0.00275,closed,0.00276,0.00278,0.00279,0.00274,0.00281,0.00275,0.00281,0.0027,True,2026-06-16T09:02:57.265428-03:00,0.163268803056121,0.0627008955978965,False,0.0001,,0.00265,0.00281,0.00252,True
6819,2026-06-15T09:02:43.767259-03:00,SOLUSDT,HOLD,4h,11,BEST,72.61,69.59,closed,72.43,72.76,75.01,74.6,75.26,72.31,76.09,72.31,True,2026-06-16T09:02:58.751763-03:00,0.0322068102020047,0.0308998833981851,True,-3.856e-05,,74.35,76.09,67.92,True
6817,2026-06-15T09:02:43.767259-03:00,WLDUSDT,BREAKOUT,4h,13,BEST,0.6198,0.5913,closed,0.6127,0.6149,0.586,0.6554,0.624,0.5835,0.6736,0.5662,True,2026-06-16T09:02:55.88381-03:00,1.26978754135015,-0.0254205954116338,True,0.0001,,0.637,0.7229,0.5662,True
6815,2026-06-15T09:02:43.767259-03:00,JTOUSDT,HOLD,4h,15,BEST,0.6338,0.5784,closed,0.6412,0.6495,0.8053,0.8324,0.8145,0.6348,0.8527,0.6348,True,2026-06-16T09:02:53.198079-03:00,2.29910309928426,0.0964584899569598,True,5e-05,,0.6428,0.8808,0.6309,True
6820,2026-06-15T09:02:43.767259-03:00,NEARUSDT,BREAKOUT,4h,11,BEST,2.495,2.322,closed,2.473,2.477,2.477,2.429,2.545,2.442,2.562,2.341,True,2026-06-16T09:02:50.002227-03:00,0.838612170227492,0.00730825514842274,True,-2.173e-05,,2.175,2.562,2.084,True
6821,2026-06-15T09:02:43.767259-03:00,LTCUSDT,HOLD,4h,11,BEST,45.81,44.69,closed,45.67,45.9,45.99,45.5,46.29,45.27,46.36,45.27,True,2026-06-16T09:02:51.474957-03:00,0.0843369697050197,0.030242886606344,True,7.946e-05,,45.41,46.36,42.99,True
6816,2026-06-15T09:02:43.767259-03:00,GPSUSDT,HOLD,4h,14,BEST,0.00885,0.00836,closed,0.00891,0.00894,0.00906,0.00929,0.00907,0.00873,0.00971,0.00873,True,2026-06-16T09:02:54.535489-03:00,0.537066480875702,0.0587859602502984,True,5e-05,,0.00902,0.01018,0.00832,True
6824,2026-06-15T10:02:37.05388-03:00,TRBUSDT,HOLD,4h,11,BEST,14.06,13.73,closed,14.21,14.19,14.14,14.44,14.29,14.06,14.65,13.66,True,2026-06-16T10:02:47.339953-03:00,0.0692165173407935,0.110673745965446,True,5e-05,,14.07,15.11,13.4,True
6825,2026-06-15T10:02:37.05388-03:00,WLDUSDT,HOLD,4h,10,STRONG,0.6198,0.5354,closed,0.6083,0.609,0.5767,0.6507,0.6186,0.5662,0.6736,0.5662,True,2026-06-16T10:02:48.791573-03:00,1.26978754135015,-0.0254205954116338,True,0.0001,,0.6432,0.7229,0.5662,True
6826,2026-06-15T10:02:37.05388-03:00,ETHUSDT,HOLD,4h,10,STRONG,1764.67,1697.28,closed,1805.46,1806.78,1837.26,1816.3,1849.54,1774.75,1849.54,1758.0,True,2026-06-16T10:02:50.395481-03:00,0.0365745819538475,-0.00985164302442122,True,-7.45e-06,,1777.51,1849.54,1671.79,True
6823,2026-06-15T10:02:37.05388-03:00,LTCUSDT,HOLD,4h,11,BEST,45.81,44.69,closed,46.14,45.98,46.05,45.59,46.29,45.27,46.36,45.27,True,2026-06-16T10:02:44.362725-03:00,0.0843369697050197,0.030242886606344,True,7.946e-05,,45.7,46.36,42.99,True
6822,2026-06-15T10:02:37.05388-03:00,ZECUSDT,HOLD,4h,12,BEST,535.66,477.31,closed,532.98,523.32,530.67,511.09,544.28,520.53,544.28,507.59,True,2026-06-16T10:02:42.767361-03:00,5.11831422645156,0.113683975651227,True,3.56e-05,,462.21,544.28,432.5,True
6827,2026-06-15T11:02:58.031493-03:00,DASHUSDT,HOLD,4h,12,BEST,40.06,36.76,closed,39.52,39.72,39.23,37.76,40.04,38.97,40.04,36.97,True,2026-06-16T12:02:54.3356-03:00,0.641733742543942,0.0490765935748064,True,0.0001,,35.17,40.04,34.48,True
6828,2026-06-15T11:02:58.031493-03:00,XRPUSDT,HOLD,4h,10,STRONG,1.2324,1.161,closed,1.2393,1.2468,1.2795,1.2278,1.2935,1.19,1.2935,1.19,True,2026-06-16T12:02:52.61816-03:00,0.107778014542261,-0.0107448591235783,True,-4.105e-05,,1.143,1.2935,1.1187,True
6830,2026-06-15T11:02:58.031493-03:00,FILUSDT,HOLD,4h,10,STRONG,0.818,0.799,closed,0.818,0.814,0.815,0.794,0.82,0.805,0.82,0.783,True,2026-06-16T12:02:57.662797-03:00,0.0476621622585164,-0.0206697320443766,True,0.0001,,0.805,0.833,0.755,True
6829,2026-06-15T11:02:58.031493-03:00,AAVEUSDT,HOLD,4h,10,STRONG,74.17,69.08,closed,75.35,76.22,75.8,74.79,77.72,74.52,77.72,72.29,True,2026-06-16T12:02:59.153674-03:00,0.135785885257398,0.0495328130031245,True,-8.825e-05,,75.03,77.99,70.65,True
6831,2026-06-15T11:02:58.031493-03:00,BONKUSDT,HOLD,4h,10,STRONG,4.85e-06,4.57e-06,closed,5.02e-06,5.06e-06,5.04e-06,4.77e-06,5.12e-06,4.91e-06,5.12e-06,4.66e-06,True,2026-06-16T12:02:56.042567-03:00,0.0345666625529362,-0.00993755414041469,True,3.525e-05,,4.66e-06,5.09e-06,4.4e-06,True
6834,2026-06-15T12:02:47.009242-03:00,WBETHUSDT,HOLD,4h,10,STRONG,1937.44,1864.56,closed,1994.18,2023.53,2008.83,1958.22,2030.11,1992.19,2030.11,1930.89,True,2026-06-16T12:03:00.698439-03:00,0.00067671887111139,0.455668781808453,True,,,1917.71,2028.4,1837.91,True
6833,2026-06-15T12:02:47.009242-03:00,RENDERUSDT,HOLD,4h,10,STRONG,1.853,1.818,closed,1.835,1.852,1.81,1.729,1.87,1.802,1.87,1.708,True,2026-06-16T12:03:05.39948-03:00,0.601378137310056,-0.0155946868070966,True,1.227e-05,,1.683,1.858,1.62,True
6832,2026-06-15T12:02:47.009242-03:00,NEARUSDT,BREAKOUT,4h,11,BEST,2.495,2.322,closed,2.526,2.477,2.513,2.328,2.545,2.467,2.562,2.31,True,2026-06-16T12:03:03.454923-03:00,0.838612170227492,0.00730825514842274,True,-2.173e-05,,2.121,2.562,2.084,True
6836,2026-06-15T12:02:47.009242-03:00,GALAUSDT,HOLD,4h,10,STRONG,0.00278,0.00271,closed,0.00277,0.00279,0.00276,0.00268,0.00281,0.00275,0.00281,0.00266,True,2026-06-16T12:03:02.07508-03:00,0.163268803056121,0.0627008955978965,False,0.0001,,0.00262,0.00281,0.00252,True
6835,2026-06-15T12:02:47.009242-03:00,STRKUSDT,HOLD,4h,10,STRONG,0.0378,0.0361,closed,0.0371,0.0376,0.0367,0.0355,0.0379,0.0367,0.0379,0.0354,True,2026-06-16T12:03:06.94711-03:00,0.336453428337745,-0.0126017221245673,True,5e-05,,0.0341,0.0379,0.0333,True
6840,2026-06-15T13:02:48.298032-03:00,ASTERUSDT,BREAKOUT,4h,13,BEST,0.655,0.644,closed,0.652,0.653,0.651,0.658,0.657,0.648,0.678,0.644,True,2026-06-16T13:03:00.874686-03:00,4.3886339860353,-0.0238428777434094,True,5e-05,,0.642,0.803,0.612,True
6843,2026-06-15T13:02:48.298032-03:00,BNBUSDT,BREAKOUT,4h,12,BEST,629.07,619.0,closed,627.51,626.57,621.03,607.33,629.68,618.69,629.68,601.33,True,2026-06-16T13:02:56.602994-03:00,0.230461195733351,-0.0376553656366406,True,1.223e-05,,594.79,627.71,570.82,True
6839,2026-06-15T13:02:48.298032-03:00,HBARUSDT,BREAKOUT,4h,13,BEST,0.08381,0.08225,closed,0.08379,0.08337,0.08298,0.08117,0.08459,0.08246,0.08483,0.08037,True,2026-06-16T13:02:50.088344-03:00,0.541181807813496,-0.0430089933403423,True,5.563e-05,,0.07961,0.08483,0.07801,True
6838,2026-06-15T13:02:48.298032-03:00,RAYUSDT,HOLD,4h,13,BEST,0.661,0.626,closed,0.664,0.658,0.649,0.621,0.67,0.644,0.67,0.613,True,2026-06-16T13:03:03.318721-03:00,0.491565888818566,0.0397741596989243,True,,,0.628,0.66,0.582,True
6837,2026-06-15T13:02:48.298032-03:00,ROSEUSDT,HOLD,4h,13,BEST,0.00714,0.0066,closed,0.00718,0.00712,0.00696,0.00706,0.00722,0.00689,0.00743,0.00671,True,2026-06-16T13:03:02.151669-03:00,0.32150074217901,0.0325362293653597,True,0.0001,,0.00674,0.00773,0.00639,True
6846,2026-06-15T13:02:48.298032-03:00,PEPEUSDT,HOLD,4h,11,BEST,3.04e-06,2.94e-06,closed,3.04e-06,3.06e-06,2.99e-06,2.94e-06,3.14e-06,2.97e-06,3.14e-06,2.89e-06,True,2026-06-16T13:02:52.216914-03:00,0.161463183402203,0.0369349836161081,True,-1.944e-05,,2.86e-06,3.14e-06,2.77e-06,True
6844,2026-06-15T13:02:48.298032-03:00,DOGEUSDT,BREAKOUT,4h,11,BEST,0.09071,0.08921,closed,0.09019,0.08997,0.08914,0.08725,0.09063,0.08859,0.09063,0.08622,True,2026-06-16T13:02:55.336032-03:00,0.168418996504253,-0.031007260089262,False,9.537e-05,,0.08338,0.09011,0.08184,True
6845,2026-06-15T13:02:48.298032-03:00,LINKUSDT,BREAKOUT,4h,11,BEST,8.561,8.231,closed,8.52,8.533,8.42,8.207,8.586,8.374,8.586,8.094,True,2026-06-16T13:02:54.048461-03:00,0.540369565548783,0.0134866588442876,True,0.0001,,7.987,8.556,7.764,True
6841,2026-06-15T13:02:48.298032-03:00,WBTCUSDT,HOLD,4h,12,BEST,67169.4,64745.44,closed,67132.72,66978.9,66453.16,65809.85,67173.5,66283.7,67173.5,64497.07,True,2026-06-16T13:02:59.603295-03:00,0.62227857787503,0.0680068796786922,True,,,64683.96,67006.39,62165.54,True
6842,2026-06-15T13:02:48.298032-03:00,BTCUSDT,BREAKOUT,4h,11,BEST,67292.14,66000.0,closed,67130.01,67039.95,66624.02,65900.01,67288.0,66348.0,67288.0,65360.92,True,2026-06-16T13:02:57.965669-03:00,0.202419750415149,0.0175028688905792,True,-6.079e-05,,64719.77,67158.0,62272.07,True
6852,2026-06-15T14:02:47.096829-03:00,BERAUSDT,COILING,4h,5,BEST,0.27,0.275,closed,0.267,0.268,0.263,0.256,0.27,0.262,0.27,0.25,True,2026-06-16T15:02:48.954111-03:00,0.135808155547034,0.0272439689024875,False,5e-05,,0.233,0.268,0.218,True
6851,2026-06-15T14:02:47.096829-03:00,SYRUPUSDT,HOLD,4h,11,BEST,0.1459,0.137,closed,0.1439,0.1442,0.1442,0.1382,0.1447,0.1416,0.1463,0.1374,True,2026-06-16T14:02:53.536068-03:00,0.039003769797081,0.118358073705887,True,5e-05,,0.1396,0.149,0.1333,True
6848,2026-06-15T14:02:47.096829-03:00,METISUSDT,HOLD,4h,12,BEST,3.09,3.01,closed,3.07,3.08,3.05,3.07,3.09,3.05,3.18,3.01,True,2026-06-16T14:02:48.978094-03:00,3.77770638652211,0.0504748712388273,False,5e-05,,3.11,3.61,2.98,True
6847,2026-06-15T14:02:47.096829-03:00,EULUSDT,HOLD,4h,12,BEST,1.074,1.004,closed,1.043,1.045,1.043,1.005,1.053,1.02,1.058,0.997,True,2026-06-16T14:02:47.472806-03:00,1.52749328028229,0.0304433188117482,False,5e-05,,1.109,1.147,0.991,True
6849,2026-06-15T14:02:47.096829-03:00,PEPEUSDT,HOLD,4h,11,BEST,3.04e-06,2.94e-06,closed,3.06e-06,3.09e-06,2.97e-06,2.93e-06,3.14e-06,2.96e-06,3.14e-06,2.89e-06,True,2026-06-16T14:02:50.527763-03:00,0.161463183402203,0.0369349836161081,True,-1.944e-05,,2.84e-06,3.11e-06,2.77e-06,True
6850,2026-06-15T14:02:47.096829-03:00,PENDLEUSDT,HOLD,4h,11,BEST,1.422,1.377,closed,1.409,1.403,1.375,1.37,1.411,1.369,1.422,1.322,True,2026-06-16T14:02:52.038078-03:00,0.064544186021368,0.0366376167735611,True,0.0001,,1.384,1.539,1.322,True
6857,2026-06-15T15:02:59.53734-03:00,PENGUUSDT,HOLD,4h,10,STRONG,0.007272,0.007033,closed,0.007394,0.007339,0.007153,0.007235,0.007459,0.007129,0.007459,0.006931,True,2026-06-16T16:02:58.19864-03:00,0.129002520533407,0.00869192748649603,True,1.662e-05,,0.006607,0.007396,0.006336,True
6855,2026-06-15T15:02:59.53734-03:00,AVAXUSDT,HOLD,4h,10,STRONG,7.035,6.806,closed,7.025,6.98,6.878,6.899,7.032,6.858,7.05,6.714,True,2026-06-16T16:03:01.072027-03:00,0.0399145156693526,0.0064004412109789,True,3.77e-06,,6.271,7.05,5.681,True
6859,2026-06-15T15:02:59.53734-03:00,AMPUSDT,COILING,4h,4,BEST,0.000541,0.00055,closed,0.000548,0.00055,0.000544,0.000534,0.000552,0.000541,0.000553,0.000528,True,2026-06-16T16:02:56.910645-03:00,0.232729812045633,0.191380512091036,False,,,0.000511,0.00057,0.000507,True
6858,2026-06-15T15:02:59.53734-03:00,BERAUSDT,COILING,4h,5,BEST,0.27,0.275,closed,0.267,0.266,0.265,0.26,0.268,0.262,0.268,0.25,True,2026-06-16T16:02:53.618794-03:00,0.135808155547034,0.0272439689024875,False,5e-05,,0.231,0.268,0.218,True
6856,2026-06-15T15:02:59.53734-03:00,DOTUSDT,HOLD,4h,10,STRONG,1.045,1.011,closed,1.035,1.032,1.015,1.02,1.036,1.014,1.036,0.988,True,2026-06-16T16:02:51.808328-03:00,0.169603049031455,-0.00504081287604862,True,9.674e-05,,0.946,1.043,0.94,True
6853,2026-06-15T15:02:59.53734-03:00,MEUSDT,HOLD,4h,13,BEST,0.0673,0.0654,closed,0.0668,0.0662,0.065,0.0644,0.0669,0.0648,0.0669,0.0617,True,2026-06-16T16:02:59.859526-03:00,0.392797310749043,0.0918051475775426,True,-0.00046677,,0.0663,0.0701,0.0589,True
6854,2026-06-15T15:02:59.53734-03:00,VETUSDT,HOLD,4h,11,BEST,0.005335,0.00519,closed,0.005405,0.005345,0.005292,0.005279,0.005471,0.005265,0.005471,0.005116,True,2026-06-16T16:02:55.327449-03:00,0.0241187031108076,0.0501932809767422,True,6.947e-05,,0.004922,0.005375,0.004721,True
6863,2026-06-15T16:02:38.462808-03:00,BOMEUSDT,HOLD,4h,10,STRONG,0.000483,0.000449,closed,0.000474,0.000467,0.000462,0.000464,0.000476,0.00046,0.000476,0.000451,True,2026-06-16T16:03:05.31683-03:00,2.72105380182436,0.0131053389482759,True,5e-05,,0.000441,0.000477,0.000418,True
6864,2026-06-15T16:02:38.462808-03:00,ENSUSDT,HOLD,4h,10,STRONG,5.49,5.19,closed,5.46,5.36,5.34,5.4,5.5,5.32,5.53,5.25,True,2026-06-16T16:03:02.569183-03:00,0.421821924343762,0.0149217298233616,True,-2.572e-05,,4.7,5.59,4.54,True
6866,2026-06-15T16:02:38.462808-03:00,AMPUSDT,COILING,4h,4,BEST,0.000541,0.00055,closed,0.000547,0.000545,0.000542,0.000543,0.000552,0.000539,0.000561,0.000528,True,2026-06-16T16:03:04.094583-03:00,0.232729812045633,0.191380512091036,False,,,0.000511,0.00057,0.000507,True
6865,2026-06-15T16:02:38.462808-03:00,BERAUSDT,COILING,4h,5,BEST,0.27,0.275,closed,0.266,0.263,0.26,0.258,0.268,0.259,0.268,0.25,True,2026-06-16T16:03:06.501856-03:00,0.135808155547034,0.0272439689024875,False,5e-05,,0.23,0.266,0.218,True
6860,2026-06-15T16:02:38.462808-03:00,UNIUSDT,HOLD,4h,10,STRONG,2.738,2.618,closed,2.71,2.694,2.788,3.2,2.805,2.671,3.255,2.671,True,2026-06-16T16:03:07.687524-03:00,0.0685602516178215,-0.0238313871565993,True,9.984e-05,,3.014,3.729,2.681,True
6861,2026-06-15T16:02:38.462808-03:00,ETCUSDT,HOLD,4h,10,STRONG,7.54,7.32,closed,7.51,7.44,7.38,7.38,7.52,7.38,7.52,7.24,True,2026-06-16T16:03:09.006336-03:00,0.16565957094332,0.00771079376083337,True,0.0001,,7.24,7.77,6.94,True
6862,2026-06-15T16:02:38.462808-03:00,FLOKIUSDT,HOLD,4h,10,STRONG,2.739e-05,2.592e-05,closed,2.691e-05,2.677e-05,2.616e-05,2.604e-05,2.699e-05,2.612e-05,2.699e-05,2.56e-05,True,2026-06-16T16:03:10.231587-03:00,0.130046905097479,0.00435407484312003,True,8.072e-05,,2.531e-05,2.785e-05,2.512e-05,True
6867,2026-06-15T17:02:52.616141-03:00,GALAUSDT,COILING,4h,5,BEST,0.00273,0.00279,closed,0.00274,0.00274,0.00275,0.00269,0.00277,0.00272,0.00278,0.00266,True,2026-06-16T17:03:00.25267-03:00,0.379207494741478,0.0539900841465967,False,0.0001,,0.00256,0.00278,0.00252,True
6868,2026-06-15T21:02:40.970983-03:00,UNIUSDT,BREAKOUT,4h,8,WATCH,2.846,2.745,closed,2.884,2.999,2.891,3.317,3.03,2.778,3.328,2.778,True,2026-06-16T22:02:35.359434-03:00,0.129802987665621,0.0296931917864022,True,-1.03e-05,,2.997,3.729,2.778,True
6869,2026-06-15T22:02:44.829201-03:00,GALAUSDT,COILING,4h,4,BEST,0.00274,0.00281,closed,0.00275,0.00273,0.00273,0.00271,0.00276,0.0027,0.00278,0.00266,True,2026-06-16T23:02:44.019654-03:00,0.415613727851305,0.0595424929392674,False,6.531e-05,,0.00252,0.00278,0.00249,True
6870,2026-06-16T01:02:49.486615-03:00,SYNUSDT,HOLD,4h,11,STRONG,0.0538,0.0479,closed,0.0532,0.0523,0.0515,0.052,0.0572,0.051,0.0572,0.045,True,2026-06-17T02:02:45.633117-03:00,1.66017322268795,0.0215882117379584,False,-0.00229148,,0.2555,0.3166,0.045,True
6872,2026-06-16T05:02:50.612344-03:00,UNIUSDT,HOLD,4h,12,STRONG,2.98,2.85,closed,3.012,3.017,3.0,3.621,3.063,2.932,3.729,2.932,True,2026-06-17T06:02:45.274967-03:00,0.640949307439234,0.0577039569550064,True,8.238e-05,,2.827,3.729,2.797,True
6875,2026-06-16T05:02:50.612344-03:00,BNSOLUSDT,HOLD,4h,8,WATCH,83.0,81.2,closed,83.8,84.0,83.3,81.7,84.5,83.0,84.5,80.8,True,2026-06-17T05:02:51.284761-03:00,-0.0884727722558826,0.570106248130975,False,,,76.7,84.2,75.9,True
6871,2026-06-16T05:02:50.612344-03:00,JSTUSDT,HOLD,4h,13,BEST,0.08018,0.07844,closed,0.08033,0.0803,0.08024,0.08221,0.08095,0.08014,0.0827,0.08014,True,2026-06-17T06:02:43.597621-03:00,6.74840321466219,0.0430423257131765,True,5e-05,,0.0812,0.08463,0.07622,True
6873,2026-06-16T05:02:50.612344-03:00,SOLUSDT,HOLD,4h,10,STRONG,74.46,72.82,closed,75.03,75.45,74.61,73.17,75.65,74.38,75.65,72.29,True,2026-06-17T06:02:39.880531-03:00,0.129254832182904,0.0355537488192548,False,-1.544e-05,,68.7,75.53,67.92,True
6876,2026-06-16T05:02:50.612344-03:00,HIVEUSDT,COILING,4h,6,BEST,0.0516,0.0521,closed,0.0517,0.0521,0.0517,0.0514,0.0523,0.0514,0.0523,0.05,True,2026-06-17T06:02:41.733661-03:00,0.123573786822258,0.0820161368087342,False,-0.00050734,,0.048,0.0541,0.0474,True
6874,2026-06-16T05:02:50.612344-03:00,BCHUSDT,HOLD,4h,10,STRONG,224.8,214.0,closed,227.9,227.3,218.3,214.8,228.2,217.0,228.2,212.5,True,2026-06-17T06:02:38.038626-03:00,0.0604956396479907,0.0214339700128526,False,-2.719e-05,,188.6,227.7,186.4,True
6880,2026-06-16T07:02:47.446109-03:00,POLUSDT,PREBREAK,1h,6,BEST,0.07883,0.07898,closed,0.07905,0.07914,0.07852,0.07694,0.0797,0.07824,0.0797,0.07595,True,2026-06-17T08:02:35.451389-03:00,0.0406092375072275,-0.0426316191885439,False,-9e-07,,0.07675,0.08404,0.07478,True
6877,2026-06-16T07:02:47.446109-03:00,UMAUSDT,HOLD,4h,15,BEST,0.441,0.427,closed,0.437,0.446,0.444,0.433,0.45,0.434,0.472,0.431,True,2026-06-17T08:02:37.197453-03:00,1.0748101544626,0.0647283342794282,True,5e-05,,0.398,0.472,0.391,True
6879,2026-06-16T07:02:47.446109-03:00,WBTCUSDT,PREBREAK,1h,8,WATCH,66431.2,67006.39,closed,66422.68,66483.87,66086.58,64846.5,66803.69,65855.51,66803.69,64497.07,True,2026-06-17T08:02:40.609879-03:00,0.522551889650046,0.0504218427335882,False,,,62411.1,66803.69,61813.14,True
6878,2026-06-16T07:02:47.446109-03:00,LTCUSDT,PREBREAK,1h,8,WATCH,45.57,46.12,closed,45.68,45.6,45.21,45.33,45.76,45.09,46.07,44.41,True,2026-06-17T08:02:38.992544-03:00,0.121744827943771,-0.0167498143158723,False,3.963e-05,,43.45,46.08,42.99,True
6884,2026-06-16T09:02:48.796882-03:00,ROSEUSDT,BREAKOUT,4h,9,WATCH,0.0074,0.00723,closed,0.00724,0.00721,0.00706,0.00697,0.00737,0.00692,0.00773,0.00688,True,2026-06-17T10:02:46.661684-03:00,0.365995787408698,0.0175767752823763,True,1.216e-05,,0.00628,0.00773,0.00612,True
6881,2026-06-16T09:02:48.796882-03:00,JTOUSDT,BREAKOUT,4h,14,BEST,0.8441,0.8232,closed,0.8398,0.8698,0.8091,0.7342,0.8808,0.786,0.8808,0.7329,True,2026-06-17T09:02:50.885891-03:00,1.12018750730925,0.0845429663776906,True,-0.00013602,,0.6246,0.876,0.6037,True
6882,2026-06-16T09:02:48.796882-03:00,INJUSDT,HOLD,4h,10,STRONG,6.027,5.749,closed,5.998,5.923,5.631,5.409,6.023,5.575,6.023,5.377,True,2026-06-17T10:02:44.758722-03:00,0.761205350466245,0.0148473737257276,True,3.724e-05,,4.558,5.933,4.521,True
6885,2026-06-16T09:02:48.796882-03:00,BERAUSDT,COILING,4h,3,BEST,0.263,0.275,closed,0.263,0.262,0.255,0.253,0.264,0.25,0.266,0.25,True,2026-06-17T10:02:48.608648-03:00,0.137832341872642,0.066878371358762,False,5e-05,,0.219,0.266,0.215,True
6883,2026-06-16T09:02:48.796882-03:00,SENTUSDT,BREAKOUT,4h,9,WATCH,0.01721,0.01643,closed,0.01721,0.01725,0.01849,0.018,0.01963,0.01694,0.02139,0.01694,True,2026-06-17T09:02:49.611575-03:00,0.181616347017265,0.0881999618013728,True,5e-05,,0.01415,0.02139,0.01347,True
6886,2026-06-16T10:02:41.755182-03:00,SKYUSDT,PREBREAK,1h,4,WATCH,0.05814,0.05835,closed,0.05797,0.05773,0.0572,0.05894,0.05811,0.0566,0.05902,0.0566,True,2026-06-17T10:02:50.751318-03:00,-0.0261309036134336,0.0518257068194554,False,5e-05,,0.05536,0.06,0.055,True
6887,2026-06-16T12:02:51.651709-03:00,EPICUSDT,BREAKOUT,4h,7,WATCH,0.626,0.559,closed,0.627,0.616,0.627,0.661,0.639,0.6,0.683,0.6,True,2026-06-17T13:03:03.276903-03:00,0.061246613965859,0.0260743087214157,False,5e-05,,0.447,0.752,0.367,True
6888,2026-06-16T13:02:48.964317-03:00,CFGUSDT,BREAKOUT,4h,8,WATCH,0.2338,0.229,closed,0.2364,0.233,0.2343,0.2431,0.2399,0.2252,0.2466,0.2252,True,2026-06-17T13:03:04.610159-03:00,0.184851902344922,0.0112787248037833,True,5e-05,,0.2083,0.2508,0.2078,True
6889,2026-06-16T14:02:44.57047-03:00,JSTUSDT,HOLD,4h,12,STRONG,0.08166,0.07945,closed,0.0821,0.08232,0.08149,0.08239,0.08245,0.08127,0.08315,0.08118,True,2026-06-17T14:02:49.007191-03:00,2.52091054740392,0.0907907013370194,True,5e-05,,0.08336,0.08463,0.07622,True
6892,2026-06-16T17:02:59.187144-03:00,ZBTUSDT,HOLD,4h,10,STRONG,0.1269,0.1209,closed,0.1278,0.1284,0.1288,0.1263,0.1308,0.1255,0.1315,0.1232,True,2026-06-17T18:02:47.255874-03:00,0.345782426419097,0.00205291557079158,False,5e-05,,0.1072,0.1393,0.1064,True
6891,2026-06-16T17:02:59.187144-03:00,UNIUSDT,HOLD,4h,12,STRONG,3.197,2.85,closed,3.241,3.272,3.317,3.204,3.328,3.193,3.729,3.166,True,2026-06-17T18:02:41.916058-03:00,2.29916765769503,0.032731564827375,True,0.0001,,2.909,3.729,2.797,True
6890,2026-06-16T17:02:59.187144-03:00,SENTUSDT,HOLD,4h,13,BEST,0.02128,0.01726,closed,0.02058,0.02028,0.01942,0.01682,0.02122,0.01927,0.02122,0.0165,True,2026-06-17T18:02:44.095351-03:00,0.530300315066018,0.0564105216440641,True,-0.00322623,,0.01413,0.02036,0.01347,True
6894,2026-06-16T21:02:37.162512-03:00,CFXUSDT,BREAKOUT,4h,4,WATCH,0.0501,0.04793,closed,0.04978,0.04919,0.04951,0.05153,0.05032,0.04898,0.0532,0.04898,True,2026-06-17T21:02:40.227467-03:00,0.0614785967556354,-0.0603159864686365,True,6.769e-05,,0.04645,0.0532,0.04521,True
6893,2026-06-16T21:02:37.162512-03:00,VELODROMEUSDT,HOLD,4h,9,WATCH,0.01854,0.01735,closed,0.01831,0.01827,0.01886,0.01783,0.01914,0.01808,0.01984,0.0178,True,2026-06-17T21:02:41.53296-03:00,0.118145109103729,-0.0273463625674399,True,5e-05,,0.02014,0.02388,0.01648,True
6896,2026-06-16T23:02:42.776717-03:00,HEMIUSDT,PREBREAK,1h,5,BEST,0.00561,0.00561,closed,0.00558,0.00556,0.00555,0.00577,0.00563,0.00552,0.00579,0.00543,True,2026-06-18T00:02:37.538948-03:00,-0.256335779249594,-0.0578303270079835,False,5e-05,,0.00517,0.00591,0.00507,True
6895,2026-06-16T23:02:42.776717-03:00,JSTUSDT,HOLD,4h,12,STRONG,0.08259,0.08095,closed,0.08184,0.08214,0.08214,0.08386,0.0827,0.08182,0.08386,0.08156,True,2026-06-18T00:02:35.951363-03:00,12.7788165052443,0.137507365892164,True,5e-05,,0.08318,0.08463,0.07622,True
6897,2026-06-17T01:02:35.273479-03:00,EPICUSDT,HOLD,4h,12,STRONG,0.659,0.567,closed,0.652,0.668,0.672,0.68,0.683,0.641,0.684,0.64,True,2026-06-18T01:02:38.677809-03:00,0.0943376657641339,-0.0019010996807272,True,5e-05,,0.457,0.752,0.367,True
6898,2026-06-17T01:02:35.273479-03:00,PENDLEUSDT,BREAKOUT,4h,8,WATCH,1.477,1.436,closed,1.494,1.493,1.536,1.457,1.539,1.47,1.539,1.418,True,2026-06-18T01:02:37.159414-03:00,0.101577970503548,-0.00401757150292901,True,0.0001,,1.279,1.539,1.267,True
6900,2026-06-17T02:02:44.589127-03:00,HYPERUSDT,HOLD,4h,13,BEST,0.0802,0.0774,closed,0.0809,0.0791,0.0792,0.0775,0.0814,0.0785,0.0831,0.0757,True,2026-06-18T03:02:43.423272-03:00,1.05610615583975,0.053156877884511,True,-6.375e-05,,0.0766,0.0872,0.0741,True
6899,2026-06-17T02:02:44.589127-03:00,UNIUSDT,HOLD,4h,14,BEST,3.543,3.255,closed,3.583,3.529,3.501,3.114,3.729,3.441,3.729,3.106,True,2026-06-18T03:02:44.775152-03:00,26.4616985089594,0.0515755428385433,True,0.0001,,2.913,3.729,2.797,True
6901,2026-06-17T03:02:38.642755-03:00,ESPUSDT,PREBREAK,1h,7,BEST,0.07615,0.07667,closed,0.0752,0.07365,0.07299,0.0674,0.07619,0.07284,0.07619,0.06591,True,2026-06-18T03:02:46.514492-03:00,0.000242141449490531,-0.0394326598552497,False,5e-05,,0.05804,0.07544,0.0579,True
6902,2026-06-17T04:02:47.677215-03:00,IDUSDT,BREAKOUT,4h,7,WATCH,0.0315,0.0291,closed,0.0312,0.0305,0.0336,0.0315,0.0376,0.0301,0.0376,0.0301,True,2026-06-18T05:02:37.838299-03:00,0.136393924359437,0.0259202431544675,False,-0.00688321,,0.0383,0.043,0.0268,True
6903,2026-06-17T05:02:42.292363-03:00,LDOUSDT,HOLD,4h,13,BEST,0.297,0.2864,closed,0.2942,0.2932,0.2842,0.2807,0.2979,0.2826,0.2979,0.2715,True,2026-06-18T05:02:43.51945-03:00,0.329652293561224,0.0341892151563585,True,7.74e-06,,0.2571,0.2971,0.2508,True
6904,2026-06-17T05:02:42.292363-03:00,PENDLEUSDT,HOLD,4h,10,STRONG,1.534,1.436,closed,1.511,1.491,1.465,1.453,1.539,1.458,1.539,1.413,True,2026-06-18T06:02:39.326348-03:00,0.204188296949963,0.0182358187497037,True,8.02e-05,,1.277,1.52,1.267,True
6905,2026-06-17T05:02:42.292363-03:00,BIOUSDT,BREAKOUT,4h,9,WATCH,0.0341,0.03335,closed,0.03315,0.03415,0.0352,0.03581,0.03659,0.03304,0.0366,0.03304,True,2026-06-18T06:02:40.504756-03:00,0.231299656161296,-0.0175654164340364,True,5e-05,,0.0302,0.03872,0.02791,True
6906,2026-06-17T09:02:43.49691-03:00,ZAMAUSDT,BREAKOUT,4h,11,BEST,0.03636,0.03413,closed,0.03649,0.03588,0.03514,0.0343,0.03681,0.03488,0.03681,0.0335,True,2026-06-18T10:02:54.928308-03:00,0.417038369915897,0.0253736112114059,True,5e-05,,0.03365,0.03624,0.0321,True
6907,2026-06-17T09:02:43.49691-03:00,CRVUSDT,COILING,4h,9,BEST,0.2491,0.251,closed,0.2493,0.2434,0.2444,0.2231,0.2528,0.2366,0.2528,0.2208,True,2026-06-18T09:02:45.289857-03:00,1.61422524170252,0.0803968467393988,True,0.0001,,0.2008,0.2454,0.1963,True
6908,2026-06-17T09:02:43.49691-03:00,SKYUSDT,COILING,4h,8,WATCH,0.05839,0.05854,closed,0.05847,0.05894,0.0593,0.05799,0.05951,0.05804,0.05966,0.05536,True,2026-06-18T09:02:43.947137-03:00,0.100545076036404,0.105884898716734,True,5e-05,,0.05535,0.06,0.05462,True
6909,2026-06-17T11:02:53.726949-03:00,GIGGLEUSDT,PREBREAK,1h,6,BEST,29.3,29.39,closed,29.36,29.27,28.77,27.63,29.79,28.72,29.79,27.33,True,2026-06-18T12:02:45.248326-03:00,0.442942354686963,-0.02805359993094,False,5e-05,,25.93,29.79,24.66,True
6917,2026-06-17T13:03:02.219831-03:00,ARBUSDT,COILING,4h,4,BEST,0.0884,0.0899,closed,0.0885,0.0879,0.0849,0.0819,0.0891,0.0842,0.0891,0.0812,True,2026-06-18T14:02:57.357093-03:00,0.0392255974876057,0.0271505805230896,False,0.0001,,0.0739,0.0884,0.073,True
6911,2026-06-17T13:03:02.219831-03:00,REDUSDT,BREAKOUT,4h,13,BEST,0.1045,0.1034,closed,0.1031,0.106,0.1049,0.1005,0.1082,0.1005,0.1098,0.099,True,2026-06-18T14:02:59.03668-03:00,4.10454890746552,0.0794747345035147,True,5e-05,,0.0911,0.1222,0.0902,True
6916,2026-06-17T13:03:02.219831-03:00,BERAUSDT,COILING,4h,5,BEST,0.262,0.275,closed,0.261,0.261,0.246,0.232,0.264,0.243,0.264,0.228,True,2026-06-18T14:02:55.826057-03:00,0.30346066726173,0.0638890242048437,False,5e-05,,0.201,0.264,0.197,True
6910,2026-06-17T13:03:02.219831-03:00,SKYUSDT,BREAKOUT,4h,13,BEST,0.05937,0.05854,closed,0.05933,0.05898,0.058,0.05628,0.05966,0.05736,0.05966,0.05536,True,2026-06-18T14:02:50.367331-03:00,0.176346560642901,0.124191080859858,True,5e-05,,0.05279,0.06,0.05247,True
6914,2026-06-17T13:03:02.219831-03:00,FLOKIUSDT,PREBREAK,1h,7,BEST,2.669e-05,2.695e-05,closed,2.661e-05,2.648e-05,2.578e-05,2.586e-05,2.686e-05,2.571e-05,2.721e-05,2.549e-05,True,2026-06-18T14:02:52.635573-03:00,0.0561350871515875,-0.0176228134677797,False,0.0001,,2.248e-05,2.785e-05,2.232e-05,True
6913,2026-06-17T13:03:02.219831-03:00,CFXUSDT,HOLD,4h,10,STRONG,0.05243,0.04793,closed,0.05179,0.05208,0.05053,0.04754,0.0532,0.05,0.0532,0.04704,True,2026-06-18T14:02:47.150839-03:00,0.497806109049373,-0.020899267866137,True,-1.071e-05,,0.04296,0.0532,0.04264,True
6912,2026-06-17T13:03:02.219831-03:00,ENAUSDT,BREAKOUT,4h,11,BEST,0.0938,0.0905,closed,0.0939,0.0933,0.0916,0.0911,0.0962,0.0902,0.0984,0.0892,True,2026-06-18T14:02:43.961688-03:00,1.03057817889475,0.000842118613172631,True,5e-05,,0.0802,0.0985,0.0794,True
6915,2026-06-17T13:03:02.219831-03:00,AXLUSDT,COILING,4h,4,BEST,0.0481,0.0494,closed,0.0479,0.0481,0.0468,0.0436,0.0484,0.0464,0.0484,0.0432,True,2026-06-18T14:02:54.320666-03:00,0.228985641045398,0.0693541612435152,False,5e-05,,0.0397,0.0483,0.0394,True
6920,2026-06-17T14:02:48.042427-03:00,CRVUSDT,COILING,4h,6,BEST,0.2441,0.251,closed,0.241,0.2388,0.23,0.2177,0.2424,0.2279,0.2424,0.2158,True,2026-06-18T14:03:05.573017-03:00,0.892985106633381,0.0722288581382685,False,0.0001,,0.1886,0.2423,0.1859,True
6921,2026-06-17T14:02:48.042427-03:00,SHIBUSDT,PREBREAK,1h,5,WATCH,5e-06,5.03e-06,closed,5e-06,4.97e-06,4.95e-06,4.67e-06,5.04e-06,4.88e-06,5.04e-06,4.64e-06,True,2026-06-18T14:03:00.731054-03:00,0.00371325069637185,-0.0978495086322329,False,2.315e-05,,4.23e-06,5.04e-06,4.21e-06,True
6919,2026-06-17T14:02:48.042427-03:00,MITOUSDT,BREAKOUT,4h,11,BEST,0.02513,0.02251,closed,0.02797,0.03003,0.02731,0.02519,0.031,0.02677,0.031,0.02478,True,2026-06-18T14:03:03.94697-03:00,3.95951231400565,0.0239603890535275,False,3.685e-05,,0.02467,0.031,0.02292,True
6918,2026-06-17T14:02:48.042427-03:00,2ZUSDT,BREAKOUT,4h,12,BEST,0.0765,0.07569,closed,0.07611,0.07482,0.07477,0.07058,0.07718,0.07362,0.07718,0.06968,True,2026-06-18T14:03:02.443949-03:00,0.31185464466854,0.017522717925907,True,5e-05,,0.06348,0.09304,0.06289,True
6923,2026-06-17T16:02:38.75193-03:00,LTCUSDT,PREBREAK,1h,5,WATCH,45.57,45.98,closed,45.26,44.86,44.9,43.24,45.61,44.38,45.61,42.99,True,2026-06-18T16:02:42.845108-03:00,-0.0396992062113283,-0.0291459877108696,False,2.742e-05,,40.1,46.08,39.32,True
6922,2026-06-17T16:02:38.75193-03:00,BELUSDT,BREAKOUT,4h,13,BEST,0.093,0.0899,closed,0.0998,0.0955,0.0951,0.0959,0.1055,0.0919,0.1055,0.0901,True,2026-06-18T16:02:41.651233-03:00,2.26597119751617,0.106928991399771,True,0.0001,,0.1384,0.23,0.0901,True
6925,2026-06-17T17:02:43.390512-03:00,MITOUSDT,HOLD,4h,10,STRONG,0.02907,0.02251,closed,0.02828,0.02731,0.02893,0.02521,0.02911,0.02683,0.03003,0.02478,True,2026-06-18T18:02:41.721364-03:00,1.69330497143112,0.0103308489084365,True,5e-05,,0.02395,0.03003,0.02292,True
6924,2026-06-17T17:02:43.390512-03:00,ATUSDT,HOLD,4h,15,BEST,0.1559,0.1456,closed,0.1581,0.1534,0.1575,0.1393,0.16,0.1505,0.1672,0.1389,True,2026-06-18T18:02:40.39507-03:00,1.00035509895184,0.108506219283391,True,5e-05,,0.1402,0.1672,0.1349,True
6926,2026-06-17T17:02:43.390512-03:00,SKYUSDT,COILING,4h,5,WATCH,0.05803,0.05854,closed,0.05797,0.05816,0.05695,0.0573,0.05828,0.05536,0.05828,0.05536,True,2026-06-18T18:02:38.955247-03:00,0.0887757630369094,0.104114723682653,True,5e-05,,0.05297,0.06,0.05195,True
6927,2026-06-17T18:02:41.211133-03:00,AXLUSDT,COILING,4h,2,BEST,0.0466,0.0494,closed,0.0469,0.0465,0.0469,0.0448,0.0476,0.0462,0.0476,0.0432,True,2026-06-18T18:02:43.148207-03:00,0.204408213630543,0.0463555853148369,False,5e-05,,0.0409,0.0476,0.0388,True
6928,2026-06-17T19:02:41.893994-03:00,ATUSDT,BREAKOUT,4h,15,BEST,0.1559,0.1456,closed,0.1555,0.1562,0.1564,0.1399,0.1592,0.154,0.1672,0.1389,True,2026-06-18T20:02:36.696341-03:00,1.00035509895184,0.108506219283391,True,5e-05,,0.143,0.1672,0.1349,True
6929,2026-06-17T21:02:39.10461-03:00,SIGNUSDT,HOLD,4h,11,STRONG,0.00953,0.00909,closed,0.00939,0.00931,0.00953,0.00927,0.00977,0.0093,0.00977,0.00868,True,2026-06-18T22:02:35.183902-03:00,0.0913206388942923,0.0667736639618525,True,5e-05,,0.00849,0.0099,0.00791,True
6930,2026-06-17T22:02:43.064672-03:00,CKBUSDT,PREBREAK,1h,9,BEST,0.001146,0.001154,closed,0.00114,0.001148,0.001109,0.001081,0.001151,0.001105,0.001151,0.001057,True,2026-06-18T23:02:34.76701-03:00,0.0380135028199438,-0.00624737907745511,False,0.0001,,0.000952,0.001151,0.00092,True
6931,2026-06-18T05:02:36.905758-03:00,ENJUSDT,BREAKOUT,4h,8,WATCH,0.03802,0.03488,closed,0.03723,0.03717,0.03592,0.03821,0.03873,0.03577,0.03899,0.03361,True,2026-06-19T06:02:37.948515-03:00,0.136991520856196,0.0354192971850106,True,-0.00063827,,0.03049,0.0399,0.02959,True
6932,2026-06-18T08:02:38.697925-03:00,LUMIAUSDT,PREBREAK,1h,7,BEST,0.1035,0.1037,closed,0.1039,0.1051,0.1027,0.1043,0.1057,0.1017,0.1112,0.1006,True,2026-06-19T09:02:43.132838-03:00,0.243053615592925,-0.0359675197658734,False,5e-05,,0.1411,0.1511,0.1006,True
6933,2026-06-18T09:02:41.649129-03:00,ATUSDT,HOLD,4h,14,BEST,0.1642,0.1496,closed,0.1459,0.1449,0.1414,0.1472,0.155,0.1389,0.1555,0.1389,True,2026-06-19T09:02:44.785942-03:00,0.952638830768421,0.083840840965592,True,5e-05,,0.14,0.1555,0.1349,True
6934,2026-06-18T11:02:47.2722-03:00,POLUSDT,PREBREAK,1h,3,WATCH,0.07716,0.0779,closed,0.0779,0.0777,0.07655,0.07901,0.07859,0.07478,0.07907,0.07478,True,2026-06-19T12:02:41.726463-03:00,-0.0355508639754138,0.00270382857750709,False,-2.617e-05,,0.0703,0.08404,0.06827,True
6936,2026-06-18T17:02:37.552521-03:00,HEIUSDT,HOLD,4h,10,STRONG,0.0911,0.0806,closed,0.0912,0.09,0.0932,0.1193,0.0933,0.0875,0.1547,0.0875,True,2026-06-19T17:02:40.354048-03:00,0.182079281187496,0.00764456991934096,True,5e-05,,0.1696,0.1896,0.0811,True
6935,2026-06-18T17:02:37.552521-03:00,SYNUSDT,HOLD,4h,11,STRONG,0.1239,0.099,closed,0.1577,0.1427,0.136,0.1331,0.1612,0.1239,0.1612,0.1098,True,2026-06-19T17:02:38.506263-03:00,0.973310173072537,0.00821519430152105,True,-0.0010253,,0.38413,0.60732,0.1098,True
6937,2026-06-18T17:02:37.552521-03:00,SKYUSDT,COILING,4h,3,BEST,0.05737,0.05966,closed,0.0575,0.05768,0.058,0.05739,0.05808,0.05727,0.05907,0.05727,True,2026-06-19T18:02:38.49941-03:00,0.0329003936486325,0.106324482240443,False,5e-05,,0.05197,0.06,0.05056,True
6938,2026-06-18T22:02:34.009872-03:00,WALUSDT,BREAKOUT,4h,6,WATCH,0.0384,0.036,closed,0.039,0.0394,0.0366,0.0349,0.0403,0.0362,0.0403,0.0348,True,2026-06-19T22:02:42.013079-03:00,0.0207594581826873,0.0855377154127655,False,5e-05,,0.0302,0.0403,0.0288,True
6939,2026-06-18T22:02:34.009872-03:00,SKYUSDT,COILING,4h,4,WATCH,0.05798,0.05966,closed,0.05815,0.05858,0.05851,0.05817,0.05878,0.05793,0.05907,0.05735,True,2026-06-19T22:02:40.736011-03:00,0.0439788482022065,0.119808053380724,False,5e-05,,0.0516,0.06,0.05056,True
6940,2026-06-19T01:02:36.789404-03:00,KERNELUSDT,COILING,4h,5,BEST,0.0535,0.0552,closed,0.0536,0.0534,0.0527,0.0481,0.0625,0.0516,0.0625,0.0478,True,2026-06-20T02:02:37.403292-03:00,0.35946269843532,0.0407525697885597,False,-0.00040024,,0.0396,0.0625,0.0384,True
6941,2026-06-19T02:02:36.066796-03:00,HEIUSDT,HOLD,4h,9,WATCH,0.0963,0.0806,closed,0.1051,0.1043,0.1352,0.1061,0.1453,0.102,0.1547,0.102,True,2026-06-20T02:02:38.990024-03:00,0.208000470204202,0.0126933661554056,True,5e-05,,0.1585,0.1896,0.0811,True
6942,2026-06-19T05:02:35.304882-03:00,SKYUSDT,COILING,4h,5,WATCH,0.05882,0.05966,closed,0.05884,0.059,0.05814,0.05823,0.05907,0.058,0.05907,0.05735,True,2026-06-20T05:02:42.186516-03:00,0.153890614151829,0.145339988873931,False,5e-05,,0.05167,0.06,0.05056,True
6946,2026-06-19T09:02:41.963181-03:00,SKYUSDT,COILING,4h,4,WATCH,0.05806,0.05966,closed,0.05813,0.05787,0.05811,0.05804,0.05822,0.05755,0.0588,0.05735,True,2026-06-20T09:02:45.180645-03:00,0.148411794191104,0.138070813552069,False,5e-05,,0.05016,0.06,0.05012,True
6943,2026-06-19T09:02:41.963181-03:00,ALTUSDT,BREAKOUT,4h,7,WATCH,0.0073,0.0071,closed,0.00708,0.00706,0.007,0.00658,0.00769,0.00697,0.00769,0.00653,True,2026-06-20T09:02:42.087187-03:00,0.0455738284723962,0.00839992270594319,True,-4.46e-06,,0.0056,0.00769,0.0054,True
6945,2026-06-19T09:02:41.963181-03:00,WBTCUSDT,COILING,4h,4,WATCH,62559.51,66328.01,closed,62433.26,62684.52,63178.88,63620.2,63323.41,62266.55,63863.8,62266.55,True,2026-06-20T09:02:46.875442-03:00,0.142766272090446,0.02875932308977,False,,,59102.85,65515.63,58085.41,True
6944,2026-06-19T09:02:41.963181-03:00,PSGUSDT,COILING,4h,5,BEST,0.568,0.579,closed,0.566,0.564,0.556,0.542,0.57,0.556,0.57,0.539,True,2026-06-20T09:02:43.764791-03:00,0.134137710184149,0.0288142177540696,False,,,0.535,0.643,0.504,True
6947,2026-06-19T13:02:37.243517-03:00,BICOUSDT,HOLD,4h,10,STRONG,0.0275,0.0232,closed,0.0308,0.0348,0.034,0.0426,0.0373,0.0278,0.0465,0.0278,True,2026-06-20T13:02:42.604328-03:00,0.814730714048582,0.0111859199907272,True,-0.00027677,,0.01931,0.0668,0.01826,True
6948,2026-06-19T13:02:37.243517-03:00,LUMIAUSDT,BREAKOUT,4h,10,STRONG,0.1166,0.1079,closed,0.1166,0.1188,0.1218,0.1166,0.1298,0.1148,0.1346,0.1148,True,2026-06-20T13:02:40.659987-03:00,0.199770605837291,0.0452966754537851,True,5e-05,,0.1237,0.1511,0.1062,True
6949,2026-06-19T14:02:38.043365-03:00,WBTCUSDT,COILING,4h,4,WATCH,63128.98,66328.01,closed,62954.81,63083.95,63086.8,63910.2,63165.28,62799.92,64221.34,62799.92,True,2026-06-20T14:02:41.140917-03:00,0.318853752388703,0.0451727557547656,False,,,59979.76,65515.63,58085.41,True
6950,2026-06-19T17:02:35.611987-03:00,BELUSDT,HOLD,4h,15,BEST,0.1218,0.1055,closed,0.1203,0.1187,0.1149,0.1616,0.1221,0.1128,0.185,0.1122,True,2026-06-20T17:02:36.523038-03:00,0.834902107855066,0.0489129360569777,False,-0.00116869,,0.194,0.23,0.1122,True
6951,2026-06-19T17:02:35.611987-03:00,FORMUSDT,PREBREAK,1h,6,BEST,0.2392,0.2409,closed,0.2388,0.2374,0.2371,0.2328,0.2397,0.2355,0.2397,0.23,True,2026-06-20T17:02:40.291557-03:00,0.0774843591650501,0.147185668874112,False,5e-05,,0.2182,0.2617,0.2053,True
6952,2026-06-19T17:02:35.611987-03:00,SKYUSDT,COILING,4h,2,WATCH,0.05738,0.05966,closed,0.0575,0.05783,0.05828,0.05835,0.05834,0.05735,0.0585,0.05735,True,2026-06-20T17:02:38.404113-03:00,0.0510118401817597,0.1098820022206,False,-1.573e-05,,0.04999,0.06,0.04963,True
6953,2026-06-19T18:02:37.460756-03:00,FORMUSDT,COILING,4h,4,BEST,0.2392,0.2449,closed,0.2375,0.2364,0.2349,0.2333,0.238,0.2345,0.238,0.23,True,2026-06-20T18:02:43.90098-03:00,0.0774843591650501,0.147185668874112,False,5e-05,,0.2181,0.2617,0.2053,True
6954,2026-06-19T19:02:40.188473-03:00,WBTCUSDT,PREBREAK,1h,13,BEST,63013.48,63323.41,closed,63058.05,63230.82,63462.73,63931.59,63700.14,62993.71,64221.34,62993.71,True,2026-06-20T19:02:41.658851-03:00,0.0992657624508709,0.0499690925011419,False,,,59950.76,65515.63,58085.41,True
6957,2026-06-19T21:02:39.838526-03:00,POLUSDT,HOLD,4h,5,WATCH,0.08103,0.07894,closed,0.08178,0.08182,0.08118,0.07953,0.08293,0.0805,0.08404,0.07947,True,2026-06-20T21:02:43.595764-03:00,-0.0675141984865928,-0.0725371281365681,True,4.063e-05,,0.07175,0.08404,0.06827,True
6956,2026-06-19T21:02:39.838526-03:00,LUMIAUSDT,HOLD,4h,12,STRONG,0.1317,0.118,closed,0.1248,0.1257,0.1275,0.1175,0.131,0.1221,0.131,0.1143,True,2026-06-20T21:02:42.054257-03:00,0.339406125137425,0.0277796831056894,True,5e-05,,0.1238,0.1511,0.1062,True
6955,2026-06-19T21:02:39.838526-03:00,EIGENUSDT,BREAKOUT,4h,13,BEST,0.2483,0.2332,closed,0.2521,0.2572,0.2712,0.2513,0.2845,0.2489,0.2845,0.2411,True,2026-06-20T21:02:40.021976-03:00,0.621338534633899,-0.0105719478667783,True,5e-05,,0.2193,0.3159,0.2097,True
6958,2026-06-19T21:02:39.838526-03:00,WBTCUSDT,COILING,4h,5,WATCH,63542.76,66328.01,closed,63462.65,63435.5,63384.8,64178.32,63700.14,63291.78,64279.95,63116.01,True,2026-06-20T22:02:41.088716-03:00,0.628881568195401,0.2022372986585,False,,,59958.41,65515.63,58085.41,True
6959,2026-06-19T22:02:39.51794-03:00,NEWTUSDT,PREBREAK,1h,9,BEST,0.0522,0.0528,closed,0.0528,0.0548,0.0543,0.0522,0.0551,0.0523,0.0551,0.0518,True,2026-06-20T22:02:42.67275-03:00,0.0703473916393911,0.00871836794156906,False,5e-05,,0.0479,0.0551,0.0449,True
6960,2026-06-19T23:02:40.260622-03:00,FORMUSDT,COILING,4h,2,BEST,0.2367,0.2449,closed,0.2339,0.2333,0.2328,0.2349,0.2351,0.2324,0.2362,0.23,True,2026-06-21T00:02:34.987374-03:00,0.0575193338780409,0.191372522715839,False,5e-05,,0.2166,0.2617,0.2053,True
6961,2026-06-20T02:02:36.518562-03:00,BELUSDT,HOLD,4h,11,STRONG,0.1207,0.1055,closed,0.1244,0.1295,0.1632,0.1562,0.1642,0.1205,0.185,0.1205,True,2026-06-21T02:02:43.296101-03:00,0.87533375914607,0.0575901547074402,False,-0.00020304,,0.1667,0.23,0.1255,True
6963,2026-06-20T02:02:36.518562-03:00,PYTHUSDT,PREBREAK,1h,5,BEST,0.0359,0.0362,closed,0.0362,0.0361,0.0369,0.0363,0.0374,0.0358,0.0374,0.0356,True,2026-06-21T02:02:40.815983-03:00,-0.0651271729587487,0.0617974673308697,False,5e-05,,0.03435,0.0385,0.03093,True
6962,2026-06-20T02:02:36.518562-03:00,AXSUSDT,BREAKOUT,4h,11,BEST,1.132,1.025,closed,1.148,1.126,1.147,1.177,1.188,1.112,1.279,1.112,True,2026-06-21T02:02:42.021014-03:00,1.32772004105733,0.0807309344191213,True,-0.00291013,,0.995,1.279,0.969,True
6964,2026-06-20T05:02:41.300011-03:00,RAREUSDT,BREAKOUT,4h,11,BEST,0.0143,0.0134,closed,0.0137,0.0148,0.015,0.0133,0.0177,0.0136,0.0177,0.0133,True,2026-06-21T05:02:42.941118-03:00,0.322105450814916,0.357435078606708,True,-0.00069753,,0.0124,0.0177,0.0115,True
6965,2026-06-20T08:02:35.24015-03:00,BICOUSDT,BREAKOUT,4h,14,BEST,0.0406,0.0373,closed,0.0434,0.0426,0.0422,0.0508,0.0457,0.0392,0.0668,0.0392,True,2026-06-21T08:02:37.709805-03:00,0.915555482915474,0.0508306428947929,True,-0.00346862,,0.01921,0.0668,0.01826,True
6966,2026-06-20T09:02:41.038167-03:00,WUSDT,BREAKOUT,4h,9,WATCH,0.01048,0.01014,closed,0.01059,0.01022,0.0107,0.01139,0.011,0.0101,0.01151,0.0101,True,2026-06-21T09:02:43.517011-03:00,0.265992170705884,0.0169240691672896,True,5e-05,,0.01019,0.0133,0.00883,True
6967,2026-06-20T11:02:37.749037-03:00,LISTAUSDT,BREAKOUT,4h,13,BEST,0.0557,0.0552,closed,0.0545,0.0545,0.0577,0.0546,0.0581,0.054,0.0584,0.0539,True,2026-06-21T11:02:41.376621-03:00,0.366122796614017,0.126319161378307,True,5e-05,,0.0477,0.0584,0.0461,True
6968,2026-06-20T11:02:37.749037-03:00,DOLOUSDT,BREAKOUT,4h,11,BEST,0.02642,0.02554,closed,0.02681,0.0271,0.02806,0.02467,0.02864,0.02661,0.03055,0.02448,True,2026-06-21T11:02:42.714331-03:00,0.716968496510304,0.0471320535872883,True,5e-05,,0.02328,0.03055,0.02212,True
6970,2026-06-20T12:02:43.08114-03:00,BCHUSDT,PREBREAK,1h,9,BEST,199.0,200.9,closed,199.2,199.8,198.4,198.8,200.8,197.8,200.8,196.9,True,2026-06-21T13:02:50.500064-03:00,0.00679855213958603,-0.116596131549224,False,-6.25e-06,,199.6,205.3,181.0,True
6972,2026-06-20T12:02:43.08114-03:00,LINKUSDT,PREBREAK,1h,7,BEST,7.937,8.017,closed,7.946,7.957,7.89,7.983,8.01,7.866,8.015,7.866,True,2026-06-21T13:02:47.647647-03:00,-0.105967194036336,-0.0655556806664821,False,7.229e-05,,7.454,8.155,7.01,True
6971,2026-06-20T12:02:43.08114-03:00,PEPEUSDT,PREBREAK,1h,8,BEST,2.84e-06,2.87e-06,closed,2.83e-06,2.84e-06,2.81e-06,2.85e-06,2.85e-06,2.8e-06,2.86e-06,2.8e-06,True,2026-06-21T13:02:49.091611-03:00,0.0886300647737719,0.0248654325218972,False,0.0001,,2.45e-06,2.92e-06,2.27e-06,True
6973,2026-06-20T12:02:43.08114-03:00,ETHUSDT,PREBREAK,1h,6,WATCH,1733.48,1733.89,closed,1734.76,1736.92,1725.73,1731.1,1749.55,1721.03,1749.55,1717.14,True,2026-06-21T13:02:46.141678-03:00,-0.0172865603351889,0.0600748964864967,False,3.17e-05,,1605.68,1779.9,1512.0,True
6969,2026-06-20T12:02:43.08114-03:00,MANAUSDT,BREAKOUT,4h,11,BEST,0.074,0.0713,closed,0.0763,0.0774,0.0805,0.0756,0.0816,0.0762,0.0819,0.0744,True,2026-06-21T13:02:44.955109-03:00,2.19503586807952,0.0250379508630154,True,-0.00027395,,0.0655,0.0819,0.0614,True
6981,2026-06-20T13:02:39.022341-03:00,DOTUSDT,PREBREAK,1h,10,BEST,0.969,0.974,closed,0.967,0.966,0.96,0.969,0.968,0.955,0.976,0.955,True,2026-06-21T13:03:00.11177-03:00,0.0267754534104931,-0.0306663576357982,False,-5.609e-05,,0.844,0.979,0.804,True
6980,2026-06-20T13:02:39.022341-03:00,ARBUSDT,PREBREAK,1h,5,BEST,0.084,0.0848,closed,0.0837,0.0834,0.0833,0.0843,0.0838,0.0825,0.0851,0.0825,True,2026-06-21T13:02:51.641801-03:00,0.000186464825328572,-0.0148205617368233,False,-0.00018021,,0.0755,0.087,0.0705,True
6978,2026-06-20T13:02:39.022341-03:00,REDUSDT,HOLD,4h,10,STRONG,0.113,0.11,closed,0.1121,0.1122,0.1142,0.1089,0.1179,0.1109,0.1179,0.1085,True,2026-06-21T13:02:57.686811-03:00,0.268093062855043,-0.0136760369160008,True,9.17e-06,,0.0916,0.1222,0.0861,True
6979,2026-06-20T13:02:39.022341-03:00,FILUSDT,PREBREAK,1h,5,BEST,0.792,0.798,closed,0.791,0.788,0.782,0.813,0.792,0.776,0.826,0.776,True,2026-06-21T13:02:58.843943-03:00,-0.0400055897226577,0.00656163276751984,False,-2.801e-05,,0.75,0.826,0.687,True
6977,2026-06-20T13:02:39.022341-03:00,WUSDT,HOLD,4h,10,STRONG,0.01074,0.01009,closed,0.01058,0.01057,0.01051,0.01132,0.01071,0.01048,0.0116,0.01024,True,2026-06-21T13:02:56.419772-03:00,0.560635351700381,0.00600976001566244,True,5e-05,,0.01034,0.0133,0.00883,True
6976,2026-06-20T13:02:39.022341-03:00,DOLOUSDT,HOLD,4h,13,BEST,0.02734,0.02554,closed,0.02783,0.02795,0.02879,0.02471,0.02905,0.02721,0.03055,0.02448,True,2026-06-21T13:02:55.253975-03:00,0.886637463728683,0.0260952432116566,True,5e-05,,0.02334,0.03055,0.02212,True
6974,2026-06-20T13:02:39.022341-03:00,SANDUSDT,HOLD,4h,13,BEST,0.06062,0.05673,closed,0.06003,0.06029,0.06065,0.05707,0.06387,0.05874,0.06443,0.05692,True,2026-06-21T13:02:52.800242-03:00,6.07776669861261,0.0713590413961964,True,-0.00052607,,0.04793,0.06443,0.045,True
6975,2026-06-20T13:02:39.022341-03:00,MANAUSDT,HOLD,4h,13,BEST,0.0777,0.0717,closed,0.0775,0.079,0.0794,0.0755,0.0816,0.0766,0.0819,0.0744,True,2026-06-21T13:02:54.068024-03:00,4.21770366748733,0.0466108929205152,True,-0.00038204,,0.0652,0.0819,0.0614,True
6986,2026-06-20T14:02:40.439502-03:00,ETHUSDT,COILING,4h,4,WATCH,1740.63,1762.99,closed,1729.27,1729.42,1731.39,1728.95,1733.09,1721.03,1746.17,1717.14,True,2026-06-21T14:02:41.964031-03:00,0.0311458410814497,0.0638442811083602,False,3.209e-05,,1591.42,1779.9,1512.0,True
6982,2026-06-20T14:02:40.439502-03:00,JUPUSDT,BREAKOUT,4h,15,BEST,0.2055,0.2023,closed,0.2049,0.2038,0.2043,0.2243,0.2071,0.2014,0.2271,0.2014,True,2026-06-21T14:02:45.364863-03:00,1.16725350564469,0.0317674053920419,True,-3.297e-05,,0.2296,0.2364,0.1944,True
6984,2026-06-20T14:02:40.439502-03:00,WBTCUSDT,COILING,4h,6,WATCH,64062.86,64719.59,closed,63819.1,63823.83,63864.71,64058.06,63939.09,63617.13,64487.31,63617.13,True,2026-06-21T14:02:40.491759-03:00,1.00265298615895,0.195753797836604,False,,,60439.62,65515.63,58085.41,True
6983,2026-06-20T14:02:40.439502-03:00,CAKEUSDT,COILING,4h,7,BEST,1.381,1.409,closed,1.369,1.366,1.368,1.388,1.372,1.362,1.416,1.362,True,2026-06-21T15:02:36.314724-03:00,0.273074747287245,0.0329677099182793,False,4.64e-05,,1.332,1.416,1.255,True
6985,2026-06-20T14:02:40.439502-03:00,NIGHTUSDT,HOLD,4h,5,WATCH,0.03256,0.0321,closed,0.03211,0.03194,0.03214,0.03291,0.03224,0.03181,0.03329,0.03181,True,2026-06-21T14:02:43.690707-03:00,-0.238208682884951,-0.0863875586990174,False,5e-05,,0.03084,0.03404,0.02998,True
6987,2026-06-20T17:02:35.649814-03:00,ALICEUSDT,BREAKOUT,4h,11,BEST,0.1601,0.1516,closed,0.1589,0.1588,0.1649,0.1403,0.1773,0.1524,0.2029,0.1371,True,2026-06-21T17:02:40.803441-03:00,0.985189270737063,0.0163442025423968,True,-0.00400084,,0.1148,0.2029,0.1125,True
6988,2026-06-20T20:02:34.739549-03:00,SKYUSDT,PREBREAK,1h,13,BEST,0.05826,0.0585,closed,0.05822,0.05803,0.05807,0.05899,0.0586,0.05803,0.0599,0.05803,True,2026-06-21T20:02:36.869322-03:00,-0.10273937640791,-0.0130350496885269,False,5e-05,,0.04927,0.06,0.04859,True
6989,2026-06-20T21:02:37.46619-03:00,TNSRUSDT,HOLD,4h,13,BEST,0.0309,0.0297,closed,0.0307,0.0309,0.0336,0.0463,0.0346,0.0306,0.0557,0.0306,True,2026-06-21T21:02:43.85255-03:00,1.10491502357527,0.0649329432394157,True,5e-05,,0.0356,0.0557,0.0309,True
6990,2026-06-20T21:02:37.46619-03:00,BICOUSDT,HOLD,4h,12,STRONG,0.0627,0.0465,closed,0.0619,0.0617,0.0635,0.044,0.0654,0.0592,0.0654,0.0427,True,2026-06-21T21:02:42.34281-03:00,0.842330138138139,0.0386470583833029,True,-0.000387,,0.02061,0.0654,0.01826,True
6993,2026-06-21T01:02:37.424202-03:00,SOLUSDT,HOLD,4h,11,STRONG,73.63,72.62,closed,73.6,73.5,73.19,73.47,73.84,73.01,74.99,72.31,True,2026-06-22T01:02:43.870388-03:00,0.16967785615891,0.0791796731506754,False,4.438e-05,,70.77,75.0,64.04,True
6992,2026-06-21T01:02:37.424202-03:00,JUPUSDT,HOLD,4h,12,STRONG,0.2217,0.2075,closed,0.2197,0.2196,0.2151,0.2135,0.2229,0.2118,0.2271,0.2118,True,2026-06-22T01:02:39.935008-03:00,1.32226919016664,0.0700553248960352,True,3.643e-05,,0.2161,0.2364,0.1944,True
6991,2026-06-21T01:02:37.424202-03:00,TNSRUSDT,BREAKOUT,4h,13,BEST,0.0344,0.0335,closed,0.0323,0.0313,0.0484,0.0453,0.054,0.0313,0.0557,0.0313,True,2026-06-22T01:02:41.754132-03:00,2.54813322639923,0.103106635650474,True,-8.028e-05,,0.0358,0.0557,0.0313,True
6994,2026-06-21T03:02:39.900789-03:00,TONUSDT,PREBREAK,1h,6,BEST,1.649,1.653,closed,1.65,1.662,1.691,1.631,1.696,1.639,1.714,1.623,True,2026-06-22T04:02:43.446973-03:00,0.0341710837943871,0.0496614371552585,False,5e-05,,1.547,1.751,1.511,True
6995,2026-06-21T03:02:39.900789-03:00,KITEUSDT,PREBREAK,1h,6,BEST,0.1687,0.1687,closed,0.1681,0.1683,0.1669,0.1673,0.1691,0.1668,0.1699,0.1634,True,2026-06-22T03:02:40.419812-03:00,-0.0963112306414926,-0.0488442117498468,False,5e-05,,0.1235,0.1699,0.1233,True
6998,2026-06-21T05:02:41.814798-03:00,SAGAUSDT,COILING,4h,5,BEST,0.01393,0.01429,closed,0.01397,0.01445,0.01498,0.01571,0.01546,0.0139,0.01791,0.0139,True,2026-06-22T05:02:45.86584-03:00,0.200828611676005,0.0440557788892083,False,5e-05,,0.01306,0.01791,0.01242,True
6996,2026-06-21T05:02:41.814798-03:00,MMTUSDT,HOLD,4h,12,STRONG,0.1613,0.152,closed,0.1595,0.1612,0.1595,0.1761,0.1808,0.1551,0.1808,0.147,True,2026-06-22T05:02:44.045361-03:00,0.148301583518665,0.103280856309925,True,-6.049e-05,,0.2001,0.2129,0.147,True
6999,2026-06-21T05:02:41.814798-03:00,HOLOUSDT,COILING,4h,5,BEST,0.0712,0.0728,closed,0.0709,0.0702,0.0706,0.0668,0.0723,0.0699,0.0723,0.0654,True,2026-06-22T05:02:42.20233-03:00,0.0570530134333173,0.0954286720695688,False,-3.366e-05,,0.0683,0.0723,0.0624,True
6997,2026-06-21T05:02:41.814798-03:00,TONUSDT,COILING,4h,8,BEST,1.687,1.695,closed,1.685,1.674,1.682,1.66,1.696,1.667,1.714,1.623,True,2026-06-22T05:02:48.889505-03:00,0.305476077445247,0.0881872434611286,True,5e-05,,1.556,1.751,1.511,True
7000,2026-06-21T05:02:41.814798-03:00,ARUSDT,PREBREAK,1h,2,WATCH,2.032,2.047,closed,2.018,2.021,2.017,1.988,2.038,2.009,2.043,1.951,True,2026-06-22T05:02:47.54125-03:00,-0.0424706084497183,0.0221819536956958,False,7.627e-05,,1.854,2.061,1.748,True
7001,2026-06-21T06:02:49.694869-03:00,MMTUSDT,BREAKOUT,4h,12,BEST,0.1613,0.152,closed,0.1581,0.1566,0.1547,0.1779,0.1808,0.1498,0.1808,0.147,True,2026-06-22T07:02:42.903752-03:00,0.148301583518665,0.103280856309925,True,-6.049e-05,,0.1985,0.2129,0.147,True
7002,2026-06-21T06:02:49.694869-03:00,HBARUSDT,PREBREAK,1h,5,WATCH,0.0799,0.08082,closed,0.07984,0.07994,0.07996,0.07929,0.0802,0.07969,0.08045,0.07801,True,2026-06-22T07:02:41.061539-03:00,0.0111799159392999,-0.038060291963272,False,-7.3e-07,,0.07137,0.08063,0.07066,True
7003,2026-06-21T08:02:36.61009-03:00,PYTHUSDT,PREBREAK,1h,6,BEST,0.0371,0.0375,closed,0.0371,0.0369,0.037,0.0372,0.0373,0.0366,0.0385,0.0355,True,2026-06-22T08:02:38.474733-03:00,0.0563995267918231,0.0249941901618025,False,1.463e-05,,0.03396,0.0385,0.03093,True
7008,2026-06-21T09:02:42.152237-03:00,PYTHUSDT,COILING,4h,4,BEST,0.0369,0.0377,closed,0.0367,0.0372,0.0373,0.0378,0.0375,0.0366,0.0385,0.0355,True,2026-06-22T09:02:53.752872-03:00,0.108519186125263,0.0612326200400652,False,2.79e-05,,0.03385,0.0385,0.03093,True
7004,2026-06-21T09:02:42.152237-03:00,TNSRUSDT,HOLD,4h,12,STRONG,0.0524,0.0345,closed,0.0537,0.0511,0.0436,0.0408,0.0557,0.0431,0.0557,0.0395,True,2026-06-22T09:02:49.882693-03:00,1.26873917701312,0.0279350786657827,True,-0.00643742,,0.0347,0.0536,0.0327,True
7007,2026-06-21T09:02:42.152237-03:00,FILUSDT,COILING,4h,6,BEST,0.806,0.808,closed,0.802,0.808,0.813,0.811,0.826,0.799,0.826,0.78,True,2026-06-22T09:02:46.283837-03:00,0.0455953118870599,0.0507495116791225,False,7.65e-05,,0.726,0.826,0.687,True
7006,2026-06-21T09:02:42.152237-03:00,WUSDT,BREAKOUT,4h,10,STRONG,0.01144,0.011,closed,0.01131,0.01112,0.01133,0.01264,0.0116,0.01095,0.0133,0.01087,True,2026-06-22T09:02:51.739779-03:00,0.760397606115515,0.015560945653698,True,5e-05,,0.00968,0.0133,0.00883,True
7005,2026-06-21T09:02:42.152237-03:00,BROCCOLI714USDT,BREAKOUT,4h,11,BEST,0.01352,0.01241,closed,0.0137,0.01373,0.01354,0.01306,0.01385,0.0129,0.01397,0.01285,True,2026-06-22T09:02:48.008902-03:00,4.46638296199937,0.00568589274701318,True,5e-05,,0.01174,0.01397,0.01094,True
7010,2026-06-21T10:02:41.839649-03:00,WLFIUSDT,PREBREAK,1h,8,BEST,0.0588,0.059,closed,0.0588,0.0588,0.0593,0.0592,0.0595,0.0583,0.0613,0.0583,True,2026-06-22T10:02:56.436358-03:00,-0.0739399901277211,-0.0760428288828024,False,5e-05,,0.0579,0.0622,0.056,True
7011,2026-06-21T10:02:41.839649-03:00,TONUSDT,COILING,4h,5,BEST,1.682,1.695,closed,1.698,1.689,1.708,1.672,1.714,1.679,1.714,1.623,True,2026-06-22T10:02:53.624529-03:00,0.13712485891361,0.0699726079025846,False,5e-05,,1.557,1.751,1.511,True
7009,2026-06-21T10:02:41.839649-03:00,BNBUSDT,PREBREAK,1h,9,WATCH,587.08,591.83,closed,588.37,588.17,590.47,599.85,590.5,586.77,601.0,583.6,True,2026-06-22T10:02:54.942822-03:00,0.0345105642940575,0.133643267189657,False,0.0,,555.28,602.31,540.6,True
7013,2026-06-21T13:02:43.734566-03:00,EDUUSDT,HOLD,4h,13,BEST,0.0309,0.0295,closed,0.0311,0.0307,0.0303,0.0296,0.0313,0.03,0.0313,0.029,True,2026-06-22T13:02:54.34159-03:00,0.383172763817658,0.0636509974990726,False,0.0001,,0.0308,0.0323,0.0272,True
7015,2026-06-21T13:02:43.734566-03:00,RESOLVUSDT,BREAKOUT,4h,11,BEST,0.0238,0.0214,closed,0.0257,0.0256,0.0224,0.0211,0.028,0.0223,0.028,0.0187,True,2026-06-22T13:02:56.331938-03:00,1.019179364821,-0.0163494973250727,True,-0.00247198,,0.0195,0.0291,0.0183,True
7017,2026-06-21T13:02:43.734566-03:00,BERAUSDT,COILING,4h,6,BEST,0.239,0.24,closed,0.238,0.238,0.238,0.234,0.24,0.235,0.241,0.229,True,2026-06-22T13:03:00.144808-03:00,0.297533961779353,0.08659656074206,False,3.708e-05,,0.213,0.241,0.188,True
7012,2026-06-21T13:02:43.734566-03:00,SAGAUSDT,HOLD,4h,13,BEST,0.01596,0.01429,closed,0.01741,0.01672,0.01643,0.01536,0.01791,0.0159,0.01791,0.01459,True,2026-06-22T13:02:52.252816-03:00,4.57130674126096,0.0347582772651385,True,-0.00028322,,0.01316,0.01713,0.01242,True
7016,2026-06-21T13:02:43.734566-03:00,NEIROUSDT,BREAKOUT,4h,9,WATCH,7.113e-05,6.846e-05,closed,7.222e-05,7.031e-05,6.92e-05,6.881e-05,7.265e-05,6.917e-05,7.265e-05,6.667e-05,True,2026-06-22T13:02:48.2917-03:00,0.441673725966979,0.0449415616256052,True,3.906e-05,,6.088e-05,7.09e-05,5.6e-05,True
7014,2026-06-21T13:02:43.734566-03:00,SOLUSDT,HOLD,4h,12,STRONG,74.14,72.62,closed,73.93,74.35,74.36,73.01,74.68,73.8,75.0,72.31,True,2026-06-22T13:02:50.206031-03:00,0.225172234732899,0.0487220749397044,True,7.45e-06,,71.56,75.0,64.04,True
7018,2026-06-21T13:02:43.734566-03:00,DOTUSDT,PREBREAK,1h,7,BEST,0.971,0.976,closed,0.965,0.965,0.964,0.957,0.97,0.957,0.979,0.94,True,2026-06-22T13:02:58.313018-03:00,0.0846609678092434,0.00293918465876215,False,0.0001,,0.809,0.979,0.799,True
7020,2026-06-21T14:02:38.007223-03:00,LTCUSDT,PREBREAK,1h,6,WATCH,45.36,45.38,closed,45.39,45.11,44.99,45.03,45.48,44.97,45.84,44.39,True,2026-06-22T14:02:49.657551-03:00,0.119020626467699,-0.0242409987960903,True,6.487e-05,,42.82,45.84,39.28,True
7022,2026-06-21T14:02:38.007223-03:00,PYTHUSDT,COILING,4h,4,BEST,0.0373,0.0377,closed,0.037,0.0367,0.0365,0.037,0.0371,0.0364,0.0385,0.0355,True,2026-06-22T14:02:47.87975-03:00,0.105501312697086,0.065352736079902,False,5e-05,,0.03387,0.0385,0.03093,True
7021,2026-06-21T14:02:38.007223-03:00,GIGGLEUSDT,PREBREAK,1h,6,BEST,26.81,26.92,closed,26.85,26.69,26.64,26.35,26.91,26.62,26.92,26.07,True,2026-06-22T14:02:53.418413-03:00,-0.000796564966613612,-0.0319637169707129,False,5e-05,,24.88,27.81,23.32,True
7019,2026-06-21T14:02:38.007223-03:00,WBTCUSDT,PREBREAK,1h,12,BEST,64055.63,64487.31,closed,64091.45,63932.55,63746.27,64609.51,64187.88,63639.61,65515.63,63207.57,True,2026-06-22T14:02:51.53088-03:00,0.304480019191514,0.062295991587918,False,,,59509.75,65515.63,58085.41,True
7023,2026-06-21T15:02:35.471169-03:00,TONUSDT,COILING,4h,6,BEST,1.694,1.695,closed,1.688,1.684,1.654,1.685,1.7,1.634,1.7,1.623,True,2026-06-22T15:02:46.968575-03:00,0.3354114738973,0.0666391630327078,True,8.86e-05,,1.548,1.751,1.511,True
7024,2026-06-21T17:02:39.508567-03:00,CITYUSDT,COILING,4h,5,BEST,0.4,0.409,closed,0.398,0.398,0.397,0.389,0.4,0.394,0.404,0.387,True,2026-06-22T17:02:41.680992-03:00,1.52692517988536,0.0373475385253869,False,,,0.376,0.515,0.355,True
7025,2026-06-21T19:02:38.323951-03:00,ETHUSDT,PREBREAK,1h,8,WATCH,1718.6,1739.32,closed,1717.3,1712.5,1740.69,1735.11,1759.84,1704.25,1779.9,1704.25,True,2026-06-22T19:02:41.673662-03:00,0.03178404309748,0.0209513589471075,False,7.57e-06,,1557.09,1779.9,1512.0,True
7026,2026-06-21T19:02:38.323951-03:00,BTCUSDT,PREBREAK,1h,8,WATCH,63808.01,64483.95,closed,63729.05,63675.99,64531.99,64382.02,64823.52,63270.0,65622.83,63270.0,True,2026-06-22T19:02:43.560581-03:00,0.0652628460996884,-0.0207680196136252,False,4.189e-05,,59067.01,65622.83,58115.01,True
7027,2026-06-21T19:02:38.323951-03:00,PEPEUSDT,PREBREAK,1h,7,BEST,2.82e-06,2.85e-06,closed,2.81e-06,2.8e-06,2.84e-06,2.83e-06,2.88e-06,2.78e-06,2.92e-06,2.78e-06,True,2026-06-22T19:02:40.105236-03:00,-0.00597806636959981,-0.0324092604918221,False,1.609e-05,,2.33e-06,2.92e-06,2.27e-06,True
7028,2026-06-21T20:02:35.760904-03:00,TONUSDT,COILING,4h,3,BEST,1.677,1.696,closed,1.646,1.645,1.631,1.688,1.653,1.627,1.718,1.623,True,2026-06-22T20:02:42.41487-03:00,0.269991798769589,0.0660624390140262,False,0.00046036,,1.589,1.751,1.511,True
7029,2026-06-21T21:02:41.514447-03:00,HMSTRUSDT,BREAKOUT,4h,11,BEST,0.0001839,0.0001712,closed,0.0001845,0.000189,0.0001927,0.0001669,0.0001979,0.0001819,0.00022,0.0001647,True,2026-06-22T22:02:36.834182-03:00,1.3543226141924,0.0112053589665061,True,-2.926e-05,,0.0001745,0.00022,0.0001392,True
7030,2026-06-21T21:02:41.514447-03:00,BERAUSDT,COILING,4h,1,BEST,0.23,0.243,closed,0.232,0.234,0.23,0.228,0.236,0.23,0.241,0.224,True,2026-06-22T22:02:34.940521-03:00,0.0591478204521214,0.0759330239307675,False,1.754e-05,,0.209,0.241,0.188,True
7032,2026-06-21T22:02:43.97548-03:00,WBTCUSDT,PREBREAK,1h,5,WATCH,63825.63,64427.68,closed,63940.57,64420.91,64022.7,64177.68,64719.0,63784.9,65515.63,63746.63,True,2026-06-22T23:02:36.592558-03:00,-0.0231698016939498,0.0965700654596191,False,,,59407.84,65515.63,58085.41,True
7031,2026-06-21T22:02:43.97548-03:00,AAVEUSDT,PREBREAK,1h,7,BEST,75.87,76.05,closed,75.75,75.88,75.62,75.37,76.96,74.79,77.05,74.51,True,2026-06-22T23:02:38.234657-03:00,-0.0213881959241309,0.0265418233883298,False,4.452e-05,,91.28,99.22,70.54,True
7034,2026-06-21T23:02:44.008926-03:00,KATUSDT,PREBREAK,1h,5,BEST,0.00547,0.00553,closed,0.00546,0.00545,0.00547,0.00533,0.00558,0.00543,0.00558,0.00531,True,2026-06-23T00:02:40.056892-03:00,-0.0762739089777218,0.0221937686227398,False,-0.00014326,,0.0049,0.00572,0.00468,True
7033,2026-06-21T23:02:44.008926-03:00,KITEUSDT,PREBREAK,1h,7,BEST,0.1663,0.1683,closed,0.1661,0.1658,0.1672,0.1649,0.1675,0.1648,0.1675,0.163,True,2026-06-23T00:02:37.239648-03:00,0.147227206015423,0.0715216758542014,False,5e-05,,0.1221,0.1675,0.1186,True
7035,2026-06-21T23:02:44.008926-03:00,LINKUSDT,PREBREAK,1h,3,WATCH,7.963,8.011,closed,7.945,7.894,7.949,7.88,7.958,7.857,8.155,7.821,True,2026-06-23T00:02:38.548275-03:00,-0.0289926466636483,-0.043003185145515,False,6.14e-05,,7.302,8.155,7.01,True
7038,2026-06-22T01:02:38.801614-03:00,FILUSDT,COILING,4h,3,BEST,0.806,0.826,closed,0.807,0.805,0.807,0.802,0.811,0.801,0.819,0.78,True,2026-06-23T01:02:44.037438-03:00,0.103520652155495,0.0367438328771707,False,-8.645e-05,,0.72,0.819,0.687,True
7037,2026-06-22T01:02:38.801614-03:00,BNBUSDT,COILING,4h,5,WATCH,590.05,592.56,closed,589.87,590.13,594.03,591.46,595.03,589.33,602.31,587.88,True,2026-06-23T01:02:45.220761-03:00,0.0690955303278509,0.0545324562052619,False,0.0,,551.33,602.31,540.6,True
7036,2026-06-22T01:02:38.801614-03:00,HMSTRUSDT,HOLD,4h,10,STRONG,0.0001937,0.0001742,closed,0.000192,0.000195,0.0001883,0.0001693,0.00022,0.0001867,0.00022,0.0001647,True,2026-06-23T01:02:42.633831-03:00,4.77243875323412,0.0116093197109328,True,1.125e-05,,0.0001739,0.00022,0.0001392,True
7039,2026-06-22T02:02:34.98605-03:00,BERAUSDT,COILING,4h,1,BEST,0.23,0.243,closed,0.232,0.231,0.232,0.226,0.236,0.23,0.241,0.224,True,2026-06-23T02:02:37.508959-03:00,0.0603448055315997,0.0912369051575157,False,5e-05,,0.209,0.241,0.188,True
7040,2026-06-22T03:02:37.628746-03:00,HMSTRUSDT,BREAKOUT,4h,10,STRONG,0.0001937,0.0001742,closed,0.000208,0.0002051,0.000194,0.0001741,0.00022,0.0001848,0.00022,0.0001647,True,2026-06-23T04:02:38.031825-03:00,4.77243875323412,0.0116093197109328,True,1.125e-05,,0.0001749,0.0002103,0.0001392,True
7041,2026-06-22T04:02:41.849246-03:00,SKYUSDT,PREBREAK,1h,8,WATCH,0.05934,0.06,closed,0.05929,0.05898,0.05897,0.05824,0.05935,0.05857,0.06,0.05823,True,2026-06-23T05:02:46.611311-03:00,0.133236879959873,0.0444163348195726,True,5e-05,,0.05002,0.06,0.04859,True
7043,2026-06-22T05:02:41.186801-03:00,VICUSDT,BREAKOUT,4h,7,WATCH,0.0411,0.0388,closed,0.045,0.0433,0.0381,0.0386,0.0468,0.0375,0.0468,0.036,True,2026-06-23T05:02:49.88324-03:00,0.0878005223643532,-0.0795623313725878,True,-5.309e-05,,0.0389,0.0445,0.036,True
7044,2026-06-22T05:02:41.186801-03:00,WBTCUSDT,COILING,4h,7,WATCH,64136.51,64487.31,closed,64212.67,64109.09,64607.37,62790.43,64756.53,63964.06,65515.63,62388.31,True,2026-06-23T05:02:48.182338-03:00,0.315621494572592,0.0500560944072599,True,,,59727.39,65515.63,58085.41,True
7042,2026-06-22T05:02:41.186801-03:00,SYNUSDT,HOLD,4h,11,STRONG,0.2488,0.1972,closed,0.2611,0.271,0.2853,0.2667,0.3028,0.2472,0.3166,0.2168,True,2026-06-23T05:02:51.402539-03:00,0.443544068892186,0.00904203708217188,True,-0.00276065,,0.41118,0.60732,0.2168,True
7045,2026-06-22T09:02:45.203855-03:00,DYDXUSDT,BREAKOUT,4h,11,BEST,0.13277,0.12807,closed,0.13239,0.13535,0.1362,0.13159,0.13979,0.13065,0.13979,0.126,True,2026-06-23T10:02:40.023688-03:00,0.607678199474127,0.00897085372599287,True,7.693e-05,,0.16325,0.16633,0.126,True
7048,2026-06-22T09:02:45.203855-03:00,ATOMUSDT,COILING,4h,7,BEST,1.827,1.829,closed,1.826,1.829,1.802,1.772,1.838,1.794,1.838,1.726,True,2026-06-23T10:02:46.710616-03:00,0.134328887615289,0.0413860512137291,False,-0.00015939,,1.562,1.835,1.548,True
7050,2026-06-22T09:02:45.203855-03:00,BERAUSDT,COILING,4h,5,BEST,0.239,0.243,closed,0.239,0.24,0.234,0.221,0.241,0.233,0.241,0.215,True,2026-06-23T09:02:48.027341-03:00,0.16375973792115,0.109448612347039,False,5e-05,,0.212,0.241,0.188,True
7046,2026-06-22T09:02:45.203855-03:00,LINKUSDT,BREAKOUT,4h,8,WATCH,8.087,8.023,closed,8.082,8.108,7.965,7.609,8.155,7.955,8.155,7.479,True,2026-06-23T10:02:43.345706-03:00,0.0587085277097833,0.0176861711268498,True,4.938e-05,,7.318,8.155,7.01,True
7052,2026-06-22T09:02:45.203855-03:00,ORCAUSDT,COILING,4h,5,BEST,1.234,1.266,closed,1.238,1.239,1.225,1.172,1.247,1.221,1.257,1.13,True,2026-06-23T09:02:51.230138-03:00,0.0875214932356125,0.0812076239814518,False,-1.735e-05,,1.202,1.349,1.052,True
7051,2026-06-22T09:02:45.203855-03:00,PHAUSDT,COILING,4h,6,BEST,0.0393,0.0402,closed,0.0392,0.0391,0.0389,0.0365,0.0398,0.0388,0.0398,0.0356,True,2026-06-23T09:02:49.687619-03:00,0.0426069845188545,0.0335609797840402,False,4.462e-05,,0.03,0.0398,0.0297,True
7053,2026-06-22T09:02:45.203855-03:00,HYPERUSDT,COILING,4h,6,BEST,0.0833,0.0839,closed,0.0832,0.0831,0.0812,0.0803,0.0846,0.0809,0.0846,0.0757,True,2026-06-23T10:02:41.759193-03:00,0.149069044783184,0.0693657635207771,False,5e-05,,0.081,0.0849,0.0712,True
7047,2026-06-22T09:02:45.203855-03:00,SHIBUSDT,PREBREAK,1h,8,WATCH,4.72e-06,4.73e-06,closed,4.72e-06,4.75e-06,4.68e-06,4.52e-06,4.77e-06,4.68e-06,4.77e-06,4.47e-06,True,2026-06-23T10:02:45.077371-03:00,0.0121239899019565,-0.12904881322903,False,-6.24e-06,,4.21e-06,4.77e-06,4.05e-06,True
7049,2026-06-22T09:02:45.203855-03:00,SOLUSDT,PREBREAK,1h,6,BEST,74.17,74.99,closed,74.06,74.36,73.03,69.35,75.0,72.96,75.0,68.16,True,2026-06-23T09:02:46.274964-03:00,0.227293650162932,-0.0181968879959163,False,-4.305e-05,,73.52,75.0,64.04,True
7058,2026-06-22T10:02:52.371895-03:00,SKYUSDT,COILING,4h,5,WATCH,0.05934,0.06,closed,0.05958,0.05986,0.05974,0.05678,0.06,0.05933,0.06,0.05669,True,2026-06-23T11:02:47.309434-03:00,0.234777531192947,0.0531255286884447,False,1.273e-05,,0.0514,0.06,0.04859,True
7056,2026-06-22T10:02:52.371895-03:00,WIFUSDT,COILING,4h,6,BEST,0.1685,0.1687,closed,0.1695,0.172,0.1693,0.1563,0.1729,0.1675,0.1729,0.1537,True,2026-06-23T11:02:49.431506-03:00,0.0890428396218566,0.0473258072611724,True,5e-05,,0.1809,0.1862,0.1368,True
7055,2026-06-22T10:02:52.371895-03:00,XLMUSDT,PREBREAK,1h,6,BEST,0.2153,0.2172,closed,0.2148,0.2157,0.207,0.1925,0.2162,0.2056,0.2162,0.1907,True,2026-06-23T10:02:54.735241-03:00,0.0230544338318778,-0.0215551584343223,False,-0.00014285,,0.1737,0.2162,0.1688,True
7057,2026-06-22T10:02:52.371895-03:00,LDOUSDT,COILING,4h,5,BEST,0.2783,0.2861,closed,0.279,0.2811,0.2757,0.2541,0.2825,0.2737,0.2825,0.2508,True,2026-06-23T11:02:51.384526-03:00,0.125533490873991,0.0355513175341029,False,2.959e-05,,0.251,0.2825,0.2341,True
7054,2026-06-22T10:02:52.371895-03:00,ENAUSDT,BREAKOUT,4h,11,BEST,0.0964,0.0942,closed,0.0973,0.0969,0.0953,0.0848,0.0985,0.0942,0.0985,0.0843,True,2026-06-23T10:02:53.121614-03:00,6.2107435732352,-0.0393645534817088,False,5e-05,,0.0806,0.0985,0.0747,True
7060,2026-06-22T12:02:51.038011-03:00,BNBUSDT,PREBREAK,1h,6,WATCH,597.96,601.0,closed,598.01,595.52,593.91,573.44,599.38,592.58,599.38,570.57,True,2026-06-23T13:02:51.037875-03:00,0.121917509015274,0.0590623243516458,False,0.0,,551.97,597.0,540.6,True
7059,2026-06-22T12:02:51.038011-03:00,QNTUSDT,PREBREAK,1h,10,BEST,71.67,72.11,closed,71.79,70.83,70.19,71.46,72.18,70.0,72.18,66.91,True,2026-06-23T13:02:47.201417-03:00,0.137329839027724,-0.0951440206273141,False,1.284e-05,,65.6,72.0,63.2,True
7061,2026-06-22T12:02:51.038011-03:00,ALGOUSDT,PREBREAK,1h,5,BEST,0.091,0.092,closed,0.0907,0.0902,0.0898,0.094,0.0913,0.0896,0.0966,0.0882,True,2026-06-23T13:02:48.876487-03:00,0.0424601829273363,-0.0324523005764997,False,-3.634e-05,,0.0858,0.0966,0.0809,True
7062,2026-06-22T13:02:47.356699-03:00,LUMIAUSDT,BREAKOUT,4h,11,BEST,0.1412,0.1346,closed,0.141,0.1381,0.1394,0.1195,0.144,0.133,0.144,0.1173,True,2026-06-23T13:02:52.824208-03:00,0.229869068026519,0.0381752212644638,True,5e-05,,0.1214,0.1511,0.1096,True
7066,2026-06-22T13:02:47.356699-03:00,NEIROUSDT,COILING,4h,3,BEST,6.892e-05,7.265e-05,closed,6.877e-05,6.879e-05,6.799e-05,6.355e-05,6.897e-05,6.751e-05,6.897e-05,6.184e-05,True,2026-06-23T13:02:56.728939-03:00,0.123761651650452,0.055115724641174,False,-5.983e-05,,6.357e-05,6.89e-05,5.6e-05,True
7064,2026-06-22T13:02:47.356699-03:00,POLUSDT,PREBREAK,1h,7,BEST,0.08098,0.08104,closed,0.08219,0.08082,0.07953,0.07751,0.08235,0.07843,0.08235,0.07586,True,2026-06-23T13:02:58.44817-03:00,0.053799041260603,-0.00476087536850069,False,4.911e-05,,0.07077,0.08105,0.06827,True
7063,2026-06-22T13:02:47.356699-03:00,MMTUSDT,BREAKOUT,4h,10,STRONG,0.1887,0.1808,closed,0.1911,0.1887,0.1939,0.1891,0.1999,0.1837,0.2129,0.1766,True,2026-06-23T13:03:00.061352-03:00,0.19041058695943,0.0425709555793605,True,4.852e-05,,0.1712,0.2129,0.1643,True
7065,2026-06-22T13:02:47.356699-03:00,WBTCUSDT,COILING,4h,6,WATCH,64709.97,64719.0,closed,64593.98,64609.51,64480.15,62354.79,64718.69,64184.55,64718.69,61813.14,True,2026-06-23T13:02:54.688965-03:00,0.834671531178657,0.0400325453672733,True,,,59579.3,64676.98,58085.41,True
7067,2026-06-22T14:02:46.999785-03:00,ATOMUSDT,COILING,4h,4,BEST,1.802,1.818,closed,1.811,1.803,1.795,1.737,1.812,1.788,1.812,1.719,True,2026-06-23T15:02:38.304538-03:00,0.0709927287470128,0.0584987840744829,False,-7.816e-05,,1.527,1.806,1.519,True
7068,2026-06-22T14:02:46.999785-03:00,HYPERUSDT,COILING,4h,2,BEST,0.0814,0.0839,closed,0.0805,0.0805,0.0807,0.0774,0.0815,0.0795,0.0819,0.0757,True,2026-06-23T14:02:48.518216-03:00,0.063013905835293,0.0603700918102229,False,5e-05,,0.0812,0.0849,0.0712,True
7069,2026-06-22T14:02:46.999785-03:00,BERAUSDT,COILING,4h,1,BEST,0.233,0.243,closed,0.234,0.233,0.229,0.22,0.234,0.228,0.234,0.215,True,2026-06-23T14:02:47.185223-03:00,0.0711838147731408,0.0744344343629316,False,5e-05,,0.216,0.234,0.188,True
7070,2026-06-22T15:02:44.186194-03:00,SKYUSDT,COILING,4h,5,WATCH,0.05966,0.06,closed,0.0596,0.05916,0.05933,0.05531,0.0596,0.05894,0.05994,0.05462,True,2026-06-23T16:02:41.28001-03:00,0.242795637802527,0.0368108845012793,True,5e-05,,0.0534,0.05994,0.04859,True
7071,2026-06-22T20:02:41.282106-03:00,APEUSDT,PREBREAK,1h,15,BEST,0.1408,0.1417,closed,0.1402,0.14,0.1404,0.1321,0.1414,0.1391,0.1414,0.1314,True,2026-06-23T21:02:39.770694-03:00,0.0597170000151592,-0.00435722608513147,False,5.483e-05,,0.1459,0.1557,0.1251,True
7072,2026-06-22T21:02:37.955638-03:00,WBTCUSDT,COILING,4h,4,WATCH,63937.02,65515.63,closed,63902.56,64177.68,63998.8,62703.21,64177.68,63746.63,64177.68,61813.14,True,2026-06-23T21:02:42.698764-03:00,0.340188656249144,0.0467913051930121,False,,,59766.63,64177.68,58085.41,True
7073,2026-06-22T22:02:34.101769-03:00,ARUSDT,PREBREAK,1h,4,WATCH,2.019,2.04,closed,2.047,2.033,2.002,1.997,2.061,2.002,2.061,1.898,True,2026-06-23T22:02:34.327425-03:00,-0.107057969374783,0.0381847221237393,False,7.85e-06,,1.986,2.056,1.748,True
7074,2026-06-23T01:02:41.683771-03:00,HYPERUSDT,COILING,4h,3,BEST,0.0809,0.0853,closed,0.0808,0.0804,0.0777,0.0767,0.0819,0.0771,0.0819,0.0757,True,2026-06-24T02:02:35.632696-03:00,0.166719327362153,0.0382483811753466,False,1.733e-05,,0.0821,0.0849,0.0712,True
7075,2026-06-23T02:02:36.729054-03:00,DASHUSDT,PREBREAK,1h,4,WATCH,35.47,35.66,closed,35.22,35.16,34.25,35.68,35.48,33.51,37.0,33.51,True,2026-06-24T02:02:37.679537-03:00,-0.124479114439625,0.0703319150538443,False,1.17e-06,,32.87,37.0,31.76,True
7077,2026-06-23T04:02:37.289827-03:00,NIGHTUSDT,PREBREAK,1h,6,BEST,0.03263,0.03299,closed,0.03259,0.03268,0.03251,0.03058,0.03321,0.03195,0.03321,0.03038,True,2026-06-24T04:02:44.372751-03:00,-0.00920339167124218,-0.00259491640397156,False,5e-05,,0.03192,0.03321,0.0295,True
7076,2026-06-23T04:02:37.289827-03:00,ZAMAUSDT,PREBREAK,1h,7,BEST,0.03358,0.03385,closed,0.03401,0.03401,0.03406,0.03315,0.03425,0.03336,0.03425,0.0321,True,2026-06-24T04:02:43.198295-03:00,-0.160591728247582,-0.023794209338166,False,-6.324e-05,,0.03281,0.03425,0.02999,True
7078,2026-06-23T05:02:45.658558-03:00,JSTUSDT,COILING,4h,6,WATCH,0.08257,0.08463,closed,0.08236,0.0812,0.08251,0.08383,0.08272,0.08112,0.08401,0.08112,True,2026-06-24T06:02:38.376406-03:00,0.235243853234704,0.0405868699036346,False,-3.961e-05,,0.08543,0.08941,0.08001,True
7079,2026-06-23T05:02:45.658558-03:00,DODOUSDT,COILING,4h,6,BEST,0.017,0.01713,closed,0.01651,0.01622,0.01634,0.0163,0.01708,0.01603,0.01708,0.0156,True,2026-06-24T06:02:36.925714-03:00,0.187700234058227,0.0436498219938795,False,,,0.01923,0.01945,0.0156,True
7080,2026-06-23T07:02:40.967744-03:00,SCRUSDT,COILING,4h,5,BEST,0.03213,0.03284,closed,0.0314,0.03113,0.03219,0.03147,0.03321,0.03071,0.03321,0.02992,True,2026-06-24T08:02:38.715379-03:00,0.33268740383153,0.0984954201788805,False,2.014e-05,,0.02713,0.03321,0.02688,True
7081,2026-06-23T09:02:36.398608-03:00,ATOMUSDT,COILING,4h,3,BEST,1.77,1.838,closed,1.776,1.747,1.727,1.65,1.776,1.719,1.776,1.649,True,2026-06-24T09:02:43.766728-03:00,0.227184151475458,0.0930527994726291,False,-0.00018245,,1.506,1.76,1.504,True
7082,2026-06-23T10:02:39.138577-03:00,KAIAUSDT,COILING,4h,3,BEST,0.0362,0.0378,closed,0.0364,0.0364,0.0369,0.0358,0.0381,0.0361,0.0384,0.0358,True,2026-06-24T10:02:40.532924-03:00,0.0429682109488074,0.0343523939307248,False,5e-05,,0.0349,0.0384,0.0323,True
7083,2026-06-23T12:02:36.677795-03:00,AVAXUSDT,PREBREAK,1h,3,WATCH,6.327,6.334,closed,6.344,6.371,6.299,6.321,6.408,6.271,6.544,6.271,True,2026-06-24T12:02:38.333913-03:00,0.0205200083320726,0.132567970156313,False,1.915e-05,,6.464,6.822,5.954,True
7084,2026-06-23T13:02:46.316345-03:00,QNTUSDT,COILING,4h,7,BEST,71.46,73.8,closed,70.94,70.76,70.16,67.75,72.0,69.94,72.0,67.46,True,2026-06-24T14:02:36.353367-03:00,1.04337715803377,0.0334373800590929,False,0.0001,,65.2,71.13,63.2,True
7085,2026-06-23T13:02:46.316345-03:00,AVAXUSDT,COILING,4h,4,BEST,6.371,6.472,closed,6.374,6.317,6.371,6.231,6.408,6.271,6.544,6.206,True,2026-06-24T14:02:38.038639-03:00,0.0668598068407213,0.102268886595118,False,1.98e-05,,6.54,6.822,5.954,True
7086,2026-06-23T13:02:46.316345-03:00,SCRUSDT,COILING,4h,2,BEST,0.03149,0.03284,closed,0.03145,0.03088,0.03033,0.03074,0.03164,0.03022,0.03195,0.02992,True,2026-06-24T14:02:39.847024-03:00,0.109271928229633,0.0959971208869668,False,5e-05,,0.02665,0.03276,0.02613,True
7087,2026-06-23T14:02:44.617229-03:00,KAIAUSDT,COILING,4h,3,BEST,0.037,0.0378,closed,0.0371,0.0373,0.0368,0.0336,0.0378,0.0366,0.0384,0.0332,True,2026-06-24T15:02:38.364588-03:00,0.194745600029179,0.0407220208285855,False,5e-05,,0.0347,0.0384,0.0323,True
7088,2026-06-23T15:02:37.321121-03:00,WLFIUSDT,PREBREAK,1h,3,WATCH,0.0588,0.0589,closed,0.0588,0.0589,0.0597,0.0569,0.0602,0.0584,0.0602,0.056,True,2026-06-24T15:02:39.974837-03:00,-0.111651261637636,-0.111850201333281,False,5e-05,,0.0575,0.0622,0.056,True
7089,2026-06-23T17:02:52.232418-03:00,NMRUSDT,COILING,4h,9,BEST,9.26,9.27,closed,9.12,9.05,8.98,8.31,9.24,8.97,9.24,8.06,True,2026-06-24T18:02:38.180482-03:00,1.02521276309519,0.0513018358005747,True,5e-05,,9.03,9.21,8.06,True
7090,2026-06-23T18:02:43.065992-03:00,QNTUSDT,COILING,4h,5,BEST,70.13,73.8,closed,70.52,70.43,70.54,68.02,71.0,70.12,71.0,66.4,True,2026-06-24T19:02:42.023166-03:00,0.586242078199092,0.0254473943513818,False,0.0001,,64.87,71.0,63.2,True
7091,2026-06-23T19:02:38.706312-03:00,KAIAUSDT,COILING,4h,3,BEST,0.0367,0.0378,closed,0.0365,0.0364,0.0367,0.0348,0.0384,0.0362,0.0384,0.0326,True,2026-06-24T19:02:43.31791-03:00,0.126434906853267,0.0427442244066491,False,5e-05,,0.0351,0.0384,0.0323,True
7092,2026-06-23T21:02:38.582423-03:00,HEIUSDT,HOLD,4h,12,STRONG,0.1325,0.1046,closed,0.1378,0.1411,0.1239,0.1139,0.1465,0.1237,0.1465,0.1131,True,2026-06-24T21:02:40.844294-03:00,0.173387423521956,-0.00377559505428192,False,-0.00197063,,0.1374,0.2026,0.1115,True
7093,2026-06-24T01:02:39.880485-03:00,KAIAUSDT,COILING,4h,2,BEST,0.0367,0.0381,closed,0.0365,0.0365,0.0364,0.0345,0.0367,0.0363,0.0367,0.0326,True,2026-06-25T01:02:47.111358-03:00,0.230369955859342,0.0287438745073057,False,5e-05,,0.0352,0.0366,0.0323,True
7094,2026-06-24T02:02:34.796583-03:00,WBETHUSDT,PREBREAK,1h,7,WATCH,1834.66,1847.0,closed,1837.99,1840.28,1834.76,1802.89,1845.25,1832.75,1860.06,1706.1,True,2026-06-25T02:02:42.853159-03:00,-0.0396138292565015,0.0557884762465123,False,,,1758.05,1860.06,1661.28,True
7095,2026-06-24T04:02:41.963429-03:00,PYTHUSDT,PREBREAK,1h,4,WATCH,0.0356,0.0358,closed,0.0352,0.0353,0.0348,0.03391,0.0356,0.0347,0.0356,0.0323,True,2026-06-25T05:03:00.537443-03:00,-0.105689909266755,-0.0353661413007587,False,5e-05,,0.03841,0.04306,0.03093,True
7096,2026-06-24T05:02:39.171057-03:00,ETCUSDT,COILING,4h,3,BEST,7.08,7.45,closed,7.07,7.07,7.03,7.14,7.09,6.98,7.18,6.6,True,2026-06-25T05:03:01.986121-03:00,0.137134505252012,0.0978574462701749,False,0.0001,,6.87,7.4,6.6,True
7097,2026-06-24T06:02:35.805059-03:00,TONUSDT,PREBREAK,1h,4,WATCH,1.596,1.605,closed,1.579,1.581,1.574,1.593,1.639,1.572,1.639,1.521,True,2026-06-25T06:02:41.871899-03:00,-0.434700702856537,0.00313305689546056,False,0.0035385,,1.6,1.641,1.521,True
7098,2026-06-24T07:02:38.024781-03:00,BERAUSDT,PREBREAK,1h,3,WATCH,0.219,0.221,closed,0.218,0.216,0.211,0.209,0.22,0.21,0.22,0.196,True,2026-06-25T07:02:38.988723-03:00,-0.160912046170403,-0.0120654286058073,False,-2.599e-05,,0.204,0.221,0.188,True
7099,2026-06-24T08:02:37.847641-03:00,UNIUSDT,PREBREAK,1h,7,BEST,2.941,2.95,closed,2.903,2.934,2.877,2.92,2.967,2.837,3.036,2.725,True,2026-06-25T08:02:39.893144-03:00,-0.214303291016648,-0.0872774898606881,False,0.0001,,2.74,3.065,2.725,True
7101,2026-06-24T09:02:42.881514-03:00,LINKUSDT,PREBREAK,1h,9,BEST,7.633,7.672,closed,7.618,7.578,7.381,7.443,7.641,7.365,7.641,7.123,True,2026-06-25T09:02:46.7745-03:00,0.0122850140239386,-0.00416216489975825,False,-3.21e-06,,7.204,7.593,7.01,True
7100,2026-06-24T09:02:42.881514-03:00,NEWTUSDT,BREAKOUT,4h,11,BEST,0.0541,0.0534,closed,0.0532,0.0526,0.0498,0.0484,0.0543,0.0495,0.0543,0.0467,True,2026-06-25T09:02:45.056058-03:00,0.165601835049306,-0.00310262798824105,False,-0.00033013,,0.0465,0.0528,0.0449,True
7102,2026-06-24T09:02:42.881514-03:00,JSTUSDT,COILING,4h,9,WATCH,0.08417,0.08451,closed,0.08409,0.08419,0.0824,0.08162,0.08428,0.08219,0.08428,0.08035,True,2026-06-25T09:02:43.887365-03:00,0.184411258621323,0.116135397035585,True,5e-05,,0.08844,0.08943,0.08001,True
7103,2026-06-24T09:02:42.881514-03:00,BONKUSDT,PREBREAK,1h,4,WATCH,4.39e-06,4.44e-06,closed,4.39e-06,4.35e-06,4.18e-06,4.24e-06,4.4e-06,4.14e-06,4.4e-06,4.01e-06,True,2026-06-25T09:02:48.662218-03:00,-0.0559879240590863,-0.0798541975622217,False,-1.504e-05,,4.15e-06,4.39e-06,3.91e-06,True
7104,2026-06-24T10:02:39.430876-03:00,ZROUSDT,PREBREAK,1h,7,BEST,0.939,0.949,closed,0.929,0.909,0.866,0.874,0.938,0.864,0.938,0.831,True,2026-06-25T10:02:45.882051-03:00,0.171772445818357,0.00560455472640222,False,5e-05,,0.843,0.933,0.734,True
7105,2026-06-24T13:02:39.222309-03:00,PSGUSDT,COILING,4h,4,BEST,0.538,0.554,closed,0.533,0.525,0.524,0.543,0.536,0.504,0.643,0.504,True,2026-06-25T13:02:43.292107-03:00,0.217813271677214,0.0298154275451119,False,,,0.532,0.643,0.504,True
7106,2026-06-24T17:02:42.681195-03:00,MANTAUSDT,HOLD,4h,13,BEST,0.08294,0.08095,closed,0.084,0.08403,0.08516,0.08478,0.0858,0.08232,0.08685,0.08232,True,2026-06-25T18:02:41.384641-03:00,1.34206020926515,0.028324069408927,False,5e-05,,0.06087,0.15944,0.05979,True
7107,2026-06-24T21:02:39.835248-03:00,OPUSDT,COILING,4h,6,BEST,0.1045,0.1048,closed,0.1048,0.1056,0.1059,0.1059,0.1071,0.1044,0.1095,0.0977,True,2026-06-25T22:02:41.042024-03:00,0.142234991445974,0.0247864524128765,True,3.364e-05,,0.0951,0.1095,0.0929,True
7108,2026-06-25T01:02:45.75773-03:00,AAVEUSDT,HOLD,4h,11,STRONG,83.02,79.0,closed,82.36,84.02,82.05,83.44,85.21,80.94,88.57,77.5,True,2026-06-26T02:02:39.801936-03:00,0.0456332795508302,0.00916511763232156,True,5.752e-05,,85.05,99.22,77.5,True
7109,2026-06-25T01:02:45.75773-03:00,RUNEUSDT,COILING,4h,8,BEST,0.418,0.429,closed,0.413,0.419,0.412,0.394,0.42,0.411,0.42,0.385,True,2026-06-26T02:02:41.555079-03:00,0.637572877177095,0.0413893530062975,False,1.519e-05,,0.395,0.42,0.374,True
7110,2026-06-25T01:02:45.75773-03:00,ETCUSDT,COILING,4h,3,BEST,7.05,7.45,closed,7.05,7.17,7.14,6.96,7.18,7.03,7.18,6.7,True,2026-06-26T02:02:37.777652-03:00,1.3156811448946,0.0409136688967419,False,-0.0001881,,7.05,7.4,6.7,True
7111,2026-06-25T05:02:59.43414-03:00,WLFIUSDT,BREAKOUT,4h,11,BEST,0.0614,0.0602,closed,0.0618,0.0619,0.0607,0.0588,0.0622,0.0606,0.0622,0.0566,True,2026-06-26T06:02:36.325394-03:00,0.495654235855913,-0.0776769343643698,True,5e-05,,0.0584,0.0621,0.0566,True
7112,2026-06-25T06:02:40.990164-03:00,SEIUSDT,BREAKOUT,4h,12,BEST,0.05749,0.05649,closed,0.05825,0.0594,0.05814,0.0534,0.05977,0.0574,0.05977,0.05332,True,2026-06-26T07:02:41.556687-03:00,0.385651979126548,-0.000932151089830527,True,0.0001,,0.04799,0.05977,0.04645,True
7114,2026-06-25T09:02:42.847135-03:00,JSTUSDT,COILING,4h,3,BEST,0.0816,0.08479,closed,0.08165,0.08141,0.08108,0.08311,0.08188,0.08001,0.08317,0.08001,True,2026-06-26T09:02:44.878205-03:00,0.614347446480453,0.071810379072838,False,4.692e-05,,0.08811,0.08943,0.08001,True
7113,2026-06-25T09:02:42.847135-03:00,ASRUSDT,COILING,4h,4,BEST,0.905,0.956,closed,0.896,0.892,0.87,0.88,0.904,0.847,0.911,0.847,True,2026-06-26T09:02:42.870457-03:00,2.28645919354458,0.0331289603809695,False,-0.00013784,,0.87,0.911,0.83,True
7117,2026-06-25T13:02:42.005652-03:00,FFUSDT,COILING,4h,2,BEST,0.06639,0.07021,closed,0.06683,0.06676,0.06678,0.06686,0.06703,0.06632,0.06868,0.06632,True,2026-06-26T13:02:42.093773-03:00,0.0668581597961301,0.0806393402233759,False,5e-05,,0.06116,0.07277,0.05865,True
7115,2026-06-25T13:02:42.005652-03:00,HUMAUSDT,BREAKOUT,4h,9,WATCH,0.02433,0.02348,closed,0.02433,0.02444,0.02495,0.02431,0.02505,0.02414,0.02649,0.02414,True,2026-06-26T14:02:44.192467-03:00,0.144015758780187,0.0760677751394143,True,5e-05,,0.02202,0.02649,0.02096,True
7116,2026-06-25T13:02:42.005652-03:00,HEIUSDT,BREAKOUT,4h,7,WATCH,0.1622,0.1465,closed,0.1566,0.1659,0.1789,0.166,0.1896,0.1544,0.2026,0.1544,True,2026-06-26T14:02:45.519302-03:00,0.0538761559870976,0.00126205704661859,True,5e-05,,0.1168,0.2026,0.1151,True
7119,2026-06-25T17:02:40.039538-03:00,AWEUSDT,HOLD,4h,9,WATCH,0.06824,0.0639,closed,0.06847,0.06773,0.06787,0.06772,0.06876,0.06728,0.07325,0.06534,True,2026-06-26T17:02:40.246609-03:00,0.202845621339363,-0.0741326664626519,True,5e-05,,0.05284,0.07325,0.04918,True
7118,2026-06-25T17:02:40.039538-03:00,HUMAUSDT,HOLD,4h,11,STRONG,0.02497,0.02331,closed,0.02532,0.02516,0.02537,0.02364,0.0256,0.0249,0.02649,0.02338,True,2026-06-26T18:02:35.199651-03:00,0.187386902301007,0.0839338894290164,True,5e-05,,0.02194,0.02649,0.02096,True
7120,2026-06-25T21:02:34.315772-03:00,ESPUSDT,BREAKOUT,4h,8,WATCH,0.06348,0.06151,closed,0.06398,0.06386,0.06659,0.06977,0.06693,0.06243,0.06983,0.06243,True,2026-06-26T21:02:39.936402-03:00,0.280242483640936,-0.0699566402392019,True,5e-05,,0.06822,0.08627,0.06243,True
7170,2026-06-26T01:02:40.450206-03:00,ESPUSDT,BREAKOUT,4h,9,WATCH,0.06671,0.06151,closed,0.06763,0.06576,0.06644,0.06853,0.06799,0.06546,0.0705,0.06323,True,2026-06-27T02:02:40.806083-03:00,0.617740116975548,-0.0780501732617022,True,-8.001e-05,,0.0697,0.08627,0.06323,True
7169,2026-06-26T01:02:40.450206-03:00,HUMAUSDT,BREAKOUT,4h,9,WATCH,0.02599,0.02505,closed,0.02638,0.02626,0.02537,0.02312,0.02649,0.02532,0.02649,0.023,True,2026-06-27T02:02:39.418364-03:00,0.255081967979269,0.0914718865930261,True,5e-05,,0.02188,0.02644,0.02096,True
7168,2026-06-26T01:02:40.450206-03:00,KAITOUSDT,BREAKOUT,4h,11,BEST,0.4818,0.4677,closed,0.4854,0.4854,0.4902,0.527,0.4921,0.481,0.5499,0.4799,True,2026-06-27T02:02:38.137238-03:00,29.2708695613088,0.0154252406364075,False,5e-05,,0.5796,0.6476,0.4799,True
7182,2026-06-26T02:02:36.971934-03:00,ESPUSDT,HOLD,4h,8,WATCH,0.06671,0.06151,closed,0.06615,0.06664,0.06668,0.06862,0.06756,0.06568,0.0705,0.06323,True,2026-06-27T02:02:42.582297-03:00,0.617740116975548,-0.0780501732617022,True,-8.001e-05,,0.07095,0.08627,0.06323,True
7208,2026-06-26T05:02:47.55973-03:00,APEUSDT,BREAKOUT,4h,11,BEST,0.1529,0.1432,closed,0.1508,0.1549,0.149,0.1456,0.1557,0.1458,0.1557,0.1453,True,2026-06-27T06:02:34.498132-03:00,0.444221064789302,-0.0266849997711489,True,-5.584e-05,,0.1453,0.1552,0.1338,True
7207,2026-06-26T05:02:47.55973-03:00,ETHFIUSDT,HOLD,4h,11,STRONG,0.381,0.365,closed,0.379,0.376,0.359,0.353,0.383,0.358,0.383,0.345,True,2026-06-27T06:02:36.195906-03:00,0.452060279623904,-0.00702033702881148,True,5e-05,,0.34,0.378,0.309,True
7209,2026-06-26T05:02:47.55973-03:00,JTOUSDT,HOLD,4h,10,STRONG,0.7612,0.7168,closed,0.7715,0.7639,0.7529,0.8179,0.7795,0.7364,0.8853,0.7364,True,2026-06-27T06:02:39.463268-03:00,0.215971697152934,-0.0368443428913136,True,4.731e-05,,0.7516,0.8853,0.7072,True
7210,2026-06-26T05:02:47.55973-03:00,BABYUSDT,HOLD,4h,10,STRONG,0.01397,0.01341,closed,0.0139,0.01377,0.01384,0.01284,0.01405,0.01367,0.01405,0.01284,True,2026-06-27T06:02:37.858981-03:00,0.0216013552432521,0.0419198253627398,False,5e-05,,0.01401,0.01438,0.01245,True
7222,2026-06-26T06:02:35.395511-03:00,APEUSDT,HOLD,4h,10,STRONG,0.1529,0.1432,closed,0.1534,0.1464,0.1502,0.1408,0.155,0.1458,0.155,0.1405,True,2026-06-27T06:02:45.814901-03:00,0.444221064789302,-0.0266849997711489,True,-5.584e-05,,0.1455,0.1545,0.1338,True
7266,2026-06-26T09:02:41.944288-03:00,HMSTRUSDT,HOLD,4h,13,BEST,0.0001781,0.0001688,closed,0.0001757,0.000176,0.0001746,0.0001795,0.000178,0.0001712,0.0001859,0.0001712,True,2026-06-27T09:02:41.978188-03:00,0.596562569781464,0.0416876646314203,False,5e-05,,0.0002167,0.000217,0.0001712,True
7267,2026-06-26T09:02:41.944288-03:00,TUTUSDT,COILING,4h,6,BEST,0.01077,0.01121,closed,0.01079,0.01091,0.01112,0.01053,0.01131,0.01077,0.01131,0.01051,True,2026-06-27T09:02:43.860383-03:00,0.436286432249456,0.0276729548605295,False,5e-05,,0.01079,0.01131,0.01021,True
7296,2026-06-26T11:02:42.727303-03:00,OGNUSDT,PREBREAK,1h,6,BEST,0.01513,0.01519,closed,0.01512,0.01506,0.01537,0.01507,0.01547,0.01503,0.01547,0.015,True,2026-06-27T11:02:42.900868-03:00,-0.445169101131508,-0.00166067653057974,False,5e-05,,0.01569,0.01698,0.01415,True
7297,2026-06-26T11:02:42.727303-03:00,WBETHUSDT,PREBREAK,1h,5,BEST,1724.17,1744.98,closed,1720.89,1715.8,1741.85,1748.01,1752.0,1707.25,1752.0,1707.25,True,2026-06-27T12:02:39.434388-03:00,-0.0178066900629678,-0.101155112939572,False,,,1910.15,1928.65,1705.33,True
7295,2026-06-26T11:02:42.727303-03:00,JSTUSDT,PREBREAK,1h,6,WATCH,0.08229,0.08317,closed,0.0823,0.08218,0.08175,0.08558,0.08235,0.0813,0.08571,0.0813,True,2026-06-27T12:02:40.964419-03:00,0.991371538176389,0.106111210529961,False,5e-05,,0.08915,0.08943,0.0813,True
7323,2026-06-26T13:02:37.474917-03:00,JSTUSDT,COILING,4h,3,WATCH,0.08171,0.08479,closed,0.08169,0.08163,0.08197,0.08533,0.08216,0.0813,0.08575,0.0813,True,2026-06-27T13:02:39.856676-03:00,0.221569370068385,0.0792803226300364,False,3.137e-05,,0.08983,0.08995,0.08154,True
7321,2026-06-26T13:02:37.474917-03:00,KAITOUSDT,HOLD,4h,10,STRONG,0.5354,0.4919,closed,0.5313,0.5302,0.5137,0.578,0.5386,0.5112,0.5806,0.508,True,2026-06-27T13:02:42.823582-03:00,1.51593034309072,-0.0155097827491103,True,5e-05,,0.5927,0.6476,0.508,True
7322,2026-06-26T13:02:37.474917-03:00,SOLUSDT,BREAKOUT,4h,8,WATCH,72.07,70.99,closed,72.59,72.52,73.31,72.73,73.93,72.01,73.93,71.36,True,2026-06-27T13:02:41.367964-03:00,0.0291085463405975,0.0251923981177082,False,6.096e-05,,81.54,82.78,69.74,True
7336,2026-06-26T14:02:43.319385-03:00,FLOKIUSDT,PREBREAK,1h,4,WATCH,2.22e-05,2.245e-05,closed,2.222e-05,2.226e-05,2.212e-05,2.202e-05,2.236e-05,2.193e-05,2.236e-05,2.163e-05,True,2026-06-27T15:02:36.295575-03:00,-0.107800275105614,0.100588771690464,False,-0.00015216,,2.311e-05,2.32e-05,2.103e-05,True
7351,2026-06-26T15:02:34.602145-03:00,JTOUSDT,BREAKOUT,4h,10,STRONG,0.8046,0.77,closed,0.8622,0.8758,0.8551,0.8001,0.8853,0.8426,0.8853,0.785,True,2026-06-27T15:02:38.182481-03:00,0.178527579288564,-0.0404035290794968,True,6e-08,,0.7813,0.8853,0.7072,True
7384,2026-06-26T17:02:38.129442-03:00,JTOUSDT,HOLD,4h,9,WATCH,0.8604,0.7795,closed,0.8708,0.8572,0.808,0.8089,0.8841,0.7993,0.8841,0.785,True,2026-06-27T18:02:38.738156-03:00,0.401559733120071,-0.0310234657377665,True,-0.0001088,,0.7633,0.8723,0.7072,True
7385,2026-06-26T17:02:38.129442-03:00,LUNAUSDT,COILING,4h,6,BEST,0.0491,0.0497,closed,0.0495,0.0495,0.05,0.0488,0.0501,0.0491,0.0517,0.0486,True,2026-06-27T18:02:36.896324-03:00,0.56840106004283,0.101581522472128,False,,,0.0503,0.0517,0.045,True
7414,2026-06-26T19:02:35.380138-03:00,OPENUSDT,PREBREAK,1h,4,WATCH,0.164,0.1649,closed,0.1633,0.1627,0.1616,0.1648,0.1637,0.1597,0.1688,0.1597,True,2026-06-27T20:02:32.626554-03:00,-0.332688291404833,0.0227652264665419,False,5e-05,,0.16,0.1688,0.15,True
7439,2026-06-26T21:02:38.836975-03:00,DYDXUSDT,HOLD,4h,12,STRONG,0.16012,0.15519,closed,0.15943,0.15913,0.16013,0.1502,0.16437,0.1579,0.16437,0.15002,True,2026-06-27T21:02:43.251764-03:00,0.345266257563342,-0.0133672968875349,True,0.0001,,0.1331,0.24466,0.12433,True
7441,2026-06-26T21:02:38.836975-03:00,ESPUSDT,HOLD,4h,4,WATCH,0.06975,0.06348,closed,0.06849,0.0684,0.06853,0.06676,0.0705,0.06734,0.0705,0.06641,True,2026-06-27T21:02:45.825986-03:00,-0.451657453841002,-0.0936729647879423,True,-0.00017862,,0.06728,0.08627,0.06338,True
7440,2026-06-26T21:02:38.836975-03:00,INJUSDT,HOLD,4h,10,STRONG,4.875,4.731,closed,4.929,4.926,4.871,4.668,4.972,4.842,5.077,4.625,True,2026-06-27T21:02:44.539849-03:00,0.898855276290893,0.00950444449420869,False,-0.00011239,,4.868,5.077,4.431,True
7489,2026-06-27T00:02:32.68069-03:00,ZENUSDT,PREBREAK,1h,3,WATCH,4.182,4.202,closed,4.16,4.156,4.147,4.067,4.181,4.13,4.203,4.023,True,2026-06-28T00:02:44.762429-03:00,-0.0699569171875643,-0.0258638939771875,False,0.0001,,4.302,4.391,3.91,True
7497,2026-06-27T01:02:36.382833-03:00,LUNAUSDT,COILING,4h,4,BEST,0.0516,0.0544,closed,0.0515,0.051,0.0503,0.0486,0.0517,0.0498,0.0517,0.0478,True,2026-06-28T02:02:36.881499-03:00,0.713725799502259,0.0797183002586674,False,,,0.0508,0.0512,0.045,True
7522,2026-06-27T03:02:41.545054-03:00,WIFUSDT,BREAKOUT,4h,9,WATCH,0.1628,0.1572,closed,0.1644,0.1655,0.1731,0.1695,0.1738,0.1628,0.1844,0.1628,True,2026-06-28T04:02:35.574396-03:00,0.492959440631751,0.0336831103139131,False,5e-05,,0.1774,0.1865,0.1601,True
7548,2026-06-27T05:02:38.813375-03:00,WIFUSDT,HOLD,4h,13,BEST,0.1689,0.1572,closed,0.1672,0.167,0.1706,0.1709,0.1738,0.1634,0.1844,0.1634,True,2026-06-28T05:02:48.351952-03:00,1.15455185972544,0.0402750938380442,True,4.845e-05,,0.1771,0.1865,0.1601,True
7549,2026-06-27T05:02:38.813375-03:00,METUSDT,HOLD,4h,13,BEST,0.1731,0.1661,closed,0.173,0.1758,0.1773,0.16,0.1809,0.1726,0.1813,0.1591,True,2026-06-28T05:02:45.836312-03:00,0.115832672776121,0.0333801420878875,False,5e-05,,0.1825,0.2018,0.152,True
7551,2026-06-27T05:02:38.813375-03:00,PENDLEUSDT,COILING,4h,2,BEST,1.256,1.304,closed,1.255,1.249,1.246,1.255,1.257,1.239,1.288,1.226,True,2026-06-28T05:02:44.349908-03:00,0.0337212232932385,0.0312670830299674,False,-3.527e-05,,1.458,1.55,1.223,True
7550,2026-06-27T05:02:38.813375-03:00,RENDERUSDT,HOLD,4h,8,WATCH,1.63,1.6,closed,1.626,1.62,1.606,1.561,1.629,1.595,1.629,1.53,True,2026-06-28T05:02:47.078662-03:00,0.306229069280513,-0.0265111963078318,False,5e-05,,1.592,1.636,1.471,True
7563,2026-06-27T06:02:33.851732-03:00,INJUSDT,HOLD,4h,12,STRONG,5.046,4.731,closed,4.979,4.966,4.856,4.722,4.998,4.82,4.998,4.625,True,2026-06-28T06:02:36.219672-03:00,0.738327188569678,0.0673947018012113,True,1.606e-05,,4.802,4.984,4.431,True
7586,2026-06-27T08:02:34.013127-03:00,TONUSDT,PREBREAK,1h,5,BEST,1.576,1.594,closed,1.576,1.571,1.572,1.558,1.581,1.562,1.59,1.54,True,2026-06-28T08:02:40.975254-03:00,1.56731464466453,-0.0123286376622911,False,0.0035385,,1.6,1.641,1.535,True
7585,2026-06-27T08:02:34.013127-03:00,SYRUPUSDT,BREAKOUT,4h,10,STRONG,0.1427,0.1378,closed,0.1462,0.1499,0.1525,0.1478,0.1584,0.1451,0.1601,0.1418,True,2026-06-28T08:02:39.70023-03:00,0.401807635035173,0.0886710324492141,True,4.54e-05,,0.16,0.1659,0.1338,True
7595,2026-06-27T09:02:40.975945-03:00,SYRUPUSDT,HOLD,4h,13,BEST,0.1499,0.1396,closed,0.1523,0.1522,0.1587,0.1487,0.1595,0.1469,0.1601,0.1418,True,2026-06-28T09:02:41.347177-03:00,0.688302355608667,0.134799439416284,True,-7.729e-05,,0.1609,0.1659,0.1338,True
7596,2026-06-27T09:02:40.975945-03:00,JSTUSDT,HOLD,4h,13,BEST,0.08544,0.08326,closed,0.0855,0.08534,0.08545,0.08766,0.08575,0.08509,0.08772,0.08509,True,2026-06-28T10:02:33.300033-03:00,1.05513210917134,0.142966770104063,True,5e-05,,0.09018,0.09108,0.08477,True
7601,2026-06-27T10:02:36.058116-03:00,WBETHUSDT,PREBREAK,1h,13,BEST,1744.63,1747.31,closed,1742.5,1748.01,1753.69,1733.97,1770.0,1741.67,1770.0,1717.07,True,2026-06-28T11:02:34.43152-03:00,0.00484928171768787,0.491474622039885,False,,,1939.98,1956.63,1705.33,True
7622,2026-06-27T13:02:38.908004-03:00,DASHUSDT,COILING,4h,4,BEST,34.48,35.5,closed,34.3,34.01,33.5,32.34,34.5,33.3,34.5,32.07,True,2026-06-28T13:02:46.94152-03:00,0.0411873196585008,0.0456236554241853,False,-7.6e-07,,36.12,36.6,31.76,True
7620,2026-06-27T13:02:38.908004-03:00,KAITOUSDT,HOLD,4h,8,WATCH,0.5743,0.5499,closed,0.572,0.5721,0.5627,0.5912,0.5787,0.5592,0.6062,0.5507,True,2026-06-28T13:02:45.16857-03:00,1.2179757936883,-0.0387574997988294,True,5e-05,,0.5957,0.6476,0.5507,True
7621,2026-06-27T13:02:38.908004-03:00,ETCUSDT,HOLD,4h,8,WATCH,7.27,7.18,closed,7.25,7.2,7.16,7.03,7.29,7.13,7.29,7.01,True,2026-06-28T13:02:43.517513-03:00,0.188779629644706,-0.0615125581894608,False,0.0001,,7.35,7.39,6.76,True
7632,2026-06-27T14:02:38.492034-03:00,METUSDT,HOLD,4h,11,STRONG,0.18,0.1736,closed,0.1741,0.1728,0.1745,0.1658,0.1763,0.1703,0.1763,0.1586,True,2026-06-28T15:02:31.818877-03:00,0.127667557685069,0.00156461831464213,True,5e-05,,0.1829,0.2018,0.152,True
7642,2026-06-27T15:02:35.459399-03:00,CAKEUSDT,PREBREAK,1h,6,BEST,1.332,1.343,closed,1.339,1.335,1.323,1.341,1.339,1.321,1.37,1.311,True,2026-06-28T16:02:36.230622-03:00,0.0263404827771575,0.00790700893356572,False,1.349e-05,,1.396,1.418,1.287,True
7643,2026-06-27T15:02:35.459399-03:00,NIGHTUSDT,PREBREAK,1h,4,WATCH,0.03084,0.031,closed,0.03092,0.03128,0.03091,0.02987,0.03144,0.03082,0.03144,0.02953,True,2026-06-28T16:02:34.532596-03:00,0.0102117742818655,0.0488252897913547,False,5e-05,,0.03403,0.03488,0.0295,True
7641,2026-06-27T15:02:35.459399-03:00,WLFIUSDT,PREBREAK,1h,7,BEST,0.0587,0.0589,closed,0.0585,0.0587,0.0576,0.0579,0.0589,0.0576,0.0589,0.0569,True,2026-06-28T15:02:35.851638-03:00,0.272331961203828,-0.0156370798105263,False,5e-05,,0.0567,0.0603,0.0554,True
7681,2026-06-27T18:02:36.091233-03:00,ALGOUSDT,PREBREAK,1h,9,BEST,0.0874,0.0883,closed,0.086,0.0854,0.0867,0.0877,0.0873,0.0849,0.0893,0.0849,True,2026-06-28T19:02:37.941858-03:00,0.0839806624896609,-0.0358965701582029,False,0.0001,,0.0914,0.0925,0.0813,True
7703,2026-06-27T21:02:42.184562-03:00,JSTUSDT,HOLD,4h,14,BEST,0.08596,0.08472,closed,0.08605,0.08598,0.08655,0.08868,0.08667,0.08578,0.08941,0.08578,True,2026-06-28T22:02:40.001165-03:00,0.634142932408059,0.145332473092394,True,7.23e-06,,0.09044,0.09108,0.08477,True
7704,2026-06-27T21:02:42.184562-03:00,MMTUSDT,BREAKOUT,4h,13,BEST,0.2037,0.2012,closed,0.2005,0.2025,0.1969,0.1708,0.2098,0.1945,0.2098,0.1682,True,2026-06-28T22:02:38.256834-03:00,0.105252278701609,0.037751407902332,False,5e-05,,0.152,0.2041,0.1489,True
7730,2026-06-28T00:02:43.594796-03:00,KATUSDT,PREBREAK,1h,8,BEST,0.00518,0.00519,closed,0.00517,0.00514,0.00509,0.00492,0.0052,0.00504,0.0052,0.00482,True,2026-06-29T01:02:44.265431-03:00,0.287808689917604,0.0976271405299305,False,5e-05,,0.00509,0.00523,0.00464,True
7737,2026-06-28T01:02:32.245006-03:00,MEMEUSDT,BREAKOUT,4h,4,WATCH,0.000579,0.000544,closed,0.00058,0.000586,0.000593,0.000597,0.000604,0.000576,0.000617,0.000574,True,2026-06-29T01:02:45.754282-03:00,0.0262728718882962,-0.0840701812128852,True,5e-05,,0.000599,0.000665,0.000574,True
7736,2026-06-28T01:02:32.245006-03:00,SUSDT,HOLD,4h,10,STRONG,0.02322,0.02122,closed,0.02306,0.02316,0.02557,0.02466,0.02636,0.02276,0.0285,0.02276,True,2026-06-29T01:02:47.405144-03:00,0.3699746452254,0.0128410240426644,False,-1.52e-05,,0.02666,0.0285,0.02192,True
7745,2026-06-28T02:02:35.966742-03:00,ACTUSDT,BREAKOUT,4h,11,BEST,0.0092,0.00823,closed,0.01034,0.00997,0.00873,0.01167,0.01121,0.00867,0.01684,0.00845,True,2026-06-29T02:02:40.586643-03:00,1.35346711169839,0.0792495096968295,True,-0.00194456,,0.00916,0.01684,0.00845,True
7766,2026-06-28T05:02:43.314971-03:00,JSTUSDT,PREBREAK,1h,14,BEST,0.08621,0.08672,closed,0.08648,0.08658,0.08766,0.08817,0.08772,0.08582,0.08941,0.08582,True,2026-06-29T05:02:49.605569-03:00,0.681999794592898,0.169207022464925,True,5e-05,,0.09296,0.09304,0.08477,True
7769,2026-06-28T05:02:43.314971-03:00,SUSDT,BREAKOUT,4h,11,BEST,0.02624,0.0245,closed,0.02486,0.02488,0.02642,0.0238,0.02684,0.02398,0.0285,0.02347,True,2026-06-29T05:02:45.487888-03:00,0.874521836850475,0.0153199588973408,True,-0.00159813,,0.02705,0.0285,0.02192,True
7767,2026-06-28T05:02:43.314971-03:00,OPNUSDT,HOLD,4h,13,BEST,0.067,0.0635,closed,0.0676,0.0689,0.0653,0.0628,0.0693,0.0648,0.0694,0.0619,True,2026-06-29T05:02:43.795474-03:00,0.385325032970443,0.0750674742823656,False,5e-05,,0.0665,0.0694,0.0597,True
7768,2026-06-28T05:02:43.314971-03:00,PUMPUSDT,BREAKOUT,4h,12,BEST,0.001501,0.001446,closed,0.001466,0.001482,0.001485,0.001439,0.001524,0.001443,0.001524,0.001385,True,2026-06-29T05:02:47.390749-03:00,1.57149636298022,0.0636966945521431,True,5e-05,,0.001536,0.001658,0.001357,True
7808,2026-06-28T08:02:38.785388-03:00,CHZUSDT,PREBREAK,1h,6,BEST,0.01787,0.01788,closed,0.01775,0.01775,0.01761,0.01749,0.01794,0.01751,0.01794,0.0171,True,2026-06-29T09:02:40.955282-03:00,-0.0189177624839447,-0.0202707475369063,False,-0.00020435,,0.01822,0.01959,0.0171,True
7820,2026-06-28T09:02:38.573687-03:00,MANTAUSDT,BREAKOUT,4h,10,STRONG,0.09447,0.08883,closed,0.09395,0.09359,0.1484,0.08348,0.15944,0.09147,0.15944,0.08158,True,2026-06-29T09:02:44.152965-03:00,0.451172463726377,0.049715886701194,True,5e-05,,0.06121,0.15944,0.0584,True
7819,2026-06-28T09:02:38.573687-03:00,ACTUSDT,HOLD,4h,13,BEST,0.01454,0.00823,closed,0.01441,0.01577,0.01236,0.01244,0.01684,0.01224,0.01684,0.0107,True,2026-06-29T09:02:45.983635-03:00,1.2329691007804,0.0611355887090335,True,-0.01608479,,0.00911,0.01596,0.00887,True
7818,2026-06-28T09:02:38.573687-03:00,JSTUSDT,HOLD,4h,14,BEST,0.08764,0.086,closed,0.08766,0.08805,0.08829,0.08765,0.08892,0.08757,0.08941,0.08722,True,2026-06-29T09:02:42.468579-03:00,0.730855458632444,0.200066394641224,True,5e-05,,0.09224,0.09304,0.08477,True
7834,2026-06-28T10:02:32.57672-03:00,GASUSDT,COILING,4h,5,BEST,1.04,1.074,closed,1.066,1.059,1.076,1.124,1.127,1.054,1.205,1.034,True,2026-06-29T10:02:42.595082-03:00,0.527377461272795,0.0465151647992271,False,-3.805e-05,,1.07,1.304,1.0,True
7846,2026-06-28T11:02:33.554212-03:00,CAKEUSDT,PREBREAK,1h,3,WATCH,1.348,1.35,closed,1.35,1.348,1.341,1.33,1.356,1.334,1.377,1.325,True,2026-06-29T11:02:40.693944-03:00,-0.0761670847944192,0.0628563095795583,False,5e-05,,1.419,1.433,1.287,True
7865,2026-06-28T12:02:34.66141-03:00,ICPUSDT,PREBREAK,1h,4,WATCH,2.167,2.193,closed,2.173,2.168,2.151,2.148,2.183,2.144,2.201,2.11,True,2026-06-29T12:02:38.758212-03:00,-0.157334332135694,0.0197394101161513,False,-0.00010712,,2.197,2.3,2.049,True
7878,2026-06-28T13:02:42.704514-03:00,POWRUSDT,HOLD,4h,8,WATCH,0.0535,0.0459,closed,0.0527,0.0508,0.0497,0.0514,0.0549,0.0489,0.0646,0.0489,True,2026-06-29T13:02:51.428151-03:00,1.23865693048207,-0.0347570740000908,False,-0.01356311,,0.045,0.0646,0.036,True
7880,2026-06-28T13:02:42.704514-03:00,SAGAUSDT,COILING,4h,5,BEST,0.01343,0.01349,closed,0.01342,0.01314,0.01301,0.0131,0.01355,0.01293,0.01355,0.01281,True,2026-06-29T13:02:43.477482-03:00,0.0658190898429837,0.0526775106631394,False,5e-05,,0.01373,0.01493,0.01215,True
7877,2026-06-28T13:02:42.704514-03:00,SUSDT,BREAKOUT,4h,10,STRONG,0.02821,0.02628,closed,0.02711,0.02727,0.02541,0.02595,0.0283,0.02493,0.0283,0.02347,True,2026-06-29T13:02:49.566169-03:00,1.04313202191541,0.0137557076495756,True,-0.00049128,,0.02709,0.02846,0.02192,True
7876,2026-06-28T13:02:42.704514-03:00,COOKIEUSDT,HOLD,4h,13,BEST,0.0107,0.0084,closed,0.0099,0.0101,0.0095,0.0088,0.0109,0.0095,0.0109,0.0085,True,2026-06-29T13:02:47.668158-03:00,0.974609689947279,0.0418796837184359,True,-3.716e-05,,0.0098,0.0111,0.0081,True
7879,2026-06-28T13:02:42.704514-03:00,POLUSDT,PREBREAK,1h,5,BEST,0.07172,0.07192,closed,0.07149,0.07162,0.07072,0.07121,0.07178,0.07057,0.07285,0.07,True,2026-06-29T13:02:53.148097-03:00,-0.0102288798863266,-0.00214704381549352,False,3.056e-05,,0.07324,0.0752,0.06746,True
7875,2026-06-28T13:02:42.704514-03:00,MANTAUSDT,HOLD,4h,13,BEST,0.14847,0.08883,closed,0.13269,0.10524,0.09693,0.08243,0.15227,0.09011,0.15227,0.08155,True,2026-06-29T13:02:45.257207-03:00,0.87549042414469,0.0497813675514061,True,5e-05,,0.06075,0.10939,0.0584,True
7909,2026-06-28T17:02:39.011861-03:00,DYMUSDT,COILING,4h,5,BEST,0.01564,0.01595,closed,0.01562,0.01555,0.0154,0.01562,0.01569,0.01514,0.01648,0.01514,True,2026-06-29T17:02:49.303816-03:00,0.380963875195205,0.0327504244878016,False,5e-05,,0.01649,0.01941,0.0143,True
7908,2026-06-28T17:02:39.011861-03:00,ATOMUSDT,PREBREAK,1h,7,BEST,1.568,1.584,closed,1.576,1.578,1.572,1.537,1.58,1.556,1.595,1.519,True,2026-06-29T17:02:50.617882-03:00,-0.00350740154179154,0.0634716051177759,False,-8.992e-05,,1.575,1.613,1.482,True
7915,2026-06-28T18:02:32.906879-03:00,FETUSDT,PREBREAK,1h,6,BEST,0.1766,0.1767,closed,0.1749,0.1765,0.1775,0.1759,0.1797,0.1738,0.1826,0.1738,True,2026-06-29T18:02:40.531196-03:00,0.117022181100121,-0.0101749432932159,False,3.477e-05,,0.1779,0.1908,0.1676,True
7916,2026-06-28T18:02:32.906879-03:00,SAGAUSDT,COILING,4h,1,BEST,0.01298,0.01349,closed,0.01299,0.01307,0.01312,0.01304,0.01316,0.01281,0.01352,0.01281,True,2026-06-29T18:02:41.984612-03:00,0.024460509797082,0.02659402530284,False,5e-05,,0.01385,0.01493,0.01215,True
7925,2026-06-28T19:02:37.041908-03:00,AIUSDT,COILING,4h,2,BEST,0.0178,0.0189,closed,0.0201,0.0201,0.0193,0.0205,0.0212,0.0189,0.023,0.0189,True,2026-06-29T20:02:36.839137-03:00,0.0816342888039657,0.0587560059170803,False,,,0.0211,0.0272,0.0189,True
7924,2026-06-28T19:02:37.041908-03:00,VANAUSDT,COILING,4h,5,BEST,1.105,1.124,closed,1.113,1.105,1.115,1.124,1.125,1.09,1.284,1.09,True,2026-06-29T20:02:34.741704-03:00,0.339408994679273,0.0758831656408557,False,-3.12e-05,,1.179,1.284,1.052,True
7950,2026-06-28T22:02:37.410005-03:00,XRPUSDT,PREBREAK,1h,7,WATCH,1.0476,1.0591,closed,1.0413,1.0435,1.0413,1.0483,1.056,1.0322,1.0768,1.0322,True,2026-06-29T22:02:44.935608-03:00,0.0186080035105876,-0.125120064381069,False,-7.522e-05,,1.1527,1.1843,1.022,True
7951,2026-06-28T22:02:37.410005-03:00,WLFIUSDT,PREBREAK,1h,6,BEST,0.0587,0.0588,closed,0.0583,0.0586,0.0584,0.0598,0.0593,0.0582,0.0601,0.0574,True,2026-06-29T22:02:43.374319-03:00,-0.167803661660675,-0.0610239024899245,False,1.292e-05,,0.0588,0.0607,0.0554,True
7970,2026-06-29T00:02:39.94214-03:00,VANAUSDT,COILING,4h,3,BEST,1.104,1.124,closed,1.145,1.134,1.118,1.161,1.152,1.115,1.284,1.101,True,2026-06-30T01:02:37.418917-03:00,0.184768197351381,0.0799359566395571,False,-5.519e-05,,1.168,1.284,1.052,True
7969,2026-06-29T00:02:39.94214-03:00,ONDOUSDT,PREBREAK,1h,11,BEST,0.3111,0.3127,closed,0.3117,0.3122,0.3107,0.3128,0.3135,0.3078,0.323,0.3078,True,2026-06-30T01:02:39.565146-03:00,-0.0814816879456361,-0.105732242696358,False,2.805e-05,,0.3283,0.348,0.303,True
7978,2026-06-29T01:02:43.056284-03:00,JSTUSDT,HOLD,4h,12,STRONG,0.08887,0.08772,closed,0.08873,0.08873,0.08817,0.08678,0.08883,0.08804,0.08883,0.08603,True,2026-06-30T02:02:35.693579-03:00,0.597674521212557,0.145282724454989,True,5e-05,,0.09177,0.09304,0.08477,True
7979,2026-06-29T01:02:43.056284-03:00,UNIUSDT,COILING,4h,7,BEST,2.97,3.065,closed,2.957,2.933,2.948,2.871,2.978,2.906,3.016,2.858,True,2026-06-30T01:02:46.883-03:00,0.814845453314176,0.0449405381509039,False,6.762e-05,,3.155,3.309,2.718,True
7980,2026-06-29T01:02:43.056284-03:00,CAKEUSDT,PREBREAK,1h,5,WATCH,1.361,1.37,closed,1.355,1.347,1.35,1.323,1.361,1.341,1.361,1.319,True,2026-06-30T01:02:49.30177-03:00,0.156245656706901,-0.011628343444471,True,3.404e-05,,1.447,1.486,1.287,True
7981,2026-06-29T01:02:43.056284-03:00,AXSUSDT,COILING,4h,5,BEST,1.003,1.028,closed,0.998,0.995,0.996,0.998,1.003,0.986,1.02,0.976,True,2026-06-30T01:02:51.185901-03:00,0.129174716814982,0.029152331459828,False,2.732e-05,,1.01,1.077,0.944,True
7977,2026-06-29T01:02:43.056284-03:00,TURBOUSDT,HOLD,4h,13,BEST,0.000925,0.000857,closed,0.000901,0.000907,0.000909,0.000853,0.000974,0.000895,0.000974,0.000848,True,2026-06-30T01:02:45.138938-03:00,1.18237870309864,0.0256778030391665,True,3.916e-05,,0.000915,0.000975,0.00078,True
7996,2026-06-29T02:02:39.865101-03:00,INJUSDT,PREBREAK,1h,6,BEST,4.644,4.698,closed,4.585,4.647,4.664,4.759,4.768,4.57,4.851,4.57,True,2026-06-30T03:02:32.830849-03:00,-0.240984552456262,-0.0624066511303539,False,-2.454e-05,,4.79,4.95,4.431,True
7995,2026-06-29T02:02:39.865101-03:00,ARBUSDT,PREBREAK,1h,9,BEST,0.0748,0.075,closed,0.0746,0.0755,0.0753,0.0759,0.076,0.0744,0.0783,0.0744,True,2026-06-30T03:02:34.631584-03:00,0.0357556532181489,-0.0849991340751728,False,-8.446e-05,,0.0791,0.0821,0.0736,True
7997,2026-06-29T02:02:39.865101-03:00,WBETHUSDT,PREBREAK,1h,6,BEST,1732.1,1744.68,closed,1726.1,1743.01,1728.36,1747.69,1745.34,1717.68,1800.14,1712.73,True,2026-06-30T02:02:40.785896-03:00,0.00373751753643094,0.104605422029601,False,,,1953.61,1988.46,1705.33,True
8016,2026-06-29T04:02:38.871854-03:00,RENDERUSDT,PREBREAK,1h,4,WATCH,1.562,1.57,closed,1.576,1.572,1.557,1.544,1.585,1.55,1.606,1.536,True,2026-06-30T05:02:40.153136-03:00,-0.0360249359566273,-0.0466028055624506,False,1.333e-05,,1.601,1.641,1.471,True
8032,2026-06-29T05:02:42.894397-03:00,ANIMEUSDT,BREAKOUT,4h,11,BEST,0.00304,0.00283,closed,0.00326,0.00294,0.00284,0.00274,0.00338,0.0028,0.00338,0.0027,True,2026-06-30T05:02:43.411876-03:00,0.641200833659891,0.0536655098986624,True,-6.258e-05,,0.00273,0.00307,0.00257,True
8036,2026-06-29T05:02:42.894397-03:00,AVAXUSDT,COILING,4h,3,BEST,6.55,6.676,closed,6.542,6.529,6.598,6.578,6.63,6.5,6.822,6.448,True,2026-06-30T06:02:35.909357-03:00,0.0366688076891079,0.0251522584084393,False,8.121e-05,,6.873,7.115,6.385,True
8035,2026-06-29T05:02:42.894397-03:00,ORCAUSDT,COILING,4h,6,BEST,1.184,1.211,closed,1.185,1.19,1.195,1.198,1.207,1.18,1.227,1.18,True,2026-06-30T05:02:48.216578-03:00,0.495359578325752,0.184843950736116,False,-3.46e-05,,1.237,1.289,1.139,True
8034,2026-06-29T05:02:42.894397-03:00,ARBUSDT,COILING,4h,7,BEST,0.0757,0.0759,closed,0.0758,0.0753,0.0762,0.0752,0.0768,0.0752,0.0783,0.0746,True,2026-06-30T05:02:46.721118-03:00,0.146848957197716,0.0546383146790502,False,-4.023e-05,,0.0787,0.0821,0.0736,True
8033,2026-06-29T05:02:42.894397-03:00,ORDIUSDT,BREAKOUT,4h,9,WATCH,3.39,3.302,closed,3.367,3.379,3.455,3.851,3.475,3.314,4.396,3.314,True,2026-06-30T05:02:44.937271-03:00,0.101222584664582,0.0963707719972377,True,5e-05,,3.27,4.396,3.208,True
8059,2026-06-29T07:02:39.668799-03:00,ETCUSDT,PREBREAK,1h,5,BEST,7.03,7.11,closed,7.05,7.02,7.05,7.0,7.13,7.01,7.16,6.93,True,2026-06-30T08:02:37.014449-03:00,-0.217896194221339,-0.0834593215902515,False,6.255e-05,,7.13,7.39,6.76,True
8078,2026-06-29T09:02:40.155078-03:00,SYRUPUSDT,PREBREAK,1h,9,BEST,0.1404,0.142,closed,0.1411,0.1397,0.1381,0.1378,0.1447,0.1369,0.1492,0.1363,True,2026-06-30T09:02:40.412889-03:00,0.145591099192841,0.0455454288471622,False,2.715e-05,,0.16,0.1697,0.1338,True
8079,2026-06-29T09:02:40.155078-03:00,LDOUSDT,COILING,4h,3,BEST,0.252,0.2556,closed,0.2555,0.2532,0.2513,0.247,0.2564,0.2477,0.2587,0.2468,True,2026-06-30T10:02:38.78774-03:00,0.0999219730866299,0.036455141178796,False,8.795e-05,,0.2631,0.2779,0.2354,True
8090,2026-06-29T10:02:41.713895-03:00,BTCUSDT,PREBREAK,1h,7,WATCH,59948.78,60346.27,closed,60266.01,59450.01,60009.6,58338.01,60340.0,59011.0,60683.84,58338.0,True,2026-06-30T10:02:48.278732-03:00,0.0191729121619641,-0.0202513807371097,False,7.444e-05,,61768.21,63999.0,57800.19,True
8091,2026-06-29T10:02:41.713895-03:00,GRTUSDT,COILING,4h,6,BEST,0.01824,0.01837,closed,0.01846,0.01807,0.01825,0.01741,0.0185,0.01787,0.01852,0.01739,True,2026-06-30T10:02:45.281926-03:00,0.10370817700106,0.0397964448158421,False,0.0001,,0.01817,0.01947,0.01725,True
8092,2026-06-29T10:02:41.713895-03:00,ORCAUSDT,COILING,4h,5,BEST,1.197,1.211,closed,1.209,1.207,1.201,1.164,1.214,1.191,1.227,1.159,True,2026-06-30T10:02:42.277033-03:00,0.522370315701337,0.20988410717388,False,1.617e-05,,1.223,1.289,1.139,True
8089,2026-06-29T10:02:41.713895-03:00,ETHUSDT,PREBREAK,1h,7,BEST,1576.11,1589.75,closed,1585.51,1569.73,1587.87,1554.37,1588.82,1557.35,1637.58,1551.15,True,2026-06-30T11:02:42.379381-03:00,0.00804761282962354,-0.00899732068834477,False,2.16e-06,,1744.89,1808.0,1550.2,True
8093,2026-06-29T10:02:41.713895-03:00,AVAXUSDT,COILING,4h,2,BEST,6.574,6.676,closed,6.614,6.554,6.699,6.4,6.703,6.448,6.822,6.387,True,2026-06-30T10:02:43.628313-03:00,0.0525947391748082,0.0255754757144249,False,8.121e-05,,6.792,7.115,6.385,True
8088,2026-06-29T10:02:41.713895-03:00,WBTCUSDT,PREBREAK,1h,10,STRONG,59857.35,60246.35,closed,60144.74,59386.59,59908.1,58335.52,60236.68,58948.31,60646.93,58314.28,True,2026-06-30T10:02:46.785679-03:00,0.0576076832922115,-0.0341815547476389,False,,,61774.12,63953.02,57766.65,True
8105,2026-06-29T11:02:39.554328-03:00,ADAUSDT,PREBREAK,1h,4,WATCH,0.1448,0.1464,closed,0.1434,0.1446,0.1477,0.1455,0.1488,0.1432,0.1488,0.1421,True,2026-06-30T11:02:43.814621-03:00,-0.0150088778671472,-0.0334974480467881,False,-0.00013679,,0.182,0.2,0.142,True
8104,2026-06-29T11:02:39.554328-03:00,SHIBUSDT,PREBREAK,1h,6,BEST,4.2e-06,4.23e-06,closed,4.16e-06,4.21e-06,4.3e-06,4.23e-06,4.34e-06,4.16e-06,4.35e-06,4.15e-06,True,2026-06-30T11:02:46.422778-03:00,0.0438113680735746,-0.0850334052766161,False,-1.18e-06,,4.34e-06,4.58e-06,4.13e-06,True
8103,2026-06-29T11:02:39.554328-03:00,SKYUSDT,COILING,4h,7,BEST,0.05064,0.05083,closed,0.05105,0.05125,0.05334,0.05468,0.05351,0.05098,0.05488,0.05098,True,2026-06-30T11:02:45.121992-03:00,0.112266363562013,0.167730172703974,False,5e-05,,0.05583,0.06083,0.0511,True
8132,2026-06-29T13:02:42.423901-03:00,XLMUSDT,COILING,4h,2,BEST,0.1739,0.1804,closed,0.1736,0.1748,0.1775,0.1834,0.1788,0.1727,0.1876,0.1727,True,2026-06-30T14:02:36.803873-03:00,0.024551188996334,0.025452117800331,False,-5.619e-05,,0.2,0.2157,0.1734,True
8129,2026-06-29T13:02:42.423901-03:00,ENSOUSDT,BREAKOUT,4h,9,WATCH,0.634,0.613,closed,0.642,0.664,0.656,0.617,0.672,0.636,0.672,0.6,True,2026-06-30T13:02:52.716098-03:00,0.344833479512922,0.0844889754570887,False,5e-05,,0.671,0.693,0.6,True
8127,2026-06-29T13:02:42.423901-03:00,AIUSDT,HOLD,4h,10,STRONG,0.0205,0.0189,closed,0.0203,0.0207,0.0209,0.0224,0.022,0.0201,0.0272,0.0196,True,2026-06-30T13:02:48.423112-03:00,0.887335017561204,0.0168946771490441,False,,,0.0208,0.0272,0.0196,True
8133,2026-06-29T13:02:42.423901-03:00,AXSUSDT,COILING,4h,3,BEST,0.993,1.023,closed,0.989,0.986,0.994,0.966,1.002,0.985,1.02,0.956,True,2026-06-30T13:02:44.399964-03:00,0.263054982570505,0.0569704774033341,False,-6.521e-05,,1.018,1.077,0.944,True
8130,2026-06-29T13:02:42.423901-03:00,ENAUSDT,COILING,4h,7,BEST,0.0803,0.081,closed,0.0797,0.0797,0.0787,0.0705,0.0809,0.0781,0.0809,0.0702,True,2026-06-30T13:02:54.8045-03:00,4.23132091455705,0.0353406366906998,False,-2.515e-05,,0.0786,0.0817,0.0702,True
8131,2026-06-29T13:02:42.423901-03:00,ZROUSDT,COILING,4h,5,BEST,0.786,0.818,closed,0.79,0.799,0.812,0.83,0.836,0.784,0.842,0.784,True,2026-06-30T13:02:42.495393-03:00,0.598374204191522,0.0717638340437309,False,5e-05,,1.013,1.02,0.793,True
8126,2026-06-29T13:02:42.423901-03:00,ORDIUSDT,HOLD,4h,13,BEST,4.045,3.302,closed,4.018,4.127,3.877,3.687,4.396,3.84,4.396,3.569,True,2026-06-30T13:02:46.587362-03:00,0.584223983938516,0.16732371779348,True,-8.53e-06,,3.404,4.396,3.208,True
8128,2026-06-29T13:02:42.423901-03:00,ARUSDT,HOLD,4h,10,STRONG,1.987,1.906,closed,1.999,2.02,2.008,1.915,2.045,1.99,2.045,1.91,True,2026-06-30T13:02:50.715679-03:00,0.321478849475617,0.0186722496123162,True,0.0001,,2.049,2.142,1.91,True
8144,2026-06-29T14:02:40.93379-03:00,BNBUSDT,PREBREAK,1h,5,WATCH,556.15,558.42,closed,561.83,560.92,560.11,546.73,563.16,556.94,563.16,543.68,True,2026-06-30T15:02:35.115754-03:00,0.00721010752972014,-0.0789177486689371,False,1.584e-05,,583.06,593.47,537.25,True
8145,2026-06-29T14:02:40.93379-03:00,ARBUSDT,COILING,4h,5,BEST,0.0761,0.0763,closed,0.0777,0.0777,0.077,0.0756,0.0783,0.0764,0.0783,0.0736,True,2026-06-30T15:02:33.358287-03:00,0.221199625592273,0.051255001970791,False,0.0001,,0.0796,0.0821,0.0736,True
8152,2026-06-29T15:02:43.121398-03:00,PENDLEUSDT,BREAKOUT,4h,10,STRONG,1.343,1.336,closed,1.378,1.367,1.369,1.288,1.384,1.348,1.384,1.278,True,2026-06-30T16:02:38.846193-03:00,0.105811430302689,-0.0569701566930469,True,0.0001,,1.451,1.55,1.278,True
8155,2026-06-29T15:02:43.121398-03:00,GIGGLEUSDT,PREBREAK,1h,5,BEST,25.04,25.3,closed,24.95,24.92,24.85,24.27,25.04,24.72,25.14,24.15,True,2026-06-30T15:02:43.991909-03:00,-0.0498398107704721,0.0124305066213341,False,5e-05,,27.7,31.94,23.5,True
8154,2026-06-29T15:02:43.121398-03:00,AVAXUSDT,COILING,4h,6,BEST,6.659,6.676,closed,6.737,6.72,6.706,6.501,6.767,6.662,6.767,6.385,True,2026-06-30T16:02:41.858987-03:00,0.134081709789493,0.0284420812109372,True,6.278e-05,,6.956,7.115,6.385,True
8156,2026-06-29T15:02:43.121398-03:00,GRTUSDT,COILING,4h,2,BEST,0.01814,0.01837,closed,0.0183,0.01823,0.018,0.0177,0.01838,0.01795,0.01838,0.01736,True,2026-06-30T16:02:40.445997-03:00,0.0548429466876057,0.0600855400729103,False,0.0001,,0.01862,0.01947,0.01725,True
8153,2026-06-29T15:02:43.121398-03:00,1000SATSUSDT,BREAKOUT,4h,9,WATCH,1.043e-05,9.97e-06,closed,1.079e-05,1.042e-05,1.025e-05,9.63e-06,1.091e-05,1.018e-05,1.091e-05,9.55e-06,True,2026-06-30T16:02:37.268063-03:00,0.140711708168179,0.0999936008073834,True,5e-05,,9.67e-06,1.046e-05,9.21e-06,True
8173,2026-06-29T17:02:48.144137-03:00,FILUSDT,COILING,4h,3,BEST,0.738,0.755,closed,0.738,0.733,0.733,0.726,0.739,0.729,0.743,0.705,True,2026-06-30T18:02:34.223194-03:00,0.0379420347966716,0.0452049457087326,False,8.658e-05,,0.792,0.818,0.702,True
8170,2026-06-29T17:02:48.144137-03:00,NEIROUSDT,COILING,4h,7,BEST,6.37e-05,6.389e-05,closed,6.328e-05,6.392e-05,6.375e-05,6.206e-05,6.442e-05,6.31e-05,6.442e-05,6.06e-05,True,2026-06-30T18:02:39.271799-03:00,0.235997944215303,0.165484862335303,True,5e-05,,6.651e-05,7.129e-05,5.99e-05,True
8168,2026-06-29T17:02:48.144137-03:00,ENSOUSDT,HOLD,4h,13,BEST,0.661,0.611,closed,0.653,0.653,0.644,0.616,0.659,0.634,0.659,0.6,True,2026-06-30T18:02:35.9117-03:00,0.50207022693501,0.0965073666771702,True,5e-05,,0.669,0.693,0.6,True
8172,2026-06-29T17:02:48.144137-03:00,TONUSDT,COILING,4h,5,BEST,1.613,1.64,closed,1.615,1.609,1.604,,1.624,1.59,1.624,1.585,True,2026-06-30T18:02:33.201774-03:00,0.855984519348866,0.0611329247964584,False,0.0035385,,1.6,1.624,1.585,True
8171,2026-06-29T17:02:48.144137-03:00,UNIUSDT,COILING,4h,6,BEST,2.982,3.065,closed,2.983,2.933,2.883,2.785,2.986,2.878,2.986,2.746,True,2026-06-30T17:02:50.002567-03:00,1.95676189986638,0.0240256120583329,False,9.119e-05,,3.195,3.309,2.718,True
8169,2026-06-29T17:02:48.144137-03:00,SYNUSDT,BREAKOUT,4h,10,STRONG,0.53084,0.49,closed,0.4968,0.49729,0.51456,0.54179,0.56,0.4785,0.71832,0.4785,True,2026-06-30T18:02:37.480006-03:00,0.172968899758279,0.0155197525837396,False,7.14e-05,,0.36732,0.71832,0.30626,True
8184,2026-06-29T18:02:39.334329-03:00,CAKEUSDT,COILING,4h,4,WATCH,1.346,1.377,closed,1.338,1.341,1.331,1.314,1.343,1.329,1.343,1.287,True,2026-06-30T18:02:44.343372-03:00,0.0959977809409771,0.0376090683985593,False,5e-05,,1.446,1.486,1.287,True
8185,2026-06-29T18:02:39.334329-03:00,XLMUSDT,COILING,4h,3,BEST,0.1773,0.1796,closed,0.176,0.1768,0.1742,0.1823,0.1771,0.1734,0.1884,0.1734,True,2026-06-30T18:02:41.008349-03:00,0.0488739667582294,0.0306704864459426,False,-5.619e-05,,0.2025,0.2157,0.1734,True
8183,2026-06-29T18:02:39.334329-03:00,ENAUSDT,COILING,4h,4,BEST,0.0788,0.0805,closed,0.0781,0.0787,0.0775,0.071,0.0792,0.077,0.0792,0.0702,True,2026-06-30T18:02:42.664162-03:00,2.4506625246486,0.0325367885593949,False,-0.00010409,,0.0796,0.0817,0.0702,True
8193,2026-06-29T20:02:33.788334-03:00,GRTUSDT,COILING,4h,1,BEST,0.01812,0.01879,closed,0.01793,0.01791,0.01803,0.01748,0.01818,0.0177,0.01826,0.01731,True,2026-06-30T20:02:34.079257-03:00,0.0240286117868745,0.0356269136534231,False,0.0001,,0.0184,0.01947,0.01725,True
8196,2026-06-29T21:02:36.56766-03:00,ZAMAUSDT,COILING,4h,8,BEST,0.03217,0.03235,closed,0.03231,0.03209,0.03241,0.03339,0.03249,0.03156,0.03461,0.03156,True,2026-06-30T21:02:38.916733-03:00,0.684801831796977,0.0534543424445283,False,5e-05,,0.03457,0.03546,0.03077,True
8197,2026-06-29T21:02:36.56766-03:00,CHZUSDT,BREAKOUT,4h,7,WATCH,0.01913,0.01838,closed,0.0191,0.01878,0.01853,0.01782,0.01959,0.01849,0.01959,0.01767,True,2026-06-30T21:02:40.395203-03:00,0.117009609628577,-0.0548746967497689,True,9.726e-05,,0.01824,0.01959,0.01721,True
8205,2026-06-29T22:02:42.472083-03:00,NEIROUSDT,COILING,4h,7,BEST,6.384e-05,6.389e-05,closed,6.34e-05,6.36e-05,6.312e-05,6.135e-05,6.39e-05,6.256e-05,6.39e-05,6.06e-05,True,2026-06-30T23:02:38.574905-03:00,0.484816843785452,0.119012508310176,True,5e-05,,6.624e-05,7.129e-05,5.99e-05,True
8204,2026-06-29T22:02:42.472083-03:00,ARUSDT,HOLD,4h,12,STRONG,2.012,1.906,closed,1.984,1.983,1.974,2.02,1.992,1.966,2.025,1.91,True,2026-06-30T23:02:36.665764-03:00,0.592669826251377,0.0406449252944527,True,0.0001,,2.012,2.142,1.91,True
8214,2026-06-30T01:02:36.342214-03:00,SKYUSDT,HOLD,4h,13,BEST,0.05321,0.05173,closed,0.05328,0.05341,0.054,0.05283,0.0541,0.05308,0.05488,0.05162,True,2026-07-01T02:02:38.641987-03:00,0.241861603884159,0.190486984032115,True,5e-05,,0.05508,0.06083,0.05162,True
8215,2026-06-30T01:02:36.342214-03:00,FFUSDT,PREBREAK,1h,6,BEST,0.06642,0.06722,closed,0.06628,0.06648,0.06843,0.06956,0.0695,0.06614,0.07277,0.06614,True,2026-07-01T02:02:37.086355-03:00,0.0220966404072747,-0.136947588210736,False,5e-05,,0.05965,0.07277,0.05865,True
8221,2026-06-30T02:02:34.987456-03:00,XLMUSDT,BREAKOUT,4h,11,BEST,0.1828,0.1796,closed,0.1858,0.1854,0.1798,0.1995,0.1876,0.1786,0.2078,0.1739,True,2026-07-01T02:02:39.973431-03:00,0.0837730288147754,0.0377993777827681,True,-0.00024636,,0.1961,0.2157,0.1739,True
8230,2026-06-30T04:02:36.715729-03:00,HYPERUSDT,PREBREAK,1h,11,BEST,0.0817,0.0825,closed,0.0816,0.0813,0.0774,0.0787,0.0838,0.073,0.0838,0.073,True,2026-07-01T05:02:40.784355-03:00,0.0674381173090338,-0.182108206928557,False,-4.247e-05,,0.0719,0.0838,0.0713,True
8237,2026-06-30T05:02:39.402681-03:00,MORPHOUSDT,HOLD,4h,13,BEST,1.918,1.844,closed,1.92,1.899,1.867,1.973,1.923,1.834,1.998,1.825,True,2026-07-01T05:02:42.373098-03:00,0.344299648391416,0.0567685282398196,True,-9.01e-06,,2.025,2.206,1.825,True
8277,2026-06-30T09:02:37.652935-03:00,RENDERUSDT,COILING,4h,2,BEST,1.512,1.606,closed,1.505,1.494,1.513,1.504,1.528,1.491,1.537,1.471,True,2026-07-01T09:02:43.361803-03:00,0.0561700988981918,0.0290200772588281,False,-2.326e-05,,1.607,1.641,1.471,True
8276,2026-06-30T09:02:37.652935-03:00,ZAMAUSDT,HOLD,4h,13,BEST,0.03322,0.03237,closed,0.03314,0.03294,0.03385,0.0333,0.03429,0.03282,0.03461,0.03282,True,2026-07-01T09:02:44.734026-03:00,4.09383251240206,0.10581559869503,True,5e-05,,0.03387,0.03546,0.03077,True
8287,2026-06-30T10:02:37.88849-03:00,SKYUSDT,HOLD,4h,12,STRONG,0.05409,0.05359,closed,0.05437,0.05471,0.05367,0.0528,0.05488,0.0534,0.05488,0.05162,True,2026-07-01T10:02:38.54115-03:00,0.38122378530021,0.201618576523942,True,5e-05,,0.05544,0.06083,0.05162,True
8288,2026-06-30T10:02:37.88849-03:00,ZROUSDT,PREBREAK,1h,9,BEST,0.829,0.833,closed,0.812,0.815,0.821,0.82,0.842,0.803,0.848,0.803,True,2026-07-01T10:02:40.52717-03:00,0.509041274748349,0.0746515800634422,False,5e-05,,0.987,1.06,0.798,True
8300,2026-06-30T11:02:41.354151-03:00,ATOMUSDT,PREBREAK,1h,4,WATCH,1.54,1.544,closed,1.531,1.525,1.51,1.522,1.541,1.506,1.541,1.482,True,2026-07-01T12:02:35.525147-03:00,-0.681209812881714,0.120125903159405,False,-0.00013612,,1.595,1.63,1.482,True
8316,2026-06-30T13:02:39.77506-03:00,XLMUSDT,COILING,4h,3,BEST,0.1827,0.1876,closed,0.1821,0.1838,0.1855,0.2036,0.1884,0.18,0.2078,0.18,True,2026-07-01T13:02:50.639082-03:00,0.0276038581858595,0.0315306007759942,False,2.454e-05,,0.1932,0.2157,0.1816,True
8317,2026-06-30T13:02:39.77506-03:00,NEIROUSDT,COILING,4h,3,BEST,6.162e-05,6.542e-05,closed,6.177e-05,6.205e-05,6.206e-05,6.305e-05,6.25e-05,6.13e-05,6.35e-05,5.99e-05,True,2026-07-01T13:02:53.800084-03:00,0.468230205549641,0.0345246147592596,False,-2.078e-05,,6.523e-05,7.129e-05,5.99e-05,True
8312,2026-06-30T13:02:39.77506-03:00,ESPUSDT,HOLD,4h,15,BEST,0.0819,0.07044,closed,0.07633,0.07449,0.0699,0.06908,0.0793,0.0695,0.0793,0.06338,True,2026-07-01T13:02:55.031677-03:00,1.66802673766646,0.0739778958691337,True,-0.00528986,,0.06571,0.07599,0.06338,True
8313,2026-06-30T13:02:39.77506-03:00,FFUSDT,BREAKOUT,4h,13,BEST,0.07028,0.0695,closed,0.07025,0.07069,0.07016,0.06599,0.07277,0.06996,0.07277,0.0654,True,2026-07-01T13:02:56.234399-03:00,9.77508198331164,-0.072778945578413,True,5e-05,,0.06027,0.07277,0.05727,True
8318,2026-06-30T13:02:39.77506-03:00,ARBUSDT,COILING,4h,2,BEST,0.0744,0.0783,closed,0.0747,0.0756,0.0761,0.078,0.0768,0.0744,0.0787,0.0744,True,2026-07-01T13:02:52.236847-03:00,0.186548408017692,0.0534305671217889,False,4.07e-06,,0.0794,0.0821,0.075,True
8314,2026-06-30T13:02:39.77506-03:00,DODOUSDT,BREAKOUT,4h,7,WATCH,0.02011,0.01945,closed,0.01993,0.01944,0.01952,0.01889,0.02008,0.0191,0.02148,0.0186,True,2026-07-01T13:02:47.402415-03:00,0.073677294836488,-0.00895179080581825,True,,,0.01666,0.02148,0.01644,True
8315,2026-06-30T13:02:39.77506-03:00,DYDXUSDT,BREAKOUT,4h,7,WATCH,0.17123,0.16652,closed,0.16843,0.16792,0.17373,0.1875,0.18097,0.16558,0.24466,0.16558,True,2026-07-01T13:02:48.645372-03:00,0.0442441235975839,0.0108371464194326,True,4.295e-05,,0.12804,0.24466,0.12264,True
8328,2026-06-30T14:02:35.94637-03:00,GLMUSDT,BREAKOUT,4h,11,BEST,0.1094,0.1062,closed,0.1196,0.1225,0.1084,0.1041,0.132,0.1078,0.132,0.1005,True,2026-07-01T14:02:38.451312-03:00,1.2050024704995,0.00714671855427462,False,-0.00330905,,0.099,0.1235,0.0973,True
8335,2026-06-30T15:02:32.628002-03:00,ZBTUSDT,BREAKOUT,4h,7,WATCH,0.1203,0.1095,closed,0.1217,0.1205,0.1189,0.1514,0.1259,0.1185,0.1567,0.1185,True,2026-07-01T15:02:38.802862-03:00,0.173479131095752,-0.000661383040494349,True,5e-05,,0.1207,0.1584,0.1185,True
8344,2026-06-30T16:02:36.339188-03:00,FFUSDT,HOLD,4h,8,WATCH,0.07028,0.06802,closed,0.07092,0.07016,0.06879,0.06311,0.07136,0.06856,0.07136,0.06264,True,2026-07-01T16:02:41.109463-03:00,9.77508198331164,-0.072778945578413,True,5e-05,,0.06011,0.07071,0.05727,True
8367,2026-06-30T19:02:34.985706-03:00,STOUSDT,PREBREAK,1h,8,BEST,0.0461,0.0466,closed,0.0462,0.0463,0.0455,0.0456,0.0464,0.045,0.0464,0.0446,True,2026-07-01T19:02:42.245737-03:00,5.67381300540858,-0.0105723140664817,False,5e-05,,0.0461,0.0506,0.0446,True
8375,2026-06-30T21:02:37.911113-03:00,NMRUSDT,COILING,4h,4,BEST,8.88,9.2,closed,8.81,8.78,8.92,9.51,8.94,8.73,9.71,8.73,True,2026-07-01T21:02:48.025401-03:00,0.259166375663238,0.123071971949948,False,5e-05,,9.96,10.36,8.73,True
8373,2026-06-30T21:02:37.911113-03:00,RIFUSDT,HOLD,4h,10,STRONG,0.091,0.0829,closed,0.092,0.0917,0.0894,0.1169,0.0935,0.0855,0.12,0.0844,True,2026-07-01T21:02:45.217525-03:00,0.236978155605221,-0.00554998293423144,False,-0.00040453,,0.1352,0.1446,0.0844,True
8374,2026-06-30T21:02:37.911113-03:00,WBETHUSDT,PREBREAK,1h,6,WATCH,1737.64,1756.65,closed,1729.08,1729.22,1750.09,1765.31,1758.47,1707.57,1810.0,1707.57,True,2026-07-01T21:02:46.671762-03:00,0.0102316334477414,0.122565458009681,False,,,1959.69,2016.31,1707.57,True
8385,2026-06-30T23:02:35.905423-03:00,XRPUSDT,PREBREAK,1h,6,WATCH,1.0414,1.05,closed,1.0423,1.0455,1.0499,1.0566,1.0544,1.0383,1.0738,1.0345,True,2026-07-02T00:02:40.340984-03:00,-0.102313543372875,-0.0238601529112045,False,-9.97e-06,,1.1005,1.1843,1.0345,True
8386,2026-06-30T23:02:35.905423-03:00,APTUSDT,PREBREAK,1h,6,BEST,0.573,0.576,closed,0.574,0.579,0.582,0.597,0.588,0.571,0.604,0.571,True,2026-07-01T23:02:39.017947-03:00,0.0125187225662366,-0.00934200743603482,False,-0.00015008,,0.617,0.651,0.574,True
8384,2026-06-30T23:02:35.905423-03:00,DYDXUSDT,BREAKOUT,4h,12,BEST,0.18004,0.17239,closed,0.18049,0.18684,0.22908,0.13542,0.24466,0.17978,0.24466,0.13158,True,2026-07-01T23:02:40.567195-03:00,0.824879548361449,0.0169564676400077,True,4.295e-05,,0.1289,0.24466,0.12264,True
8387,2026-06-30T23:02:35.905423-03:00,BTCUSDT,PREBREAK,1h,5,WATCH,58770.57,59420.0,closed,58836.47,59034.0,59090.0,60142.66,59457.0,58663.95,61334.0,58326.0,True,2026-07-01T23:02:37.207708-03:00,-0.195387167588572,-0.039945051340909,False,3.327e-05,,62979.99,64700.0,58326.0,True
8400,2026-07-01T01:02:33.120359-03:00,CAKEUSDT,COILING,4h,3,WATCH,1.325,1.377,closed,1.322,1.325,1.321,1.35,1.327,1.311,1.365,1.304,True,2026-07-02T01:02:42.05335-03:00,0.0310119359656192,0.0326603082152607,False,5e-05,,1.374,1.486,1.304,True
8430,2026-07-01T04:02:34.787242-03:00,XLMUSDT,BREAKOUT,4h,8,WATCH,0.2041,0.1884,closed,0.1992,0.1998,0.1997,0.1953,0.2042,0.1955,0.2042,0.1926,True,2026-07-02T04:02:35.910482-03:00,0.111267212026134,0.0188279277339682,True,-3.308e-05,,0.1854,0.2157,0.1842,True
8441,2026-07-01T05:02:39.711573-03:00,AXSUSDT,PREBREAK,1h,3,WATCH,0.983,0.984,closed,0.978,0.99,1.003,1.0,1.005,0.977,1.024,0.977,True,2026-07-02T06:02:38.212964-03:00,-0.164545735082959,-0.0225106256270119,False,-9.944e-05,,0.965,1.077,0.954,True
8442,2026-07-01T05:02:39.711573-03:00,MITOUSDT,COILING,4h,3,BEST,0.02453,0.02578,closed,0.02446,0.02452,0.02433,0.02367,0.0247,0.02419,0.0253,0.02363,True,2026-07-02T05:02:42.146904-03:00,0.170587175388811,0.0291816363090821,False,5e-05,,0.02055,0.0253,0.02048,True
8440,2026-07-01T05:02:39.711573-03:00,JUPUSDT,BREAKOUT,4h,14,BEST,0.225,0.2215,closed,0.2266,0.2289,0.2353,0.2322,0.2385,0.2249,0.2417,0.2249,True,2026-07-02T05:02:40.448644-03:00,0.371442152985999,-0.0359123211783527,False,-9.834e-05,,0.2133,0.2525,0.2129,True
8453,2026-07-01T06:02:35.850214-03:00,ETHFIUSDT,PREBREAK,1h,5,BEST,0.323,0.326,closed,0.325,0.32,0.32,0.333,0.325,0.317,0.339,0.315,True,2026-07-02T06:02:40.118894-03:00,-0.332980983374652,0.0137106202625826,False,1.315e-05,,0.389,0.455,0.315,True
8452,2026-07-01T06:02:35.850214-03:00,RIFUSDT,HOLD,4h,9,WATCH,0.0955,0.0829,closed,0.0882,0.0884,0.0934,0.1304,0.0947,0.0844,0.1425,0.0844,True,2026-07-02T06:02:41.662923-03:00,0.186542133118955,-0.000229496674104601,True,-0.00037295,,0.135,0.1446,0.0857,True
8477,2026-07-01T08:02:47.413-03:00,NOMUSDT,COILING,4h,4,BEST,0.00134,0.00142,closed,0.00155,0.00158,0.00159,0.00191,0.00183,0.00149,0.00236,0.00149,True,2026-07-02T09:02:42.486013-03:00,2.33083786087394,0.0325055329046322,False,5e-05,,0.00158,0.00247,0.00153,True
8490,2026-07-01T09:02:42.145778-03:00,AXSUSDT,COILING,4h,4,BEST,1.002,1.02,closed,1.004,1.006,1.005,1.005,1.016,0.983,1.024,0.983,True,2026-07-02T09:02:46.496312-03:00,0.0335783774923048,0.0444787452622488,False,-7.023e-05,,0.989,1.077,0.954,True
8489,2026-07-01T09:02:42.145778-03:00,MEUSDT,COILING,4h,5,BEST,0.05955,0.06037,closed,0.05964,0.05981,0.06025,0.06522,0.06058,0.05825,0.089,0.05825,True,2026-07-02T09:02:48.377052-03:00,0.38678819088399,0.073298104792974,False,-0.00113222,,0.06358,0.089,0.05825,True
8487,2026-07-01T09:02:42.145778-03:00,JUPUSDT,HOLD,4h,10,STRONG,0.2352,0.2215,closed,0.2331,0.2394,0.2347,0.2496,0.2413,0.2319,0.25,0.2287,True,2026-07-02T09:02:44.67764-03:00,0.710894325514421,-0.0302957177155526,True,-6.159e-05,,0.2153,0.2525,0.2124,True
8488,2026-07-01T09:02:42.145778-03:00,MORPHOUSDT,HOLD,4h,10,STRONG,1.996,1.93,closed,1.99,2.101,2.111,2.15,2.162,1.981,2.206,1.981,True,2026-07-02T09:02:50.290265-03:00,1.33511855205253,-0.0476070915093709,True,5e-05,,2.12,2.206,1.862,True
8499,2026-07-01T10:02:37.807487-03:00,JUPUSDT,BREAKOUT,4h,12,BEST,0.2352,0.2215,closed,0.2384,0.2389,0.2345,0.2482,0.2413,0.233,0.25,0.2287,True,2026-07-02T10:02:40.211839-03:00,0.710894325514421,-0.0302957177155526,True,-6.159e-05,,0.2164,0.2525,0.2124,True
8500,2026-07-01T10:02:37.807487-03:00,EPICUSDT,BREAKOUT,4h,5,WATCH,0.5,0.46,closed,0.49,0.508,0.481,0.476,0.533,0.472,0.533,0.442,True,2026-07-02T10:02:42.098335-03:00,0.0102942557733615,0.00106039589603916,True,5e-05,,0.325,0.753,0.32,True
8513,2026-07-01T11:02:34.856926-03:00,FILUSDT,PREBREAK,1h,4,WATCH,0.736,0.738,closed,0.743,0.741,0.745,0.788,0.754,0.735,0.789,0.732,True,2026-07-02T11:02:52.838286-03:00,-0.0401806958986702,-0.0219374259440782,False,0.0001,,0.758,0.818,0.732,True
8512,2026-07-01T11:02:34.856926-03:00,BNBUSDT,PREBREAK,1h,6,WATCH,549.13,552.83,closed,552.19,550.52,553.94,565.62,555.68,547.61,567.17,546.21,True,2026-07-02T11:02:47.620532-03:00,-0.127521335171502,-0.0529086172193999,False,1.081e-05,,564.42,593.47,546.21,True
8511,2026-07-01T11:02:34.856926-03:00,ETCUSDT,PREBREAK,1h,7,BEST,6.9,6.97,closed,6.98,6.98,7.0,7.24,7.06,6.9,7.24,6.9,True,2026-07-02T11:02:49.805994-03:00,-0.522161952993435,-0.0169879558070951,False,3.512e-05,,6.92,7.39,6.82,True
8509,2026-07-01T11:02:34.856926-03:00,ZBTUSDT,BREAKOUT,4h,10,STRONG,0.142,0.1304,closed,0.1478,0.1545,0.1514,0.1402,0.1567,0.1451,0.1584,0.1287,True,2026-07-02T11:02:51.215588-03:00,0.679060427434548,0.013931143576891,True,5e-05,,0.1221,0.1584,0.1182,True
8510,2026-07-01T11:02:34.856926-03:00,ZROUSDT,PREBREAK,1h,8,BEST,0.843,0.848,closed,0.845,0.827,0.84,0.877,0.857,0.822,0.878,0.798,True,2026-07-02T11:02:46.221887-03:00,0.147966300952058,-0.0827417070265877,False,5e-05,,0.982,1.06,0.798,True
8526,2026-07-01T12:02:34.830484-03:00,DOGEUSDT,PREBREAK,1h,3,WATCH,0.07269,0.07271,closed,0.07299,0.07336,0.07328,0.07454,0.07363,0.07278,0.07556,0.07168,True,2026-07-02T12:03:08.580309-03:00,-0.103980695523274,-0.0997871725513456,False,4.431e-05,,0.07186,0.07938,0.07101,True
8524,2026-07-01T12:02:34.830484-03:00,ETHUSDT,PREBREAK,1h,5,BEST,1601.18,1604.02,closed,1609.2,1618.57,1621.18,1701.26,1631.0,1607.11,1725.0,1597.22,True,2026-07-02T12:03:11.228693-03:00,-0.0557144002324588,-0.0212660381222918,False,5.33e-05,,1722.96,1833.4,1597.22,True
8525,2026-07-01T12:02:34.830484-03:00,ATOMUSDT,PREBREAK,1h,4,WATCH,1.533,1.534,closed,1.553,1.567,1.558,1.554,1.572,1.54,1.58,1.537,True,2026-07-02T12:03:10.054723-03:00,-0.14530019224548,0.0211854794788136,False,-2.583e-05,,1.55,1.63,1.529,True
8542,2026-07-01T13:02:46.318188-03:00,IOTAUSDT,HOLD,4h,13,BEST,0.0383,0.0367,closed,0.0381,0.0379,0.0371,0.0389,0.0385,0.0369,0.0408,0.0369,True,2026-07-02T13:03:02.713251-03:00,1.44658635503729,0.0706342361612144,False,-2.105e-05,,0.0373,0.0408,0.0357,True
8543,2026-07-01T13:02:46.318188-03:00,MORPHOUSDT,BREAKOUT,4h,13,BEST,2.113,1.998,closed,2.111,2.098,2.082,2.152,2.186,2.073,2.206,2.045,True,2026-07-02T13:03:11.187728-03:00,2.05667828189906,0.00964141277684121,True,5e-05,,2.094,2.206,1.862,True
8545,2026-07-01T13:02:46.318188-03:00,ZBTUSDT,HOLD,4h,10,STRONG,0.1546,0.1333,closed,0.1481,0.1508,0.146,0.1419,0.1541,0.1441,0.1584,0.1287,True,2026-07-02T13:03:09.728312-03:00,0.763643219983701,0.00137423167091073,True,5e-05,,0.1206,0.1584,0.1182,True
8546,2026-07-01T13:02:46.318188-03:00,MITOUSDT,COILING,4h,2,BEST,0.02486,0.02578,closed,0.02483,0.02445,0.02434,0.02404,0.02499,0.02428,0.02499,0.02351,True,2026-07-02T13:03:08.111607-03:00,0.285054622444976,0.033260795785572,False,5e-05,,0.02038,0.02491,0.02004,True
8547,2026-07-01T13:02:46.318188-03:00,SEIUSDT,PREBREAK,1h,5,BEST,0.04808,0.0481,closed,0.0479,0.04735,0.04829,0.04784,0.04895,0.04718,0.04935,0.04704,True,2026-07-02T13:03:06.451229-03:00,-0.0135614662902056,-0.067306914390199,False,-9.304e-05,,0.04678,0.05156,0.04602,True
8544,2026-07-01T13:02:46.318188-03:00,XLMUSDT,HOLD,4h,10,STRONG,0.2023,0.1894,closed,0.2012,0.1994,0.2004,0.1995,0.2039,0.1977,0.2044,0.1926,True,2026-07-02T13:03:00.888642-03:00,0.0468561215194351,0.00158732588521576,False,-6.993e-05,,0.1832,0.2157,0.1803,True
8541,2026-07-01T13:02:46.318188-03:00,NFPUSDT,HOLD,4h,13,BEST,0.01129,0.00679,closed,0.0138,0.01537,0.03737,0.00761,0.04345,0.01148,0.04345,0.00674,True,2026-07-02T13:03:04.556895-03:00,1.2896737553049,0.0363911229208621,True,-0.01005087,,0.00584,0.04345,0.00484,True
8565,2026-07-01T14:02:37.575645-03:00,WBTCUSDT,PREBREAK,1h,6,WATCH,59870.63,60022.97,closed,59850.87,60102.18,60081.26,61630.89,60280.59,59733.66,62135.76,59537.73,True,2026-07-02T14:02:47.358706-03:00,0.030161913289782,-0.0551972783583405,False,,,62066.83,64702.38,59537.73,True
8564,2026-07-01T14:02:37.575645-03:00,MEUSDT,COILING,4h,7,BEST,0.06024,0.06037,closed,0.06002,0.06015,0.05935,0.06551,0.06015,0.05913,0.089,0.05903,True,2026-07-02T14:02:49.622197-03:00,0.435042237016886,0.067501042610593,False,-0.0002583,,0.06235,0.089,0.05903,True
8566,2026-07-01T14:02:37.575645-03:00,WBETHUSDT,PREBREAK,1h,5,WATCH,1775.51,1776.99,closed,1774.92,1784.47,1780.62,1868.13,1786.31,1768.14,1897.12,1757.41,True,2026-07-02T14:02:45.292703-03:00,0.0129663253392896,0.0593567425025759,False,,,1907.85,2016.31,1757.41,True
8567,2026-07-01T14:02:37.575645-03:00,AXSUSDT,COILING,4h,4,BEST,1.005,1.02,closed,1.002,1.001,1.01,1.026,1.016,0.995,1.041,0.995,True,2026-07-02T14:02:43.581215-03:00,0.358797647260643,0.0700762350427678,False,3.076e-05,,0.989,1.077,0.954,True
8621,2026-07-01T17:02:34.553505-03:00,RIFUSDT,HOLD,4h,9,WATCH,0.117,0.0985,closed,0.1121,0.109,0.1167,0.1012,0.1179,0.1066,0.1425,0.0916,True,2026-07-02T17:02:39.552408-03:00,0.236107767677837,0.001971300443705,True,5e-05,,0.1363,0.1446,0.0916,True
8622,2026-07-01T17:02:34.553505-03:00,CAKEUSDT,COILING,4h,3,WATCH,1.345,1.377,closed,1.344,1.349,1.336,1.363,1.365,1.334,1.378,1.333,True,2026-07-02T17:02:41.42432-03:00,0.128918614869955,0.0302071760791728,False,5e-05,,1.384,1.486,1.333,True
8620,2026-07-01T17:02:34.553505-03:00,HEMIUSDT,BREAKOUT,4h,10,STRONG,0.0049,0.00458,closed,0.00471,0.00484,0.00526,0.00482,0.0054,0.00467,0.0054,0.00452,True,2026-07-02T17:02:37.659554-03:00,0.470170292865797,0.101151588204636,True,5e-05,,0.00437,0.0054,0.00417,True
8648,2026-07-01T18:02:33.070624-03:00,COOKIEUSDT,BREAKOUT,4h,13,BEST,0.0102,0.0101,closed,0.0098,0.0101,0.0096,0.0091,0.0106,0.0096,0.0106,0.0086,True,2026-07-02T18:02:38.033046-03:00,0.435258251705658,0.0649762406985108,False,5e-05,,0.0088,0.0111,0.0086,True
8663,2026-07-01T19:02:41.103246-03:00,CRVUSDT,BREAKOUT,4h,13,BEST,0.1973,0.1959,closed,0.2049,0.2061,0.207,0.2057,0.2089,0.2017,0.2131,0.199,True,2026-07-02T20:02:36.572336-03:00,0.963476553135437,-0.108429252891821,True,0.0001,,0.2,0.2195,0.1988,True
8681,2026-07-01T21:02:43.987654-03:00,SUIUSDT,COILING,4h,5,BEST,0.7156,0.7222,closed,0.7141,0.7162,0.7341,0.7336,0.7388,0.7102,0.7536,0.7102,True,2026-07-02T21:02:45.252933-03:00,0.0790061517045474,0.0242620253193986,True,-6.12e-06,,0.711,0.7828,0.6964,True
8680,2026-07-01T21:02:43.987654-03:00,AXSUSDT,COILING,4h,6,BEST,1.01,1.02,closed,1.01,1.006,1.005,1.018,1.015,1.001,1.042,0.997,True,2026-07-02T22:02:40.947711-03:00,1.0077703988626,0.067751307134968,True,5e-05,,0.997,1.077,0.954,True
8677,2026-07-01T21:02:43.987654-03:00,HEMIUSDT,HOLD,4h,13,BEST,0.00522,0.00458,closed,0.00521,0.00511,0.00515,0.00481,0.0054,0.00499,0.0054,0.00452,True,2026-07-02T21:02:43.995317-03:00,0.732799758834021,0.0993014891234628,True,5e-05,,0.00436,0.0054,0.00417,True
8678,2026-07-01T21:02:43.987654-03:00,CRVUSDT,HOLD,4h,8,WATCH,0.2054,0.1959,closed,0.2059,0.2046,0.2056,0.2054,0.2083,0.2017,0.2131,0.199,True,2026-07-02T22:02:42.666078-03:00,2.78327906130905,-0.062090144849738,True,3.55e-05,,0.2001,0.2195,0.198,True
8679,2026-07-01T21:02:43.987654-03:00,OGNUSDT,COILING,4h,7,BEST,0.0154,0.01546,closed,0.01525,0.01524,0.01535,0.01545,0.01538,0.01513,0.01548,0.01492,True,2026-07-02T22:02:39.170833-03:00,0.43379256154674,0.0277456201386928,False,5e-05,,0.01889,0.02445,0.01492,True
8693,2026-07-01T22:02:42.24971-03:00,RAYUSDT,COILING,4h,7,BEST,0.6484,0.656,closed,0.6452,0.6524,0.668,0.6918,0.671,0.6413,0.7579,0.6413,True,2026-07-02T22:02:44.526756-03:00,1.65494058734977,0.0453062707181205,False,,,0.6741,0.7579,0.6488,True
8692,2026-07-01T22:02:42.24971-03:00,KAITOUSDT,BREAKOUT,4h,13,BEST,0.6192,0.6115,closed,0.6248,0.646,0.5967,0.5704,0.6476,0.5927,0.6476,0.5534,True,2026-07-02T22:02:45.94742-03:00,0.311437221184702,-0.0707313489588326,True,5e-05,,0.67,0.8577,0.5534,True
8723,2026-07-02T01:02:41.112085-03:00,PEPEUSDT,COILING,4h,5,BEST,2.39e-06,2.42e-06,closed,2.38e-06,2.38e-06,2.37e-06,2.47e-06,2.4e-06,2.35e-06,2.5e-06,2.35e-06,True,2026-07-03T01:02:46.279854-03:00,0.144851633654653,0.0362271995777729,False,-3.919e-05,,2.59e-06,2.87e-06,2.35e-06,True
8718,2026-07-02T01:02:41.112085-03:00,PENDLEUSDT,HOLD,4h,13,BEST,1.479,1.392,closed,1.47,1.481,1.453,1.516,1.495,1.448,1.55,1.448,True,2026-07-03T01:02:52.87205-03:00,0.63053180916464,0.0342932237130204,True,7.085e-05,,1.509,1.55,1.372,True
8722,2026-07-02T01:02:41.112085-03:00,ADAUSDT,HOLD,4h,10,STRONG,0.1563,0.153,closed,0.1552,0.1557,0.1551,0.1664,0.1561,0.1542,0.1685,0.1542,True,2026-07-03T01:02:47.898316-03:00,0.247942893687213,0.0173880662054856,False,0.0001,,0.167,0.2,0.1542,True
8721,2026-07-02T01:02:41.112085-03:00,MORPHOUSDT,HOLD,4h,11,STRONG,2.181,2.001,closed,2.192,2.194,2.111,2.046,2.206,2.106,2.206,2.023,True,2026-07-03T01:02:49.485009-03:00,18.0424792452195,0.0748747361363218,True,-2.545e-05,,2.028,2.206,1.862,True
8719,2026-07-02T01:02:41.112085-03:00,IOTAUSDT,HOLD,4h,12,STRONG,0.0386,0.0367,closed,0.0381,0.0389,0.0402,0.0388,0.0405,0.038,0.0408,0.038,True,2026-07-03T01:02:44.066129-03:00,0.858388233235206,0.0409723981465167,False,-9.987e-05,,0.037,0.0408,0.0357,True
8720,2026-07-02T01:02:41.112085-03:00,SOLUSDT,HOLD,4h,11,STRONG,78.72,76.49,closed,78.42,78.12,78.06,80.64,78.69,77.59,82.78,77.59,True,2026-07-03T01:02:51.11636-03:00,0.1254534687106,0.0107339267281756,True,2.682e-05,,77.6,83.98,76.29,True
8737,2026-07-02T02:02:37.069475-03:00,ONDOUSDT,HOLD,4h,8,WATCH,0.3337,0.323,closed,0.3316,0.3311,0.3325,0.3297,0.3331,0.3282,0.3395,0.3262,True,2026-07-03T02:02:40.68731-03:00,0.391410434859305,-0.0245645991578706,True,2.133e-05,,0.3183,0.348,0.3093,True
8736,2026-07-02T02:02:37.069475-03:00,SUIUSDT,HOLD,4h,10,STRONG,0.7322,0.7086,closed,0.7312,0.7277,0.7313,0.7396,0.7321,0.7234,0.7536,0.7234,True,2026-07-03T02:02:37.899647-03:00,0.0681663872986901,0.0174150923150616,True,-6.12e-06,,0.7258,0.7828,0.6964,True
8735,2026-07-02T02:02:37.069475-03:00,RIFUSDT,HOLD,4h,11,STRONG,0.1319,0.1014,closed,0.1341,0.1385,0.1301,0.1286,0.1425,0.1272,0.1425,0.0916,True,2026-07-03T02:02:39.235967-03:00,0.150868320734475,0.00502837684989517,True,-1.902e-05,,0.1292,0.1446,0.0916,True
8748,2026-07-02T03:02:37.282683-03:00,BANKUSDT,BREAKOUT,4h,6,WATCH,0.0419,0.0378,closed,0.0436,0.0434,0.0328,0.0375,0.045,0.0308,0.045,0.0308,True,2026-07-03T04:02:33.891605-03:00,0.0620332415433394,0.211230501425684,True,0.00020904,,0.0353,0.0441,0.0308,True
8794,2026-07-02T06:02:37.381745-03:00,ZAMAUSDT,PREBREAK,1h,5,BEST,0.03368,0.03394,closed,0.03368,0.0336,0.03235,0.03246,0.03377,0.03228,0.03377,0.03077,True,2026-07-03T06:02:39.496174-03:00,-0.321028353377659,-0.0108582576817457,False,5e-05,,0.03368,0.03546,0.03077,True
8806,2026-07-02T07:02:40.370046-03:00,DOGEUSDT,PREBREAK,1h,5,BEST,0.07347,0.07399,closed,0.07357,0.07387,0.07528,0.07504,0.07556,0.0734,0.07559,0.0734,True,2026-07-03T08:02:38.094794-03:00,-0.00981554113893777,-0.0535501467636764,False,2.435e-05,,0.07276,0.07938,0.07101,True
8807,2026-07-02T07:02:40.370046-03:00,WBTCUSDT,PREBREAK,1h,4,WATCH,61133.9,61269.69,closed,61053.04,61196.94,61999.13,61666.4,62049.71,61007.37,62135.76,61007.37,True,2026-07-03T08:02:40.216091-03:00,0.0165313879468293,0.0669937951126648,False,,,62929.96,64702.38,61070.58,True
8805,2026-07-02T07:02:40.370046-03:00,XRPUSDT,PREBREAK,1h,8,WATCH,1.0735,1.0738,closed,1.073,1.078,1.1071,1.1007,1.1125,1.0727,1.1125,1.0727,True,2026-07-03T07:02:40.616602-03:00,0.0269432748168319,-0.0150029813026216,False,2.495e-05,,1.0944,1.1843,1.0694,True
8824,2026-07-02T09:02:41.401577-03:00,RENDERUSDT,COILING,4h,4,BEST,1.569,1.606,closed,1.573,1.588,1.577,1.622,1.636,1.568,1.636,1.568,True,2026-07-03T09:02:49.04472-03:00,0.0930232362250143,0.0255117790609283,False,-6.9e-06,,1.552,1.641,1.511,True
8825,2026-07-02T09:02:41.401577-03:00,ALGOUSDT,COILING,4h,4,BEST,0.0867,0.0882,closed,0.0868,0.0865,0.0859,0.0882,0.0879,0.0858,0.0888,0.0854,True,2026-07-03T09:02:55.947027-03:00,0.108445053789822,0.0819584256938945,False,0.0001,,0.0851,0.0926,0.0833,True
8822,2026-07-02T09:02:41.401577-03:00,CRVUSDT,HOLD,4h,9,WATCH,0.2078,0.1987,closed,0.2099,0.2092,0.206,0.2076,0.2131,0.2056,0.2131,0.2022,True,2026-07-03T09:02:54.49548-03:00,2.73677739173424,-0.00718081649103509,True,0.0001,,0.2006,0.2195,0.198,True
8819,2026-07-02T09:02:41.401577-03:00,BNSOLUSDT,HOLD,4h,12,STRONG,92.2,85.4,closed,91.8,90.9,90.3,91.5,92.2,89.6,92.2,89.6,True,2026-07-03T09:02:47.605488-03:00,0.0415447692790873,0.0242766101677784,True,,,86.9,93.9,85.5,True
8820,2026-07-02T09:02:41.401577-03:00,UNIUSDT,BREAKOUT,4h,12,BEST,3.047,3.016,closed,3.089,3.171,3.157,3.24,3.228,3.037,3.291,3.037,True,2026-07-03T09:02:42.363529-03:00,0.203909956341165,0.0456106111977207,True,2.407e-05,,3.318,3.432,3.069,True
8823,2026-07-02T09:02:41.401577-03:00,ZECUSDT,BREAKOUT,4h,9,WATCH,449.8,427.88,closed,446.66,449.47,437.0,467.5,453.53,435.05,468.98,425.28,True,2026-07-03T09:02:51.162888-03:00,0.199597678372252,0.0518718253757914,True,-1.215e-05,,464.18,512.0,425.28,True
8821,2026-07-02T09:02:41.401577-03:00,ASTERUSDT,BREAKOUT,4h,11,BEST,0.641,0.636,closed,0.642,0.645,0.635,0.643,0.649,0.63,0.649,0.63,True,2026-07-03T09:02:44.376913-03:00,0.111516207740537,-0.0218221550383947,True,5e-05,,0.621,0.655,0.61,True
8826,2026-07-02T09:02:41.401577-03:00,SEIUSDT,COILING,4h,2,BEST,0.04815,0.05042,closed,0.04816,0.04838,0.04784,0.0497,0.04935,0.04757,0.04987,0.04742,True,2026-07-03T09:02:46.047929-03:00,0.0729892040858951,0.0388002558473845,False,-3.002e-05,,0.04788,0.05156,0.04602,True
8827,2026-07-02T09:02:41.401577-03:00,BONKUSDT,PREBREAK,1h,6,BEST,4.4e-06,4.41e-06,closed,4.4e-06,4.38e-06,4.32e-06,4.51e-06,4.46e-06,4.31e-06,4.52e-06,4.29e-06,True,2026-07-03T09:02:53.040448-03:00,0.0410392842054299,-0.0446152701133676,True,5e-05,,4e-06,5.16e-06,3.9e-06,True
8837,2026-07-02T10:02:39.430312-03:00,SOLUSDT,HOLD,4h,11,STRONG,82.38,76.49,closed,81.2,81.51,80.7,81.53,81.99,80.09,81.99,80.09,True,2026-07-03T10:02:42.060348-03:00,0.246395828182187,0.0372225765645042,True,-2.441e-05,,78.22,83.98,76.29,True
8835,2026-07-02T10:02:39.430312-03:00,DASHUSDT,BREAKOUT,4h,13,BEST,34.49,34.16,closed,34.44,34.89,34.66,36.16,35.0,34.16,36.6,34.16,True,2026-07-03T10:02:47.605872-03:00,0.0977954809085504,0.122103735748729,True,0.0001,,34.12,37.36,33.25,True
8839,2026-07-02T10:02:39.430312-03:00,ZENUSDT,BREAKOUT,4h,11,BEST,4.239,4.185,closed,4.256,4.302,4.206,4.307,4.305,4.177,4.355,4.155,True,2026-07-03T10:02:44.243056-03:00,0.10105621844255,-0.0268017560723066,True,4.415e-05,,4.135,4.481,3.996,True
8836,2026-07-02T10:02:39.430312-03:00,PENDLEUSDT,HOLD,4h,12,STRONG,1.51,1.453,closed,1.517,1.503,1.509,1.498,1.524,1.472,1.55,1.472,True,2026-07-03T10:02:45.938371-03:00,1.15381897394249,0.0283361337074787,True,0.0001,,1.564,1.61,1.372,True
8838,2026-07-02T10:02:39.430312-03:00,MORPHOUSDT,HOLD,4h,11,STRONG,2.153,2.001,closed,2.088,2.118,2.16,1.958,2.181,2.073,2.181,1.949,True,2026-07-03T10:02:40.10948-03:00,3.91900266163663,0.0556341784227844,False,5e-05,,2.084,2.181,1.862,True
8852,2026-07-02T11:02:45.077107-03:00,AXSUSDT,PREBREAK,1h,8,BEST,1.023,1.024,closed,1.022,1.023,1.042,1.05,1.042,1.014,1.069,1.003,True,2026-07-03T12:02:38.947417-03:00,0.77552576664268,0.102377094870333,False,5e-05,,1.003,1.077,0.954,True
8850,2026-07-02T11:02:45.077107-03:00,ADAUSDT,HOLD,4h,9,WATCH,0.1597,0.153,closed,0.1615,0.1598,0.1594,0.1703,0.1627,0.1587,0.1712,0.1587,True,2026-07-03T12:02:40.341979-03:00,0.258963776065651,0.0235375530963389,True,0.0001,,0.1692,0.2,0.1587,True
8849,2026-07-02T11:02:45.077107-03:00,SUIUSDT,HOLD,4h,10,STRONG,0.7412,0.7086,closed,0.7471,0.7405,0.7372,0.7557,0.7504,0.7339,0.76,0.7288,True,2026-07-03T12:02:36.096019-03:00,0.0730282708666312,0.0318186379158654,True,9.147e-05,,0.7199,0.7828,0.6964,True
8853,2026-07-02T11:02:45.077107-03:00,ARBUSDT,PREBREAK,1h,6,BEST,0.079,0.0793,closed,0.0788,0.0774,0.0778,0.0796,0.0792,0.0768,0.0807,0.0766,True,2026-07-03T12:02:44.406671-03:00,-0.0172202632533215,0.0117891958974913,False,6.33e-05,,0.087,0.0878,0.0752,True
8851,2026-07-02T11:02:45.077107-03:00,LUNCUSDT,PREBREAK,1h,8,BEST,6.097e-05,6.144e-05,closed,6.106e-05,6.069e-05,6.105e-05,6.332e-05,6.136e-05,6.029e-05,6.365e-05,6.029e-05,True,2026-07-03T12:02:37.67135-03:00,0.0623548302015536,-0.0722454414450207,False,0.0001,,6.152e-05,6.633e-05,5.854e-05,True
8854,2026-07-02T11:02:45.077107-03:00,SHIBUSDT,PREBREAK,1h,5,BEST,4.36e-06,4.39e-06,closed,4.36e-06,4.32e-06,4.31e-06,4.35e-06,4.37e-06,4.29e-06,4.37e-06,4.22e-06,True,2026-07-03T12:02:43.098937-03:00,0.0222107400336567,0.00310365056945419,False,2.732e-05,,4.27e-06,4.58e-06,4.14e-06,True
8867,2026-07-02T12:03:07.364287-03:00,CAKEUSDT,COILING,4h,5,WATCH,1.356,1.365,closed,1.361,1.367,1.367,1.382,1.372,1.359,1.389,1.354,True,2026-07-03T13:02:38.29126-03:00,0.140907346878029,0.0504449789877947,False,5e-05,,1.378,1.486,1.346,True
8866,2026-07-02T12:03:07.364287-03:00,SEIUSDT,PREBREAK,1h,5,BEST,0.04817,0.04867,closed,0.04809,0.0479,0.04776,0.0498,0.04824,0.04757,0.05021,0.04742,True,2026-07-03T13:02:36.318898-03:00,0.0729892040858951,0.0388002558473845,False,-3.002e-05,,0.04765,0.05156,0.04602,True
8886,2026-07-02T13:02:59.025042-03:00,ICPUSDT,COILING,4h,4,BEST,2.195,2.258,closed,2.191,2.184,2.191,2.222,2.212,2.18,2.253,2.178,True,2026-07-03T14:02:34.686701-03:00,0.20639596855282,0.0283109028372543,False,0.0001,,2.264,2.301,2.13,True
8887,2026-07-02T13:02:59.025042-03:00,GMTUSDT,COILING,4h,4,BEST,0.00768,0.00804,closed,0.00766,0.00763,0.0076,0.00791,0.00769,0.00759,0.00804,0.00758,True,2026-07-03T14:02:32.986284-03:00,0.384990024837773,0.0334705735738496,False,5e-05,,0.00764,0.00885,0.00739,True
8885,2026-07-02T13:02:59.025042-03:00,LTCUSDT,COILING,4h,6,WATCH,43.41,43.7,closed,43.39,43.48,43.45,43.56,43.82,43.2,43.93,43.1,True,2026-07-03T14:02:36.570776-03:00,0.284353624211493,0.0342474282956671,True,0.0001,,43.9,46.15,43.1,True
8888,2026-07-02T13:02:59.025042-03:00,FLOKIUSDT,COILING,4h,4,BEST,2.224e-05,2.256e-05,closed,2.224e-05,2.222e-05,2.211e-05,2.294e-05,2.231e-05,2.207e-05,2.32e-05,2.199e-05,True,2026-07-03T14:02:40.341545-03:00,0.0513042005222498,0.148993813240985,False,0.0001,,2.261e-05,2.466e-05,2.199e-05,True
8884,2026-07-02T13:02:59.025042-03:00,UNIUSDT,HOLD,4h,13,BEST,3.169,2.986,closed,3.182,3.268,3.197,3.273,3.291,3.15,3.309,3.149,True,2026-07-03T14:02:38.448975-03:00,0.354382483242614,0.0423825744335817,True,0.0001,,3.365,3.432,3.069,True
8889,2026-07-02T13:02:59.025042-03:00,ALGOUSDT,COILING,4h,2,BEST,0.0861,0.0873,closed,0.0863,0.0867,0.0856,0.0886,0.0878,0.0856,0.0889,0.0854,True,2026-07-03T14:02:42.276197-03:00,0.0244368627856156,0.0587777607059389,False,0.0001,,0.085,0.0926,0.0833,True
8901,2026-07-02T14:02:42.703109-03:00,RENDERUSDT,COILING,4h,5,BEST,1.581,1.584,closed,1.586,1.587,1.579,1.604,1.593,1.575,1.628,1.572,True,2026-07-03T14:02:44.041973-03:00,0.125929714722792,0.0370890166636739,False,5e-05,,1.549,1.641,1.511,True
8918,2026-07-02T17:02:36.847105-03:00,ALLOUSDT,HOLD,4h,10,STRONG,0.3484,0.29,closed,0.3547,0.3333,0.343,0.3555,0.368,0.326,0.3879,0.3211,True,2026-07-03T17:02:46.132077-03:00,0.380743561820931,0.00614294473580866,True,5e-05,,0.4297,0.4597,0.3211,True
8921,2026-07-02T17:02:36.847105-03:00,DASHUSDT,COILING,4h,4,BEST,34.45,34.88,closed,34.56,34.43,34.56,35.82,34.6,34.19,36.6,34.19,True,2026-07-03T17:02:44.65644-03:00,0.0753720200432111,0.111937455588062,False,0.0001,,34.27,37.36,33.25,True
8920,2026-07-02T17:02:36.847105-03:00,AXSUSDT,COILING,4h,7,BEST,1.021,1.024,closed,1.022,1.023,1.018,1.062,1.024,1.017,1.069,1.003,True,2026-07-03T17:02:48.83879-03:00,0.444021230770491,0.14777617264103,True,3.738e-05,,1.005,1.077,0.954,True
8919,2026-07-02T17:02:36.847105-03:00,SKYUSDT,HOLD,4h,10,STRONG,0.05828,0.05488,closed,0.05877,0.05861,0.05929,0.05904,0.05946,0.05799,0.06083,0.05789,True,2026-07-03T17:02:47.503954-03:00,0.303368504263225,-0.00500023977163472,True,5e-05,,0.05684,0.06083,0.0518,True
8930,2026-07-02T18:02:37.005507-03:00,LTCUSDT,COILING,4h,6,WATCH,43.42,43.7,closed,43.51,43.46,43.55,45.25,43.6,43.33,45.35,43.1,True,2026-07-03T18:02:41.307529-03:00,0.404461837421407,0.051645177275896,True,0.0001,,43.92,46.15,43.1,True
8931,2026-07-02T18:02:37.005507-03:00,FLOKIUSDT,COILING,4h,3,BEST,2.211e-05,2.239e-05,closed,2.208e-05,2.214e-05,2.21e-05,2.355e-05,2.226e-05,2.199e-05,2.359e-05,2.199e-05,True,2026-07-03T18:02:44.47581-03:00,0.0273256201454458,0.161613580211217,False,0.0001,,2.259e-05,2.466e-05,2.199e-05,True
8932,2026-07-02T18:02:37.005507-03:00,GMTUSDT,COILING,4h,2,BEST,0.00761,0.00804,closed,0.00764,0.00761,0.00764,0.00797,0.00767,0.00758,0.00804,0.00758,True,2026-07-03T18:02:43.024656-03:00,0.271644710486275,0.0446501348253324,False,5e-05,,0.00765,0.00885,0.00739,True
8945,2026-07-02T19:02:37.55226-03:00,MINAUSDT,HOLD,4h,8,WATCH,0.0426,0.0408,closed,0.0429,0.0426,0.0431,0.0465,0.0432,0.0422,0.0468,0.0422,True,2026-07-03T20:02:37.389614-03:00,-0.0561144447123767,0.109455851141554,True,0.0001,,0.0445,0.0541,0.0423,True
8944,2026-07-02T19:02:37.55226-03:00,BARDUSDT,HOLD,4h,10,STRONG,0.1362,0.1337,closed,0.1416,0.1412,0.1357,0.1376,0.145,0.1342,0.145,0.1336,True,2026-07-03T20:02:39.032647-03:00,0.15892228787304,-0.0180677981960341,False,-0.00014815,,0.1297,0.145,0.1239,True
8955,2026-07-02T20:02:35.427955-03:00,RPLUSDT,HOLD,4h,12,STRONG,1.72,1.51,closed,1.81,1.97,1.62,1.67,2.42,1.61,2.42,1.57,True,2026-07-03T20:02:42.480678-03:00,0.244101524564968,0.00306100996393379,True,5e-05,,1.71,2.69,1.57,True
8956,2026-07-02T20:02:35.427955-03:00,SAHARAUSDT,PREBREAK,1h,7,BEST,0.01074,0.01074,closed,0.01071,0.01073,0.01061,0.01108,0.0108,0.0106,0.01114,0.01058,True,2026-07-03T20:02:40.653654-03:00,0.0901547315310666,-0.0721727909092382,False,-0.00014506,,0.01026,0.01115,0.00967,True
8971,2026-07-02T21:02:39.046544-03:00,ZECUSDT,HOLD,4h,11,STRONG,434.51,427.88,closed,433.2,433.37,426.75,460.51,437.4,426.32,472.5,425.28,True,2026-07-03T21:02:45.470081-03:00,0.126745789909928,0.0361191211453014,False,-6.81e-06,,480.72,512.0,425.28,True
8973,2026-07-02T21:02:39.046544-03:00,SHIBUSDT,COILING,4h,4,BEST,4.3e-06,4.39e-06,closed,4.29e-06,4.28e-06,4.25e-06,4.45e-06,4.32e-06,4.23e-06,4.5e-06,4.23e-06,True,2026-07-03T21:02:41.315264-03:00,0.0372456077201121,0.0600977803850463,False,-0.0002996,,4.29e-06,4.58e-06,4.14e-06,True
8970,2026-07-02T21:02:39.046544-03:00,PEPEUSDT,HOLD,4h,13,BEST,2.45e-06,2.4e-06,closed,2.45e-06,2.44e-06,2.47e-06,2.77e-06,2.48e-06,2.43e-06,2.84e-06,2.43e-06,True,2026-07-03T21:02:43.496864-03:00,0.353787661325287,0.053435216636358,False,0.0001,,2.61e-06,2.87e-06,2.43e-06,True
8972,2026-07-02T21:02:39.046544-03:00,LINKUSDT,HOLD,4h,10,STRONG,7.747,7.667,closed,7.752,7.733,7.76,7.972,7.835,7.721,8.04,7.721,True,2026-07-03T21:02:47.510628-03:00,0.164870886903338,0.020697241517984,False,3.732e-05,,7.746,8.176,7.522,True
8989,2026-07-02T23:02:36.106699-03:00,TRUMPUSDT,PREBREAK,1h,5,BEST,1.722,1.729,closed,1.719,1.721,1.72,1.767,1.73,1.707,1.81,1.707,True,2026-07-03T23:02:36.671668-03:00,0.0080943753516179,0.0565413367181387,False,-0.00012698,,1.62,1.878,1.568,True
8997,2026-07-03T00:02:36.728141-03:00,ALGOUSDT,PREBREAK,1h,4,WATCH,0.0875,0.0882,closed,0.0868,0.087,0.0877,0.09,0.0879,0.0866,0.0925,0.0866,True,2026-07-04T00:02:39.09401-03:00,0.0120728571073324,0.0849492822174863,False,0.0001,,0.0848,0.0926,0.0833,True
8998,2026-07-03T00:02:36.728141-03:00,BONKUSDT,PREBREAK,1h,3,WATCH,4.41e-06,4.46e-06,closed,4.38e-06,4.39e-06,4.39e-06,5.06e-06,4.42e-06,4.37e-06,5.06e-06,4.37e-06,True,2026-07-04T00:02:42.565453-03:00,-0.000256208771898206,-0.0326308275584935,False,5e-05,,4.01e-06,5.16e-06,3.9e-06,True
8996,2026-07-03T00:02:36.728141-03:00,KERNELUSDT,HOLD,4h,8,WATCH,0.0406,0.0402,closed,0.0425,0.043,0.0418,0.0416,0.0459,0.0416,0.0459,0.0412,True,2026-07-04T00:02:40.784995-03:00,0.617200182491143,-0.0491541556704034,False,5e-05,,0.0407,0.0431,0.0387,True
9009,2026-07-03T01:02:43.271219-03:00,ADAUSDT,HOLD,4h,9,WATCH,0.1668,0.1581,closed,0.1653,0.1641,0.1651,0.1773,0.1665,0.1632,0.1832,0.1632,True,2026-07-04T01:02:48.583456-03:00,0.155648336223435,-0.00417405497197121,True,0.0001,,0.1679,0.2,0.1632,True
9007,2026-07-03T01:02:43.271219-03:00,SNXUSDT,BREAKOUT,4h,11,BEST,0.238,0.229,closed,0.24,0.237,0.233,0.237,0.244,0.231,0.255,0.231,True,2026-07-04T01:02:45.237371-03:00,0.660855430309395,0.046270040753796,True,1.942e-05,,0.221,0.255,0.212,True
9011,2026-07-03T01:02:43.271219-03:00,0GUSDT,COILING,4h,5,BEST,0.22,0.223,closed,0.22,0.218,0.215,0.217,0.222,0.214,0.222,0.214,True,2026-07-04T02:02:39.630569-03:00,0.771229123259488,0.0483697926956519,False,-0.00014639,,0.196,0.222,0.185,True
9010,2026-07-03T01:02:43.271219-03:00,APTUSDT,HOLD,4h,8,WATCH,0.617,0.608,closed,0.615,0.615,0.619,0.637,0.62,0.613,0.647,0.611,True,2026-07-04T02:02:38.083311-03:00,-0.0290653022993602,0.0565692425474988,False,5.622e-05,,0.633,0.651,0.595,True
9008,2026-07-03T01:02:43.271219-03:00,POLUSDT,HOLD,4h,10,STRONG,0.07346,0.07289,closed,0.07322,0.07313,0.0735,0.07343,0.0737,0.07296,0.0746,0.07275,True,2026-07-04T02:02:36.456834-03:00,0.0835753560372793,-0.0152777974284781,False,4.301e-05,,0.07749,0.078,0.07237,True
9013,2026-07-03T01:02:43.271219-03:00,TRUMPUSDT,COILING,4h,7,BEST,1.728,1.74,closed,1.718,1.711,1.728,1.787,1.73,1.707,1.81,1.707,True,2026-07-04T01:02:43.416793-03:00,0.0624637159448682,0.130040689023137,True,3.13e-06,,1.613,1.878,1.568,True
9012,2026-07-03T01:02:43.271219-03:00,RENDERUSDT,COILING,4h,3,BEST,1.597,1.636,closed,1.592,1.596,1.606,1.598,1.606,1.589,1.627,1.589,True,2026-07-04T02:02:40.883106-03:00,0.144576759957117,0.0370108807183561,False,5e-05,,1.562,1.641,1.511,True
9006,2026-07-03T01:02:43.271219-03:00,RAYUSDT,HOLD,4h,12,STRONG,0.7072,0.671,closed,0.7042,0.706,0.7199,0.7102,0.7275,0.7028,0.7339,0.7028,True,2026-07-04T01:02:46.923587-03:00,0.886184788529312,0.026498171742691,False,,,0.6911,0.7559,0.6671,True
9022,2026-07-03T02:02:36.709762-03:00,LDOUSDT,HOLD,4h,8,WATCH,0.261,0.2557,closed,0.2586,0.2608,0.2613,0.2656,0.2634,0.2585,0.2739,0.2585,True,2026-07-04T02:02:42.755314-03:00,0.146255432199897,-0.0359858124537732,False,9.422e-05,,0.3125,0.3429,0.2595,True
9055,2026-07-03T05:02:50.079222-03:00,RSRUSDT,HOLD,4h,13,BEST,0.001186,0.001134,closed,0.001185,0.001188,0.001244,0.001192,0.001251,0.001182,0.001259,0.001182,True,2026-07-04T06:02:40.58488-03:00,0.776426637695274,0.0856838400183925,False,0.0001,,0.001273,0.001329,0.001164,True
9056,2026-07-03T05:02:50.079222-03:00,ETHUSDT,HOLD,4h,11,STRONG,1717.77,1657.53,closed,1717.82,1721.01,1744.34,1758.22,1749.0,1715.68,1775.78,1715.68,True,2026-07-04T06:02:42.708698-03:00,0.159191441510617,0.054915713852526,True,0.0001,,1783.99,1833.4,1713.44,True
9062,2026-07-03T05:02:50.079222-03:00,AXSUSDT,COILING,4h,3,BEST,1.029,1.042,closed,1.029,1.031,1.049,1.035,1.049,1.027,1.077,1.027,True,2026-07-04T05:02:54.026995-03:00,0.0913360483265405,0.115454317677358,False,5e-05,,1.013,1.077,0.954,True
9059,2026-07-03T05:02:50.079222-03:00,SUSDT,HOLD,4h,10,STRONG,0.02592,0.02424,closed,0.0264,0.0259,0.02687,0.02732,0.02706,0.02579,0.02846,0.02579,True,2026-07-04T06:02:49.434997-03:00,0.38180319011752,0.000293246099149575,False,5e-05,,0.02553,0.02846,0.02468,True
9061,2026-07-03T05:02:50.079222-03:00,NEIROUSDT,COILING,4h,4,BEST,6.446e-05,6.518e-05,closed,6.444e-05,6.45e-05,6.549e-05,6.568e-05,6.553e-05,6.435e-05,6.841e-05,6.435e-05,True,2026-07-04T05:02:52.57079-03:00,0.0547125704975071,0.0286433213625198,False,8.18e-06,,6.354e-05,7.129e-05,6.078e-05,True
9057,2026-07-03T05:02:50.079222-03:00,SOLUSDT,HOLD,4h,11,STRONG,81.22,78.96,closed,81.16,80.88,81.7,82.6,81.88,80.67,83.98,80.67,True,2026-07-04T06:02:44.907973-03:00,0.0837206989783387,0.0295304175650085,False,1.188e-05,,79.2,83.98,76.29,True
9063,2026-07-03T05:02:50.079222-03:00,GALAUSDT,COILING,4h,4,BEST,0.002356,0.002397,closed,0.002386,0.002386,0.002492,0.00236,0.002495,0.00237,0.002598,0.002322,True,2026-07-04T05:02:55.203684-03:00,0.0524807108080878,0.0913910628538777,False,0.0001,,0.002182,0.002598,0.002041,True
9060,2026-07-03T05:02:50.079222-03:00,SENTUSDT,PREBREAK,1h,6,BEST,0.01375,0.0139,closed,0.01375,0.01386,0.01404,0.0144,0.01421,0.01372,0.01505,0.01372,True,2026-07-04T05:02:51.088335-03:00,0.0679489704354041,-0.00262529591943679,True,5e-05,,0.01518,0.01896,0.01325,True
9058,2026-07-03T05:02:50.079222-03:00,WBETHUSDT,HOLD,4h,11,STRONG,1888.92,1820.67,closed,1890.38,1893.96,1918.82,1938.11,1924.27,1888.62,1954.0,1888.62,True,2026-07-04T06:02:47.239886-03:00,0.0305335662196839,0.387589002717877,True,,,1964.61,2016.31,1885.42,True
9073,2026-07-03T06:02:38.589592-03:00,ARKMUSDT,HOLD,4h,13,BEST,0.1229,0.1162,closed,0.1207,0.1195,0.1203,0.1183,0.1211,0.1195,0.1216,0.118,True,2026-07-04T06:02:55.879257-03:00,0.821924060169129,0.0945390067184532,True,0.0001,,0.1126,0.1216,0.1088,True
9075,2026-07-03T06:02:38.589592-03:00,DOGEUSDT,PREBREAK,1h,5,BEST,0.07489,0.07541,closed,0.07501,0.07504,0.07608,0.07697,0.07614,0.07475,0.07848,0.07475,True,2026-07-04T06:02:59.469508-03:00,0.0664712720776008,0.00828338760054159,True,0.0001,,0.07438,0.07938,0.07101,True
9076,2026-07-03T06:02:38.589592-03:00,GIGGLEUSDT,PREBREAK,1h,4,WATCH,25.21,25.24,closed,25.26,25.44,25.61,25.43,25.7,25.17,25.89,25.17,True,2026-07-04T06:02:54.001199-03:00,-0.0881536618191591,-0.00285718351899089,False,5e-05,,26.18,31.94,24.89,True
9074,2026-07-03T06:02:38.589592-03:00,XPLUSDT,HOLD,4h,9,WATCH,0.1,0.09754,closed,0.09862,0.09841,0.10865,0.10792,0.10897,0.09756,0.11577,0.09756,True,2026-07-04T06:02:57.511706-03:00,0.00261038648899321,-0.0186695988218331,False,5e-05,,0.0941,0.11696,0.08908,True
9077,2026-07-03T06:02:38.589592-03:00,BONKUSDT,PREBREAK,1h,3,WATCH,4.41e-06,4.43e-06,closed,4.43e-06,4.43e-06,4.47e-06,4.82e-06,4.52e-06,4.4e-06,5.16e-06,4.4e-06,True,2026-07-04T06:02:51.544668-03:00,-0.00239591896100784,-0.0435514858710799,False,5e-05,,4.08e-06,5.16e-06,3.9e-06,True
9086,2026-07-03T07:02:36.681804-03:00,HOLOUSDT,HOLD,4h,10,STRONG,0.0737,0.0692,closed,0.0757,0.0742,0.0723,0.0713,0.0762,0.0717,0.0762,0.0707,True,2026-07-04T07:02:38.20905-03:00,0.0355528403141751,-0.0159529287333299,True,5e-05,,0.0679,0.0746,0.0646,True
9092,2026-07-03T08:02:37.242658-03:00,WBTCUSDT,PREBREAK,1h,8,WATCH,61884.65,61896.11,closed,61979.45,62086.62,62187.82,62458.16,62235.03,61681.98,62908.3,61681.98,True,2026-07-04T08:02:40.875715-03:00,0.353415343411039,0.0666311487894267,True,,,64415.55,64702.38,61330.77,True
9093,2026-07-03T08:02:37.242658-03:00,AAVEUSDT,PREBREAK,1h,6,BEST,86.79,87.59,closed,86.95,87.02,90.69,87.99,91.05,86.23,91.05,86.23,True,2026-07-04T08:02:39.320861-03:00,-0.142773853835414,0.016345251430849,False,4.984e-05,,96.37,98.33,85.89,True
9094,2026-07-03T08:02:37.242658-03:00,SAHARAUSDT,PREBREAK,1h,6,BEST,0.01083,0.01092,closed,0.01085,0.01088,0.01093,0.01086,0.01099,0.01077,0.01115,0.01076,True,2026-07-04T08:02:37.933769-03:00,0.13510906547305,-0.0378428593654647,False,5e-05,,0.01041,0.01115,0.00967,True
9104,2026-07-03T09:02:41.309273-03:00,HYPERUSDT,PREBREAK,1h,9,BEST,0.082,0.0829,closed,0.0818,0.0813,0.0813,0.0789,0.0821,0.0811,0.0829,0.0786,True,2026-07-04T09:02:43.241464-03:00,0.0247804897575801,-0.147063019809518,False,-0.00017962,,0.0684,0.0829,0.0654,True
9102,2026-07-03T09:02:41.309273-03:00,SANDUSDT,HOLD,4h,11,STRONG,0.05112,0.04913,closed,0.05221,0.05157,0.05171,0.05007,0.05305,0.05119,0.05305,0.04992,True,2026-07-04T09:02:48.491762-03:00,0.122898176359846,0.0750333245842316,True,-2.291e-05,,0.04935,0.05217,0.0467,True
9100,2026-07-03T09:02:41.309273-03:00,ARPAUSDT,HOLD,4h,13,BEST,0.01275,0.00809,closed,0.01216,0.01131,0.01056,0.01029,0.0126,0.01021,0.0126,0.00983,True,2026-07-04T10:02:44.912492-03:00,0.878905085906559,0.0403526818413294,True,0.0001,,0.00869,0.01219,0.00836,True
9106,2026-07-03T09:02:41.309273-03:00,ICPUSDT,COILING,4h,6,BEST,2.244,2.258,closed,2.245,2.236,2.222,2.221,2.253,2.213,2.253,2.197,True,2026-07-04T09:02:46.654552-03:00,0.106076927482385,0.0371179446233406,True,0.0001,,2.304,2.399,2.13,True
9105,2026-07-03T09:02:41.309273-03:00,ONDOUSDT,PREBREAK,1h,6,BEST,0.3339,0.335,closed,0.3325,0.337,0.3322,0.3319,0.3382,0.3316,0.34,0.3296,True,2026-07-04T10:02:46.259094-03:00,-0.00441567262772147,0.031045827296112,False,4.108e-05,,0.328,0.348,0.3093,True
9103,2026-07-03T09:02:41.309273-03:00,BANANAUSDT,HOLD,4h,11,STRONG,3.043,2.876,closed,3.011,3.015,3.177,3.047,3.211,2.97,3.333,2.953,True,2026-07-04T09:02:45.053762-03:00,17.6558337456259,0.0254828995875431,True,5e-05,,3.272,4.339,2.953,True
9099,2026-07-03T09:02:41.309273-03:00,UNIUSDT,HOLD,4h,14,BEST,3.236,3.053,closed,3.227,3.271,3.273,3.192,3.309,3.215,3.309,3.169,True,2026-07-04T10:02:43.567851-03:00,0.487031666209177,0.0625942381207613,False,0.0001,,3.672,3.696,3.069,True
9101,2026-07-03T09:02:41.309273-03:00,DASHUSDT,HOLD,4h,11,STRONG,36.2,35.0,closed,36.33,36.16,35.85,35.63,36.55,35.64,36.55,34.95,True,2026-07-04T09:02:50.054988-03:00,0.167557251789993,0.114379572073463,True,0.0001,,34.81,37.36,33.25,True
9123,2026-07-03T10:02:39.147443-03:00,HBARUSDT,COILING,4h,3,BEST,0.0717,0.07494,closed,0.07199,0.07217,0.07144,0.07377,0.07244,0.07133,0.07443,0.07133,True,2026-07-04T10:02:55.601935-03:00,0.0490694264754917,0.0737781715175764,False,5.48e-05,,0.07097,0.07764,0.06884,True
9120,2026-07-03T10:02:39.147443-03:00,HMSTRUSDT,BREAKOUT,4h,8,WATCH,0.000203,0.0001939,closed,0.0002123,0.0002222,0.0002355,0.0003487,0.0002464,0.0002088,0.0004399,0.0002088,True,2026-07-04T10:02:47.605577-03:00,0.0051640373140254,0.176940789805657,True,-7.78e-06,,0.0001978,0.0004399,0.0001837,True
9121,2026-07-03T10:02:39.147443-03:00,SHIBUSDT,COILING,4h,3,BEST,4.34e-06,4.39e-06,closed,4.34e-06,4.35e-06,4.37e-06,4.4e-06,4.39e-06,4.32e-06,4.5e-06,4.32e-06,True,2026-07-04T10:02:57.064977-03:00,0.0766817395988936,0.0743642495938793,False,-0.00034105,,4.4e-06,4.58e-06,4.14e-06,True
9117,2026-07-03T10:02:39.147443-03:00,ADAUSDT,HOLD,4h,9,WATCH,0.1696,0.163,closed,0.1699,0.1703,0.1745,0.1777,0.1749,0.1691,0.1832,0.1691,True,2026-07-04T10:02:53.078562-03:00,0.16876737724563,-0.00462763095306747,True,0.0001,,0.1685,0.2,0.1647,True
9119,2026-07-03T10:02:39.147443-03:00,PENGUUSDT,BREAKOUT,4h,9,WATCH,0.006776,0.006542,closed,0.006757,0.006774,0.006707,0.00674,0.006896,0.006685,0.006938,0.006651,True,2026-07-04T10:02:50.277434-03:00,0.193382543572746,0.0559689950363026,True,5e-05,,0.006318,0.006943,0.006058,True
9122,2026-07-03T10:02:39.147443-03:00,ETCUSDT,PREBREAK,1h,5,BEST,7.22,7.22,closed,7.23,7.21,7.21,7.34,7.25,7.15,7.38,7.12,True,2026-07-04T10:02:49.05686-03:00,0.125000226888131,-0.0637080026025373,True,0.0001,,7.11,7.39,6.82,True
9116,2026-07-03T10:02:39.147443-03:00,MANAUSDT,HOLD,4h,10,STRONG,0.072,0.0652,closed,0.0723,0.072,0.0742,0.0706,0.0747,0.071,0.0748,0.069,True,2026-07-04T10:02:54.406536-03:00,1.0894141211251,-0.00791235998156445,True,-0.00080927,,0.0722,0.076,0.0669,True
9118,2026-07-03T10:02:39.147443-03:00,LINKUSDT,HOLD,4h,9,WATCH,7.876,7.667,closed,7.843,7.85,7.854,7.956,7.896,7.81,8.04,7.81,True,2026-07-04T10:02:51.611032-03:00,0.324595930725475,-0.0180338124382037,True,0.0001,,7.988,8.176,7.522,True
9134,2026-07-03T11:02:33.478427-03:00,ZENUSDT,BREAKOUT,4h,8,WATCH,4.331,4.305,closed,4.346,4.374,4.334,4.278,4.388,4.313,4.388,4.219,True,2026-07-04T11:02:43.039644-03:00,0.0162790802676985,-0.0187744827770766,True,0.0001,,4.16,4.481,3.996,True
9136,2026-07-03T11:02:33.478427-03:00,LDOUSDT,HOLD,4h,7,WATCH,0.266,0.2557,closed,0.2664,0.2684,0.2681,0.2649,0.2739,0.265,0.2739,0.2619,True,2026-07-04T11:02:44.725349-03:00,0.301221742051467,-0.0520144741294252,True,5.507e-05,,0.3018,0.3429,0.2609,True
9133,2026-07-03T11:02:33.478427-03:00,GALAUSDT,BREAKOUT,4h,9,WATCH,0.002481,0.002397,closed,0.002496,0.002567,0.002509,0.002408,0.002598,0.002481,0.002598,0.002322,True,2026-07-04T11:02:40.068165-03:00,0.126155447965686,0.140445739706586,True,0.0001,,0.002151,0.002598,0.002041,True
9135,2026-07-03T11:02:33.478427-03:00,WBTCUSDT,COILING,4h,8,WATCH,61981.58,62135.76,closed,61840.72,62187.82,62153.11,62607.71,62349.78,61681.98,62908.3,61681.98,True,2026-07-04T11:02:41.402347-03:00,0.35078102327196,0.0931213998673015,True,,,63907.54,64702.38,61330.77,True
9137,2026-07-03T11:02:33.478427-03:00,BNBUSDT,COILING,4h,7,WATCH,566.77,567.17,closed,564.81,566.2,567.76,574.01,568.45,563.23,576.24,563.23,True,2026-07-04T11:02:46.097199-03:00,0.119502388744861,0.0378733624254314,True,5.653e-05,,572.22,593.47,560.4,True
9146,2026-07-03T12:02:35.235685-03:00,TRBUSDT,BREAKOUT,4h,8,WATCH,14.82,14.08,closed,15.01,15.13,15.83,16.07,15.99,15.0,16.71,15.0,True,2026-07-04T12:02:52.155642-03:00,0.1396036739011,-0.0213022410021185,True,5e-05,,15.52,18.95,15.0,True
9147,2026-07-03T12:02:35.235685-03:00,LTCUSDT,COILING,4h,7,WATCH,43.63,43.93,closed,43.77,43.56,44.12,44.83,44.18,43.46,45.35,43.46,True,2026-07-04T12:02:50.751205-03:00,0.484062868398114,0.053632814553279,True,5.003e-05,,44.54,46.15,43.17,True
9145,2026-07-03T12:02:35.235685-03:00,MANAUSDT,BREAKOUT,4h,11,BEST,0.072,0.0652,closed,0.0728,0.074,0.0729,0.0703,0.0748,0.0718,0.0748,0.069,True,2026-07-04T12:02:49.091815-03:00,1.0894141211251,-0.00791235998156445,True,-0.00080927,,0.0712,0.076,0.0669,True
9157,2026-07-03T13:02:35.500489-03:00,BANANAUSDT,BREAKOUT,4h,11,BEST,3.198,3.088,closed,3.17,3.324,3.125,3.087,3.333,3.109,3.333,2.953,True,2026-07-04T13:02:45.997446-03:00,3.81234989944915,0.0393636962771907,True,1.999e-05,,3.367,4.339,2.953,True
9158,2026-07-03T13:02:35.500489-03:00,TRBUSDT,HOLD,4h,8,WATCH,15.37,14.15,closed,15.05,15.26,15.56,16.26,16.13,15.0,16.71,15.0,True,2026-07-04T13:02:44.044125-03:00,0.270575365305229,-0.0366367119039019,True,5e-05,,15.67,18.95,15.24,True
9156,2026-07-03T13:02:35.500489-03:00,GALAUSDT,HOLD,4h,13,BEST,0.002574,0.002397,closed,0.002544,0.00254,0.002514,0.002491,0.002565,0.002479,0.002565,0.002322,True,2026-07-04T13:02:48.068181-03:00,0.65776018614518,0.153942042990436,True,0.0001,,0.002165,0.002552,0.002041,True
9167,2026-07-03T14:02:32.253735-03:00,SENTUSDT,BREAKOUT,4h,9,WATCH,0.0146,0.01401,closed,0.0147,0.01481,0.01434,0.01471,0.01503,0.01425,0.01505,0.01387,True,2026-07-04T14:02:42.338944-03:00,0.23343344978342,-0.0483360236929426,True,5e-05,,0.01482,0.01896,0.01325,True
9177,2026-07-03T15:02:42.139274-03:00,SHIBUSDT,COILING,4h,4,BEST,4.36e-06,4.39e-06,closed,4.37e-06,4.38e-06,4.46e-06,4.51e-06,4.5e-06,4.37e-06,4.52e-06,4.35e-06,True,2026-07-04T16:02:31.967636-03:00,0.0989955471843497,0.0646800020866855,True,2.232e-05,,4.35e-06,4.58e-06,4.14e-06,True
9178,2026-07-03T15:02:42.139274-03:00,HBARUSDT,COILING,4h,1,BEST,0.07192,0.07494,closed,0.0723,0.07271,0.07375,0.07505,0.07443,0.0721,0.07533,0.072,True,2026-07-04T16:02:33.805977-03:00,0.0782343777075468,0.068445886256676,False,-0.00021048,,0.06984,0.07764,0.06884,True
9187,2026-07-03T16:02:38.553897-03:00,XTZUSDT,HOLD,4h,13,BEST,0.2418,0.2246,closed,0.2391,0.2399,0.2463,0.2413,0.2477,0.2372,0.2551,0.237,True,2026-07-04T17:02:44.980075-03:00,0.404075438184049,0.031505538389819,True,5e-05,,0.2363,0.2715,0.2325,True
9186,2026-07-03T16:02:38.553897-03:00,EDUUSDT,HOLD,4h,13,BEST,0.0314,0.0304,closed,0.0317,0.0318,0.0322,0.0314,0.0332,0.0315,0.0332,0.0306,True,2026-07-04T17:02:43.045985-03:00,5.64686697555895,0.0768757489871971,False,0.0001,,0.0307,0.0332,0.0287,True
9199,2026-07-03T17:02:43.651005-03:00,AAVEUSDT,COILING,4h,5,BEST,87.01,88.54,closed,87.22,87.54,87.65,89.36,88.24,86.94,90.29,86.92,True,2026-07-04T17:02:50.06682-03:00,0.0483134452419851,0.0775611417873784,False,9.777e-05,,97.1,98.33,85.89,True
9198,2026-07-03T17:02:43.651005-03:00,NILUSDT,BREAKOUT,4h,12,BEST,0.04078,0.03685,closed,0.03984,0.03988,0.03969,0.03822,0.04178,0.0392,0.04178,0.03758,True,2026-07-04T17:02:48.409333-03:00,1.43002980612977,0.0580006981316238,True,-6.49e-06,,0.03542,0.04178,0.03291,True
9195,2026-07-03T17:02:43.651005-03:00,FLOKIUSDT,HOLD,4h,13,BEST,2.318e-05,2.265e-05,closed,2.326e-05,2.355e-05,2.411e-05,2.413e-05,2.455e-05,2.317e-05,2.466e-05,2.317e-05,True,2026-07-04T17:02:54.007611-03:00,0.219571159355057,0.116623544739222,True,0.0001,,2.337e-05,2.466e-05,2.21e-05,True
9197,2026-07-03T17:02:43.651005-03:00,RSRUSDT,HOLD,4h,12,STRONG,0.001247,0.001221,closed,0.001248,0.001255,0.00122,0.001224,0.001259,0.001215,0.001259,0.001183,True,2026-07-04T17:02:46.754196-03:00,1.09722304094439,0.0635545224091015,True,0.0001,,0.001279,0.00133,0.001164,True
9196,2026-07-03T17:02:43.651005-03:00,PEPEUSDT,HOLD,4h,12,STRONG,2.61e-06,2.5e-06,closed,2.62e-06,2.72e-06,2.77e-06,2.75e-06,2.84e-06,2.6e-06,2.87e-06,2.6e-06,True,2026-07-04T17:02:56.202369-03:00,0.367520353420656,0.0793331527867767,True,0.0001,,2.79e-06,2.88e-06,2.55e-06,True
9194,2026-07-03T17:02:43.651005-03:00,OPUSDT,HOLD,4h,13,BEST,0.1077,0.1041,closed,0.1079,0.1082,0.1072,0.1096,0.1086,0.1064,0.1114,0.106,True,2026-07-04T17:02:58.148639-03:00,0.356191437305578,0.0443980553383359,True,0.0001,,0.1038,0.1114,0.0966,True
9200,2026-07-03T17:02:43.651005-03:00,AVAXUSDT,PREBREAK,1h,6,BEST,6.915,6.924,closed,6.938,6.989,6.942,7.023,7.035,6.912,7.115,6.817,True,2026-07-04T17:02:51.818944-03:00,0.0358067494859361,-0.0724640142989748,True,3.479e-05,,6.739,7.115,6.317,True
9210,2026-07-03T18:02:40.398785-03:00,HOLOUSDT,HOLD,4h,9,WATCH,0.0727,0.0717,closed,0.0727,0.0728,0.0727,0.0735,0.0739,0.0721,0.0744,0.0703,True,2026-07-04T19:02:35.053253-03:00,-0.00365794500264518,0.0459271532291632,False,5e-05,,0.0736,0.0746,0.0646,True
9211,2026-07-03T18:02:40.398785-03:00,PARTIUSDT,HOLD,4h,8,WATCH,0.0492,0.048,closed,0.049,0.0491,0.0486,0.0495,0.0491,0.0484,0.0518,0.0484,True,2026-07-04T19:02:32.856465-03:00,0.201059220776272,-0.0578816237342912,False,5e-05,,0.039,0.0518,0.0379,True
9212,2026-07-03T18:02:40.398785-03:00,ICPUSDT,PREBREAK,1h,7,BEST,2.246,2.253,closed,2.242,2.245,2.22,2.252,2.25,2.22,2.3,2.197,True,2026-07-04T19:02:37.207913-03:00,0.0813418633983975,0.0300046691901791,False,0.0001,,2.282,2.399,2.13,True
9213,2026-07-03T18:02:40.398785-03:00,STRKUSDT,PREBREAK,1h,7,BEST,0.0318,0.0319,closed,0.0319,0.032,0.0318,0.0315,0.0322,0.0317,0.0322,0.0308,True,2026-07-04T18:02:41.024672-03:00,0.1029331634486,-0.0262282924194282,False,5e-05,,0.0306,0.0323,0.0293,True
9222,2026-07-03T19:02:33.110453-03:00,ADAUSDT,HOLD,4h,9,WATCH,0.1811,0.17,closed,0.1793,0.1808,0.1774,0.1921,0.1812,0.1771,0.2,0.175,True,2026-07-04T19:02:39.028735-03:00,0.367372352408652,6.30336045389366e-05,True,0.0001,,0.1672,0.2,0.1647,True
9231,2026-07-03T20:02:36.393619-03:00,HBARUSDT,COILING,4h,3,BEST,0.07276,0.07494,closed,0.07315,0.0733,0.07264,0.07681,0.07351,0.07258,0.07733,0.072,True,2026-07-04T20:02:37.110998-03:00,0.143239160704341,0.0678434390275693,False,-0.00021048,,0.07035,0.07764,0.06884,True
9238,2026-07-03T21:02:40.404038-03:00,HMSTRUSDT,HOLD,4h,15,BEST,0.0002568,0.0002035,closed,0.0002646,0.0002728,0.0002996,0.0003383,0.0003081,0.0002486,0.0004399,0.0002486,True,2026-07-04T22:02:36.961033-03:00,0.88255851927754,0.111307595398876,True,-0.0002011,,0.0002132,0.0004399,0.0001837,True
9241,2026-07-03T21:02:40.404038-03:00,ETHFIUSDT,HOLD,4h,9,WATCH,0.374,0.343,closed,0.377,0.376,0.373,0.414,0.381,0.367,0.445,0.367,True,2026-07-04T22:02:35.185146-03:00,0.426674309664195,-0.0461123071103139,False,5e-05,,0.402,0.455,0.367,True
9240,2026-07-03T21:02:40.404038-03:00,NEIROUSDT,BREAKOUT,4h,11,BEST,6.724e-05,6.599e-05,closed,6.779e-05,6.614e-05,6.76e-05,6.507e-05,6.841e-05,6.545e-05,6.841e-05,6.475e-05,True,2026-07-04T22:02:38.937234-03:00,0.137118308170155,0.0187132547697776,True,2.55e-05,,6.35e-05,7.129e-05,6.078e-05,True
9239,2026-07-03T21:02:40.404038-03:00,BONKUSDT,BREAKOUT,4h,11,BEST,4.98e-06,4.58e-06,closed,4.95e-06,4.89e-06,5.13e-06,4.83e-06,5.16e-06,4.82e-06,5.16e-06,4.8e-06,True,2026-07-04T22:02:40.900028-03:00,0.229843304739164,0.00906290563643235,True,5e-05,,4.14e-06,5.16e-06,3.9e-06,True
9250,2026-07-03T22:02:33.279767-03:00,CAKEUSDT,PREBREAK,1h,10,STRONG,1.396,1.407,closed,1.39,1.388,1.384,1.386,1.393,1.382,1.41,1.376,True,2026-07-04T22:02:46.429593-03:00,0.121377932549597,0.0335871234222026,True,5e-05,,1.403,1.486,1.346,True
9251,2026-07-03T22:02:33.279767-03:00,AAVEUSDT,COILING,4h,3,BEST,87.6,91.05,closed,88.63,88.83,88.92,88.83,89.21,87.61,90.29,86.92,True,2026-07-04T22:02:42.760759-03:00,0.0796228907022358,0.0832150851255043,False,5.153e-05,,94.9,98.33,85.89,True
9249,2026-07-03T22:02:33.279767-03:00,TRBUSDT,HOLD,4h,10,STRONG,16.1,15.46,closed,16.02,15.73,15.92,16.19,16.71,15.41,16.71,15.41,True,2026-07-04T22:02:44.507078-03:00,1.11881531488433,0.00430564564152995,True,5e-05,,15.41,18.95,15.36,True
9270,2026-07-04T00:02:38.316147-03:00,TRBUSDT,BREAKOUT,4h,12,BEST,16.1,15.46,closed,16.49,15.96,16.52,16.05,16.71,15.78,16.71,15.43,True,2026-07-05T01:02:43.325319-03:00,1.11881531488433,0.00430564564152995,True,5e-05,,15.52,18.95,15.33,True
9271,2026-07-04T00:02:38.316147-03:00,ALGOUSDT,PREBREAK,1h,6,BEST,0.0899,0.0907,closed,0.0901,0.0896,0.089,0.0898,0.0902,0.0886,0.0926,0.0885,True,2026-07-05T01:02:41.945251-03:00,0.0748922491445117,0.0904377381325252,True,0.0001,,0.086,0.0926,0.0833,True
9280,2026-07-04T01:02:35.399597-03:00,ZAMAUSDT,COILING,4h,5,BEST,0.03327,0.03433,closed,0.03294,0.03283,0.03227,0.03212,0.03315,0.03172,0.03315,0.03172,True,2026-07-05T01:02:44.723155-03:00,0.149315824425305,0.0613753331662474,False,5e-05,,0.03414,0.03546,0.03118,True
9277,2026-07-04T01:02:35.399597-03:00,JSTUSDT,COILING,4h,9,WATCH,0.08995,0.0901,closed,0.08967,0.08996,0.09045,0.09076,0.09048,0.08949,0.09091,0.08917,True,2026-07-05T01:02:51.93449-03:00,0.293455944163446,0.14469956532495,True,5e-05,,0.10336,0.10462,0.08917,True
9279,2026-07-04T01:02:35.399597-03:00,DEXEUSDT,COILING,4h,8,BEST,23.212,23.698,closed,23.127,22.979,23.153,23.263,23.41,22.876,25.293,22.492,True,2026-07-05T01:02:47.874112-03:00,45.1231370332588,0.032567601702231,False,0.00025385,,35.444,36.9,22.492,True
9275,2026-07-04T01:02:35.399597-03:00,BONKUSDT,HOLD,4h,11,STRONG,5.13e-06,4.59e-06,closed,5.07e-06,5.06e-06,4.85e-06,5.02e-06,5.16e-06,4.84e-06,5.16e-06,4.8e-06,True,2026-07-05T01:02:49.199927-03:00,0.413455733239262,-0.0129964140342491,True,5e-05,,4.09e-06,5.15e-06,3.9e-06,True
9276,2026-07-04T01:02:35.399597-03:00,COMPUSDT,HOLD,4h,11,STRONG,17.15,16.7,closed,17.02,16.97,16.92,16.81,17.2,16.77,17.52,16.77,True,2026-07-05T01:02:50.706112-03:00,0.109124012227536,0.0746660455657434,True,0.0001,,16.9,17.75,16.56,True
9278,2026-07-04T01:02:35.399597-03:00,SENTUSDT,HOLD,4h,8,WATCH,0.0149,0.01421,closed,0.01485,0.0149,0.01438,0.01487,0.01505,0.01427,0.01505,0.01387,True,2026-07-05T01:02:46.131303-03:00,0.217410038908248,-0.0495035058962201,True,5e-05,,0.01398,0.01896,0.01325,True
9285,2026-07-04T02:02:35.380452-03:00,PEPEUSDT,HOLD,4h,12,STRONG,2.83e-06,2.62e-06,closed,2.81e-06,2.77e-06,2.73e-06,2.7e-06,2.84e-06,2.71e-06,2.84e-06,2.67e-06,True,2026-07-05T03:02:38.785128-03:00,0.553304849859094,0.0787655004756576,True,0.0001,,2.76e-06,2.88e-06,2.55e-06,True
9286,2026-07-04T02:02:35.380452-03:00,FLOKIUSDT,HOLD,4h,9,WATCH,2.418e-05,2.329e-05,closed,2.413e-05,2.391e-05,2.374e-05,2.353e-05,2.437e-05,2.367e-05,2.466e-05,2.343e-05,True,2026-07-05T02:02:36.331939-03:00,0.174597127968032,0.0204117211250714,True,0.0001,,2.32e-05,2.466e-05,2.21e-05,True
9295,2026-07-04T03:02:38.341204-03:00,PENGUUSDT,PREBREAK,1h,6,BEST,0.006835,0.006896,closed,0.006854,0.006756,0.006657,0.006548,0.006938,0.006651,0.006943,0.006519,True,2026-07-05T03:02:40.238048-03:00,0.0640950421986862,0.0181765378758964,False,-2.882e-05,,0.006196,0.006943,0.006058,True
9294,2026-07-04T03:02:38.341204-03:00,DOGSUSDT,HOLD,4h,8,WATCH,4.247e-05,3.98e-05,closed,4.356e-05,4.685e-05,5.059e-05,4.358e-05,5.132e-05,4.329e-05,5.132e-05,4.301e-05,True,2026-07-05T03:02:41.712707-03:00,2.57501294700082,-0.0574297269633681,True,5e-05,,3.894e-05,5.132e-05,3.739e-05,True
9299,2026-07-04T04:02:33.154578-03:00,DOGSUSDT,BREAKOUT,4h,10,STRONG,4.247e-05,4.119e-05,closed,4.681e-05,4.596e-05,4.737e-05,4.496e-05,5.132e-05,4.498e-05,5.132e-05,4.301e-05,True,2026-07-05T04:02:35.784608-03:00,2.57501294700082,-0.0574297269633681,True,5e-05,,3.95e-05,5.132e-05,3.739e-05,True
9319,2026-07-04T05:02:42.467779-03:00,FFUSDT,PREBREAK,1h,7,BEST,0.06245,0.06268,closed,0.06233,0.06223,0.0622,0.0625,0.06262,0.06185,0.06446,0.06185,True,2026-07-05T06:02:36.173758-03:00,0.146759099718664,-0.0366097763852084,False,5e-05,,0.05774,0.06446,0.05704,True
9316,2026-07-04T05:02:42.467779-03:00,GLMRUSDT,HOLD,4h,13,BEST,0.0106,0.009,closed,0.0104,0.0137,0.0116,0.0108,0.0144,0.0101,0.0144,0.0101,True,2026-07-05T06:02:37.874575-03:00,0.261775704859773,0.0565056383830065,True,,,0.0089,0.0144,0.0085,True
9315,2026-07-04T05:02:42.467779-03:00,ALICEUSDT,HOLD,4h,13,BEST,0.1367,0.126,closed,0.1409,0.1281,0.1308,0.1294,0.1416,0.1272,0.1416,0.1264,True,2026-07-05T06:02:34.344842-03:00,0.137015969452862,0.0347081894603026,True,5e-05,,0.1259,0.1548,0.1188,True
9318,2026-07-04T05:02:42.467779-03:00,PARTIUSDT,HOLD,4h,7,WATCH,0.0496,0.048,closed,0.0497,0.05,0.0498,0.0479,0.0518,0.0495,0.0518,0.0475,True,2026-07-05T05:02:44.652625-03:00,0.182832121134383,-0.0590807935225823,False,5e-05,,0.0372,0.0518,0.0371,True
9317,2026-07-04T05:02:42.467779-03:00,EPICUSDT,HOLD,4h,12,STRONG,0.655,0.552,closed,0.671,0.666,0.641,0.53,0.68,0.594,0.753,0.527,True,2026-07-05T05:02:43.401416-03:00,0.107001729437677,0.0141597469762871,True,3.449e-05,,0.367,0.753,0.301,True
9334,2026-07-04T06:02:39.69477-03:00,HMSTRUSDT,HOLD,4h,14,BEST,0.0003438,0.0002592,closed,0.0003211,0.0003465,0.0003506,0.0003144,0.0004399,0.0002994,0.0004399,0.0002846,True,2026-07-05T06:02:40.961482-03:00,22.5459056156955,0.069248609528106,True,5e-05,,0.0002413,0.0004399,0.0001837,True
9336,2026-07-04T06:02:39.69477-03:00,ZAMAUSDT,COILING,4h,4,BEST,0.0323,0.03429,closed,0.03249,0.03224,0.03236,0.03189,0.03261,0.03216,0.03288,0.03178,True,2026-07-05T07:02:35.5136-03:00,0.143589015378675,0.0511049280766796,False,9.19e-06,,0.03441,0.03546,0.03118,True
9335,2026-07-04T06:02:39.69477-03:00,LTCUSDT,COILING,4h,4,WATCH,44.24,45.35,closed,44.42,44.23,44.54,44.47,44.58,44.19,45.71,44.08,True,2026-07-05T06:02:43.075493-03:00,0.0492677948150399,0.0254317902826404,False,7.488e-05,,44.99,46.15,43.17,True
9365,2026-07-04T08:02:36.563024-03:00,ETCUSDT,PREBREAK,1h,8,WATCH,7.28,7.31,closed,7.32,7.34,7.31,7.08,7.38,7.26,7.39,7.03,True,2026-07-05T08:02:36.86936-03:00,0.0629355805776198,-0.049574736141895,False,0.0001,,7.07,7.39,6.82,True
9383,2026-07-04T09:02:36.548775-03:00,DEXEUSDT,COILING,4h,7,BEST,23.449,23.698,closed,24.699,23.627,23.601,24.092,25.293,22.492,25.293,22.492,True,2026-07-05T09:02:36.602949-03:00,1.27418588545293,0.0943542310279391,False,0.00017695,,37.682,38.35,22.492,True
9382,2026-07-04T09:02:36.548775-03:00,OPUSDT,HOLD,4h,8,WATCH,0.108,0.1061,closed,0.1082,0.1079,0.1085,0.1056,0.1087,0.1069,0.1114,0.1049,True,2026-07-05T10:02:33.730525-03:00,0.118228737769156,0.0230685464726162,True,0.0001,,0.1045,0.1114,0.0966,True
9380,2026-07-04T09:02:36.548775-03:00,ALGOUSDT,HOLD,4h,13,BEST,0.0894,0.0889,closed,0.0899,0.0896,0.0909,0.0894,0.0917,0.0892,0.0926,0.0889,True,2026-07-05T09:02:40.025253-03:00,0.227624890166272,0.0862778042198997,False,0.0001,,0.0865,0.0926,0.0833,True
9381,2026-07-04T09:02:36.548775-03:00,NOTUSDT,HOLD,4h,13,BEST,0.000437,0.000414,closed,0.000434,0.000434,0.000423,0.000413,0.000442,0.000421,0.000444,0.000412,True,2026-07-05T09:02:38.362879-03:00,0.377265780356129,0.0553787076533275,True,-5.74e-05,,0.000396,0.000444,0.000377,True
9384,2026-07-04T09:02:36.548775-03:00,HBARUSDT,COILING,4h,3,WATCH,0.07338,0.07494,closed,0.07356,0.07377,0.07467,0.07477,0.07506,0.07329,0.07764,0.07329,True,2026-07-05T09:02:41.661811-03:00,0.272002450791469,0.0428287918038098,False,-3.955e-05,,0.06847,0.07764,0.06666,True
9398,2026-07-04T10:02:42.393908-03:00,PORTALUSDT,PREBREAK,1h,13,BEST,0.01269,0.01278,closed,0.0128,0.01264,0.01275,0.01266,0.01291,0.01259,0.01358,0.01248,True,2026-07-05T11:02:36.856191-03:00,0.0284021893706936,0.0226531135520657,False,5e-05,,0.01219,0.01358,0.01123,True
9399,2026-07-04T10:02:42.393908-03:00,DYMUSDT,BREAKOUT,4h,10,STRONG,0.01684,0.01606,closed,0.01658,0.01671,0.01685,0.0164,0.01941,0.01638,0.01941,0.01609,True,2026-07-05T11:02:34.791274-03:00,0.170027784263003,0.119687247781929,True,5e-05,,0.01599,0.01941,0.01495,True
9409,2026-07-04T11:02:39.060797-03:00,DEXEUSDT,PREBREAK,1h,8,BEST,23.397,23.588,closed,23.495,23.781,23.629,24.575,23.791,23.124,25.111,23.039,True,2026-07-05T12:02:32.220747-03:00,1.27418588545293,0.0943542310279391,False,0.00017695,,37.268,38.35,23.039,True
9410,2026-07-04T11:02:39.060797-03:00,SAGAUSDT,PREBREAK,1h,3,WATCH,0.01399,0.01409,closed,0.01404,0.01453,0.01426,0.01372,0.01493,0.01401,0.01493,0.01358,True,2026-07-05T11:02:40.706954-03:00,-0.0300136135503806,-2.88839243790813e-05,False,5e-05,,0.01321,0.01493,0.01242,True
9422,2026-07-04T12:02:47.851346-03:00,LDOUSDT,PREBREAK,1h,7,BEST,0.2673,0.2699,closed,0.2694,0.273,0.274,0.2686,0.2769,0.2672,0.2769,0.2653,True,2026-07-05T13:02:40.083075-03:00,0.2076505736943,-0.0199586395621057,False,4.01e-05,,0.3108,0.3429,0.2609,True
9421,2026-07-04T12:02:47.851346-03:00,TSTUSDT,HOLD,4h,13,BEST,0.01156,0.01104,closed,0.01153,0.01152,0.01134,0.0111,0.0116,0.0113,0.0116,0.0109,True,2026-07-05T13:02:41.30263-03:00,0.603167822331899,0.0318501403445887,True,5e-05,,0.01044,0.01217,0.00934,True
9423,2026-07-04T12:02:47.851346-03:00,ICPUSDT,PREBREAK,1h,6,BEST,2.237,2.249,closed,2.241,2.267,2.274,2.2,2.3,2.234,2.3,2.167,True,2026-07-05T13:02:38.768004-03:00,0.166435399108516,0.00395593561252285,False,7.026e-05,,2.268,2.399,2.13,True
9443,2026-07-04T13:02:42.29487-03:00,DASHUSDT,PREBREAK,1h,6,BEST,35.88,36.11,closed,35.77,36.05,36.38,35.11,36.66,35.71,36.66,34.55,True,2026-07-05T13:02:42.664865-03:00,0.0342484887872941,0.0174381489737678,False,0.0001,,34.71,37.36,33.25,True
9437,2026-07-04T13:02:42.29487-03:00,GIGGLEUSDT,BREAKOUT,4h,11,BEST,26.77,25.89,closed,27.04,26.99,26.52,27.15,27.34,26.46,28.91,26.25,True,2026-07-05T13:02:50.792505-03:00,0.665088197132656,-0.0345914951063714,True,5e-05,,26.07,31.94,24.89,True
9440,2026-07-04T13:02:42.29487-03:00,FLOKIUSDT,HOLD,4h,9,WATCH,2.407e-05,2.329e-05,closed,2.406e-05,2.399e-05,2.413e-05,2.378e-05,2.466e-05,2.397e-05,2.466e-05,2.325e-05,True,2026-07-05T13:02:48.142786-03:00,0.135751814631607,-0.00927322148599695,False,0.0001,,2.34e-05,2.466e-05,2.21e-05,True
9441,2026-07-04T13:02:42.29487-03:00,ZROUSDT,PREBREAK,1h,7,BEST,0.919,0.92,closed,0.913,0.923,0.936,0.913,0.946,0.912,0.946,0.895,True,2026-07-05T13:02:49.432344-03:00,0.125540389276547,0.0153927929858579,True,5e-05,,0.925,1.06,0.89,True
9439,2026-07-04T13:02:42.29487-03:00,ADAUSDT,HOLD,4h,10,STRONG,0.1909,0.1737,closed,0.1958,0.1948,0.1934,0.1895,0.2,0.1915,0.2,0.1851,True,2026-07-05T13:02:43.837478-03:00,0.210885859711026,-0.00357473820836342,True,0.0001,,0.1711,0.2,0.1647,True
9444,2026-07-04T13:02:42.29487-03:00,SUIUSDT,PREBREAK,1h,9,BEST,0.7721,0.7736,closed,0.7693,0.7659,0.7719,0.7535,0.7828,0.7643,0.7828,0.7372,True,2026-07-05T13:02:46.646263-03:00,0.0522233079625496,0.00223918744020762,True,0.0001,,0.7441,0.7828,0.6964,True
9438,2026-07-04T13:02:42.29487-03:00,XRPUSDT,HOLD,4h,10,STRONG,1.1724,1.1238,closed,1.1672,1.1692,1.1685,1.1373,1.1843,1.1637,1.1843,1.1248,True,2026-07-05T13:02:52.091451-03:00,0.668679510526293,0.00419401576783838,True,-2.057e-05,,1.1128,1.1843,1.0694,True
9436,2026-07-04T13:02:42.29487-03:00,PEPEUSDT,HOLD,4h,12,STRONG,2.77e-06,2.62e-06,closed,2.76e-06,2.76e-06,2.75e-06,2.7e-06,2.8e-06,2.73e-06,2.8e-06,2.63e-06,True,2026-07-05T13:02:45.313007-03:00,0.31213970446565,0.0540595565100742,False,0.0001,,2.81e-06,2.88e-06,2.55e-06,True
9442,2026-07-04T13:02:42.29487-03:00,AAVEUSDT,COILING,4h,7,BEST,89.62,91.05,closed,89.16,88.84,89.36,89.83,90.29,88.71,90.29,87.07,True,2026-07-05T13:02:53.388636-03:00,0.479643682817234,0.0713132775614887,False,4.73e-05,,99.66,101.17,85.89,True
9459,2026-07-04T14:02:41.345781-03:00,DEXEUSDT,COILING,4h,8,BEST,23.516,23.698,closed,23.542,23.629,23.604,24.396,23.976,23.333,25.111,23.039,True,2026-07-05T14:02:41.551229-03:00,1.33916021108752,0.091995380868166,True,0.00021987,,38.005,38.399,23.039,True
9457,2026-07-04T14:02:41.345781-03:00,ARUSDT,HOLD,4h,9,WATCH,2.087,2.052,closed,2.13,2.124,2.113,2.024,2.139,2.1,2.141,1.984,True,2026-07-05T15:02:38.409909-03:00,-0.0919480072274226,0.0390437770214657,True,0.0001,,1.995,2.141,1.923,True
9460,2026-07-04T14:02:41.345781-03:00,JSTUSDT,COILING,4h,7,WATCH,0.08985,0.09108,closed,0.08996,0.09005,0.09059,0.0925,0.0906,0.08979,0.09304,0.08979,True,2026-07-05T15:02:36.40023-03:00,11.9837001822004,0.123496937643364,False,-8.944e-05,,0.10151,0.10462,0.08988,True
9461,2026-07-04T14:02:41.345781-03:00,ONDOUSDT,PREBREAK,1h,4,WATCH,0.3394,0.34,closed,0.3446,0.3475,0.3382,0.3276,0.348,0.3369,0.348,0.323,True,2026-07-05T15:02:39.7737-03:00,-0.0617471931582296,0.0327801561730202,False,5e-05,,0.3346,0.348,0.3093,True
9458,2026-07-04T14:02:41.345781-03:00,LTCUSDT,COILING,4h,9,WATCH,45.18,45.35,closed,45.42,45.57,45.04,45.09,45.71,44.87,45.83,44.01,True,2026-07-05T14:02:43.072852-03:00,0.381496986305284,0.0306724665898476,True,0.0001,,45.12,46.15,43.17,True
9470,2026-07-04T15:02:36.580788-03:00,ETHUSDT,PREBREAK,1h,10,STRONG,1799.36,1799.92,closed,1803.12,1794.05,1787.13,1779.83,1805.84,1783.84,1805.84,1748.79,True,2026-07-05T15:02:42.778481-03:00,0.112320444371198,0.0592863038314225,True,5.167e-05,,1826.39,1833.4,1713.44,True
9471,2026-07-04T15:02:36.580788-03:00,ALGOUSDT,PREBREAK,1h,7,BEST,0.092,0.0925,closed,0.0917,0.0914,0.0912,0.0916,0.0918,0.0906,0.0926,0.0889,True,2026-07-05T15:02:44.20596-03:00,0.232499670952149,0.0876698265415252,False,0.0001,,0.0869,0.0926,0.0833,True
9472,2026-07-04T15:02:36.580788-03:00,FETUSDT,PREBREAK,1h,5,BEST,0.1865,0.188,closed,0.1864,0.1866,0.1851,0.1752,0.1887,0.1847,0.1887,0.174,True,2026-07-05T15:02:41.266972-03:00,-0.01349114950192,-0.0216590468759095,False,0.0001,,0.1629,0.1887,0.1546,True
9498,2026-07-04T17:02:42.2378-03:00,ONDOUSDT,COILING,4h,6,BEST,0.3399,0.34,closed,0.34,0.3382,0.3351,0.3298,0.3413,0.3341,0.3413,0.323,True,2026-07-05T17:02:51.295951-03:00,0.103169574442552,0.0471404046476247,True,5e-05,,0.3344,0.3417,0.3093,True
9500,2026-07-04T17:02:42.2378-03:00,ALGOUSDT,COILING,4h,4,BEST,0.0911,0.0925,closed,0.091,0.0913,0.0906,0.0907,0.0916,0.09,0.0926,0.0889,True,2026-07-05T18:02:31.984635-03:00,0.250244406537848,0.0675431934700995,False,0.0001,,0.0867,0.0926,0.0833,True
9499,2026-07-04T17:02:42.2378-03:00,PORTALUSDT,COILING,4h,5,BEST,0.01297,0.01303,closed,0.01313,0.01301,0.01278,0.01258,0.01358,0.01272,0.01358,0.01248,True,2026-07-05T17:02:47.660114-03:00,0.0783189585685059,0.0261857052028296,False,-0.00077859,,0.01189,0.01329,0.01123,True
9495,2026-07-04T17:02:42.2378-03:00,BCHUSDT,HOLD,4h,12,STRONG,234.0,231.0,closed,234.5,232.9,236.0,246.9,237.8,230.9,249.5,230.9,True,2026-07-05T17:02:45.816861-03:00,0.0698651332993045,0.0780613127111139,True,4.261e-05,,247.7,255.1,228.9,True
9496,2026-07-04T17:02:42.2378-03:00,ETHFIUSDT,HOLD,4h,10,STRONG,0.442,0.407,closed,0.442,0.428,0.414,0.424,0.445,0.409,0.445,0.408,True,2026-07-05T17:02:49.644997-03:00,0.775857529823453,0.0138621746529565,True,5e-05,,0.428,0.455,0.38,True
9497,2026-07-04T17:02:42.2378-03:00,EIGENUSDT,BREAKOUT,4h,10,STRONG,0.2374,0.2195,closed,0.236,0.2325,0.2314,0.2401,0.2394,0.2287,0.2438,0.2238,True,2026-07-05T17:02:43.565545-03:00,1.33003467285402,-0.0641686435149493,True,5e-05,,0.2378,0.2576,0.2136,True
9494,2026-07-04T17:02:42.2378-03:00,BEAMXUSDT,HOLD,4h,15,BEST,0.001648,0.001479,closed,0.001621,0.001597,0.001577,0.001523,0.00164,0.001561,0.00164,0.001511,True,2026-07-05T18:02:33.598232-03:00,1.09339181673439,0.102365862153915,True,5e-05,,0.001629,0.00168,0.00145,True
9508,2026-07-04T18:02:34.946774-03:00,EIGENUSDT,HOLD,4h,8,WATCH,0.2374,0.2195,closed,0.2353,0.2343,0.2355,0.2407,0.2394,0.2287,0.2438,0.2238,True,2026-07-05T18:02:35.225481-03:00,1.33003467285402,-0.0641686435149493,True,5e-05,,0.2356,0.2576,0.2136,True
9509,2026-07-04T18:02:34.946774-03:00,PYTHUSDT,PREBREAK,1h,8,BEST,0.03859,0.03872,closed,0.03862,0.03856,0.03858,0.03987,0.03889,0.03793,0.04183,0.03793,True,2026-07-05T18:02:37.088705-03:00,-0.0313019850666428,0.00569975795640121,False,5e-05,,0.04794,0.04982,0.03793,True
9521,2026-07-04T19:02:32.000326-03:00,REZUSDT,HOLD,4h,8,WATCH,0.003303,0.003176,closed,0.003181,0.003081,0.003078,0.003024,0.0032,0.003054,0.0032,0.002987,True,2026-07-05T19:02:39.190023-03:00,0.729070561095342,-0.0528359477501407,True,5e-05,,0.00267,0.003109,0.002645,True
9531,2026-07-04T20:02:36.253244-03:00,CAKEUSDT,PREBREAK,1h,8,WATCH,1.399,1.408,closed,1.391,1.389,1.376,1.468,1.399,1.372,1.486,1.366,True,2026-07-05T21:02:43.306332-03:00,-0.00673652108987015,-0.00101778546220164,False,5e-05,,1.426,1.486,1.346,True
9537,2026-07-04T21:02:32.674755-03:00,NIGHTUSDT,HOLD,4h,11,STRONG,0.03461,0.0339,closed,0.03434,0.03437,0.0338,0.03393,0.03468,0.0338,0.03468,0.03315,True,2026-07-05T21:02:44.847906-03:00,0.0198673805698841,0.0579662019131499,True,5e-05,,0.03062,0.03524,0.03032,True
9538,2026-07-04T21:02:32.674755-03:00,OPENUSDT,HOLD,4h,10,STRONG,0.1729,0.1633,closed,0.1706,0.1688,0.1662,0.1627,0.1719,0.1646,0.1719,0.1588,True,2026-07-05T21:02:46.60359-03:00,0.2870690096949,-0.0186884350981771,True,5e-05,,0.1465,0.1693,0.1414,True
9552,2026-07-04T22:02:34.424631-03:00,PORTALUSDT,COILING,4h,1,BEST,0.01279,0.01322,closed,0.01254,0.01258,0.01265,0.01267,0.01278,0.01248,0.01329,0.01248,True,2026-07-05T22:02:44.505172-03:00,0.0662287350595379,0.0361879527475613,False,5e-05,,0.01201,0.01329,0.01123,True
9560,2026-07-04T23:02:34.559685-03:00,SANDUSDT,PREBREAK,1h,5,BEST,0.0509,0.05148,closed,0.05023,0.05063,0.04994,0.05062,0.05082,0.04982,0.05155,0.04956,True,2026-07-05T23:02:37.716423-03:00,0.00493166578050934,0.0228258380462488,False,8.699e-05,,0.04907,0.05155,0.0467,True
9568,2026-07-05T00:02:33.343088-03:00,AUSDT,HOLD,4h,12,STRONG,0.0738,0.0696,closed,0.074,0.0727,0.0731,0.0727,0.0745,0.0726,0.0757,0.0716,True,2026-07-06T00:02:33.99351-03:00,0.422038578022689,0.0648083199884045,True,5e-05,,0.0742,0.0818,0.0708,True
9573,2026-07-05T01:02:40.957324-03:00,ALGOUSDT,COILING,4h,2,BEST,0.0903,0.0925,closed,0.0901,0.0893,0.0899,0.0895,0.0904,0.0889,0.0917,0.0889,True,2026-07-06T02:02:35.48796-03:00,0.0895706196458203,0.0377729018376564,False,0.0001,,0.0842,0.0917,0.0833,True
9605,2026-07-05T05:02:38.553245-03:00,BCHUSDT,HOLD,4h,11,STRONG,240.9,234.9,closed,241.9,241.4,236.8,240.7,242.8,236.1,249.5,235.2,True,2026-07-06T05:02:39.153205-03:00,0.082661878505253,0.0442116792869734,True,0.0001,,244.9,255.1,228.9,True
9606,2026-07-05T05:02:38.553245-03:00,ONTUSDT,HOLD,4h,8,WATCH,0.04543,0.04513,closed,0.04535,0.04527,0.045,0.0451,0.04551,0.04476,0.04627,0.04452,True,2026-07-06T06:02:45.164197-03:00,554.227235438884,-0.0799165913624073,False,5e-05,,0.04533,0.04735,0.04375,True
9641,2026-07-05T09:02:34.302296-03:00,ENSOUSDT,COILING,4h,8,BEST,0.671,0.675,closed,0.667,0.672,0.684,0.654,0.693,0.665,0.693,0.651,True,2026-07-06T09:02:37.052426-03:00,0.0917137975852407,0.172199783511227,True,5e-05,,0.72,0.742,0.641,True
9640,2026-07-05T09:02:34.302296-03:00,OPNUSDT,BREAKOUT,4h,9,WATCH,0.0711,0.0689,closed,0.0697,0.0694,0.0695,0.0664,0.0792,0.0685,0.0792,0.0643,True,2026-07-06T09:02:38.465185-03:00,0.170744558653975,0.0584679306119532,True,5e-05,,0.0663,0.0792,0.0559,True
9652,2026-07-05T10:02:32.915249-03:00,CAKEUSDT,PREBREAK,1h,7,WATCH,1.405,1.41,closed,1.404,1.422,1.414,1.419,1.433,1.399,1.486,1.399,True,2026-07-06T10:02:42.927591-03:00,-0.152731597517814,0.0604262548777388,False,5e-05,,1.427,1.486,1.346,True
9660,2026-07-05T11:02:34.039049-03:00,AAVEUSDT,PREBREAK,1h,10,BEST,88.71,89.71,closed,88.93,89.39,88.62,93.25,90.2,88.5,94.72,87.96,True,2026-07-06T11:02:35.592527-03:00,0.120525027426547,-0.0456903865663687,False,5.21e-06,,99.15,102.22,85.89,True
9673,2026-07-05T12:02:31.504293-03:00,LINKUSDT,PREBREAK,1h,5,WATCH,7.97,8.055,closed,7.974,7.967,8.022,7.869,8.037,7.941,8.151,7.76,True,2026-07-06T12:02:44.044466-03:00,-0.0732589878232895,-0.0330816822854154,False,2.249e-05,,8.07,8.172,7.522,True
9681,2026-07-05T13:02:37.563462-03:00,JSTUSDT,COILING,4h,9,WATCH,0.09269,0.09291,closed,0.09247,0.0925,0.09285,0.09181,0.09303,0.09202,0.09303,0.09064,True,2026-07-06T13:02:44.4772-03:00,0.513690556650518,0.131612162318103,True,5e-05,,0.10083,0.10462,0.09064,True
9682,2026-07-05T13:02:37.563462-03:00,CAKEUSDT,COILING,4h,7,WATCH,1.412,1.418,closed,1.411,1.414,1.462,1.447,1.486,1.399,1.486,1.399,True,2026-07-06T13:02:46.420054-03:00,0.0322919396297999,0.0667586347738235,True,5e-05,,1.423,1.486,1.346,True
9713,2026-07-05T17:02:38.968165-03:00,PYTHUSDT,COILING,4h,7,BEST,0.03967,0.04039,closed,0.03962,0.03987,0.04044,0.04613,0.04096,0.03956,0.04773,0.03956,True,2026-07-06T17:02:42.03494-03:00,0.199158544230441,0.0395338748612722,False,5e-05,,0.04871,0.04982,0.03978,True
9709,2026-07-05T17:02:38.968165-03:00,KAITOUSDT,BREAKOUT,4h,12,BEST,0.6654,0.6294,closed,0.6539,0.6327,0.6457,0.6095,0.6799,0.6227,0.6799,0.591,True,2026-07-06T17:02:47.066075-03:00,0.154825340040613,0.120288471299307,True,5e-05,,0.667,0.8577,0.5885,True
9714,2026-07-05T17:02:38.968165-03:00,ENSOUSDT,COILING,4h,6,BEST,0.678,0.689,closed,0.681,0.683,0.671,0.668,0.686,0.671,0.686,0.646,True,2026-07-06T17:02:40.45572-03:00,0.130705679620434,0.137339622258569,False,5e-05,,0.707,0.742,0.641,True
9712,2026-07-05T17:02:38.968165-03:00,BNBUSDT,HOLD,4h,10,STRONG,589.45,579.0,closed,589.36,587.36,590.27,584.21,593.47,585.84,593.47,570.12,True,2026-07-06T17:02:43.77286-03:00,0.148795525730474,-0.0166115581968652,True,7.046e-05,,578.84,593.47,560.4,True
9711,2026-07-05T17:02:38.968165-03:00,GIGGLEUSDT,BREAKOUT,4h,11,BEST,29.06,27.79,closed,29.12,29.61,29.63,27.59,30.6,28.79,31.94,26.75,True,2026-07-06T17:02:48.66639-03:00,0.827683509984772,0.0396727670081786,True,5e-05,,26.76,31.94,24.89,True
9708,2026-07-05T17:02:38.968165-03:00,JSTUSDT,HOLD,4h,12,STRONG,0.09292,0.09108,closed,0.0929,0.09251,0.09212,0.09308,0.09295,0.09166,0.09329,0.09064,True,2026-07-06T17:02:45.415781-03:00,0.485292104030489,0.134819947482404,True,4.408e-05,,0.10167,0.10462,0.09064,True
9710,2026-07-05T17:02:38.968165-03:00,BCHUSDT,HOLD,4h,11,STRONG,248.2,234.9,closed,245.7,244.0,244.0,245.7,247.0,242.1,248.9,234.6,True,2026-07-06T18:02:41.04508-03:00,0.0998711210157883,0.05324828274281,True,-6.02e-05,,246.5,255.1,228.9,True
9739,2026-07-05T19:02:38.135848-03:00,ARBUSDT,PREBREAK,1h,7,BEST,0.0803,0.0803,closed,0.0806,0.0807,0.0805,0.0812,0.0814,0.0795,0.0818,0.0761,True,2026-07-06T19:02:38.981046-03:00,0.10410832214499,-0.00478780189440346,False,0.0001,,0.093,0.1013,0.0752,True
9763,2026-07-05T21:02:42.370646-03:00,ZECUSDT,PREBREAK,1h,8,BEST,462.23,466.93,closed,463.08,465.44,455.79,452.39,465.68,454.15,465.68,437.73,True,2026-07-06T21:02:47.355211-03:00,0.0307560623010291,-0.0524577308204335,False,0.0001,,534.59,549.81,437.73,True
9761,2026-07-05T21:02:42.370646-03:00,OGUSDT,HOLD,4h,11,STRONG,2.695,2.535,closed,2.687,2.722,2.713,2.651,2.733,2.663,2.773,2.634,True,2026-07-06T21:02:56.258164-03:00,0.904227540342394,0.054818413329743,True,5e-05,,2.604,2.773,2.518,True
9760,2026-07-05T21:02:42.370646-03:00,TRBUSDT,HOLD,4h,12,STRONG,18.45,16.71,closed,18.73,18.61,18.09,17.26,18.95,17.72,18.95,17.01,True,2026-07-06T21:02:54.822207-03:00,13.1638018390209,0.0412655356919993,True,-1.807e-05,,15.11,18.95,14.86,True
9764,2026-07-05T21:02:42.370646-03:00,ICPUSDT,PREBREAK,1h,5,BEST,2.209,2.23,closed,2.207,2.206,2.207,2.228,2.221,2.182,2.272,2.13,True,2026-07-06T21:02:48.95127-03:00,-0.0649593619005265,-0.00228938240910782,False,0.0001,,2.232,2.399,2.13,True
9762,2026-07-05T21:02:42.370646-03:00,ALICEUSDT,BREAKOUT,4h,11,BEST,0.1469,0.1416,closed,0.1481,0.146,0.1446,0.1358,0.1548,0.1419,0.1548,0.1288,True,2026-07-06T21:02:45.543373-03:00,0.399718299551817,-0.00165752152620029,True,-0.00180468,,0.1211,0.1548,0.118,True
9757,2026-07-05T21:02:42.370646-03:00,RUNEUSDT,PREBREAK,1h,15,BEST,0.415,0.415,closed,0.416,0.415,0.414,0.402,0.418,0.413,0.418,0.394,True,2026-07-06T21:02:50.469069-03:00,1.74340937928659,-0.0644648285219368,False,0.0001,,0.405,0.418,0.373,True
9759,2026-07-05T21:02:42.370646-03:00,GIGGLEUSDT,HOLD,4h,12,STRONG,30.25,28.91,closed,30.63,31.46,29.03,27.71,31.94,28.38,31.94,26.75,True,2026-07-06T21:02:53.377654-03:00,0.749242046912985,0.0360455945570568,True,5e-05,,27.06,31.89,24.89,True
9758,2026-07-05T21:02:42.370646-03:00,NEIROUSDT,BREAKOUT,4h,13,BEST,7.11e-05,6.841e-05,closed,7.084e-05,6.988e-05,6.835e-05,6.685e-05,7.107e-05,6.833e-05,7.107e-05,6.408e-05,True,2026-07-06T21:02:51.803645-03:00,1.65316831781388,0.0275383572138564,True,5e-05,,6.138e-05,7.087e-05,6.058e-05,True
9775,2026-07-05T22:02:43.474161-03:00,GIGGLEUSDT,BREAKOUT,4h,12,BEST,30.25,28.91,closed,31.19,30.12,29.0,27.85,31.48,28.38,31.48,26.75,True,2026-07-06T23:02:33.755776-03:00,0.749242046912985,0.0360455945570568,True,5e-05,,26.73,30.43,24.89,True
9777,2026-07-05T22:02:43.474161-03:00,PYTHUSDT,COILING,4h,4,BEST,0.04044,0.04183,closed,0.04048,0.04095,0.0417,0.04506,0.04175,0.04032,0.04773,0.04032,True,2026-07-06T23:02:35.323535-03:00,0.233335388197405,0.0292767941102972,False,5e-05,,0.04802,0.04982,0.04032,True
9776,2026-07-05T22:02:43.474161-03:00,DASHUSDT,PREBREAK,1h,9,BEST,35.74,35.83,closed,35.86,35.6,35.03,35.45,35.87,35.01,35.87,34.02,True,2026-07-06T23:02:36.958529-03:00,0.0868231239358458,0.0174517245439966,False,0.0001,,34.55,37.36,33.25,True
9792,2026-07-06T01:02:33.170592-03:00,MOVRUSDT,HOLD,4h,15,BEST,1.472,1.379,closed,1.528,1.427,1.397,1.482,1.55,1.366,1.572,1.337,True,2026-07-07T01:02:36.770684-03:00,0.765604440935445,0.115853543591507,True,-0.00017143,,1.321,1.572,1.304,True
9823,2026-07-06T05:02:36.486746-03:00,MANTRAUSDT,COILING,4h,4,BEST,0.00689,0.00712,closed,0.0069,0.00685,0.00679,0.00679,0.00691,0.00678,0.00701,0.00677,True,2026-07-07T05:02:46.35582-03:00,0.206755270358499,0.0288360471663541,False,-0.00086893,,0.00639,0.00701,0.00635,True
9822,2026-07-06T05:02:36.486746-03:00,MINAUSDT,BREAKOUT,4h,13,BEST,0.0526,0.0487,closed,0.0477,0.0482,0.0472,0.0492,0.0541,0.0464,0.0541,0.0464,True,2026-07-07T05:02:44.966402-03:00,2.01541629664935,-0.0331227958108567,True,-0.00043461,,0.0437,0.053,0.0423,True
9832,2026-07-06T06:02:43.847239-03:00,XLMUSDT,PREBREAK,1h,12,BEST,0.2043,0.2056,closed,0.2049,0.2038,0.1973,0.1938,0.2076,0.1969,0.2076,0.1934,True,2026-07-07T06:02:44.567524-03:00,0.0353351595647572,-0.1169869682769,False,2.531e-05,,0.1839,0.2076,0.1796,True
9838,2026-07-06T07:02:52.541451-03:00,DEXEUSDT,BREAKOUT,4h,15,BEST,25.763,25.293,closed,27.198,27.527,28.326,28.0,28.471,26.924,28.98,26.924,True,2026-07-07T08:02:34.739832-03:00,4.41895199257983,0.249638770313897,True,0.00016172,,45.645,49.432,25.111,True
9839,2026-07-06T07:02:52.541451-03:00,PSGUSDT,PREBREAK,1h,8,BEST,0.547,0.551,closed,0.546,0.543,0.536,0.538,0.547,0.534,0.547,0.525,True,2026-07-07T08:02:36.567317-03:00,0.141202265953372,-0.0283640475736041,False,,,0.522,0.553,0.519,True
9846,2026-07-06T08:02:38.910493-03:00,SENTUSDT,PREBREAK,1h,8,BEST,0.01472,0.01477,closed,0.01476,0.01518,0.01426,0.01483,0.01538,0.01422,0.01572,0.01418,True,2026-07-07T08:02:39.91889-03:00,0.0921879862092095,-0.0072279353556595,False,5e-05,,0.01357,0.01896,0.01312,True
9847,2026-07-06T08:02:38.910493-03:00,ONDOUSDT,PREBREAK,1h,6,BEST,0.3326,0.3366,closed,0.3335,0.3278,0.3312,0.329,0.3348,0.3233,0.3417,0.3233,True,2026-07-07T09:02:42.455782-03:00,-0.0491285489660182,-0.0440315089766597,False,2.32e-06,,0.3185,0.3417,0.3093,True
9857,2026-07-06T09:02:36.265755-03:00,YFIUSDT,HOLD,4h,15,BEST,2133.0,1878.0,closed,2088.0,2093.0,2540.0,2388.0,2615.0,2047.0,2848.0,2047.0,True,2026-07-07T09:02:46.116016-03:00,1.52063035332262,0.0387440996271926,True,-0.00035539,,2088.0,2848.0,2022.0,True
9859,2026-07-06T09:02:36.265755-03:00,PYTHUSDT,HOLD,4h,12,STRONG,0.04377,0.04183,closed,0.04414,0.04266,0.0472,0.04603,0.04725,0.04222,0.04773,0.04222,True,2026-07-07T09:02:47.888558-03:00,0.359478478899873,0.0228382122543312,True,9.44e-06,,0.0492,0.0506,0.04109,True
9858,2026-07-06T09:02:36.265755-03:00,DEXEUSDT,HOLD,4h,13,BEST,27.776,25.555,closed,27.666,27.816,28.779,28.834,28.959,27.384,29.066,27.384,True,2026-07-07T09:02:44.236542-03:00,2.09188692843475,0.20497818312992,True,0.00034158,,43.846,49.432,25.111,True
9861,2026-07-06T09:02:36.265755-03:00,ZROUSDT,HOLD,4h,10,STRONG,0.975,0.946,closed,0.97,0.959,0.996,0.996,0.997,0.934,1.06,0.934,True,2026-07-07T09:02:51.382786-03:00,0.103780521791879,-0.0246495148480241,True,5e-05,,0.859,1.06,0.838,True
9862,2026-07-06T09:02:36.265755-03:00,ONDOUSDT,COILING,4h,4,BEST,0.3291,0.348,closed,0.3282,0.3247,0.3368,0.3336,0.3368,0.3233,0.3417,0.3233,True,2026-07-07T09:02:49.640477-03:00,0.0394644024605166,0.045887294962304,False,-1.014e-05,,0.3159,0.3417,0.3093,True
9860,2026-07-06T09:02:36.265755-03:00,OGUSDT,HOLD,4h,10,STRONG,2.723,2.535,closed,2.673,2.666,2.684,2.653,2.732,2.645,2.743,2.612,True,2026-07-07T09:02:52.97711-03:00,0.937130669118921,0.0492433740245639,False,5e-05,,2.619,2.768,2.518,True
9875,2026-07-06T10:02:41.102414-03:00,ZKUSDT,PREBREAK,1h,10,BEST,0.01071,0.01079,closed,0.01069,0.01098,0.01103,0.01126,0.01144,0.01069,0.01151,0.01066,True,2026-07-07T11:02:38.073092-03:00,0.105941990586422,-0.0533832190719373,False,4.689e-05,,0.01013,0.01151,0.00996,True
9886,2026-07-06T11:02:34.848269-03:00,LUMIAUSDT,HOLD,4h,12,STRONG,0.1424,0.1355,closed,0.1419,0.1409,0.1376,0.141,0.1434,0.1354,0.1457,0.1304,True,2026-07-07T11:02:39.796903-03:00,0.0211074086168172,0.139448761801988,True,5e-05,,0.0779,0.15,0.0703,True
9906,2026-07-06T12:02:42.840081-03:00,DEXEUSDT,BREAKOUT,4h,14,BEST,27.776,25.555,closed,28.499,28.779,28.284,28.283,28.98,27.517,29.35,27.407,True,2026-07-07T13:02:44.220308-03:00,2.09188692843475,0.20497818312992,True,0.00034158,,41.067,49.432,25.111,True
9926,2026-07-06T13:02:42.855112-03:00,BTCUSDT,PREBREAK,1h,9,WATCH,63545.98,63999.0,closed,63659.99,63697.2,63634.01,63964.01,63976.16,63402.6,64700.0,62671.39,True,2026-07-07T13:02:52.648232-03:00,0.261609561537236,0.0694719354198428,True,0.0001,,62276.0,64700.0,61544.56,True
9927,2026-07-06T13:02:42.855112-03:00,WBTCUSDT,PREBREAK,1h,9,WATCH,63542.25,63953.02,closed,63658.82,63688.49,63638.06,63968.51,63993.75,63400.53,64702.38,62691.1,True,2026-07-07T13:02:57.692412-03:00,0.606455390944343,-0.0856629740486229,True,,,62257.47,64702.38,61537.88,True
9925,2026-07-06T13:02:42.855112-03:00,NEARUSDT,BREAKOUT,4h,10,STRONG,2.077,2.062,closed,2.081,2.058,2.069,2.068,2.11,2.048,2.11,1.98,True,2026-07-07T13:02:47.703641-03:00,0.0510113992082092,0.0462552886595163,False,0.0001,,1.947,2.1,1.842,True
9928,2026-07-06T13:02:42.855112-03:00,WIFUSDT,COILING,4h,6,BEST,0.1746,0.1842,closed,0.1753,0.1743,0.1713,0.1702,0.1762,0.1709,0.1764,0.1654,True,2026-07-07T13:02:45.955012-03:00,0.134796162860156,0.0392879722970946,False,3.413e-05,,0.1494,0.1764,0.147,True
9930,2026-07-06T13:02:42.855112-03:00,MANTRAUSDT,COILING,4h,4,BEST,0.00695,0.00727,closed,0.00698,0.00697,0.00694,0.00673,0.00701,0.00692,0.00701,0.00665,True,2026-07-07T13:02:54.512644-03:00,0.313393657697502,0.0640962928108161,False,5e-05,,0.00625,0.007,0.00617,True
9929,2026-07-06T13:02:42.855112-03:00,ZAMAUSDT,COILING,4h,5,BEST,0.03342,0.0338,closed,0.03363,0.03372,0.03495,0.03346,0.03506,0.03338,0.03546,0.03327,True,2026-07-07T13:02:56.179308-03:00,0.174560756485957,0.0764707626018496,False,5e-05,,0.03294,0.03546,0.03228,True
9923,2026-07-06T13:02:42.855112-03:00,AAVEUSDT,BREAKOUT,4h,13,BEST,96.46,90.92,closed,96.65,95.75,96.2,92.39,97.41,95.11,97.41,90.1,True,2026-07-07T13:02:51.020442-03:00,1.63658717832517,0.00807577092419979,True,1.068e-05,,95.27,102.22,85.89,True
9924,2026-07-06T13:02:42.855112-03:00,PYTHUSDT,BREAKOUT,4h,11,BEST,0.04642,0.04332,closed,0.04647,0.04512,0.04611,0.04495,0.04773,0.04483,0.04773,0.04379,True,2026-07-07T13:02:49.390706-03:00,0.39156491993899,0.0282014019306964,True,5e-05,,0.04722,0.0506,0.04109,True
9960,2026-07-06T14:02:37.789821-03:00,JSTUSDT,COILING,4h,7,WATCH,0.09183,0.09304,closed,0.09309,0.09295,0.09312,0.09407,0.09329,0.09277,0.09425,0.09219,True,2026-07-07T14:02:47.845044-03:00,0.0479649922263898,0.100129952797748,False,4.159e-05,,0.09972,0.10462,0.09219,True
9962,2026-07-06T14:02:37.789821-03:00,ONDOUSDT,COILING,4h,4,BEST,0.3361,0.348,closed,0.3362,0.3351,0.3363,0.3356,0.3398,0.3341,0.3417,0.3268,True,2026-07-07T14:02:46.030875-03:00,0.0914428294441979,0.0626277613465139,False,1.331e-05,,0.3108,0.3417,0.3093,True
9961,2026-07-06T14:02:37.789821-03:00,ENSUSDT,COILING,4h,5,BEST,4.25,4.42,closed,4.25,4.23,4.26,4.23,4.28,4.23,4.33,4.13,True,2026-07-07T14:02:50.864042-03:00,0.261093640131497,0.135268246372586,False,8.31e-06,,4.03,4.33,3.98,True
9959,2026-07-06T14:02:37.789821-03:00,BTCUSDT,COILING,4h,9,WATCH,63545.98,63999.0,closed,63885.2,63634.0,63810.0,63980.01,63976.16,63560.0,64700.0,62671.39,True,2026-07-07T14:02:49.292197-03:00,0.261609561537236,0.0694719354198428,True,0.0001,,61904.99,64700.0,61544.56,True
9981,2026-07-06T15:02:36.52892-03:00,TNSRUSDT,BREAKOUT,4h,9,WATCH,0.0358,0.0356,closed,0.0366,0.0355,0.0355,0.0336,0.0372,0.0349,0.0372,0.0335,True,2026-07-07T15:02:37.787403-03:00,0.0363857987316598,0.0652353573041091,True,-0.0002574,,0.0314,0.0359,0.0304,True
9999,2026-07-06T16:02:38.606986-03:00,BNSOLUSDT,PREBREAK,1h,12,BEST,91.8,92.2,closed,91.7,91.5,92.2,91.2,93.6,91.4,93.6,90.1,True,2026-07-07T16:02:39.655455-03:00,0.03204401786244,0.303623715685835,False,,,84.3,93.6,83.6,True
9998,2026-07-06T16:02:38.606986-03:00,SOMIUSDT,BREAKOUT,4h,13,BEST,0.1098,0.1081,closed,0.1161,0.1142,0.1165,0.1119,0.1199,0.1135,0.123,0.1092,True,2026-07-07T17:02:51.957108-03:00,2.56118553048924,0.0309722437942694,True,5e-05,,0.1035,0.123,0.0986,True
10017,2026-07-06T17:02:37.933682-03:00,ARUSDT,COILING,4h,5,BEST,2.043,2.142,closed,2.033,2.028,2.036,1.984,2.066,2.017,2.066,1.965,True,2026-07-07T17:02:53.407572-03:00,0.126296778687644,0.0349001880329259,False,0.0001,,1.911,2.066,1.905,True
10019,2026-07-06T17:02:37.933682-03:00,ETCUSDT,COILING,4h,4,WATCH,7.13,7.39,closed,7.11,7.09,7.11,6.98,7.2,7.09,7.2,6.91,True,2026-07-07T17:02:57.991612-03:00,0.0700607690759266,0.0279904788584023,False,2.939e-05,,6.89,7.2,6.81,True
10015,2026-07-06T17:02:37.933682-03:00,RIFUSDT,HOLD,4h,10,STRONG,0.1313,0.1186,closed,0.1302,0.1265,0.129,0.1295,0.1306,0.1262,0.1446,0.1262,True,2026-07-07T17:02:59.177894-03:00,0.0862098563513022,-0.0295566101802063,False,5e-05,,0.1303,0.1446,0.1144,True
10018,2026-07-06T17:02:37.933682-03:00,INJUSDT,COILING,4h,4,BEST,4.89,4.95,closed,4.883,4.844,4.809,4.766,4.955,4.806,4.955,4.673,True,2026-07-07T17:02:56.734266-03:00,0.146422252895665,0.0501410394403498,False,7.962e-05,,4.702,5.154,4.533,True
10016,2026-07-06T17:02:37.933682-03:00,BNSOLUSDT,COILING,4h,7,BEST,91.9,93.9,closed,91.6,92.0,91.7,91.1,93.6,91.4,93.6,90.1,True,2026-07-07T17:02:55.205887-03:00,0.0805271491150526,0.442742029055088,False,,,83.8,93.6,83.6,True
10036,2026-07-06T18:02:40.026475-03:00,AVAXUSDT,PREBREAK,1h,7,BEST,6.915,6.99,closed,7.0,7.016,6.889,6.739,7.088,6.888,7.088,6.65,True,2026-07-07T19:02:45.12859-03:00,0.240934233987489,-0.0545246615521763,False,4.857e-05,,6.398,7.021,6.282,True
10037,2026-07-06T18:02:40.026475-03:00,ANIMEUSDT,COILING,4h,5,BEST,0.00286,0.00294,closed,0.00289,0.00288,0.0029,0.00273,0.00292,0.00286,0.00292,0.0027,True,2026-07-07T18:02:40.519868-03:00,0.986999879946589,0.0356061835820269,False,-6.834e-05,,0.00268,0.00292,0.00264,True
10049,2026-07-06T19:02:38.056464-03:00,ONDOUSDT,COILING,4h,5,BEST,0.3379,0.348,closed,0.3383,0.3362,0.3338,0.3271,0.3393,0.3327,0.3393,0.3254,True,2026-07-07T19:02:46.443509-03:00,0.120535598314775,0.0666970234163219,False,5e-05,,0.3094,0.338,0.3078,True
10048,2026-07-06T19:02:38.056464-03:00,BTCUSDT,COILING,4h,8,WATCH,63738.52,63999.0,closed,64376.0,64304.01,63836.0,63372.0,64480.0,63767.04,64480.0,62671.39,True,2026-07-07T19:02:47.919637-03:00,0.421840829765439,0.0649536632648193,True,0.0001,,61924.0,64692.83,61544.56,True
10060,2026-07-06T20:02:40.588935-03:00,STGUSDT,BREAKOUT,4h,12,BEST,0.1709,0.1597,closed,0.176,0.1795,0.1777,0.1622,0.1857,0.1727,0.1857,0.1596,True,2026-07-07T20:02:41.109063-03:00,1.28775138356316,0.274225915980664,True,5e-05,,0.1411,0.1857,0.1381,True
10065,2026-07-06T21:02:44.574528-03:00,SYRUPUSDT,BREAKOUT,4h,14,BEST,0.1763,0.1697,closed,0.1762,0.1762,0.1774,0.1754,0.1778,0.1746,0.1778,0.1714,True,2026-07-07T21:02:49.752923-03:00,4.79414387583747,0.0857562357780167,True,5e-05,,0.1896,0.1982,0.1568,True
10067,2026-07-06T21:02:44.574528-03:00,ANIMEUSDT,HOLD,4h,13,BEST,0.00291,0.00284,closed,0.0029,0.0029,0.0028,0.00271,0.00291,0.00279,0.00291,0.0027,True,2026-07-07T22:02:42.603509-03:00,0.974375777023602,0.0433411393534045,False,5e-05,,0.00271,0.0029,0.00264,True
10068,2026-07-06T21:02:44.574528-03:00,YFIUSDT,BREAKOUT,4h,13,BEST,2698.0,2615.0,closed,2721.0,2583.0,2575.0,2176.0,2770.0,2530.0,2770.0,2163.0,True,2026-07-07T22:02:44.482768-03:00,4.94427279812844,0.0300738366733883,True,-0.00065118,,2122.0,2740.0,2022.0,True
10070,2026-07-06T21:02:44.574528-03:00,PENDLEUSDT,COILING,4h,6,BEST,1.438,1.494,closed,1.439,1.441,1.404,1.482,1.451,1.404,1.53,1.391,True,2026-07-07T22:02:40.59524-03:00,1.06195291971283,0.0584894844228032,False,6.516e-05,,1.471,1.61,1.391,True
10071,2026-07-06T21:02:44.574528-03:00,ZENUSDT,COILING,4h,2,BEST,4.242,4.412,closed,4.244,4.256,4.152,4.232,4.269,4.151,4.481,4.121,True,2026-07-07T21:02:45.906941-03:00,0.0496906240222396,0.0604114171254861,False,0.0001,,4.08,4.481,3.97,True
10069,2026-07-06T21:02:44.574528-03:00,ALLOUSDT,HOLD,4h,12,STRONG,0.4218,0.3838,closed,0.4202,0.4193,0.4119,0.4016,0.4275,0.4084,0.4392,0.3943,True,2026-07-07T22:02:46.102243-03:00,0.111962663398619,0.0204620887083731,True,5e-05,,0.4752,0.532,0.3347,True
10066,2026-07-06T21:02:44.574528-03:00,STGUSDT,HOLD,4h,13,BEST,0.1777,0.1597,closed,0.1765,0.1785,0.1753,0.163,0.1857,0.1727,0.1857,0.1596,True,2026-07-07T21:02:47.923106-03:00,4.03682538771898,0.232052487039921,True,5e-05,,0.1406,0.1813,0.1381,True
10084,2026-07-06T22:02:38.567632-03:00,SEIUSDT,COILING,4h,5,BEST,0.05061,0.05083,closed,0.05069,0.05052,0.05007,0.04831,0.05109,0.04999,0.05109,0.04771,True,2026-07-07T22:02:51.669276-03:00,0.060476517239432,0.0601704805830519,True,2.262e-05,,0.04753,0.05157,0.04602,True
10083,2026-07-06T22:02:38.567632-03:00,UNIUSDT,COILING,4h,4,BEST,3.181,3.284,closed,3.157,3.166,3.12,3.269,3.181,3.115,3.33,3.108,True,2026-07-07T22:02:53.656947-03:00,0.076344271878027,0.0370998792102614,False,0.0001,,3.611,3.847,3.108,True
10078,2026-07-06T22:02:38.567632-03:00,SOMIUSDT,HOLD,4h,12,STRONG,0.1182,0.1108,closed,0.1142,0.115,0.1174,0.1115,0.1218,0.1115,0.123,0.1092,True,2026-07-07T22:02:47.899696-03:00,0.917729233394452,0.0290230896402579,True,5e-05,,0.1031,0.123,0.0986,True
10080,2026-07-06T22:02:38.567632-03:00,MIRAUSDT,PREBREAK,1h,6,BEST,0.0493,0.0495,closed,0.0501,0.0486,0.0478,0.0442,0.0502,0.0475,0.0502,0.0441,True,2026-07-07T22:03:01.590145-03:00,-0.171282756998644,-0.0522893305151452,False,-0.0005811,,0.0419,0.0501,0.0407,True
10081,2026-07-06T22:02:38.567632-03:00,SOLUSDT,COILING,4h,6,BEST,81.94,83.98,closed,82.1,81.87,80.85,80.33,82.24,80.65,82.79,80.29,True,2026-07-07T22:02:49.773166-03:00,0.24603599127072,0.0724434176670369,False,6.816e-05,,75.3,82.79,74.1,True
10079,2026-07-06T22:02:38.567632-03:00,YFIUSDT,HOLD,4h,11,STRONG,2698.0,2194.0,closed,2569.0,2661.0,2272.0,2151.0,2740.0,2258.0,2740.0,2143.0,True,2026-07-07T22:02:59.503963-03:00,4.94427279812844,0.0300738366733883,True,-0.00065118,,2134.0,2740.0,2022.0,True
10077,2026-07-06T22:02:38.567632-03:00,JSTUSDT,HOLD,4h,12,STRONG,0.09339,0.09304,closed,0.09312,0.09325,0.09297,0.09348,0.09372,0.09281,0.09454,0.09219,True,2026-07-07T22:02:55.555955-03:00,0.0497843363158692,0.10452246809706,True,5e-05,,0.10048,0.10462,0.09219,True
10082,2026-07-06T22:02:38.567632-03:00,RENDERUSDT,COILING,4h,4,BEST,1.616,1.641,closed,1.622,1.621,1.588,1.568,1.628,1.587,1.628,1.557,True,2026-07-07T22:02:57.740415-03:00,0.166664285831041,0.0275158093116861,False,5e-05,,1.484,1.624,1.468,True
10097,2026-07-07T00:02:38.255548-03:00,SOMIUSDT,BREAKOUT,4h,12,BEST,0.1182,0.1108,closed,0.1161,0.1183,0.1162,0.1123,0.123,0.1115,0.123,0.1092,True,2026-07-08T00:02:38.359302-03:00,0.917729233394452,0.0290230896402579,True,5e-05,,0.1026,0.123,0.0986,True
10102,2026-07-07T01:02:36.0562-03:00,STOUSDT,COILING,4h,7,BEST,0.0483,0.0487,closed,0.0488,0.0487,0.0475,0.0457,0.049,0.0474,0.049,0.0457,True,2026-07-08T01:02:40.379538-03:00,0.647632219903379,0.0846499503686476,True,5e-05,,0.0425,0.0488,0.0414,True
10103,2026-07-07T01:02:36.0562-03:00,ENSUSDT,COILING,4h,3,BEST,4.19,4.42,closed,4.19,4.19,4.21,4.05,4.23,4.17,4.28,4.02,True,2026-07-08T01:02:37.855-03:00,0.217532021664644,0.134895664347135,False,9.082e-05,,4.13,4.28,3.98,True
10101,2026-07-07T01:02:36.0562-03:00,SYRUPUSDT,HOLD,4h,12,STRONG,0.177,0.1697,closed,0.1767,0.175,0.1752,0.1785,0.1778,0.1726,0.1798,0.1714,True,2026-07-08T01:02:42.41118-03:00,5.74676731836606,0.0734337030020192,True,5e-05,,0.186,0.1982,0.1568,True
10100,2026-07-07T01:02:36.0562-03:00,SENTUSDT,BREAKOUT,4h,14,BEST,0.01544,0.01539,closed,0.0152,0.01542,0.01525,0.01353,0.01572,0.01507,0.01572,0.01348,True,2026-07-08T01:02:44.08585-03:00,0.21582225550313,0.0200447690026033,True,5e-05,,0.01389,0.01896,0.01312,True
10109,2026-07-07T02:02:32.49205-03:00,OPNUSDT,PREBREAK,1h,4,WATCH,0.0683,0.0689,closed,0.0673,0.0672,0.0663,0.0589,0.0681,0.0661,0.0681,0.0586,True,2026-07-08T02:02:35.156336-03:00,-0.186421942596104,-0.0269010642201796,False,5e-05,,0.0622,0.075,0.0559,True
10115,2026-07-07T03:02:35.412492-03:00,UNIUSDT,COILING,4h,3,BEST,3.136,3.284,closed,3.142,3.164,3.175,3.356,3.177,3.132,3.39,3.129,True,2026-07-08T04:02:40.801153-03:00,0.0312910284703323,0.02463768930742,False,0.0001,,3.596,3.847,3.129,True
10126,2026-07-07T05:02:43.889018-03:00,BTCUSDT,COILING,4h,5,WATCH,63083.18,64700.0,closed,63119.99,63117.31,63449.99,62888.71,63467.15,62984.58,64243.75,62477.04,True,2026-07-08T05:02:45.02308-03:00,0.208566462315889,0.0576565390344823,False,5.792e-05,,62700.0,64692.83,61544.56,True
10167,2026-07-07T09:02:41.395461-03:00,JSTUSDT,BREAKOUT,4h,12,BEST,0.09382,0.09371,closed,0.0936,0.0941,0.09391,0.0961,0.09425,0.09276,0.0961,0.09276,True,2026-07-08T10:02:36.706817-03:00,0.0452022731999564,0.156464115112993,True,4.887e-05,,0.10112,0.10462,0.09276,True
10169,2026-07-07T09:02:41.395461-03:00,APTUSDT,BREAKOUT,4h,10,STRONG,0.646,0.645,closed,0.645,0.639,0.65,0.616,0.65,0.625,0.651,0.611,True,2026-07-08T10:02:38.720664-03:00,0.100967431979643,-0.0670099932378538,True,0.0001,,0.613,0.651,0.578,True
10171,2026-07-07T09:02:41.395461-03:00,SOLUSDT,COILING,4h,5,BEST,81.32,83.74,closed,81.73,81.53,82.1,77.45,82.36,80.51,82.79,76.9,True,2026-07-08T10:02:40.677844-03:00,0.285549867873016,0.0644736046102686,False,5.46e-06,,76.86,82.79,74.1,True
10168,2026-07-07T09:02:41.395461-03:00,BLURUSDT,HOLD,4h,11,STRONG,0.02564,0.01867,closed,0.02576,0.02478,0.0236,0.01868,0.02629,0.02308,0.02629,0.01859,True,2026-07-08T09:02:46.599488-03:00,1.11765315328088,-0.00363235583190358,True,-0.01487595,,0.01661,0.02547,0.01623,True
10170,2026-07-07T09:02:41.395461-03:00,WBETHUSDT,COILING,4h,8,WATCH,1959.92,2016.31,closed,1968.54,1960.76,1977.34,1920.93,1982.22,1938.45,1993.83,1900.0,True,2026-07-08T09:02:42.825217-03:00,0.132925852923833,0.159380522650048,False,,,2050.46,2054.99,1885.42,True
10166,2026-07-07T09:02:41.395461-03:00,ENJUSDT,BREAKOUT,4h,13,BEST,0.03173,0.03123,closed,0.03083,0.03064,0.02976,0.02782,0.03143,0.02961,0.03143,0.02738,True,2026-07-08T09:02:44.462062-03:00,0.67515245258213,0.0863904518180402,True,5e-05,,0.02758,0.03073,0.02655,True
10194,2026-07-07T11:02:37.229481-03:00,JSTUSDT,PREBREAK,1h,10,STRONG,0.09339,0.09408,closed,0.0932,0.09371,0.0944,0.09563,0.09454,0.09305,0.09647,0.09305,True,2026-07-08T11:02:43.175581-03:00,0.0452022731999564,0.156464115112993,True,4.887e-05,,0.10033,0.10462,0.09312,True
10195,2026-07-07T11:02:37.229481-03:00,BANANAUSDT,COILING,4h,9,BEST,3.229,3.262,closed,3.974,3.796,3.281,3.065,4.177,3.239,4.177,3.025,True,2026-07-08T11:02:41.392599-03:00,3.51995531516704,0.124998684959218,False,5e-05,,3.477,4.177,3.001,True
10229,2026-07-07T13:02:43.392959-03:00,WIFUSDT,COILING,4h,5,BEST,0.17,0.1799,closed,0.1692,0.1695,0.1681,0.1576,0.171,0.1663,0.171,0.1539,True,2026-07-08T13:02:52.282146-03:00,0.19995098779239,0.0241108483577671,False,2.45e-06,,0.154,0.1709,0.147,True
10225,2026-07-07T13:02:43.392959-03:00,LDOUSDT,BREAKOUT,4h,13,BEST,0.3029,0.288,closed,0.3047,0.307,0.3137,0.331,0.3157,0.2992,0.3429,0.2992,True,2026-07-08T13:02:45.877508-03:00,0.627767583268346,0.020465068751627,True,0.0001,,0.3324,0.3429,0.2949,True
10224,2026-07-07T13:02:43.392959-03:00,HUMAUSDT,HOLD,4h,13,BEST,0.02619,0.02366,closed,0.02613,0.02666,0.0257,0.02247,0.02718,0.02559,0.02718,0.02228,True,2026-07-08T13:02:44.599476-03:00,0.24980508719356,0.0748559071480889,True,5e-05,,0.02238,0.02718,0.0218,True
10226,2026-07-07T13:02:43.392959-03:00,SPELLUSDT,BREAKOUT,4h,13,BEST,0.0001107,0.0001106,closed,0.0001265,0.0001212,0.0001049,0.0001059,0.0001306,9.81e-05,0.0001306,9.7e-05,True,2026-07-08T13:02:47.658941-03:00,1.09444312794115,0.0291212389432589,True,-0.00415364,,8.89e-05,0.0001225,8.64e-05,True
10223,2026-07-07T13:02:43.392959-03:00,PENDLEUSDT,BREAKOUT,4h,15,BEST,1.52,1.482,closed,1.512,1.52,1.502,1.51,1.53,1.482,1.543,1.456,True,2026-07-08T14:02:39.300927-03:00,2.85309529263182,0.129055555060893,True,0.0001,,1.509,1.61,1.441,True
10230,2026-07-07T13:02:43.392959-03:00,JUPUSDT,PREBREAK,1h,5,BEST,0.2406,0.2408,closed,0.2403,0.2413,0.2418,0.2152,0.242,0.2391,0.242,0.2124,True,2026-07-08T13:02:50.728921-03:00,-0.615636198533863,-0.0754519676096764,False,-3.522e-05,,0.2092,0.242,0.1964,True
10228,2026-07-07T13:02:43.392959-03:00,NEARUSDT,COILING,4h,6,BEST,2.065,2.11,closed,2.055,2.052,2.019,1.857,2.078,1.997,2.078,1.842,True,2026-07-08T13:02:53.742301-03:00,0.0858219177442859,0.0409197762263636,False,0.0001,,2.038,2.078,1.842,True
10227,2026-07-07T13:02:43.392959-03:00,ZECUSDT,BREAKOUT,4h,11,BEST,494.56,473.28,closed,501.99,505.75,485.43,455.02,512.0,484.61,512.0,451.82,True,2026-07-08T13:02:49.295125-03:00,0.155013077608067,0.0899321326813445,True,0.0001,,549.84,556.55,451.82,True
10242,2026-07-07T14:02:44.825431-03:00,FLOKIUSDT,PREBREAK,1h,6,BEST,2.339e-05,2.364e-05,closed,2.34e-05,2.339e-05,2.297e-05,2.236e-05,2.349e-05,2.28e-05,2.349e-05,2.21e-05,True,2026-07-08T14:02:46.109734-03:00,0.0939480552934864,0.00278759428658807,False,-3.142e-05,,2.235e-05,2.381e-05,2.166e-05,True
10239,2026-07-07T14:02:44.825431-03:00,SOLUSDT,COILING,4h,7,BEST,82.11,83.74,closed,82.19,82.54,81.29,77.24,82.79,80.78,82.79,76.29,True,2026-07-08T14:02:48.8793-03:00,0.813671869331604,0.0529453398565128,False,-1.996e-05,,77.18,82.73,74.1,True
10240,2026-07-07T14:02:44.825431-03:00,BTCUSDT,COILING,4h,7,WATCH,63930.51,64700.0,closed,63904.22,64084.0,63769.3,62044.59,64232.0,63379.69,64232.0,61544.56,True,2026-07-08T15:02:38.053785-03:00,0.610100648959527,0.0617340988576458,False,6.825e-05,,64621.43,64966.43,61544.56,True
10244,2026-07-07T14:02:44.825431-03:00,ZENUSDT,COILING,4h,3,BEST,4.28,4.369,closed,4.362,4.347,4.281,4.05,4.435,4.264,4.435,3.996,True,2026-07-08T14:02:50.141298-03:00,0.0566368510058544,0.0356928612659698,False,0.0001,,4.241,4.369,3.97,True
10238,2026-07-07T14:02:44.825431-03:00,ETHUSDT,COILING,4h,8,WATCH,1797.45,1833.4,closed,1799.0,1807.11,1786.68,1734.12,1810.39,1773.5,1810.39,1713.44,True,2026-07-08T15:02:36.285754-03:00,0.309131252639997,0.0247553835887811,False,4.088e-05,,1871.54,1888.8,1713.44,True
10243,2026-07-07T14:02:44.825431-03:00,SIGNUSDT,COILING,4h,5,BEST,0.00894,0.0091,closed,0.00887,0.00885,0.00881,0.00845,0.00893,0.00875,0.00893,0.00827,True,2026-07-08T14:02:47.399813-03:00,12.8558267978312,0.083258760088991,False,6.52e-06,,0.00869,0.0092,0.00827,True
10241,2026-07-07T14:02:44.825431-03:00,ONDOUSDT,COILING,4h,7,BEST,0.337,0.3417,closed,0.3347,0.335,0.3305,0.3156,0.3367,0.3276,0.3367,0.3093,True,2026-07-08T15:02:39.968125-03:00,0.603750880989878,0.0803851146520861,False,2.319e-05,,0.3162,0.3376,0.3053,True
10255,2026-07-07T15:02:37.087905-03:00,LUNCUSDT,PREBREAK,1h,6,BEST,6.25e-05,6.253e-05,closed,6.199e-05,6.149e-05,6.144e-05,5.972e-05,6.261e-05,6.09e-05,6.261e-05,5.854e-05,True,2026-07-08T15:02:41.650591-03:00,-0.499482964748792,-0.0457699927775182,False,0.0001,,6.072e-05,6.288e-05,5.751e-05,True
10254,2026-07-07T15:02:37.087905-03:00,POLUSDT,BREAKOUT,4h,11,BEST,0.07658,0.07621,closed,0.07578,0.07603,0.076,0.07623,0.07705,0.07567,0.07765,0.07478,True,2026-07-08T15:02:43.318205-03:00,0.192779652338855,-0.0451466297595656,True,5e-05,,0.08453,0.08547,0.07478,True
10256,2026-07-07T15:02:37.087905-03:00,WBETHUSDT,COILING,4h,6,WATCH,1978.03,2016.31,closed,1983.39,1967.83,1950.04,1913.32,1988.15,1948.72,1988.15,1885.42,True,2026-07-08T15:02:44.954477-03:00,0.0969212801218074,0.121357812124529,False,,,2063.82,2079.04,1885.42,True
10262,2026-07-07T16:02:36.745775-03:00,BARUSDT,PREBREAK,1h,9,BEST,0.274,0.274,closed,0.272,0.273,0.271,0.267,0.281,0.269,0.281,0.264,True,2026-07-08T16:02:37.153815-03:00,0.167377508209754,-0.0834514296574066,False,,,0.278,0.287,0.264,True
10266,2026-07-07T17:02:50.785317-03:00,JUPUSDT,COILING,4h,8,BEST,0.242,0.2495,closed,0.2417,0.2396,0.238,0.2151,0.242,0.2359,0.242,0.2124,True,2026-07-08T18:02:40.930014-03:00,13.1124630204906,0.133919276353328,False,5e-05,,0.208,0.2414,0.1964,True
10269,2026-07-07T17:02:50.785317-03:00,FLOKIUSDT,COILING,4h,2,BEST,2.317e-05,2.426e-05,closed,2.287e-05,2.297e-05,2.289e-05,2.237e-05,2.322e-05,2.272e-05,2.322e-05,2.21e-05,True,2026-07-08T18:02:44.363377-03:00,0.0532860800020406,0.0360879644435963,False,-3.142e-05,,2.227e-05,2.381e-05,2.166e-05,True
10265,2026-07-07T17:02:50.785317-03:00,LDOUSDT,HOLD,4h,12,STRONG,0.3146,0.292,closed,0.3085,0.312,0.3115,0.3127,0.3185,0.3068,0.3429,0.3028,True,2026-07-08T18:02:38.941679-03:00,0.757284166128308,0.00600358899368283,True,0.0001,,0.3276,0.3429,0.2949,True
10268,2026-07-07T17:02:50.785317-03:00,PEPEUSDT,COILING,4h,6,BEST,2.7e-06,2.81e-06,closed,2.69e-06,2.69e-06,2.66e-06,2.6e-06,2.7e-06,2.64e-06,2.7e-06,2.55e-06,True,2026-07-08T18:02:42.59606-03:00,0.921255429159888,0.0313325199117755,False,5.889e-05,,2.82e-06,2.91e-06,2.55e-06,True
10267,2026-07-07T17:02:50.785317-03:00,AUDIOUSDT,COILING,4h,7,BEST,0.01425,0.01429,closed,0.01377,0.01527,0.014,0.01364,0.01556,0.01375,0.01556,0.01338,True,2026-07-08T18:02:37.337958-03:00,1.46447497038417,0.0651266603763306,False,,,0.01345,0.01556,0.01309,True
10273,2026-07-07T18:02:37.55879-03:00,NEARUSDT,COILING,4h,3,BEST,2.019,2.11,closed,1.996,1.983,1.989,1.865,2.013,1.968,2.013,1.842,True,2026-07-08T18:02:46.134402-03:00,0.0631817113092935,0.0422103197772753,False,0.0001,,2.016,2.066,1.842,True
10272,2026-07-07T18:02:37.55879-03:00,ORCAUSDT,COILING,4h,6,BEST,1.271,1.289,closed,1.259,1.253,1.253,1.188,1.262,1.242,1.262,1.184,True,2026-07-08T18:02:47.963094-03:00,0.106164675353615,0.0866202417090545,False,5e-05,,1.174,1.259,1.122,True
10285,2026-07-07T19:02:43.984557-03:00,ZENUSDT,COILING,4h,3,BEST,4.305,4.362,closed,4.234,4.251,4.164,4.09,4.28,4.159,4.28,3.996,True,2026-07-08T20:02:35.070203-03:00,0.231115796327392,0.0262196670888933,False,0.0001,,4.199,4.312,3.97,True
10281,2026-07-07T19:02:43.984557-03:00,AGLDUSDT,BREAKOUT,4h,9,WATCH,0.167,0.1584,closed,0.1703,0.1747,0.1655,0.1519,0.1956,0.1652,0.1956,0.1508,True,2026-07-08T20:02:36.731534-03:00,0.220766557253873,0.032680381635788,True,-0.00104358,,0.165,0.2194,0.1449,True
10283,2026-07-07T19:02:43.984557-03:00,BTCUSDT,COILING,4h,6,WATCH,63817.99,64700.0,closed,63487.63,63598.88,62875.01,62285.98,63761.99,62875.0,63761.99,61544.56,True,2026-07-08T19:02:44.70361-03:00,0.517246510506697,0.0524290421099982,False,6.825e-05,,64860.89,65100.0,61544.56,True
10284,2026-07-07T19:02:43.984557-03:00,SIGNUSDT,COILING,4h,4,BEST,0.00884,0.0091,closed,0.00861,0.00865,0.00844,0.0087,0.00872,0.00838,0.00872,0.00827,True,2026-07-08T19:02:46.672148-03:00,52.8058373644167,0.0789505411313753,False,5e-05,,0.00869,0.0092,0.00827,True
10282,2026-07-07T19:02:43.984557-03:00,SOLUSDT,COILING,4h,6,BEST,81.37,83.74,closed,81.02,80.96,78.77,77.35,81.15,78.77,81.15,76.29,True,2026-07-08T20:02:38.317204-03:00,0.30752847719063,0.0541682989235162,False,-1.996e-05,,77.62,81.15,74.1,True
10290,2026-07-07T20:02:40.307976-03:00,WBTCUSDT,PREBREAK,1h,10,STRONG,63549.18,64247.45,closed,63696.93,63372.02,63070.7,62318.61,63747.56,62525.69,63747.56,61537.88,True,2026-07-08T20:02:40.376044-03:00,0.363013399991383,-0.0748703829004752,False,,,65028.64,65116.33,61537.88,True
10294,2026-07-07T21:02:36.346598-03:00,USTCUSDT,COILING,4h,9,BEST,0.00587,0.00592,closed,0.00589,0.0059,0.00548,0.00562,0.00595,0.00548,0.00595,0.00537,True,2026-07-08T21:02:39.068265-03:00,0.366815172514938,0.038170292982163,True,5e-05,,0.00556,0.00591,0.00535,True
10304,2026-07-07T22:02:39.729094-03:00,AUDIOUSDT,COILING,4h,4,BEST,0.01395,0.01429,closed,0.0139,0.01387,0.01356,0.01354,0.01433,0.01351,0.0148,0.01338,True,2026-07-08T23:02:37.718251-03:00,2.50100710403202,0.0404444395663409,False,,,0.01339,0.0148,0.01309,True
10303,2026-07-07T22:02:39.729094-03:00,JUPUSDT,COILING,4h,6,BEST,0.2374,0.2495,closed,0.2404,0.2326,0.2298,0.2133,0.2413,0.2275,0.2413,0.2113,True,2026-07-08T22:02:40.330952-03:00,54.0827796701615,0.12579539554411,False,-2.69e-06,,0.212,0.234,0.1964,True
10317,2026-07-08T00:02:37.393985-03:00,ZENUSDT,COILING,4h,2,BEST,4.228,4.362,closed,4.226,4.177,4.138,4.062,4.24,4.128,4.24,3.996,True,2026-07-09T00:02:40.084052-03:00,0.266216294092714,0.0370938602487243,False,0.0001,,4.2,4.312,3.97,True
10326,2026-07-08T01:02:37.106055-03:00,UNIUSDT,COILING,4h,3,BEST,3.214,3.33,closed,3.212,3.264,3.289,3.282,3.39,3.206,3.39,3.13,True,2026-07-09T02:02:39.203385-03:00,0.0893440971741459,0.0415623547890014,False,0.0001,,3.684,3.847,3.13,True
10324,2026-07-08T01:02:37.106055-03:00,ZAMAUSDT,PREBREAK,1h,8,BEST,0.03368,0.03408,closed,0.03395,0.03434,0.03461,0.03258,0.03468,0.03374,0.03489,0.03228,True,2026-07-09T01:02:39.890394-03:00,0.0925056280203507,0.0261557559204952,False,5e-05,,0.03458,0.03536,0.03193,True
10325,2026-07-08T01:02:37.106055-03:00,WBETHUSDT,COILING,4h,4,WATCH,1927.2,2016.31,closed,1930.49,1932.41,1934.09,1908.51,1936.51,1921.7,1936.51,1885.42,True,2026-07-09T01:02:41.455678-03:00,0.0734672564013965,0.101288985196942,False,,,2069.11,2086.23,1885.42,True
10323,2026-07-08T01:02:37.106055-03:00,SYRUPUSDT,BREAKOUT,4h,13,BEST,0.1788,0.1778,closed,0.179,0.18,0.1802,0.1593,0.1842,0.1782,0.1842,0.1586,True,2026-07-09T01:02:38.3292-03:00,0.162879403994672,0.0350634731893296,True,5e-05,,0.1905,0.1982,0.1568,True
10336,2026-07-08T02:02:34.358086-03:00,LDOUSDT,HOLD,4h,10,STRONG,0.3234,0.3035,closed,0.3265,0.3262,0.3047,0.3202,0.3289,0.3042,0.3429,0.3028,True,2026-07-09T02:02:41.152953-03:00,0.570340205572293,0.00671149644333393,True,0.0001,,0.3357,0.3429,0.2949,True
10368,2026-07-08T05:02:44.097831-03:00,ENSOUSDT,BREAKOUT,4h,13,BEST,0.702,0.699,closed,0.696,0.685,0.706,0.734,0.722,0.67,0.741,0.67,True,2026-07-09T06:06:47.84083-03:00,0.116152908550765,0.0276367664891894,True,5e-05,,0.72,0.742,0.67,True
10367,2026-07-08T05:02:44.097831-03:00,MORPHOUSDT,BREAKOUT,4h,13,BEST,2.079,2.068,closed,2.083,2.086,2.151,2.051,2.158,2.051,2.158,2.016,True,2026-07-09T05:02:45.13665-03:00,0.3918460878986,-0.0814954336335258,True,5e-05,,2.081,2.313,1.937,True
10366,2026-07-08T05:02:44.097831-03:00,APEUSDT,BREAKOUT,4h,14,BEST,0.1481,0.1461,closed,0.1464,0.146,0.1524,0.1625,0.153,0.1436,0.1695,0.1436,True,2026-07-09T06:06:44.047105-03:00,0.322879152229458,-0.0346718731960763,False,2.274e-05,,0.149,0.1703,0.1415,True
10369,2026-07-08T05:02:44.097831-03:00,LUNCUSDT,COILING,4h,3,BEST,6.082e-05,6.455e-05,closed,6.018e-05,5.962e-05,5.963e-05,6.197e-05,6.088e-05,5.885e-05,6.265e-05,5.854e-05,True,2026-07-09T06:06:46.0561-03:00,0.194366398852571,0.0247490549941518,False,9.338e-05,,6.027e-05,6.288e-05,5.751e-05,True
10382,2026-07-08T06:02:42.710296-03:00,WCTUSDT,COILING,4h,8,BEST,0.04588,0.04612,closed,0.04421,0.0438,0.04473,0.04361,0.04561,0.04326,0.04561,0.04281,True,2026-07-09T06:06:52.579467-03:00,2.63869664213979,0.0390608279088502,True,5e-05,,0.04344,0.0458,0.04239,True
10384,2026-07-08T06:02:42.710296-03:00,UNIUSDT,COILING,4h,5,BEST,3.291,3.33,closed,3.223,3.238,3.291,3.364,3.336,3.211,3.432,3.211,True,2026-07-09T06:06:49.31887-03:00,0.125396458601787,0.0823510350613872,False,0.0001,,3.595,3.847,3.219,True
10383,2026-07-08T06:02:42.710296-03:00,WBETHUSDT,COILING,4h,6,WATCH,1933.88,2016.31,closed,1906.72,1909.22,1912.24,1933.03,1926.36,1904.62,1940.53,1885.42,True,2026-07-09T06:06:51.114008-03:00,0.96595853287884,0.0762144534387311,False,,,2069.11,2086.23,1885.42,True
10381,2026-07-08T06:02:42.710296-03:00,KMNOUSDT,BREAKOUT,4h,10,STRONG,0.02137,0.02063,closed,0.02121,0.02099,0.02069,0.02031,0.02174,0.02045,0.02185,0.02028,True,2026-07-09T06:06:54.195352-03:00,0.15988671846983,0.0133103969218785,True,-0.00019738,,0.01843,0.02185,0.018,True
10399,2026-07-08T08:02:37.124398-03:00,RADUSDT,PREBREAK,1h,4,WATCH,0.217,0.219,closed,0.216,0.216,0.216,0.214,0.22,0.215,0.22,0.214,True,2026-07-09T08:02:41.377374-03:00,-0.149265508379386,-0.0674493862059435,False,,,0.216,0.22,0.208,True
10409,2026-07-08T09:02:36.558854-03:00,JSTUSDT,BREAKOUT,4h,14,BEST,0.09599,0.09454,closed,0.096,0.09566,0.09582,0.09704,0.09647,0.09507,0.09714,0.09319,True,2026-07-09T09:02:39.662326-03:00,0.113945532635208,0.158273108058151,True,5e-05,,0.09648,0.10462,0.09319,True
10411,2026-07-08T09:02:36.558854-03:00,MMTUSDT,BREAKOUT,4h,6,WATCH,0.1584,0.1522,closed,0.1597,0.1554,0.159,0.1665,0.1627,0.1527,0.1683,0.1527,True,2026-07-09T09:02:38.232005-03:00,0.0407841201780695,0.0977157432508026,False,5e-05,,0.1699,0.2109,0.1516,True
10410,2026-07-08T09:02:36.558854-03:00,GPSUSDT,BREAKOUT,4h,9,WATCH,0.00997,0.00967,closed,0.01007,0.01001,0.01009,0.00963,0.01064,0.00985,0.01064,0.00952,True,2026-07-09T09:02:41.131686-03:00,0.105778027400371,0.0102968045913364,False,5e-05,,0.00957,0.01063,0.00929,True
10424,2026-07-08T10:02:35.970523-03:00,JSTUSDT,HOLD,4h,12,STRONG,0.09599,0.09454,closed,0.09582,0.09559,0.0963,0.09746,0.09634,0.09542,0.09746,0.09319,True,2026-07-09T10:06:34.983981-03:00,0.113945532635208,0.158273108058151,True,5e-05,,0.0969,0.10462,0.09319,True
10437,2026-07-08T11:02:40.620792-03:00,APEUSDT,BREAKOUT,4h,12,BEST,0.152,0.1469,closed,0.1506,0.1519,0.1567,0.163,0.1586,0.1486,0.1695,0.1486,True,2026-07-09T11:02:41.531643-03:00,0.583857676671854,-0.0113839915355808,True,2.274e-05,,0.1516,0.1703,0.1415,True
10438,2026-07-08T11:02:40.620792-03:00,WLFIUSDT,PREBREAK,1h,8,BEST,0.0585,0.059,closed,0.0587,0.0592,0.0592,0.0581,0.06,0.0584,0.06,0.0577,True,2026-07-09T12:02:39.726534-03:00,0.728297164876129,-0.0212055534413563,False,5e-05,,0.0571,0.0598,0.0564,True
10439,2026-07-08T11:02:40.620792-03:00,WCTUSDT,COILING,4h,4,BEST,0.04534,0.04612,closed,0.04419,0.04362,0.04398,0.04426,0.04459,0.04325,0.04459,0.04281,True,2026-07-09T12:02:41.641778-03:00,0.360476284781832,0.0309038223833606,False,5e-05,,0.04372,0.0458,0.04239,True
10454,2026-07-08T13:02:41.333952-03:00,UNIUSDT,COILING,4h,4,BEST,3.276,3.39,closed,3.276,3.34,3.309,3.351,3.39,3.261,3.432,3.229,True,2026-07-09T14:02:36.820731-03:00,0.159507338504791,0.037821028666831,False,0.0001,,3.674,3.847,3.229,True
10483,2026-07-08T17:02:40.116684-03:00,MANAUSDT,BREAKOUT,4h,11,BEST,0.074,0.0714,closed,0.0735,0.0736,0.0744,0.0728,0.075,0.0729,0.076,0.0724,True,2026-07-09T18:02:38.081743-03:00,0.108342814842811,0.0589511287711271,True,-0.00017999,,0.0697,0.076,0.068,True
10482,2026-07-08T17:02:40.116684-03:00,APEUSDT,HOLD,4h,15,BEST,0.1606,0.1483,closed,0.1603,0.1577,0.1614,0.1609,0.1641,0.1561,0.1695,0.1561,True,2026-07-09T18:02:39.437361-03:00,0.647747491968566,0.0270119604335539,True,5.575e-05,,0.155,0.1703,0.1415,True
10496,2026-07-08T18:02:36.57307-03:00,UNIUSDT,COILING,4h,5,BEST,3.317,3.39,closed,3.234,3.258,3.313,3.431,3.319,3.229,3.432,3.229,True,2026-07-09T18:02:40.933919-03:00,0.190516681277186,0.0413679893327146,False,0.0001,,3.624,3.847,3.246,True
10504,2026-07-08T19:02:37.88796-03:00,JSTUSDT,HOLD,4h,11,STRONG,0.09662,0.09472,closed,0.0957,0.09554,0.09366,0.0998,0.09596,0.09319,0.09993,0.09319,True,2026-07-09T20:02:42.286318-03:00,0.077766740547253,0.169982134306201,True,5e-05,,0.09891,0.10462,0.09319,True
10522,2026-07-08T21:02:38.20263-03:00,DYDXUSDT,HOLD,4h,10,STRONG,0.14146,0.13391,closed,0.13886,0.14106,0.13698,0.13509,0.14262,0.13576,0.14262,0.1331,True,2026-07-09T22:02:39.45416-03:00,0.0519089296650919,0.00132712229455379,True,0.0001,,0.12282,0.14262,0.11761,True
10529,2026-07-08T22:02:37.965144-03:00,RUNEUSDT,PREBREAK,1h,4,WATCH,0.384,0.385,closed,0.387,0.384,0.387,0.395,0.389,0.382,0.403,0.382,True,2026-07-09T22:02:44.295463-03:00,-1.82362656618518,-0.0400016574757562,False,4.216e-05,,0.424,0.43,0.382,True
10527,2026-07-08T22:02:37.965144-03:00,CAKEUSDT,PREBREAK,1h,5,WATCH,1.381,1.391,closed,1.387,1.37,1.389,1.365,1.394,1.368,1.403,1.36,True,2026-07-09T22:02:41.099256-03:00,-0.275987493356106,0.0114037000983312,False,5e-05,,1.418,1.457,1.36,True
10528,2026-07-08T22:02:37.965144-03:00,0GUSDT,PREBREAK,1h,4,WATCH,0.191,0.193,closed,0.194,0.194,0.193,0.196,0.198,0.191,0.2,0.191,True,2026-07-09T22:02:42.653047-03:00,-0.364349028070334,-0.0376116293871746,False,-0.00036058,,0.19,0.217,0.169,True
10534,2026-07-08T23:02:36.765674-03:00,OPUSDT,PREBREAK,1h,3,WATCH,0.1001,0.1001,closed,0.1006,0.101,0.1023,0.104,0.1041,0.1002,0.1055,0.1002,True,2026-07-10T00:02:35.658412-03:00,-19.2313314779868,0.0272633296542795,False,-4.28e-06,,0.1027,0.1085,0.0969,True
10542,2026-07-09T00:02:39.357485-03:00,EIGENUSDT,BREAKOUT,4h,11,BEST,0.2494,0.2377,closed,0.2495,0.2526,0.2481,0.2455,0.2576,0.246,0.2576,0.2326,True,2026-07-10T01:02:51.876248-03:00,0.272289590555104,0.048253101107113,True,5e-05,,0.2467,0.2576,0.2236,True
10548,2026-07-09T01:02:35.870864-03:00,EIGENUSDT,HOLD,4h,15,BEST,0.2513,0.2378,closed,0.255,0.2553,0.2504,0.2456,0.2576,0.246,0.2576,0.2326,True,2026-07-10T01:02:55.318971-03:00,0.255689137608486,0.0537018839869026,True,5e-05,,0.2455,0.2563,0.2236,True
10549,2026-07-09T01:02:35.870864-03:00,MANAUSDT,HOLD,4h,13,BEST,0.0755,0.0713,closed,0.0742,0.0742,0.0738,0.074,0.0748,0.0735,0.0757,0.071,True,2026-07-10T01:02:57.984766-03:00,0.183906267269638,0.0594702128919551,True,-0.00020398,,0.0706,0.0757,0.068,True
10551,2026-07-09T01:02:35.870864-03:00,UNIUSDT,COILING,4h,5,BEST,3.293,3.39,closed,3.257,3.313,3.371,3.462,3.432,3.246,3.54,3.246,True,2026-07-10T01:02:53.657903-03:00,0.171492279147438,0.0366087785453375,False,1.086e-05,,3.682,3.847,3.295,True
10550,2026-07-09T01:02:35.870864-03:00,MMTUSDT,HOLD,4h,11,STRONG,0.161,0.1531,closed,0.1608,0.1637,0.1601,0.1582,0.1643,0.1569,0.1687,0.1516,True,2026-07-10T01:02:56.770621-03:00,0.095359017998811,0.0360772181732858,False,-6.378e-05,,0.1674,0.2109,0.1516,True
10557,2026-07-09T02:02:38.34541-03:00,XLMUSDT,PREBREAK,1h,8,BEST,0.1836,0.1837,closed,0.1823,0.1816,0.1812,0.1899,0.1832,0.1807,0.1915,0.1802,True,2026-07-10T02:02:40.143112-03:00,-0.0155574623215458,0.0502521303549571,False,0.0001,,0.1886,0.1946,0.1779,True
10567,2026-07-09T03:02:38.201504-03:00,WBTCUSDT,PREBREAK,1h,6,WATCH,62577.96,62614.74,closed,62576.29,63023.23,62921.2,64119.23,63242.86,62485.72,64160.2,62461.65,True,2026-07-10T04:02:42.676283-03:00,-0.48071182150861,-0.163503722396893,False,,,64750.4,65580.79,61815.64,True
10568,2026-07-09T03:02:38.201504-03:00,BERAUSDT,PREBREAK,1h,4,WATCH,0.198,0.199,closed,0.199,0.201,0.197,0.201,0.201,0.197,0.203,0.196,True,2026-07-10T04:02:41.095316-03:00,-0.354100517814695,0.0199854355454126,False,5e-05,,0.187,0.204,0.182,True
10574,2026-07-09T04:02:41.67212-03:00,EGLDUSDT,BREAKOUT,4h,14,BEST,3.0,2.92,closed,3.1,3.11,3.04,2.87,3.23,2.97,3.23,2.82,True,2026-07-10T04:02:44.244918-03:00,0.529229241552949,0.065072659465813,True,0.0001,,3.11,3.65,2.8,True
10583,2026-07-09T05:02:38.829449-03:00,DASHUSDT,PREBREAK,1h,4,WATCH,34.23,34.64,closed,34.17,34.16,33.99,35.14,34.31,33.88,35.47,33.64,True,2026-07-10T05:02:40.07192-03:00,-0.0573444869178824,-0.0634293554812567,False,0.0001,,33.69,35.6,32.41,True
10584,2026-07-09T05:02:38.829449-03:00,AUCTIONUSDT,COILING,4h,3,WATCH,3.4,3.57,closed,3.43,3.41,3.37,3.33,3.44,3.35,3.44,3.31,True,2026-07-10T05:02:41.78201-03:00,0.0760726104277454,0.119189202610769,False,5e-05,,3.32,3.43,3.31,True
10582,2026-07-09T05:02:38.829449-03:00,JSTUSDT,COILING,4h,8,WATCH,0.09642,0.09686,closed,0.0964,0.09661,0.09706,0.09949,0.09714,0.09611,0.10056,0.09611,True,2026-07-10T06:02:39.990218-03:00,0.0784276201607988,0.0953339450237395,True,5e-05,,0.09815,0.10462,0.09563,True
10581,2026-07-09T05:02:38.829449-03:00,ETCUSDT,PREBREAK,1h,8,WATCH,7.02,7.02,closed,7.02,7.0,7.0,7.05,7.04,6.98,7.11,6.96,True,2026-07-10T06:02:41.743986-03:00,0.109107708454014,-0.00325514864166317,False,8.753e-05,,6.98,7.23,6.81,True
10596,2026-07-09T06:06:43.073138-03:00,UNIUSDT,COILING,4h,7,BEST,3.371,3.39,closed,3.337,3.363,3.333,3.523,3.41,3.298,3.57,3.295,True,2026-07-10T07:02:43.623365-03:00,0.173983201491087,0.0344639839792206,True,0.0001,,3.687,3.847,3.295,True
10598,2026-07-09T06:06:43.073138-03:00,AUDIOUSDT,PREBREAK,1h,3,WATCH,0.01374,0.01374,closed,0.0136,0.01357,0.01362,0.01368,0.01383,0.01351,0.01383,0.01351,True,2026-07-10T07:02:45.102239-03:00,-6.02151950928725,-0.0010172432153193,False,,,0.01333,0.01411,0.01309,True
10597,2026-07-09T06:06:43.073138-03:00,SHIBUSDT,PREBREAK,1h,4,WATCH,4.29e-06,4.32e-06,closed,4.29e-06,4.31e-06,4.29e-06,4.36e-06,4.32e-06,4.26e-06,4.38e-06,4.25e-06,True,2026-07-10T07:02:46.469979-03:00,-1.18131168216855,-0.0348870766295213,False,8.02e-06,,4.16e-06,4.44e-06,4.08e-06,True
10615,2026-07-09T07:02:40.643059-03:00,BNBUSDT,PREBREAK,1h,4,WATCH,573.06,577.15,closed,572.33,570.12,571.1,576.3,573.08,568.07,578.14,568.02,True,2026-07-10T07:02:47.791457-03:00,-0.434715289183873,-0.0995973715095726,False,8.613e-05,,577.61,585.87,562.37,True
10626,2026-07-09T08:02:40.556244-03:00,RSRUSDT,COILING,4h,5,BEST,0.001284,0.001306,closed,0.001313,0.001325,0.001279,0.001282,0.001329,0.001278,0.001329,0.001259,True,2026-07-10T09:02:48.48999-03:00,0.253641882597907,0.0411198769713167,False,6.985e-05,,0.001228,0.00133,0.00119,True
10641,2026-07-09T09:02:37.409949-03:00,ARBUSDT,HOLD,4h,8,WATCH,0.0865,0.0818,closed,0.0862,0.0862,0.0863,0.0941,0.0878,0.0844,0.0959,0.0844,True,2026-07-10T09:02:49.959337-03:00,0.684414258009317,-0.0249782482421635,True,0.0001,,0.0867,0.1013,0.0844,True
10640,2026-07-09T09:02:37.409949-03:00,RSRUSDT,BREAKOUT,4h,13,BEST,0.001327,0.001306,closed,0.001312,0.001307,0.001284,0.001288,0.001326,0.001276,0.001329,0.001259,True,2026-07-10T09:02:51.389004-03:00,0.435025171129898,0.0528497776190678,True,6.985e-05,,0.001221,0.00133,0.00119,True
10652,2026-07-09T10:06:34.096009-03:00,ETHUSDT,PREBREAK,1h,5,WATCH,1741.8,1762.36,closed,1746.16,1745.48,1740.69,1796.24,1752.0,1731.99,1807.18,1731.99,True,2026-07-10T11:02:39.641455-03:00,-0.343872049061032,-0.0281420850242512,False,5.342e-05,,1882.81,1946.52,1731.99,True
10653,2026-07-09T10:06:34.096009-03:00,BTCUSDT,PREBREAK,1h,4,WATCH,62614.02,63283.26,closed,62770.91,62996.0,62732.02,64291.9,63261.0,62523.08,64608.0,62523.08,True,2026-07-10T11:02:41.371606-03:00,-0.467994174153785,-0.106515419980267,False,6.615e-05,,64376.0,65600.0,61824.97,True
10659,2026-07-09T11:02:37.253899-03:00,NEIROUSDT,PREBREAK,1h,4,WATCH,6.296e-05,6.309e-05,closed,6.261e-05,6.271e-05,6.306e-05,6.354e-05,6.321e-05,6.215e-05,6.388e-05,6.215e-05,True,2026-07-10T11:02:43.222942-03:00,-0.307836614365498,-0.0895447049547632,False,5e-05,,6.204e-05,6.525e-05,5.952e-05,True
10671,2026-07-09T13:02:36.076035-03:00,ALLOUSDT,BREAKOUT,4h,11,BEST,0.4481,0.4392,closed,0.4508,0.4381,0.4311,0.4164,0.4597,0.4243,0.4597,0.4076,True,2026-07-10T13:02:45.683977-03:00,0.458510189983518,0.0259031979541357,True,5e-05,,0.379,0.532,0.3347,True
10672,2026-07-09T13:02:36.076035-03:00,TIAUSDT,BREAKOUT,4h,10,STRONG,0.4185,0.4047,closed,0.4162,0.4237,0.4132,0.403,0.4281,0.4094,0.4281,0.3992,True,2026-07-10T13:02:47.68712-03:00,0.089368198096105,0.0261499379051345,True,5e-05,,0.4056,0.4254,0.3863,True
10673,2026-07-09T13:02:36.076035-03:00,GALAUSDT,PREBREAK,1h,2,WATCH,0.002124,0.002136,closed,0.002116,0.002119,0.002119,0.00215,0.002146,0.00211,0.00219,0.002104,True,2026-07-10T13:02:42.055973-03:00,-0.157204982146594,-0.0330978850257312,False,2.106e-05,,0.002046,0.002191,0.001967,True
10670,2026-07-09T13:02:36.076035-03:00,JSTUSDT,HOLD,4h,11,STRONG,0.09832,0.09686,closed,0.09833,0.09883,0.09929,0.10231,0.09932,0.09823,0.10462,0.09823,True,2026-07-10T13:02:43.874447-03:00,0.182906266598317,0.139151277510035,True,-2.53e-06,,0.09818,0.10462,0.09563,True
10693,2026-07-09T15:02:41.914003-03:00,SKLUSDT,COILING,4h,5,BEST,0.00357,0.00368,closed,0.00385,0.004,0.00412,0.0054,0.00437,0.00377,0.00636,0.00377,True,2026-07-10T16:02:33.08289-03:00,0.126083304699073,0.0336240517720258,False,4.87e-05,,0.00428,0.00636,0.00383,True
10700,2026-07-09T16:02:35.671675-03:00,ZENUSDT,PREBREAK,1h,3,WATCH,4.134,4.167,closed,4.124,4.118,4.12,4.14,4.136,4.101,4.249,4.078,True,2026-07-10T16:02:38.342912-03:00,-0.734929803512816,-0.0729920118250483,False,0.0001,,4.232,4.532,3.97,True
10698,2026-07-09T16:02:35.671675-03:00,PARTIUSDT,BREAKOUT,4h,10,STRONG,0.051,0.0497,closed,0.0484,0.0476,0.0487,0.0388,0.0492,0.0465,0.0494,0.0379,True,2026-07-10T17:02:35.668566-03:00,0.158252943346353,0.144953359903012,False,5e-05,,0.0322,0.0494,0.0292,True
10699,2026-07-09T16:02:35.671675-03:00,RENDERUSDT,PREBREAK,1h,3,WATCH,1.554,1.564,closed,1.557,1.551,1.557,1.553,1.56,1.551,1.583,1.537,True,2026-07-10T16:02:36.709065-03:00,-0.341276217163954,-0.0220594116817346,False,5e-05,,1.496,1.59,1.468,True
10701,2026-07-09T16:02:35.671675-03:00,WBTCUSDT,PREBREAK,1h,2,WATCH,63206.7,63242.86,closed,63130.69,63193.87,63218.19,63804.93,63368.91,63130.69,64682.9,62918.82,True,2026-07-10T16:02:39.966324-03:00,-0.0952067202647917,-0.0828529179193421,False,,,64229.11,65580.79,61815.64,True
10719,2026-07-09T18:02:36.938039-03:00,ARBUSDT,HOLD,4h,9,WATCH,0.09,0.0818,closed,0.0895,0.089,0.0871,0.0917,0.0909,0.0867,0.0959,0.0867,True,2026-07-10T18:02:40.79457-03:00,0.594769965993535,0.0177215068860839,True,6.802e-05,,0.0895,0.1013,0.0855,True
10729,2026-07-09T20:02:40.325604-03:00,MORPHOUSDT,BREAKOUT,4h,14,BEST,2.201,2.158,closed,2.229,2.237,2.243,2.184,2.281,2.226,2.313,2.139,True,2026-07-10T21:02:37.03415-03:00,0.217380821734332,0.0027533169191411,True,5e-05,,2.076,2.313,1.937,True
10733,2026-07-09T21:02:34.269066-03:00,SKLUSDT,HOLD,4h,13,BEST,0.00422,0.00365,closed,0.00441,0.00421,0.00445,0.00491,0.00474,0.00403,0.00636,0.00403,True,2026-07-10T21:02:38.714246-03:00,1.07414335850794,0.0265316706827428,True,-0.00398191,,0.00426,0.00636,0.00402,True
10739,2026-07-09T22:02:38.288253-03:00,WLFIUSDT,PREBREAK,1h,9,BEST,0.0585,0.0587,closed,0.0587,0.0588,0.0585,0.0578,0.0589,0.0584,0.0595,0.0576,True,2026-07-10T23:02:36.995013-03:00,1.47535029268888,-0.0659948319113914,False,5e-05,,0.0578,0.0595,0.0562,True
10745,2026-07-09T23:02:33.342652-03:00,ATOMUSDT,PREBREAK,1h,5,WATCH,1.568,1.574,closed,1.571,1.566,1.568,1.602,1.572,1.561,1.613,1.557,True,2026-07-10T23:02:39.810695-03:00,0.0108022180328276,0.0275217183264827,False,-0.00015724,,1.505,1.613,1.501,True
10746,2026-07-09T23:02:33.342652-03:00,PUMPUSDT,PREBREAK,1h,4,WATCH,0.001513,0.001529,closed,0.001518,0.00153,0.001528,0.001447,0.001539,0.00151,0.001539,0.001431,True,2026-07-10T23:02:38.505054-03:00,-1.45787912961022,-0.0510846986057304,False,-1.749e-05,,0.001631,0.001784,0.001362,True
10755,2026-07-10T01:02:50.747404-03:00,PEPEUSDT,PREBREAK,1h,7,BEST,2.67e-06,2.68e-06,closed,2.66e-06,2.67e-06,2.65e-06,2.78e-06,2.68e-06,2.64e-06,2.88e-06,2.64e-06,True,2026-07-11T02:02:35.411789-03:00,0.28763152587313,0.0406765011365444,False,1.886e-05,,2.76e-06,2.95e-06,2.64e-06,True
10756,2026-07-10T01:02:50.747404-03:00,ETCUSDT,PREBREAK,1h,7,WATCH,7.05,7.11,closed,7.06,7.07,7.05,7.11,7.09,7.04,7.14,7.03,True,2026-07-11T02:02:40.800012-03:00,0.223759508705345,0.0174051030279367,False,4.587e-05,,6.94,7.23,6.81,True
10757,2026-07-10T01:02:50.747404-03:00,TAOUSDT,COILING,4h,4,BEST,214.9,217.6,closed,214.0,213.5,211.2,212.7,215.5,211.1,215.5,209.5,True,2026-07-11T02:02:38.994561-03:00,0.031441864964233,0.0512495996623149,False,5e-05,,192.1,215.1,189.6,True
10758,2026-07-10T01:02:50.747404-03:00,ALGOUSDT,COILING,4h,4,BEST,0.0848,0.0878,closed,0.085,0.0854,0.0857,0.0862,0.0858,0.0847,0.0876,0.0847,True,2026-07-11T02:02:37.351239-03:00,8.39609363499914,0.0753998708988363,False,0.0001,,0.0824,0.0876,0.0815,True
10764,2026-07-10T02:02:39.081979-03:00,PEPEUSDT,COILING,4h,4,BEST,2.67e-06,2.76e-06,closed,2.66e-06,2.68e-06,2.69e-06,2.75e-06,2.7e-06,2.64e-06,2.88e-06,2.64e-06,True,2026-07-11T02:02:42.458023-03:00,0.28763152587313,0.0406765011365444,False,1.886e-05,,2.73e-06,2.95e-06,2.64e-06,True
10778,2026-07-10T04:02:39.875151-03:00,GALAUSDT,PREBREAK,1h,7,BEST,0.00215,0.002169,closed,0.002158,0.002168,0.00218,0.002158,0.00219,0.00215,0.002191,0.002128,True,2026-07-11T04:02:43.764407-03:00,0.142243869578963,-0.0794935657685499,False,3.526e-05,,0.002026,0.002191,0.001967,True
10777,2026-07-10T04:02:39.875151-03:00,BONKUSDT,PREBREAK,1h,9,BEST,4.02e-06,4.05e-06,closed,4.02e-06,3.99e-06,4.11e-06,4.07e-06,4.14e-06,3.96e-06,4.18e-06,3.96e-06,True,2026-07-11T04:02:42.35123-03:00,0.0315790270901395,-0.00224088486726369,False,-0.00046102,,3.31e-06,4.18e-06,3.26e-06,True
10788,2026-07-10T05:02:35.8675-03:00,DASHUSDT,COILING,4h,2,BEST,35.14,37.36,closed,35.49,35.16,34.9,34.71,35.55,34.85,35.55,34.5,True,2026-07-11T06:02:33.103171-03:00,0.048111256091584,0.0621014887600592,False,0.0001,,33.42,35.6,32.41,True
10785,2026-07-10T05:02:35.8675-03:00,GUNUSDT,BREAKOUT,4h,13,BEST,0.00455,0.00447,closed,0.00445,0.00453,0.00449,0.00409,0.00488,0.00441,0.00488,0.00402,True,2026-07-11T06:02:31.709679-03:00,0.894522972602592,-0.0110807023142804,True,-0.00323422,,0.00378,0.00488,0.00372,True
10786,2026-07-10T05:02:35.8675-03:00,DEXEUSDT,HOLD,4h,12,STRONG,35.755,33.1,closed,35.27,36.164,34.44,36.353,36.452,32.642,37.598,32.642,True,2026-07-11T05:02:38.398348-03:00,0.271215798886897,0.124775154016788,True,0.00019821,,35.777,49.432,31.319,True
10787,2026-07-10T05:02:35.8675-03:00,BNBUSDT,PREBREAK,1h,2,WATCH,574.0,578.14,closed,576.83,575.57,575.16,577.01,577.66,574.01,578.31,569.63,True,2026-07-11T05:02:37.120459-03:00,-0.410186406673074,-0.0503391746074348,False,0.00011748,,562.86,585.87,562.37,True
10799,2026-07-10T06:02:39.278349-03:00,IOTAUSDT,HOLD,4h,8,WATCH,0.0399,0.0377,closed,0.0408,0.0412,0.0408,0.0404,0.0437,0.0404,0.0437,0.0387,True,2026-07-11T07:02:37.766637-03:00,0.489964998243466,-0.079189279873775,True,-0.00010212,,0.0351,0.0437,0.0348,True
10798,2026-07-10T06:02:39.278349-03:00,LUNCUSDT,PREBREAK,1h,9,BEST,6.185e-05,6.218e-05,closed,6.16e-05,6.178e-05,6.167e-05,6.071e-05,6.195e-05,6.154e-05,6.198e-05,6.064e-05,True,2026-07-11T07:02:44.067554-03:00,0.0613752558619276,0.0488502293947809,False,6.604e-05,,5.794e-05,6.288e-05,5.72e-05,True
10797,2026-07-10T06:02:39.278349-03:00,SKLUSDT,HOLD,4h,12,STRONG,0.00582,0.00365,closed,0.00577,0.00573,0.00594,0.00512,0.00626,0.00553,0.00626,0.00474,True,2026-07-11T07:02:41.87174-03:00,1.04659851972944,0.0271610914061579,True,-0.01053011,,0.00412,0.00626,0.00402,True
10800,2026-07-10T06:02:39.278349-03:00,ZENUSDT,PREBREAK,1h,7,BEST,4.142,4.186,closed,4.131,4.153,4.159,4.187,4.191,4.127,4.249,4.127,True,2026-07-11T07:02:39.910164-03:00,-0.0167564847915322,-0.0879494674455522,False,0.0001,,4.179,4.532,3.97,True
10806,2026-07-10T07:02:42.626671-03:00,BIOUSDT,PREBREAK,1h,6,BEST,0.0289,0.02895,closed,0.02891,0.02882,0.02886,0.02844,0.02904,0.02869,0.02904,0.02838,True,2026-07-11T07:02:49.31923-03:00,0.0314233010130744,-0.0127255174254557,False,5e-05,,0.02603,0.02956,0.02562,True
10805,2026-07-10T07:02:42.626671-03:00,WLFIUSDT,PREBREAK,1h,12,BEST,0.0582,0.0589,closed,0.058,0.0578,0.0586,0.058,0.0595,0.0577,0.0595,0.0577,True,2026-07-11T07:02:46.015119-03:00,-0.958389976869277,-0.0468392880018182,False,5e-05,,0.0569,0.0595,0.0562,True
10807,2026-07-10T07:02:42.626671-03:00,RAREUSDT,COILING,4h,5,BEST,0.013,0.0132,closed,0.0133,0.0133,0.013,0.0129,0.0137,0.013,0.0158,0.0127,True,2026-07-11T07:02:47.675289-03:00,0.0685351032310863,0.215109046104851,False,5e-05,,0.0126,0.0158,0.0123,True
10814,2026-07-10T08:02:35.436268-03:00,ETCUSDT,PREBREAK,1h,8,WATCH,7.11,7.11,closed,7.11,7.09,7.05,7.07,7.12,7.03,7.13,7.03,True,2026-07-11T09:02:40.594602-03:00,0.237483879264054,-0.0165718732968264,False,0.0001,,6.94,7.23,6.81,True
10827,2026-07-10T09:02:47.424289-03:00,TRUMPUSDT,COILING,4h,3,BEST,1.632,1.693,closed,1.629,1.625,1.61,1.613,1.636,1.595,1.636,1.595,True,2026-07-11T10:02:37.144685-03:00,0.252115272366653,0.0556686927998731,False,1.129e-05,,1.528,1.634,1.513,True
10825,2026-07-10T09:02:47.424289-03:00,ETHUSDT,COILING,4h,10,STRONG,1801.22,1813.16,closed,1801.25,1795.86,1788.77,1800.91,1812.0,1775.0,1812.0,1775.0,True,2026-07-11T09:02:48.665188-03:00,0.592634568697498,0.0284532418021698,False,3.355e-05,,1828.54,1946.52,1750.2,True
10828,2026-07-10T09:02:47.424289-03:00,ONDOUSDT,COILING,4h,3,BEST,0.3272,0.338,closed,0.328,0.3289,0.3264,0.3341,0.3307,0.3223,0.3344,0.3223,True,2026-07-11T10:02:38.476656-03:00,0.0711008750826615,0.0535231257587899,False,5e-05,,0.3735,0.3947,0.3053,True
10824,2026-07-10T09:02:47.424289-03:00,ALTUSDT,HOLD,4h,11,STRONG,0.00683,0.00661,closed,0.00685,0.00688,0.00671,0.00661,0.00705,0.00669,0.00705,0.00651,True,2026-07-11T10:02:39.764514-03:00,0.162699334092288,0.085813628430417,True,5e-05,,0.00647,0.00705,0.00618,True
10822,2026-07-10T09:02:47.424289-03:00,UNIUSDT,HOLD,4h,13,BEST,3.618,3.438,closed,3.62,3.666,3.549,3.638,3.696,3.523,3.696,3.458,True,2026-07-11T09:02:51.648002-03:00,0.130410838263734,0.0675612372490708,True,0.0001,,3.481,3.847,3.449,True
10823,2026-07-10T09:02:47.424289-03:00,FILUSDT,BREAKOUT,4h,13,BEST,0.813,0.802,closed,0.8,0.8,0.798,0.791,0.807,0.787,0.807,0.784,True,2026-07-11T09:02:50.305168-03:00,2.01463221084528,-0.0361329974362896,True,5.423e-05,,0.765,0.807,0.734,True
10826,2026-07-10T09:02:47.424289-03:00,ARUSDT,PREBREAK,1h,8,BEST,2.011,2.013,closed,1.996,1.989,1.978,2.001,2.006,1.955,2.011,1.955,True,2026-07-11T10:02:40.952404-03:00,1.12633815000017,-0.0244095380094414,False,0.0001,,1.926,2.065,1.873,True
10830,2026-07-10T10:02:35.380429-03:00,SYRUPUSDT,BREAKOUT,4h,13,BEST,0.1897,0.1842,closed,0.1868,0.1876,0.1838,0.1949,0.19,0.1789,0.1965,0.1789,True,2026-07-11T10:02:43.432681-03:00,0.347140818895052,0.214948900013067,True,-1.656e-05,,0.1809,0.2039,0.1763,True
10832,2026-07-10T10:02:35.380429-03:00,SUIUSDT,COILING,4h,4,BEST,0.7381,0.7512,closed,0.7389,0.7425,0.7385,0.7415,0.7465,0.7294,0.7548,0.7294,True,2026-07-11T10:02:44.709601-03:00,0.258031885167263,0.0292391701377836,False,8.596e-05,,0.7325,0.768,0.7074,True
10831,2026-07-10T10:02:35.380429-03:00,ETCUSDT,COILING,4h,6,WATCH,7.09,7.11,closed,7.08,7.11,7.1,7.07,7.12,7.03,7.13,7.03,True,2026-07-11T10:02:42.276667-03:00,0.29332312615379,0.0333840194452857,False,0.0001,,6.97,7.23,6.81,True
10840,2026-07-10T11:02:38.753932-03:00,DOTUSDT,BREAKOUT,4h,13,BEST,0.884,0.878,closed,0.885,0.873,0.878,0.878,0.888,0.867,0.888,0.867,True,2026-07-11T12:02:32.966326-03:00,0.881448769619316,0.000652291907809668,False,0.0001,,0.848,0.887,0.825,True
10841,2026-07-10T11:02:38.753932-03:00,ALGOUSDT,PREBREAK,1h,8,BEST,0.0868,0.0872,closed,0.0863,0.0858,0.0856,0.0867,0.0868,0.0853,0.087,0.0852,True,2026-07-11T12:02:34.674359-03:00,1.92463189449406,0.0801152925621514,False,8.97e-05,,0.0827,0.0874,0.0813,True
10848,2026-07-10T12:02:33.651573-03:00,LTCUSDT,PREBREAK,1h,6,WATCH,44.42,44.71,closed,44.62,44.69,44.48,45.2,44.8,44.37,45.28,44.37,True,2026-07-11T12:02:39.83854-03:00,0.160059001788392,-0.0167240065052474,False,1.056e-05,,44.75,46.1,42.92,True
10847,2026-07-10T12:02:33.651573-03:00,DOGEUSDT,PREBREAK,1h,6,WATCH,0.07388,0.07468,closed,0.07401,0.07395,0.07376,0.07529,0.07438,0.07364,0.07548,0.07364,True,2026-07-11T12:02:37.987211-03:00,0.124070868516898,-0.0347708896661271,False,9.544e-05,,0.07215,0.0756,0.07092,True
10846,2026-07-10T12:02:33.651573-03:00,CAKEUSDT,PREBREAK,1h,10,STRONG,1.382,1.391,closed,1.389,1.387,1.391,1.444,1.399,1.384,1.449,1.384,True,2026-07-11T12:02:36.352935-03:00,0.0379339180776573,-0.00937587378938281,False,5e-05,,1.387,1.457,1.364,True
10863,2026-07-10T13:02:41.182214-03:00,MMTUSDT,BREAKOUT,4h,5,WATCH,0.1769,0.1687,closed,0.1763,0.1862,0.1924,0.1855,0.2049,0.1746,0.2109,0.1746,True,2026-07-11T14:02:36.558851-03:00,0.0212454764555517,0.0415197382849386,True,5e-05,,0.1765,0.2109,0.1555,True
10867,2026-07-10T13:02:41.182214-03:00,ALGOUSDT,COILING,4h,4,BEST,0.086,0.0873,closed,0.0861,0.0859,0.086,0.0868,0.0862,0.0852,0.0874,0.0852,True,2026-07-11T13:02:42.097356-03:00,0.324423020210712,0.0347962917564531,False,6.516e-05,,0.0831,0.0874,0.0813,True
10865,2026-07-10T13:02:41.182214-03:00,CRVUSDT,COILING,4h,3,BEST,0.2084,0.2111,closed,0.2077,0.2076,0.2067,0.2093,0.2081,0.2058,0.2102,0.2044,True,2026-07-11T13:02:45.565381-03:00,0.0327653024283062,0.0368660424061907,False,2.442e-05,,0.2156,0.2303,0.2,True
10864,2026-07-10T13:02:41.182214-03:00,YFIUSDT,PREBREAK,1h,5,BEST,2166.0,2184.0,closed,2178.0,2156.0,2159.0,2136.0,2183.0,2141.0,2194.0,2120.0,True,2026-07-11T13:02:47.393291-03:00,-0.0571447326754072,0.0377675307368058,False,-0.00025928,,2092.0,2197.0,2036.0,True
10860,2026-07-10T13:02:41.182214-03:00,PEPEUSDT,BREAKOUT,4h,13,BEST,2.75e-06,2.7e-06,closed,2.79e-06,2.84e-06,2.82e-06,2.78e-06,2.88e-06,2.74e-06,2.88e-06,2.74e-06,True,2026-07-11T13:02:49.053192-03:00,0.536676147850135,0.121155532106533,False,0.0001,,2.73e-06,2.95e-06,2.64e-06,True
10861,2026-07-10T13:02:41.182214-03:00,ACTUSDT,HOLD,4h,8,WATCH,0.00944,0.00913,closed,0.00935,0.00935,0.0096,0.00907,0.00987,0.00923,0.00987,0.00903,True,2026-07-11T13:02:50.566797-03:00,1.25802733368251,-0.0597433243927746,True,5e-05,,0.00883,0.00979,0.00832,True
10862,2026-07-10T13:02:41.182214-03:00,HOLOUSDT,BREAKOUT,4h,8,WATCH,0.0711,0.0698,closed,0.0722,0.0731,0.0732,0.0732,0.0746,0.071,0.0756,0.071,True,2026-07-11T13:02:52.142801-03:00,0.0742108118433067,-0.00444711383304111,True,5e-05,,0.067,0.0756,0.0653,True
10866,2026-07-10T13:02:41.182214-03:00,RENDERUSDT,COILING,4h,4,BEST,1.553,1.589,closed,1.556,1.56,1.557,1.577,1.564,1.549,1.59,1.549,True,2026-07-11T13:02:43.7679-03:00,0.253973950218066,0.0501837612464697,False,-3.76e-06,,1.482,1.59,1.448,True
10872,2026-07-10T14:02:34.108562-03:00,SHIBUSDT,PREBREAK,1h,8,BEST,4.38e-06,4.41e-06,closed,4.37e-06,4.36e-06,4.37e-06,4.42e-06,4.39e-06,4.34e-06,4.44e-06,4.34e-06,True,2026-07-11T14:02:38.374304-03:00,0.584842199490019,-0.00535713288794407,False,0.0001,,4.15e-06,4.44e-06,4.06e-06,True
10894,2026-07-10T17:02:34.873555-03:00,BCHUSDT,COILING,4h,6,STRONG,246.0,250.1,closed,246.1,245.6,245.0,248.1,246.9,244.9,250.3,243.5,True,2026-07-11T17:02:49.772781-03:00,0.0490332271572393,0.134783672388513,False,0.0001,,220.4,250.3,213.8,True
10893,2026-07-10T17:02:34.873555-03:00,ARKMUSDT,COILING,4h,7,STRONG,0.1158,0.1161,closed,0.1138,0.1137,0.1148,0.1142,0.1161,0.1128,0.1161,0.1128,True,2026-07-11T17:02:47.669097-03:00,0.344771926643306,0.0306431002040925,False,-0.0002541,,0.1092,0.116,0.1069,True
10892,2026-07-10T17:02:34.873555-03:00,POLUSDT,HOLD,4h,10,WATCH,0.07982,0.078,closed,0.07985,0.0798,0.07968,0.08012,0.08037,0.07935,0.08069,0.07914,True,2026-07-11T17:02:46.40624-03:00,1.56180990511571,-0.0564315467784177,True,5e-05,,0.08266,0.08547,0.0785,True
10899,2026-07-10T18:02:39.650401-03:00,FLOKIUSDT,PREBREAK,1h,3,STRONG,2.337e-05,2.34e-05,closed,2.338e-05,2.357e-05,2.335e-05,2.331e-05,2.371e-05,2.32e-05,2.371e-05,2.314e-05,True,2026-07-11T19:02:36.608533-03:00,-0.0202770040228011,0.0718275400492245,False,0.0001,,2.15e-05,2.363e-05,2.127e-05,True
10898,2026-07-10T18:02:39.650401-03:00,ATMUSDT,HOLD,4h,12,BEST,2.473,2.4,closed,2.846,2.878,2.804,2.786,3.102,2.727,3.102,2.572,True,2026-07-11T19:02:37.96136-03:00,0.0261300379358991,0.140100972480692,False,,,2.811,3.0,2.558,True
10903,2026-07-10T19:02:34.58905-03:00,VIRTUALUSDT,BREAKOUT,4h,11,BEST,0.5848,0.5517,closed,0.6036,0.6061,0.6274,0.6047,0.6341,0.6001,0.6485,0.5981,True,2026-07-11T19:02:39.22945-03:00,1.11698280702469,0.0874806509264422,True,5e-05,,0.6247,0.6648,0.542,True
10907,2026-07-10T20:02:36.426206-03:00,ARUSDT,PREBREAK,1h,7,STRONG,2.007,2.013,closed,2.005,2.0,2.003,1.988,2.011,1.991,2.022,1.98,True,2026-07-11T21:02:35.849144-03:00,0.197573051584152,-0.0425364137253295,False,5.446e-05,,1.913,2.065,1.873,True
10912,2026-07-10T21:02:36.223116-03:00,OPNUSDT,HOLD,4h,10,WATCH,0.0712,0.0636,closed,0.0723,0.0718,0.0732,0.064,0.074,0.07,0.075,0.0629,True,2026-07-11T21:02:40.422165-03:00,1.06340691821468,0.00733518805990153,True,5e-05,,0.0613,0.075,0.0583,True
10910,2026-07-10T21:02:36.223116-03:00,VIRTUALUSDT,HOLD,4h,13,BEST,0.6123,0.5517,closed,0.6137,0.6252,0.629,0.5947,0.6386,0.6095,0.6485,0.5913,True,2026-07-11T21:02:37.401873-03:00,1.30398410789401,0.101209695079579,True,5e-05,,0.6334,0.6648,0.542,True
10911,2026-07-10T21:02:36.223116-03:00,FUSDT,HOLD,4h,13,BEST,0.00364,0.00346,closed,0.00357,0.00355,0.00352,0.00341,0.00373,0.0035,0.00373,0.0034,True,2026-07-11T21:02:38.973613-03:00,3.23258628875721,0.0513200104667338,False,5e-05,,0.00328,0.00356,0.00323,True
10915,2026-07-10T22:02:34.839041-03:00,CAKEUSDT,PREBREAK,1h,8,WATCH,1.404,1.411,closed,1.406,1.403,1.412,1.42,1.417,1.402,1.457,1.402,True,2026-07-11T22:02:39.671616-03:00,0.177168966472845,-0.0239183669295896,False,-1.072e-05,,1.409,1.457,1.364,True
10917,2026-07-10T22:02:34.839041-03:00,ARKMUSDT,COILING,4h,3,STRONG,0.1147,0.1169,closed,0.1147,0.1142,0.1137,0.1116,0.115,0.1133,0.116,0.1108,True,2026-07-11T22:02:37.899506-03:00,0.267843262819506,0.0438498056189914,False,-8.171e-05,,0.1085,0.116,0.1069,True
10916,2026-07-10T22:02:34.839041-03:00,HBARUSDT,PREBREAK,1h,6,WATCH,0.07074,0.07147,closed,0.07065,0.07047,0.06996,0.06812,0.07106,0.06982,0.07106,0.06666,True,2026-07-11T22:02:35.7737-03:00,-0.0715576998871011,0.00265499424539014,False,-2.705e-05,,0.06589,0.07106,0.06534,True
10927,2026-07-11T01:02:38.618948-03:00,JSTUSDT,HOLD,4h,12,WATCH,0.10276,0.10161,closed,0.10298,0.10331,0.10272,0.10093,0.1035,0.102,0.1035,0.09811,True,2026-07-12T01:02:39.531382-03:00,0.190468898875573,0.137183459304432,False,5e-05,,0.09774,0.1035,0.09563,True
10926,2026-07-11T01:02:38.618948-03:00,BCHUSDT,HOLD,4h,12,BEST,245.9,243.7,closed,245.3,244.7,244.3,245.9,245.8,244.1,250.3,243.3,True,2026-07-12T01:02:41.158305-03:00,0.0759167583898763,0.156512867417413,False,9.662e-05,,218.7,250.3,213.8,True
10929,2026-07-11T01:02:38.618948-03:00,BNBUSDT,PREBREAK,1h,6,WATCH,574.91,578.31,closed,574.87,575.03,576.96,575.01,577.72,574.31,583.01,570.3,True,2026-07-12T02:02:38.096818-03:00,-3.81432225913954,-0.0382867996234014,False,9.961e-05,,567.19,585.87,555.59,True
10928,2026-07-11T01:02:38.618948-03:00,DOTUSDT,HOLD,4h,10,STRONG,0.883,0.866,closed,0.881,0.879,0.877,0.857,0.886,0.875,0.887,0.845,True,2026-07-12T02:02:39.420516-03:00,0.559100237254467,-0.00573223690020708,False,0.0001,,0.85,0.887,0.825,True
10935,2026-07-11T02:02:34.650893-03:00,POLUSDT,HOLD,4h,8,WATCH,0.08031,0.07864,closed,0.08005,0.07981,0.08032,0.07941,0.08069,0.07967,0.08069,0.07917,True,2026-07-12T02:02:40.769733-03:00,1.19170626476745,-0.0446739868413109,True,5e-05,,0.08216,0.08547,0.0785,True
10936,2026-07-11T02:02:34.650893-03:00,TREEUSDT,PREBREAK,1h,4,STRONG,0.0431,0.0435,closed,0.0429,0.0432,0.043,0.0454,0.0434,0.0427,0.0468,0.0427,True,2026-07-12T02:02:42.268167-03:00,-1.45850504293478,-0.0256466129551797,False,1.719e-05,,0.0377,0.049,0.0374,True
10942,2026-07-11T03:02:29.042557-03:00,WBTCUSDT,PREBREAK,1h,12,WATCH,64158.61,64682.9,closed,64162.95,64175.48,64121.03,63877.83,64285.78,64078.31,64514.92,63679.63,True,2026-07-12T03:02:35.198571-03:00,0.160793431613192,-0.0359552664428146,True,,,63949.07,65580.79,61815.64,True
10955,2026-07-11T05:02:32.37872-03:00,ESPUSDT,HOLD,4h,10,STRONG,0.07296,0.06675,closed,0.07227,0.07201,0.0685,0.0649,0.0735,0.06829,0.0735,0.06436,True,2026-07-12T05:02:38.107644-03:00,0.728206289575715,0.00045823455019852,True,-0.00067237,,0.07337,0.07584,0.06263,True
10956,2026-07-11T05:02:32.37872-03:00,ACTUSDT,HOLD,4h,9,STRONG,0.00927,0.00913,closed,0.00921,0.00922,0.00907,0.00887,0.00927,0.00907,0.00927,0.00887,True,2026-07-12T05:02:41.00765-03:00,1.07682446077964,-0.00365955293403066,False,5e-05,,0.00835,0.00927,0.00832,True
10957,2026-07-11T05:02:32.37872-03:00,SUIUSDT,COILING,4h,5,STRONG,0.7441,0.75,closed,0.7443,0.7469,0.7425,0.7409,0.7472,0.7379,0.7521,0.7216,True,2026-07-12T05:02:39.470304-03:00,0.276647544613937,0.0397184148355723,False,9.164e-05,,0.7372,0.768,0.7074,True
10972,2026-07-11T07:02:36.949121-03:00,ESPUSDT,BREAKOUT,4h,11,BEST,0.07296,0.06675,closed,0.07206,0.07073,0.06807,0.06516,0.07265,0.06739,0.07265,0.06436,True,2026-07-12T07:02:38.441287-03:00,0.728206289575715,0.00045823455019852,True,-0.00067237,,0.07364,0.07584,0.06263,True
10973,2026-07-11T07:02:36.949121-03:00,ONDOUSDT,PREBREAK,1h,7,STRONG,0.3304,0.3325,closed,0.3297,0.3321,0.335,0.3281,0.3363,0.3293,0.3376,0.3225,True,2026-07-12T08:02:33.258697-03:00,0.0809926851917202,0.0190007952635344,False,2.335e-05,,0.3471,0.3947,0.3053,True
10998,2026-07-11T09:02:39.486498-03:00,WLDUSDT,BREAKOUT,4h,11,BEST,0.4035,0.3967,closed,0.4021,0.4063,0.4078,0.4275,0.4161,0.4004,0.4277,0.3938,True,2026-07-12T09:02:46.208389-03:00,0.124617220377965,-0.0314268964220685,False,6.05e-05,,0.3682,0.4411,0.3573,True
10997,2026-07-11T09:02:39.486498-03:00,LTCUSDT,HOLD,4h,11,WATCH,45.13,44.9,closed,45.16,45.16,45.12,44.62,45.31,44.94,45.55,44.33,True,2026-07-12T09:02:42.604663-03:00,0.154806476170739,-0.00132030182930697,True,7.774e-05,,45.7,46.1,42.92,True
10996,2026-07-11T09:02:39.486498-03:00,CAKEUSDT,HOLD,4h,12,WATCH,1.429,1.417,closed,1.432,1.436,1.439,1.437,1.449,1.43,1.457,1.4,True,2026-07-12T09:02:48.106698-03:00,0.423487240446328,-0.0209188604066309,True,5e-05,,1.41,1.457,1.364,True
10995,2026-07-11T09:02:39.486498-03:00,1MBABYDOGEUSDT,HOLD,4h,13,BEST,0.0003271,0.0003001,closed,0.0003206,0.0003284,0.0003236,0.0003186,0.0003339,0.0003192,0.0003529,0.000315,True,2026-07-12T09:02:44.439531-03:00,4.51994010735702,0.0565602363814161,True,5e-05,,0.0003002,0.0003529,0.0002944,True
10999,2026-07-11T09:02:39.486498-03:00,BONKUSDT,COILING,4h,5,STRONG,4.08e-06,4.18e-06,closed,4.09e-06,4.1e-06,4.11e-06,4.01e-06,4.16e-06,4.08e-06,4.16e-06,3.94e-06,True,2026-07-12T09:02:40.818025-03:00,0.103407258396017,0.128740539858159,False,-9.644e-05,,2.95e-06,4.16e-06,2.94e-06,True
11012,2026-07-11T10:02:35.972482-03:00,SUIUSDT,COILING,4h,5,STRONG,0.743,0.75,closed,0.7411,0.744,0.7432,0.7423,0.7521,0.7401,0.7521,0.7216,True,2026-07-12T10:02:38.114215-03:00,0.237868983058861,0.0250213197714372,False,9.164e-05,,0.7324,0.768,0.7074,True
11019,2026-07-11T11:02:33.173698-03:00,PORTALUSDT,COILING,4h,4,WATCH,0.01175,0.012,closed,0.01214,0.01198,0.01177,0.01176,0.01243,0.01171,0.01243,0.0116,True,2026-07-12T11:02:39.973501-03:00,0.112617617765002,0.0478047016573294,False,-0.00012097,,0.01066,0.01243,0.0106,True
11027,2026-07-11T12:02:32.310621-03:00,ATOMUSDT,PREBREAK,1h,8,WATCH,1.594,1.613,closed,1.596,1.594,1.606,1.587,1.606,1.588,1.609,1.554,True,2026-07-12T12:02:32.735363-03:00,0.167532982257703,0.0209440970279601,True,1.212e-05,,1.493,1.609,1.484,True
11040,2026-07-11T13:02:39.251098-03:00,THETAUSDT,HOLD,4h,13,BEST,0.1537,0.1411,closed,0.1575,0.1574,0.1549,0.1488,0.1591,0.1527,0.1591,0.1475,True,2026-07-12T13:02:39.979971-03:00,10.5951685182299,0.0559362786283991,True,-0.00079209,,0.1396,0.1578,0.1381,True
11041,2026-07-11T13:02:39.251098-03:00,LINKUSDT,PREBREAK,1h,9,WATCH,8.063,8.063,closed,8.052,8.062,8.077,8.066,8.12,8.038,8.12,7.861,True,2026-07-12T14:02:39.64217-03:00,0.193185993271998,-0.0152240977468302,True,0.0001,,8.287,8.633,7.795,True
11039,2026-07-11T13:02:39.251098-03:00,TUSDT,HOLD,4h,13,BEST,0.00493,0.00348,closed,0.00483,0.00455,0.00457,0.00528,0.00508,0.00445,0.00623,0.00445,True,2026-07-12T14:02:37.661909-03:00,1.09157348067525,0.0387417437560722,True,-0.02,,0.00403,0.00623,0.00388,True
11038,2026-07-11T13:02:39.251098-03:00,ARBUSDT,BREAKOUT,4h,14,BEST,0.0974,0.0959,closed,0.0977,0.0983,0.0981,0.0955,0.0994,0.0964,0.1013,0.094,True,2026-07-12T14:02:43.688603-03:00,0.378249182107928,-0.0182119174615895,True,0.0001,,0.0882,0.1013,0.0855,True
11037,2026-07-11T13:02:39.251098-03:00,AAVEUSDT,BREAKOUT,4h,15,BEST,100.01,98.33,closed,100.93,99.39,101.58,98.76,102.04,99.17,102.22,96.65,True,2026-07-12T14:02:41.713639-03:00,0.371110926568312,0.0528063877679854,True,1.768e-05,,88.87,102.22,87.47,True
11054,2026-07-11T14:02:35.771191-03:00,APTUSDT,PREBREAK,1h,7,STRONG,0.645,0.648,closed,0.642,0.642,0.645,0.62,0.647,0.64,0.647,0.615,True,2026-07-12T14:02:45.698387-03:00,0.0980514951595324,0.0550506301070853,False,4.557e-05,,0.608,0.647,0.578,True
11051,2026-07-11T14:02:35.771191-03:00,SOLUSDT,PREBREAK,1h,15,WATCH,77.94,78.74,closed,77.94,78.02,78.25,77.49,78.31,77.82,78.32,75.65,True,2026-07-12T14:02:49.426351-03:00,-0.0949347055866232,0.0146317818892034,False,7.892e-05,,75.35,79.04,73.39,True
11053,2026-07-11T14:02:35.771191-03:00,BANKUSDT,BREAKOUT,4h,8,STRONG,0.0422,0.0403,closed,0.0412,0.041,0.0404,0.0402,0.0438,0.0387,0.0438,0.0386,True,2026-07-12T14:02:53.113048-03:00,0.262759187080614,-0.0317247731639689,True,5e-05,,0.1127,0.1217,0.0381,True
11052,2026-07-11T14:02:35.771191-03:00,DODOUSDT,HOLD,4h,8,STRONG,0.01684,0.01607,closed,0.01632,0.01628,0.01624,0.01615,0.01639,0.01605,0.01825,0.01593,True,2026-07-12T14:02:51.275303-03:00,0.284070476581029,-0.0516336442338224,False,,,0.0216,0.02977,0.01593,True
11055,2026-07-11T14:02:35.771191-03:00,BCHUSDT,COILING,4h,7,STRONG,248.3,255.1,closed,248.1,247.6,247.9,244.6,250.1,246.6,250.1,243.3,True,2026-07-12T14:02:47.661847-03:00,1.39785224876137,0.180173318207198,False,3.981e-05,,220.9,250.1,213.8,True
11072,2026-07-11T17:02:45.413507-03:00,TUTUSDT,HOLD,4h,12,BEST,0.01292,0.01189,closed,0.01291,0.01275,0.01271,0.0123,0.013,0.01264,0.01306,0.01167,True,2026-07-12T18:02:39.529732-03:00,1.0161329360122,0.114851426059391,False,5e-05,,0.01326,0.0134,0.01167,True
11070,2026-07-11T17:02:45.413507-03:00,APTUSDT,HOLD,4h,13,BEST,0.646,0.637,closed,0.645,0.645,0.625,0.621,0.646,0.623,0.646,0.615,True,2026-07-12T18:02:34.60174-03:00,0.331036890279875,0.0455089671393269,True,4.557e-05,,0.606,0.646,0.578,True
11073,2026-07-11T17:02:45.413507-03:00,ETHUSDT,HOLD,4h,11,WATCH,1824.38,1812.0,closed,1824.99,1827.12,1789.13,1820.9,1829.17,1786.58,1829.17,1779.46,True,2026-07-12T18:02:37.675498-03:00,1.27487759216527,-0.00261922999558525,True,6.296e-05,,1857.34,1946.52,1750.2,True
11071,2026-07-11T17:02:45.413507-03:00,AAVEUSDT,HOLD,4h,12,BEST,101.81,98.33,closed,102.13,101.28,98.09,98.36,102.22,98.03,102.22,96.65,True,2026-07-12T18:02:41.103941-03:00,0.37525454301396,0.0547561246168662,True,1.768e-05,,89.78,101.45,87.47,True
11074,2026-07-11T17:02:45.413507-03:00,PORTALUSDT,COILING,4h,2,WATCH,0.0117,0.01212,closed,0.01175,0.01188,0.0117,0.01156,0.01193,0.01163,0.01223,0.01155,True,2026-07-12T18:02:36.134444-03:00,0.197837287629126,0.0393312170588222,False,5e-05,,0.01073,0.01223,0.0106,True
11084,2026-07-11T18:02:35.40953-03:00,SEIUSDT,PREBREAK,1h,6,STRONG,0.05036,0.05069,closed,0.05029,0.05016,0.04902,0.04919,0.0504,0.04872,0.0504,0.04872,True,2026-07-12T18:02:47.571212-03:00,1.61831689227019,-0.00121793752407327,False,6.16e-05,,0.04686,0.05021,0.04626,True
11083,2026-07-11T18:02:35.40953-03:00,CRVUSDT,BREAKOUT,4h,8,STRONG,0.2156,0.2135,closed,0.215,0.2122,0.2076,0.2109,0.2165,0.2055,0.2165,0.2035,True,2026-07-12T18:02:46.069724-03:00,0.0790384059749509,0.0447581121266882,True,-1.57e-05,,0.2117,0.2303,0.2,True
11081,2026-07-11T18:02:35.40953-03:00,LTCUSDT,HOLD,4h,10,WATCH,45.4,45.1,closed,45.52,45.39,44.59,44.66,45.55,44.33,45.55,44.33,True,2026-07-12T18:02:42.948154-03:00,0.221385830500872,-0.0150970914347149,True,7.468e-05,,46.81,47.89,42.92,True
11082,2026-07-11T18:02:35.40953-03:00,CAKEUSDT,HOLD,4h,9,WATCH,1.447,1.431,closed,1.451,1.453,1.42,1.412,1.457,1.416,1.457,1.4,True,2026-07-12T18:02:44.616504-03:00,0.714228712399145,-0.0338357678768804,True,5e-05,,1.411,1.456,1.364,True
11090,2026-07-11T19:02:35.504284-03:00,WUSDT,COILING,4h,3,STRONG,0.01013,0.01025,closed,0.01001,0.00996,0.00978,0.00963,0.01005,0.0096,0.01005,0.00959,True,2026-07-12T20:02:34.530597-03:00,0.0787018905996437,0.0281968549617449,False,5e-05,,0.00934,0.00997,0.00913,True
11096,2026-07-11T21:02:35.00592-03:00,VETUSDT,COILING,4h,7,STRONG,0.004933,0.005076,closed,0.004925,0.004946,0.004991,0.004858,0.004992,0.004902,0.005002,0.00484,True,2026-07-12T21:02:40.706906-03:00,0.528561994620676,0.0432511096354764,False,0.0001,,0.004769,0.005002,0.004613,True
11097,2026-07-11T21:02:35.00592-03:00,UMAUSDT,COILING,4h,5,STRONG,0.385,0.402,closed,0.385,0.384,0.385,0.371,0.387,0.382,0.387,0.369,True,2026-07-12T21:02:38.921289-03:00,0.554268690296745,0.14340079215854,False,5e-05,,0.368,0.387,0.355,True
11098,2026-07-11T21:02:35.00592-03:00,SUIUSDT,COILING,4h,1,STRONG,0.7291,0.7548,closed,0.7269,0.7256,0.7317,0.7377,0.7322,0.7216,0.7488,0.7216,True,2026-07-12T21:02:36.96024-03:00,0.0692995693026042,0.0295176138075976,False,6.7e-06,,0.7439,0.768,0.7074,True
11095,2026-07-11T21:02:35.00592-03:00,WLFIUSDT,PREBREAK,1h,9,WATCH,0.0583,0.059,closed,0.0581,0.0581,0.058,0.0576,0.0583,0.0579,0.0584,0.0569,True,2026-07-12T21:02:42.917566-03:00,0.244355424979124,-0.0378842481559824,False,5e-05,,0.0571,0.0585,0.0562,True
11103,2026-07-11T22:02:35.042123-03:00,BTCUSDT,PREBREAK,1h,14,WATCH,63828.47,64504.11,closed,63936.74,64114.0,64003.99,63988.38,64245.87,63886.31,64425.0,63568.0,True,2026-07-12T22:02:39.216251-03:00,-0.201630256927607,-0.0617295914865225,False,4.651e-05,,64765.99,65600.0,61824.97,True
11109,2026-07-11T23:02:33.090812-03:00,CHIPUSDT,PREBREAK,1h,4,STRONG,0.03276,0.03287,closed,0.03294,0.03326,0.03275,0.03189,0.03355,0.03261,0.03355,0.03187,True,2026-07-12T23:02:43.156705-03:00,-0.000762177656540237,0.0109686072622809,False,2.698e-05,,0.03128,0.03355,0.02888,True
11110,2026-07-11T23:02:33.090812-03:00,GIGGLEUSDT,PREBREAK,1h,4,STRONG,26.14,26.32,closed,26.18,26.71,26.4,26.71,27.04,26.05,27.61,26.05,True,2026-07-12T23:02:41.092437-03:00,-0.233391119093097,-0.0609886249098654,False,5e-05,,26.22,28.4,25.4,True
11117,2026-07-12T00:02:37.432228-03:00,STEEMUSDT,COILING,4h,5,WATCH,0.0417,0.04267,closed,0.04113,0.04124,0.04086,0.03982,0.04149,0.04014,0.04149,0.03982,True,2026-07-13T01:02:35.628578-03:00,0.882570663560521,0.0797375215280182,False,5e-05,,0.0401,0.04134,0.03899,True
11122,2026-07-12T01:02:35.564034-03:00,SNXUSDT,BREAKOUT,4h,9,STRONG,0.247,0.237,closed,0.25,0.244,0.243,0.229,0.251,0.239,0.251,0.229,True,2026-07-13T01:02:39.308334-03:00,0.0974062371948959,0.0594556695866848,True,2.071e-05,,0.222,0.251,0.218,True
11124,2026-07-12T01:02:35.564034-03:00,CRVUSDT,COILING,4h,3,STRONG,0.2091,0.2171,closed,0.2092,0.2079,0.2057,0.2016,0.2094,0.2035,0.2115,0.2,True,2026-07-13T01:02:40.786936-03:00,0.0922218631810884,0.033845057066186,False,3.785e-05,,0.2125,0.2303,0.2,True
11123,2026-07-12T01:02:35.564034-03:00,PLUMEUSDT,COILING,4h,5,STRONG,0.01043,0.01095,closed,0.01039,0.01027,0.01023,0.00985,0.0104,0.0101,0.0104,0.00978,True,2026-07-13T01:02:37.777739-03:00,1.03079697644,0.0379074197796,False,5e-05,,0.01051,0.01111,0.00963,True
11128,2026-07-12T02:02:37.046022-03:00,SUIUSDT,COILING,4h,4,STRONG,0.7318,0.7548,closed,0.7312,0.731,0.7408,0.7292,0.7449,0.727,0.7488,0.7223,True,2026-07-13T02:02:37.140173-03:00,0.578331990709795,0.0268546019285146,False,6.7e-06,,0.7418,0.768,0.7074,True
11136,2026-07-12T04:02:39.161297-03:00,GIGGLEUSDT,BREAKOUT,4h,12,BEST,26.51,26.5,closed,26.8,26.83,27.35,27.03,27.39,26.68,27.61,26.09,True,2026-07-13T05:02:41.580358-03:00,0.350412505756128,0.0117510893478237,False,5e-05,,26.25,28.4,25.4,True
11142,2026-07-12T05:02:37.052777-03:00,OPNUSDT,PREBREAK,1h,3,WATCH,0.0654,0.0661,closed,0.0647,0.064,0.0649,0.0634,0.0656,0.0638,0.068,0.0613,True,2026-07-13T05:02:44.129011-03:00,-33.4687198725985,0.00101653903667544,False,1.136e-05,,0.064,0.0685,0.0583,True
11141,2026-07-12T05:02:37.052777-03:00,OGUSDT,COILING,4h,5,STRONG,2.655,2.768,closed,2.645,2.636,2.645,2.601,2.655,2.63,2.655,2.546,True,2026-07-13T05:02:42.770773-03:00,0.139548183276121,0.0522771835339517,False,5e-05,,2.59,2.768,2.51,True
11155,2026-07-12T07:02:35.708908-03:00,BTCUSDT,PREBREAK,1h,14,WATCH,63961.61,64463.83,closed,63904.06,63884.99,64019.99,63101.53,64135.0,63826.01,64425.0,62500.76,True,2026-07-13T07:02:39.037923-03:00,0.174174533848599,-0.0676119684001631,False,6.315e-05,,64595.0,65600.0,61824.97,True
11171,2026-07-12T09:02:39.820148-03:00,WLDUSDT,BREAKOUT,4h,11,BEST,0.4254,0.4173,closed,0.4287,0.4218,0.4265,0.4265,0.4339,0.4185,0.4411,0.41,True,2026-07-13T09:02:47.523715-03:00,0.300288227578147,0.0169913288076696,True,1.12e-05,,0.3721,0.4411,0.3573,True
11169,2026-07-12T09:02:39.820148-03:00,DEXEUSDT,BREAKOUT,4h,15,BEST,45.17,41.4,closed,45.072,45.794,47.508,44.415,49.405,43.543,49.432,43.543,True,2026-07-13T09:02:49.244556-03:00,0.690388885935672,0.15194585645885,True,5e-05,,34.04,49.432,31.319,True
11170,2026-07-12T09:02:39.820148-03:00,USUALUSDT,BREAKOUT,4h,13,BEST,0.01002,0.00977,closed,0.00998,0.0098,0.00969,0.0088,0.01011,0.00959,0.01011,0.00864,True,2026-07-13T09:02:50.742316-03:00,12.714669637091,0.104337304194118,True,-0.00021416,,0.00855,0.00997,0.00839,True
11173,2026-07-12T09:02:39.820148-03:00,GIGGLEUSDT,BREAKOUT,4h,9,STRONG,27.59,27.04,closed,27.34,27.11,26.86,27.02,27.49,26.77,27.49,26.09,True,2026-07-13T09:02:52.048182-03:00,0.565617105189581,0.00730690024212243,True,5e-05,,26.18,28.4,25.4,True
11172,2026-07-12T09:02:39.820148-03:00,WBTCUSDT,PREBREAK,1h,11,WATCH,63982.82,64442.96,closed,64085.49,63976.98,64112.21,62960.88,64255.51,63930.97,64415.06,62449.97,True,2026-07-13T09:02:45.897598-03:00,0.1039591222955,-0.151478145032863,False,,,64382.28,65580.79,61815.64,True
11182,2026-07-12T10:02:37.205706-03:00,SUIUSDT,COILING,4h,4,STRONG,0.7409,0.7548,closed,0.744,0.7418,0.7427,0.7274,0.7488,0.7408,0.7488,0.7223,True,2026-07-13T10:02:38.364778-03:00,0.794369323240056,0.037995385113179,False,-6.37e-06,,0.7528,0.768,0.7074,True
11181,2026-07-12T10:02:37.205706-03:00,TSTUSDT,COILING,4h,5,STRONG,0.01054,0.01079,closed,0.01059,0.01055,0.01051,0.01081,0.01068,0.01048,0.01114,0.01045,True,2026-07-13T11:02:43.127993-03:00,0.776678832503449,0.0305093093596342,False,0.0002164,,0.01111,0.01129,0.01045,True
11193,2026-07-12T12:02:32.036593-03:00,ATOMUSDT,PREBREAK,1h,4,WATCH,1.589,1.602,closed,1.588,1.587,1.588,1.549,1.591,1.579,1.591,1.532,True,2026-07-13T12:02:36.182693-03:00,-0.107209926086696,-0.0930978100197384,False,-0.00018232,,1.486,1.594,1.48,True
11202,2026-07-12T13:02:32.126871-03:00,HEIUSDT,COILING,4h,2,WATCH,0.1088,0.1144,closed,0.108,0.1048,0.1044,0.0993,0.1091,0.1035,0.1091,0.0979,True,2026-07-13T13:02:40.942379-03:00,0.0353584531555143,0.0498958264753069,False,-0.00178338,,0.1099,0.1266,0.0906,True
11199,2026-07-12T13:02:32.126871-03:00,REDUSDT,BREAKOUT,4h,8,STRONG,0.1203,0.1153,closed,0.1166,0.1147,0.115,0.1139,0.1196,0.1139,0.1196,0.1111,True,2026-07-13T13:02:42.340566-03:00,0.0283586552892551,0.0641199392738855,True,5e-05,,0.0984,0.1177,0.0983,True
11201,2026-07-12T13:02:32.126871-03:00,FILUSDT,COILING,4h,2,STRONG,0.776,0.819,closed,0.775,0.775,0.779,0.755,0.78,0.772,0.786,0.751,True,2026-07-13T13:02:39.319329-03:00,0.0489565432077801,0.0300184139164766,False,4.965e-05,,0.717,0.807,0.714,True
11200,2026-07-12T13:02:32.126871-03:00,OGNUSDT,COILING,4h,5,STRONG,0.01759,0.01783,closed,0.01763,0.01727,0.01714,0.01699,0.01842,0.01706,0.01842,0.01681,True,2026-07-13T13:02:43.663793-03:00,1.0906625388294,0.0548266183187529,False,-0.00963877,,0.01724,0.0195,0.01611,True
11209,2026-07-12T14:02:36.760208-03:00,LINKUSDT,PREBREAK,1h,9,WATCH,8.071,8.098,closed,8.055,8.04,8.087,7.905,8.088,8.021,8.136,7.853,True,2026-07-13T14:02:41.365984-03:00,2.12516626129425,-0.0775881858160498,True,4.678e-05,,8.333,8.633,7.795,True
11208,2026-07-12T14:02:36.760208-03:00,FFUSDT,BREAKOUT,4h,11,BEST,0.06057,0.0598,closed,0.0615,0.06165,0.06167,0.05983,0.0622,0.06127,0.0622,0.05961,True,2026-07-13T14:02:45.607592-03:00,0.212299518375049,-0.0674529411282045,True,5e-05,,0.06045,0.07479,0.05955,True
11210,2026-07-12T14:02:36.760208-03:00,DASHUSDT,PREBREAK,1h,7,STRONG,34.91,34.91,closed,34.87,34.7,34.79,33.08,35.2,34.62,35.21,32.95,True,2026-07-13T14:02:43.630525-03:00,0.0513006117671636,-0.024256553714955,False,4.725e-05,,34.08,35.6,32.41,True
11215,2026-07-12T15:02:38.788143-03:00,SUIUSDT,COILING,4h,4,STRONG,0.7449,0.7548,closed,0.7366,0.7393,0.7365,0.7173,0.7435,0.7345,0.7471,0.7144,True,2026-07-13T16:02:33.997193-03:00,5.62711745667192,0.0418951685054913,False,9.03e-05,,0.7456,0.768,0.7074,True
11219,2026-07-12T16:02:32.782578-03:00,BCHUSDT,PREBREAK,1h,10,STRONG,246.4,247.9,closed,246.2,247.1,240.7,235.6,247.2,239.5,247.2,234.6,True,2026-07-13T16:02:37.109859-03:00,0.067718020843431,0.19965328661434,False,-1.304e-05,,217.5,247.2,213.8,True
11223,2026-07-12T17:02:28.063789-03:00,DASHUSDT,COILING,4h,4,STRONG,34.87,35.55,closed,34.76,34.79,34.56,33.07,35.01,34.25,35.21,32.77,True,2026-07-13T17:02:35.035719-03:00,0.142871451965151,0.0246199764262969,False,4.725e-05,,34.13,35.6,32.41,True
11221,2026-07-12T17:02:28.063789-03:00,WLDUSDT,HOLD,4h,13,BEST,0.439,0.4173,closed,0.428,0.428,0.419,0.395,0.4382,0.4133,0.4382,0.3912,True,2026-07-13T17:02:33.278336-03:00,0.28945149338439,0.0285340725080851,True,0.0001,,0.3629,0.4338,0.3534,True
11222,2026-07-12T17:02:28.063789-03:00,NEARUSDT,COILING,4h,5,STRONG,1.933,1.967,closed,1.924,1.915,1.894,1.917,1.935,1.884,1.977,1.857,True,2026-07-13T17:02:36.78841-03:00,0.190484160594953,0.0310388576457429,False,1.988e-05,,1.917,2.108,1.857,True
11231,2026-07-12T18:02:33.587727-03:00,OGNUSDT,COILING,4h,3,STRONG,0.01714,0.01783,closed,0.01692,0.01705,0.01726,0.01658,0.01842,0.01681,0.01842,0.01654,True,2026-07-13T18:02:38.707084-03:00,0.694104935072928,0.0446507357200727,False,-0.00232362,,0.01698,0.0195,0.01611,True
11245,2026-07-12T20:02:33.696735-03:00,WBTCUSDT,PREBREAK,1h,12,WATCH,63851.22,64255.51,closed,63757.7,63824.37,63292.74,61899.39,64415.06,63245.76,64415.06,61815.64,True,2026-07-13T20:02:38.06879-03:00,0.0369864394434067,-0.0926860166061291,True,,,64638.2,65580.79,61815.64,True
11251,2026-07-12T21:02:36.091895-03:00,TSTUSDT,COILING,4h,3,STRONG,0.01064,0.01124,closed,0.01083,0.01072,0.0106,0.01092,0.01083,0.01045,0.01112,0.01045,True,2026-07-13T21:02:38.701617-03:00,2.89939255752422,0.0737009574052597,False,0.00013306,,0.01118,0.01154,0.01045,True
11252,2026-07-12T21:02:36.091895-03:00,NEARUSDT,COILING,4h,1,STRONG,1.889,1.953,closed,1.925,1.913,1.865,1.923,1.934,1.86,1.977,1.857,True,2026-07-13T21:02:42.352756-03:00,0.0781482876790294,0.0274022407351881,False,0.0001,,1.917,2.108,1.857,True
11250,2026-07-12T21:02:36.091895-03:00,RENDERUSDT,COILING,4h,3,STRONG,1.527,1.59,closed,1.545,1.53,1.508,1.484,1.552,1.503,1.552,1.468,True,2026-07-13T21:02:41.01532-03:00,0.206396354397188,0.0240424977183402,False,1.136e-05,,1.483,1.558,1.448,True
11265,2026-07-12T22:02:38.233466-03:00,LDOUSDT,PREBREAK,1h,8,STRONG,0.3133,0.315,closed,0.3099,0.3062,0.3012,0.3152,0.3138,0.2949,0.3232,0.2949,True,2026-07-13T23:02:43.933776-03:00,0.0983094900729727,-5.89506135224955e-05,False,0.0001,,0.3525,0.39,0.2949,True
11262,2026-07-12T22:02:38.233466-03:00,XRPUSDT,PREBREAK,1h,8,WATCH,1.0931,1.1043,closed,1.0876,1.0803,1.075,1.0693,1.094,1.0674,1.094,1.0535,True,2026-07-13T22:02:40.880522-03:00,0.096241672614624,-0.138494499567356,False,-4.5e-07,,1.0967,1.1302,1.0535,True
11264,2026-07-12T22:02:38.233466-03:00,DOGEUSDT,PREBREAK,1h,8,WATCH,0.07343,0.07389,closed,0.07307,0.07251,0.07222,0.0723,0.07352,0.07161,0.07352,0.07092,True,2026-07-13T22:02:43.660922-03:00,0.104964684269246,-0.0790451750823599,False,-3.63e-06,,0.07232,0.07538,0.07092,True
11261,2026-07-12T22:02:38.233466-03:00,LINKUSDT,PREBREAK,1h,9,WATCH,8.089,8.103,closed,8.069,7.971,7.93,7.957,8.112,7.869,8.112,7.795,True,2026-07-13T22:02:39.456511-03:00,1.02370040928622,-0.091585617852883,False,3.651e-05,,8.422,8.633,7.795,True
11263,2026-07-12T22:02:38.233466-03:00,SOLUSDT,PREBREAK,1h,8,WATCH,77.52,77.78,closed,77.09,76.3,76.07,75.44,77.66,75.43,77.66,74.1,True,2026-07-13T22:02:42.392194-03:00,0.0069215913174026,0.047573424136666,False,5.504e-05,,76.39,79.04,73.39,True
11269,2026-07-12T23:02:40.249859-03:00,ASTERUSDT,PREBREAK,1h,11,WATCH,0.621,0.627,closed,0.623,0.621,0.621,0.628,0.624,0.616,0.633,0.614,True,2026-07-13T23:02:46.234288-03:00,0.0823545919563924,-0.0719676149290217,False,5e-05,,0.62,0.642,0.608,True
11278,2026-07-13T01:02:34.294941-03:00,KITEUSDT,BREAKOUT,4h,11,BEST,0.1289,0.1245,closed,0.1286,0.1315,0.1343,0.1317,0.1367,0.1266,0.1427,0.126,True,2026-07-14T01:02:46.879621-03:00,1.94515056374498,-0.00435557263309411,True,5e-05,,0.1096,0.1427,0.1041,True
11308,2026-07-13T05:02:40.717732-03:00,DCRUSDT,HOLD,4h,13,BEST,14.96,11.61,closed,15.35,15.91,13.83,12.23,16.47,13.52,16.47,12.03,True,2026-07-14T05:02:41.028901-03:00,0.853559488238617,0.0412948635034972,True,,,12.66,16.47,12.03,True
11311,2026-07-13T05:02:40.717732-03:00,WLFIUSDT,PREBREAK,1h,5,WATCH,0.058,0.0584,closed,0.058,0.058,0.0575,0.0575,0.0582,0.0575,0.0585,0.0568,True,2026-07-14T06:02:35.294482-03:00,-0.264749799701087,-0.0661662443079909,False,5e-05,,0.057,0.0585,0.0562,True
11312,2026-07-13T05:02:40.717732-03:00,FETUSDT,PREBREAK,1h,4,STRONG,0.1605,0.1611,closed,0.1607,0.1603,0.1601,0.1612,0.1609,0.1595,0.1615,0.1548,True,2026-07-14T06:02:37.891149-03:00,-0.0498247004794731,-0.00279688813858403,False,-0.00011515,,0.1527,0.1645,0.1502,True
11309,2026-07-13T05:02:40.717732-03:00,ASTERUSDT,PREBREAK,1h,12,WATCH,0.626,0.627,closed,0.624,0.625,0.622,0.63,0.627,0.621,0.633,0.614,True,2026-07-14T05:02:43.153325-03:00,0.0719428513201381,-0.0653044258036432,False,5e-05,,0.62,0.642,0.608,True
11310,2026-07-13T05:02:40.717732-03:00,KITEUSDT,HOLD,4h,10,STRONG,0.1347,0.1245,closed,0.1338,0.1396,0.1413,0.1193,0.1427,0.1332,0.1427,0.1175,True,2026-07-14T05:02:44.603814-03:00,4.95477580409423,-0.00249981288059827,True,5e-05,,0.1084,0.1427,0.1041,True
11317,2026-07-13T06:02:38.229677-03:00,KITEUSDT,BREAKOUT,4h,10,STRONG,0.1347,0.1245,closed,0.1398,0.1404,0.1397,0.1193,0.1427,0.1345,0.1427,0.1175,True,2026-07-14T06:02:39.447362-03:00,4.95477580409423,-0.00249981288059827,True,5e-05,,0.1094,0.1427,0.1041,True
11318,2026-07-13T06:02:38.229677-03:00,JTOUSDT,BREAKOUT,4h,8,STRONG,0.6564,0.6537,closed,0.6628,0.6565,0.6537,0.6426,0.6769,0.6467,0.6894,0.6092,True,2026-07-14T06:02:41.114315-03:00,0.0746355414644457,0.013932000146429,False,-2.651e-05,,0.5946,0.6894,0.5365,True
11322,2026-07-13T07:02:37.839939-03:00,ETCUSDT,PREBREAK,1h,3,WATCH,6.99,6.99,closed,6.99,7.01,6.93,6.87,7.02,6.93,7.02,6.81,True,2026-07-14T08:02:39.750086-03:00,-0.074973750961713,0.014597607509173,False,6.184e-05,,6.79,7.23,6.73,True
11331,2026-07-13T09:02:44.865421-03:00,RUNEUSDT,PREBREAK,1h,13,BEST,0.405,0.407,closed,0.408,0.406,0.405,0.405,0.412,0.403,0.412,0.4,True,2026-07-14T10:02:34.665036-03:00,0.223992591706706,0.0357742550482384,False,0.0001,,0.441,0.451,0.4,True
11330,2026-07-13T09:02:44.865421-03:00,POLUSDT,BREAKOUT,4h,15,WATCH,0.08276,0.08174,closed,0.08245,0.0815,0.08231,0.08405,0.08293,0.08093,0.08434,0.08093,True,2026-07-14T09:02:45.86843-03:00,1.14984464477925,-0.052144973769293,True,-3.68e-06,,0.08113,0.08547,0.08026,True
11332,2026-07-13T09:02:44.865421-03:00,NEARUSDT,COILING,4h,4,STRONG,1.914,1.939,closed,1.911,1.9,1.942,1.988,1.977,1.889,2.014,1.877,True,2026-07-14T10:02:32.839939-03:00,0.825251008508762,0.0409581289691881,False,0.0001,,1.974,2.108,1.877,True
11337,2026-07-13T10:02:35.707644-03:00,EIGENUSDT,BREAKOUT,4h,14,BEST,0.2475,0.2444,closed,0.2456,0.2445,0.2413,0.2459,0.2499,0.2407,0.2499,0.2301,True,2026-07-14T10:02:36.360176-03:00,0.319087088265875,0.0147020697013259,False,4.813e-05,,0.2352,0.2527,0.2229,True
11338,2026-07-13T10:02:35.707644-03:00,RUNEUSDT,COILING,4h,6,STRONG,0.405,0.412,closed,0.407,0.406,0.403,0.415,0.409,0.401,0.416,0.4,True,2026-07-14T10:02:38.187658-03:00,0.223992591706706,0.0357742550482384,False,0.0001,,0.44,0.451,0.4,True
11342,2026-07-13T11:02:42.204131-03:00,ARBUSDT,PREBREAK,1h,5,STRONG,0.0938,0.0948,closed,0.0931,0.0934,0.0904,0.0912,0.0945,0.0897,0.0945,0.0881,True,2026-07-14T12:02:36.091261-03:00,-0.0415499179051268,-0.0244448688275513,False,9.292e-05,,0.0899,0.0945,0.0853,True
11345,2026-07-13T12:02:35.323571-03:00,ALGOUSDT,PREBREAK,1h,4,STRONG,0.0844,0.0848,closed,0.084,0.0835,0.0835,0.085,0.0845,0.0827,0.0861,0.0827,True,2026-07-14T12:02:37.806669-03:00,-0.049806311002424,-0.0258041484647759,False,-0.00028468,,0.0829,0.0861,0.0813,True
11350,2026-07-13T13:02:38.251905-03:00,JUPUSDT,BREAKOUT,4h,10,STRONG,0.2166,0.2123,closed,0.217,0.2137,0.2103,0.2085,0.2193,0.2088,0.2193,0.1995,True,2026-07-14T13:02:45.274331-03:00,0.631744382261355,-0.0639359359487227,True,8.26e-06,,0.1977,0.2176,0.1891,True
11349,2026-07-13T13:02:38.251905-03:00,ALLOUSDT,BREAKOUT,4h,14,WATCH,0.4289,0.425,closed,0.4429,0.4515,0.507,0.3752,0.532,0.4309,0.532,0.3675,True,2026-07-14T13:02:43.398292-03:00,0.337525425363363,-0.00687923460907946,False,5e-05,,0.4872,0.532,0.3536,True
11354,2026-07-13T14:02:40.556217-03:00,ORDIUSDT,PREBREAK,1h,9,STRONG,3.582,3.6,closed,3.578,3.573,3.506,3.556,3.611,3.482,3.644,3.41,True,2026-07-14T14:02:41.48815-03:00,0.134546195304131,0.0440601865698356,False,5e-05,,3.611,3.777,3.39,True
11355,2026-07-13T14:02:40.556217-03:00,NEARUSDT,COILING,4h,6,STRONG,1.938,1.939,closed,1.935,1.926,1.9,2.037,1.957,1.888,2.066,1.877,True,2026-07-14T14:02:42.889852-03:00,1.86098404383467,0.0371283687515684,False,0.0001,,1.976,2.108,1.877,True
11365,2026-07-13T17:02:32.541337-03:00,SENTUSDT,BREAKOUT,4h,5,STRONG,0.01534,0.01482,closed,0.01542,0.01512,0.01413,0.01339,0.01547,0.01378,0.01547,0.01332,True,2026-07-14T17:02:35.946916-03:00,0.0696350821841962,0.00330229402961986,False,-0.00459178,,0.01379,0.01545,0.01302,True
11363,2026-07-13T17:02:32.541337-03:00,ALLOUSDT,HOLD,4h,12,WATCH,0.514,0.425,closed,0.5024,0.468,0.4755,0.3617,0.519,0.4529,0.519,0.3574,True,2026-07-14T17:02:39.147957-03:00,0.613694676221753,0.0149895699066649,True,5e-05,,0.4712,0.4985,0.3536,True
11364,2026-07-13T17:02:32.541337-03:00,FFUSDT,PREBREAK,1h,7,STRONG,0.06095,0.06124,closed,0.06073,0.06064,0.06001,0.06465,0.06105,0.05998,0.06716,0.05989,True,2026-07-14T17:02:37.440417-03:00,1.00597624857746,-0.0567953522143781,False,5e-05,,0.05998,0.07479,0.05959,True
11371,2026-07-13T19:02:35.857058-03:00,NEARUSDT,COILING,4h,4,STRONG,1.916,1.939,closed,1.891,1.888,1.968,2.014,1.968,1.877,2.066,1.877,True,2026-07-14T20:02:38.539978-03:00,1.11741301772687,0.051481192438173,False,0.0001,,1.962,2.108,1.88,True
11373,2026-07-13T21:02:37.601231-03:00,ASTERUSDT,COILING,4h,4,WATCH,0.628,0.636,closed,0.627,0.63,0.631,0.631,0.633,0.626,0.642,0.624,True,2026-07-14T21:02:39.913835-03:00,0.149845178509559,0.0388979753375386,False,5e-05,,0.63,0.642,0.608,True
11372,2026-07-13T21:02:37.601231-03:00,ZBTUSDT,HOLD,4h,13,BEST,0.1389,0.1294,closed,0.1395,0.1401,0.1444,0.1076,0.145,0.1341,0.1487,0.1074,True,2026-07-14T22:02:37.953582-03:00,0.192363946177468,0.0879123416719211,True,5e-05,,0.0884,0.1487,0.0808,True
11382,2026-07-13T22:02:36.824847-03:00,JSTUSDT,PREBREAK,1h,6,WATCH,0.10047,0.10073,closed,0.09986,0.1005,0.10183,0.1,0.10186,0.09951,0.10292,0.09909,True,2026-07-14T22:02:39.805918-03:00,-0.105656303699856,0.0173663033966076,False,-0.00015554,,0.10194,0.10292,0.09563,True
11390,2026-07-13T23:02:43.013738-03:00,WLFIUSDT,PREBREAK,1h,8,WATCH,0.058,0.0581,closed,0.0578,0.0575,0.0577,0.0572,0.0581,0.0574,0.0581,0.0571,True,2026-07-15T00:02:40.552037-03:00,0.106585785364092,-0.0751332748027871,False,5e-05,,0.0569,0.0585,0.0562,True
11392,2026-07-13T23:02:43.013738-03:00,NEARUSDT,COILING,4h,5,STRONG,1.922,1.977,closed,1.96,1.958,1.99,2.017,2.004,1.937,2.066,1.937,True,2026-07-15T00:02:38.255702-03:00,1.1966414741258,0.0516963739026681,False,7.07e-05,,2.005,2.108,1.88,True
11391,2026-07-13T23:02:43.013738-03:00,ALGOUSDT,PREBREAK,1h,6,STRONG,0.0835,0.0845,closed,0.0834,0.0836,0.0838,0.0844,0.0841,0.083,0.0861,0.083,True,2026-07-15T00:02:36.655425-03:00,0.0882253745486461,-0.00953116942445443,False,-6.428e-05,,0.0833,0.0861,0.0813,True
11408,2026-07-14T01:02:45.729443-03:00,LDOUSDT,COILING,4h,4,STRONG,0.3151,0.33,closed,0.3162,0.3208,0.3262,0.3356,0.3302,0.3152,0.3397,0.3152,True,2026-07-15T02:02:38.859412-03:00,0.0927911273250238,0.035115044463887,False,-1.281e-05,,0.4024,0.405,0.3169,True
11406,2026-07-14T01:02:45.729443-03:00,EGLDUSDT,BREAKOUT,4h,11,BEST,3.31,3.15,closed,3.21,3.25,3.22,3.27,3.41,3.2,3.65,3.16,True,2026-07-15T02:02:36.64013-03:00,0.3432445244882,-0.0432563228545614,True,0.0001,,3.12,3.65,3.0,True
11407,2026-07-14T01:02:45.729443-03:00,VANAUSDT,BREAKOUT,4h,11,BEST,1.284,1.237,closed,1.246,1.235,1.238,1.29,1.349,1.211,1.349,1.185,True,2026-07-15T02:02:34.853357-03:00,0.358652159020661,0.00821086961411516,True,1.019e-05,,1.188,1.349,1.111,True
11421,2026-07-14T02:02:35.33033-03:00,ASTERUSDT,COILING,4h,3,WATCH,0.628,0.636,closed,0.631,0.631,0.631,0.63,0.633,0.628,0.642,0.624,True,2026-07-15T02:02:41.251866-03:00,0.14553745475146,0.0513574911843572,False,5e-05,,0.629,0.642,0.608,True
11428,2026-07-14T03:02:36.612838-03:00,ADAUSDT,PREBREAK,1h,3,STRONG,0.1594,0.1601,closed,0.1594,0.1589,0.1586,0.1645,0.1596,0.1582,0.1682,0.1582,True,2026-07-15T03:02:44.141018-03:00,-0.478591586985343,-0.0415464866875023,False,-5.989e-05,,0.1763,0.1777,0.1578,True
11427,2026-07-14T03:02:36.612838-03:00,ETCUSDT,PREBREAK,1h,4,WATCH,6.96,6.98,closed,6.96,6.94,6.87,7.04,7.0,6.86,7.12,6.86,True,2026-07-15T03:02:42.628479-03:00,-0.303759684838505,0.0832991639243705,False,2.125e-05,,6.98,7.23,6.73,True
11431,2026-07-14T04:02:31.703995-03:00,NEARUSDT,COILING,4h,7,STRONG,1.961,1.977,closed,2.002,1.996,1.971,2.023,2.014,1.968,2.066,1.968,True,2026-07-15T04:02:33.315436-03:00,6.34239305462654,0.0551222219192241,True,7.07e-05,,2.018,2.108,1.88,True
11436,2026-07-14T05:02:37.139026-03:00,FFUSDT,BREAKOUT,4h,11,BEST,0.0629,0.0622,closed,0.06326,0.06516,0.06339,0.06645,0.06716,0.06277,0.06716,0.06222,True,2026-07-15T06:02:37.514132-03:00,0.491762472534686,-0.0599109784956048,True,5e-05,,0.06039,0.07479,0.05959,True
11442,2026-07-14T06:02:34.350306-03:00,CVXUSDT,HOLD,4h,13,BEST,1.344,1.301,closed,1.336,1.364,1.394,1.324,1.412,1.325,1.412,1.317,True,2026-07-15T06:02:38.955537-03:00,0.13359280851967,0.02543342635808,True,5e-05,,1.237,1.412,1.185,True
11443,2026-07-14T06:02:34.350306-03:00,LDOUSDT,COILING,4h,6,STRONG,0.3258,0.33,closed,0.3238,0.3241,0.3285,0.3293,0.3318,0.3169,0.3397,0.3169,True,2026-07-15T06:02:40.27624-03:00,0.171238069195521,0.0616008285332942,False,9.02e-05,,0.3983,0.405,0.3169,True
11458,2026-07-14T08:02:38.85243-03:00,ESPUSDT,BREAKOUT,4h,13,BEST,0.07026,0.06916,closed,0.07112,0.07216,0.07028,0.07084,0.07277,0.06987,0.07277,0.06918,True,2026-07-15T09:02:42.390775-03:00,0.459574906282234,-0.178608416550264,False,-0.00082854,,0.0712,0.07584,0.06904,True
11459,2026-07-14T08:02:38.85243-03:00,WBTCUSDT,PREBREAK,1h,8,WATCH,62858.06,62871.85,closed,62827.29,62856.35,64317.27,64690.51,64367.27,62683.98,65249.56,62683.98,True,2026-07-15T08:02:39.270819-03:00,-0.446406047817952,-0.113505202944785,False,,,66300.58,66419.07,62517.18,True
11466,2026-07-14T09:02:41.364614-03:00,POLUSDT,HOLD,4h,11,WATCH,0.08423,0.08351,closed,0.08396,0.08419,0.08438,0.0835,0.08547,0.083,0.08547,0.083,True,2026-07-15T09:02:46.30863-03:00,0.712369833112204,-0.00239741145718878,True,-1.322e-05,,0.08064,0.08547,0.07957,True
11468,2026-07-14T09:02:41.364614-03:00,ASTERUSDT,COILING,4h,3,WATCH,0.625,0.636,closed,0.625,0.63,0.631,0.635,0.642,0.624,0.642,0.624,True,2026-07-15T09:02:44.972317-03:00,0.17413220222801,0.0423801101793579,False,4.605e-05,,0.629,0.642,0.608,True
11467,2026-07-14T09:02:41.364614-03:00,FILUSDT,PREBREAK,1h,5,STRONG,0.758,0.765,closed,0.756,0.766,0.775,0.792,0.781,0.755,0.793,0.755,True,2026-07-15T09:02:43.618027-03:00,-0.503304526990108,0.0273427720022066,False,9.362e-05,,0.75,0.807,0.701,True
11476,2026-07-14T10:02:32.072834-03:00,CAKEUSDT,PREBREAK,1h,6,WATCH,1.412,1.422,closed,1.411,1.417,1.416,1.44,1.43,1.409,1.452,1.409,True,2026-07-15T10:02:37.793956-03:00,-0.431514788068324,0.00428414361603444,False,-1.457e-05,,1.413,1.452,1.364,True
11477,2026-07-14T10:02:32.072834-03:00,SUSDT,PREBREAK,1h,6,STRONG,0.02547,0.02566,closed,0.0255,0.02553,0.02555,0.02592,0.02591,0.02545,0.02595,0.02526,True,2026-07-15T10:02:44.225688-03:00,-0.00959019049957436,-0.130658421096155,False,-9.991e-05,,0.0248,0.02606,0.02323,True
11475,2026-07-14T10:02:32.072834-03:00,ETCUSDT,PREBREAK,1h,7,WATCH,6.96,7.0,closed,6.98,7.0,7.06,7.21,7.12,6.96,7.21,6.96,True,2026-07-15T10:02:40.966209-03:00,0.0325036960626105,0.0584766384489035,False,4.976e-05,,7.04,7.23,6.73,True
11478,2026-07-14T10:02:32.072834-03:00,TRUMPUSDT,PREBREAK,1h,4,STRONG,1.551,1.553,closed,1.546,1.544,1.568,1.587,1.572,1.538,1.589,1.538,True,2026-07-15T10:02:42.480559-03:00,-0.30822381472695,-0.0621651431420802,False,-2.738e-05,,1.609,1.711,1.503,True
11474,2026-07-14T10:02:32.072834-03:00,DOTUSDT,PREBREAK,1h,8,STRONG,0.843,0.85,closed,0.846,0.848,0.855,0.865,0.86,0.842,0.866,0.842,True,2026-07-15T10:02:39.43224-03:00,0.251264628686683,-0.0735541472684335,False,0.0001,,0.86,0.874,0.801,True
11486,2026-07-14T11:02:37.257094-03:00,LDOUSDT,COILING,4h,4,STRONG,0.3219,0.33,closed,0.3263,0.3301,0.3335,0.3288,0.3397,0.326,0.3397,0.3252,True,2026-07-15T11:02:44.102601-03:00,0.08787639371571,0.0516387096166758,False,9.02e-05,,0.3999,0.4084,0.3252,True
11483,2026-07-14T11:02:37.257094-03:00,ASTERUSDT,PREBREAK,1h,12,WATCH,0.631,0.633,closed,0.631,0.631,0.625,0.634,0.642,0.625,0.642,0.624,True,2026-07-15T11:02:45.442829-03:00,0.17413220222801,0.0423801101793579,False,4.605e-05,,0.627,0.642,0.608,True
11485,2026-07-14T11:02:37.257094-03:00,HEIUSDT,BREAKOUT,4h,8,WATCH,0.1199,0.1162,closed,0.1248,0.1188,0.1094,0.1017,0.1266,0.1082,0.1266,0.1003,True,2026-07-15T11:02:42.633337-03:00,0.101567335978443,0.0139587027761548,True,-0.00034096,,0.0937,0.1238,0.0909,True
11484,2026-07-14T11:02:37.257094-03:00,ESPUSDT,HOLD,4h,10,STRONG,0.07225,0.06972,closed,0.07045,0.07028,0.07064,0.07174,0.0722,0.06987,0.0722,0.06918,True,2026-07-15T11:02:46.694092-03:00,0.74250669717562,-0.145959886619707,False,-0.00091515,,0.0703,0.07584,0.06904,True
11493,2026-07-14T12:02:35.431335-03:00,PLUMEUSDT,PREBREAK,1h,3,STRONG,0.00994,0.00994,closed,0.00994,0.01006,0.0099,0.01014,0.01015,0.00986,0.01024,0.00982,True,2026-07-15T12:02:37.416208-03:00,-6.82368196432653,-0.0226896403378347,False,5e-05,,0.01131,0.01172,0.00982,True
11506,2026-07-14T13:02:42.426702-03:00,WBTCUSDT,BREAKOUT,4h,11,WATCH,64744.95,64442.96,closed,64707.64,64705.44,64563.31,65322.62,64897.05,64208.21,65580.79,64208.21,True,2026-07-15T14:02:40.178458-03:00,0.179679164993726,-0.0480626237895326,True,,,66530.78,66883.45,62517.18,True
11507,2026-07-14T13:02:42.426702-03:00,ZENUSDT,COILING,4h,8,STRONG,4.253,4.278,closed,4.252,4.253,4.215,4.375,4.312,4.202,4.532,4.153,True,2026-07-15T13:02:49.535913-03:00,0.575761872814027,0.0493822198783652,True,0.0001,,4.222,4.532,4.089,True
11503,2026-07-14T13:02:42.426702-03:00,NEARUSDT,HOLD,4h,13,BEST,2.046,1.977,closed,2.029,2.041,2.019,2.073,2.047,2.018,2.108,1.999,True,2026-07-15T13:02:43.754574-03:00,3.68398924372362,0.0577565499133372,True,-0.00010911,,1.94,2.108,1.88,True
11504,2026-07-14T13:02:42.426702-03:00,BTCUSDT,BREAKOUT,4h,11,WATCH,64743.99,64463.83,closed,64681.85,64695.13,64514.01,65312.03,64896.86,64231.77,65600.0,64231.77,True,2026-07-15T13:02:45.820859-03:00,0.194300492592371,-0.0168681207014288,True,5.59e-05,,66542.01,66956.15,62537.56,True
11505,2026-07-14T13:02:42.426702-03:00,KAITOUSDT,BREAKOUT,4h,11,BEST,0.7606,0.7156,closed,0.7677,0.778,0.7813,0.755,0.7993,0.7408,0.8168,0.7161,True,2026-07-15T13:02:47.773772-03:00,0.386407088974597,-0.0409543358368166,True,5e-05,,0.9843,1.02,0.7022,True
11512,2026-07-14T14:02:40.560121-03:00,BCHUSDT,COILING,4h,6,STRONG,239.2,248.3,closed,237.1,237.4,236.1,230.4,237.7,235.6,238.3,229.7,True,2026-07-15T14:02:41.683466-03:00,0.569226333064441,0.0378486224478611,False,-0.00011028,,224.9,238.3,209.8,True
11513,2026-07-14T14:02:40.560121-03:00,FILUSDT,COILING,4h,6,STRONG,0.776,0.799,closed,0.78,0.779,0.781,0.791,0.783,0.773,0.807,0.773,True,2026-07-15T14:02:44.672126-03:00,1.59677647705778,0.0325733748383441,False,2.687e-05,,0.755,0.807,0.701,True
11515,2026-07-14T14:02:40.560121-03:00,LTCUSDT,COILING,4h,5,WATCH,44.77,45.55,closed,44.44,44.62,44.99,45.16,45.04,44.28,46.1,44.28,True,2026-07-15T14:02:47.142233-03:00,0.142918858850901,0.0545144667877109,False,2.102e-05,,47.29,48.15,44.09,True
11516,2026-07-14T14:02:40.560121-03:00,SHIBUSDT,COILING,4h,5,WATCH,4.24e-06,4.41e-06,closed,4.23e-06,4.22e-06,4.22e-06,4.22e-06,4.23e-06,4.2e-06,4.35e-06,4.18e-06,True,2026-07-15T14:02:43.182701-03:00,0.396484028801824,0.0483815401144058,False,-0.00010815,,4.27e-06,4.35e-06,4.06e-06,True
11514,2026-07-14T14:02:40.560121-03:00,ETCUSDT,COILING,4h,6,WATCH,7.06,7.1,closed,7.04,7.06,7.09,7.08,7.1,7.02,7.23,6.99,True,2026-07-15T14:02:45.922257-03:00,0.0936440323337408,0.0816978858728656,False,-1.933e-05,,6.98,7.23,6.73,True
11526,2026-07-14T15:02:37.074719-03:00,OPUSDT,COILING,4h,5,STRONG,0.1022,0.1072,closed,0.1017,0.1019,0.1011,0.1031,0.1022,0.101,0.1045,0.1006,True,2026-07-15T15:02:45.341953-03:00,0.700680573432756,0.0436232072544683,False,5.61e-05,,0.0974,0.1046,0.0919,True
11528,2026-07-14T15:02:37.074719-03:00,ALGOUSDT,COILING,4h,5,STRONG,0.0849,0.0868,closed,0.0848,0.0846,0.0844,0.085,0.0851,0.0843,0.0861,0.0841,True,2026-07-15T15:02:39.871111-03:00,0.316962329885527,0.0493334447553141,False,1.591e-05,,0.0845,0.0861,0.0813,True
11524,2026-07-14T15:02:37.074719-03:00,SUIUSDT,BREAKOUT,4h,13,BEST,0.7592,0.7505,closed,0.7586,0.7606,0.758,0.7525,0.764,0.7557,0.768,0.7443,True,2026-07-15T15:02:41.653005-03:00,3.49776340676044,0.0175483471139523,True,0.0001,,0.7644,0.7783,0.7214,True
11527,2026-07-14T15:02:37.074719-03:00,ATOMUSDT,COILING,4h,5,WATCH,1.557,1.609,closed,1.557,1.556,1.559,1.565,1.564,1.554,1.594,1.552,True,2026-07-15T15:02:38.084116-03:00,0.355759835059393,0.0560778015279538,False,-0.00016599,,1.492,1.594,1.445,True
11525,2026-07-14T15:02:37.074719-03:00,LINKUSDT,BREAKOUT,4h,13,WATCH,8.299,8.136,closed,8.25,8.282,8.263,8.547,8.306,8.241,8.633,8.241,True,2026-07-15T15:02:43.698868-03:00,1.1547169191801,-0.0157518643666214,True,0.0001,,8.619,8.761,8.006,True
11542,2026-07-14T16:02:37.502306-03:00,SOLUSDT,COILING,4h,4,WATCH,77.38,78.32,closed,77.41,77.07,77.6,77.61,77.95,76.93,79.04,76.93,True,2026-07-15T16:02:39.00317-03:00,0.0835956146746231,0.0342451277192022,False,6.297e-05,,77.87,79.04,73.39,True
11554,2026-07-14T17:02:34.249139-03:00,SUIUSDT,HOLD,4h,13,BEST,0.7621,0.7488,closed,0.7598,0.7592,0.7635,0.7491,0.7649,0.7563,0.768,0.7443,True,2026-07-15T17:02:46.368358-03:00,4.86582961879837,0.0266837969496388,True,0.0001,,0.7667,0.7783,0.7214,True
11555,2026-07-14T17:02:34.249139-03:00,ETHUSDT,HOLD,4h,12,WATCH,1876.74,1846.0,closed,1876.08,1874.66,1892.34,1923.02,1896.14,1872.06,1946.52,1864.38,True,2026-07-15T17:02:44.729541-03:00,0.665510604246328,0.0431931713044072,True,6.925e-05,,1921.76,1953.0,1803.05,True
11556,2026-07-14T17:02:34.249139-03:00,LINKUSDT,HOLD,4h,9,WATCH,8.292,8.136,closed,8.295,8.284,8.354,8.508,8.359,8.251,8.633,8.251,True,2026-07-15T17:02:43.152177-03:00,2.46234158201053,-0.0364683443466764,True,0.0001,,8.619,8.761,8.006,True
11561,2026-07-14T18:02:32.838633-03:00,ZENUSDT,COILING,4h,3,STRONG,4.217,4.278,closed,4.187,4.173,4.212,4.332,4.22,4.153,4.532,4.153,True,2026-07-15T18:02:36.125168-03:00,0.132297459312218,0.0539335421706706,False,0.0001,,4.209,4.532,4.089,True
11575,2026-07-14T21:02:36.702242-03:00,PENDLEUSDT,BREAKOUT,4h,15,BEST,1.577,1.575,closed,1.575,1.552,1.553,1.59,1.576,1.538,1.638,1.53,True,2026-07-15T21:02:42.511021-03:00,0.298663954840754,0.0592803417911958,False,0.0001,,1.638,1.679,1.5,True
11576,2026-07-14T21:02:36.702242-03:00,SANTOSUSDT,HOLD,4h,13,BEST,0.574,0.526,closed,0.563,0.559,0.538,0.532,0.576,0.537,0.576,0.525,True,2026-07-15T21:02:40.949746-03:00,0.836400781855124,0.14223144071454,True,5e-05,,0.511,0.568,0.493,True
11577,2026-07-14T21:02:36.702242-03:00,WBETHUSDT,HOLD,4h,12,WATCH,2080.92,2031.62,closed,2075.55,2066.36,2065.97,2114.64,2083.3,2053.34,2143.03,2053.01,True,2026-07-15T21:02:38.939549-03:00,0.747628132286912,0.563543649467034,True,,,2135.71,2149.88,1986.1,True
11578,2026-07-14T21:02:36.702242-03:00,BTCUSDT,HOLD,4h,11,WATCH,65043.98,64425.0,closed,64894.01,64755.0,64780.0,64825.09,65042.01,64488.0,65600.0,64485.0,True,2026-07-15T21:02:36.726106-03:00,0.0923826875149314,0.0183826630557659,True,0.0001,,66620.97,66956.15,62537.56,True
11579,2026-07-14T21:02:36.702242-03:00,WBTCUSDT,HOLD,4h,9,WATCH,65028.64,64415.06,closed,64914.36,64770.98,64781.31,64828.79,65040.99,64485.74,65580.79,64485.74,True,2026-07-15T21:02:44.056709-03:00,0.224113584526795,-0.0693658008169176,True,,,66601.99,66883.45,62517.18,True
11582,2026-07-14T22:02:37.242706-03:00,WLFIUSDT,PREBREAK,1h,11,WATCH,0.0575,0.0581,closed,0.0574,0.0572,0.057,0.0575,0.0576,0.0564,0.0578,0.0562,True,2026-07-15T23:02:39.847191-03:00,0.569236334145425,-0.111885083542931,False,5e-05,,0.0572,0.0585,0.056,True
11592,2026-07-15T01:02:37.024481-03:00,RUNEUSDT,HOLD,4h,12,WATCH,0.424,0.419,closed,0.424,0.423,0.424,0.421,0.428,0.422,0.43,0.418,True,2026-07-16T01:02:37.154437-03:00,0.187066594012967,-0.0162693790938411,True,5.005e-05,,0.452,0.458,0.413,True
11594,2026-07-15T01:02:37.024481-03:00,WBETHUSDT,COILING,4h,10,WATCH,2067.28,2079.04,closed,2067.27,2066.48,2061.94,2112.22,2081.9,2053.01,2143.03,2053.01,True,2026-07-16T01:02:41.034004-03:00,0.487737625044652,0.616147065806117,True,,,2132.7,2149.88,1986.1,True
11595,2026-07-15T01:02:37.024481-03:00,CAKEUSDT,COILING,4h,7,WATCH,1.434,1.448,closed,1.435,1.427,1.42,1.413,1.437,1.417,1.443,1.405,True,2026-07-16T01:02:39.818886-03:00,0.0513683552117351,0.0268710774318757,False,5e-05,,1.4,1.443,1.364,True
11593,2026-07-15T01:02:37.024481-03:00,CRVUSDT,HOLD,4h,11,BEST,0.2265,0.2208,closed,0.2251,0.2236,0.219,0.2188,0.2263,0.2177,0.2263,0.2126,True,2026-07-16T01:02:42.642126-03:00,0.857651908531132,0.00396469317694352,False,-0.00016717,,0.2144,0.2246,0.2057,True
11596,2026-07-15T01:02:37.024481-03:00,RENDERUSDT,PREBREAK,1h,6,STRONG,1.531,1.536,closed,1.53,1.529,1.522,1.524,1.543,1.52,1.558,1.512,True,2026-07-16T01:02:38.591028-03:00,0.350120185509521,0.0932402875488391,False,-5.08e-05,,1.511,1.565,1.448,True
11603,2026-07-15T02:02:34.002949-03:00,PYTHUSDT,COILING,4h,6,STRONG,0.0492,0.0506,closed,0.0495,0.04921,0.04758,0.04931,0.04965,0.04733,0.04998,0.04667,True,2026-07-16T02:02:43.567338-03:00,0.0585240771896425,0.0612122420919707,False,2.772e-05,,0.04666,0.05242,0.04619,True
11602,2026-07-15T02:02:34.002949-03:00,RENDERUSDT,COILING,4h,6,STRONG,1.531,1.561,closed,1.524,1.535,1.529,1.522,1.543,1.519,1.558,1.512,True,2026-07-16T02:02:42.235739-03:00,0.350120185509521,0.0932402875488391,False,-5.08e-05,,1.505,1.565,1.448,True
11604,2026-07-15T02:02:34.002949-03:00,BCHUSDT,COILING,4h,3,STRONG,233.5,247.9,closed,234.9,235.2,236.6,222.5,238.3,233.0,238.3,220.2,True,2026-07-16T02:02:40.68236-03:00,0.0773869165982965,0.0294692944291833,False,-0.0002195,,221.9,238.3,209.8,True
11612,2026-07-15T03:02:41.59931-03:00,ATOMUSDT,PREBREAK,1h,7,WATCH,1.561,1.573,closed,1.561,1.557,1.563,1.561,1.572,1.554,1.594,1.54,True,2026-07-16T04:02:38.845889-03:00,0.263426025572115,0.161245985077635,False,-3.92e-05,,1.473,1.594,1.445,True
11613,2026-07-15T03:02:41.59931-03:00,METUSDT,BREAKOUT,4h,4,STRONG,0.1674,0.1554,closed,0.1677,0.1716,0.1644,0.1586,0.1725,0.1626,0.1725,0.1555,True,2026-07-16T04:02:40.041609-03:00,0.0271226357318938,-0.0456480218319179,True,5e-05,,0.1619,0.176,0.1276,True
11611,2026-07-15T03:02:41.59931-03:00,OPNUSDT,PREBREAK,1h,12,WATCH,0.0624,0.0627,closed,0.0629,0.0634,0.0643,0.0655,0.0646,0.0623,0.0664,0.0623,True,2026-07-16T03:02:41.612755-03:00,0.0906842281321537,0.0134233395218421,False,5e-05,,0.0695,0.0733,0.0595,True
11624,2026-07-15T04:02:32.539755-03:00,TRUMPUSDT,PREBREAK,1h,6,STRONG,1.566,1.579,closed,1.564,1.566,1.562,1.572,1.57,1.555,1.607,1.555,True,2026-07-16T04:02:41.44235-03:00,0.190484782432789,-0.046558058555176,False,2.488e-05,,1.588,1.711,1.503,True
11625,2026-07-15T04:02:32.539755-03:00,ZROUSDT,PREBREAK,1h,3,STRONG,0.873,0.88,closed,0.869,0.855,0.858,0.816,0.875,0.839,0.885,0.81,True,2026-07-16T04:02:42.868-03:00,-0.0374654083099998,0.121318878138432,False,5e-05,,0.796,0.885,0.756,True
11633,2026-07-15T05:02:34.338773-03:00,0GUSDT,BREAKOUT,4h,13,BEST,0.192,0.19,closed,0.193,0.188,0.209,0.187,0.21,0.186,0.217,0.186,True,2026-07-16T05:02:38.528417-03:00,0.513490173644583,0.0236642097374287,False,-0.00028082,,0.181,0.217,0.166,True
11634,2026-07-15T05:02:34.338773-03:00,BTCUSDT,COILING,4h,9,WATCH,64549.34,65100.0,closed,64629.23,64772.15,64732.04,64240.0,64917.94,64560.03,65600.0,64086.12,True,2026-07-16T05:02:40.174035-03:00,0.329626549396479,0.0256086230429982,True,0.0001,,65987.96,66956.15,62537.56,True
11637,2026-07-15T05:02:34.338773-03:00,ASTERUSDT,COILING,4h,6,WATCH,0.638,0.642,closed,0.64,0.64,0.635,0.628,0.64,0.634,0.64,0.626,True,2026-07-16T05:02:43.990392-03:00,0.198719347664442,0.0288800876778525,True,5e-05,,0.624,0.64,0.608,True
11636,2026-07-15T05:02:34.338773-03:00,PENGUUSDT,COILING,4h,6,STRONG,0.006123,0.006124,closed,0.006153,0.006198,0.006156,0.006061,0.0062,0.006103,0.006304,0.006,True,2026-07-16T05:02:42.224764-03:00,0.152222618421323,0.0375562767630132,False,5e-05,,0.006293,0.00647,0.005787,True
11635,2026-07-15T05:02:34.338773-03:00,PENDLEUSDT,COILING,4h,7,STRONG,1.535,1.596,closed,1.534,1.544,1.576,1.601,1.592,1.53,1.655,1.53,True,2026-07-16T05:02:36.810947-03:00,0.464973627339434,0.104538296095288,False,-2.082e-05,,1.586,1.679,1.5,True
11648,2026-07-15T06:02:36.554616-03:00,SOLUSDT,COILING,4h,4,WATCH,77.42,78.2,closed,77.82,77.57,78.63,76.2,78.63,77.23,79.04,75.64,True,2026-07-16T06:02:41.288668-03:00,0.0899041573527223,0.0565911918934748,False,2.48e-05,,77.47,79.04,73.39,True
11651,2026-07-15T06:02:36.554616-03:00,PSGUSDT,COILING,4h,4,STRONG,0.535,0.55,closed,0.539,0.539,0.535,0.544,0.541,0.532,0.548,0.529,True,2026-07-16T06:02:43.044557-03:00,0.148696294045183,0.0433970568798873,False,,,0.525,0.575,0.515,True
11649,2026-07-15T06:02:36.554616-03:00,SHIBUSDT,COILING,4h,4,WATCH,4.25e-06,4.32e-06,closed,4.25e-06,4.25e-06,4.34e-06,4.16e-06,4.35e-06,4.24e-06,4.35e-06,4.14e-06,True,2026-07-16T06:02:45.869245-03:00,0.488826388348043,0.0848195388641264,False,0.0001,,4.24e-06,4.35e-06,4.06e-06,True
11647,2026-07-15T06:02:36.554616-03:00,ARUSDT,COILING,4h,5,STRONG,1.99,2.015,closed,1.993,1.984,2.025,1.985,2.026,1.975,2.028,1.961,True,2026-07-16T06:02:47.237814-03:00,2.80308554957416,0.059293732440703,False,0.0001,,1.891,2.028,1.834,True
11650,2026-07-15T06:02:36.554616-03:00,ATOMUSDT,COILING,4h,4,WATCH,1.559,1.591,closed,1.564,1.563,1.593,1.536,1.594,1.56,1.594,1.528,True,2026-07-16T06:02:44.435863-03:00,0.228460726795372,0.131364421656554,False,-1.3e-06,,1.47,1.594,1.445,True
11660,2026-07-15T07:02:32.067585-03:00,STOUSDT,COILING,4h,2,STRONG,0.0439,0.0454,closed,0.0444,0.0442,0.0441,0.0435,0.0448,0.044,0.0448,0.0431,True,2026-07-16T07:02:41.954232-03:00,0.0606444841975526,0.0649622241989675,False,5e-05,,0.0412,0.0446,0.0404,True
11659,2026-07-15T07:02:32.067585-03:00,PYTHUSDT,COILING,4h,3,STRONG,0.04782,0.0506,closed,0.04759,0.04776,0.04717,0.05064,0.04812,0.04672,0.05114,0.04667,True,2026-07-16T07:02:38.407049-03:00,0.0533164618539035,0.045124906342302,False,3.397e-05,,0.04832,0.05242,0.04619,True
11658,2026-07-15T07:02:32.067585-03:00,PLUMEUSDT,PREBREAK,1h,6,STRONG,0.00995,0.01003,closed,0.00994,0.00993,0.01011,0.01041,0.0102,0.00988,0.01064,0.00988,True,2026-07-16T07:02:40.168138-03:00,2.49716245433425,-0.063317660971705,False,5e-05,,0.01164,0.0118,0.00992,True
11665,2026-07-15T08:02:36.322252-03:00,LINKUSDT,PREBREAK,1h,11,WATCH,8.332,8.412,closed,8.363,8.422,8.555,8.438,8.633,8.332,8.633,8.332,True,2026-07-16T09:02:38.119338-03:00,2.75143038448395,-0.0360033947314919,True,0.0001,,8.641,8.761,8.006,True
11666,2026-07-15T08:02:36.322252-03:00,ATOMUSDT,PREBREAK,1h,9,WATCH,1.566,1.573,closed,1.572,1.579,1.578,1.536,1.594,1.567,1.594,1.528,True,2026-07-16T09:02:39.861362-03:00,0.228460726795372,0.131364421656554,False,-1.3e-06,,1.467,1.594,1.445,True
11676,2026-07-15T09:02:41.280291-03:00,TIAUSDT,BREAKOUT,4h,13,BEST,0.4204,0.4164,closed,0.4178,0.4223,0.4121,0.4011,0.4238,0.4109,0.4238,0.399,True,2026-07-16T09:02:44.732776-03:00,0.143861661782206,0.0382525626344134,True,5e-05,,0.3619,0.4238,0.351,True
11675,2026-07-15T09:02:41.280291-03:00,VIRTUALUSDT,BREAKOUT,4h,13,BEST,0.6098,0.5969,closed,0.6095,0.62,0.6078,0.6389,0.6261,0.6025,0.6404,0.6025,True,2026-07-16T09:02:46.428953-03:00,0.694791661021961,0.0387281679598878,False,-0.00011337,,0.6566,0.6815,0.5954,True
11677,2026-07-15T09:02:41.280291-03:00,INJUSDT,PREBREAK,1h,9,STRONG,5.051,5.075,closed,5.099,5.179,5.146,5.017,5.217,5.054,5.236,5.012,True,2026-07-16T09:02:48.123721-03:00,0.552396599451681,0.0121839237601999,False,-4.38e-06,,5.217,5.49,4.82,True
11674,2026-07-15T09:02:41.280291-03:00,LINKUSDT,BREAKOUT,4h,15,WATCH,8.423,8.406,closed,8.432,8.614,8.542,8.443,8.633,8.402,8.633,8.399,True,2026-07-16T09:02:43.011945-03:00,2.1934076471607,-0.0392706095822437,True,0.0001,,8.607,8.761,8.006,True
11673,2026-07-15T09:02:41.280291-03:00,KAITOUSDT,HOLD,4h,15,BEST,0.8093,0.7635,closed,0.7901,0.7802,0.754,0.7083,0.8139,0.7161,0.8139,0.705,True,2026-07-16T09:02:41.370461-03:00,0.474706235839943,0.0258929871926995,True,-5.73e-05,,0.9722,1.03,0.7022,True
11684,2026-07-15T10:02:36.92127-03:00,ZECUSDT,BREAKOUT,4h,15,BEST,575.9,570.0,closed,582.26,581.64,572.82,551.18,585.92,568.08,585.92,542.39,True,2026-07-16T11:02:40.021275-03:00,0.756586606292974,0.00999682659640486,True,7.473e-05,,516.82,583.72,510.72,True
11685,2026-07-15T10:02:36.92127-03:00,PEPEUSDT,PREBREAK,1h,11,BEST,2.84e-06,2.84e-06,closed,2.84e-06,2.89e-06,2.79e-06,2.73e-06,2.95e-06,2.75e-06,2.95e-06,2.69e-06,True,2026-07-16T10:02:42.043899-03:00,0.0811341870265225,0.0599507449888979,False,-0.00024781,,2.87e-06,2.98e-06,2.66e-06,True
11686,2026-07-15T10:02:36.92127-03:00,0GUSDT,BREAKOUT,4h,10,STRONG,0.2,0.189,closed,0.203,0.198,0.197,0.185,0.209,0.193,0.209,0.184,True,2026-07-16T10:02:40.36469-03:00,0.638505711781198,0.0216727583624021,True,-0.000932,,0.182,0.201,0.166,True
11688,2026-07-15T10:02:36.92127-03:00,ZENUSDT,COILING,4h,6,STRONG,4.284,4.312,closed,4.464,4.396,4.339,4.233,4.499,4.313,4.499,4.222,True,2026-07-16T11:02:41.68546-03:00,0.606468343399775,0.0759115010517812,True,0.0001,,4.173,4.42,4.089,True
11687,2026-07-15T10:02:36.92127-03:00,FETUSDT,PREBREAK,1h,7,STRONG,0.1633,0.1633,closed,0.1637,0.1626,0.1612,0.1583,0.1645,0.1602,0.1645,0.1574,True,2026-07-16T10:02:38.536079-03:00,0.13325960981743,-0.0108049382212639,False,5.68e-06,,0.1553,0.1632,0.1502,True
11697,2026-07-15T11:02:41.626594-03:00,BTCUSDT,PREBREAK,1h,11,WATCH,65117.99,65277.37,closed,65290.52,65317.95,64999.99,64428.0,65600.0,64784.83,65600.0,63838.28,True,2026-07-16T11:02:46.927377-03:00,0.359107268931614,0.036228279856596,True,0.0001,,65770.67,66956.15,62537.56,True
11700,2026-07-15T11:02:41.626594-03:00,ENAUSDT,PREBREAK,1h,9,STRONG,0.0849,0.085,closed,0.0847,0.084,0.0845,0.0848,0.0851,0.0835,0.0851,0.0816,True,2026-07-16T11:02:43.047109-03:00,0.264277406310278,-0.0289299774735562,False,5e-05,,0.0879,0.0903,0.0784,True
11699,2026-07-15T11:02:41.626594-03:00,SOLUSDT,PREBREAK,1h,9,WATCH,78.11,78.7,closed,78.15,78.06,77.9,76.46,78.39,77.07,78.39,75.64,True,2026-07-16T11:02:48.398569-03:00,0.23555068671559,0.0656751145994414,False,2.48e-05,,77.79,78.88,73.39,True
11696,2026-07-15T11:02:41.626594-03:00,ENSOUSDT,BREAKOUT,4h,13,BEST,0.734,0.722,closed,0.738,0.743,0.748,0.735,0.761,0.735,0.761,0.718,True,2026-07-16T11:02:45.717109-03:00,0.10184836708761,-0.0346661976294696,True,5e-05,,0.74,0.761,0.689,True
11698,2026-07-15T11:02:41.626594-03:00,SUIUSDT,PREBREAK,1h,11,BEST,0.7603,0.7649,closed,0.7625,0.7589,0.7525,0.752,0.7629,0.7443,0.7658,0.733,True,2026-07-16T11:02:44.391359-03:00,14.6247508420246,0.0287511885736082,False,0.0001,,0.767,0.7783,0.7214,True
11716,2026-07-15T12:02:36.66437-03:00,ONDOUSDT,COILING,4h,4,STRONG,0.3231,0.3288,closed,0.3342,0.3333,0.3352,0.3857,0.3369,0.3271,0.3947,0.3271,True,2026-07-16T13:02:37.385953-03:00,0.0775239270018819,0.0265120530172558,False,5e-05,,0.4137,0.4227,0.3271,True
11714,2026-07-15T12:02:36.66437-03:00,SPKUSDT,PREBREAK,1h,5,STRONG,0.017494,0.017585,closed,0.017476,0.017481,0.017407,0.017548,0.017541,0.017309,0.018483,0.017309,True,2026-07-16T12:02:40.998782-03:00,-0.0236989502703823,-0.0870695700891213,False,5e-05,,0.017451,0.018483,0.016544,True
11712,2026-07-15T12:02:36.66437-03:00,TNSRUSDT,COILING,4h,7,STRONG,0.0331,0.0333,closed,0.0331,0.0333,0.033,0.0326,0.034,0.0329,0.034,0.0322,True,2026-07-16T12:02:37.365049-03:00,0.14197886238013,0.0562725940596144,True,-0.00035209,,0.0319,0.034,0.0311,True
11713,2026-07-15T12:02:36.66437-03:00,ATOMUSDT,COILING,4h,6,WATCH,1.575,1.591,closed,1.571,1.574,1.562,1.528,1.593,1.559,1.593,1.525,True,2026-07-16T12:02:39.101429-03:00,0.432923013192142,0.168891628467857,False,-1.3e-06,,1.471,1.593,1.445,True
11715,2026-07-15T12:02:36.66437-03:00,XLMUSDT,COILING,4h,5,STRONG,0.1858,0.1915,closed,0.1874,0.185,0.1869,0.1903,0.1897,0.1848,0.1928,0.1848,True,2026-07-16T12:02:43.248544-03:00,0.0667913500175266,0.150813307060553,False,6.667e-05,,0.1897,0.1964,0.1817,True
11730,2026-07-15T13:02:40.724101-03:00,XRPUSDT,BREAKOUT,4h,13,WATCH,1.1263,1.121,closed,1.1183,1.1141,1.11,1.1132,1.1261,1.1079,1.1261,1.0996,True,2026-07-16T13:02:41.270611-03:00,1.50930308359863,-0.0530636986702483,True,2.785e-05,,1.1534,1.1646,1.0698,True
11732,2026-07-15T13:02:40.724101-03:00,TNSRUSDT,BREAKOUT,4h,12,BEST,0.0336,0.0333,closed,0.0331,0.0333,0.0331,0.0326,0.034,0.0328,0.034,0.0322,True,2026-07-16T13:02:44.722325-03:00,0.157327730939268,0.0538358624710385,True,-0.00010219,,0.0321,0.034,0.0311,True
11729,2026-07-15T13:02:40.724101-03:00,PUMPUSDT,HOLD,4h,13,BEST,0.001665,0.001533,closed,0.001671,0.00168,0.001671,0.001717,0.001697,0.001653,0.001784,0.001595,True,2026-07-16T14:02:48.021633-03:00,1.10384719682758,0.0423514716556998,True,5e-05,,0.001928,0.002097,0.001595,True
11731,2026-07-15T13:02:40.724101-03:00,ETHFIUSDT,BREAKOUT,4h,13,BEST,0.437,0.431,closed,0.431,0.432,0.442,0.43,0.448,0.426,0.452,0.426,True,2026-07-16T13:02:43.052079-03:00,0.145244999648709,0.0333253600268411,False,5e-05,,0.4636,0.4819,0.409,True
11733,2026-07-15T13:02:40.724101-03:00,ENSOUSDT,HOLD,4h,11,BEST,0.759,0.722,closed,0.756,0.751,0.749,0.734,0.76,0.741,0.76,0.718,True,2026-07-16T13:02:46.522315-03:00,0.225536756115128,0.0107355635880389,True,5e-05,,0.744,0.76,0.689,True
11740,2026-07-15T14:02:39.127896-03:00,WBTCUSDT,PREBREAK,1h,9,WATCH,65106.68,65580.79,closed,65034.64,65020.62,64967.07,64382.34,65188.45,64735.97,65188.45,63861.58,True,2026-07-16T14:02:56.436901-03:00,0.203484212843302,-0.0671382732544103,True,,,65977.74,66883.45,62517.18,True
11742,2026-07-15T14:02:39.127896-03:00,SUIUSDT,COILING,4h,7,STRONG,0.7596,0.7677,closed,0.75,0.7525,0.7524,0.7497,0.7554,0.7474,0.7658,0.733,True,2026-07-16T14:02:53.392375-03:00,1.62543476760527,0.0391882887408207,False,6.894e-05,,0.7703,0.7796,0.7214,True
11743,2026-07-15T14:02:39.127896-03:00,AVAXUSDT,COILING,4h,7,STRONG,6.728,6.757,closed,6.708,6.722,6.708,6.593,6.749,6.687,6.749,6.513,True,2026-07-16T14:02:51.829546-03:00,0.67601748586486,0.0407145720951044,True,8.998e-05,,6.609,6.749,6.373,True
11741,2026-07-15T14:02:39.127896-03:00,PEPEUSDT,COILING,4h,7,STRONG,2.86e-06,2.91e-06,closed,2.79e-06,2.79e-06,2.8e-06,2.74e-06,2.82e-06,2.77e-06,2.82e-06,2.69e-06,True,2026-07-16T14:02:54.9889-03:00,0.384991974868666,0.0576159424099874,False,0.0001,,2.89e-06,2.98e-06,2.66e-06,True
11744,2026-07-15T14:02:39.127896-03:00,DASHUSDT,COILING,4h,7,STRONG,34.87,35.21,closed,34.77,34.92,34.66,33.79,35.05,34.37,35.1,33.46,True,2026-07-16T14:02:50.082534-03:00,0.386203960241992,0.0665868468906622,False,0.0001,,33.7,35.2,33.04,True
11753,2026-07-15T15:02:37.241486-03:00,PENGUUSDT,COILING,4h,6,STRONG,0.006206,0.006268,closed,0.006188,0.006166,0.006206,0.006265,0.006211,0.006113,0.00639,0.005998,True,2026-07-16T15:02:41.92956-03:00,0.490791217926302,0.0334236781875445,False,5e-05,,0.006304,0.00647,0.005787,True
11755,2026-07-15T15:02:37.241486-03:00,ADAUSDT,COILING,4h,5,STRONG,0.1657,0.1682,closed,0.1653,0.1641,0.1648,0.1625,0.1655,0.1631,0.1664,0.1611,True,2026-07-16T15:02:43.793464-03:00,0.919999406912036,0.0432235131671732,False,-1.711e-05,,0.1758,0.1808,0.1578,True
11754,2026-07-15T15:02:37.241486-03:00,SHIBUSDT,COILING,4h,6,WATCH,4.28e-06,4.3e-06,closed,4.24e-06,4.23e-06,4.24e-06,4.15e-06,4.25e-06,4.21e-06,4.26e-06,4.13e-06,True,2026-07-16T15:02:45.822526-03:00,0.312375028037671,0.0916598251044644,False,8.33e-05,,4.26e-06,4.31e-06,4.06e-06,True
11752,2026-07-15T15:02:37.241486-03:00,SOLUSDT,COILING,4h,6,WATCH,78.07,78.7,closed,77.99,77.62,77.49,75.62,78.09,76.94,78.09,75.39,True,2026-07-16T15:02:37.723226-03:00,0.359756723125092,0.0693451197918908,False,-6.87e-06,,77.74,78.88,73.39,True
11751,2026-07-15T15:02:37.241486-03:00,MORPHOUSDT,COILING,4h,7,STRONG,2.069,2.079,closed,2.07,2.043,2.011,1.996,2.077,2.007,2.16,1.987,True,2026-07-16T15:02:39.778196-03:00,0.0808389077544787,0.0324546431844963,False,5e-05,,1.952,2.16,1.792,True
11762,2026-07-15T16:02:38.10974-03:00,TRUMPUSDT,PREBREAK,1h,11,BEST,1.584,1.59,closed,1.586,1.589,1.585,1.561,1.594,1.573,1.597,1.547,True,2026-07-16T16:02:40.240649-03:00,0.524600024490096,-0.0394709282577134,False,5e-05,,1.611,1.711,1.503,True
11766,2026-07-15T16:02:38.10974-03:00,RENDERUSDT,COILING,4h,4,STRONG,1.535,1.558,closed,1.529,1.527,1.526,1.499,1.537,1.523,1.54,1.494,True,2026-07-16T17:02:45.544687-03:00,0.501209226635879,0.0693462559925543,False,2.136e-05,,1.519,1.565,1.448,True
11763,2026-07-15T16:02:38.10974-03:00,OPUSDT,COILING,4h,6,STRONG,0.1029,0.1032,closed,0.1026,0.1024,0.1025,0.0996,0.1036,0.1019,0.1036,0.0988,True,2026-07-16T16:02:38.528601-03:00,0.298065664833105,0.0438222434484243,False,0.0001,,0.0982,0.1036,0.0919,True
11764,2026-07-15T16:02:38.10974-03:00,ALGOUSDT,COILING,4h,6,STRONG,0.0856,0.0861,closed,0.0844,0.0841,0.0848,0.0832,0.0851,0.0839,0.0858,0.0826,True,2026-07-16T17:02:47.017214-03:00,0.251198884422632,0.0410546687460215,False,7.176e-05,,0.0835,0.0858,0.0813,True
11765,2026-07-15T16:02:38.10974-03:00,BCHUSDT,COILING,4h,4,STRONG,234.6,247.2,closed,228.6,227.6,226.8,222.0,229.5,226.0,229.5,219.4,True,2026-07-16T16:02:42.377378-03:00,0.254143297728516,0.0561856901011546,False,-0.00016757,,219.6,229.5,209.8,True
11776,2026-07-15T17:02:42.276155-03:00,BTCUSDT,COILING,4h,8,WATCH,64977.34,65277.37,closed,64996.1,64989.99,64825.1,64259.99,65055.39,64691.89,65055.39,63838.28,True,2026-07-16T17:02:55.085038-03:00,0.777713728208893,0.0314269243477428,True,4.457e-05,,65919.68,66956.15,62537.56,True
11777,2026-07-15T17:02:42.276155-03:00,FILUSDT,COILING,4h,7,STRONG,0.788,0.793,closed,0.792,0.793,0.791,0.777,0.796,0.788,0.796,0.77,True,2026-07-16T17:02:53.568181-03:00,3.06729369311039,0.067661119810659,False,0.0001,,0.7649,0.795,0.701,True
11774,2026-07-15T17:02:42.276155-03:00,BANKUSDT,HOLD,4h,12,BEST,0.0523,0.044,closed,0.0521,0.054,0.0522,0.0608,0.0543,0.0502,0.063,0.0502,True,2026-07-16T17:02:51.911658-03:00,1.28848966848905,0.0976671990717077,True,0.00027379,,0.2225,0.3393,0.0471,True
11773,2026-07-15T17:02:42.276155-03:00,VIRTUALUSDT,HOLD,4h,15,BEST,0.6278,0.605,closed,0.6261,0.6257,0.6151,0.6445,0.6293,0.6124,0.6648,0.608,True,2026-07-16T17:02:48.588868-03:00,0.77336459028619,0.0585627184486228,True,3.22e-06,,0.6303,0.6815,0.5954,True
11775,2026-07-15T17:02:42.276155-03:00,HOMEUSDT,BREAKOUT,4h,8,WATCH,0.0148,0.01424,closed,0.01636,0.01531,0.01783,0.01122,0.01843,0.0144,0.01843,0.01093,True,2026-07-16T17:02:50.36316-03:00,0.148522054489481,0.0147229822835259,False,-0.00014838,,0.00637,0.01843,0.00608,True
11789,2026-07-15T18:02:35.191063-03:00,ARUSDT,COILING,4h,3,STRONG,1.984,2.065,closed,1.994,2.001,1.984,1.981,2.001,1.982,2.007,1.961,True,2026-07-16T18:02:41.595076-03:00,3.64794766054534,0.0490703686855,False,1.627e-05,,1.901,2.007,1.834,True
11788,2026-07-15T18:02:35.191063-03:00,XLMUSDT,COILING,4h,4,STRONG,0.1863,0.1895,closed,0.1873,0.1898,0.1882,0.1903,0.19,0.1869,0.193,0.1861,True,2026-07-16T18:02:43.204524-03:00,0.377331006590551,0.0903506580446645,False,0.0001,,0.1884,0.1964,0.1817,True
11787,2026-07-15T18:02:35.191063-03:00,MEUSDT,COILING,4h,5,STRONG,0.06599,0.06684,closed,0.0666,0.06618,0.06599,0.06591,0.06667,0.0654,0.06831,0.0654,True,2026-07-16T18:02:44.94693-03:00,0.0508312122952456,0.043873933968041,False,5e-05,,0.06366,0.07034,0.06012,True
11786,2026-07-15T18:02:35.191063-03:00,ATOMUSDT,COILING,4h,5,WATCH,1.556,1.584,closed,1.56,1.559,1.546,1.53,1.567,1.546,1.569,1.512,True,2026-07-16T18:02:39.495507-03:00,0.44332219924311,0.211257830207187,False,-3.538e-05,,1.466,1.569,1.445,True
11793,2026-07-15T19:02:37.94182-03:00,LDOUSDT,BREAKOUT,4h,11,BEST,0.3512,0.3397,closed,0.3575,0.3603,0.3611,0.3697,0.3652,0.3556,0.3821,0.3556,True,2026-07-16T19:02:53.077746-03:00,0.305851053418404,-0.00932459187456752,True,0.0001,,0.3982,0.4085,0.3494,True
11794,2026-07-15T19:02:37.94182-03:00,SUIUSDT,COILING,4h,6,STRONG,0.7494,0.7677,closed,0.7536,0.7574,0.7527,0.7514,0.7616,0.7461,0.7658,0.733,True,2026-07-16T19:02:54.922752-03:00,5.65268654189816,0.034233104924598,False,6.894e-05,,0.7651,0.7796,0.7214,True
11795,2026-07-15T19:02:37.94182-03:00,PEPEUSDT,COILING,4h,5,STRONG,2.79e-06,2.91e-06,closed,2.79e-06,2.79e-06,2.79e-06,2.75e-06,2.81e-06,2.76e-06,2.81e-06,2.69e-06,True,2026-07-16T19:02:56.655628-03:00,0.387658530178327,0.0442288807827248,False,0.0001,,2.88e-06,2.98e-06,2.66e-06,True
11796,2026-07-15T19:02:37.94182-03:00,DASHUSDT,COILING,4h,4,STRONG,34.52,35.21,closed,34.85,34.74,34.39,33.85,35.1,34.17,35.1,33.46,True,2026-07-16T19:02:58.438938-03:00,0.334239090730924,0.0682580740983643,False,0.0001,,33.54,35.2,33.04,True
11804,2026-07-15T20:02:35.501388-03:00,PENGUUSDT,COILING,4h,4,STRONG,0.006122,0.006268,closed,0.006257,0.006266,0.006235,0.006118,0.006292,0.006158,0.00639,0.005998,True,2026-07-16T20:02:37.894168-03:00,0.348811288356448,0.0257664284935971,False,4.649e-05,,0.006289,0.00647,0.005787,True
11801,2026-07-15T20:02:35.501388-03:00,HBARUSDT,PREBREAK,1h,8,WATCH,0.06802,0.0684,closed,0.06818,0.06809,0.06777,0.06657,0.0683,0.0674,0.0683,0.06643,True,2026-07-16T20:02:35.568058-03:00,1.50687411745055,-0.0303325599084617,False,-2.465e-05,,0.07288,0.07419,0.06534,True
11803,2026-07-15T20:02:35.501388-03:00,ADAUSDT,COILING,4h,4,STRONG,0.1637,0.1682,closed,0.1661,0.1652,0.1662,0.161,0.1664,0.1639,0.1664,0.1605,True,2026-07-16T20:02:39.965686-03:00,0.322864276979702,0.0400793211363715,False,-1.711e-05,,0.1745,0.1808,0.1578,True
11802,2026-07-15T20:02:35.501388-03:00,SOLUSDT,COILING,4h,4,WATCH,77.18,78.7,closed,77.54,77.37,77.15,75.37,77.61,76.7,77.64,75.24,True,2026-07-16T21:02:33.709302-03:00,0.365595959790307,0.0779969520164124,False,-6.87e-06,,77.97,78.88,73.39,True
11805,2026-07-15T20:02:35.501388-03:00,SHIBUSDT,COILING,4h,4,WATCH,4.21e-06,4.3e-06,closed,4.25e-06,4.24e-06,4.23e-06,4.14e-06,4.26e-06,4.2e-06,4.26e-06,4.13e-06,True,2026-07-16T20:02:41.895708-03:00,0.336797764088852,0.06834068399244,False,8.33e-05,,4.25e-06,4.31e-06,4.06e-06,True
11813,2026-07-15T21:02:35.923485-03:00,ORDIUSDT,BREAKOUT,4h,14,BEST,3.696,3.667,closed,3.679,3.703,3.656,3.497,3.759,3.628,3.777,3.487,True,2026-07-16T21:02:37.133371-03:00,0.423033201799472,-0.00251139935283488,True,5e-05,,3.571,3.777,3.425,True
11814,2026-07-15T21:02:35.923485-03:00,ONDOUSDT,HOLD,4h,11,BEST,0.3651,0.328,closed,0.3678,0.3593,0.368,0.3638,0.3732,0.358,0.3947,0.358,True,2026-07-16T21:02:38.831042-03:00,1.62196008214096,0.0196876853078033,True,-8.226e-05,,0.4126,0.4227,0.3377,True
11816,2026-07-15T21:02:35.923485-03:00,HOMEUSDT,HOLD,4h,10,WATCH,0.01813,0.01422,closed,0.01697,0.01676,0.01556,0.01006,0.01817,0.0155,0.01817,0.00987,True,2026-07-16T21:02:40.553541-03:00,0.926798031369302,0.00122565556046451,True,-0.00290792,,0.00635,0.01683,0.00608,True
11817,2026-07-15T21:02:35.923485-03:00,PLUMEUSDT,BREAKOUT,4h,10,STRONG,0.0105,0.01024,closed,0.01046,0.01032,0.01037,0.01031,0.01056,0.01024,0.01104,0.01024,True,2026-07-16T21:02:42.237416-03:00,1.26994144721153,-0.051231116596507,False,5.89e-06,,0.01139,0.01188,0.01006,True
11815,2026-07-15T21:02:35.923485-03:00,LDOUSDT,HOLD,4h,11,BEST,0.3588,0.3397,closed,0.3583,0.3638,0.3672,0.3656,0.3697,0.3558,0.3821,0.3558,True,2026-07-16T22:02:39.22559-03:00,0.464673317332421,-0.0226370133571543,True,0.0001,,0.4021,0.4085,0.3494,True
11825,2026-07-15T22:02:32.10405-03:00,LTCUSDT,COILING,4h,7,WATCH,45.18,46.1,closed,45.03,45.19,45.27,45.32,45.34,44.96,45.42,44.35,True,2026-07-16T22:02:43.032898-03:00,0.254999459421762,0.0922787642093855,False,-5.364e-05,,47.21,48.15,44.09,True
11824,2026-07-15T22:02:32.10405-03:00,ALGOUSDT,PREBREAK,1h,8,STRONG,0.0853,0.0861,closed,0.0854,0.0852,0.0845,0.0827,0.0858,0.0842,0.0858,0.0815,True,2026-07-16T22:02:40.982076-03:00,0.198199924836627,0.0793865945797833,False,-7.652e-05,,0.0845,0.0854,0.0813,True
11833,2026-07-15T23:02:38.718446-03:00,ONDOUSDT,BREAKOUT,4h,12,BEST,0.3651,0.341,closed,0.3651,0.3705,0.3708,0.3647,0.3774,0.3607,0.3947,0.3598,True,2026-07-17T00:02:34.669724-03:00,1.62196008214096,0.0196876853078033,True,-8.226e-05,,0.4071,0.4227,0.3377,True
11834,2026-07-15T23:02:38.718446-03:00,XLMUSDT,COILING,4h,4,STRONG,0.1884,0.1923,closed,0.1876,0.1889,0.1889,0.1835,0.1902,0.1868,0.193,0.1829,True,2026-07-17T00:02:33.226501-03:00,0.415499326315849,0.0662018540995724,False,0.0001,,0.1867,0.1964,0.1817,True
11835,2026-07-15T23:02:38.718446-03:00,ALGOUSDT,COILING,4h,4,STRONG,0.085,0.0861,closed,0.0847,0.0846,0.0843,0.082,0.0854,0.0841,0.0854,0.0815,True,2026-07-16T23:02:39.268962-03:00,0.198199924836627,0.0793865945797833,False,-7.652e-05,,0.0847,0.0853,0.0813,True
11836,2026-07-15T23:02:38.718446-03:00,MEUSDT,COILING,4h,3,STRONG,0.0659,0.06902,closed,0.06758,0.06772,0.06769,0.06462,0.06821,0.06708,0.06831,0.0642,True,2026-07-17T00:02:31.846861-03:00,0.0465883458476106,0.0420056975588266,False,-3.05e-06,,0.06315,0.07034,0.06012,True
11850,2026-07-16T01:02:36.144926-03:00,EPICUSDT,HOLD,4h,8,WATCH,0.443,0.424,closed,0.442,0.437,0.43,0.439,0.447,0.419,0.459,0.419,True,2026-07-17T01:02:42.675021-03:00,1.69825106511295,-0.0243274001872595,False,5e-05,,0.5974,0.6375,0.419,True
11848,2026-07-16T01:02:36.144926-03:00,SYRUPUSDT,BREAKOUT,4h,11,BEST,0.1985,0.1973,closed,0.2003,0.1998,0.196,0.179,0.2039,0.1957,0.2039,0.179,True,2026-07-17T01:02:38.205291-03:00,0.0129519101755755,0.0668701746856326,True,5e-05,,0.1795,0.2039,0.1761,True
11852,2026-07-16T01:02:36.144926-03:00,OPUSDT,COILING,4h,4,STRONG,0.1023,0.1046,closed,0.1024,0.1024,0.1013,0.098,0.1031,0.1006,0.1031,0.0973,True,2026-07-17T01:02:39.628769-03:00,0.288212055047307,0.0592997857070674,False,0.0001,,0.0963,0.1031,0.0919,True
11851,2026-07-16T01:02:36.144926-03:00,SEIUSDT,COILING,4h,6,STRONG,0.04871,0.04927,closed,0.04859,0.04878,0.048,0.04706,0.04914,0.04787,0.04914,0.04687,True,2026-07-17T01:02:41.008393-03:00,1.0102283860136,0.0267395234199301,False,9.926e-05,,0.04614,0.04914,0.04532,True
11849,2026-07-16T01:02:36.144926-03:00,LINKUSDT,HOLD,4h,9,WATCH,8.531,8.437,closed,8.541,8.56,8.514,8.271,8.57,8.465,8.57,8.256,True,2026-07-17T01:02:36.321556-03:00,0.662244905256507,-0.0317035341984172,False,7.162e-05,,8.581,8.761,8.006,True
11862,2026-07-16T02:02:39.374506-03:00,PYTHUSDT,COILING,4h,4,STRONG,0.0493,0.0506,closed,0.04977,0.05,0.05044,0.05017,0.05114,0.04931,0.05242,0.04931,True,2026-07-17T03:02:38.442922-03:00,0.0248553161046862,0.0266777890961806,False,5e-05,,0.04773,0.05242,0.04619,True
11863,2026-07-16T02:02:39.374506-03:00,ATOMUSDT,COILING,4h,4,WATCH,1.551,1.594,closed,1.559,1.561,1.536,1.505,1.569,1.528,1.569,1.5,True,2026-07-17T03:02:39.829643-03:00,0.151377111738412,0.183849976405388,False,-3.897e-05,,1.452,1.569,1.445,True
11861,2026-07-16T02:02:39.374506-03:00,BANKUSDT,HOLD,4h,11,BEST,0.0553,0.044,closed,0.0553,0.055,0.0555,0.0628,0.0566,0.0529,0.0645,0.0529,True,2026-07-17T03:02:41.07183-03:00,1.16472681681694,0.0689190891392747,True,5.253e-05,,0.245,0.3393,0.0471,True
11888,2026-07-16T05:02:35.937331-03:00,SPKUSDT,BREAKOUT,4h,9,STRONG,0.018303,0.017875,closed,0.018107,0.018134,0.017777,0.017027,0.018318,0.017678,0.018318,0.01687,True,2026-07-17T05:02:38.263739-03:00,0.388161345685683,-0.0108966370766863,True,5e-05,,0.017395,0.018318,0.016544,True
11889,2026-07-16T05:02:35.937331-03:00,XLMUSDT,COILING,4h,3,STRONG,0.1874,0.1923,closed,0.1871,0.1884,0.1922,0.183,0.1922,0.1861,0.193,0.1821,True,2026-07-17T05:02:39.484172-03:00,0.152488651387421,0.0541289587924483,False,0.0001,,0.1845,0.1964,0.1817,True
11890,2026-07-16T05:02:35.937331-03:00,CHIPUSDT,COILING,4h,2,STRONG,0.03091,0.03221,closed,0.03047,0.0306,0.03117,0.0297,0.03129,0.03026,0.03145,0.0295,True,2026-07-17T05:02:41.233859-03:00,0.0799609203968767,0.0515047728517313,False,5e-05,,0.03036,0.03207,0.02893,True
11913,2026-07-16T09:02:37.234099-03:00,VIRTUALUSDT,BREAKOUT,4h,13,BEST,0.6373,0.6358,closed,0.6391,0.6384,0.6568,0.6201,0.6623,0.6325,0.6648,0.61,True,2026-07-17T09:02:38.74023-03:00,0.372038372314176,0.0467329750446882,True,-9.592e-05,,0.6183,0.6815,0.5954,True
11915,2026-07-16T09:02:37.234099-03:00,SUIUSDT,COILING,4h,6,STRONG,0.7427,0.768,closed,0.7408,0.7402,0.7501,0.7359,0.755,0.7379,0.755,0.7227,True,2026-07-17T09:02:43.519422-03:00,1.98647331531212,0.0277663339675563,False,-2.021e-05,,0.7611,0.7796,0.7214,True
11916,2026-07-16T09:02:37.234099-03:00,PSGUSDT,COILING,4h,4,STRONG,0.543,0.55,closed,0.543,0.539,0.537,0.533,0.545,0.535,0.548,0.531,True,2026-07-17T09:02:40.047047-03:00,0.124054965148144,0.061169349252107,False,,,0.521,0.548,0.515,True
11914,2026-07-16T09:02:37.234099-03:00,ONDOUSDT,HOLD,4h,10,STRONG,0.3744,0.341,closed,0.3738,0.3839,0.3832,0.3808,0.3947,0.3719,0.3947,0.3598,True,2026-07-17T09:02:41.957802-03:00,16.3891377283168,0.0124419123021968,True,1.864e-05,,0.4032,0.4227,0.3377,True
11917,2026-07-16T09:02:37.234099-03:00,OPUSDT,COILING,4h,2,STRONG,0.0999,0.1046,closed,0.0997,0.0995,0.1002,0.0975,0.1011,0.0994,0.1011,0.0953,True,2026-07-17T10:02:36.774402-03:00,0.233956003464179,0.0412906658021289,False,6.879e-05,,0.0951,0.1011,0.0919,True
11922,2026-07-16T10:02:33.958005-03:00,IDUSDT,COILING,4h,4,STRONG,0.0357,0.0367,closed,0.0356,0.0355,0.0359,0.0338,0.0361,0.0351,0.0361,0.0337,True,2026-07-17T10:02:38.087077-03:00,0.0274273999548336,0.0673839929354454,False,-0.00024431,,0.0306,0.0361,0.0302,True
11921,2026-07-16T10:02:33.958005-03:00,XLMUSDT,COILING,4h,6,STRONG,0.1917,0.1923,closed,0.1898,0.1914,0.1914,0.1831,0.193,0.189,0.193,0.1819,True,2026-07-17T10:02:39.400821-03:00,0.228561201062277,0.0517942576521098,True,0.0001,,0.1818,0.1964,0.1817,True
11927,2026-07-16T11:02:38.750584-03:00,WIFUSDT,PREBREAK,1h,5,STRONG,0.1539,0.1545,closed,0.1544,0.1532,0.1523,0.1537,0.1561,0.152,0.1561,0.15,True,2026-07-17T12:02:36.588856-03:00,-0.0558090868332605,-0.0422791118429759,False,5e-05,,0.1506,0.1576,0.1486,True
11941,2026-07-16T13:02:36.473499-03:00,LTCUSDT,COILING,4h,6,WATCH,45.23,46.1,closed,45.22,45.24,45.21,44.83,45.34,44.95,45.91,44.09,True,2026-07-17T13:02:44.048469-03:00,0.127386284839108,0.0316872574444936,False,6.611e-05,,46.54,48.15,44.09,True
11940,2026-07-16T13:02:36.473499-03:00,CFGUSDT,BREAKOUT,4h,11,BEST,0.1936,0.189,closed,0.1919,0.193,0.1893,0.1789,0.1972,0.1888,0.1972,0.1744,True,2026-07-17T13:02:42.559031-03:00,0.565948973071941,0.0118081475917377,True,5e-05,,0.1828,0.1972,0.1615,True
11942,2026-07-16T13:02:36.473499-03:00,CHIPUSDT,COILING,4h,3,STRONG,0.03127,0.03221,closed,0.03116,0.03109,0.03073,0.03004,0.03128,0.03068,0.03128,0.02933,True,2026-07-17T13:02:45.671682-03:00,0.114527091211619,0.0444429568890223,False,5e-05,,0.02982,0.03207,0.02893,True
11950,2026-07-16T14:02:47.103984-03:00,PSGUSDT,COILING,4h,3,STRONG,0.537,0.55,closed,0.538,0.539,0.539,0.533,0.546,0.536,0.548,0.529,True,2026-07-17T15:03:12.013339-03:00,0.108249771129703,0.0785293073364822,False,,,0.52,0.548,0.515,True
11954,2026-07-16T15:02:36.975934-03:00,VIRTUALUSDT,BREAKOUT,4h,13,BEST,0.6567,0.6358,closed,0.6641,0.6443,0.6437,0.642,0.6646,0.6385,0.6646,0.61,True,2026-07-17T15:03:14.122823-03:00,0.617558236510157,0.0554703584214082,True,-3.989e-05,,0.6096,0.6815,0.5954,True
11958,2026-07-16T17:02:44.566274-03:00,PLUMEUSDT,HOLD,4h,13,BEST,0.01098,0.01024,closed,0.01094,0.01068,0.01031,0.0108,0.01104,0.01029,0.01111,0.01022,True,2026-07-17T18:02:39.994999-03:00,1.03026193762973,0.0288123694560306,True,5e-05,,0.0116,0.01188,0.01006,True
11959,2026-07-16T17:02:44.566274-03:00,JUVUSDT,COILING,4h,6,STRONG,0.34,0.361,closed,0.335,0.334,0.334,0.332,0.34,0.33,0.34,0.325,True,2026-07-17T18:02:38.502264-03:00,0.364715793978488,0.0264429209087043,False,,,0.322,0.338,0.318,True
11962,2026-07-16T18:02:38.387665-03:00,LUMIAUSDT,BREAKOUT,4h,11,WATCH,0.0836,0.0805,closed,0.0843,0.0844,0.0877,0.0845,0.0884,0.0828,0.1017,0.0816,True,2026-07-17T18:02:41.749382-03:00,2.2267004266607,0.0317596952937279,False,5e-05,,0.0668,0.1017,0.065,True
11968,2026-07-16T21:02:32.844164-03:00,GALAUSDT,COILING,4h,6,STRONG,0.00208,0.002098,closed,0.002089,0.002082,0.00206,0.002096,0.002106,0.002047,0.002227,0.00201,True,2026-07-17T21:02:33.840538-03:00,0.147380793423211,0.0299914240341356,True,3.759e-05,,0.001991,0.002227,0.001971,True
11969,2026-07-16T21:02:32.844164-03:00,OPUSDT,COILING,4h,2,STRONG,0.0987,0.1046,closed,0.0989,0.0992,0.098,0.0961,0.0992,0.0973,0.0992,0.095,True,2026-07-17T21:02:35.778378-03:00,0.18120198210649,0.0328608916988273,False,-4.953e-05,,0.0927,0.0992,0.0919,True
11986,2026-07-17T01:02:35.243933-03:00,LAUSDT,COILING,4h,4,STRONG,0.0553,0.0584,closed,0.0553,0.0552,0.0547,0.0508,0.0556,0.0545,0.0556,0.0507,True,2026-07-18T01:02:39.159365-03:00,0.710612218490601,0.0502734560707663,False,-0.00125317,,0.0682,0.0734,0.0485,True
11985,2026-07-17T01:02:35.243933-03:00,LUMIAUSDT,HOLD,4h,13,WATCH,0.0925,0.0805,closed,0.0936,0.0948,0.0995,0.0802,0.1017,0.0913,0.1017,0.0799,True,2026-07-18T01:02:40.803274-03:00,8.06119635483476,0.0457084676615135,False,5e-05,,0.0667,0.1017,0.065,True
12004,2026-07-17T04:02:37.248256-03:00,BCHUSDT,PREBREAK,1h,13,BEST,222.8,224.6,closed,222.4,222.6,222.8,218.7,223.6,221.2,223.6,213.8,True,2026-07-18T05:02:38.719273-03:00,-0.213647959286861,0.0597056663268454,False,-0.00010967,,212.5,226.8,208.2,True
12013,2026-07-17T05:02:37.243217-03:00,TREEUSDT,COILING,4h,9,STRONG,0.046,0.0464,closed,0.0461,0.0444,0.0398,0.0374,0.0462,0.038,0.0462,0.0367,True,2026-07-18T05:02:40.072975-03:00,0.888587055063826,0.0446420290354108,True,-0.0025893,,0.0391,0.0492,0.034,True
12012,2026-07-17T05:02:37.243217-03:00,CFXUSDT,COILING,4h,10,STRONG,0.04568,0.04609,closed,0.0452,0.04539,0.04555,0.04605,0.04592,0.0451,0.04715,0.04494,True,2026-07-18T05:02:41.274432-03:00,0.390643070292792,0.0267084964062446,True,0.0001,,0.04599,0.04787,0.04438,True
12019,2026-07-17T06:02:33.727906-03:00,MUBARAKUSDT,BREAKOUT,4h,13,BEST,0.01353,0.01341,closed,0.0137,0.01343,0.0126,0.01186,0.01393,0.01259,0.01393,0.01171,True,2026-07-18T06:02:35.181168-03:00,0.0821948736029492,-0.0177824808455234,False,5e-05,,0.01055,0.01349,0.0102,True
12057,2026-07-17T10:02:35.721452-03:00,AUDIOUSDT,COILING,4h,2,STRONG,0.01331,0.0138,closed,0.01378,0.01354,0.01345,0.01342,0.01474,0.01335,0.01474,0.01326,True,2026-07-18T10:02:39.82713-03:00,0.0788725569264129,0.0583521023436486,False,,,0.01318,0.01425,0.0131,True
12074,2026-07-17T12:02:35.731358-03:00,ADAUSDT,PREBREAK,1h,5,STRONG,0.1628,0.1636,closed,0.1617,0.1644,0.1659,0.1648,0.1671,0.1612,0.1693,0.1612,True,2026-07-18T13:02:33.88097-03:00,-0.232799391140384,-0.031645926196859,False,-9.949e-05,,0.1648,0.1808,0.1607,True
12073,2026-07-17T12:02:35.731358-03:00,FETUSDT,PREBREAK,1h,6,STRONG,0.16,0.1606,closed,0.1591,0.1602,0.1604,0.1577,0.1609,0.1588,0.1615,0.1569,True,2026-07-18T12:02:36.212321-03:00,-0.0936287451085167,-0.0670839310095369,False,-2.211e-05,,0.1519,0.1615,0.1501,True
12075,2026-07-17T12:02:35.731358-03:00,DASHUSDT,PREBREAK,1h,3,STRONG,34.13,34.2,closed,33.9,34.38,34.34,33.79,34.47,33.8,34.54,33.57,True,2026-07-18T12:02:37.766611-03:00,-0.0829729019852946,0.0477203395699364,False,6.568e-05,,32.41,35.2,32.11,True
12085,2026-07-17T13:02:41.623002-03:00,CAKEUSDT,PREBREAK,1h,4,WATCH,1.387,1.402,closed,1.388,1.393,1.413,1.403,1.415,1.384,1.419,1.384,True,2026-07-18T14:02:33.574525-03:00,-1.0414273396881,0.0256464657029269,False,-0.00011034,,1.39,1.428,1.371,True
12084,2026-07-17T13:02:41.623002-03:00,RUNEUSDT,COILING,4h,6,WATCH,0.42,0.43,closed,0.421,0.426,0.431,0.427,0.432,0.421,0.432,0.421,True,2026-07-18T14:02:31.772654-03:00,0.0547934794677509,0.0580723590706339,False,0.0001,,0.419,0.458,0.418,True
12081,2026-07-17T13:02:41.623002-03:00,LDOUSDT,BREAKOUT,4h,14,BEST,0.3838,0.3821,closed,0.3855,0.3823,0.3708,0.3646,0.39,0.3692,0.39,0.3569,True,2026-07-18T13:02:41.827658-03:00,0.306207063211947,0.000513392260823727,True,7.6e-05,,0.3822,0.4127,0.3494,True
12083,2026-07-17T13:02:41.623002-03:00,WBTCUSDT,PREBREAK,1h,7,WATCH,63414.7,64044.15,closed,63457.75,63623.67,64024.87,64057.74,64341.72,63289.65,64341.72,63289.65,True,2026-07-18T13:02:43.843385-03:00,-0.102592486346486,0.0504878880779752,False,,,63960.76,66883.45,63571.61,True
12082,2026-07-17T13:02:41.623002-03:00,HUMAUSDT,BREAKOUT,4h,13,BEST,0.02316,0.02275,closed,0.02294,0.02291,0.02244,0.02159,0.02312,0.0224,0.02312,0.02141,True,2026-07-18T14:02:35.354906-03:00,2.2493525890448,0.237996431893984,True,5e-05,,0.0215,0.02353,0.02102,True
12098,2026-07-17T14:02:39.047005-03:00,AUDIOUSDT,COILING,4h,4,STRONG,0.01345,0.0138,closed,0.01348,0.01343,0.01336,0.01334,0.01365,0.01333,0.01425,0.01326,True,2026-07-18T14:02:39.116523-03:00,0.725355763782326,0.0339646052651012,False,,,0.01312,0.01425,0.01304,True
12099,2026-07-17T14:02:39.047005-03:00,TRUMPUSDT,PREBREAK,1h,3,STRONG,1.559,1.564,closed,1.562,1.551,1.547,1.626,1.571,1.539,1.711,1.539,True,2026-07-18T15:02:37.416511-03:00,-0.207332433590604,-0.0153948868363124,False,-3.58e-05,,1.58,1.711,1.539,True
12132,2026-07-17T17:02:35.432891-03:00,HUMAUSDT,COILING,4h,6,STRONG,0.02247,0.02275,closed,0.02263,0.02244,0.02214,0.02157,0.02263,0.02202,0.02288,0.02141,True,2026-07-18T18:02:37.969891-03:00,22.8911946256793,0.188522340801033,False,5e-05,,0.02167,0.02353,0.02102,True
12133,2026-07-17T17:02:35.432891-03:00,OPENUSDT,COILING,4h,5,STRONG,0.1493,0.153,closed,0.1498,0.1502,0.1505,0.1523,0.1513,0.1491,0.1541,0.1474,True,2026-07-18T17:02:37.102026-03:00,0.363877416755877,0.0907396968928857,False,5e-05,,0.164,0.1722,0.1474,True
12147,2026-07-17T18:02:37.362662-03:00,AMPUSDT,COILING,4h,5,STRONG,0.000419,0.000437,closed,0.000421,0.000421,0.000422,0.000424,0.000426,0.000419,0.000456,0.000413,True,2026-07-18T18:02:40.020567-03:00,5071.37434711084,0.12625167938195,False,,,0.000419,0.000456,0.000413,True
12154,2026-07-17T19:02:34.02409-03:00,AUDIOUSDT,COILING,4h,4,STRONG,0.01341,0.0138,closed,0.01334,0.01331,0.01331,0.0134,0.01337,0.0133,0.01425,0.01326,True,2026-07-18T19:02:36.139393-03:00,0.730091854515811,0.0416613810670239,False,,,0.01307,0.01425,0.01303,True
12163,2026-07-17T21:02:33.043121-03:00,USUALUSDT,COILING,4h,5,STRONG,0.00932,0.00942,closed,0.00948,0.00938,0.00913,0.00867,0.00948,0.00911,0.00948,0.00864,True,2026-07-18T21:02:37.062758-03:00,14.1276563121594,0.0881062305830797,False,5e-05,,0.0084,0.00944,0.00829,True
12164,2026-07-17T21:02:33.043121-03:00,GALAUSDT,COILING,4h,4,STRONG,0.002097,0.002122,closed,0.002101,0.00211,0.002141,0.00205,0.002149,0.002088,0.002199,0.002034,True,2026-07-18T21:02:40.826733-03:00,0.720348590990869,0.0768145661770226,False,-5.324e-05,,0.001998,0.002199,0.001945,True
12162,2026-07-17T21:02:33.043121-03:00,JASMYUSDT,COILING,4h,5,STRONG,0.00451,0.00459,closed,0.0045,0.00456,0.00456,0.00479,0.00461,0.00449,0.00491,0.00449,True,2026-07-18T21:02:42.523078-03:00,0.986533276397016,0.054660545966946,False,-0.00036575,,0.00433,0.00491,0.00429,True
12161,2026-07-17T21:02:33.043121-03:00,CFXUSDT,COILING,4h,8,WATCH,0.04609,0.04634,closed,0.04597,0.04616,0.04684,0.04666,0.04715,0.0458,0.04715,0.04559,True,2026-07-18T21:02:38.783767-03:00,0.349771288965543,0.040731109174396,True,0.0001,,0.04379,0.04787,0.04316,True
12168,2026-07-17T22:02:38.83705-03:00,WIFUSDT,PREBREAK,1h,6,STRONG,0.1559,0.1565,closed,0.1564,0.1555,0.1549,0.1533,0.1571,0.1549,0.1571,0.1516,True,2026-07-18T22:02:39.491901-03:00,0.327099425555307,-0.005346681470926,False,5e-05,,0.1454,0.1571,0.1408,True
12169,2026-07-17T22:02:38.83705-03:00,ALGOUSDT,PREBREAK,1h,6,WATCH,0.0835,0.0835,closed,0.0834,0.0833,0.0826,0.0829,0.0835,0.0825,0.084,0.0817,True,2026-07-18T23:02:34.539329-03:00,-0.106791298184819,-0.0682533322194709,False,-0.0001741,,0.0859,0.0885,0.0815,True
12174,2026-07-17T23:02:44.590909-03:00,AMPUSDT,COILING,4h,4,STRONG,0.000424,0.000437,closed,0.00042,0.00042,0.000415,0.000425,0.000421,0.000414,0.000456,0.000413,True,2026-07-19T00:02:38.448881-03:00,0.885864929066828,0.0768686613086446,False,,,0.000419,0.000456,0.000413,True
12177,2026-07-18T00:02:37.769366-03:00,ZROUSDT,PREBREAK,1h,6,STRONG,0.799,0.8,closed,0.806,0.81,0.812,0.816,0.817,0.798,0.823,0.773,True,2026-07-19T00:02:40.246452-03:00,0.0167517596224492,0.0889374286608295,False,3.213e-05,,0.864,0.873,0.756,True
12183,2026-07-18T01:02:38.440794-03:00,USUALUSDT,COILING,4h,3,STRONG,0.00913,0.00942,closed,0.00909,0.00903,0.00881,0.00864,0.00913,0.00871,0.00913,0.00862,True,2026-07-19T02:02:34.967683-03:00,8.92912076847579,0.085327751359078,False,-4.34e-06,,0.00848,0.0093,0.00829,True
12181,2026-07-18T01:02:38.440794-03:00,RUNEUSDT,COILING,4h,6,WATCH,0.428,0.432,closed,0.427,0.427,0.427,0.437,0.428,0.425,0.441,0.423,True,2026-07-19T01:02:41.330547-03:00,0.0694097617412027,0.0821845040926741,True,0.0001,,0.42,0.458,0.417,True
12180,2026-07-18T01:02:38.440794-03:00,ETCUSDT,PREBREAK,1h,8,WATCH,7.07,7.1,closed,7.06,7.05,7.05,7.01,7.07,7.02,7.08,6.96,True,2026-07-19T01:02:42.598061-03:00,0.051191769832599,0.0765337172072841,False,4.834e-05,,6.6,7.1,6.5,True
12182,2026-07-18T01:02:38.440794-03:00,OPUSDT,PREBREAK,1h,3,STRONG,0.0969,0.098,closed,0.0967,0.0964,0.0958,0.0955,0.097,0.0957,0.097,0.0944,True,2026-07-19T01:02:39.70699-03:00,-0.898209587630631,-0.00685998337980033,False,-0.00014,,0.092,0.0991,0.091,True
12179,2026-07-18T01:02:38.440794-03:00,PENDLEUSDT,PREBREAK,1h,10,STRONG,1.556,1.567,closed,1.556,1.543,1.526,1.534,1.559,1.524,1.559,1.508,True,2026-07-19T02:02:36.565503-03:00,0.709876470043803,-0.0814088506531225,False,5.85e-05,,1.474,1.679,1.465,True
12187,2026-07-18T02:02:34.441424-03:00,ETCUSDT,COILING,4h,4,WATCH,7.07,7.23,closed,7.04,7.03,7.06,7.0,7.08,7.02,7.08,6.96,True,2026-07-19T02:02:38.209741-03:00,0.051191769832599,0.0765337172072841,False,4.834e-05,,6.59,7.1,6.5,True
12198,2026-07-18T04:02:33.747144-03:00,AMPUSDT,COILING,4h,3,STRONG,0.000416,0.000437,closed,0.000415,0.000419,0.000421,0.00043,0.000456,0.000414,0.000456,0.000414,True,2026-07-19T04:02:37.631795-03:00,1.13586470543964,0.0704710757865317,False,,,0.000417,0.000456,0.000413,True
12203,2026-07-18T05:02:37.462461-03:00,GALAUSDT,COILING,4h,3,STRONG,0.002144,0.002227,closed,0.002134,0.00208,0.002075,0.002077,0.002151,0.002057,0.002151,0.002034,True,2026-07-19T05:02:37.909909-03:00,1.08822707815661,0.067569366063713,False,-7.232e-05,,0.001974,0.002114,0.001945,True
12202,2026-07-18T05:02:37.462461-03:00,JASMYUSDT,COILING,4h,4,STRONG,0.00467,0.00479,closed,0.00468,0.00461,0.00457,0.00476,0.00471,0.00452,0.00491,0.00452,True,2026-07-19T05:02:39.207067-03:00,1.08771579723242,0.0830652981326325,False,-0.00019465,,0.00434,0.00491,0.00429,True
12208,2026-07-18T06:02:34.425445-03:00,WLFIUSDT,PREBREAK,1h,6,WATCH,0.0578,0.0579,closed,0.0576,0.0577,0.0573,0.0569,0.0579,0.0572,0.0579,0.0568,True,2026-07-19T07:02:37.209899-03:00,0.107372809012819,-0.133960008826249,False,6.295e-05,,0.0568,0.0679,0.0513,True
12224,2026-07-18T08:02:39.8473-03:00,SENTUSDT,PREBREAK,1h,7,STRONG,0.01364,0.01364,closed,0.01359,0.01357,0.01356,0.0139,0.01369,0.01328,0.01401,0.01328,True,2026-07-19T09:02:35.612983-03:00,0.0352555127013067,0.00832172039823398,False,-0.00024638,,0.01275,0.0144,0.0127,True
12232,2026-07-18T09:02:40.695078-03:00,XECUSDT,BREAKOUT,4h,12,BEST,9.94e-06,9.03e-06,closed,9.97e-06,9.84e-06,1e-05,8.3e-06,1.043e-05,9.42e-06,1.043e-05,8.24e-06,True,2026-07-19T10:02:41.442157-03:00,0.445980790908037,0.0696819222477147,True,-0.00012323,,6.97e-06,1.023e-05,6.85e-06,True
12231,2026-07-18T09:02:40.695078-03:00,TRUMPUSDT,HOLD,4h,13,BEST,1.689,1.607,closed,1.697,1.682,1.645,1.637,1.707,1.633,1.707,1.608,True,2026-07-19T09:02:40.83536-03:00,0.706978839137676,0.0570452334770851,True,-5.028e-05,,1.547,1.69,1.54,True
12233,2026-07-18T09:02:40.695078-03:00,GASUSDT,COILING,4h,6,STRONG,1.067,1.074,closed,1.069,1.064,1.082,1.066,1.11,1.063,1.114,1.063,True,2026-07-19T10:02:43.23604-03:00,0.205499259105702,0.0438154447681831,True,5e-05,,1.002,1.114,0.998,True
12242,2026-07-18T10:02:38.923012-03:00,ALLOUSDT,BREAKOUT,4h,10,WATCH,0.4461,0.4175,closed,0.4568,0.4647,0.4496,0.4544,0.4764,0.4414,0.485,0.4355,True,2026-07-19T10:02:44.865386-03:00,0.138408581771026,-0.00406510589638827,False,5e-05,,0.3542,0.5512,0.3527,True
12247,2026-07-18T11:02:38.833359-03:00,MORPHOUSDT,PREBREAK,1h,6,STRONG,1.99,1.992,closed,1.991,2.007,1.98,1.988,2.014,1.975,2.036,1.974,True,2026-07-19T11:02:40.421263-03:00,-10.8041753699278,-0.0199210547455927,False,-8.089e-05,,2.019,2.176,1.792,True
12248,2026-07-18T11:02:38.833359-03:00,NEOUSDT,COILING,4h,6,WATCH,1.969,1.995,closed,2.027,2.018,2.01,2.042,2.067,1.994,2.112,1.984,True,2026-07-19T11:02:41.766262-03:00,0.996330626829271,0.119772395806793,False,-2.866e-05,,1.962,2.112,1.952,True
12262,2026-07-18T13:02:33.06918-03:00,JASMYUSDT,COILING,4h,5,STRONG,0.00471,0.00479,closed,0.00472,0.00473,0.00478,0.00477,0.00491,0.00469,0.00491,0.00469,True,2026-07-19T13:02:40.068713-03:00,1.01575704669649,0.056264768089335,False,-1.075e-05,,0.00438,0.00491,0.00429,True
12279,2026-07-18T14:02:30.966717-03:00,ETCUSDT,PREBREAK,1h,13,WATCH,7.0,7.08,closed,6.99,7.01,6.99,6.84,7.03,6.96,7.05,6.81,True,2026-07-19T14:02:38.268738-03:00,0.038942007308986,0.0338366450895759,False,4.68e-06,,6.71,7.1,6.5,True
12280,2026-07-18T14:02:30.966717-03:00,XAIUSDT,COILING,4h,9,STRONG,0.00704,0.00705,closed,0.00704,0.00688,0.00692,0.0068,0.00704,0.00681,0.00716,0.00679,True,2026-07-19T14:02:36.560823-03:00,0.376803272041019,0.162597530978589,False,-9.28e-05,,0.00685,0.00728,0.00672,True
12300,2026-07-18T17:02:34.6047-03:00,NEOUSDT,COILING,4h,6,WATCH,1.998,2.01,closed,1.998,1.998,2.002,2.073,2.026,1.991,2.112,1.984,True,2026-07-19T17:02:42.494882-03:00,1.06850026522186,0.0877731462182868,True,-0.00052522,,1.967,2.112,1.952,True
12301,2026-07-18T17:02:34.6047-03:00,ACEUSDT,COILING,4h,4,STRONG,0.0685,0.0712,closed,0.0679,0.0664,0.0621,0.0701,0.0682,0.0618,0.0714,0.0618,True,2026-07-19T17:02:41.099501-03:00,9.76001268558253,0.0320399333741767,False,-0.00011521,,0.0876,0.1538,0.0618,True
12313,2026-07-18T19:02:35.268124-03:00,HEMIUSDT,COILING,4h,2,STRONG,0.00445,0.00467,closed,0.00443,0.00441,0.00443,0.00452,0.00445,0.00439,0.00479,0.00438,True,2026-07-19T20:02:45.838752-03:00,0.0454617876103061,0.0303582669336175,False,5e-05,,0.00506,0.00797,0.00438,True
12318,2026-07-18T21:02:36.080125-03:00,STRKUSDT,BREAKOUT,4h,13,BEST,0.0293,0.029,closed,0.0292,0.0294,0.0293,0.0287,0.0297,0.029,0.0297,0.0284,True,2026-07-19T21:02:37.709262-03:00,2.58546725162671,0.0156973911449384,False,-1.914e-05,,0.02998,0.0303,0.028,True
12319,2026-07-18T21:02:36.080125-03:00,TLMUSDT,BREAKOUT,4h,11,WATCH,0.001766,0.001671,closed,0.001735,0.001683,0.001542,0.002243,0.001764,0.001533,0.002761,0.001529,True,2026-07-19T21:02:39.697871-03:00,0.657697821096109,0.0283764762268993,False,-0.00644678,,0.001706,0.002761,0.001529,True
12326,2026-07-18T22:02:36.985589-03:00,PUMPUSDT,PREBREAK,1h,8,STRONG,0.001648,0.001668,closed,0.00165,0.001652,0.001649,0.001997,0.001662,0.001641,0.002072,0.001641,True,2026-07-19T23:02:33.099001-03:00,0.815387964237533,-0.0636183431627272,False,-1.189e-05,,0.001792,0.002097,0.001641,True
12327,2026-07-18T22:02:36.985589-03:00,QTUMUSDT,COILING,4h,6,WATCH,0.702,0.716,closed,0.716,0.698,0.696,0.705,0.723,0.693,0.739,0.693,True,2026-07-19T23:02:34.82831-03:00,1.93368950562891,0.212535714795639,False,4.469e-05,,0.682,0.743,0.675,True
12348,2026-07-19T01:02:35.736921-03:00,GASUSDT,COILING,4h,2,STRONG,1.076,1.115,closed,1.078,1.075,1.07,1.039,1.083,1.068,1.086,1.035,True,2026-07-20T01:02:44.179891-03:00,0.235683738925975,0.0945393618918081,False,-0.00052125,,1.024,1.086,0.998,True
12347,2026-07-19T01:02:35.736921-03:00,SOLUSDT,COILING,4h,5,WATCH,75.96,76.86,closed,75.82,76.05,76.09,76.65,76.34,75.74,77.4,75.37,True,2026-07-20T01:02:45.557049-03:00,0.777457691741056,0.0431817173106119,False,-3.81e-06,,75.02,78.88,73.44,True
12346,2026-07-19T01:02:35.736921-03:00,ONGUSDT,COILING,4h,7,STRONG,0.04772,0.04796,closed,0.04741,0.04761,0.04693,0.04724,0.04796,0.04658,0.04874,0.04658,True,2026-07-20T01:02:46.989547-03:00,0.369965861330864,0.0934128103167679,True,-0.00430448,,0.04518,0.04874,0.04437,True
12345,2026-07-19T01:02:35.736921-03:00,BANKUSDT,HOLD,4h,12,BEST,0.1132,0.088,closed,0.1104,0.1126,0.1116,0.255,0.1168,0.1034,0.271,0.1034,True,2026-07-20T01:02:48.180754-03:00,0.937994424405,0.0335850336847397,False,-6.06e-06,,0.3864,0.3971,0.1034,True
12344,2026-07-19T01:02:35.736921-03:00,NEOUSDT,BREAKOUT,4h,13,WATCH,2.076,2.067,closed,2.093,2.068,2.035,2.014,2.112,2.034,2.112,2.008,True,2026-07-20T01:02:49.814286-03:00,0.968154336884775,0.0544030112905094,True,-0.00050712,,1.975,2.102,1.952,True
12359,2026-07-19T04:02:36.618461-03:00,JSTUSDT,PREBREAK,1h,9,WATCH,0.09854,0.09933,closed,0.09848,0.09828,0.09798,0.09608,0.09854,0.09798,0.09867,0.09572,True,2026-07-20T04:02:38.124359-03:00,-0.0232472358251968,0.0901024027484447,False,-0.00013267,,0.10366,0.10457,0.09572,True
12358,2026-07-19T04:02:36.618461-03:00,ASTERUSDT,PREBREAK,1h,13,WATCH,0.624,0.625,closed,0.623,0.622,0.621,0.619,0.624,0.621,0.625,0.615,True,2026-07-20T05:02:42.049138-03:00,0.00970891600966571,0.0087166640848206,False,1.207e-05,,0.628,0.641,0.615,True
12371,2026-07-19T05:02:37.14706-03:00,SUIUSDT,PREBREAK,1h,9,WATCH,0.745,0.7478,closed,0.7471,0.7472,0.7498,0.7479,0.7577,0.7439,0.7588,0.7396,True,2026-07-20T05:02:44.249372-03:00,0.397946349070631,-0.0924693603033225,False,4.034e-05,,0.7183,0.7796,0.7018,True
12370,2026-07-19T05:02:37.14706-03:00,RUNEUSDT,HOLD,4h,12,WATCH,0.447,0.432,closed,0.446,0.449,0.444,0.44,0.451,0.444,0.451,0.436,True,2026-07-20T05:02:49.270305-03:00,0.166630100348755,0.0542962952769642,True,0.0001,,0.427,0.458,0.417,True
12369,2026-07-19T05:02:37.14706-03:00,ALLOUSDT,HOLD,4h,12,WATCH,0.4624,0.4189,closed,0.4631,0.4798,0.4581,0.4622,0.485,0.4508,0.485,0.4405,True,2026-07-20T05:02:48.058913-03:00,0.218825120228791,0.0224439144503742,False,5e-05,,0.344,0.5512,0.3123,True
12367,2026-07-19T05:02:37.14706-03:00,HBARUSDT,PREBREAK,1h,13,WATCH,0.06719,0.06743,closed,0.0671,0.06686,0.06664,0.06576,0.06726,0.0665,0.06726,0.06543,True,2026-07-20T05:02:50.887513-03:00,0.302456841943377,-0.0246288847995617,False,-0.00012652,,0.07012,0.0745,0.06543,True
12368,2026-07-19T05:02:37.14706-03:00,LTCUSDT,HOLD,4h,12,WATCH,47.1,46.71,closed,46.95,46.92,46.89,47.01,47.24,46.71,47.9,46.44,True,2026-07-20T05:02:46.437074-03:00,0.287795900042376,0.0556095293521001,False,1.289e-05,,47.09,48.15,45.75,True
12378,2026-07-19T06:02:32.127404-03:00,SOLUSDT,COILING,4h,6,WATCH,76.14,76.86,closed,76.08,75.96,75.96,76.22,76.53,75.76,77.4,75.37,True,2026-07-20T06:02:39.295813-03:00,0.68665694086853,0.0483852524511182,False,4.518e-05,,75.07,78.88,73.44,True
12380,2026-07-19T06:02:32.127404-03:00,ONGUSDT,COILING,4h,4,STRONG,0.04676,0.04796,closed,0.04746,0.04739,0.04711,0.04659,0.0476,0.04702,0.04874,0.04612,True,2026-07-20T06:02:36.270613-03:00,0.340152606580746,0.0847038921496534,False,-0.00120725,,0.04556,0.04874,0.04437,True
12379,2026-07-19T06:02:32.127404-03:00,NEOUSDT,COILING,4h,4,WATCH,2.04,2.067,closed,2.078,2.061,2.06,1.987,2.102,2.054,2.102,1.982,True,2026-07-20T06:02:40.872877-03:00,0.939091284155464,0.026377458830338,False,-0.00239151,,1.979,2.102,1.952,True
12377,2026-07-19T06:02:32.127404-03:00,WLFIUSDT,PREBREAK,1h,7,WATCH,0.0569,0.0575,closed,0.057,0.057,0.0569,0.0569,0.0572,0.0567,0.058,0.0566,True,2026-07-20T06:02:37.767813-03:00,-0.010152406477483,-0.0292780552081048,False,5e-05,,0.0552,0.0679,0.0513,True
12392,2026-07-19T07:02:36.358495-03:00,PEPEUSDT,BREAKOUT,4h,15,BEST,2.81e-06,2.78e-06,closed,2.84e-06,2.84e-06,2.84e-06,2.85e-06,2.88e-06,2.82e-06,2.94e-06,2.79e-06,True,2026-07-20T07:02:40.286772-03:00,0.551208970033853,0.0582371169632466,False,9.442e-05,,2.95e-06,3.05e-06,2.65e-06,True
12393,2026-07-19T07:02:36.358495-03:00,TAOUSDT,PREBREAK,1h,4,STRONG,198.7,199.9,closed,198.7,198.8,197.9,194.7,199.3,196.8,201.4,192.9,True,2026-07-20T07:02:41.624912-03:00,0.0193288842152575,0.012954723415676,False,1.41e-05,,196.2,202.7,187.0,True
12416,2026-07-19T09:02:34.522868-03:00,QTUMUSDT,COILING,4h,5,WATCH,0.723,0.751,closed,0.724,0.718,0.734,0.708,0.738,0.713,0.739,0.694,True,2026-07-20T09:02:43.209332-03:00,0.431977702660004,0.176354268657549,False,-0.00068658,,0.682,0.743,0.675,True
12429,2026-07-19T10:02:40.520549-03:00,JTOUSDT,PREBREAK,1h,8,STRONG,0.5508,0.5565,closed,0.5562,0.5571,0.5628,0.6031,0.5719,0.5501,0.6152,0.5501,True,2026-07-20T11:02:42.575125-03:00,-0.055955739253299,-0.0332726535796909,False,-0.00010465,,0.5837,0.6549,0.5552,True
12427,2026-07-19T10:02:40.520549-03:00,BANKUSDT,HOLD,4h,11,BEST,0.187,0.088,closed,0.1803,0.1874,0.184,0.2822,0.2115,0.142,0.2967,0.142,True,2026-07-20T11:02:44.180225-03:00,1.0782788628957,0.0657560404680181,True,5e-05,,0.3843,0.3971,0.1185,True
12428,2026-07-19T10:02:40.520549-03:00,SOLVUSDT,BREAKOUT,4h,11,BEST,0.00277,0.00264,closed,0.00315,0.00309,0.00261,0.00261,0.00334,0.00258,0.00334,0.00255,True,2026-07-20T11:02:45.851735-03:00,1.00475273918643,0.0455772539521152,True,1.464e-05,,0.00255,0.00319,0.00242,True
12441,2026-07-19T11:02:39.161481-03:00,POLUSDT,PREBREAK,1h,7,WATCH,0.08096,0.08151,closed,0.08083,0.08088,0.08051,0.08044,0.08108,0.08037,0.08152,0.08026,True,2026-07-20T11:02:47.25841-03:00,-0.568943504828874,-0.0174183684710304,False,5.43e-06,,0.07708,0.08184,0.07521,True
12445,2026-07-19T12:02:35.42588-03:00,KAITOUSDT,BREAKOUT,4h,13,BEST,0.9641,0.95,closed,0.9604,0.956,0.9533,0.9651,0.9895,0.9354,0.9961,0.9272,True,2026-07-20T12:02:39.556755-03:00,0.195820970952827,-0.021087966618051,True,5e-05,,1.1691,1.2334,0.9109,True
12446,2026-07-19T12:02:35.42588-03:00,PENDLEUSDT,PREBREAK,1h,9,STRONG,1.552,1.556,closed,1.546,1.558,1.545,1.602,1.568,1.527,1.621,1.524,True,2026-07-20T12:02:38.204938-03:00,0.254975297166671,0.0383118845943023,False,2.65e-06,,1.531,1.679,1.454,True
12457,2026-07-19T13:02:39.308709-03:00,SHIBUSDT,PREBREAK,1h,11,WATCH,4.16e-06,4.18e-06,closed,4.14e-06,4.13e-06,4.14e-06,4.24e-06,4.16e-06,4.11e-06,4.26e-06,4.11e-06,True,2026-07-20T13:02:42.428703-03:00,0.0436524307763318,0.011510258750997,False,-7.579e-05,,5.16e-06,5.83e-06,4.09e-06,True
12456,2026-07-19T13:02:39.308709-03:00,SUSHIUSDT,BREAKOUT,4h,12,BEST,0.1783,0.1686,closed,0.1757,0.1749,0.1704,0.1668,0.1771,0.1698,0.1771,0.1638,True,2026-07-20T13:02:44.133661-03:00,0.703693288093534,0.064349890449803,True,2.53e-05,,0.1652,0.1782,0.1621,True
12455,2026-07-19T13:02:39.308709-03:00,TOWNSUSDT,BREAKOUT,4h,14,BEST,0.00246,0.00233,closed,0.00243,0.00238,0.0023,0.00243,0.00248,0.00227,0.00253,0.00219,True,2026-07-20T13:02:45.586341-03:00,0.51126323373389,0.0568805583190753,True,5e-05,,0.00215,0.00268,0.00191,True
12465,2026-07-19T14:02:35.601405-03:00,SUSHIUSDT,HOLD,4h,11,BEST,0.1783,0.1686,closed,0.1731,0.1719,0.1718,0.1659,0.1752,0.1698,0.1752,0.1638,True,2026-07-20T14:02:36.31756-03:00,0.703693288093534,0.064349890449803,True,2.53e-05,,0.1652,0.1782,0.1621,True
12464,2026-07-19T14:02:35.601405-03:00,RUNEUSDT,HOLD,4h,11,WATCH,0.448,0.441,closed,0.444,0.444,0.444,0.446,0.446,0.441,0.448,0.436,True,2026-07-20T14:02:38.034196-03:00,0.162785564365391,0.083604440724027,True,0.0001,,0.432,0.458,0.417,True
12470,2026-07-19T15:02:32.719165-03:00,FLOKIUSDT,PREBREAK,1h,4,STRONG,2.112e-05,2.137e-05,closed,2.104e-05,2.104e-05,2.119e-05,2.147e-05,2.127e-05,2.09e-05,2.15e-05,2.082e-05,True,2026-07-20T15:02:33.986134-03:00,-0.123841579033364,0.0991159340213427,False,-1.558e-05,,2.23e-05,2.336e-05,2.064e-05,True
12478,2026-07-19T16:02:33.497745-03:00,DOGEUSDT,PREBREAK,1h,5,WATCH,0.07207,0.07285,closed,0.07217,0.07234,0.0722,0.0724,0.07262,0.0719,0.07359,0.07109,True,2026-07-20T16:02:33.962385-03:00,-0.0234952718299981,0.0339409839615898,False,5.285e-05,,0.07258,0.07404,0.0682,True
12490,2026-07-19T17:02:40.003943-03:00,TLMUSDT,HOLD,4h,10,WATCH,0.002647,0.00223,closed,0.002588,0.002471,0.002239,0.001883,0.002604,0.002185,0.002604,0.001878,True,2026-07-20T17:02:42.322671-03:00,0.927252555068215,0.0123127749793267,True,-0.00427801,,0.001727,0.00248,0.001587,True
12489,2026-07-19T17:02:40.003943-03:00,PEPEUSDT,HOLD,4h,13,BEST,2.85e-06,2.78e-06,closed,2.85e-06,2.85e-06,2.83e-06,2.88e-06,2.85e-06,2.8e-06,2.94e-06,2.79e-06,True,2026-07-20T17:02:44.252445-03:00,0.686679362721239,0.0369074010385283,False,0.0001,,2.91e-06,3.05e-06,2.65e-06,True
12491,2026-07-19T17:02:40.003943-03:00,XLMUSDT,HOLD,4h,10,STRONG,0.1907,0.1893,closed,0.1912,0.1917,0.1877,0.1875,0.1919,0.1872,0.1919,0.1844,True,2026-07-20T17:02:45.97107-03:00,0.168044899809628,0.0079403000548473,False,7.104e-05,,0.1787,0.1964,0.1758,True
12501,2026-07-19T18:02:37.477471-03:00,PUMPUSDT,BREAKOUT,4h,11,BEST,0.001779,0.001717,closed,0.001885,0.001936,0.001997,0.002022,0.002072,0.00186,0.002097,0.00186,True,2026-07-20T18:02:37.98483-03:00,0.368076055703896,-0.00834731484114313,True,4.801e-05,,0.001979,0.002097,0.001759,True
12512,2026-07-19T20:02:44.803579-03:00,LINKUSDT,PREBREAK,1h,7,WATCH,8.374,8.392,closed,8.355,8.377,8.473,8.545,8.536,8.343,8.646,8.289,True,2026-07-20T21:02:40.474847-03:00,-0.00268170112628272,0.0206558626258969,False,1.291e-05,,8.825,8.843,8.267,True
12513,2026-07-19T20:02:44.803579-03:00,ALICEUSDT,COILING,4h,5,STRONG,0.1202,0.121,closed,0.12,0.1195,0.1208,0.1253,0.1227,0.1188,0.1545,0.117,True,2026-07-20T21:02:38.716879-03:00,0.0771835324277464,0.0363564930321403,False,5e-05,,0.1212,0.1545,0.117,True
12519,2026-07-19T21:02:36.721563-03:00,PUMPUSDT,HOLD,4h,12,BEST,0.001997,0.001717,closed,0.002045,0.001997,0.001981,0.002022,0.002072,0.001957,0.002097,0.001908,True,2026-07-20T21:02:42.080313-03:00,0.685354876550473,0.0458542744886173,True,3.466e-05,,0.001984,0.002097,0.001759,True
12521,2026-07-19T21:02:36.721563-03:00,PENGUUSDT,PREBREAK,1h,7,STRONG,0.006125,0.006196,closed,0.006183,0.006169,0.00619,0.006336,0.006228,0.006109,0.006444,0.005959,True,2026-07-20T21:02:43.747762-03:00,0.184012912591628,0.0153599401565963,False,5e-05,,0.006358,0.006491,0.005944,True
12520,2026-07-19T21:02:36.721563-03:00,POLUSDT,PREBREAK,1h,8,WATCH,0.08122,0.08151,closed,0.08115,0.08118,0.08101,0.08036,0.08146,0.08072,0.08146,0.07957,True,2026-07-20T21:02:45.374454-03:00,-0.35360870110078,0.0047578110127417,False,-2.33e-06,,0.07768,0.08184,0.07521,True
12541,2026-07-20T01:02:42.757021-03:00,ALICEUSDT,COILING,4h,4,STRONG,0.121,0.1221,closed,0.1204,0.1192,0.1427,0.1252,0.1458,0.117,0.1545,0.117,True,2026-07-21T02:02:40.372507-03:00,0.0609052400473528,0.037572776590529,False,5e-05,,0.1213,0.1545,0.117,True
12540,2026-07-20T01:02:42.757021-03:00,XVGUSDT,HOLD,4h,13,BEST,0.002208,0.002102,closed,0.002211,0.002131,0.002315,0.002143,0.002464,0.002118,0.002464,0.002072,True,2026-07-21T02:02:39.254086-03:00,1.40446563927814,0.152611558505976,False,0.00010074,,0.002178,0.002464,0.002072,True
12574,2026-07-20T05:02:41.129962-03:00,HEMIUSDT,BREAKOUT,4h,11,BEST,0.00482,0.00479,closed,0.00485,0.00509,0.00512,0.00586,0.00549,0.00484,0.00797,0.00484,True,2026-07-21T06:02:44.037133-03:00,0.154864466611149,0.0330089257371341,True,5e-05,,0.00469,0.00797,0.00451,True
12572,2026-07-20T05:02:41.129962-03:00,SPKUSDT,BREAKOUT,4h,13,BEST,0.017611,0.017509,closed,0.017598,0.017127,0.017373,0.017712,0.017648,0.017042,0.017821,0.017042,True,2026-07-21T05:02:44.275563-03:00,0.244394092435304,0.0572555804148762,False,5e-05,,0.01691,0.018175,0.016642,True
12576,2026-07-20T05:02:41.129962-03:00,PENGUUSDT,PREBREAK,1h,7,STRONG,0.006224,0.006228,closed,0.006238,0.006214,0.006284,0.006403,0.006315,0.006193,0.006444,0.006193,True,2026-07-21T05:02:45.93761-03:00,0.24615439328152,0.00498568975480285,False,2.99e-05,,0.006403,0.006491,0.005944,True
12575,2026-07-20T05:02:41.129962-03:00,PROMUSDT,HOLD,4h,9,STRONG,1.67,1.428,closed,1.746,1.772,1.772,1.858,1.865,1.669,2.58,1.669,True,2026-07-21T05:02:47.702936-03:00,0.479421657167327,-0.0303476192767456,False,-0.00025053,,2.056,2.58,1.344,True
12573,2026-07-20T05:02:41.129962-03:00,METUSDT,HOLD,4h,11,BEST,0.1585,0.1455,closed,0.1573,0.1562,0.1593,0.1643,0.1627,0.154,0.176,0.154,True,2026-07-21T05:02:42.529385-03:00,0.0926346953904496,0.0757301114778553,False,5e-05,,0.168,0.1816,0.1519,True
12587,2026-07-20T06:02:35.177357-03:00,POLUSDT,PREBREAK,1h,7,WATCH,0.08063,0.08152,closed,0.08061,0.08079,0.081,0.08077,0.08134,0.08054,0.08184,0.07957,True,2026-07-21T06:02:46.890282-03:00,-0.712501598863858,0.00223380278272481,False,-2.36e-05,,0.07762,0.08184,0.07521,True
12586,2026-07-20T06:02:35.177357-03:00,PUMPUSDT,HOLD,4h,11,BEST,0.002011,0.001795,closed,0.001987,0.001986,0.001964,0.002,0.002008,0.001908,0.002097,0.001908,True,2026-07-21T06:02:48.368968-03:00,0.60716719785991,0.0545091563592812,True,5e-05,,0.002037,0.002097,0.001759,True
12588,2026-07-20T06:02:35.177357-03:00,JUPUSDT,COILING,4h,4,STRONG,0.1971,0.1991,closed,0.1978,0.1987,0.1948,0.1984,0.1998,0.194,0.2008,0.1926,True,2026-07-21T06:02:45.366248-03:00,0.18373999189482,0.0479990035594806,False,5e-05,,0.1917,0.202,0.1825,True
12597,2026-07-20T07:02:39.224723-03:00,JSTUSDT,PREBREAK,1h,7,WATCH,0.09768,0.09821,closed,0.09809,0.09828,0.09946,0.10102,0.09954,0.09773,0.1024,0.09773,True,2026-07-21T08:02:39.306667-03:00,-0.207950589899912,-0.0853184788228762,False,-0.00028191,,0.1043,0.10608,0.09815,True
12611,2026-07-20T09:02:42.322933-03:00,PENDLEUSDT,BREAKOUT,4h,15,BEST,1.595,1.592,closed,1.596,1.611,1.616,1.661,1.621,1.583,1.675,1.583,True,2026-07-21T09:02:42.665808-03:00,0.911806264496034,-0.0289674560206899,False,0.0001,,1.564,1.679,1.454,True
12614,2026-07-20T09:02:42.322933-03:00,SHIBUSDT,BREAKOUT,4h,11,WATCH,4.23e-06,4.21e-06,closed,4.23e-06,4.2e-06,4.24e-06,4.27e-06,4.26e-06,4.16e-06,4.31e-06,4.16e-06,True,2026-07-21T09:02:46.0263-03:00,0.133037834598096,-0.0167829856015877,True,7.54e-06,,4.98e-06,5.83e-06,4.09e-06,True
12615,2026-07-20T09:02:42.322933-03:00,FORMUSDT,BREAKOUT,4h,11,BEST,0.2029,0.187,closed,0.2012,0.1994,0.1924,0.1962,0.2043,0.1891,0.2043,0.1867,True,2026-07-21T10:02:36.308019-03:00,3.75906947600982,0.0853050141134965,True,5e-05,,0.1974,0.2003,0.1867,True
12612,2026-07-20T09:02:42.322933-03:00,ETHUSDT,BREAKOUT,4h,14,WATCH,1893.2,1891.71,closed,1881.06,1872.13,1898.16,1934.67,1904.92,1853.65,1953.0,1853.65,True,2026-07-21T09:02:47.613216-03:00,0.484588670671847,0.0265719093043066,False,2.124e-05,,1957.59,1981.24,1848.09,True
12613,2026-07-20T09:02:42.322933-03:00,ZAMAUSDT,HOLD,4h,12,BEST,0.03938,0.03632,closed,0.03929,0.03974,0.04038,0.0387,0.04139,0.03848,0.04139,0.0377,True,2026-07-21T09:02:44.27866-03:00,0.320472085399401,0.0641145006155977,True,1.767e-05,,0.05996,0.0646,0.0377,True
12627,2026-07-20T10:02:33.935813-03:00,ZAMAUSDT,BREAKOUT,4h,12,BEST,0.03938,0.03632,closed,0.0395,0.04035,0.03884,0.03849,0.04139,0.03871,0.04139,0.0377,True,2026-07-21T10:02:39.742277-03:00,0.320472085399401,0.0641145006155977,True,1.767e-05,,0.05939,0.0646,0.0377,True
12629,2026-07-20T10:02:33.935813-03:00,ONDOUSDT,PREBREAK,1h,8,STRONG,0.3485,0.3519,closed,0.3479,0.3469,0.3575,0.4031,0.3593,0.344,0.409,0.344,True,2026-07-21T10:02:43.358409-03:00,0.192321762000876,-0.0259332473914294,False,3.616e-05,,0.4134,0.4227,0.344,True
12630,2026-07-20T10:02:33.935813-03:00,SPKUSDT,COILING,4h,6,STRONG,0.017405,0.017509,closed,0.017333,0.017292,0.01764,0.017421,0.017727,0.017194,0.017821,0.017194,True,2026-07-21T10:02:45.342398-03:00,0.188837082178996,0.0256239617616504,False,5e-05,,0.016787,0.018175,0.016642,True
12631,2026-07-20T10:02:33.935813-03:00,MITOUSDT,COILING,4h,4,STRONG,0.0221,0.02311,closed,0.02169,0.02157,0.02227,0.02295,0.02245,0.02143,0.02325,0.02143,True,2026-07-21T10:02:37.980626-03:00,0.102440272360345,0.212415882615702,False,5e-05,,0.02341,0.02731,0.02146,True
12628,2026-07-20T10:02:33.935813-03:00,PEPEUSDT,COILING,4h,10,STRONG,2.92e-06,2.94e-06,closed,2.91e-06,2.87e-06,2.91e-06,2.92e-06,2.94e-06,2.84e-06,2.98e-06,2.84e-06,True,2026-07-21T10:02:41.591525-03:00,0.670640867649226,0.0335105976397341,True,0.0001,,2.99e-06,3.1e-06,2.65e-06,True
12646,2026-07-20T11:02:41.886763-03:00,ENAUSDT,PREBREAK,1h,5,STRONG,0.081,0.0812,closed,0.0809,0.0816,0.0834,0.0872,0.0838,0.0807,0.0876,0.0807,True,2026-07-21T11:02:43.277569-03:00,-0.0196883621816927,-0.0339538141273127,False,-1.094e-05,,0.0892,0.0932,0.0811,True
12645,2026-07-20T11:02:41.886763-03:00,RENDERUSDT,PREBREAK,1h,8,WATCH,1.484,1.501,closed,1.49,1.507,1.518,1.558,1.521,1.487,1.565,1.487,True,2026-07-21T11:02:45.640181-03:00,1.9409839625857,-0.0622427585036122,False,5e-05,,1.461,1.565,1.438,True
12644,2026-07-20T11:02:41.886763-03:00,TURTLEUSDT,HOLD,4h,13,WATCH,0.0364,0.034,closed,0.0377,0.0386,0.0368,0.0356,0.0403,0.0361,0.0403,0.0353,True,2026-07-21T12:02:39.249151-03:00,0.406293292082384,0.08974823247846,True,5e-05,,0.039,0.0436,0.0351,True
12647,2026-07-20T11:02:41.886763-03:00,JUPUSDT,COILING,4h,5,STRONG,0.1989,0.203,closed,0.1935,0.1941,0.198,0.1996,0.1981,0.1926,0.2009,0.1926,True,2026-07-21T12:02:40.634955-03:00,0.376476982670348,0.0357564698002476,False,1.34e-05,,0.1862,0.202,0.1825,True
12657,2026-07-20T12:02:37.297396-03:00,TIAUSDT,PREBREAK,1h,6,STRONG,0.3637,0.3667,closed,0.366,0.3661,0.3594,0.364,0.3678,0.3594,0.3716,0.3551,True,2026-07-21T12:02:42.083443-03:00,0.624287779850521,-0.0881006067861661,False,3.968e-05,,0.3378,0.3716,0.3349,True
12667,2026-07-20T13:02:41.446598-03:00,RENDERUSDT,BREAKOUT,4h,13,WATCH,1.513,1.501,closed,1.511,1.513,1.508,1.544,1.521,1.505,1.565,1.505,True,2026-07-21T14:02:41.266196-03:00,3.00240610991775,0.0546108872830519,True,-3.805e-05,,1.46,1.565,1.438,True
12666,2026-07-20T13:02:41.446598-03:00,JTOUSDT,HOLD,4h,13,BEST,0.6113,0.5755,closed,0.6082,0.5996,0.6192,0.625,0.621,0.5976,0.6336,0.5972,True,2026-07-21T14:02:42.419343-03:00,0.21013860470748,0.0433478520932774,False,5e-05,,0.5961,0.6549,0.5695,True
12669,2026-07-20T13:02:41.446598-03:00,ENAUSDT,BREAKOUT,4h,10,STRONG,0.0832,0.0831,closed,0.0836,0.0834,0.0825,0.0861,0.0838,0.082,0.0876,0.0819,True,2026-07-21T14:02:38.406972-03:00,0.121240991829559,-0.0634179690815722,False,5e-05,,0.0892,0.0932,0.0819,True
12668,2026-07-20T13:02:41.446598-03:00,INJUSDT,HOLD,4h,11,BEST,5.309,5.227,closed,5.314,5.357,5.394,5.292,5.49,5.279,5.49,5.27,True,2026-07-21T14:02:39.87345-03:00,0.206264046242047,-0.017483479282512,True,-8.31e-06,,4.844,5.49,4.794,True
12665,2026-07-20T13:02:41.446598-03:00,SUIUSDT,BREAKOUT,4h,15,WATCH,0.7655,0.7588,closed,0.764,0.7636,0.7668,0.7669,0.7744,0.759,0.7783,0.759,True,2026-07-21T14:02:44.081349-03:00,6.80052204815399,-0.0608645177699345,True,6.482e-05,,0.7048,0.7796,0.6945,True
12681,2026-07-20T14:02:35.354031-03:00,ASTERUSDT,COILING,4h,6,WATCH,0.624,0.626,closed,0.625,0.625,0.625,0.626,0.627,0.623,0.634,0.623,True,2026-07-21T14:02:45.355024-03:00,0.0507771921648556,0.0677385115341343,False,5e-05,,0.625,0.641,0.617,True
12679,2026-07-20T14:02:35.354031-03:00,CAKEUSDT,COILING,4h,10,WATCH,1.41,1.419,closed,1.407,1.412,1.402,1.404,1.412,1.4,1.428,1.396,True,2026-07-21T14:02:50.761873-03:00,0.457353794485245,0.0375343574020351,True,5e-05,,1.399,1.428,1.371,True
12677,2026-07-20T14:02:35.354031-03:00,RAYUSDT,HOLD,4h,15,WATCH,0.7085,0.6869,closed,0.7078,0.7108,0.7051,0.714,0.7135,0.7024,0.7258,0.7024,True,2026-07-21T14:02:49.237534-03:00,0.206278058604831,0.189231386466087,True,,,0.6181,0.7258,0.6105,True
12680,2026-07-20T14:02:35.354031-03:00,NEARUSDT,HOLD,4h,8,STRONG,1.982,1.948,closed,1.975,1.982,1.977,1.939,1.987,1.958,2.066,1.93,True,2026-07-21T14:02:46.476844-03:00,0.0351784374568229,-0.033473982723415,False,3.365e-05,,1.771,2.066,1.763,True
12678,2026-07-20T14:02:35.354031-03:00,PROMUSDT,HOLD,4h,10,STRONG,2.44,1.428,closed,2.164,2.074,2.049,1.643,2.198,2.015,2.198,1.603,True,2026-07-21T14:02:47.837168-03:00,0.820926472353461,0.0132375708173991,True,-0.00040738,,1.992,2.22,1.344,True
12690,2026-07-20T15:02:33.165408-03:00,PUMPUSDT,HOLD,4h,11,BEST,0.002027,0.001795,closed,0.002017,0.002049,0.001998,0.002003,0.002097,0.001993,0.002097,0.001935,True,2026-07-21T15:02:36.181313-03:00,0.62008157222992,0.0845909605480509,False,1.54e-05,,0.002088,0.002184,0.001759,True
12708,2026-07-20T17:02:41.413192-03:00,PLUMEUSDT,COILING,4h,7,STRONG,0.01087,0.01089,closed,0.01083,0.01086,0.01077,0.01135,0.01102,0.01073,0.01172,0.01062,True,2026-07-21T17:02:43.158638-03:00,0.143570053171935,0.0607566637596021,False,5e-05,,0.01169,0.01254,0.01062,True
12707,2026-07-20T17:02:41.413192-03:00,PENGUUSDT,COILING,4h,7,STRONG,0.006289,0.006315,closed,0.006303,0.00632,0.006341,0.006385,0.006394,0.006284,0.00647,0.006284,True,2026-07-21T18:02:38.954942-03:00,0.689013334684149,0.0311785652551912,False,5e-05,,0.006132,0.006494,0.005944,True
12709,2026-07-20T17:02:41.413192-03:00,RAYUSDT,COILING,4h,6,WATCH,0.7044,0.728,closed,0.7042,0.7051,0.7101,0.7131,0.715,0.703,0.7258,0.703,True,2026-07-21T18:02:41.11975-03:00,0.151992039757426,0.145529323713316,False,,,0.618,0.7258,0.6105,True
12706,2026-07-20T17:02:41.413192-03:00,ADAUSDT,COILING,4h,9,STRONG,0.1678,0.1693,closed,0.1679,0.1705,0.1699,0.1739,0.172,0.1672,0.1777,0.1672,True,2026-07-21T18:02:42.709772-03:00,0.407257613255858,0.0302245693762367,True,6.753e-05,,0.1589,0.1808,0.1571,True
12705,2026-07-20T17:02:41.413192-03:00,HEMIUSDT,HOLD,4h,13,BEST,0.00688,0.00549,closed,0.0072,0.00783,0.00704,0.00536,0.00797,0.00667,0.00797,0.00507,True,2026-07-21T17:02:41.511852-03:00,0.755358268502027,0.0373751893136763,True,-0.00055388,,0.0047,0.00797,0.00451,True
12732,2026-07-20T19:02:50.742975-03:00,HBARUSDT,PREBREAK,1h,3,WATCH,0.0666,0.06711,closed,0.06648,0.06664,0.06684,0.06978,0.06709,0.06647,0.07101,0.06647,True,2026-07-21T20:02:49.208309-03:00,-0.175054723346002,-0.0657077716917445,False,6.279e-05,,0.06819,0.0745,0.0666,True
12733,2026-07-20T19:02:50.742975-03:00,OPUSDT,PREBREAK,1h,3,STRONG,0.094,0.0944,closed,0.0942,0.0954,0.0937,0.0981,0.0954,0.0935,0.0984,0.0931,True,2026-07-21T20:02:52.503823-03:00,-0.547422438335578,0.0305851575246121,False,-0.00010269,,0.0868,0.0991,0.0864,True
12731,2026-07-20T19:02:50.742975-03:00,ASTERUSDT,COILING,4h,4,WATCH,0.624,0.626,closed,0.625,0.625,0.632,0.627,0.634,0.624,0.634,0.624,True,2026-07-21T20:02:54.135363-03:00,0.0829783375517157,0.0878782290256139,True,5e-05,,0.619,0.641,0.617,True
12730,2026-07-20T19:02:50.742975-03:00,LDOUSDT,BREAKOUT,4h,12,BEST,0.3803,0.3754,closed,0.3854,0.386,0.3951,0.3888,0.397,0.3821,0.4084,0.3821,True,2026-07-21T20:02:50.893221-03:00,0.129723316681703,-0.0559512091846889,False,3.771e-05,,0.3878,0.4127,0.3685,True
12747,2026-07-20T21:02:37.640232-03:00,RENDERUSDT,HOLD,4h,13,WATCH,1.518,1.501,closed,1.524,1.523,1.538,1.533,1.538,1.52,1.565,1.52,True,2026-07-21T21:02:38.786312-03:00,1.08799664445399,0.0730906897315566,True,5e-05,,1.402,1.565,1.402,True
12750,2026-07-20T21:02:37.640232-03:00,UNIUSDT,HOLD,4h,9,STRONG,3.633,3.574,closed,3.626,3.665,3.712,3.719,3.738,3.621,3.741,3.621,True,2026-07-21T21:02:41.841776-03:00,0.105467616306785,-0.0543391017794348,False,0.0001,,3.713,3.962,3.611,True
12749,2026-07-20T21:02:37.640232-03:00,JSTUSDT,HOLD,4h,12,WATCH,0.10234,0.09986,closed,0.10215,0.10237,0.1018,0.10094,0.1024,0.10101,0.1024,0.09942,True,2026-07-21T22:02:31.508825-03:00,0.0502264271757727,0.15489431026174,True,5e-05,,0.10309,0.10608,0.09942,True
12751,2026-07-20T21:02:37.640232-03:00,ATOMUSDT,COILING,4h,6,WATCH,1.496,1.506,closed,1.494,1.495,1.504,1.485,1.504,1.486,1.511,1.478,True,2026-07-21T22:02:29.98813-03:00,0.0559179088242534,0.200577512682076,False,9.491e-05,,1.303,1.511,1.295,True
12748,2026-07-20T21:02:37.640232-03:00,ETHUSDT,HOLD,4h,12,WATCH,1904.77,1896.5,closed,1905.54,1913.22,1928.44,1930.48,1930.39,1900.74,1953.0,1900.74,True,2026-07-21T21:02:40.167857-03:00,0.222075819748038,0.0297868738016403,True,2.585e-05,,1878.86,1981.24,1848.09,True
12762,2026-07-20T22:02:35.071282-03:00,PLUMEUSDT,COILING,4h,4,STRONG,0.01076,0.01089,closed,0.01074,0.01074,0.01079,0.01152,0.01092,0.01062,0.01172,0.01062,True,2026-07-21T23:02:38.168678-03:00,0.0929837671034777,0.0569192095588201,False,5e-05,,0.01137,0.01254,0.01062,True
12760,2026-07-20T22:02:35.071282-03:00,ICPUSDT,BREAKOUT,4h,11,WATCH,2.204,2.187,closed,2.226,2.208,2.215,2.218,2.239,2.203,2.25,2.2,True,2026-07-21T23:02:39.610185-03:00,0.199141467806282,0.0259921133664341,True,6.928e-05,,2.083,2.25,2.075,True
12761,2026-07-20T22:02:35.071282-03:00,OPUSDT,COILING,4h,5,STRONG,0.0942,0.097,closed,0.094,0.0937,0.0951,0.0984,0.0957,0.0931,0.0989,0.0931,True,2026-07-21T22:02:36.124561-03:00,0.578379672372584,0.0419801708029014,False,-0.00019661,,0.0871,0.0991,0.0859,True
12767,2026-07-20T23:02:33.81555-03:00,NEARUSDT,HOLD,4h,7,STRONG,1.98,1.965,closed,1.984,2.005,2.044,1.942,2.048,1.983,2.066,1.917,True,2026-07-21T23:02:41.017688-03:00,0.0328862624668298,-0.0317293283265261,False,0.0001,,1.677,2.066,1.668,True
12780,2026-07-21T01:02:39.05308-03:00,INJUSDT,HOLD,4h,10,STRONG,5.387,5.336,closed,5.39,5.345,5.349,5.369,5.399,5.327,5.416,5.27,True,2026-07-22T01:02:43.041302-03:00,0.285705634550067,-0.0206283206316485,False,3.387e-05,,4.719,5.453,4.693,True
12779,2026-07-21T01:02:39.05308-03:00,TUTUSDT,HOLD,4h,12,BEST,0.01501,0.01386,closed,0.0153,0.01478,0.01564,0.01489,0.0158,0.01457,0.0158,0.01457,True,2026-07-22T02:02:37.990517-03:00,0.0490371408318857,0.104953345316857,True,5e-05,,0.01382,0.0163,0.01343,True
12778,2026-07-21T01:02:39.05308-03:00,RAYUSDT,HOLD,4h,12,WATCH,0.7169,0.6869,closed,0.7157,0.7175,0.7189,0.7053,0.7236,0.7157,0.7258,0.7053,True,2026-07-22T02:02:36.355661-03:00,0.188938107446289,0.161978623809722,False,,,0.6013,0.7258,0.5938,True
12777,2026-07-21T01:02:39.05308-03:00,AAVEUSDT,BREAKOUT,4h,13,BEST,92.57,91.36,closed,92.26,93.02,94.92,96.18,95.0,92.14,97.48,92.14,True,2026-07-22T01:02:39.320742-03:00,24.2761836893367,0.0160956326124375,True,-3.507e-05,,97.67,102.54,90.73,True
12776,2026-07-21T01:02:39.05308-03:00,ETHUSDT,BREAKOUT,4h,13,WATCH,1926.75,1918.16,closed,1924.55,1924.1,1933.64,1930.62,1940.25,1921.81,1953.0,1915.0,True,2026-07-22T01:02:41.101667-03:00,0.396829172980235,0.0282718507282232,True,2.585e-05,,1879.18,1981.24,1848.09,True
12789,2026-07-21T02:02:38.235622-03:00,PLUMEUSDT,COILING,4h,4,STRONG,0.01064,0.01094,closed,0.01097,0.01093,0.01089,0.01139,0.01111,0.01073,0.01172,0.01073,True,2026-07-22T02:02:46.659456-03:00,0.0621687676568337,0.039338409378211,False,5e-05,,0.01121,0.01254,0.01073,True
12787,2026-07-21T02:02:38.235622-03:00,HBARUSDT,PREBREAK,1h,6,WATCH,0.06688,0.06711,closed,0.06689,0.06708,0.06777,0.0701,0.06778,0.06683,0.07101,0.06683,True,2026-07-22T02:02:39.656075-03:00,0.156491365459529,-0.0158757369239904,False,-7.007e-05,,0.06823,0.0745,0.06699,True
12786,2026-07-21T02:02:38.235622-03:00,EPICUSDT,BREAKOUT,4h,12,WATCH,0.465,0.454,closed,0.484,0.499,0.53,0.562,0.536,0.473,0.583,0.473,True,2026-07-22T02:02:44.844911-03:00,0.218683188218081,0.0877103357290958,True,5e-05,,0.6999,0.7872,0.485,True
12790,2026-07-21T02:02:38.235622-03:00,MORPHOUSDT,COILING,4h,4,STRONG,2.0,2.036,closed,2.011,2.02,2.012,2.031,2.038,1.999,2.08,1.972,True,2026-07-22T02:02:43.099547-03:00,0.172080504788618,0.0424260200209496,False,5e-05,,1.959,2.176,1.792,True
12788,2026-07-21T02:02:38.235622-03:00,ETCUSDT,COILING,4h,5,WATCH,6.97,7.08,closed,6.97,6.98,7.04,7.0,7.06,6.96,7.1,6.96,True,2026-07-22T02:02:41.409233-03:00,0.10709677647752,0.0313286468603772,False,0.0001,,6.74,7.2,6.5,True
12798,2026-07-21T03:02:38.406048-03:00,OPNUSDT,PREBREAK,1h,6,STRONG,0.0632,0.0635,closed,0.0634,0.0636,0.0629,0.0692,0.0647,0.0626,0.0733,0.0626,True,2026-07-22T04:02:40.683945-03:00,0.658752301420536,0.0148797291128363,False,5e-05,,0.0522,0.0759,0.0516,True
12797,2026-07-21T03:02:38.406048-03:00,TREEUSDT,BREAKOUT,4h,8,STRONG,0.0404,0.0384,closed,0.0432,0.0464,0.0379,0.0372,0.0492,0.0376,0.0492,0.0368,True,2026-07-22T04:02:39.259065-03:00,0.0982744502602282,-0.0242898490197425,False,-0.0001354,,0.0379,0.0477,0.0367,True
12799,2026-07-21T03:02:38.406048-03:00,SPKUSDT,PREBREAK,1h,6,STRONG,0.017778,0.017816,closed,0.017708,0.017782,0.017563,0.017415,0.017821,0.017562,0.017821,0.017298,True,2026-07-22T04:02:42.280052-03:00,1.28124736631492,0.0123640763676537,False,5e-05,,0.015906,0.018175,0.01583,True
12809,2026-07-21T04:02:36.223872-03:00,WLFIUSDT,PREBREAK,1h,6,WATCH,0.0569,0.0575,closed,0.0569,0.057,0.0567,0.0563,0.0571,0.0566,0.0573,0.056,True,2026-07-22T04:02:43.78349-03:00,-0.0686969473545294,-0.198402972592362,False,5e-05,,0.0549,0.0679,0.0513,True
12821,2026-07-21T05:02:39.697974-03:00,AAVEUSDT,HOLD,4h,13,BEST,94.92,91.36,closed,94.75,94.85,94.56,95.88,95.6,94.19,98.24,93.84,True,2026-07-22T06:02:36.152702-03:00,4.77441843712167,0.0247175328135418,True,5.514e-05,,97.43,102.54,90.73,True
12819,2026-07-21T05:02:39.697974-03:00,ADAUSDT,HOLD,4h,15,BEST,0.1764,0.172,closed,0.1753,0.1744,0.1745,0.1712,0.1763,0.1741,0.1769,0.1704,True,2026-07-22T06:02:31.641069-03:00,1.3806039021166,0.0312989672133973,True,0.0001,,0.1573,0.1808,0.1533,True
12820,2026-07-21T05:02:39.697974-03:00,EPICUSDT,HOLD,4h,15,WATCH,0.512,0.456,closed,0.511,0.53,0.526,0.5635,0.552,0.502,0.5869,0.502,True,2026-07-22T06:02:33.203133-03:00,4.16221463836704,0.0911800006430764,True,5e-05,,0.6799,0.7872,0.505,True
12822,2026-07-21T05:02:39.697974-03:00,BNBUSDT,BREAKOUT,4h,13,WATCH,576.85,575.91,closed,576.65,577.29,576.29,568.58,579.79,576.18,579.79,566.89,True,2026-07-22T05:02:41.367557-03:00,0.779312940448084,-0.0847989743090032,True,9.386e-05,,565.49,579.79,556.0,True
12826,2026-07-21T05:02:39.697974-03:00,FETUSDT,BREAKOUT,4h,11,BEST,0.1599,0.1594,closed,0.16,0.1593,0.1591,0.1542,0.1607,0.1584,0.1607,0.1537,True,2026-07-22T06:02:34.905187-03:00,0.167969704769002,-0.0213506240745981,True,0.0001,,0.1425,0.161,0.1398,True
12824,2026-07-21T05:02:39.697974-03:00,CFGUSDT,BREAKOUT,4h,13,BEST,0.1781,0.1755,closed,0.1788,0.1777,0.1866,0.1791,0.1877,0.1771,0.1892,0.1771,True,2026-07-22T05:02:45.267959-03:00,0.273363832374421,0.125857517797649,False,5e-05,,0.1802,0.1916,0.1693,True
12823,2026-07-21T05:02:39.697974-03:00,ONDOUSDT,BREAKOUT,4h,13,BEST,0.3906,0.3624,closed,0.3888,0.3899,0.4008,0.4012,0.409,0.3857,0.4118,0.3857,True,2026-07-22T05:02:43.635346-03:00,1.2109463652677,-0.00455173713713333,True,-5.485e-05,,0.3904,0.4227,0.3719,True
12825,2026-07-21T05:02:39.697974-03:00,PENDLEUSDT,BREAKOUT,4h,12,BEST,1.666,1.629,closed,1.65,1.64,1.661,1.581,1.675,1.638,1.679,1.577,True,2026-07-22T05:02:46.781161-03:00,2.04192940616641,-0.00641737939379407,True,0.0001,,1.465,1.679,1.453,True
12836,2026-07-21T06:02:43.180997-03:00,PENDLEUSDT,HOLD,4h,11,BEST,1.666,1.629,closed,1.643,1.647,1.667,1.588,1.679,1.638,1.679,1.577,True,2026-07-22T07:02:47.364602-03:00,2.04192940616641,-0.00641737939379407,True,0.0001,,1.466,1.679,1.453,True
12839,2026-07-21T06:02:43.180997-03:00,ENAUSDT,HOLD,4h,9,STRONG,0.0857,0.0838,closed,0.0849,0.0861,0.0869,0.0883,0.0876,0.0848,0.0884,0.0848,True,2026-07-22T07:02:45.717699-03:00,0.161538303634551,-0.0647550796489231,True,5e-05,,0.0833,0.0932,0.0819,True
12837,2026-07-21T06:02:43.180997-03:00,UNIUSDT,HOLD,4h,10,STRONG,3.725,3.646,closed,3.695,3.707,3.696,3.733,3.713,3.676,3.741,3.637,True,2026-07-22T07:02:48.846839-03:00,0.133128604718794,-0.0101271659547821,True,0.0001,,3.731,3.962,3.611,True
12835,2026-07-21T06:02:43.180997-03:00,ONDOUSDT,HOLD,4h,12,BEST,0.3906,0.3624,closed,0.3917,0.4016,0.4034,0.4034,0.409,0.3877,0.4118,0.3877,True,2026-07-22T07:02:44.106243-03:00,1.2109463652677,-0.00455173713713333,True,-5.485e-05,,0.3889,0.4227,0.3719,True
12838,2026-07-21T06:02:43.180997-03:00,ASTERUSDT,HOLD,4h,10,WATCH,0.633,0.627,closed,0.629,0.631,0.63,0.624,0.633,0.629,0.633,0.62,True,2026-07-22T07:02:42.541927-03:00,0.699956282686185,0.0793535241068241,True,5e-05,,0.623,0.641,0.617,True
12851,2026-07-21T07:02:33.268935-03:00,ATOMUSDT,COILING,4h,7,WATCH,1.507,1.509,closed,1.503,1.499,1.502,1.465,1.508,1.495,1.508,1.462,True,2026-07-22T07:02:50.395733-03:00,0.156764753592554,0.182175012498041,False,7.226e-05,,1.306,1.506,1.285,True
12848,2026-07-21T07:02:33.268935-03:00,DOTUSDT,BREAKOUT,4h,13,WATCH,0.856,0.841,closed,0.867,0.862,0.861,0.837,0.869,0.855,0.869,0.836,True,2026-07-22T07:02:51.852254-03:00,0.518124829445827,-0.00953854933217101,False,9.75e-05,,0.763,0.864,0.748,True
12849,2026-07-21T07:02:33.268935-03:00,MIRAUSDT,HOLD,4h,10,STRONG,0.043,0.0417,closed,0.0418,0.0419,0.0421,0.0446,0.0422,0.0414,0.0536,0.0413,True,2026-07-22T07:02:53.338124-03:00,0.0611250670588402,0.0209997480207494,True,-8.351e-05,,0.0392,0.0695,0.0383,True
12850,2026-07-21T07:02:33.268935-03:00,XRPUSDT,HOLD,4h,8,WATCH,1.1362,1.1207,closed,1.1334,1.132,1.1416,1.1353,1.145,1.1296,1.1646,1.1288,True,2026-07-22T07:02:54.904745-03:00,11.3272610284011,-0.0786172467050772,True,1.65e-05,,1.0556,1.1646,1.0535,True
12852,2026-07-21T07:02:33.268935-03:00,PLUMEUSDT,COILING,4h,7,STRONG,0.01094,0.01102,closed,0.01095,0.01123,0.01155,0.01177,0.01163,0.01093,0.0118,0.01093,True,2026-07-22T07:02:56.501192-03:00,0.180100978457224,0.0363834739208643,False,5e-05,,0.01135,0.01254,0.01098,True
12862,2026-07-21T08:02:38.270757-03:00,MORPHOUSDT,COILING,4h,6,STRONG,2.024,2.036,closed,1.989,1.993,2.01,2.026,2.018,1.972,2.08,1.972,True,2026-07-22T08:02:40.494927-03:00,0.260277154570379,0.0528511480110323,False,5e-05,,1.961,2.176,1.792,True
12858,2026-07-21T08:02:38.270757-03:00,TSTUSDT,HOLD,4h,13,BEST,0.01233,0.01154,closed,0.01136,0.01155,0.01166,0.01148,0.0118,0.01134,0.01196,0.01134,True,2026-07-22T08:02:44.282107-03:00,0.735992009891461,0.06927341843857,True,5e-05,,0.0109,0.01267,0.01042,True
12859,2026-07-21T08:02:38.270757-03:00,DEXEUSDT,BREAKOUT,4h,8,STRONG,41.039,36.881,closed,15.944,14.786,9.572,4.898,23.875,9.231,23.875,4.124,True,2026-07-22T08:02:42.383072-03:00,0.0282421763015093,0.0748811247305628,True,-0.00031775,,3.213,14.988,1.56,True
12860,2026-07-21T08:02:38.270757-03:00,ARKMUSDT,COILING,4h,8,STRONG,0.108,0.1082,closed,0.1114,0.1106,0.11,0.1123,0.1119,0.1092,0.1139,0.1089,True,2026-07-22T08:02:45.615302-03:00,0.22972417579037,0.121278061792886,False,-3.696e-05,,0.1001,0.1139,0.0981,True
12861,2026-07-21T08:02:38.270757-03:00,DOGEUSDT,COILING,4h,6,WATCH,0.07334,0.07359,closed,0.0736,0.07364,0.07311,0.07276,0.07375,0.07309,0.0739,0.07209,True,2026-07-22T08:02:38.938797-03:00,0.0988564952053011,0.0257012107631632,True,0.0001,,0.07,0.07404,0.0682,True
12874,2026-07-21T09:02:40.026866-03:00,BCHUSDT,HOLD,4h,8,STRONG,225.3,223.8,closed,225.1,225.1,225.6,221.3,226.8,223.7,226.8,220.3,True,2026-07-22T09:02:43.346728-03:00,0.168028674327154,-0.0646860016231267,True,3.159e-05,,213.8,226.8,207.6,True
12875,2026-07-21T09:02:40.026866-03:00,TAOUSDT,BREAKOUT,4h,8,STRONG,201.7,201.4,closed,202.1,201.4,199.6,196.7,202.5,199.1,202.5,195.6,True,2026-07-22T09:02:44.949321-03:00,0.00117174661024518,-0.00508267948930616,True,5e-05,,188.5,202.5,183.5,True
12873,2026-07-21T09:02:40.026866-03:00,ENAUSDT,BREAKOUT,4h,9,STRONG,0.0872,0.0844,closed,0.0871,0.0869,0.0861,0.0887,0.0876,0.0855,0.089,0.0852,True,2026-07-22T09:02:41.4529-03:00,0.234867483192018,-0.0585242479974131,True,5e-05,,0.0837,0.0932,0.0819,True
12876,2026-07-21T09:02:40.026866-03:00,ETHUSDT,PREBREAK,1h,8,WATCH,1935.69,1953.0,closed,1936.99,1940.91,1932.06,1925.77,1945.23,1923.36,1945.23,1910.68,True,2026-07-22T10:02:40.755836-03:00,0.587917633448984,0.0662400589591884,True,4.126e-05,,1892.48,1981.24,1848.09,True
12872,2026-07-21T09:02:40.026866-03:00,CFGUSDT,HOLD,4h,13,BEST,0.1866,0.1755,closed,0.1853,0.1863,0.1861,0.1839,0.1892,0.1841,0.1892,0.1783,True,2026-07-22T10:02:38.903571-03:00,0.901908115702988,0.106509285326823,False,5e-05,,0.181,0.1916,0.1693,True
12886,2026-07-21T10:02:35.282272-03:00,KERNELUSDT,COILING,4h,7,STRONG,0.035,0.0353,closed,0.0349,0.035,0.0351,0.0341,0.0355,0.0347,0.0362,0.0336,True,2026-07-22T10:02:42.61512-03:00,1.18707662358085,0.0252485724395267,False,5e-05,,0.0329,0.0375,0.0316,True
12884,2026-07-21T10:02:35.282272-03:00,ICPUSDT,COILING,4h,8,WATCH,2.225,2.239,closed,2.23,2.245,2.227,2.18,2.25,2.223,2.25,2.165,True,2026-07-22T10:02:47.517215-03:00,3.6678111668659,0.0535366070139803,True,6.324e-05,,2.102,2.25,2.075,True
12885,2026-07-21T10:02:35.282272-03:00,SENTUSDT,PREBREAK,1h,7,STRONG,0.01407,0.01417,closed,0.01406,0.01397,0.01383,0.01416,0.01413,0.0138,0.01423,0.01375,True,2026-07-22T10:02:49.050431-03:00,0.00792887839500756,0.0399133745265034,False,-3.191e-05,,0.01218,0.01423,0.01144,True
12883,2026-07-21T10:02:35.282272-03:00,OPNUSDT,COILING,4h,8,STRONG,0.0645,0.0646,closed,0.0663,0.0663,0.0692,0.0661,0.0733,0.0658,0.0733,0.0648,True,2026-07-22T10:02:44.315537-03:00,0.995981697680392,0.0360285287583558,True,5e-05,,0.0509,0.0759,0.0503,True
12882,2026-07-21T10:02:35.282272-03:00,PLUMEUSDT,BREAKOUT,4h,12,BEST,0.0113,0.01102,closed,0.01141,0.01155,0.01121,0.01169,0.01172,0.01117,0.0118,0.01109,True,2026-07-22T10:02:46.055774-03:00,0.284385384550893,0.0696042393558589,True,2.735e-05,,0.0117,0.01254,0.01098,True
12893,2026-07-21T11:02:39.062001-03:00,ASTERUSDT,COILING,4h,6,WATCH,0.631,0.634,closed,0.628,0.627,0.626,0.627,0.631,0.624,0.631,0.62,True,2026-07-22T11:02:40.398447-03:00,0.174067709805635,0.106236727898209,True,2.682e-05,,0.616,0.641,0.609,True
12895,2026-07-21T11:02:39.062001-03:00,ATOMUSDT,COILING,4h,5,WATCH,1.503,1.509,closed,1.498,1.494,1.491,1.469,1.503,1.485,1.503,1.458,True,2026-07-22T12:02:42.11235-03:00,0.0975962859119113,0.159686371326665,False,7.226e-05,,1.295,1.498,1.285,True
12892,2026-07-21T11:02:39.062001-03:00,GIGGLEUSDT,COILING,4h,7,STRONG,26.68,26.84,closed,26.82,26.66,26.73,26.61,27.16,26.63,27.18,26.11,True,2026-07-22T11:02:41.919911-03:00,0.853785396730565,0.0518810491732002,False,3.377e-05,,26.13,27.77,25.0,True
12894,2026-07-21T11:02:39.062001-03:00,ZROUSDT,COILING,4h,5,STRONG,0.815,0.825,closed,0.815,0.83,0.838,0.827,0.847,0.808,0.849,0.792,True,2026-07-22T12:02:43.429297-03:00,0.426730414617934,0.0724560256446695,False,4.842e-05,,0.846,0.965,0.787,True
12901,2026-07-21T12:02:38.336802-03:00,SYRUPUSDT,COILING,4h,5,STRONG,0.1871,0.1916,closed,0.1927,0.1906,0.1866,0.1804,0.1938,0.1864,0.1938,0.1794,True,2026-07-22T12:02:47.913717-03:00,0.0405299640569098,0.0501320716962514,False,5e-05,,0.1662,0.191,0.1641,True
12903,2026-07-21T12:02:38.336802-03:00,BNBUSDT,PREBREAK,1h,3,WATCH,575.79,579.79,closed,575.34,574.92,573.11,571.36,575.82,572.15,575.82,566.89,True,2026-07-22T12:02:46.167062-03:00,-0.342742495003776,-0.0725371062961823,True,9.386e-05,,573.3,577.2,556.0,True
12902,2026-07-21T12:02:38.336802-03:00,DASHUSDT,PREBREAK,1h,4,STRONG,34.55,34.86,closed,34.62,34.68,35.01,33.65,35.2,34.49,35.2,33.23,True,2026-07-22T12:02:44.750352-03:00,-0.07111018616071,0.00378164200569024,False,7.609e-05,,31.69,35.2,29.94,True
12908,2026-07-21T13:02:34.422708-03:00,XRPUSDT,BREAKOUT,4h,13,WATCH,1.1548,1.1385,closed,1.154,1.1499,1.1549,1.1499,1.1646,1.1482,1.1646,1.1288,True,2026-07-22T13:02:41.211029-03:00,0.903096998032841,-0.0540298157597486,True,2.88e-06,,1.064,1.1646,1.045,True
12912,2026-07-21T13:02:34.422708-03:00,SHIBUSDT,HOLD,4h,10,WATCH,4.29e-06,4.27e-06,closed,4.28e-06,4.29e-06,4.28e-06,4.25e-06,4.29e-06,4.25e-06,4.29e-06,4.22e-06,True,2026-07-22T13:02:39.607294-03:00,0.135252617509342,-0.00358791133167456,True,6.613e-05,,4.66e-06,5.83e-06,4.09e-06,True
12909,2026-07-21T13:02:34.422708-03:00,AAVEUSDT,BREAKOUT,4h,13,BEST,96.17,94.98,closed,96.1,96.31,95.27,97.29,96.66,94.96,98.69,94.7,True,2026-07-22T13:02:42.974605-03:00,0.610281861781783,0.0211312855700678,True,-2.51e-06,,101.26,102.54,90.73,True
12911,2026-07-21T13:02:34.422708-03:00,VETUSDT,BREAKOUT,4h,13,WATCH,0.004969,0.004899,closed,0.004974,0.004967,0.004933,0.004884,0.005014,0.004925,0.005014,0.004836,True,2026-07-22T13:02:37.982134-03:00,18.632544303752,-0.00668987897470355,True,7.549e-05,,0.004577,0.005014,0.004463,True
12910,2026-07-21T13:02:34.422708-03:00,GIGGLEUSDT,BREAKOUT,4h,13,BEST,27.06,26.84,closed,27.03,26.97,26.75,27.01,27.16,26.63,27.18,26.11,True,2026-07-22T13:02:36.333575-03:00,7.68965504160726,0.0407764652980225,True,5e-05,,26.29,27.77,25.0,True
12921,2026-07-21T14:02:37.533649-03:00,DASHUSDT,COILING,4h,5,STRONG,34.69,35.02,closed,34.66,34.84,34.8,33.65,35.2,34.49,35.2,33.23,True,2026-07-22T14:02:53.503341-03:00,0.0729162829992209,0.0282612580944393,True,-4.51e-06,,31.59,35.2,29.94,True
12919,2026-07-21T14:02:37.533649-03:00,ETHUSDT,COILING,4h,9,WATCH,1931.81,1940.25,closed,1924.99,1916.48,1920.92,1949.16,1928.38,1915.0,1956.45,1910.68,True,2026-07-22T14:02:56.911938-03:00,0.306652187680848,0.0468230645461018,True,3.598e-05,,1901.89,1981.24,1848.09,True
12917,2026-07-21T14:02:37.533649-03:00,VETUSDT,HOLD,4h,10,WATCH,0.004969,0.004843,closed,0.004967,0.004957,0.004936,0.004942,0.005014,0.004922,0.005014,0.004836,True,2026-07-22T14:02:51.687455-03:00,18.632544303752,-0.00668987897470355,True,7.549e-05,,0.004525,0.005014,0.004463,True
12918,2026-07-21T14:02:37.533649-03:00,AAVEUSDT,HOLD,4h,9,STRONG,96.17,92.76,closed,96.02,95.16,95.0,98.42,96.37,94.7,98.69,94.7,True,2026-07-22T14:02:58.652173-03:00,0.610281861781783,0.0211312855700678,True,-2.51e-06,,100.44,102.54,90.73,True
12920,2026-07-21T14:02:37.533649-03:00,OPUSDT,COILING,4h,6,STRONG,0.0972,0.0974,closed,0.0974,0.097,0.0975,0.0989,0.0984,0.0963,0.0991,0.0959,True,2026-07-22T14:02:55.1056-03:00,1.05544961838444,0.0755571678715248,True,0.0001,,0.0893,0.0991,0.0854,True
12928,2026-07-21T15:02:35.026022-03:00,ICPUSDT,COILING,4h,6,WATCH,2.238,2.239,closed,2.223,2.22,2.213,2.21,2.231,2.206,2.231,2.165,True,2026-07-22T15:02:35.953515-03:00,1.69573019787565,0.0480480041502917,True,2.407e-05,,2.11,2.226,2.075,True
12929,2026-07-21T15:02:35.026022-03:00,DOGEUSDT,COILING,4h,4,WATCH,0.07347,0.07359,closed,0.07343,0.0734,0.07325,0.07311,0.07366,0.07322,0.0739,0.07209,True,2026-07-22T16:02:37.04444-03:00,0.0901143511112034,0.0260858939678342,True,0.0001,,0.07074,0.07404,0.0682,True
12935,2026-07-21T16:02:34.682274-03:00,XRPUSDT,HOLD,4h,7,WATCH,1.1548,1.1258,closed,1.159,1.1549,1.139,1.1411,1.1646,1.1387,1.1646,1.1288,True,2026-07-22T16:02:38.380386-03:00,0.903096998032841,-0.0540298157597486,True,2.88e-06,,1.0612,1.1577,1.045,True
12937,2026-07-21T16:02:34.682274-03:00,JUPUSDT,PREBREAK,1h,5,STRONG,0.199,0.2009,closed,0.1968,0.1977,0.1997,0.1896,0.2011,0.1959,0.202,0.188,True,2026-07-22T16:02:41.270259-03:00,-0.474461761914025,-0.0931872208812316,False,5e-05,,0.1894,0.202,0.1789,True
12936,2026-07-21T16:02:34.682274-03:00,PYTHUSDT,PREBREAK,1h,7,STRONG,0.04761,0.04813,closed,0.04754,0.04731,0.04714,0.04781,0.04768,0.0471,0.04873,0.04645,True,2026-07-22T16:02:39.837194-03:00,-0.124909868107703,-0.130006039230547,False,2.475e-05,,0.04176,0.04923,0.04125,True
12947,2026-07-21T17:02:34.526533-03:00,PLUMEUSDT,HOLD,4h,12,BEST,0.01136,0.01111,closed,0.01143,0.01134,0.01151,0.01134,0.0116,0.01128,0.01188,0.01128,True,2026-07-22T17:02:39.317194-03:00,0.325389473225889,0.0638529845989203,True,5e-05,,0.01226,0.01254,0.01098,True
12944,2026-07-21T17:02:34.526533-03:00,MITOUSDT,HOLD,4h,13,BEST,0.02604,0.02325,closed,0.02541,0.02502,0.02485,0.02449,0.02601,0.02415,0.02601,0.02261,True,2026-07-22T17:02:34.622157-03:00,0.441308902871452,0.101521777287121,True,5e-05,,0.02319,0.02731,0.02227,True
12945,2026-07-21T17:02:34.526533-03:00,ARKMUSDT,HOLD,4h,13,BEST,0.1127,0.1092,closed,0.1122,0.1119,0.1121,0.1105,0.1139,0.1114,0.1139,0.1101,True,2026-07-22T17:02:42.79651-03:00,0.703253555412041,0.171811609192459,True,-5.098e-05,,0.1012,0.1139,0.0981,True
12946,2026-07-21T17:02:34.526533-03:00,1INCHUSDT,HOLD,4h,12,WATCH,0.083,0.0766,closed,0.0827,0.0838,0.082,0.0821,0.0842,0.0814,0.0842,0.0806,True,2026-07-22T17:02:40.977459-03:00,1.03372993258614,0.0475501420823371,True,-0.00013597,,0.0848,0.0887,0.0806,True
12943,2026-07-21T17:02:34.526533-03:00,OPUSDT,HOLD,4h,13,BEST,0.0979,0.0963,closed,0.0978,0.0975,0.0985,0.098,0.0988,0.0974,0.0991,0.0959,True,2026-07-22T17:02:36.922854-03:00,1.49476148605542,0.0781382158290485,True,0.0001,,0.0893,0.0991,0.0854,True
12957,2026-07-21T18:02:37.890848-03:00,SYRUPUSDT,COILING,4h,3,STRONG,0.1858,0.1916,closed,0.1843,0.1845,0.1834,0.1803,0.1852,0.1823,0.1852,0.1783,True,2026-07-22T18:02:46.201206-03:00,0.0766227983141242,0.0880367139220872,False,4.838e-05,,0.1665,0.1846,0.1641,True
12953,2026-07-21T18:02:37.890848-03:00,UNIUSDT,HOLD,4h,8,STRONG,3.691,3.646,closed,3.705,3.702,3.725,3.83,3.741,3.699,3.871,3.657,True,2026-07-22T18:02:44.760406-03:00,0.113172142302669,-0.0367195465760434,False,0.0001,,3.909,3.962,3.611,True
12955,2026-07-21T18:02:37.890848-03:00,XLMUSDT,COILING,4h,6,STRONG,0.1936,0.1937,closed,0.1925,0.1925,0.1947,0.187,0.1956,0.1908,0.1956,0.1868,True,2026-07-22T18:02:41.491023-03:00,0.240737797379888,0.0481329413303596,True,0.0001,,0.1743,0.1956,0.1697,True
12954,2026-07-21T18:02:37.890848-03:00,JSTUSDT,COILING,4h,7,WATCH,0.10053,0.1024,closed,0.1008,0.10073,0.10122,0.10183,0.10311,0.10053,0.10311,0.10053,True,2026-07-22T18:02:42.757527-03:00,0.101994925848047,0.197245742686484,False,-2.929e-05,,0.09967,0.10608,0.09892,True
12956,2026-07-21T18:02:37.890848-03:00,HMSTRUSDT,COILING,4h,4,WATCH,0.0001815,0.000186,closed,0.0001812,0.0001821,0.0001807,0.0001821,0.0001834,0.0001769,0.0001898,0.0001769,True,2026-07-22T18:02:39.102013-03:00,0.250452504558979,0.0304781830499798,False,-0.0002246,,0.0001702,0.0001898,0.0001684,True
12961,2026-07-21T19:02:36.898314-03:00,DASHUSDT,COILING,4h,5,STRONG,34.93,35.02,closed,34.8,34.8,34.77,33.56,35.09,34.68,35.09,33.23,True,2026-07-22T19:02:39.4462-03:00,0.178969079219956,0.0445569975851558,True,-4.51e-06,,31.2,35.09,29.94,True
12960,2026-07-21T19:02:36.898314-03:00,ETHUSDT,COILING,4h,6,WATCH,1923.39,1953.0,closed,1922.15,1918.1,1931.73,1935.1,1944.68,1916.67,1956.45,1910.68,True,2026-07-22T19:02:37.975507-03:00,0.398930940440028,0.0629027926974131,False,3.598e-05,,1911.9,1981.24,1848.09,True
12967,2026-07-21T20:02:48.199124-03:00,ICPUSDT,COILING,4h,6,WATCH,2.219,2.239,closed,2.207,2.223,2.207,2.21,2.226,2.204,2.226,2.165,True,2026-07-22T21:02:34.44682-03:00,8.13011412132561,0.0435829311436174,True,2.407e-05,,2.12,2.226,2.075,True
12973,2026-07-21T21:02:35.094019-03:00,MORPHOUSDT,BREAKOUT,4h,14,BEST,2.072,2.038,closed,2.073,2.068,2.045,1.917,2.08,2.044,2.08,1.792,True,2026-07-22T21:02:39.654493-03:00,0.28467669074348,0.0228569678371596,True,5e-05,,2.033,2.176,1.792,True
12972,2026-07-21T21:02:35.094019-03:00,EPICUSDT,HOLD,4h,14,BEST,0.545,0.474,closed,0.547,0.539,0.547,0.6015,0.583,0.525,0.6375,0.508,True,2026-07-22T21:02:37.922757-03:00,1.53150851510637,0.0533103825011031,False,4.411e-05,,0.7029,0.7872,0.508,True
12974,2026-07-21T21:02:35.094019-03:00,ASTERUSDT,HOLD,4h,8,WATCH,0.628,0.627,closed,0.629,0.63,0.623,0.622,0.63,0.622,0.63,0.62,True,2026-07-22T21:02:36.182523-03:00,0.183291326062303,0.0174238981696627,True,5e-05,,0.623,0.641,0.609,True
12984,2026-07-21T22:02:29.310728-03:00,WBTCUSDT,PREBREAK,1h,8,WATCH,66601.99,66883.45,closed,66433.2,66307.62,66304.47,66009.73,66573.69,66113.2,66573.69,65482.68,True,2026-07-22T22:02:42.837428-03:00,-0.0192144475745865,0.121692108834899,True,,,63708.95,66459.08,62768.62,True
12982,2026-07-21T22:02:29.310728-03:00,JSTUSDT,PREBREAK,1h,15,WATCH,0.10134,0.10166,closed,0.10132,0.10136,0.10176,0.10214,0.10194,0.10115,0.10276,0.10085,True,2026-07-22T22:02:39.768757-03:00,0.0708164508193969,0.15079539101221,False,2.414e-05,,0.10025,0.10608,0.09892,True
12983,2026-07-21T22:02:29.310728-03:00,MORPHOUSDT,HOLD,4h,12,BEST,2.072,2.038,closed,2.066,2.056,2.031,1.91,2.08,2.025,2.08,1.792,True,2026-07-22T22:02:41.370071-03:00,0.28467669074348,0.0228569678371596,True,5e-05,,2.016,2.176,1.792,True
12990,2026-07-21T23:02:37.299492-03:00,VETUSDT,HOLD,4h,10,WATCH,0.004961,0.004912,closed,0.004926,0.004911,0.004868,0.004873,0.004966,0.004865,0.004966,0.004836,True,2026-07-23T00:02:40.390311-03:00,8.92613444743708,0.00727282005853513,True,0.0001,,0.004539,0.004966,0.004463,True
13004,2026-07-22T01:02:35.180102-03:00,XLMUSDT,COILING,4h,4,STRONG,0.1911,0.1964,closed,0.1921,0.1916,0.1887,0.1838,0.1922,0.1879,0.1923,0.1836,True,2026-07-23T02:02:36.644107-03:00,0.0911721007393513,0.082706172392702,False,0.0001,,0.1729,0.1923,0.1697,True
13003,2026-07-22T01:02:35.180102-03:00,JSTUSDT,COILING,4h,7,WATCH,0.10177,0.1024,closed,0.10182,0.10176,0.10189,0.1019,0.10227,0.10157,0.10276,0.10085,True,2026-07-23T01:02:35.25759-03:00,0.0671729623585695,0.10227849136459,True,-1.81e-05,,0.1008,0.10608,0.09892,True
13013,2026-07-22T03:02:31.694109-03:00,ENSUSDT,PREBREAK,1h,10,STRONG,4.57,4.6,closed,4.61,4.5,4.53,4.55,4.63,4.48,4.68,4.48,True,2026-07-23T03:02:34.136969-03:00,-0.00475414121346347,-0.00407812619262905,False,5.196e-05,,4.23,4.68,4.17,True
13025,2026-07-22T05:02:33.370946-03:00,LINKUSDT,COILING,4h,6,WATCH,8.583,8.761,closed,8.603,8.622,8.632,8.532,8.685,8.586,8.757,8.526,True,2026-07-23T05:02:43.918618-03:00,0.15490455424185,0.0296658282484596,False,0.0001,,8.429,8.916,8.192,True
13024,2026-07-22T05:02:33.370946-03:00,HBARUSDT,HOLD,4h,13,WATCH,0.0702,0.06891,closed,0.07048,0.07155,0.07148,0.07364,0.07195,0.07026,0.07419,0.07026,True,2026-07-23T05:02:42.145839-03:00,10.9773740273248,0.0422495993251733,False,-7.41e-06,,0.06834,0.0745,0.06709,True
13026,2026-07-22T05:02:33.370946-03:00,ICPUSDT,COILING,4h,3,WATCH,2.179,2.25,closed,2.183,2.185,2.192,2.197,2.198,2.18,2.221,2.174,True,2026-07-23T05:02:40.611413-03:00,1.61329225386956,0.0462170590863537,False,-1.807e-05,,2.08,2.221,2.056,True
13040,2026-07-22T06:02:30.867952-03:00,TRUMPUSDT,PREBREAK,1h,4,STRONG,1.594,1.61,closed,1.599,1.603,1.592,1.641,1.612,1.586,1.648,1.575,True,2026-07-23T06:02:37.4082-03:00,0.00106813483801491,-0.0415011156009667,False,5e-05,,1.444,1.67,1.411,True
13041,2026-07-22T06:02:30.867952-03:00,XLMUSDT,COILING,4h,4,STRONG,0.1886,0.1964,closed,0.1897,0.1897,0.1882,0.1846,0.1905,0.1881,0.1923,0.1834,True,2026-07-23T06:02:35.437447-03:00,0.114388354362888,0.0933204692456708,False,-8.809e-05,,0.1743,0.1923,0.1697,True
13048,2026-07-22T07:02:40.722758-03:00,SENTUSDT,PREBREAK,1h,3,STRONG,0.014,0.01413,closed,0.01397,0.01403,0.01411,0.01352,0.01417,0.01396,0.01421,0.01349,True,2026-07-23T07:02:58.960235-03:00,-0.00100409255986542,-0.0259878351192529,False,-3.521e-05,,0.0117,0.01421,0.01131,True
13059,2026-07-22T08:02:37.872324-03:00,CRVUSDT,PREBREAK,1h,5,STRONG,0.215,0.217,closed,0.215,0.2163,0.215,0.2115,0.2176,0.2144,0.2198,0.2103,True,2026-07-23T09:02:38.687706-03:00,-0.195480686128899,0.0308125619910038,False,5.384e-05,,0.211,0.2198,0.2007,True
13058,2026-07-22T08:02:37.872324-03:00,KITEUSDT,PREBREAK,1h,7,STRONG,0.1192,0.1203,closed,0.1186,0.1189,0.1211,0.1135,0.1229,0.1171,0.1287,0.1103,True,2026-07-23T09:02:40.162609-03:00,0.276054465098323,0.00591119934444314,False,5e-05,,0.0923,0.1287,0.0904,True
13066,2026-07-22T09:02:36.793809-03:00,ZAMAUSDT,BREAKOUT,4h,12,BEST,0.04426,0.04139,closed,0.04487,0.04441,0.04193,0.0531,0.04537,0.04151,0.05441,0.04133,True,2026-07-23T09:02:41.537965-03:00,0.257158835574551,0.0790583203159823,True,-3.421e-05,,0.06398,0.06672,0.04133,True
13065,2026-07-22T09:02:36.793809-03:00,ENAUSDT,BREAKOUT,4h,12,BEST,0.0888,0.0878,closed,0.0887,0.0888,0.0893,0.0915,0.0903,0.0877,0.093,0.0877,True,2026-07-23T09:02:43.47563-03:00,0.171010392260567,-0.0459737245032077,True,5e-05,,0.0812,0.0932,0.0793,True
13076,2026-07-22T10:02:38.064001-03:00,ENAUSDT,PREBREAK,1h,9,STRONG,0.0886,0.0888,closed,0.0884,0.0893,0.0911,0.09,0.0913,0.0877,0.093,0.0877,True,2026-07-23T11:02:34.599629-03:00,0.171010392260567,-0.0459737245032077,True,5e-05,,0.081,0.0932,0.0793,True
13075,2026-07-22T10:02:38.064001-03:00,EPICUSDT,BREAKOUT,4h,13,BEST,0.6298,0.583,closed,0.6083,0.596,0.6052,0.6118,0.6184,0.5724,0.6184,0.5724,True,2026-07-23T11:02:36.353647-03:00,1.01182268551571,0.0214753533872338,True,5e-05,,0.7187,0.7872,0.5362,True
13089,2026-07-22T11:02:36.467543-03:00,TAOUSDT,PREBREAK,1h,5,STRONG,200.9,202.1,closed,200.2,199.2,199.6,193.5,202.0,198.4,202.0,193.5,True,2026-07-23T11:02:41.487587-03:00,-0.00863660472544442,0.0629546087595549,False,5e-05,,193.0,201.5,183.5,True
13088,2026-07-22T11:02:36.467543-03:00,BLURUSDT,BREAKOUT,4h,10,STRONG,0.01628,0.01603,closed,0.01726,0.01647,0.01601,0.01531,0.01789,0.016,0.01789,0.01512,True,2026-07-23T11:02:38.120267-03:00,0.031134899704715,0.110824840046239,False,5e-05,,0.01397,0.01666,0.0139,True
13087,2026-07-22T11:02:36.467543-03:00,UNIUSDT,BREAKOUT,4h,10,STRONG,3.785,3.741,closed,3.774,3.761,3.794,3.776,3.871,3.738,3.885,3.738,True,2026-07-23T11:02:39.711936-03:00,0.0673384471803834,0.00207434715520893,True,0.0001,,4.012,4.082,3.611,True
13100,2026-07-22T12:02:40.987288-03:00,ADAUSDT,PREBREAK,1h,8,STRONG,0.1754,0.1754,closed,0.1772,0.1772,0.1755,0.169,0.1808,0.1752,0.1808,0.1683,True,2026-07-23T13:02:42.543559-03:00,0.322544406698222,-0.00231325452583202,False,6.82e-05,,0.1631,0.1808,0.1533,True
13099,2026-07-22T12:02:40.987288-03:00,AAVEUSDT,PREBREAK,1h,8,STRONG,97.27,98.24,closed,97.29,97.3,97.88,95.95,98.63,97.09,98.96,95.54,True,2026-07-23T13:02:43.981369-03:00,0.80942155431069,0.0175047222543895,False,6.325e-05,,98.72,102.54,90.73,True
13119,2026-07-22T13:02:35.499113-03:00,GIGGLEUSDT,PREBREAK,1h,9,STRONG,26.97,27.18,closed,27.06,27.04,26.59,25.93,27.17,26.58,27.17,25.51,True,2026-07-23T13:02:48.270584-03:00,0.952228799829467,-0.00207155444228264,False,5e-05,,25.36,27.77,25.0,True
13118,2026-07-22T13:02:35.499113-03:00,BIOUSDT,HOLD,4h,10,STRONG,0.0275,0.02641,closed,0.02734,0.02734,0.02684,0.02618,0.02766,0.02672,0.02766,0.02603,True,2026-07-23T13:02:51.360211-03:00,1.78711882807064,0.000698355644351026,False,5e-05,,0.02264,0.02846,0.02239,True
13121,2026-07-22T13:02:35.499113-03:00,FILUSDT,HOLD,4h,8,STRONG,0.7694,0.76,closed,0.7701,0.773,0.7623,0.7258,0.7748,0.7612,0.7748,0.7239,True,2026-07-23T13:02:46.837707-03:00,1.30186803809729,-0.0535833765157028,False,0.0001,,0.6683,0.7733,0.6669,True
13120,2026-07-22T13:02:35.499113-03:00,UNIUSDT,HOLD,4h,8,STRONG,3.818,3.741,closed,3.831,3.841,3.836,3.787,3.871,3.774,3.885,3.74,True,2026-07-23T13:02:45.283131-03:00,0.0655958448926901,-0.0264474270777544,True,0.0001,,3.971,4.082,3.611,True
13122,2026-07-22T13:02:35.499113-03:00,XLMUSDT,COILING,4h,4,STRONG,0.1897,0.1964,closed,0.19,0.1914,0.187,0.1822,0.1923,0.1868,0.1923,0.1804,True,2026-07-23T13:02:49.610348-03:00,0.227695105888797,0.0972918056558537,False,0.0001,,0.1716,0.1915,0.1697,True
13133,2026-07-22T14:02:50.987355-03:00,ADAUSDT,BREAKOUT,4h,14,BEST,0.1779,0.1777,closed,0.1789,0.1778,0.1742,0.1694,0.18,0.1738,0.18,0.1681,True,2026-07-23T15:02:42.288005-03:00,0.3412275355446,0.0180863669734947,True,0.0001,,0.1653,0.1784,0.1533,True
13135,2026-07-22T14:02:50.987355-03:00,SHIBUSDT,PREBREAK,1h,10,WATCH,4.27e-06,4.29e-06,closed,4.27e-06,4.26e-06,4.26e-06,4.15e-06,4.28e-06,4.24e-06,4.28e-06,4.11e-06,True,2026-07-23T15:02:38.759535-03:00,0.159385870433573,-0.0131228881228792,False,0.0001,,4.74e-06,5.83e-06,4.09e-06,True
13134,2026-07-22T14:02:50.987355-03:00,ALGOUSDT,PREBREAK,1h,11,WATCH,0.0844,0.0848,closed,0.0844,0.0841,0.0838,0.0826,0.0846,0.0833,0.085,0.0817,True,2026-07-23T15:02:40.614385-03:00,0.20367744400799,0.0141771066652198,False,-3.67e-05,,0.077,0.0885,0.0761,True
13136,2026-07-22T14:02:50.987355-03:00,BCHUSDT,COILING,4h,4,STRONG,220.8,226.8,closed,220.8,220.2,219.0,212.7,221.5,218.5,221.5,211.6,True,2026-07-23T15:02:37.099062-03:00,0.107570003177901,0.0240759749155381,False,3.785e-05,,211.0,220.9,207.6,True
13144,2026-07-22T15:02:33.231499-03:00,ASTERUSDT,PREBREAK,1h,7,WATCH,0.623,0.63,closed,0.625,0.625,0.623,0.62,0.625,0.623,0.632,0.618,True,2026-07-23T15:02:44.102953-03:00,-0.198292950393396,0.000938449587162246,False,5e-05,,0.6,0.641,0.593,True
13158,2026-07-22T17:02:33.902243-03:00,CAKEUSDT,PREBREAK,1h,6,WATCH,1.398,1.41,closed,1.398,1.399,1.403,1.387,1.403,1.395,1.406,1.371,True,2026-07-23T17:02:35.283779-03:00,-7.8990730726781,0.0120786175370886,False,1.275e-05,,1.358,1.427,1.353,True
13157,2026-07-22T17:02:33.902243-03:00,ENAUSDT,BREAKOUT,4h,10,STRONG,0.0925,0.089,closed,0.0927,0.0927,0.0901,0.0888,0.0929,0.0898,0.0929,0.0878,True,2026-07-23T18:02:37.796242-03:00,0.269414950049637,-0.0447006246481573,True,5e-05,,0.0773,0.0932,0.0771,True
13164,2026-07-22T18:02:38.237102-03:00,ENAUSDT,HOLD,4h,9,STRONG,0.0925,0.089,closed,0.0925,0.0913,0.0903,0.0896,0.0927,0.0898,0.0929,0.0878,True,2026-07-23T18:02:39.237974-03:00,0.269414950049637,-0.0447006246481573,True,5e-05,,0.0775,0.0932,0.077,True
13165,2026-07-22T18:02:38.237102-03:00,ATOMUSDT,PREBREAK,1h,3,WATCH,1.471,1.485,closed,1.468,1.467,1.467,1.429,1.472,1.461,1.48,1.42,True,2026-07-23T18:02:40.677065-03:00,-0.349198114611613,0.247483193708752,False,-0.00019347,,1.282,1.48,1.265,True
13175,2026-07-22T20:02:37.251622-03:00,STRKUSDT,COILING,4h,7,STRONG,0.02968,0.0297,closed,0.02993,0.03009,0.02985,0.02874,0.03021,0.02978,0.03021,0.02865,True,2026-07-23T21:02:40.019851-03:00,0.798056395651642,0.057084161063454,True,5e-05,,0.02644,0.03173,0.02614,True
13185,2026-07-22T21:02:33.688219-03:00,ZAMAUSDT,BREAKOUT,4h,11,BEST,0.04764,0.04537,closed,0.04778,0.04826,0.04839,0.05335,0.05176,0.0469,0.05975,0.0469,True,2026-07-23T21:02:41.231321-03:00,0.426084485544956,0.0734128944106063,True,-0.0001188,,0.05445,0.06672,0.04772,True
13213,2026-07-23T00:02:39.347041-03:00,ATOMUSDT,PREBREAK,1h,4,WATCH,1.459,1.474,closed,1.455,1.45,1.463,1.422,1.464,1.449,1.48,1.411,True,2026-07-24T01:02:46.616449-03:00,-0.205037290722619,0.266268482216009,False,-0.00010421,,1.274,1.48,1.265,True
13249,2026-07-23T04:02:31.512196-03:00,TRUMPUSDT,PREBREAK,1h,6,STRONG,1.622,1.634,closed,1.617,1.626,1.641,1.603,1.652,1.612,1.67,1.587,True,2026-07-24T04:02:38.044234-03:00,0.250640620567155,-0.00966753838087437,False,-8.07e-06,,1.451,1.67,1.411,True
13262,2026-07-23T05:02:39.723295-03:00,TRUMPUSDT,COILING,4h,8,STRONG,1.627,1.634,closed,1.636,1.641,1.647,1.605,1.652,1.626,1.67,1.587,True,2026-07-24T06:02:57.910191-03:00,0.372137813820551,0.0408108196379303,False,2.76e-05,,1.455,1.67,1.411,True
13258,2026-07-23T05:02:39.723295-03:00,ZAMAUSDT,HOLD,4h,12,BEST,0.0501,0.04778,closed,0.04895,0.04971,0.05315,0.05133,0.05441,0.04842,0.05975,0.04842,True,2026-07-24T06:02:59.201448-03:00,0.501413175523501,0.0395238941838304,True,-0.00024677,,0.05721,0.06672,0.0488,True
13261,2026-07-23T05:02:39.723295-03:00,MEGAUSDT,BREAKOUT,4h,8,STRONG,0.04423,0.04413,closed,0.04439,0.04396,0.04374,0.04316,0.04455,0.04333,0.04455,0.04237,True,2026-07-24T06:02:56.381168-03:00,0.00837380688372765,0.00992432048123853,False,4.758e-05,,0.03715,0.04551,0.03539,True
13259,2026-07-23T05:02:39.723295-03:00,DYDXUSDT,HOLD,4h,11,BEST,0.12826,0.12485,closed,0.12819,0.12794,0.12737,0.12664,0.12856,0.1269,0.12856,0.1232,True,2026-07-24T05:02:40.283018-03:00,0.0257111185276774,0.0632341546202794,True,0.0001,,0.10756,0.12898,0.10633,True
13260,2026-07-23T05:02:39.723295-03:00,WLFIUSDT,BREAKOUT,4h,8,WATCH,0.0616,0.0575,closed,0.0623,0.063,0.0653,0.0565,0.0654,0.0611,0.0679,0.0563,True,2026-07-24T06:03:00.625177-03:00,0.257138416882183,0.00330947990512276,True,5e-05,,0.0553,0.0679,0.0536,True
13271,2026-07-23T06:02:34.742847-03:00,ASTERUSDT,PREBREAK,1h,13,WATCH,0.627,0.628,closed,0.626,0.623,0.628,0.628,0.63,0.619,0.63,0.617,True,2026-07-24T06:03:01.754152-03:00,0.109507540024805,-0.0291839079812401,False,5e-05,,0.6,0.641,0.587,True
13272,2026-07-23T06:02:34.742847-03:00,GUNUSDT,COILING,4h,3,STRONG,0.00386,0.0041,closed,0.00381,0.00379,0.00377,0.00374,0.00384,0.00377,0.00384,0.00359,True,2026-07-24T06:03:02.897004-03:00,0.242371901499902,0.0303008306046207,False,5e-05,,0.003,0.00384,0.00294,True
13282,2026-07-23T07:02:57.980459-03:00,ATOMUSDT,PREBREAK,1h,5,WATCH,1.463,1.474,closed,1.462,1.465,1.437,1.411,1.467,1.435,1.467,1.41,True,2026-07-24T08:02:40.428511-03:00,-0.115834675003424,0.240556303369329,False,-0.00016631,,1.286,1.467,1.265,True
13287,2026-07-23T08:02:32.750492-03:00,PUMPUSDT,PREBREAK,1h,5,STRONG,0.001915,0.001932,closed,0.001925,0.001935,0.00193,0.001808,0.001962,0.001912,0.001962,0.001805,True,2026-07-24T08:02:41.773506-03:00,-0.231958001537806,-0.032182951845202,False,5e-05,,0.00192,0.002185,0.001759,True
13297,2026-07-23T09:02:37.476517-03:00,JSTUSDT,COILING,4h,5,WATCH,0.10143,0.10311,closed,0.10148,0.10126,0.10014,0.1022,0.1018,0.09984,0.1024,0.09984,True,2026-07-24T09:02:39.959427-03:00,0.0302439827938208,0.061997944886526,False,-0.00033605,,0.09987,0.10608,0.09763,True
13296,2026-07-23T09:02:37.476517-03:00,KAITOUSDT,COILING,4h,9,STRONG,1.0251,1.03,closed,1.0564,1.0737,1.0185,1.0113,1.1145,1.0164,1.1145,0.991,True,2026-07-24T09:02:44.285534-03:00,0.126801395862736,0.0762912351110767,True,5e-05,,1.0864,1.3764,0.9184,True
13298,2026-07-23T09:02:37.476517-03:00,STRKUSDT,COILING,4h,4,STRONG,0.02946,0.0303,closed,0.02948,0.02924,0.02909,0.02886,0.02954,0.02897,0.02954,0.02859,True,2026-07-24T09:02:41.421482-03:00,0.933426172337547,0.0315564451989672,False,1.766e-05,,0.02548,0.03173,0.02512,True
13295,2026-07-23T09:02:37.476517-03:00,WLFIUSDT,HOLD,4h,10,WATCH,0.0648,0.0575,closed,0.0666,0.0605,0.0604,0.0574,0.0679,0.0593,0.0679,0.0561,True,2026-07-24T09:02:45.618875-03:00,0.689788137263175,0.0222713384018823,True,5e-05,,0.0552,0.0616,0.0536,True
13294,2026-07-23T09:02:37.476517-03:00,TRUMPUSDT,BREAKOUT,4h,12,BEST,1.647,1.634,closed,1.663,1.634,1.639,1.593,1.67,1.626,1.67,1.587,True,2026-07-24T09:02:43.061737-03:00,0.428008743286411,0.0401711447430769,False,5e-05,,1.449,1.657,1.411,True
13308,2026-07-23T10:02:34.404168-03:00,RENDERUSDT,PREBREAK,1h,3,WATCH,1.505,1.523,closed,1.502,1.496,1.48,1.471,1.509,1.478,1.509,1.464,True,2026-07-24T11:02:41.006667-03:00,-0.519607957802978,-0.0887159172980244,False,5e-05,,1.421,1.506,1.368,True
13309,2026-07-23T10:02:34.404168-03:00,GLMRUSDT,COILING,4h,2,STRONG,0.009025,0.0094,closed,0.008879,0.008898,0.008726,0.008433,0.009082,0.00871,0.009082,0.008279,True,2026-07-24T11:02:42.20798-03:00,0.0567832922317926,0.0440548061353953,False,,,0.007646,0.009082,0.00738,True
13321,2026-07-23T11:02:33.795593-03:00,CRVUSDT,PREBREAK,1h,7,STRONG,0.2116,0.2138,closed,0.2126,0.2121,0.2088,0.2019,0.2134,0.2079,0.2134,0.2007,True,2026-07-24T11:02:45.425091-03:00,-0.0956778431296051,-0.0377162470639041,False,1.825e-05,,0.2112,0.2172,0.2007,True
13320,2026-07-23T11:02:33.795593-03:00,ZECUSDT,PREBREAK,1h,8,STRONG,515.15,521.32,closed,517.9,514.1,507.42,498.08,522.95,503.67,522.95,492.6,True,2026-07-24T11:02:43.629547-03:00,-3.25868448379599,0.0187351245938334,False,0.0001,,474.27,516.5,451.75,True
13342,2026-07-23T13:02:41.277504-03:00,JTOUSDT,BREAKOUT,4h,11,BEST,0.6496,0.6483,closed,0.6428,0.6431,0.6376,0.5887,0.6473,0.6314,0.6473,0.5859,True,2026-07-24T13:03:03.41424-03:00,0.171757090330654,-0.0383482783008544,True,5e-05,,0.504,0.6456,0.498,True
13343,2026-07-23T13:02:41.277504-03:00,ZBTUSDT,HOLD,4h,8,STRONG,0.1112,0.1053,closed,0.1123,0.1139,0.1129,0.1069,0.1148,0.1109,0.117,0.1063,True,2026-07-24T13:03:00.000194-03:00,0.200867957845582,-0.0942565342619493,True,5e-05,,0.1244,0.1247,0.105,True
13344,2026-07-23T13:02:41.277504-03:00,BMTUSDT,COILING,4h,6,WATCH,0.0126,0.01294,closed,0.01252,0.01255,0.01265,0.01202,0.01284,0.01239,0.01327,0.01189,True,2026-07-24T13:03:01.790912-03:00,0.614309721363337,0.15129594520475,False,-2.474e-05,,0.01127,0.01327,0.01087,True
13356,2026-07-23T14:02:33.228512-03:00,KAITOUSDT,COILING,4h,8,STRONG,1.0285,1.03,closed,1.0385,1.0326,1.0471,0.934,1.0616,1.025,1.0616,0.9327,True,2026-07-24T14:02:44.742036-03:00,0.300868201545775,0.0869084159038601,True,1.457e-05,,1.0806,1.3764,0.9184,True
13355,2026-07-23T14:02:33.228512-03:00,ZBTUSDT,BREAKOUT,4h,8,STRONG,0.1112,0.1053,closed,0.1126,0.1141,0.1101,0.1084,0.1148,0.1093,0.117,0.1062,True,2026-07-24T14:02:46.543146-03:00,0.200867957845582,-0.0942565342619493,True,5e-05,,0.1228,0.1248,0.105,True
13383,2026-07-23T17:02:32.610216-03:00,CAKEUSDT,COILING,4h,7,WATCH,1.386,1.428,closed,1.391,1.389,1.389,1.394,1.392,1.382,1.407,1.378,True,2026-07-24T17:02:37.652566-03:00,7.32868203718974,0.0486765581976358,False,5e-05,,1.462,1.484,1.353,True
13384,2026-07-23T17:02:32.610216-03:00,TRUMPUSDT,COILING,4h,3,STRONG,1.618,1.652,closed,1.625,1.625,1.6,1.578,1.627,1.598,1.627,1.555,True,2026-07-24T17:02:36.03565-03:00,0.199757876067734,0.0695726358671587,False,1.917e-05,,1.472,1.626,1.411,True
13394,2026-07-23T18:02:36.719844-03:00,BMTUSDT,COILING,4h,5,WATCH,0.01256,0.01294,closed,0.01244,0.0125,0.01262,0.0121,0.01279,0.0124,0.01279,0.01189,True,2026-07-24T19:02:34.734845-03:00,0.667831655316481,0.125879771495712,False,5e-05,,0.01123,0.01279,0.01087,True
13419,2026-07-23T22:02:33.300505-03:00,FFUSDT,PREBREAK,1h,11,BEST,0.06025,0.06091,closed,0.06055,0.06059,0.06004,0.06091,0.06082,0.05946,0.06122,0.05912,True,2026-07-24T22:02:37.719588-03:00,0.0303894819219719,-0.130732869292227,False,5e-05,,0.06624,0.06985,0.05912,True
13449,2026-07-24T02:02:32.457172-03:00,OPENUSDT,COILING,4h,6,STRONG,0.168,0.1719,closed,0.1688,0.1714,0.1673,0.1655,0.1722,0.1669,0.1722,0.1616,True,2026-07-25T02:02:35.111869-03:00,0.116528134557406,0.0243264282197417,False,5e-05,,0.1787,0.1845,0.1531,True
13457,2026-07-24T03:02:33.229773-03:00,DOTUSDT,PREBREAK,1h,4,WATCH,0.811,0.82,closed,0.809,0.811,0.806,0.815,0.815,0.806,0.818,0.787,True,2026-07-25T03:02:42.123467-03:00,-0.695513939318601,-0.0829029416113915,False,-4.61e-06,,0.77,0.832,0.748,True
13469,2026-07-24T04:02:37.070185-03:00,XLMUSDT,PREBREAK,1h,6,STRONG,0.1835,0.1842,closed,0.1845,0.1841,0.1827,0.1772,0.1848,0.1824,0.1848,0.1758,True,2026-07-25T04:02:37.803968-03:00,-0.10735213917094,0.0385034068280481,False,-1.968e-05,,0.1703,0.1848,0.1686,True
13476,2026-07-24T05:02:32.949339-03:00,ACXUSDT,COILING,4h,7,WATCH,0.04236,0.04271,closed,0.04237,0.04254,0.04232,0.04152,0.0429,0.04222,0.0429,0.04009,True,2026-07-25T05:02:43.744317-03:00,1.91868165053906,0.0750758803222762,True,5e-05,,0.04158,0.0429,0.03961,True
13475,2026-07-24T05:02:32.949339-03:00,ICPUSDT,PREBREAK,1h,13,WATCH,2.176,2.186,closed,2.171,2.167,2.147,2.139,2.176,2.144,2.176,2.12,True,2026-07-25T05:02:45.233915-03:00,0.0386399023357378,-0.0646661390821938,False,1.308e-05,,2.072,2.21,2.014,True
13474,2026-07-24T05:02:32.949339-03:00,WBETHUSDT,PREBREAK,1h,15,WATCH,2088.96,2090.43,closed,2086.96,2080.72,2076.26,2044.8,2089.51,2067.94,2089.51,2034.08,True,2026-07-25T05:02:39.120648-03:00,0.246274515805664,0.190337005928128,False,,,2083.24,2183.37,2034.08,True
13477,2026-07-24T05:02:32.949339-03:00,ZROUSDT,COILING,4h,5,STRONG,0.834,0.849,closed,0.833,0.834,0.827,0.846,0.848,0.823,0.873,0.814,True,2026-07-25T05:02:42.223319-03:00,0.15056789741516,0.031324092495459,False,5e-05,,0.715,0.965,0.712,True
13478,2026-07-24T05:02:32.949339-03:00,CAKEUSDT,COILING,4h,4,WATCH,1.4,1.416,closed,1.401,1.404,1.398,1.393,1.407,1.39,1.407,1.378,True,2026-07-25T05:02:40.674637-03:00,1.64727374684841,0.0419612389737852,False,1.849e-05,,1.463,1.484,1.353,True
13487,2026-07-24T06:02:55.333464-03:00,AAVEUSDT,PREBREAK,1h,7,STRONG,95.76,96.43,closed,95.55,96.15,94.79,90.86,96.42,94.66,96.42,90.77,True,2026-07-25T07:02:37.333719-03:00,-0.900900245199398,-0.0104545748946709,False,8.023e-05,,97.57,102.54,90.73,True
13497,2026-07-24T07:02:45.511526-03:00,WBETHUSDT,COILING,4h,6,WATCH,2088.96,2155.15,closed,2075.21,2073.1,2049.8,2048.79,2082.91,2038.1,2082.91,2034.08,True,2026-07-25T08:02:37.902585-03:00,0.246274515805664,0.190337005928128,False,,,2080.04,2183.37,2034.08,True
13498,2026-07-24T07:02:45.511526-03:00,ENSOUSDT,COILING,4h,5,STRONG,0.762,0.79,closed,0.769,0.782,0.793,0.813,0.797,0.766,0.815,0.766,True,2026-07-25T08:02:35.619455-03:00,0.0255787138137392,0.120404997438198,False,5e-05,,0.889,0.905,0.769,True
13522,2026-07-24T09:02:38.984251-03:00,TNSRUSDT,COILING,4h,5,STRONG,0.0322,0.0327,closed,0.0325,0.0326,0.0327,0.033,0.033,0.0322,0.0371,0.0322,True,2026-07-25T09:02:46.9766-03:00,1.14059519767892,0.0512159622845922,False,-6.787e-05,,0.0306,0.0371,0.0298,True
13523,2026-07-24T09:02:38.984251-03:00,ACXUSDT,COILING,4h,5,WATCH,0.04222,0.04271,closed,0.04167,0.0417,0.0412,0.04153,0.04222,0.04107,0.04241,0.04009,True,2026-07-25T09:02:48.418052-03:00,2.27092946899656,0.102630024516784,False,5e-05,,0.04179,0.0427,0.03961,True
13521,2026-07-24T09:02:38.984251-03:00,CAKEUSDT,COILING,4h,6,WATCH,1.398,1.41,closed,1.398,1.393,1.392,1.398,1.399,1.378,1.404,1.378,True,2026-07-25T09:02:45.545912-03:00,1.86619097509081,0.0486242700614028,False,5e-05,,1.476,1.484,1.353,True
13520,2026-07-24T09:02:38.984251-03:00,VANAUSDT,COILING,4h,10,STRONG,1.259,1.26,closed,1.266,1.285,1.254,1.149,1.305,1.251,1.333,1.131,True,2026-07-25T09:02:44.006211-03:00,0.912570154563368,0.0929884961935562,True,5e-05,,0.9,1.333,0.871,True
13536,2026-07-24T11:02:39.828825-03:00,ASTERUSDT,PREBREAK,1h,11,WATCH,0.628,0.631,closed,0.629,0.637,0.64,0.625,0.641,0.628,0.641,0.62,True,2026-07-25T11:02:43.975379-03:00,2.40520563782342,-0.00033295384895235,True,5e-05,,0.599,0.641,0.587,True
13543,2026-07-24T12:02:39.123698-03:00,BEAMXUSDT,HOLD,4h,13,BEST,0.001628,0.001552,closed,0.001713,0.001667,0.001633,0.00161,0.00172,0.001629,0.00172,0.001597,True,2026-07-25T12:02:40.507492-03:00,0.459516207186357,0.182921571567738,True,5e-05,,0.001434,0.001709,0.001403,True
13552,2026-07-24T13:02:59.145383-03:00,ALGOUSDT,COILING,4h,5,WATCH,0.0838,0.0853,closed,0.0834,0.0833,0.0848,0.0841,0.0848,0.0831,0.0885,0.0831,True,2026-07-25T14:02:41.003071-03:00,0.232606566007462,0.0240509769366885,False,-9.996e-05,,0.0786,0.0885,0.0757,True
13550,2026-07-24T13:02:59.145383-03:00,ENSOUSDT,BREAKOUT,4h,12,BEST,0.81,0.801,closed,0.805,0.812,0.797,0.807,0.815,0.79,0.853,0.771,True,2026-07-25T14:02:39.153001-03:00,0.0748633893492659,0.147260220792282,True,5e-05,,0.897,0.914,0.769,True
13551,2026-07-24T13:02:59.145383-03:00,CAKEUSDT,COILING,4h,5,WATCH,1.393,1.41,closed,1.392,1.391,1.394,1.4,1.397,1.387,1.406,1.387,True,2026-07-25T14:02:42.71392-03:00,11.7176919753565,0.0384779039581224,False,5e-05,,1.452,1.484,1.353,True
13564,2026-07-24T15:02:34.103532-03:00,ASTERUSDT,BREAKOUT,4h,13,WATCH,0.635,0.632,closed,0.639,0.636,0.63,0.626,0.64,0.627,0.64,0.62,True,2026-07-25T15:02:40.559419-03:00,3.90728272919174,-0.0024070224950698,True,5e-05,,0.601,0.638,0.587,True
13578,2026-07-24T17:02:35.22842-03:00,HBARUSDT,PREBREAK,1h,6,WATCH,0.07141,0.07153,closed,0.07175,0.07265,0.07095,0.07108,0.07282,0.07035,0.07282,0.06977,True,2026-07-25T17:02:39.827406-03:00,-2.80865822528932,-0.0643607142582008,False,2.685e-05,,0.0681,0.07282,0.06695,True
13613,2026-07-24T21:02:44.743919-03:00,TNSRUSDT,COILING,4h,3,STRONG,0.0336,0.0354,closed,0.0336,0.0339,0.0342,0.0325,0.0348,0.0332,0.0371,0.0317,True,2026-07-25T22:02:35.087895-03:00,0.65622254361376,0.0683618383426958,False,-0.00122813,,0.031,0.0371,0.0298,True
13612,2026-07-24T21:02:44.743919-03:00,ZROUSDT,BREAKOUT,4h,13,BEST,0.855,0.848,closed,0.857,0.87,0.863,0.86,0.873,0.851,0.873,0.835,True,2026-07-25T21:02:45.162979-03:00,0.202172147433718,0.0741069065776393,True,5e-05,,0.74,0.965,0.706,True
13622,2026-07-24T22:02:36.594142-03:00,KATUSDT,PREBREAK,1h,7,STRONG,0.0048,0.00484,closed,0.00479,0.00481,0.00487,0.00474,0.0049,0.00478,0.00495,0.00474,True,2026-07-25T22:02:36.717081-03:00,0.00288041624979143,-0.233328668932852,False,5e-05,,0.00439,0.00495,0.00418,True
13649,2026-07-25T01:02:44.845677-03:00,EULUSDT,HOLD,4h,12,BEST,1.301,1.045,closed,1.239,1.224,1.505,2.268,1.55,1.186,2.73,1.186,True,2026-07-26T02:02:37.590719-03:00,0.957138876741702,0.124846992222557,True,-0.00016611,,1.361,2.746,1.205,True
13689,2026-07-25T04:02:37.045525-03:00,ETCUSDT,PREBREAK,1h,4,WATCH,6.61,6.67,closed,6.61,6.6,6.58,6.94,6.63,6.57,6.95,6.57,True,2026-07-26T05:02:41.583483-03:00,-1.56737850735729,-0.110321243697222,False,-0.00017482,,6.66,7.2,6.56,True
13700,2026-07-25T05:02:38.289977-03:00,ICPUSDT,PREBREAK,1h,13,WATCH,2.146,2.161,closed,2.132,2.127,2.124,2.17,2.138,2.12,2.208,2.12,True,2026-07-26T05:02:43.032124-03:00,1.28459935679486,-0.0279062257057133,False,-0.00018691,,2.071,2.21,2.014,True
13699,2026-07-25T05:02:38.289977-03:00,BCHUSDT,PREBREAK,1h,13,BEST,211.5,211.5,closed,211.4,209.6,210.8,210.1,211.5,209.3,211.8,209.1,True,2026-07-26T05:02:47.141384-03:00,-0.00984997368865269,0.0740890881766247,False,1.69e-06,,211.1,222.0,204.4,True
13702,2026-07-25T05:02:38.289977-03:00,KATUSDT,COILING,4h,6,STRONG,0.00481,0.00484,closed,0.00479,0.00479,0.00488,0.00476,0.00495,0.00479,0.00495,0.00472,True,2026-07-26T05:02:45.878822-03:00,0.188609521640323,0.0457157791998805,False,5e-05,,0.00438,0.00495,0.00418,True
13701,2026-07-25T05:02:38.289977-03:00,SAHARAUSDT,COILING,4h,7,STRONG,0.00914,0.00922,closed,0.00915,0.00915,0.00902,0.0089,0.00924,0.009,0.00924,0.00876,True,2026-07-26T05:02:44.428776-03:00,0.845769756853348,0.0963947922703955,True,5e-05,,0.00786,0.00924,0.0074,True
13740,2026-07-25T06:02:39.873385-03:00,SHIBUSDT,PREBREAK,1h,7,WATCH,4.21e-06,4.24e-06,closed,4.22e-06,4.24e-06,4.26e-06,5.56e-06,4.27e-06,4.21e-06,5.83e-06,4.21e-06,True,2026-07-26T07:02:32.776884-03:00,0.283304722807315,0.0719142827546457,False,9.074e-05,,4.93e-06,5.83e-06,4.22e-06,True
13741,2026-07-25T06:02:39.873385-03:00,EDUUSDT,COILING,4h,7,STRONG,0.0325,0.033,closed,0.0327,0.0335,0.0355,0.0335,0.0357,0.0325,0.0366,0.0325,True,2026-07-26T07:02:34.624022-03:00,0.169880527553984,0.0988292555186091,False,0.0001,,0.0341,0.0366,0.03,True
13747,2026-07-25T07:02:36.519738-03:00,BTCUSDT,PREBREAK,1h,8,WATCH,63999.99,64292.44,closed,64043.73,64083.01,64130.2,64514.25,64267.78,63996.0,64599.95,63996.0,True,2026-07-26T08:02:41.157226-03:00,-1.95676156365429,-0.00904452257743196,False,5.425e-05,,63056.0,65744.6,62466.0,True
13752,2026-07-25T08:02:34.703738-03:00,RUNEUSDT,PREBREAK,1h,13,WATCH,0.423,0.425,closed,0.424,0.424,0.425,0.427,0.43,0.422,0.43,0.422,True,2026-07-26T08:02:42.556396-03:00,-0.0135696864575255,-0.0480339905199807,False,0.0001,,0.43,0.45,0.422,True
13763,2026-07-25T09:02:43.156647-03:00,MORPHOUSDT,COILING,4h,5,STRONG,1.983,2.009,closed,1.967,1.996,1.991,1.916,2.041,1.959,2.041,1.896,True,2026-07-26T09:02:52.988115-03:00,0.393226954923835,0.0666692481607401,False,-0.00068334,,1.967,2.059,1.896,True
13764,2026-07-25T09:02:43.156647-03:00,KATUSDT,COILING,4h,2,STRONG,0.00488,0.00506,closed,0.0049,0.00488,0.00486,0.00475,0.00491,0.00486,0.00491,0.00472,True,2026-07-26T09:02:47.872936-03:00,0.230825564453938,0.0665466293573644,False,5e-05,,0.0044,0.00489,0.00418,True
13761,2026-07-25T09:02:43.156647-03:00,VANRYUSDT,BREAKOUT,4h,8,WATCH,0.005368,0.0052,closed,0.00511,0.004933,0.004684,0.004388,0.005312,0.004655,0.005312,0.004267,True,2026-07-26T09:02:51.02324-03:00,0.0818679542664184,0.0460188308425955,True,-0.00298896,,0.003944,0.005198,0.003651,True
13760,2026-07-25T09:02:43.156647-03:00,ENSOUSDT,BREAKOUT,4h,11,BEST,0.823,0.815,closed,0.827,0.819,0.806,0.822,0.853,0.805,0.853,0.794,True,2026-07-26T09:02:49.237071-03:00,0.0689730764720817,0.100684984553657,True,5e-05,,0.893,0.976,0.769,True
13762,2026-07-25T09:02:43.156647-03:00,SHIBUSDT,COILING,4h,8,WATCH,4.25e-06,4.28e-06,closed,4.24e-06,4.26e-06,4.8e-06,5.42e-06,4.83e-06,4.23e-06,5.83e-06,4.23e-06,True,2026-07-26T09:02:46.179726-03:00,0.330226683016934,0.0490661301423147,False,9.074e-05,,4.98e-06,5.83e-06,4.25e-06,True
13776,2026-07-25T10:02:45.043216-03:00,EULUSDT,HOLD,4h,11,BEST,1.701,1.312,closed,1.706,1.709,1.498,2.53,1.748,1.4,2.746,1.4,True,2026-07-26T11:02:39.738042-03:00,1.01873538111492,0.0722305373546441,True,-0.00049042,,1.558,2.746,1.307,True
13775,2026-07-25T10:02:45.043216-03:00,EDUUSDT,BREAKOUT,4h,12,BEST,0.0342,0.033,closed,0.0343,0.034,0.0339,0.0336,0.0355,0.0333,0.0366,0.0331,True,2026-07-26T11:02:38.139337-03:00,0.287641556856988,0.0829034950514821,True,0.0001,,0.0338,0.0366,0.03,True
13792,2026-07-25T13:02:39.94521-03:00,ARBUSDT,PREBREAK,1h,6,STRONG,0.083,0.0836,closed,0.0829,0.0827,0.0832,0.083,0.0835,0.0826,0.0835,0.082,True,2026-07-26T13:02:45.499622-03:00,-0.0310865789021665,-0.0879061715663065,False,-0.00016264,,0.0783,0.0837,0.0756,True
13791,2026-07-25T13:02:39.94521-03:00,LINKUSDT,PREBREAK,1h,9,WATCH,8.388,8.4,closed,8.388,8.412,8.397,8.601,8.438,8.376,8.625,8.361,True,2026-07-26T13:02:41.387741-03:00,-0.0538275452747215,0.0117715366192967,False,-1.914e-05,,8.09,8.916,8.021,True
13793,2026-07-25T13:02:39.94521-03:00,TAOUSDT,PREBREAK,1h,5,STRONG,190.6,192.5,closed,191.1,191.8,191.4,198.1,192.3,190.8,200.2,190.5,True,2026-07-26T13:02:43.204327-03:00,0.00509568845359457,-0.0329520591997393,False,-5.228e-05,,192.9,201.4,183.5,True
13790,2026-07-25T13:02:39.94521-03:00,SHIBUSDT,BREAKOUT,4h,12,WATCH,4.76e-06,4.27e-06,closed,4.94e-06,4.92e-06,5.11e-06,5.15e-06,5.17e-06,4.69e-06,5.83e-06,4.69e-06,True,2026-07-26T14:02:41.127594-03:00,0.505288681470385,0.126324476308262,True,-8.65e-06,,4.99e-06,5.83e-06,4.54e-06,True
13802,2026-07-25T15:02:39.679992-03:00,CVXUSDT,BREAKOUT,4h,15,BEST,1.323,1.298,closed,1.34,1.346,1.306,1.326,1.365,1.298,1.365,1.298,True,2026-07-26T16:02:37.110726-03:00,0.595701029152245,0.106977773048794,True,-0.00015824,,1.253,1.423,1.244,True
13814,2026-07-25T17:02:38.980407-03:00,SHIBUSDT,HOLD,4h,13,WATCH,5.09e-06,4.27e-06,closed,4.91e-06,4.91e-06,4.88e-06,5.34e-06,5.12e-06,4.82e-06,5.83e-06,4.82e-06,True,2026-07-26T17:02:39.725852-03:00,0.701007195904578,0.0902617837610563,True,-8.65e-06,,4.82e-06,5.83e-06,4.54e-06,True
13816,2026-07-25T17:02:38.980407-03:00,NEIROUSDT,BREAKOUT,4h,13,BEST,6.178e-05,6.104e-05,closed,6.106e-05,6.087e-05,6.063e-05,6.14e-05,6.166e-05,6.054e-05,6.691e-05,6.023e-05,True,2026-07-26T17:02:42.559691-03:00,0.544160669490521,-0.0389526040117593,True,5e-05,,6.061e-05,6.691e-05,5.606e-05,True
13815,2026-07-25T17:02:38.980407-03:00,AVAXUSDT,BREAKOUT,4h,13,WATCH,6.713,6.655,closed,6.687,6.74,6.795,6.668,6.845,6.677,6.845,6.645,True,2026-07-26T17:02:44.011092-03:00,13.9013187070759,0.0265786106614544,True,0.0001,,6.153,6.845,6.04,True
13818,2026-07-25T17:02:38.980407-03:00,FLOKIUSDT,BREAKOUT,4h,9,WATCH,2.249e-05,2.189e-05,closed,2.221e-05,2.21e-05,2.199e-05,2.228e-05,2.258e-05,2.196e-05,2.336e-05,2.196e-05,True,2026-07-26T18:02:33.357192-03:00,0.17691006033102,0.089597139198948,True,7.166e-05,,2.004e-05,2.336e-05,1.988e-05,True
13817,2026-07-25T17:02:38.980407-03:00,TWTUSDT,PREBREAK,1h,11,WATCH,0.3384,0.3399,closed,0.3353,0.3387,0.3386,0.3562,0.3428,0.3334,0.3612,0.3334,True,2026-07-26T17:02:41.182576-03:00,2.04276457688047,0.114104771957113,False,-5.488e-05,,0.3738,0.3989,0.3374,True
13824,2026-07-25T18:02:38.820185-03:00,WIFUSDT,BREAKOUT,4h,9,STRONG,0.157,0.1536,closed,0.1571,0.1588,0.1539,0.1539,0.1593,0.1535,0.1616,0.1535,True,2026-07-26T19:02:32.106232-03:00,0.216818605019313,0.0248052822938627,True,5e-05,,0.1377,0.1616,0.1365,True
13825,2026-07-25T18:02:38.820185-03:00,ACTUSDT,COILING,4h,5,STRONG,0.00924,0.00935,closed,0.00926,0.00923,0.00915,0.00908,0.0094,0.00901,0.00946,0.00893,True,2026-07-26T19:02:33.722318-03:00,0.31571660066579,0.0457580114193377,False,5e-05,,0.00872,0.00946,0.00824,True
13830,2026-07-25T19:02:38.672665-03:00,BONKUSDT,BREAKOUT,4h,5,STRONG,3.08e-06,3.01e-06,closed,3.09e-06,3.12e-06,3.15e-06,3.09e-06,3.15e-06,3.07e-06,3.24e-06,3.04e-06,True,2026-07-26T20:02:39.774578-03:00,0.0757471597663754,0.0237200807787464,False,5e-05,,2.78e-06,3.24e-06,2.7e-06,True
13828,2026-07-25T19:02:38.672665-03:00,1000CATUSDT,HOLD,4h,13,BEST,0.00138,0.00133,closed,0.00146,0.00146,0.00141,0.00137,0.00159,0.00141,0.00159,0.00136,True,2026-07-26T20:02:40.983005-03:00,0.393446826824507,0.176732565092456,True,5e-05,,0.00139,0.00159,0.00126,True
13829,2026-07-25T19:02:38.672665-03:00,TWTUSDT,COILING,4h,6,WATCH,0.3384,0.343,closed,0.3401,0.3391,0.3389,0.3546,0.3428,0.3383,0.3612,0.3375,True,2026-07-26T20:02:42.131599-03:00,2.04276457688047,0.114104771957113,False,-5.488e-05,,0.3747,0.3989,0.3375,True
13834,2026-07-25T20:02:34.647159-03:00,SEIUSDT,PREBREAK,1h,2,WATCH,0.04473,0.04476,closed,0.04467,0.04469,0.04488,0.04496,0.04491,0.04448,0.04519,0.04438,True,2026-07-26T20:02:43.28711-03:00,-0.159017505446804,-0.122626918214831,False,-0.00011165,,0.04106,0.04586,0.0405,True
13838,2026-07-25T21:02:42.74775-03:00,EULUSDT,BREAKOUT,4h,13,BEST,1.944,1.798,closed,1.896,2.36,2.268,2.272,2.73,1.88,2.746,1.88,True,2026-07-26T22:02:36.617453-03:00,0.982513979583147,0.0436741233228581,True,-1.883e-05,,1.567,2.746,1.307,True
13839,2026-07-25T21:02:42.74775-03:00,ALPINEUSDT,COILING,4h,5,STRONG,0.327,0.34,closed,0.325,0.323,0.322,0.318,0.33,0.32,0.33,0.314,True,2026-07-26T22:02:40.166507-03:00,0.350231031228453,0.0315591918657516,False,5e-05,,0.319,0.348,0.298,True
13840,2026-07-25T21:02:42.74775-03:00,DASHUSDT,PREBREAK,1h,3,STRONG,32.46,32.67,closed,32.55,32.62,32.65,32.92,32.69,32.46,33.09,32.35,True,2026-07-26T22:02:38.531654-03:00,-0.196331852625111,-0.113429086577131,False,3.665e-05,,31.17,33.09,28.84,True
13868,2026-07-26T00:02:43.260095-03:00,XLMUSDT,PREBREAK,1h,13,BEST,0.1777,0.1794,closed,0.1775,0.1775,0.1786,0.182,0.1787,0.1772,0.1834,0.1772,True,2026-07-27T01:02:33.160066-03:00,-0.114998068283596,-0.08711650260641,False,-4.69e-06,,0.174,0.1834,0.1677,True
13869,2026-07-26T00:02:43.260095-03:00,TWTUSDT,COILING,4h,6,WATCH,0.3392,0.3403,closed,0.3388,0.3383,0.3386,0.3513,0.3394,0.3376,0.3612,0.3376,True,2026-07-27T00:02:44.733812-03:00,1.48988557422237,0.0873195476398738,False,5e-05,,0.3863,0.3989,0.3376,True
13878,2026-07-26T01:02:41.817983-03:00,PEPEUSDT,BREAKOUT,4h,13,BEST,2.92e-06,2.87e-06,closed,2.9e-06,2.91e-06,2.99e-06,2.94e-06,3.05e-06,2.88e-06,3.05e-06,2.88e-06,True,2026-07-27T02:02:39.933963-03:00,0.268289959039485,0.0775174236789667,True,-1.96e-06,,2.87e-06,3.1e-06,2.66e-06,True
13880,2026-07-26T01:02:41.817983-03:00,ORDIUSDT,BREAKOUT,4h,13,BEST,3.995,3.672,closed,4.015,3.98,4.036,3.831,4.109,3.911,4.109,3.741,True,2026-07-27T02:02:44.9482-03:00,0.92522635131549,0.0644784949819696,True,5e-05,,3.627,4.109,3.123,True
13876,2026-07-26T01:02:41.817983-03:00,FLOKIUSDT,HOLD,4h,13,WATCH,2.284e-05,2.189e-05,closed,2.275e-05,2.275e-05,2.271e-05,2.226e-05,2.336e-05,2.26e-05,2.336e-05,2.199e-05,True,2026-07-27T01:02:43.438017-03:00,0.402542504748613,0.048986864823355,True,9.977e-05,,2.046e-05,2.336e-05,1.988e-05,True
13881,2026-07-26T01:02:41.817983-03:00,DIAUSDT,HOLD,4h,11,BEST,0.1196,0.1033,closed,0.1184,0.146,0.1389,0.163,0.1499,0.1153,0.169,0.1153,True,2026-07-27T02:02:43.190767-03:00,1.0716385700761,0.0534627353826735,True,5e-05,,0.1124,0.209,0.0993,True
13877,2026-07-26T01:02:41.817983-03:00,SHIBUSDT,BREAKOUT,4h,13,WATCH,5.41e-06,5.12e-06,closed,5.33e-06,5.47e-06,5.57e-06,5.12e-06,5.83e-06,5.31e-06,5.83e-06,5.04e-06,True,2026-07-27T02:02:46.227399-03:00,0.718405463599797,0.0934265518576022,True,0.0001,,4.9e-06,5.83e-06,4.54e-06,True
13879,2026-07-26T01:02:41.817983-03:00,PENGUUSDT,BREAKOUT,4h,13,BEST,0.00637,0.006328,closed,0.006325,0.006327,0.006379,0.006344,0.006491,0.006295,0.006491,0.006257,True,2026-07-27T02:02:41.525219-03:00,0.43517819194127,0.0889047144695492,False,5e-05,,0.006098,0.006494,0.005653,True
13896,2026-07-26T02:02:36.817963-03:00,ICPUSDT,COILING,4h,8,WATCH,2.204,2.207,closed,2.189,2.174,2.178,2.193,2.197,2.159,2.21,2.156,True,2026-07-27T02:02:52.830758-03:00,1.81411306388807,0.0256276166203795,False,6.835e-05,,2.058,2.21,1.994,True
13892,2026-07-26T02:02:36.817963-03:00,SHIBUSDT,HOLD,4h,11,WATCH,5.41e-06,4.83e-06,closed,5.6e-06,5.72e-06,5.56e-06,5.1e-06,5.83e-06,5.46e-06,5.83e-06,5.04e-06,True,2026-07-27T02:02:51.527852-03:00,0.718405463599797,0.0934265518576022,True,0.0001,,5e-06,5.83e-06,4.54e-06,True
13894,2026-07-26T02:02:36.817963-03:00,WIFUSDT,HOLD,4h,10,STRONG,0.1578,0.1534,closed,0.1594,0.1601,0.1585,0.1547,0.1616,0.1573,0.1616,0.1527,True,2026-07-27T02:02:49.094976-03:00,0.292162784007677,0.00980216532293299,True,5e-05,,0.1394,0.1616,0.1353,True
13893,2026-07-26T02:02:36.817963-03:00,FETUSDT,HOLD,4h,10,STRONG,0.1599,0.1577,closed,0.1596,0.1589,0.1591,0.1598,0.1602,0.1584,0.1605,0.156,True,2026-07-27T02:02:50.358022-03:00,0.201422796414303,-0.00630378108372361,True,0.0001,,0.1424,0.1607,0.1322,True
13895,2026-07-26T02:02:36.817963-03:00,PNUTUSDT,HOLD,4h,8,WATCH,0.0438,0.0416,closed,0.0437,0.0448,0.0444,0.0432,0.0458,0.0431,0.0458,0.0426,True,2026-07-27T02:02:47.839118-03:00,0.252777180212032,-0.0269445510512135,True,5e-05,,0.0396,0.0458,0.0381,True
13908,2026-07-26T03:02:44.481316-03:00,BOMEUSDT,BREAKOUT,4h,14,BEST,0.0004812,0.0004575,closed,0.0005166,0.0005201,0.0005043,0.0005457,0.0005412,0.0005034,0.000559,0.0004936,True,2026-07-27T03:02:46.373515-03:00,0.749269911332853,0.0957087578478548,True,5e-05,,0.0005841,0.0006324,0.0004936,True
13910,2026-07-26T03:02:44.481316-03:00,NEIROUSDT,BREAKOUT,4h,10,STRONG,6.421e-05,6.203e-05,closed,6.604e-05,6.619e-05,6.248e-05,6.303e-05,6.691e-05,6.21e-05,6.691e-05,6.1e-05,True,2026-07-27T03:02:49.398397-03:00,1.69889315112208,0.0243961615871007,True,5e-05,,6.293e-05,6.628e-05,5.606e-05,True
13912,2026-07-26T03:02:44.481316-03:00,AAVEUSDT,PREBREAK,1h,9,STRONG,92.23,92.78,closed,92.18,93.62,93.41,101.12,93.87,91.87,101.91,91.87,True,2026-07-27T03:02:44.855018-03:00,-3.07978753019069,-0.0336436501073528,False,6.73e-06,,91.94,102.54,88.88,True
13909,2026-07-26T03:02:44.481316-03:00,WIFUSDT,BREAKOUT,4h,11,BEST,0.1578,0.1573,closed,0.1596,0.1608,0.1566,0.1562,0.1616,0.1564,0.1616,0.1527,True,2026-07-27T03:02:47.89602-03:00,0.292162784007677,0.00980216532293299,True,5e-05,,0.1396,0.1614,0.1353,True
13911,2026-07-26T03:02:44.481316-03:00,PNUTUSDT,BREAKOUT,4h,9,WATCH,0.0438,0.0426,closed,0.0445,0.045,0.0435,0.0441,0.0458,0.0435,0.0458,0.0426,True,2026-07-27T04:02:34.196276-03:00,0.252777180212032,-0.0269445510512135,True,5e-05,,0.0397,0.0458,0.0381,True
13930,2026-07-26T05:02:40.730269-03:00,NEARUSDT,PREBREAK,1h,12,BEST,1.803,1.805,closed,1.802,1.804,1.795,1.84,1.81,1.793,1.86,1.788,True,2026-07-27T06:02:38.797069-03:00,0.108350300059401,-0.0808291722368604,False,-3.85e-05,,1.714,1.86,1.571,True
13928,2026-07-26T05:02:40.730269-03:00,BOMEUSDT,HOLD,4h,12,BEST,0.000535,0.0004575,closed,0.0005329,0.0005189,0.0005146,0.0005178,0.0005412,0.0004956,0.000559,0.0004936,True,2026-07-27T06:02:37.067435-03:00,0.837346595825755,0.129990969426731,True,-4.492e-05,,0.0006175,0.0006324,0.0004936,True
13927,2026-07-26T05:02:40.730269-03:00,STRKUSDT,BREAKOUT,4h,13,BEST,0.03061,0.03029,closed,0.03069,0.03088,0.03098,0.03138,0.03105,0.03066,0.03173,0.03066,True,2026-07-27T05:02:42.758992-03:00,13.4193816595076,0.134345496584525,True,5e-05,,0.02459,0.03173,0.02394,True
13929,2026-07-26T05:02:40.730269-03:00,ETCUSDT,BREAKOUT,4h,12,WATCH,7.04,7.0,closed,6.99,7.01,7.0,6.99,7.08,6.93,7.2,6.89,True,2026-07-27T05:02:41.546836-03:00,0.361265304589499,0.0253799154704479,True,0.0001,,6.63,7.2,6.41,True
13931,2026-07-26T05:02:40.730269-03:00,PEOPLEUSDT,HOLD,4h,10,STRONG,0.00616,0.00544,closed,0.00621,0.00609,0.00591,0.00656,0.00628,0.00582,0.00666,0.00582,True,2026-07-27T06:02:35.331832-03:00,4.48386676629726,0.165206878590156,True,0.0001,,0.00718,0.0073,0.00582,True
13940,2026-07-26T06:02:32.785574-03:00,POLUSDT,PREBREAK,1h,8,WATCH,0.07651,0.07727,closed,0.07648,0.07647,0.07676,0.0779,0.07687,0.07643,0.07805,0.07643,True,2026-07-27T06:02:43.678532-03:00,0.11449188130329,-0.090922964483967,False,-4.318e-05,,0.07277,0.07805,0.07015,True
13942,2026-07-26T06:02:32.785574-03:00,TWTUSDT,COILING,4h,4,WATCH,0.3439,0.3632,closed,0.3539,0.3533,0.3521,0.348,0.357,0.34,0.3612,0.34,True,2026-07-27T06:02:40.533277-03:00,1.37601884111698,0.0869877015057153,False,5e-05,,0.3823,0.3989,0.3444,True
13941,2026-07-26T06:02:32.785574-03:00,IOUSDT,COILING,4h,6,STRONG,0.1488,0.1522,closed,0.1502,0.1495,0.1462,0.1475,0.151,0.1462,0.151,0.1458,True,2026-07-27T06:02:42.113233-03:00,0.135946901331433,0.13911216749258,False,5e-05,,0.1335,0.1522,0.126,True
13957,2026-07-26T08:02:40.107543-03:00,APTUSDT,PREBREAK,1h,6,STRONG,0.628,0.628,closed,0.633,0.629,0.628,0.626,0.639,0.626,0.639,0.621,True,2026-07-27T09:02:51.020496-03:00,0.222585307952656,-0.0154756418358656,False,0.0001,,0.563,0.639,0.545,True
13956,2026-07-26T08:02:40.107543-03:00,STRKUSDT,HOLD,4h,11,BEST,0.03061,0.03002,closed,0.03088,0.03098,0.03108,0.03135,0.03131,0.03077,0.03173,0.03077,True,2026-07-27T09:02:49.227144-03:00,13.4193816595076,0.134345496584525,True,5e-05,,0.02444,0.03173,0.02394,True
13968,2026-07-26T09:02:45.032442-03:00,KAITOUSDT,BREAKOUT,4h,12,BEST,1.1694,1.0616,closed,1.1834,1.1937,1.2033,1.1659,1.2334,1.1625,1.2485,1.125,True,2026-07-27T09:02:55.050035-03:00,0.193446597964753,0.111298239291129,True,3.455e-05,,1.1588,1.3764,0.9875,True
13969,2026-07-26T09:02:45.032442-03:00,PENGUUSDT,COILING,4h,8,STRONG,0.006353,0.006376,closed,0.006346,0.006342,0.006331,0.006407,0.006394,0.006257,0.006494,0.006257,True,2026-07-27T09:02:56.348493-03:00,0.861901112032142,0.119031180100955,True,5e-05,,0.006226,0.006494,0.005653,True
13970,2026-07-26T09:02:45.032442-03:00,ATOMUSDT,COILING,4h,5,WATCH,1.398,1.443,closed,1.392,1.39,1.392,1.381,1.399,1.385,1.405,1.378,True,2026-07-27T09:02:52.52884-03:00,0.149408943716515,0.219929373498127,False,2.308e-05,,1.256,1.405,1.212,True
13967,2026-07-26T09:02:45.032442-03:00,PEPEUSDT,HOLD,4h,13,BEST,3e-06,2.93e-06,closed,3.01e-06,3e-06,2.94e-06,2.96e-06,3.05e-06,2.89e-06,3.1e-06,2.89e-06,True,2026-07-27T09:02:53.73993-03:00,0.370243711866149,0.0721953086961401,True,0.0001,,2.89e-06,3.1e-06,2.66e-06,True
13978,2026-07-26T10:02:35.977146-03:00,ATOMUSDT,PREBREAK,1h,8,WATCH,1.391,1.401,closed,1.391,1.387,1.393,1.378,1.398,1.385,1.405,1.373,True,2026-07-27T10:02:42.834741-03:00,0.149408943716515,0.219929373498127,False,2.308e-05,,1.254,1.405,1.212,True
13979,2026-07-26T10:02:35.977146-03:00,TWTUSDT,COILING,4h,4,WATCH,0.352,0.3632,closed,0.3514,0.3549,0.3591,0.3513,0.3612,0.3507,0.3612,0.348,True,2026-07-27T10:02:41.611929-03:00,1.25456598799584,0.0522149315879898,False,5e-05,,0.3836,0.3989,0.3444,True
13987,2026-07-26T11:02:37.488908-03:00,DASHUSDT,PREBREAK,1h,5,STRONG,32.46,32.83,closed,32.48,32.38,32.66,32.75,32.79,32.35,33.09,32.35,True,2026-07-27T11:02:39.41158-03:00,0.0136115362044812,-0.106980644439878,False,0.0001,,31.24,33.09,28.84,True
14002,2026-07-26T12:02:31.617803-03:00,BCHUSDT,PREBREAK,1h,4,WATCH,211.5,211.8,closed,211.8,212.5,217.8,215.0,219.0,211.3,220.2,211.3,True,2026-07-27T12:02:42.623933-03:00,-0.0967929695907992,0.0102987383078372,False,-7.786e-05,,213.2,222.0,204.4,True
14001,2026-07-26T12:02:31.617803-03:00,ASTERUSDT,PREBREAK,1h,7,WATCH,0.625,0.631,closed,0.626,0.626,0.626,0.624,0.628,0.625,0.632,0.621,True,2026-07-27T12:02:37.417008-03:00,-0.0289583037062618,-0.0988910156225995,False,-3.782e-05,,0.603,0.632,0.587,True
13999,2026-07-26T12:02:31.617803-03:00,RENDERUSDT,PREBREAK,1h,11,WATCH,1.477,1.492,closed,1.481,1.479,1.47,1.462,1.482,1.467,1.499,1.448,True,2026-07-27T12:02:40.820752-03:00,0.528424270382455,-0.00335210250286488,False,6.88e-06,,1.368,1.499,1.339,True
14000,2026-07-26T12:02:31.617803-03:00,LTCUSDT,PREBREAK,1h,10,WATCH,47.07,47.37,closed,47.22,47.91,47.92,46.41,48.18,47.03,48.28,46.22,True,2026-07-27T12:02:39.046474-03:00,0.0519124593959536,0.015013163317412,True,3.83e-06,,44.75,48.28,43.62,True
14014,2026-07-26T13:02:38.163651-03:00,LTCUSDT,BREAKOUT,4h,13,WATCH,47.76,47.56,closed,47.61,47.93,47.91,46.35,48.18,47.57,48.28,46.22,True,2026-07-27T13:02:45.03541-03:00,0.0867467443205397,0.0275940697223255,True,0.0001,,44.85,48.28,43.62,True
14012,2026-07-26T13:02:38.163651-03:00,LINKUSDT,BREAKOUT,4h,15,WATCH,8.596,8.58,closed,8.598,8.628,8.587,8.568,8.665,8.561,8.916,8.511,True,2026-07-27T14:02:38.012262-03:00,0.385261739149299,0.059525572335276,False,-1.147e-05,,8.279,8.916,7.888,True
14013,2026-07-26T13:02:38.163651-03:00,TAOUSDT,HOLD,4h,13,BEST,198.1,195.6,closed,197.7,197.6,197.9,193.2,198.5,197.0,201.4,193.0,True,2026-07-27T13:02:46.785717-03:00,0.302574710726748,0.0730226333583821,False,-6.47e-06,,192.4,201.4,183.5,True
14011,2026-07-26T13:02:38.163651-03:00,AAVEUSDT,BREAKOUT,4h,15,BEST,97.77,96.81,closed,97.36,96.99,96.41,98.83,97.79,96.16,102.54,96.08,True,2026-07-27T13:02:39.7862-03:00,0.550772514408059,0.0204978244469708,False,9.693e-05,,92.19,102.54,88.88,True
14016,2026-07-26T13:02:38.163651-03:00,HOLOUSDT,BREAKOUT,4h,12,BEST,0.0708,0.0706,closed,0.0707,0.071,0.0727,0.0694,0.0736,0.0699,0.0749,0.0682,True,2026-07-27T13:02:41.544578-03:00,0.281664469454424,-0.0165273598693231,True,5e-05,,0.0669,0.0855,0.0632,True
14015,2026-07-26T13:02:38.163651-03:00,EULUSDT,HOLD,4h,12,BEST,2.508,1.98,closed,2.381,2.374,2.293,1.833,2.47,2.27,2.475,1.791,True,2026-07-27T13:02:43.272332-03:00,0.914829724373911,0.0301620043462213,False,-0.01033228,,1.431,2.475,1.307,True
14026,2026-07-26T14:02:39.989664-03:00,FETUSDT,COILING,4h,6,STRONG,0.1579,0.161,closed,0.1577,0.1571,0.1568,0.1506,0.1579,0.1567,0.1607,0.1489,True,2026-07-27T14:02:43.600074-03:00,0.317985970574758,0.0300895510485012,False,0.0001,,0.1421,0.1607,0.1322,True
14027,2026-07-26T14:02:39.989664-03:00,DOTUSDT,COILING,4h,6,WATCH,0.825,0.829,closed,0.824,0.82,0.818,0.796,0.826,0.817,0.832,0.789,True,2026-07-27T14:02:44.9997-03:00,0.184651353244228,0.0300875371279596,False,6.612e-05,,0.798,0.832,0.743,True
14025,2026-07-26T14:02:39.989664-03:00,FILUSDT,PREBREAK,1h,6,STRONG,0.7448,0.7537,closed,0.746,0.7447,0.7366,0.724,0.7461,0.7326,0.7564,0.7175,True,2026-07-27T14:02:42.340939-03:00,0.274273277684114,0.0158187473224,False,9.904e-05,,0.7205,0.7564,0.6538,True
14024,2026-07-26T14:02:39.989664-03:00,ZECUSDT,PREBREAK,1h,6,STRONG,495.05,495.79,closed,493.79,492.95,493.19,486.95,494.33,490.85,510.57,481.19,True,2026-07-27T14:02:41.071625-03:00,0.33087646446531,-0.0125557066222681,False,-2.748e-05,,471.14,510.57,451.75,True
14028,2026-07-26T14:02:39.989664-03:00,PENGUUSDT,COILING,4h,4,STRONG,0.006332,0.006491,closed,0.006345,0.006316,0.006313,0.006017,0.006347,0.006288,0.006494,0.006015,True,2026-07-27T15:02:35.186905-03:00,0.975192150098279,0.0902340705581857,False,4.228e-05,,0.006201,0.006494,0.005653,True
14036,2026-07-26T15:02:33.743354-03:00,ATOMUSDT,COILING,4h,4,WATCH,1.391,1.431,closed,1.398,1.394,1.402,1.354,1.403,1.39,1.405,1.339,True,2026-07-27T15:02:39.57401-03:00,0.124598096655873,0.144851844612221,False,8.296e-05,,1.267,1.405,1.212,True
14035,2026-07-26T15:02:33.743354-03:00,TWTUSDT,COILING,4h,4,WATCH,0.3571,0.3632,closed,0.3547,0.3583,0.3546,0.354,0.3589,0.3522,0.3589,0.3454,True,2026-07-27T15:02:38.288871-03:00,1.18382812844167,0.0278112211682329,False,5e-05,,0.3796,0.3989,0.3444,True
14037,2026-07-26T15:02:33.743354-03:00,HOTUSDT,COILING,4h,2,STRONG,0.000348,0.00036,closed,0.00034,0.000338,0.000339,0.000334,0.000344,0.000337,0.000344,0.000333,True,2026-07-27T15:02:36.828494-03:00,0.0791589741363072,0.0785093315977536,False,-0.00533116,,0.000336,0.00037,0.000325,True
14045,2026-07-26T16:02:36.322429-03:00,STRKUSDT,BREAKOUT,4h,13,BEST,0.03124,0.03075,closed,0.03149,0.03162,0.03117,0.03045,0.03173,0.03113,0.03173,0.03016,True,2026-07-27T16:02:40.965326-03:00,2.55853188504391,0.138254336959114,True,5e-05,,0.02448,0.03173,0.02394,True
14054,2026-07-26T17:02:37.331409-03:00,FILUSDT,COILING,4h,4,STRONG,0.7383,0.7537,closed,0.7365,0.7366,0.7432,0.7145,0.7469,0.7347,0.7564,0.712,True,2026-07-27T18:02:41.000035-03:00,0.226954513103156,0.036063010634388,False,9.904e-05,,0.7211,0.7564,0.6538,True
14053,2026-07-26T17:02:37.331409-03:00,STRKUSDT,HOLD,4h,10,STRONG,0.03158,0.03105,closed,0.03151,0.03149,0.03118,0.03032,0.03173,0.03113,0.03173,0.03016,True,2026-07-27T17:02:37.86674-03:00,2.05729519406544,0.153610845508878,True,2.271e-05,,0.02452,0.03171,0.02394,True
14052,2026-07-26T17:02:37.331409-03:00,ESPUSDT,HOLD,4h,15,BEST,0.09906,0.08179,closed,0.09723,0.10924,0.11199,0.08365,0.11487,0.09584,0.12114,0.08251,True,2026-07-27T17:02:39.523842-03:00,0.882463787894243,0.10257477932481,True,-0.00160657,,0.0655,0.12114,0.05921,True
14071,2026-07-26T19:02:31.33409-03:00,ARBUSDT,PREBREAK,1h,6,STRONG,0.0825,0.0834,closed,0.0831,0.0834,0.082,0.0787,0.0837,0.0816,0.0837,0.0784,True,2026-07-27T19:02:45.910716-03:00,0.063072511215693,-0.0134159831856418,False,-0.00011255,,0.0814,0.0837,0.0756,True
14069,2026-07-26T19:02:31.33409-03:00,HBARUSDT,PREBREAK,1h,15,WATCH,0.06975,0.07049,closed,0.07003,0.07018,0.06953,0.06859,0.07048,0.0693,0.07048,0.06787,True,2026-07-27T19:02:43.629878-03:00,1.38005388232795,-0.0315751259127664,False,2.603e-05,,0.06992,0.07073,0.06695,True
14070,2026-07-26T19:02:31.33409-03:00,HOLOUSDT,BREAKOUT,4h,8,STRONG,0.0727,0.0706,closed,0.0726,0.0725,0.0742,0.0686,0.0749,0.0716,0.0749,0.0682,True,2026-07-27T19:02:47.662389-03:00,0.396387919223433,-0.0101718393417588,True,5e-05,,0.0665,0.0855,0.0632,True
14076,2026-07-26T20:02:38.894599-03:00,ASTERUSDT,PREBREAK,1h,14,WATCH,0.629,0.63,closed,0.628,0.629,0.63,0.618,0.632,0.628,0.632,0.617,True,2026-07-27T21:02:38.743162-03:00,0.03488827902451,-0.0803651517883032,False,5e-05,,0.604,0.632,0.587,True
14078,2026-07-26T20:02:38.894599-03:00,ALGOUSDT,PREBREAK,1h,6,WATCH,0.0849,0.0854,closed,0.0847,0.0849,0.0845,0.0802,0.0851,0.0842,0.0851,0.0799,True,2026-07-27T21:02:37.50297-03:00,-1.46995822419116,-0.000411963197339684,False,-8.073e-05,,0.086,0.0872,0.0757,True
14077,2026-07-26T20:02:38.894599-03:00,ADAUSDT,PREBREAK,1h,7,STRONG,0.1658,0.1667,closed,0.1658,0.1658,0.1651,0.1548,0.1666,0.1646,0.1673,0.1537,True,2026-07-27T21:02:36.005285-03:00,0.0732011766565452,-9.8072898519111e-05,False,-5.727e-05,,0.1895,0.1922,0.1533,True
14084,2026-07-26T21:02:32.095035-03:00,BTCUSDT,COILING,4h,9,WATCH,65399.99,65808.59,closed,65189.71,65181.37,65289.59,63728.51,65367.73,64892.03,65744.6,63605.56,True,2026-07-27T21:02:43.833726-03:00,0.170992172410902,0.0341137128728794,False,6.147e-05,,63317.6,65744.6,62275.0,True
14082,2026-07-26T21:02:32.095035-03:00,BCHUSDT,HOLD,4h,13,WATCH,217.1,213.4,closed,218.0,217.2,216.1,212.1,219.0,214.7,220.2,210.9,True,2026-07-27T21:02:41.306404-03:00,0.392652971897696,0.0721383300367457,False,-7.238e-05,,212.7,222.0,204.4,True
14085,2026-07-26T21:02:32.095035-03:00,ENAUSDT,COILING,4h,6,STRONG,0.0904,0.0915,closed,0.0891,0.0894,0.09,0.0823,0.0912,0.0884,0.0932,0.0819,True,2026-07-27T21:02:42.521071-03:00,0.0543003130885061,0.029366367485987,False,5e-05,,0.0889,0.0932,0.077,True
14083,2026-07-26T21:02:32.095035-03:00,LINKUSDT,HOLD,4h,12,WATCH,8.825,8.58,closed,8.772,8.783,8.781,8.377,8.823,8.723,8.916,8.348,True,2026-07-27T21:02:39.963382-03:00,0.686487901142883,0.0438851481540588,True,0.0001,,8.355,8.916,7.888,True
14096,2026-07-26T22:02:35.910524-03:00,RENDERUSDT,PREBREAK,1h,7,WATCH,1.48,1.492,closed,1.478,1.481,1.483,1.404,1.486,1.475,1.496,1.402,True,2026-07-27T23:02:43.431189-03:00,10.1930729715289,0.0615772045751011,False,4.268e-05,,1.375,1.496,1.339,True
14095,2026-07-26T22:02:35.910524-03:00,TAOUSDT,HOLD,4h,12,WATCH,199.4,195.6,closed,197.8,199.2,198.9,187.6,201.4,197.2,201.4,186.5,True,2026-07-27T22:02:36.336301-03:00,0.230025939411054,0.0821029179444472,False,-5.7e-06,,190.6,201.4,183.5,True
14102,2026-07-26T23:02:42.52056-03:00,SOLUSDT,BREAKOUT,4h,13,WATCH,76.76,76.45,closed,76.5,76.49,76.62,73.12,76.68,76.26,77.5,72.86,True,2026-07-27T23:02:48.73059-03:00,0.379808542281262,0.0577381398951862,False,8.751e-05,,73.04,77.5,70.58,True
14104,2026-07-26T23:02:42.52056-03:00,WBTCUSDT,COILING,4h,10,WATCH,65370.91,65750.89,closed,65157.3,65259.33,65464.13,63229.37,65521.32,65102.88,65717.71,63052.02,True,2026-07-27T23:02:44.817017-03:00,1.99615160887579,0.0244541223304748,False,,,63162.24,65717.71,62226.8,True
14103,2026-07-26T23:02:42.52056-03:00,LINKUSDT,BREAKOUT,4h,12,WATCH,8.825,8.6,closed,8.751,8.744,8.857,8.324,8.878,8.723,8.916,8.28,True,2026-07-27T23:02:47.450364-03:00,0.686487901142883,0.0438851481540588,True,0.0001,,8.304,8.916,7.888,True
14105,2026-07-26T23:02:42.52056-03:00,METUSDT,BREAKOUT,4h,9,STRONG,0.1781,0.1718,closed,0.1798,0.1763,0.1697,0.1628,0.1816,0.1688,0.1816,0.1568,True,2026-07-27T23:02:46.116228-03:00,0.0918384902120703,-0.0548964112009708,True,-5.28e-06,,0.1608,0.1811,0.1568,True
14111,2026-07-27T00:02:42.174276-03:00,CAKEUSDT,HOLD,4h,12,WATCH,1.415,1.41,closed,1.407,1.407,1.408,1.36,1.413,1.403,1.418,1.353,True,2026-07-28T00:02:42.827385-03:00,0.0359420627749173,0.0615070308721728,True,3.504e-05,,1.434,1.484,1.353,True
14118,2026-07-27T01:02:32.442153-03:00,DIAUSDT,HOLD,4h,10,STRONG,0.1626,0.1228,closed,0.1654,0.16,0.1874,0.1224,0.1969,0.1557,0.209,0.1218,True,2026-07-28T01:02:37.50789-03:00,1.01756457400648,0.0184002905155655,True,-0.00012344,,0.1106,0.209,0.0993,True
14122,2026-07-27T01:02:32.442153-03:00,FETUSDT,COILING,4h,6,WATCH,0.1597,0.161,closed,0.1599,0.1598,0.158,0.1434,0.1607,0.1579,0.1607,0.1398,True,2026-07-28T01:02:39.248029-03:00,0.343982984293954,0.0347752173498293,True,3.739e-05,,0.1403,0.1607,0.1322,True
14120,2026-07-27T01:02:32.442153-03:00,FILUSDT,COILING,4h,7,STRONG,0.7525,0.7537,closed,0.7519,0.7482,0.741,0.6996,0.7536,0.7406,0.7536,0.6846,True,2026-07-28T01:02:43.174959-03:00,0.369355345932826,0.0752971709476891,False,2.245e-05,,0.716,0.7519,0.6538,True
14119,2026-07-27T01:02:32.442153-03:00,JSTUSDT,COILING,4h,10,WATCH,0.10546,0.10571,closed,0.1054,0.10558,0.10527,0.10326,0.10608,0.10525,0.10608,0.10191,True,2026-07-28T01:02:40.997899-03:00,0.100702669996937,0.201777125750034,True,3.507e-05,,0.10523,0.10685,0.09763,True
14121,2026-07-27T01:02:32.442153-03:00,TAOUSDT,COILING,4h,6,WATCH,199.3,200.2,closed,199.0,198.9,197.2,186.9,200.4,197.1,200.8,183.5,True,2026-07-28T01:02:35.641508-03:00,0.150387088870837,0.0652926493446203,False,5e-05,,189.9,200.8,183.5,True
14129,2026-07-27T02:02:38.86219-03:00,ZECUSDT,COILING,4h,4,STRONG,503.95,514.26,closed,504.67,503.83,497.47,478.44,507.05,496.72,508.83,471.23,True,2026-07-28T02:02:39.341698-03:00,0.152975456177339,0.0634125687830375,False,-1.894e-05,,476.93,508.83,451.75,True
14128,2026-07-27T02:02:38.86219-03:00,MANTRAUSDT,COILING,4h,6,STRONG,0.00639,0.00643,closed,0.00643,0.00638,0.00621,0.00584,0.00646,0.00621,0.00646,0.00584,True,2026-07-28T02:02:41.435712-03:00,0.269319785970227,0.0451043117110018,False,-0.00074091,,0.0055,0.00679,0.00508,True
14140,2026-07-27T03:02:41.94195-03:00,ICPUSDT,PREBREAK,1h,13,WATCH,2.184,2.21,closed,2.186,2.181,2.179,2.088,2.19,2.169,2.198,2.075,True,2026-07-28T03:02:44.076243-03:00,0.171594393271051,-0.0198851019538161,False,2.771e-05,,2.051,2.198,1.994,True
14141,2026-07-27T03:02:41.94195-03:00,CAKEUSDT,PREBREAK,1h,7,WATCH,1.409,1.42,closed,1.408,1.408,1.402,1.37,1.413,1.399,1.418,1.353,True,2026-07-28T03:02:42.456079-03:00,-0.290500327884926,0.0556946180385628,False,5e-05,,1.428,1.484,1.353,True
14139,2026-07-27T03:02:41.94195-03:00,PEOPLEUSDT,BREAKOUT,4h,13,BEST,0.00653,0.00628,closed,0.00651,0.0065,0.00662,0.00679,0.00665,0.00632,0.00712,0.00627,True,2026-07-28T04:02:39.418439-03:00,1.87487261565918,0.0119414498205318,True,0.0001,,0.00694,0.00744,0.00627,True
14160,2026-07-27T05:02:36.536447-03:00,PUMPUSDT,HOLD,4h,11,BEST,0.002033,0.001882,closed,0.002033,0.002047,0.002146,0.00209,0.002163,0.002017,0.002185,0.002005,True,2026-07-28T05:02:38.958264-03:00,0.788665061641611,-0.00672148625644235,False,5e-05,,0.002085,0.002289,0.001808,True
14163,2026-07-27T05:02:36.536447-03:00,LINKUSDT,COILING,4h,9,WATCH,8.811,8.843,closed,8.814,8.781,8.78,8.324,8.825,8.749,8.825,8.28,True,2026-07-28T05:02:40.525757-03:00,0.314461157407101,0.0294691380697698,True,0.0001,,8.222,8.823,7.888,True
14161,2026-07-27T05:02:36.536447-03:00,ZROUSDT,HOLD,4h,10,STRONG,0.912,0.873,closed,0.91,0.916,0.945,0.871,0.946,0.9,0.965,0.856,True,2026-07-28T05:02:44.809891-03:00,0.279084668797919,-0.0539542276441395,True,5e-05,,0.725,0.965,0.706,True
14162,2026-07-27T05:02:36.536447-03:00,APEUSDT,BREAKOUT,4h,10,STRONG,0.1545,0.1488,closed,0.1534,0.1527,0.1568,0.1561,0.159,0.1513,0.1635,0.1463,True,2026-07-28T05:02:41.973817-03:00,0.665792872801942,-0.0624647818800307,True,9.277e-05,,0.1302,0.1635,0.1283,True
14159,2026-07-27T05:02:36.536447-03:00,NILUSDT,HOLD,4h,13,BEST,0.04199,0.03901,closed,0.04583,0.0423,0.04513,0.03685,0.0493,0.04192,0.0493,0.03634,True,2026-07-28T05:02:43.337466-03:00,1.2598694328798,0.0678349625431029,True,-0.00039922,,0.0304,0.0493,0.0273,True
14177,2026-07-27T06:02:34.580712-03:00,POLUSDT,PREBREAK,1h,5,WATCH,0.07787,0.07801,closed,0.07784,0.07765,0.07705,0.07341,0.07803,0.077,0.07803,0.07252,True,2026-07-28T06:02:48.31127-03:00,0.177379211047236,-0.0730044234324753,False,1.044e-05,,0.07352,0.07766,0.07015,True
14176,2026-07-27T06:02:34.580712-03:00,JSTUSDT,COILING,4h,7,WATCH,0.10533,0.10571,closed,0.10475,0.10433,0.10401,0.10318,0.10478,0.10391,0.10478,0.10191,True,2026-07-28T06:02:52.040027-03:00,0.0611026339960386,0.143307044202976,True,5e-05,,0.10588,0.10685,0.09763,True
14175,2026-07-27T06:02:34.580712-03:00,SOLUSDT,COILING,4h,7,WATCH,76.47,77.1,closed,76.21,76.47,76.93,73.38,77.06,76.15,77.5,72.86,True,2026-07-28T06:02:45.961467-03:00,0.361375768671569,0.0270473794437997,False,7.729e-05,,72.74,77.5,70.58,True
14174,2026-07-27T06:02:34.580712-03:00,LDOUSDT,BREAKOUT,4h,11,BEST,0.4053,0.3957,closed,0.4018,0.4004,0.4027,0.3889,0.4047,0.3972,0.405,0.3761,True,2026-07-28T06:02:50.114062-03:00,0.137797872848887,0.0617171519371001,False,0.0001,,0.3247,0.405,0.3193,True
14178,2026-07-27T06:02:34.580712-03:00,BCHUSDT,COILING,4h,5,WATCH,216.6,219.1,closed,215.2,216.3,218.8,213.2,220.2,214.2,220.2,210.9,True,2026-07-28T06:02:54.102519-03:00,0.970354688875791,0.0705090597967011,False,-7.858e-05,,210.7,222.0,204.4,True
14188,2026-07-27T07:02:34.404995-03:00,BTCUSDT,PREBREAK,1h,7,WATCH,65262.17,65744.6,closed,65275.99,65301.6,65374.0,63392.01,65718.0,64836.0,65718.0,63059.39,True,2026-07-28T07:02:52.206774-03:00,-0.150741123592331,-0.0503197607106669,False,6.452e-05,,62796.0,65718.0,62275.0,True
14190,2026-07-27T07:02:34.404995-03:00,MANTRAUSDT,COILING,4h,3,STRONG,0.0063,0.00643,closed,0.00622,0.00624,0.00619,0.00589,0.00626,0.00618,0.00626,0.00577,True,2026-07-28T07:02:51.019795-03:00,0.254005158589327,0.0421664078801927,False,5e-05,,0.00558,0.00679,0.00508,True
14189,2026-07-27T07:02:34.404995-03:00,PENGUUSDT,PREBREAK,1h,5,STRONG,0.00645,0.00645,closed,0.006437,0.006461,0.006422,0.005928,0.006485,0.006326,0.006485,0.005841,True,2026-07-28T07:02:48.537294-03:00,0.536868311885519,0.0887307836665356,False,4.455e-05,,0.006081,0.006479,0.005653,True
14191,2026-07-27T07:02:34.404995-03:00,ATOMUSDT,COILING,4h,3,WATCH,1.388,1.405,closed,1.384,1.383,1.38,1.308,1.39,1.373,1.39,1.285,True,2026-07-28T07:02:49.833017-03:00,0.0305043783170554,0.120992203915272,False,-9.519e-05,,1.281,1.387,1.212,True
14198,2026-07-27T08:02:33.128579-03:00,ZROUSDT,BREAKOUT,4h,10,STRONG,0.912,0.873,closed,0.94,0.945,0.942,0.868,0.965,0.931,0.965,0.856,True,2026-07-28T08:02:33.674249-03:00,0.279084668797919,-0.0539542276441395,True,5e-05,,0.721,0.965,0.706,True
14202,2026-07-27T09:02:47.805881-03:00,APTUSDT,COILING,4h,6,WATCH,0.625,0.639,closed,0.621,0.624,0.605,0.582,0.628,0.603,0.628,0.58,True,2026-07-28T09:02:48.445665-03:00,0.437238914487191,0.101666527260762,False,5.424e-05,,0.561,0.628,0.545,True
14204,2026-07-27T09:02:47.805881-03:00,PARTIUSDT,COILING,4h,4,STRONG,0.0278,0.0287,closed,0.0277,0.0277,0.0269,0.0256,0.028,0.0267,0.028,0.0253,True,2026-07-28T10:02:43.11471-03:00,11.1145778436837,0.0443120238506352,False,1.666e-05,,0.0236,0.0277,0.0233,True
14201,2026-07-27T09:02:47.805881-03:00,BCHUSDT,HOLD,4h,12,WATCH,219.2,213.4,closed,218.7,218.8,215.3,212.6,220.2,213.3,220.2,210.9,True,2026-07-28T10:02:45.621424-03:00,3.14690998388962,0.0896009744323792,True,-7.858e-05,,210.1,222.0,204.4,True
14203,2026-07-27T09:02:47.805881-03:00,OPUSDT,COILING,4h,5,STRONG,0.0946,0.096,closed,0.0943,0.0948,0.0908,0.0861,0.0952,0.0906,0.0952,0.0859,True,2026-07-28T10:02:40.993086-03:00,0.324661948719453,0.0282376554690153,False,0.0001,,0.0864,0.0952,0.0818,True
14219,2026-07-27T11:02:38.408273-03:00,SOLUSDT,PREBREAK,1h,7,WATCH,76.92,77.1,closed,76.74,75.48,75.9,72.79,77.0,75.03,77.0,72.36,True,2026-07-28T11:02:45.352309-03:00,0.568541795490979,0.0481504584773605,False,7.729e-05,,73.79,76.25,70.58,True
14218,2026-07-27T11:02:38.408273-03:00,ASTERUSDT,PREBREAK,1h,8,WATCH,0.626,0.632,closed,0.625,0.624,0.625,0.613,0.627,0.621,0.627,0.609,True,2026-07-28T11:02:47.037733-03:00,-0.0173936443841012,-0.0604145392600976,False,5e-05,,0.603,0.627,0.587,True
14238,2026-07-27T13:02:37.186974-03:00,BCHUSDT,COILING,4h,4,WATCH,215.4,219.1,closed,215.1,216.5,215.7,214.5,216.9,213.8,216.9,209.3,True,2026-07-28T13:02:42.410451-03:00,0.730144944558451,0.0868448848912424,False,-0.00016996,,212.5,222.0,204.4,True
14239,2026-07-27T13:02:37.186974-03:00,JTOUSDT,COILING,4h,4,STRONG,0.5975,0.6246,closed,0.5926,0.5966,0.5858,0.5572,0.6009,0.579,0.6009,0.5446,True,2026-07-28T13:02:43.861163-03:00,0.429748989713887,0.0668474729409521,False,-9.85e-06,,0.4958,0.5985,0.4804,True
14249,2026-07-27T14:02:37.203706-03:00,APTUSDT,COILING,4h,3,WATCH,0.607,0.639,closed,0.611,0.61,0.607,0.586,0.612,0.604,0.612,0.575,True,2026-07-28T14:02:47.935672-03:00,0.39992216701178,0.0467929013355144,False,-4.719e-05,,0.572,0.611,0.545,True
14261,2026-07-27T15:02:34.39591-03:00,0GUSDT,COILING,4h,2,STRONG,0.175,0.182,closed,0.181,0.184,0.18,0.171,0.185,0.179,0.186,0.169,True,2026-07-28T15:02:42.435572-03:00,0.0637932432817846,0.0648647632099422,False,5e-05,,0.139,0.186,0.136,True
14280,2026-07-27T17:02:35.402674-03:00,ENSOUSDT,COILING,4h,5,STRONG,0.843,0.853,closed,0.846,0.83,0.82,0.84,0.858,0.814,0.864,0.814,True,2026-07-28T17:02:39.042303-03:00,0.0751981167078363,0.0441785098786692,False,5e-05,,0.916,0.976,0.803,True
14281,2026-07-27T17:02:35.402674-03:00,LINKUSDT,COILING,4h,4,WATCH,8.637,8.916,closed,8.623,8.62,8.378,8.374,8.645,8.348,8.645,8.192,True,2026-07-28T17:02:40.751943-03:00,0.0405268520397844,0.0406000296181461,False,0.0001,,8.246,8.625,7.888,True
14279,2026-07-27T17:02:35.402674-03:00,PUMPUSDT,HOLD,4h,11,BEST,0.002128,0.002063,closed,0.00213,0.002166,0.00212,0.001948,0.002185,0.002084,0.002185,0.001923,True,2026-07-28T17:02:42.313144-03:00,0.432477024718932,0.0417710960006634,False,4.411e-05,,0.002176,0.002289,0.001808,True
14290,2026-07-27T18:02:40.228361-03:00,SAPIENUSDT,BREAKOUT,4h,12,BEST,0.0859,0.0835,closed,0.0851,0.086,0.0826,0.0802,0.0896,0.0823,0.0896,0.0773,True,2026-07-28T18:02:43.96427-03:00,0.218341917928752,0.0868482629184048,True,5e-05,,0.0799,0.0896,0.0772,True
14300,2026-07-27T19:02:42.818583-03:00,0GUSDT,COILING,4h,3,STRONG,0.18,0.182,closed,0.181,0.178,0.181,0.169,0.184,0.173,0.186,0.167,True,2026-07-28T19:02:45.797128-03:00,0.154385001683667,0.0418712354585742,False,2.612e-05,,0.14,0.186,0.136,True
14299,2026-07-27T19:02:42.818583-03:00,APTUSDT,COILING,4h,4,WATCH,0.61,0.639,closed,0.605,0.593,0.587,0.587,0.606,0.584,0.606,0.575,True,2026-07-28T19:02:44.604313-03:00,3.24974039264851,0.0799887765472932,False,-4.719e-05,,0.575,0.597,0.545,True
14321,2026-07-27T21:02:34.888756-03:00,BCHUSDT,COILING,4h,3,WATCH,211.8,220.2,closed,212.3,213.1,213.7,214.5,215.4,211.4,215.4,209.3,True,2026-07-28T21:02:46.212527-03:00,0.316953711323854,0.0760211418039644,False,-0.00015496,,211.6,222.0,204.4,True
14338,2026-07-28T00:02:42.099914-03:00,0GUSDT,COILING,4h,5,STRONG,0.181,0.182,closed,0.182,0.182,0.173,0.157,0.186,0.171,0.186,0.156,True,2026-07-29T01:02:41.886674-03:00,0.200033118059822,0.0489780630804986,False,5e-05,,0.139,0.186,0.136,True
14347,2026-07-28T01:02:34.874842-03:00,ACHUSDT,COILING,4h,7,STRONG,0.00435,0.00437,closed,0.00443,0.00446,0.0042,0.00423,0.00529,0.00412,0.00529,0.00401,True,2026-07-29T01:02:43.242218-03:00,0.645450188344899,0.0347253900793616,True,-8.199e-05,,0.00431,0.00543,0.00401,True
14418,2026-07-28T09:02:42.680411-03:00,PEOPLEUSDT,BREAKOUT,4h,15,BEST,0.0072,0.00712,closed,0.00713,0.00706,0.00674,0.00643,0.00719,0.00671,0.00719,0.0064,True,2026-07-29T09:02:44.263201-03:00,0.830287687412692,-0.0800292172601692,True,0.0001,,0.00704,0.00744,0.00631,True
14441,2026-07-28T12:02:46.892548-03:00,MMTUSDT,BREAKOUT,4h,11,BEST,0.1902,0.1853,closed,0.1923,0.1919,0.1897,0.1694,0.1942,0.1892,0.1942,0.1692,True,2026-07-29T13:02:35.979636-03:00,0.223811583821068,0.0400311321447493,True,-1.175e-05,,0.1536,0.4667,0.1509,True
14452,2026-07-28T13:02:41.359287-03:00,BCHUSDT,COILING,4h,4,WATCH,214.7,220.2,closed,214.3,213.3,213.5,210.6,214.9,211.9,216.2,209.4,True,2026-07-29T14:02:47.608927-03:00,0.158384585293345,0.0450401162939606,False,4.469e-05,,212.6,222.0,204.4,True
14451,2026-07-28T13:02:41.359287-03:00,FFUSDT,BREAKOUT,4h,10,STRONG,0.06463,0.06379,closed,0.0643,0.0651,0.06477,0.06791,0.06524,0.06418,0.06927,0.06299,True,2026-07-29T14:02:50.800392-03:00,0.171176955498839,-0.132552662593256,True,6.475e-05,,0.06241,0.06985,0.06206,True
14450,2026-07-28T13:02:41.359287-03:00,COTIUSDT,HOLD,4h,11,BEST,0.01404,0.01,closed,0.01342,0.01363,0.01285,0.01857,0.0148,0.012,0.01861,0.01022,True,2026-07-29T14:02:49.081792-03:00,1.02869600646116,0.00970746503245625,False,-0.00064718,,0.01397,0.021,0.01022,True
14465,2026-07-28T14:02:47.197807-03:00,POLUSDT,PREBREAK,1h,2,WATCH,0.0733,0.074,closed,0.07278,0.07235,0.07257,0.07177,0.07327,0.07186,0.07327,0.07049,True,2026-07-29T14:02:52.428902-03:00,-0.519458340827874,-0.0478947004498314,False,-4.404e-05,,0.07428,0.07561,0.07015,True
14476,2026-07-28T15:02:41.183722-03:00,ETCUSDT,PREBREAK,1h,3,WATCH,6.73,6.8,closed,6.72,6.72,6.77,6.76,6.78,6.71,6.78,6.63,True,2026-07-29T15:02:45.46722-03:00,-0.218877182267196,-0.0370102406098816,False,-7.033e-05,,6.6,6.83,6.41,True
14485,2026-07-28T16:02:36.131965-03:00,1000CHEEMSUSDT,HOLD,4h,10,WATCH,0.000515,0.000483,closed,0.000515,0.000525,0.000511,0.000479,0.000533,0.000509,0.000533,0.000472,True,2026-07-29T16:02:49.573681-03:00,0.267543017502847,-0.011079272841116,True,5e-05,,0.000502,0.000533,0.000465,True
14493,2026-07-28T17:02:37.885023-03:00,ALPINEUSDT,COILING,4h,3,STRONG,0.317,0.33,closed,0.316,0.312,0.314,0.308,0.318,0.31,0.318,0.303,True,2026-07-29T17:02:42.51644-03:00,0.284685252887111,0.0645159506710698,False,5e-05,,0.315,0.348,0.303,True
14492,2026-07-28T17:02:37.885023-03:00,1000CHEEMSUSDT,BREAKOUT,4h,9,WATCH,0.000525,0.000486,closed,0.000528,0.000516,0.000505,0.000473,0.000533,0.000502,0.000533,0.000472,True,2026-07-29T17:02:44.058429-03:00,0.457536795655416,-0.0266164071120895,True,5e-05,,0.0005,0.000521,0.000465,True
14594,2026-07-29T01:02:40.888277-03:00,VANAUSDT,HOLD,4h,15,BEST,1.251,1.224,closed,1.255,1.24,1.244,1.037,1.264,1.234,1.264,1.029,True,2026-07-30T01:02:42.138252-03:00,0.303414711260092,0.0298259374296949,False,5e-05,,0.832,1.264,0.815,True
14643,2026-07-29T05:02:38.353805-03:00,JUPUSDT,BREAKOUT,4h,11,BEST,0.1947,0.1942,closed,0.1928,0.1943,0.1952,0.1951,0.1975,0.192,0.2003,0.19,True,2026-07-30T06:02:41.563153-03:00,0.0946847069985803,-0.0384695098260162,True,-4.244e-05,,0.1878,0.2003,0.187,True
14644,2026-07-29T05:02:38.353805-03:00,FFUSDT,BREAKOUT,4h,9,STRONG,0.06697,0.06547,closed,0.06678,0.06736,0.0687,0.06543,0.06907,0.06633,0.06985,0.06395,True,2026-07-30T06:02:39.795432-03:00,0.211794018991232,-0.0990719177372711,True,0.00011858,,0.06278,0.06985,0.06195,True
14693,2026-07-29T09:02:43.339075-03:00,FFUSDT,HOLD,4h,10,STRONG,0.06866,0.06559,closed,0.06825,0.06823,0.06791,0.06564,0.06927,0.06765,0.06985,0.06395,True,2026-07-30T09:02:44.088645-03:00,0.260242585166693,-0.128979699846286,True,5e-05,,0.06289,0.06985,0.06195,True
14694,2026-07-29T09:02:43.339075-03:00,CAKEUSDT,COILING,4h,6,WATCH,1.39,1.418,closed,1.384,1.38,1.366,1.43,1.391,1.364,1.431,1.353,True,2026-07-30T09:02:45.778162-03:00,0.259557994650464,0.107267249636322,False,5e-05,,1.408,1.484,1.353,True
14709,2026-07-29T10:02:38.876181-03:00,XLMUSDT,PREBREAK,1h,6,STRONG,0.174,0.1761,closed,0.174,0.1741,0.1717,0.1728,0.1747,0.1711,0.1747,0.1686,True,2026-07-30T11:02:45.43408-03:00,1.41329497575099,-0.020515370162935,False,4.698e-05,,0.167,0.1776,0.1656,True
14726,2026-07-29T11:02:41.067604-03:00,POLUSDT,PREBREAK,1h,2,WATCH,0.07209,0.07282,closed,0.07212,0.07218,0.07238,0.0712,0.07261,0.07152,0.07261,0.07015,True,2026-07-30T11:02:46.660715-03:00,-1.6616549939237,-0.0331607762657155,False,-6.341e-05,,0.07477,0.07561,0.07015,True
14737,2026-07-29T12:02:35.097827-03:00,WBTCUSDT,PREBREAK,1h,4,WATCH,64123.75,64714.21,closed,64113.62,63932.82,64555.38,64617.59,64682.69,63654.0,65172.92,63302.28,True,2026-07-30T12:02:43.289687-03:00,-0.220173808371154,-0.277882887518504,False,,,64415.51,65394.67,62226.8,True
14749,2026-07-29T13:02:35.114392-03:00,ADAUSDT,COILING,4h,4,STRONG,0.1631,0.1673,closed,0.1633,0.1634,0.1628,0.1721,0.1691,0.1623,0.1763,0.1604,True,2026-07-30T13:02:47.701566-03:00,0.138896405103278,0.0281363429967206,False,0.0001,,0.1912,0.1994,0.1604,True
14748,2026-07-29T13:02:35.114392-03:00,FLOWUSDT,BREAKOUT,4h,11,WATCH,0.029,0.02751,closed,0.02932,0.02854,0.0278,0.02704,0.02942,0.0275,0.02942,0.02665,True,2026-07-30T13:02:46.109972-03:00,0.727091953508846,0.00552167082218994,True,5e-05,,0.02604,0.03177,0.02577,True
14779,2026-07-29T16:02:48.633902-03:00,HBARUSDT,PREBREAK,1h,8,WATCH,0.06851,0.06924,closed,0.06814,0.06739,0.06793,0.0683,0.06849,0.06695,0.06859,0.06695,True,2026-07-30T17:02:46.27229-03:00,0.320327093692478,-0.005776611079039,False,-3.414e-05,,0.06968,0.07156,0.06695,True
14781,2026-07-29T16:02:48.633902-03:00,RENDERUSDT,PREBREAK,1h,7,WATCH,1.412,1.42,closed,1.411,1.38,1.396,1.425,1.422,1.368,1.43,1.368,True,2026-07-30T17:02:49.255951-03:00,0.169798734382954,-0.0607947201966525,False,-5.135e-05,,1.335,1.431,1.331,True
14778,2026-07-29T16:02:48.633902-03:00,LINKUSDT,PREBREAK,1h,8,WATCH,8.403,8.481,closed,8.341,8.216,8.295,8.492,8.41,8.162,8.534,8.162,True,2026-07-30T17:02:44.8136-03:00,0.0377515071418246,-0.133642044504307,False,5.525e-05,,8.188,8.534,7.888,True
14777,2026-07-29T16:02:48.633902-03:00,RUNEUSDT,PREBREAK,1h,9,WATCH,0.439,0.441,closed,0.438,0.43,0.435,0.44,0.439,0.428,0.45,0.428,True,2026-07-30T17:02:42.958671-03:00,0.0365712906042013,-0.0212269543996682,False,-3.359e-05,,0.448,0.45,0.426,True
14780,2026-07-29T16:02:48.633902-03:00,CAKEUSDT,PREBREAK,1h,8,WATCH,1.378,1.394,closed,1.371,1.361,1.378,1.466,1.379,1.353,1.484,1.353,True,2026-07-30T17:02:47.999137-03:00,0.753223696400621,0.0751158123506582,False,4.72e-06,,1.423,1.484,1.353,True
14798,2026-07-29T17:02:41.401029-03:00,CAKEUSDT,COILING,4h,3,WATCH,1.362,1.418,closed,1.364,1.358,1.381,1.462,1.382,1.353,1.484,1.353,True,2026-07-30T17:02:50.559395-03:00,0.376286864510073,0.0819271535329977,False,-5.377e-05,,1.424,1.484,1.353,True
14883,2026-07-29T21:02:32.608124-03:00,FFUSDT,HOLD,4h,9,STRONG,0.0687,0.06747,closed,0.06836,0.0684,0.06902,0.065,0.06925,0.06765,0.06985,0.06395,True,2026-07-30T21:02:36.731939-03:00,0.213916485008435,-0.116381858490127,True,5e-05,,0.06366,0.06985,0.06195,True
14885,2026-07-29T21:02:32.608124-03:00,CRVUSDT,COILING,4h,3,STRONG,0.2091,0.2172,closed,0.2089,0.2097,0.21,0.2124,0.2118,0.2087,0.2154,0.2083,True,2026-07-30T21:02:35.133116-03:00,0.0240974861254418,0.0307592331536167,False,0.0001,,0.206,0.2154,0.1988,True
14884,2026-07-29T21:02:32.608124-03:00,MORPHOUSDT,COILING,4h,4,STRONG,1.983,2.059,closed,1.974,1.958,1.952,2.021,1.98,1.943,2.034,1.94,True,2026-07-30T21:02:38.263978-03:00,0.0876575930662302,0.117108009166418,False,4.827e-05,,1.911,2.034,1.842,True
14933,2026-07-30T00:02:37.646121-03:00,POLUSDT,PREBREAK,1h,4,WATCH,0.07218,0.07261,closed,0.07212,0.07206,0.07175,0.07143,0.07226,0.07157,0.07226,0.07015,True,2026-07-31T00:02:40.074672-03:00,-3.58852950857821,-0.0199694577568961,False,-5.589e-05,,0.07503,0.07574,0.07015,True
14954,2026-07-30T01:02:41.137576-03:00,EPICUSDT,BREAKOUT,4h,7,STRONG,0.7756,0.7487,closed,0.7752,0.7921,0.7366,0.7733,0.9999,0.7057,0.9999,0.7057,True,2026-07-31T02:02:39.022241-03:00,0.00855789650457255,0.0414313487444874,False,5e-05,,0.8948,1.1627,0.6746,True
14975,2026-07-30T02:02:33.873823-03:00,RUNEUSDT,PREBREAK,1h,5,WATCH,0.441,0.442,closed,0.441,0.443,0.444,0.438,0.446,0.44,0.45,0.436,True,2026-07-31T02:02:40.774957-03:00,0.0213553912947186,-0.0346035594301425,True,8.007e-05,,0.448,0.45,0.426,True
15032,2026-07-30T07:02:31.986024-03:00,ALGOUSDT,PREBREAK,1h,3,WATCH,0.0774,0.0783,closed,0.0776,0.0775,0.079,0.0782,0.0793,0.0775,0.081,0.0775,True,2026-07-31T07:02:36.235093-03:00,-0.241108052211674,-0.120485533628859,False,5.457e-05,,0.0869,0.0932,0.0775,True
15031,2026-07-30T07:02:31.986024-03:00,BTCUSDT,PREBREAK,1h,6,WATCH,64567.56,64648.79,closed,64610.0,64544.82,64969.27,63688.67,65176.6,64542.73,65409.56,63638.18,True,2026-07-31T07:02:37.881377-03:00,-0.224030606832624,0.0629287271729407,False,7.278e-05,,64615.95,65409.56,62275.0,True
15050,2026-07-30T09:02:43.129057-03:00,ASTERUSDT,PREBREAK,1h,4,WATCH,0.602,0.602,closed,0.601,0.602,0.607,0.6,0.61,0.601,0.611,0.598,True,2026-07-31T10:02:35.867249-03:00,-0.196337669897162,-0.041307874894101,False,5e-05,,0.601,0.611,0.596,True
15049,2026-07-30T09:02:43.129057-03:00,ONDOUSDT,BREAKOUT,4h,10,STRONG,0.4218,0.4142,closed,0.4249,0.4225,0.4189,0.4024,0.4279,0.4165,0.4279,0.3994,True,2026-07-31T10:02:39.062448-03:00,0.0708114304750799,-0.014844085346208,True,3.66e-06,,0.3675,0.4278,0.3643,True
15047,2026-07-30T09:02:43.129057-03:00,UNIUSDT,BREAKOUT,4h,13,BEST,4.13,4.082,closed,4.142,4.188,4.334,4.347,4.338,4.123,4.577,4.123,True,2026-07-31T10:02:40.745291-03:00,0.0903758064877609,0.00489207960311606,True,7.624e-05,,4.011,4.577,3.786,True
15048,2026-07-30T09:02:43.129057-03:00,GIGGLEUSDT,BREAKOUT,4h,13,BEST,27.51,26.83,closed,27.9,28.45,29.11,37.03,30.59,27.52,43.32,27.52,True,2026-07-31T10:02:37.384036-03:00,0.697823864000208,0.118077078719383,True,5e-05,,31.63,55.71,28.21,True
15073,2026-07-30T11:02:44.462922-03:00,MMTUSDT,BREAKOUT,4h,6,STRONG,0.2058,0.201,closed,0.2061,0.2202,0.2444,0.2322,0.2571,0.2052,0.4667,0.2052,True,2026-07-31T12:02:44.469629-03:00,0.0559957444010805,-0.0783820461416701,True,5e-05,,0.1758,0.4667,0.141,True
15091,2026-07-30T12:02:42.208581-03:00,ARUSDT,PREBREAK,1h,7,STRONG,1.727,1.746,closed,1.731,1.732,1.732,1.71,1.743,1.719,1.75,1.678,True,2026-07-31T12:02:45.853298-03:00,0.0725534789875272,-0.0941224825367186,False,-1.27e-05,,1.807,1.864,1.678,True
15111,2026-07-30T13:02:45.002034-03:00,CAKEUSDT,HOLD,4h,11,WATCH,1.434,1.402,closed,1.444,1.466,1.462,1.451,1.484,1.442,1.484,1.438,True,2026-07-31T13:02:50.103906-03:00,0.620488825475219,0.0397405415353232,True,5e-05,,1.402,1.484,1.39,True
15112,2026-07-30T13:02:45.002034-03:00,BCHUSDT,BREAKOUT,4h,11,WATCH,219.9,216.5,closed,221.1,220.1,218.8,207.5,222.0,218.2,222.0,205.0,True,2026-07-31T13:02:45.609579-03:00,0.156533558566137,0.00753599001039761,True,0.0001,,214.7,220.6,205.0,True
15110,2026-07-30T13:02:45.002034-03:00,MMTUSDT,HOLD,4h,12,BEST,0.2206,0.201,closed,0.2247,0.2369,0.2601,0.2036,0.2677,0.2188,0.4667,0.194,True,2026-07-31T13:02:48.811571-03:00,0.304379584427969,-0.00169746276378047,True,-5.829e-05,,0.1763,0.4667,0.141,True
15109,2026-07-30T13:02:45.002034-03:00,UNIUSDT,HOLD,4h,12,BEST,4.332,4.082,closed,4.374,4.446,4.421,4.247,4.477,4.331,4.577,4.228,True,2026-07-31T13:02:47.069801-03:00,0.191179071672571,0.0538024317018725,True,0.0001,,4.079,4.577,3.786,True
15113,2026-07-30T13:02:45.002034-03:00,ZBTUSDT,BREAKOUT,4h,6,STRONG,0.1215,0.1171,closed,0.1212,0.1245,0.1196,0.1132,0.1248,0.119,0.1248,0.113,True,2026-07-31T13:02:51.524276-03:00,0.0269031967184203,-0.087066614054517,True,5e-05,,0.1577,0.1859,0.1028,True
15127,2026-07-30T14:02:45.420386-03:00,CRVUSDT,COILING,4h,1,STRONG,0.2101,0.2172,closed,0.2111,0.2127,0.2136,0.2082,0.2154,0.2108,0.2154,0.2057,True,2026-07-31T15:02:45.231202-03:00,0.0985786688570881,0.0548793940868926,False,3.969e-05,,0.2178,0.2216,0.1988,True
15126,2026-07-30T14:02:45.420386-03:00,CAKEUSDT,BREAKOUT,4h,11,WATCH,1.434,1.402,closed,1.464,1.479,1.456,1.453,1.484,1.453,1.484,1.438,True,2026-07-31T15:02:43.678002-03:00,0.620488825475219,0.0397405415353232,True,5e-05,,1.398,1.484,1.39,True
15150,2026-07-30T17:02:41.957994-03:00,ADAUSDT,HOLD,4h,10,STRONG,0.1728,0.1691,closed,0.172,0.1709,0.1701,0.1706,0.1731,0.1695,0.1731,0.1665,True,2026-07-31T17:02:46.874783-03:00,0.1702846493191,-0.00323269516553853,True,0.0001,,0.2022,0.2117,0.1665,True
15149,2026-07-30T17:02:41.957994-03:00,TWTUSDT,BREAKOUT,4h,11,WATCH,0.3853,0.3776,closed,0.3899,0.3915,0.3952,0.3756,0.3989,0.3859,0.3989,0.3722,True,2026-07-31T17:02:45.24441-03:00,0.32854596993203,-0.0397411263535755,True,4.509e-05,,0.3773,0.3973,0.3587,True
15148,2026-07-30T17:02:41.957994-03:00,GIGGLEUSDT,HOLD,4h,13,BEST,30.22,27.82,closed,30.29,29.75,29.85,46.12,30.49,29.65,47.48,29.16,True,2026-07-31T17:02:48.531411-03:00,0.861815410503965,0.0771938739156739,True,5e-05,,32.42,55.71,29.16,True
15165,2026-07-30T19:04:36.496704-03:00,CRVUSDT,COILING,4h,4,STRONG,0.2144,0.2172,closed,0.2134,0.2124,0.2112,0.2082,0.2148,0.2111,0.2148,0.2057,True,2026-07-31T20:02:34.731225-03:00,0.121440766113375,0.0418700052885904,False,3.969e-05,,0.2132,0.2216,0.1988,True
15180,2026-07-30T20:02:42.130579-03:00,TRUMPUSDT,PREBREAK,1h,7,STRONG,1.464,1.473,closed,1.461,1.459,1.447,1.416,1.469,1.446,1.469,1.407,True,2026-07-31T21:02:44.830764-03:00,0.358250410227008,-0.0440887682705271,False,-7.222e-05,,1.481,1.51,1.406,True
15192,2026-07-30T21:02:34.336875-03:00,ROBOUSDT,HOLD,4h,10,STRONG,0.01431,0.01298,closed,0.01422,0.01442,0.01261,0.0121,0.01464,0.01254,0.0149,0.01145,True,2026-07-31T21:02:51.170662-03:00,0.596701233713876,0.0102082691787051,True,5e-05,,0.01431,0.01502,0.011,True
15194,2026-07-30T21:02:34.336875-03:00,PENGUUSDT,COILING,4h,5,STRONG,0.006052,0.006134,closed,0.006031,0.006083,0.006046,0.005993,0.006173,0.005981,0.006173,0.005936,True,2026-07-31T21:02:46.951646-03:00,0.730894941247448,0.0345153550676965,False,5e-05,,0.005996,0.006375,0.005861,True
15193,2026-07-30T21:02:34.336875-03:00,INJUSDT,BREAKOUT,4h,8,STRONG,5.018,4.858,closed,5.046,5.051,4.931,4.88,5.098,4.894,5.098,4.76,True,2026-07-31T21:02:48.758431-03:00,0.135836483414487,0.022357398748467,True,-0.00015237,,4.542,5.159,4.53,True
15206,2026-07-30T22:02:36.387175-03:00,UNIUSDT,HOLD,4h,11,BEST,4.433,4.338,closed,4.485,4.455,4.473,4.313,4.577,4.356,4.577,4.22,True,2026-07-31T22:02:43.245201-03:00,0.169831661330957,0.0416924473702806,True,0.0001,,4.044,4.566,3.786,True
15230,2026-07-30T23:02:39.897357-03:00,WLDUSDT,PREBREAK,1h,4,STRONG,0.31,0.3127,closed,0.3102,0.3072,0.308,0.3047,0.3115,0.3068,0.3117,0.2974,True,2026-07-31T23:02:39.987821-03:00,-0.0803180019975922,0.0275655496643883,False,-4.689e-05,,0.3028,0.3319,0.2959,True
15261,2026-07-31T01:02:38.082061-03:00,JSTUSDT,COILING,4h,6,WATCH,0.10235,0.10406,closed,0.10237,0.10239,0.10274,0.10438,0.10278,0.10211,0.10443,0.10211,True,2026-08-01T01:02:41.099789-03:00,0.150761241482324,0.0774705859942889,False,-6.887e-05,,0.10567,0.10685,0.10211,True
15262,2026-07-31T01:02:38.082061-03:00,ATOMUSDT,COILING,4h,2,WATCH,1.255,1.316,closed,1.229,1.23,1.234,1.235,1.255,1.222,1.255,1.219,True,2026-08-01T01:02:39.477721-03:00,0.040169272660453,0.0931894654180414,False,-5.294e-05,,1.351,1.397,1.212,True
15260,2026-07-31T01:02:38.082061-03:00,MMTUSDT,HOLD,4h,11,BEST,0.2893,0.2263,closed,0.2979,0.291,0.291,0.1887,0.3102,0.28,0.4667,0.1864,True,2026-08-01T01:02:43.422287-03:00,0.641147263018336,0.026655112065778,True,3.118e-05,,0.1659,0.4667,0.141,True
15259,2026-07-31T01:02:38.082061-03:00,DCRUSDT,HOLD,4h,15,BEST,14.29,12.48,closed,13.94,13.73,13.51,12.81,14.17,13.45,14.3,12.7,True,2026-08-01T01:02:45.300373-03:00,0.593637093192332,0.156076120421072,True,,,12.58,14.3,12.3,True
15275,2026-07-31T02:02:37.895947-03:00,GIGGLEUSDT,HOLD,4h,12,BEST,30.57,27.82,closed,31.02,31.55,38.42,47.96,43.32,30.78,51.51,30.78,True,2026-08-01T02:02:45.733957-03:00,0.949743844894212,0.0639997785195631,True,5e-05,,32.66,55.71,31.18,True
15286,2026-07-31T03:02:37.44085-03:00,MMTUSDT,BREAKOUT,4h,12,BEST,0.2893,0.2677,closed,0.2968,0.2932,0.3155,0.2012,0.3228,0.286,0.4667,0.1864,True,2026-08-01T03:02:43.401019-03:00,0.641147263018336,0.026655112065778,True,3.118e-05,,0.1643,0.4667,0.141,True
15285,2026-07-31T03:02:37.44085-03:00,FORMUSDT,HOLD,4h,12,BEST,0.2185,0.2058,closed,0.2166,0.2198,0.2189,0.2174,0.228,0.2166,0.228,0.2045,True,2026-08-01T03:02:42.232905-03:00,1.87808292079909,-0.00882440816653439,True,-4.632e-05,,0.2097,0.228,0.1975,True
15307,2026-07-31T04:02:35.931818-03:00,FORMUSDT,BREAKOUT,4h,15,BEST,0.2185,0.2149,closed,0.2221,0.2235,0.218,0.2151,0.228,0.2158,0.228,0.2045,True,2026-08-01T05:02:40.28534-03:00,1.87808292079909,-0.00882440816653439,True,-4.632e-05,,0.2101,0.228,0.1975,True
15322,2026-07-31T05:02:36.4961-03:00,CAKEUSDT,HOLD,4h,8,WATCH,1.456,1.438,closed,1.454,1.463,1.479,1.451,1.482,1.45,1.483,1.443,True,2026-08-01T05:02:45.608971-03:00,0.655802076420843,-0.0245320751094673,False,5e-05,,1.394,1.483,1.386,True
15321,2026-07-31T05:02:36.4961-03:00,MUBARAKUSDT,HOLD,4h,12,BEST,0.01316,0.0115,closed,0.01322,0.01321,0.01323,0.01247,0.01344,0.01267,0.01428,0.01213,True,2026-08-01T05:02:43.799339-03:00,0.329231475976792,0.00659181976970866,True,5e-05,,0.01297,0.01428,0.01177,True
15323,2026-07-31T05:02:36.4961-03:00,BROCCOLI714USDT,BREAKOUT,4h,8,STRONG,0.01436,0.01287,closed,0.01461,0.01535,0.01443,0.01384,0.01564,0.01338,0.01564,0.01338,True,2026-08-01T05:02:41.939997-03:00,0.397870814535178,0.00590312570113983,True,5e-05,,0.0145,0.01564,0.01293,True
15368,2026-07-31T08:02:46.277281-03:00,CVXUSDT,COILING,4h,5,STRONG,1.352,1.403,closed,1.307,1.294,1.27,1.26,1.316,1.255,1.316,1.251,True,2026-08-01T09:02:38.258765-03:00,0.128270261800978,0.0584820199079736,False,5e-05,,1.528,1.561,1.244,True
15367,2026-07-31T08:02:46.277281-03:00,TSTUSDT,BREAKOUT,4h,11,BEST,0.01251,0.01197,closed,0.01154,0.01161,0.01151,0.0119,0.0119,0.01111,0.01352,0.01111,True,2026-08-01T09:02:39.590788-03:00,1.36889223166905,0.0327214248626226,True,5e-05,,0.01256,0.0137,0.00991,True
15378,2026-07-31T09:02:32.788847-03:00,SANDUSDT,COILING,4h,5,STRONG,0.0419,0.04308,closed,0.04206,0.04237,0.04203,0.04219,0.04267,0.04147,0.04375,0.04147,True,2026-08-01T09:02:41.333137-03:00,1.48357448709685,0.0340110576958026,False,-0.00054061,,0.04144,0.04384,0.04081,True
15402,2026-07-31T11:02:37.269235-03:00,CHZUSDT,PREBREAK,1h,4,STRONG,0.01289,0.01296,closed,0.013,0.01299,0.01307,0.01297,0.01307,0.01278,0.01309,0.01278,True,2026-08-01T12:02:38.488659-03:00,-0.074405558420951,-0.0500152315684513,False,0.0001,,0.01277,0.01319,0.01254,True
15411,2026-07-31T12:02:43.362185-03:00,XLMUSDT,PREBREAK,1h,8,STRONG,0.1721,0.1733,closed,0.1733,0.1728,0.1716,0.1713,0.1738,0.171,0.1738,0.1703,True,2026-08-01T13:02:41.771575-03:00,-0.220015865779131,-0.020546835928932,False,-0.00015472,,0.1605,0.1776,0.159,True
15410,2026-07-31T12:02:43.362185-03:00,FILUSDT,PREBREAK,1h,10,STRONG,0.7188,0.7215,closed,0.7168,0.7193,0.7201,0.7097,0.7274,0.7153,0.7289,0.7055,True,2026-08-01T13:02:39.868982-03:00,1.57536747830947,0.0529337372011062,False,0.0001,,0.6945,0.7389,0.6791,True
15424,2026-07-31T13:02:44.52768-03:00,FILUSDT,COILING,4h,5,STRONG,0.718,0.7298,closed,0.7157,0.7208,0.7172,0.7107,0.7274,0.7145,0.7289,0.7055,True,2026-08-01T13:02:45.190323-03:00,1.49744585158841,0.0846076400295731,False,0.0001,,0.6887,0.7389,0.6791,True
15423,2026-07-31T13:02:44.52768-03:00,BROCCOLI714USDT,HOLD,4h,10,STRONG,0.01476,0.01287,closed,0.01473,0.01458,0.01477,0.01437,0.01515,0.01426,0.01515,0.01359,True,2026-08-01T13:02:46.985439-03:00,0.71725877240907,-0.00973655737548977,True,5e-05,,0.01542,0.01615,0.01293,True
15422,2026-07-31T13:02:44.52768-03:00,MUBARAKUSDT,BREAKOUT,4h,13,BEST,0.01414,0.01331,closed,0.01383,0.01372,0.01302,0.01292,0.01428,0.01296,0.01428,0.01213,True,2026-08-01T14:02:44.658953-03:00,0.512789615170016,-0.0336060460994059,True,5e-05,,0.01384,0.01422,0.01177,True
15463,2026-07-31T17:02:44.238287-03:00,1000SATSUSDT,HOLD,4h,10,STRONG,1.026e-05,9.28e-06,closed,1.04e-05,1.049e-05,1.069e-05,1.047e-05,1.079e-05,1.022e-05,1.35e-05,9.75e-06,True,2026-08-01T17:02:45.40845-03:00,0.811534007325465,0.0193202352304918,True,5e-05,,9.99e-06,1.35e-05,9.42e-06,True
15462,2026-07-31T17:02:44.238287-03:00,ORDIUSDT,BREAKOUT,4h,11,BEST,3.595,3.413,closed,3.614,3.64,3.709,3.55,3.715,3.543,3.816,3.445,True,2026-08-01T18:02:42.996621-03:00,3.39639074026106,0.032349959530168,False,5e-05,,3.255,3.816,3.25,True
15461,2026-07-31T17:02:44.238287-03:00,GIGGLEUSDT,BREAKOUT,4h,13,BEST,46.2,43.32,closed,46.2,43.65,47.58,39.09,49.36,43.33,55.71,37.07,True,2026-08-01T18:02:41.179376-03:00,0.92746322651639,0.00747530560599684,True,4.8e-05,,34.31,55.71,31.25,True
15464,2026-07-31T17:02:44.238287-03:00,SANDUSDT,COILING,4h,3,STRONG,0.04217,0.0448,closed,0.04212,0.04198,0.04291,0.04113,0.04308,0.04197,0.04375,0.04087,True,2026-08-01T17:02:47.014851-03:00,1.20546182938042,0.0619530709590956,False,6.197e-05,,0.04102,0.04384,0.04081,True
15473,2026-07-31T18:02:45.727145-03:00,DASHUSDT,PREBREAK,1h,5,STRONG,30.39,30.42,closed,30.46,30.49,31.38,31.03,31.6,30.36,32.25,30.36,True,2026-08-01T19:02:42.901728-03:00,-0.27709814948287,-0.0289216820186395,False,8.865e-05,,30.88,32.25,30.06,True
15502,2026-07-31T21:02:44.004887-03:00,GIGGLEUSDT,HOLD,4h,10,STRONG,48.13,43.32,closed,47.69,48.77,44.29,42.82,51.51,40.96,55.71,37.07,True,2026-08-01T22:02:46.025361-03:00,0.805360386745868,-0.00257615701364522,True,,,34.09,55.71,31.25,True
15501,2026-07-31T21:02:44.004887-03:00,NEIROUSDT,HOLD,4h,13,BEST,6.339e-05,6.041e-05,closed,6.344e-05,6.528e-05,6.169e-05,6.104e-05,6.564e-05,6.091e-05,6.564e-05,5.982e-05,True,2026-08-01T22:02:44.361797-03:00,2.74886677645304,0.0288467656708979,True,,,6.179e-05,6.564e-05,5.982e-05,True
15500,2026-07-31T21:02:44.004887-03:00,ORDIUSDT,HOLD,4h,13,BEST,3.671,3.48,closed,3.652,3.786,3.463,3.61,3.816,3.445,3.816,3.445,True,2026-08-01T22:02:42.708505-03:00,2.17386877407602,0.0279570320012601,False,,,3.249,3.816,3.224,True
15515,2026-07-31T22:02:42.407037-03:00,1000SATSUSDT,BREAKOUT,4h,15,BEST,1.079e-05,1.073e-05,closed,1.182e-05,1.26e-05,1.056e-05,1.127e-05,1.35e-05,9.75e-06,1.35e-05,9.75e-06,True,2026-08-01T22:02:47.801981-03:00,0.863659167313799,0.0181394422253253,True,,,1e-05,1.269e-05,9.42e-06,True
15533,2026-08-01T00:02:37.821453-03:00,TLMUSDT,BREAKOUT,4h,9,WATCH,0.001826,0.001666,closed,0.001775,0.001748,0.001855,0.001615,0.00187,0.001703,0.002044,0.00157,True,2026-08-02T00:02:41.754763-03:00,0.252956593006788,0.0297814271574579,False,,,0.001571,0.002044,0.001548,True
15538,2026-08-01T01:02:38.726436-03:00,SANDUSDT,COILING,4h,3,STRONG,0.0431,0.0448,closed,0.04301,0.04291,0.04243,0.04187,0.04317,0.04243,0.04317,0.04081,True,2026-08-02T01:02:38.764779-03:00,0.983049069441738,0.0619362426749158,False,,,0.04129,0.04384,0.04081,True
15539,2026-08-01T01:02:38.726436-03:00,WIFUSDT,COILING,4h,3,STRONG,0.1455,0.1472,closed,0.1456,0.1462,0.1439,0.1388,0.1463,0.1436,0.1463,0.1353,True,2026-08-02T02:02:31.957481-03:00,0.091565616323381,0.0915471453827222,False,,,0.1409,0.1463,0.1353,True
15549,2026-08-01T02:02:44.886962-03:00,PENGUUSDT,PREBREAK,1h,5,STRONG,0.006094,0.006121,closed,0.006078,0.005965,0.00598,0.006097,0.006098,0.00595,0.006187,0.005861,True,2026-08-02T03:02:44.759409-03:00,0.22872300300107,0.00477558353876427,False,,,0.00625,0.006375,0.005861,True
15559,2026-08-01T03:02:41.186533-03:00,AEVOUSDT,HOLD,4h,10,STRONG,0.02018,0.01888,closed,0.02041,0.01957,0.02059,0.02048,0.02095,0.01944,0.026,0.01944,True,2026-08-02T03:02:47.367656-03:00,0.17518740605223,0.339651552528612,True,,,0.01979,0.026,0.01846,True
15558,2026-08-01T03:02:41.186533-03:00,SHIBUSDT,BREAKOUT,4h,14,BEST,4.95e-06,4.87e-06,closed,4.89e-06,4.85e-06,4.93e-06,4.99e-06,5e-06,4.81e-06,5.17e-06,4.79e-06,True,2026-08-02T03:02:46.075588-03:00,0.230697827704982,-0.00369083809683584,False,,,4.68e-06,5.17e-06,4.57e-06,True
15574,2026-08-01T05:02:39.452397-03:00,MEGAUSDT,HOLD,4h,9,STRONG,0.03943,0.03814,closed,0.0393,0.0388,0.03773,0.03779,0.03948,0.03766,0.03948,0.03643,True,2026-08-02T06:02:39.344302-03:00,-0.0213059223687923,-0.00449448369584291,False,,,0.03515,0.0389,0.03468,True
15607,2026-08-01T09:02:37.306457-03:00,HOMEUSDT,BREAKOUT,4h,9,WATCH,0.0062,0.0058,closed,0.0063,0.00649,0.00597,0.00786,0.00656,0.00584,0.0086,0.00561,True,2026-08-02T10:02:38.388968-03:00,0.377362834525688,-0.00317443912683879,True,,,0.00921,0.01197,0.00561,True
15608,2026-08-01T09:02:37.306457-03:00,ENAUSDT,COILING,4h,3,STRONG,0.0814,0.0834,closed,0.0812,0.0815,0.081,0.0876,0.0818,0.0807,0.0897,0.0789,True,2026-08-02T09:02:37.791257-03:00,0.0571192043452599,0.0272745216554309,False,,,0.0908,0.0982,0.0789,True
15622,2026-08-01T11:02:33.360346-03:00,ZECUSDT,PREBREAK,1h,3,STRONG,467.24,468.91,closed,466.56,470.26,465.38,472.49,473.77,464.84,477.77,458.05,True,2026-08-02T11:02:40.914479-03:00,-0.0762569089158593,0.00991916320778267,False,,,505.16,525.9,458.05,True
15643,2026-08-01T13:02:39.022368-03:00,APTUSDT,PREBREAK,1h,6,STRONG,0.558,0.562,closed,0.559,0.557,0.552,0.566,0.559,0.545,0.569,0.545,True,2026-08-02T13:02:42.635015-03:00,-0.624619768193221,-0.0105007524917857,False,,,0.611,0.612,0.545,True
15642,2026-08-01T13:02:39.022368-03:00,NEARUSDT,PREBREAK,1h,10,STRONG,1.669,1.685,closed,1.673,1.682,1.66,1.692,1.687,1.647,1.733,1.647,True,2026-08-02T13:02:39.50215-03:00,3.51819547973262,-0.108796047005561,False,,,1.629,1.77,1.578,True
15644,2026-08-01T13:02:39.022368-03:00,TRUMPUSDT,PREBREAK,1h,5,STRONG,1.438,1.438,closed,1.442,1.433,1.425,1.443,1.45,1.406,1.466,1.406,True,2026-08-02T13:02:41.038897-03:00,-0.0395261846600733,-0.0561236394094511,False,,,1.496,1.51,1.406,True
15645,2026-08-01T13:02:39.022368-03:00,PEPEUSDT,PREBREAK,1h,4,STRONG,2.8e-06,2.81e-06,closed,2.8e-06,2.79e-06,2.76e-06,2.9e-06,2.82e-06,2.72e-06,2.97e-06,2.72e-06,True,2026-08-02T13:02:44.443402-03:00,-0.0274688974092769,0.0337842578672484,False,,,2.89e-06,2.99e-06,2.72e-06,True
15658,2026-08-01T16:02:39.254969-03:00,ASTERUSDT,PREBREAK,1h,9,WATCH,0.6,0.602,closed,0.599,0.6,0.6,0.604,0.602,0.598,0.607,0.598,True,2026-08-02T17:02:46.240908-03:00,-0.0219559182001896,-0.0455592027406856,False,,,0.607,0.612,0.596,True
15660,2026-08-01T16:02:39.254969-03:00,BTCUSDT,PREBREAK,1h,6,WATCH,62580.56,63150.0,closed,62575.99,62530.29,62850.01,63364.01,62866.62,62461.17,63634.0,62461.17,True,2026-08-02T17:02:42.315875-03:00,-0.331636380046396,-0.0421829937602667,False,,,65030.0,65390.99,62300.0,True
15659,2026-08-01T16:02:39.254969-03:00,ARBUSDT,PREBREAK,1h,8,STRONG,0.0781,0.0789,closed,0.0785,0.0783,0.079,0.0814,0.0798,0.0782,0.0823,0.0782,True,2026-08-02T17:02:44.57878-03:00,0.029863790453897,-0.0112037941330431,False,,,0.0791,0.0841,0.0771,True
15657,2026-08-01T16:02:39.254969-03:00,WBTCUSDT,PREBREAK,1h,11,WATCH,62557.21,63211.03,closed,62634.95,62584.04,62889.13,63389.91,62900.05,62537.46,63679.83,62537.46,True,2026-08-02T17:02:48.094599-03:00,-1.14375218087824,-0.0747586788360375,False,,,65057.99,65385.6,62361.3,True
15665,2026-08-01T17:02:41.336018-03:00,ZECUSDT,COILING,4h,2,STRONG,463.36,479.5,closed,463.61,463.75,462.76,487.74,465.84,460.35,488.74,460.35,True,2026-08-02T17:02:50.052241-03:00,0.0430188707543724,0.0279474668998177,False,,,510.28,525.9,460.35,True
15689,2026-08-01T21:02:33.555817-03:00,AEVOUSDT,HOLD,4h,8,STRONG,0.02088,0.0195,closed,0.0207,0.02072,0.0201,0.01935,0.02099,0.01999,0.02157,0.0189,True,2026-08-02T21:02:41.830429-03:00,-1.18043093007997,0.0245973009328975,False,,,0.02063,0.02157,0.01846,True
15695,2026-08-01T22:02:41.786278-03:00,ARBUSDT,PREBREAK,1h,5,STRONG,0.0793,0.0798,closed,0.0795,0.0796,0.0811,0.0812,0.0813,0.0794,0.0823,0.0794,True,2026-08-02T23:02:30.809595-03:00,0.137189484337742,0.0180311103861883,False,,,0.0781,0.0841,0.0771,True
15706,2026-08-01T23:02:42.687796-03:00,WLDUSDT,PREBREAK,1h,5,STRONG,0.3078,0.311,closed,0.3118,0.3142,0.322,0.3151,0.3224,0.3083,0.3242,0.3083,True,2026-08-03T00:02:38.85151-03:00,-0.344096007972346,-0.0510694196974702,False,,,0.3043,0.3319,0.2932,True
15705,2026-08-01T23:02:42.687796-03:00,ADAUSDT,PREBREAK,1h,7,STRONG,0.1764,0.1769,closed,0.1779,0.1803,0.1864,0.1855,0.1866,0.176,0.1922,0.176,True,2026-08-03T00:02:40.897316-03:00,-0.0175133821657454,-0.0185709671821985,False,,,0.1988,0.2117,0.1792,True
15718,2026-08-02T00:02:40.827175-03:00,DOGEUSDT,PREBREAK,1h,2,WATCH,0.07003,0.07026,closed,0.07006,0.0701,0.07034,0.07006,0.07059,0.06996,0.07147,0.06985,True,2026-08-03T00:02:42.652441-03:00,-0.138257503436403,-0.080190346682118,False,,,0.07001,0.07157,0.06822,True
15715,2026-08-02T00:02:40.827175-03:00,ZECUSDT,PREBREAK,1h,3,STRONG,473.48,473.77,closed,473.32,473.97,473.74,477.31,477.77,471.72,496.04,469.47,True,2026-08-03T00:02:44.370962-03:00,-0.0616560517408324,0.0516026693942988,False,,,510.95,525.9,469.47,True
15716,2026-08-02T00:02:40.827175-03:00,TAOUSDT,PREBREAK,1h,3,STRONG,193.6,195.4,closed,193.8,194.0,194.2,190.8,195.9,192.9,195.9,190.1,True,2026-08-03T00:02:46.153125-03:00,-0.221878231361558,-0.0331598081158244,False,,,207.6,210.0,187.4,True
15717,2026-08-02T00:02:40.827175-03:00,ETCUSDT,PREBREAK,1h,3,WATCH,6.62,6.64,closed,6.6,6.6,6.65,6.56,6.67,6.58,6.68,6.54,True,2026-08-03T00:02:47.698869-03:00,-9.52425577919681,-0.131963951775076,False,,,6.49,6.68,6.31,True
15726,2026-08-02T01:02:36.329541-03:00,ARBUSDT,BREAKOUT,4h,11,BEST,0.0808,0.0795,closed,0.0811,0.0811,0.0817,0.0807,0.0823,0.0807,0.0823,0.0801,True,2026-08-03T01:02:44.632959-03:00,0.129143564867561,0.018554528119852,True,,,0.078,0.0841,0.0771,True
15728,2026-08-02T01:02:36.329541-03:00,ZECUSDT,COILING,4h,5,STRONG,473.4,479.5,closed,472.39,475.55,472.21,476.76,477.77,471.3,496.04,469.47,True,2026-08-03T01:02:48.318203-03:00,0.130400380539757,0.103687327557865,False,,,512.51,525.9,469.47,True
15725,2026-08-02T01:02:36.329541-03:00,ENAUSDT,BREAKOUT,4h,11,BEST,0.0847,0.0834,closed,0.0857,0.0874,0.0886,0.0878,0.0894,0.085,0.0904,0.085,True,2026-08-03T01:02:50.12637-03:00,0.0800888412341163,0.00580182143253923,False,,,0.0893,0.0982,0.0869,True
15727,2026-08-02T01:02:36.329541-03:00,HOMEUSDT,BREAKOUT,4h,10,WATCH,0.00717,0.00656,closed,0.00708,0.00737,0.00804,0.00646,0.0082,0.00695,0.00903,0.0064,True,2026-08-03T01:02:46.542963-03:00,0.848435070674649,-0.0171855574764824,True,,,0.00937,0.01197,0.00613,True
15729,2026-08-02T01:02:36.329541-03:00,HBARUSDT,COILING,4h,5,WATCH,0.06953,0.0706,closed,0.06959,0.06992,0.0706,0.06933,0.07073,0.06956,0.07073,0.06912,True,2026-08-03T01:02:42.921674-03:00,0.224448639914516,0.0414435373444962,False,,,0.06993,0.07156,0.06716,True
15735,2026-08-02T02:02:31.082289-03:00,SAHARAUSDT,COILING,4h,5,STRONG,0.00816,0.00828,closed,0.00806,0.00799,0.00798,0.00788,0.00812,0.00796,0.00812,0.00766,True,2026-08-03T02:02:34.964281-03:00,1.19953864804427,0.0271848193891802,False,,,0.00846,0.00874,0.00766,True
15741,2026-08-02T03:02:43.584169-03:00,ADAUSDT,BREAKOUT,4h,13,BEST,0.1802,0.1769,closed,0.1852,0.1865,0.188,0.1848,0.1887,0.1844,0.1922,0.1839,True,2026-08-03T04:02:36.335499-03:00,0.0835169096135384,0.0130704958927193,True,,,0.1986,0.2117,0.1815,True
15742,2026-08-02T03:02:43.584169-03:00,PEPEUSDT,BREAKOUT,4h,9,STRONG,2.87e-06,2.83e-06,closed,2.92e-06,2.93e-06,2.91e-06,2.86e-06,2.96e-06,2.9e-06,2.97e-06,2.84e-06,True,2026-08-03T04:02:34.766106-03:00,0.0406405873480201,0.0550850702645153,True,,,2.88e-06,2.99e-06,2.77e-06,True
15754,2026-08-02T05:02:36.18171-03:00,DOTUSDT,HOLD,4h,10,WATCH,0.795,0.785,closed,0.793,0.795,0.794,0.794,0.802,0.791,0.802,0.787,True,2026-08-03T05:03:21.614652-03:00,0.224370024021635,0.0127434802562738,True,,,0.81,0.87,0.787,True
15751,2026-08-02T05:02:36.18171-03:00,PEPEUSDT,HOLD,4h,11,BEST,2.95e-06,2.83e-06,closed,2.93e-06,2.9e-06,2.9e-06,2.83e-06,2.95e-06,2.88e-06,2.97e-06,2.82e-06,True,2026-08-03T05:03:17.316062-03:00,0.0476422884944666,0.0688590533420851,True,,,2.88e-06,2.99e-06,2.77e-06,True
15750,2026-08-02T05:02:36.18171-03:00,ADAUSDT,HOLD,4h,12,BEST,0.1861,0.1769,closed,0.1867,0.1856,0.1889,0.1828,0.1896,0.1851,0.1922,0.1826,True,2026-08-03T05:03:13.266596-03:00,0.126256176892724,0.0169417073017348,True,,,0.1979,0.2117,0.1815,True
15753,2026-08-02T05:02:36.18171-03:00,HOMEUSDT,HOLD,4h,10,WATCH,0.00811,0.00656,closed,0.00817,0.00838,0.00786,0.00682,0.0086,0.00751,0.00903,0.0064,True,2026-08-03T05:03:19.208927-03:00,2.90808423437004,0.0146857428126791,True,,,0.0094,0.01197,0.00613,True
15752,2026-08-02T05:02:36.18171-03:00,ENAUSDT,HOLD,4h,10,STRONG,0.0884,0.0834,closed,0.0881,0.0876,0.0876,0.0881,0.0897,0.0873,0.0904,0.087,True,2026-08-03T05:03:15.409876-03:00,0.186297259835879,0.00978527531767534,True,,,0.0877,0.0982,0.087,True
15762,2026-08-02T06:02:38.31248-03:00,ATOMUSDT,COILING,4h,5,WATCH,1.263,1.308,closed,1.26,1.255,1.256,1.27,1.262,1.247,1.277,1.247,True,2026-08-03T06:04:10.390497-03:00,0.354343513002589,0.06748815340501,False,,,1.384,1.403,1.247,True
15761,2026-08-02T06:02:38.31248-03:00,HBARUSDT,COILING,4h,6,WATCH,0.0705,0.0706,closed,0.07008,0.07023,0.07023,0.06848,0.07044,0.06981,0.07044,0.06848,True,2026-08-03T06:04:08.98122-03:00,0.253887783898107,0.045516637962786,True,,,0.06902,0.07156,0.06716,True
15760,2026-08-02T06:02:38.31248-03:00,TUTUSDT,HOLD,4h,9,STRONG,0.01733,0.01674,closed,0.01743,0.01766,0.01768,0.01984,0.01798,0.01737,0.02,0.01697,True,2026-08-03T06:04:12.060687-03:00,-17.4238697651847,0.0697802888658169,False,,,0.15532,0.30563,0.01697,True
15779,2026-08-02T09:02:35.412272-03:00,PEPEUSDT,COILING,4h,5,STRONG,2.89e-06,2.9e-06,closed,2.91e-06,2.89e-06,2.89e-06,2.86e-06,2.97e-06,2.88e-06,2.97e-06,2.82e-06,True,2026-08-03T09:02:36.609034-03:00,0.0351996898123867,0.0721818333907425,True,,,2.88e-06,2.99e-06,2.77e-06,True
15792,2026-08-02T11:02:40.090023-03:00,ATOMUSDT,COILING,4h,2,WATCH,1.254,1.297,closed,1.249,1.253,1.265,1.293,1.268,1.248,1.295,1.248,True,2026-08-03T11:02:42.957461-03:00,0.19932020613996,0.0451633560418784,False,,,1.384,1.403,1.252,True
15796,2026-08-02T12:02:39.203182-03:00,SAGAUSDT,BREAKOUT,4h,8,STRONG,0.01315,0.01276,closed,0.01336,0.01319,0.01284,0.01314,0.0134,0.01283,0.0134,0.01271,True,2026-08-03T13:02:51.838604-03:00,0.460489321061437,0.0102712871911561,True,,,0.01546,0.02209,0.01271,True
15803,2026-08-02T13:02:38.628891-03:00,ALGOUSDT,BREAKOUT,4h,9,WATCH,0.0846,0.081,closed,0.0845,0.0856,0.0853,0.0901,0.086,0.0842,0.0902,0.0833,True,2026-08-03T13:02:56.839304-03:00,0.26525511491416,-0.0321922173483495,True,,,0.0859,0.0932,0.0833,True
15805,2026-08-02T13:02:38.628891-03:00,JUPUSDT,PREBREAK,1h,4,STRONG,0.1975,0.1989,closed,0.197,0.1967,0.1963,0.1919,0.1975,0.1958,0.1977,0.1903,True,2026-08-03T13:02:54.305962-03:00,-0.0253583461733831,0.00443838902516101,False,,,0.1869,0.1977,0.1796,True
15806,2026-08-02T13:02:38.628891-03:00,SUIUSDT,PREBREAK,1h,3,WATCH,0.6902,0.6942,closed,0.69,0.6902,0.6927,0.6948,0.6952,0.6886,0.6985,0.6792,True,2026-08-03T13:02:55.524943-03:00,-0.0091593956227787,-0.0227499953849913,False,,,0.7026,0.7071,0.6643,True
15804,2026-08-02T13:02:38.628891-03:00,AVAXUSDT,COILING,4h,5,WATCH,6.596,6.687,closed,6.569,6.585,6.596,6.529,6.674,6.564,6.674,6.369,True,2026-08-03T13:02:53.040308-03:00,11.7062240368059,0.032417337642315,False,,,6.539,6.987,6.35,True
15810,2026-08-02T14:02:39.865191-03:00,EDENUSDT,BREAKOUT,4h,12,BEST,0.04084,0.03963,closed,0.04119,0.04264,0.04351,0.03911,0.04374,0.04105,0.04477,0.03775,True,2026-08-03T15:02:43.213516-03:00,1.08752099543891,0.0584320860932845,True,,,0.04367,0.04709,0.03767,True
15812,2026-08-02T14:02:39.865191-03:00,PEPEUSDT,COILING,4h,2,STRONG,2.9e-06,2.96e-06,closed,2.91e-06,2.91e-06,2.91e-06,2.91e-06,2.93e-06,2.9e-06,2.94e-06,2.82e-06,True,2026-08-03T14:02:40.111787-03:00,0.0389736882554233,0.0751664412333317,False,,,2.91e-06,2.99e-06,2.77e-06,True
15811,2026-08-02T14:02:39.865191-03:00,ALGOUSDT,HOLD,4h,8,WATCH,0.0846,0.081,closed,0.0857,0.0854,0.0844,0.0886,0.086,0.0834,0.091,0.0833,True,2026-08-03T15:02:45.13362-03:00,0.26525511491416,-0.0321922173483495,True,,,0.0859,0.0932,0.0833,True
15818,2026-08-02T16:02:30.918277-03:00,ATOMUSDT,COILING,4h,3,WATCH,1.255,1.295,closed,1.265,1.268,1.265,1.355,1.273,1.262,1.36,1.254,True,2026-08-03T16:02:47.065798-03:00,0.41347208449023,0.0665648689441045,False,,,1.384,1.403,1.254,True
15825,2026-08-02T17:02:41.421075-03:00,PENGUUSDT,HOLD,4h,10,STRONG,0.00621,0.006187,closed,0.006212,0.006209,0.006151,0.006165,0.006276,0.006145,0.006276,0.006008,True,2026-08-03T18:02:41.985855-03:00,1.20097062199022,-0.00951188363575863,True,,,0.006646,0.006918,0.005919,True
15826,2026-08-02T17:02:41.421075-03:00,DOTUSDT,HOLD,4h,9,WATCH,0.798,0.785,closed,0.798,0.797,0.799,0.823,0.799,0.794,0.832,0.787,True,2026-08-03T18:02:43.985522-03:00,0.262998955885725,-0.0088844841281925,True,,,0.81,0.87,0.787,True
15827,2026-08-02T17:02:41.421075-03:00,ZECUSDT,BREAKOUT,4h,9,STRONG,485.31,477.77,closed,487.17,490.87,489.3,486.2,496.04,485.71,496.04,470.74,True,2026-08-03T18:02:40.198095-03:00,0.000125202127594591,0.0870957715804331,True,,,516.25,529.0,470.74,True
15832,2026-08-02T18:02:39.061451-03:00,AVAXUSDT,COILING,4h,4,WATCH,6.602,6.687,closed,6.607,6.657,6.537,6.575,6.671,6.519,6.671,6.369,True,2026-08-03T18:02:45.508337-03:00,3.4854542920106,0.0414930889595753,False,,,6.563,6.987,6.35,True
15831,2026-08-02T18:02:39.061451-03:00,LUNCUSDT,BREAKOUT,4h,12,BEST,5.11e-05,5.069e-05,closed,5.27e-05,5.189e-05,5.136e-05,5.029e-05,5.309e-05,5.115e-05,5.309e-05,4.923e-05,True,2026-08-03T18:02:47.19304-03:00,0.31077841405639,0.0235634458363256,True,,,5.009e-05,5.23e-05,4.818e-05,True
15835,2026-08-02T19:02:40.807232-03:00,BICOUSDT,HOLD,4h,13,BEST,0.01313,0.01206,closed,0.01385,0.01549,0.01811,0.01672,0.01818,0.01379,0.01985,0.01379,True,2026-08-03T19:02:42.016686-03:00,0.20048666511565,0.242916892078689,True,,,0.04812,0.09,0.01426,True
15839,2026-08-02T20:02:36.727879-03:00,DOGEUSDT,PREBREAK,1h,6,WATCH,0.07079,0.07125,closed,0.07064,0.07075,0.07006,0.07021,0.07095,0.06997,0.07095,0.069,True,2026-08-03T21:02:40.360226-03:00,0.13467143897236,-0.0381378190004388,True,,,0.06935,0.07157,0.06822,True
15849,2026-08-02T21:02:40.806283-03:00,XLMUSDT,COILING,4h,3,WATCH,0.1742,0.1776,closed,0.1741,0.1736,0.1712,0.1713,0.1744,0.1708,0.1744,0.1698,True,2026-08-03T21:02:42.272198-03:00,0.0622860635361197,0.0909914112532548,False,,,0.1635,0.1737,0.159,True
15845,2026-08-02T21:02:40.806283-03:00,ZKUSDT,BREAKOUT,4h,12,BEST,0.00812,0.00808,closed,0.00808,0.00806,0.00784,0.008,0.0082,0.00776,0.00822,0.00776,True,2026-08-03T21:02:46.816408-03:00,0.250859942432554,-5.43494348241428e-05,False,,,0.00805,0.00822,0.00773,True
15847,2026-08-02T21:02:40.806283-03:00,STRKUSDT,COILING,4h,7,STRONG,0.02569,0.02583,closed,0.02559,0.02576,0.02497,0.02449,0.02596,0.02489,0.02596,0.02431,True,2026-08-03T21:02:43.771674-03:00,0.104706697748628,0.0616688145597871,False,,,0.02338,0.02646,0.02292,True
15846,2026-08-02T21:02:40.806283-03:00,EDENUSDT,HOLD,4h,11,BEST,0.04389,0.0411,closed,0.04389,0.04386,0.04025,0.03968,0.0443,0.03954,0.0443,0.03775,True,2026-08-03T21:02:48.19706-03:00,1.275664675646,0.0649494713145741,True,,,0.04216,0.04709,0.03767,True
15848,2026-08-02T21:02:40.806283-03:00,LINKUSDT,COILING,4h,6,WATCH,8.384,8.421,closed,8.37,8.365,8.262,8.186,8.382,8.234,8.382,8.162,True,2026-08-03T21:02:45.241227-03:00,0.175678345500219,0.0377453202450888,False,,,8.187,8.399,8.068,True
15853,2026-08-02T22:02:33.805671-03:00,ASTERUSDT,PREBREAK,1h,10,WATCH,0.603,0.608,closed,0.603,0.602,0.601,0.605,0.604,0.598,0.606,0.597,True,2026-08-03T22:02:40.511185-03:00,0.0747288694913493,0.0152670641217882,False,,,0.611,0.621,0.596,True
15864,2026-08-03T00:02:38.018546-03:00,FILUSDT,PREBREAK,1h,10,STRONG,0.7184,0.7259,closed,0.7164,0.7157,0.7094,0.7229,0.7202,0.7083,0.7345,0.7052,True,2026-08-04T00:02:51.403629-03:00,0.722085228779048,0.0815311564316099,False,,,0.7017,0.7389,0.6694,True
15870,2026-08-03T01:02:41.983156-03:00,FILUSDT,COILING,4h,4,STRONG,0.7153,0.7289,closed,0.7167,0.7102,0.7094,0.72,0.7186,0.7082,0.7345,0.7052,True,2026-08-04T01:02:43.977291-03:00,0.0326225542502296,0.116165675421758,False,,,0.7028,0.7389,0.6694,True
15869,2026-08-03T01:02:41.983156-03:00,MIRAUSDT,PREBREAK,1h,13,BEST,0.0416,0.042,closed,0.0417,0.0417,0.0432,0.0405,0.0436,0.0415,0.0456,0.0402,True,2026-08-04T01:02:42.669674-03:00,0.0563104575054591,0.195743954155041,False,,,0.0419,0.0481,0.0395,True
15868,2026-08-03T01:02:41.983156-03:00,PORTALUSDT,HOLD,4h,13,BEST,0.01074,0.01029,closed,0.01067,0.01059,0.01041,0.01029,0.01084,0.01022,0.01084,0.01003,True,2026-08-04T02:03:04.150301-03:00,0.399787167194191,0.0613026773878479,False,,,0.01148,0.01368,0.01003,True
15867,2026-08-03T01:02:41.983156-03:00,TUTUSDT,BREAKOUT,4h,15,BEST,0.01866,0.01855,closed,0.0187,0.01891,0.01973,0.02144,0.01978,0.01824,0.02162,0.01824,True,2026-08-04T02:03:02.417376-03:00,1.70302051750086,0.109326372698318,True,,,0.19268,0.30563,0.01838,True
15871,2026-08-03T01:02:41.983156-03:00,LUNCUSDT,COILING,4h,4,STRONG,5.007e-05,5.172e-05,closed,5.019e-05,4.998e-05,4.958e-05,5.018e-05,5.033e-05,4.956e-05,5.077e-05,4.923e-05,True,2026-08-04T02:03:05.416919-03:00,0.625636460281667,0.0788824679528557,False,,,4.991e-05,5.098e-05,4.818e-05,True
15875,2026-08-03T02:02:33.704198-03:00,WLDUSDT,PREBREAK,1h,9,STRONG,0.3174,0.3183,closed,0.3177,0.3202,0.3102,0.3278,0.3211,0.3066,0.3319,0.3066,True,2026-08-04T02:03:06.795368-03:00,0.436231485543266,0.0031983355779949,False,,,0.3366,0.3397,0.2932,True
15884,2026-08-03T04:02:34.038668-03:00,ATOMUSDT,PREBREAK,1h,6,WATCH,1.266,1.274,closed,1.267,1.272,1.275,1.367,1.284,1.263,1.393,1.263,True,2026-08-04T04:02:40.714831-03:00,0.312702217484944,0.0571235297852102,False,,,1.382,1.403,1.267,True
15893,2026-08-03T05:03:12.234679-03:00,BTCUSDT,COILING,4h,3,WATCH,62621.1,63849.19,closed,62500.0,62526.0,62582.75,63738.01,62863.1,62300.0,64243.81,62300.0,True,2026-08-04T06:02:40.753222-03:00,0.0783203332929511,0.0470200135116061,False,,,65262.16,65474.46,62445.26,True
15891,2026-08-03T05:03:12.234679-03:00,TUTUSDT,BREAKOUT,4h,14,BEST,0.01954,0.01855,closed,0.01991,0.01982,0.02012,0.02347,0.0203,0.01923,0.02399,0.01923,True,2026-08-04T06:02:37.146431-03:00,1.09885054699881,0.125299343789826,True,,,0.16826,0.30563,0.01923,True
15892,2026-08-03T05:03:12.234679-03:00,WLDUSDT,COILING,4h,4,STRONG,0.308,0.3242,closed,0.3084,0.3096,0.3098,0.3223,0.3114,0.3066,0.3319,0.3066,True,2026-08-04T06:02:38.904596-03:00,0.532730838687112,0.0349914600665566,False,,,0.3498,0.3536,0.2932,True
15903,2026-08-03T08:02:35.766859-03:00,TRUMPUSDT,PREBREAK,1h,7,WATCH,1.455,1.455,closed,1.447,1.449,1.471,1.473,1.473,1.445,1.51,1.445,True,2026-08-04T08:02:35.980755-03:00,-0.0215846743690293,-0.0319307616271583,False,,,1.494,1.534,1.436,True
15904,2026-08-03T08:02:35.766859-03:00,POLUSDT,PREBREAK,1h,4,WATCH,0.07347,0.07356,closed,0.07344,0.0735,0.07301,0.07397,0.07391,0.07301,0.07469,0.07228,True,2026-08-04T09:02:39.667524-03:00,0.0188339566085555,0.0331522783717228,True,,,0.07844,0.07854,0.07228,True
15916,2026-08-03T09:02:35.709876-03:00,POLUSDT,BREAKOUT,4h,12,WATCH,0.07347,0.0733,closed,0.07343,0.07358,0.07349,0.07409,0.07403,0.07287,0.07469,0.07228,True,2026-08-04T09:02:46.638509-03:00,0.219233684736599,0.000211436617950317,True,,,0.07806,0.07864,0.07228,True
15917,2026-08-03T09:02:35.709876-03:00,ZECUSDT,COILING,4h,5,STRONG,482.13,496.04,closed,483.43,484.5,489.06,487.54,494.99,481.86,494.99,478.04,True,2026-08-04T09:02:41.563533-03:00,0.198943240219991,0.032055753213192,False,,,503.05,529.0,478.04,True
15915,2026-08-03T09:02:35.709876-03:00,WAXPUSDT,HOLD,4h,13,WATCH,0.00464,0.00397,closed,0.00451,0.00456,0.00421,0.00386,0.00471,0.00417,0.00471,0.00384,True,2026-08-04T09:02:44.940707-03:00,1.05850449459549,0.0627598785631376,True,,,0.00399,0.00463,0.00362,True
15918,2026-08-03T09:02:35.709876-03:00,XLMUSDT,COILING,4h,2,WATCH,0.1715,0.1776,closed,0.1717,0.1713,0.1711,0.1707,0.1731,0.1707,0.1731,0.1696,True,2026-08-04T09:02:43.442543-03:00,0.0260887943077147,0.0902020292446252,False,,,0.1631,0.1731,0.159,True
15928,2026-08-03T10:02:39.596187-03:00,ATOMUSDT,PREBREAK,1h,5,WATCH,1.278,1.284,closed,1.283,1.292,1.339,1.371,1.35,1.276,1.395,1.276,True,2026-08-04T11:02:47.705974-03:00,0.804789837007483,0.0631778940662494,False,,,1.382,1.403,1.292,True
15929,2026-08-03T10:02:39.596187-03:00,ASTERUSDT,PREBREAK,1h,4,WATCH,0.601,0.608,closed,0.601,0.601,0.603,0.605,0.605,0.597,0.611,0.597,True,2026-08-04T10:02:41.577136-03:00,-0.0138728563372479,-0.0280347108194932,False,,,0.605,0.621,0.596,True
15927,2026-08-03T10:02:39.596187-03:00,TUTUSDT,HOLD,4h,12,BEST,0.0201,0.01876,closed,0.02005,0.02042,0.02085,0.02377,0.0211,0.01927,0.0241,0.01927,True,2026-08-04T10:02:39.768412-03:00,1.04613776487894,0.180376867640431,True,,,0.11402,0.30563,0.01927,True
15943,2026-08-03T11:02:42.071487-03:00,DASHUSDT,PREBREAK,1h,8,STRONG,31.49,31.67,closed,31.43,31.36,31.51,31.04,31.55,31.28,31.55,31.0,True,2026-08-04T11:02:49.03894-03:00,0.0501783210098697,-0.0219689979613858,False,,,31.21,32.32,30.06,True
15944,2026-08-03T11:02:42.071487-03:00,WBTCUSDT,COILING,4h,4,WATCH,62619.57,63868.52,closed,63490.83,63966.5,63923.88,63729.16,64098.7,63214.55,64233.0,63214.55,True,2026-08-04T11:02:51.711862-03:00,0.0893268050787741,0.117482326336305,False,,,64640.58,65480.19,63344.88,True
15942,2026-08-03T11:02:42.071487-03:00,TUTUSDT,BREAKOUT,4h,14,BEST,0.0201,0.01876,closed,0.02049,0.02025,0.02041,0.02384,0.0215,0.01927,0.02415,0.01927,True,2026-08-04T11:02:50.408021-03:00,1.04613776487894,0.180376867640431,True,,,0.11677,0.30563,0.01927,True
15956,2026-08-03T12:02:36.931929-03:00,SUIUSDT,PREBREAK,1h,8,WATCH,0.6957,0.696,closed,0.6934,0.695,0.6948,0.6925,0.6974,0.6922,0.6989,0.6869,True,2026-08-04T12:02:50.351923-03:00,0.145806545163665,-0.0447552537110119,False,,,0.6909,0.7071,0.6643,True
15959,2026-08-03T12:02:36.931929-03:00,SOLUSDT,PREBREAK,1h,5,WATCH,73.79,74.21,closed,73.55,73.67,74.04,73.88,74.28,73.23,74.28,73.04,True,2026-08-04T12:02:46.719459-03:00,-0.041452039140312,-0.0328661991392316,False,,,75.96,77.84,72.34,True
15958,2026-08-03T12:02:36.931929-03:00,HBARUSDT,PREBREAK,1h,6,WATCH,0.06967,0.07016,closed,0.06967,0.07034,0.07073,0.06977,0.07092,0.06955,0.07156,0.06919,True,2026-08-04T12:02:53.82656-03:00,-0.230274509094783,-0.0930753205226099,False,,,0.06814,0.07156,0.06716,True
15957,2026-08-03T12:02:36.931929-03:00,SENTUSDT,PREBREAK,1h,7,STRONG,0.01375,0.01387,closed,0.01368,0.01365,0.01379,0.01406,0.01382,0.01355,0.01423,0.01335,True,2026-08-04T12:02:52.165346-03:00,-0.00717706248205145,-0.0282163774075891,False,,,0.01346,0.01423,0.01297,True
15960,2026-08-03T12:02:36.931929-03:00,FETUSDT,PREBREAK,1h,4,STRONG,0.1417,0.143,closed,0.1411,0.1419,0.1421,0.1448,0.1426,0.1409,0.1468,0.1409,True,2026-08-04T12:02:48.585866-03:00,0.0175119239908617,-0.0330022113655958,False,,,0.1363,0.1539,0.1313,True
15975,2026-08-03T13:02:50.483643-03:00,ATOMUSDT,HOLD,4h,13,WATCH,1.347,1.277,closed,1.339,1.339,1.364,1.365,1.393,1.332,1.395,1.332,True,2026-08-04T13:03:02.751191-03:00,3.36037191478196,0.0864378159720783,True,,,1.416,1.422,1.327,True
15976,2026-08-03T13:02:50.483643-03:00,TRUMPUSDT,BREAKOUT,4h,12,WATCH,1.483,1.466,closed,1.496,1.5,1.483,1.468,1.51,1.478,1.51,1.456,True,2026-08-04T13:03:04.261421-03:00,0.27736194906937,-0.0318705970963984,True,,,1.486,1.534,1.436,True
15979,2026-08-03T13:02:50.483643-03:00,ALGOUSDT,BREAKOUT,4h,11,WATCH,0.0894,0.0872,closed,0.0905,0.0886,0.0912,0.0904,0.0932,0.088,0.0932,0.088,True,2026-08-04T13:03:01.133823-03:00,0.691939269786709,0.0186532625419596,True,,,0.0817,0.0932,0.0814,True
15977,2026-08-03T13:02:50.483643-03:00,OPENUSDT,HOLD,4h,11,BEST,0.1946,0.1822,closed,0.1962,0.1913,0.1884,0.1932,0.1976,0.186,0.1976,0.1843,True,2026-08-04T13:02:56.65345-03:00,0.151356409356648,0.0113232451875533,True,,,0.1919,0.2195,0.1843,True
15978,2026-08-03T13:02:50.483643-03:00,ADAUSDT,BREAKOUT,4h,11,BEST,0.1961,0.1922,closed,0.1934,0.1925,0.1936,0.1933,0.1958,0.1908,0.1994,0.1908,True,2026-08-04T13:02:58.161688-03:00,0.310506025338191,-0.00863383734454383,True,,,0.196,0.2117,0.1859,True
15988,2026-08-03T14:02:35.826256-03:00,ROBOUSDT,BREAKOUT,4h,9,STRONG,0.01322,0.01243,closed,0.01299,0.01304,0.01341,0.01212,0.01343,0.01283,0.01379,0.01201,True,2026-08-04T14:02:48.887471-03:00,0.217802108171511,0.0265194044983612,False,,,0.01394,0.01719,0.01201,True
15989,2026-08-03T14:02:35.826256-03:00,TIAUSDT,BREAKOUT,4h,8,STRONG,0.3363,0.3329,closed,0.3413,0.3403,0.343,0.3359,0.3438,0.3369,0.3438,0.3335,True,2026-08-04T14:02:42.974408-03:00,0.0555450179493701,-0.0482263181630791,True,,,0.3268,0.344,0.3188,True
15991,2026-08-03T14:02:35.826256-03:00,WLDUSDT,COILING,4h,7,STRONG,0.3231,0.3242,closed,0.3228,0.3226,0.3241,0.3194,0.3265,0.3206,0.3319,0.316,True,2026-08-04T14:02:45.889084-03:00,0.390603897368122,0.0433360089673231,True,,,0.3416,0.3542,0.2932,True
15987,2026-08-03T14:02:35.826256-03:00,DOTUSDT,BREAKOUT,4h,9,WATCH,0.826,0.802,closed,0.826,0.829,0.822,0.843,0.832,0.819,0.848,0.819,True,2026-08-04T14:02:47.380762-03:00,0.217656888734725,-0.0331421621033132,True,,,0.807,0.87,0.796,True
15990,2026-08-03T14:02:35.826256-03:00,TOWNSUSDT,BREAKOUT,4h,8,STRONG,0.00215,0.00207,closed,0.00218,0.00221,0.00226,0.00224,0.0023,0.00217,0.00237,0.00211,True,2026-08-04T14:02:44.362634-03:00,0.15861868881937,-0.00848319061362744,True,,,0.00257,0.00266,0.00211,True
16002,2026-08-03T15:02:42.36095-03:00,BCHUSDT,COILING,4h,5,WATCH,211.3,214.9,closed,214.9,213.4,213.9,214.0,215.4,213.1,215.4,211.4,True,2026-08-04T15:02:42.765372-03:00,0.131712869629358,0.0503969190941429,False,,,213.5,218.8,210.0,True
15998,2026-08-03T15:02:42.36095-03:00,DOTUSDT,HOLD,4h,7,WATCH,0.826,0.802,closed,0.83,0.832,0.823,0.838,0.832,0.819,0.848,0.819,True,2026-08-04T15:02:46.207108-03:00,0.217656888734725,-0.0331421621033132,True,,,0.802,0.87,0.796,True
15999,2026-08-03T15:02:42.36095-03:00,FILUSDT,COILING,4h,6,STRONG,0.7243,0.7289,closed,0.726,0.7269,0.7239,0.7128,0.7288,0.7234,0.7288,0.7068,True,2026-08-04T15:02:47.620894-03:00,0.33149444557327,0.0897024297715405,True,,,0.7035,0.7389,0.6694,True
16001,2026-08-03T15:02:42.36095-03:00,PENGUUSDT,COILING,4h,5,STRONG,0.00617,0.006276,closed,0.006186,0.006184,0.006161,0.006079,0.006206,0.006148,0.00624,0.006024,True,2026-08-04T15:02:49.206008-03:00,0.588919763805691,0.0253065406075687,False,,,0.006699,0.006918,0.005919,True
16000,2026-08-03T15:02:42.36095-03:00,BTCUSDT,COILING,4h,5,WATCH,63694.91,63796.33,closed,63954.0,63885.04,63523.67,64038.0,64080.0,63515.0,64243.81,63322.01,True,2026-08-04T15:02:44.157736-03:00,0.0854044612501802,0.0748476733077212,False,,,63889.39,65474.46,63322.01,True
16014,2026-08-03T16:02:46.125681-03:00,VIRTUALUSDT,PREBREAK,1h,4,STRONG,0.566,0.5694,closed,0.566,0.5643,0.5637,0.5589,0.5672,0.5614,0.5673,0.5528,True,2026-08-04T16:02:48.604769-03:00,-0.244471256990993,-0.0804716432192757,False,,,0.5607,0.5828,0.549,True
16015,2026-08-03T16:02:46.125681-03:00,LUNCUSDT,COILING,4h,4,STRONG,5.041e-05,5.309e-05,closed,5.011e-05,5.012e-05,4.989e-05,5.011e-05,5.048e-05,4.98e-05,5.098e-05,4.934e-05,True,2026-08-04T17:02:50.385321-03:00,1.13573532403088,0.0588236542724346,False,,,5.032e-05,5.098e-05,4.818e-05,True
16013,2026-08-03T16:02:46.125681-03:00,WBTCUSDT,COILING,4h,8,WATCH,63700.88,63868.52,closed,63984.62,63878.66,63602.27,64331.16,64093.93,63347.61,64430.36,63344.88,True,2026-08-04T16:02:47.092251-03:00,0.375007049172059,0.177788545251026,False,,,64118.82,65480.19,63344.88,True
16016,2026-08-03T16:02:46.125681-03:00,SNXUSDT,COILING,4h,4,STRONG,0.218,0.221,closed,0.218,0.216,0.214,0.213,0.218,0.214,0.219,0.211,True,2026-08-04T17:02:51.65811-03:00,0.145128042976085,0.0428013159094112,False,,,0.211,0.219,0.208,True
16028,2026-08-03T17:02:35.276043-03:00,OPNUSDT,BREAKOUT,4h,3,STRONG,0.0525,0.0496,closed,0.052,0.0528,0.0524,0.0507,0.0534,0.0516,0.0562,0.049,True,2026-08-04T17:02:52.861932-03:00,0.0104299577626736,-0.0855027203031325,True,,,0.0525,0.0562,0.049,True
16026,2026-08-03T17:02:35.276043-03:00,FETUSDT,BREAKOUT,4h,8,STRONG,0.1454,0.1431,closed,0.1456,0.1457,0.1454,0.1475,0.1463,0.1444,0.1482,0.1437,True,2026-08-04T17:02:54.07738-03:00,0.0613266165329507,-0.0273232324372645,True,,,0.1356,0.1539,0.1313,True
16027,2026-08-03T17:02:35.276043-03:00,RENDERUSDT,COILING,4h,4,WATCH,1.366,1.394,closed,1.365,1.361,1.362,1.36,1.369,1.356,1.374,1.334,True,2026-08-04T17:02:55.71752-03:00,0.0386735885738909,0.0300145441351771,False,,,1.294,1.374,1.269,True
16048,2026-08-03T20:02:35.12362-03:00,FILUSDT,COILING,4h,7,STRONG,0.7261,0.7289,closed,0.7216,0.7242,0.7229,0.7214,0.7288,0.7193,0.7288,0.7068,True,2026-08-04T20:02:36.981584-03:00,0.62227431381638,0.12963132328732,True,,,0.7029,0.7389,0.6694,True
16049,2026-08-03T20:02:35.12362-03:00,BCHUSDT,COILING,4h,4,WATCH,213.8,214.9,closed,213.3,213.0,213.2,213.8,214.1,211.4,214.8,211.4,True,2026-08-04T20:02:38.980315-03:00,0.0720523779826137,0.0624179059851471,False,,,213.3,218.8,210.0,True
16059,2026-08-03T21:02:39.490785-03:00,ICPUSDT,HOLD,4h,8,WATCH,2.118,2.096,closed,2.113,2.102,2.12,2.088,2.127,2.095,2.127,2.077,True,2026-08-04T21:02:48.396438-03:00,0.261900341204719,-0.0240019104707206,True,,,2.358,2.374,2.063,True
16091,2026-08-03T23:02:34.697582-03:00,BONKUSDT,PREBREAK,1h,3,STRONG,2.86e-06,2.89e-06,closed,2.86e-06,2.85e-06,2.86e-06,2.8e-06,2.87e-06,2.83e-06,2.87e-06,2.75e-06,True,2026-08-05T00:02:39.813223-03:00,-0.0591716562830241,-0.0205427673573351,False,,,2.43e-06,2.88e-06,2.39e-06,True
16112,2026-08-04T00:02:50.164844-03:00,DOTUSDT,HOLD,4h,7,WATCH,0.825,0.808,closed,0.839,0.841,0.833,0.855,0.846,0.833,0.87,0.825,True,2026-08-05T01:02:38.001306-03:00,0.21125453722553,-0.0384242958935062,True,,,0.803,0.87,0.796,True
16127,2026-08-04T01:02:37.95178-03:00,BTCUSDT,COILING,4h,6,WATCH,63800.01,64080.0,closed,63830.16,63972.18,63726.02,64153.54,64243.81,63506.78,64549.16,63451.8,True,2026-08-05T01:02:44.249662-03:00,0.154206749497605,0.0492466403058625,False,,,64023.51,65474.46,63451.8,True
16126,2026-08-04T01:02:37.95178-03:00,SPKUSDT,PREBREAK,1h,8,STRONG,0.015773,0.015782,closed,0.01566,0.015608,0.015538,0.015464,0.015782,0.015479,0.015782,0.015327,True,2026-08-05T01:02:42.696886-03:00,1.71752171858606,0.0201512610956505,False,,,0.014373,0.015711,0.014356,True
16125,2026-08-04T01:02:37.95178-03:00,NEARUSDT,HOLD,4h,10,STRONG,1.763,1.733,closed,1.766,1.756,1.753,1.7,1.77,1.742,1.77,1.691,True,2026-08-05T01:02:46.015384-03:00,0.464209270008604,0.0123344280601828,True,,,1.598,1.767,1.578,True
16124,2026-08-04T01:02:37.95178-03:00,ADAUSDT,BREAKOUT,4h,12,BEST,0.1969,0.1963,closed,0.1983,0.1954,0.195,0.1905,0.1994,0.1936,0.1994,0.1899,True,2026-08-05T01:02:40.999037-03:00,0.15131302410412,0.0237426934812187,True,,,0.1898,0.2117,0.1859,True
16123,2026-08-04T01:02:37.95178-03:00,ATOMUSDT,HOLD,4h,12,WATCH,1.372,1.35,closed,1.372,1.378,1.379,1.36,1.386,1.362,1.395,1.356,True,2026-08-05T01:02:39.487595-03:00,2.00968865722514,0.0951850886744316,False,,,1.393,1.431,1.327,True
16142,2026-08-04T02:03:01.241198-03:00,SEIUSDT,COILING,4h,6,WATCH,0.04172,0.04185,closed,0.04162,0.04176,0.04129,0.04158,0.0418,0.04125,0.04182,0.04092,True,2026-08-05T03:02:39.419234-03:00,0.0422617849380351,0.0264795500954887,False,,,0.04094,0.04223,0.0406,True
16161,2026-08-04T05:02:35.675838-03:00,ASTERUSDT,BREAKOUT,4h,10,WATCH,0.61,0.608,closed,0.61,0.61,0.607,0.606,0.611,0.605,0.611,0.603,True,2026-08-05T05:02:43.010918-03:00,0.0945845571689015,-0.0991178550221439,True,,,0.603,0.621,0.596,True
16163,2026-08-04T05:02:35.675838-03:00,LUNCUSDT,COILING,4h,4,STRONG,5.078e-05,5.309e-05,closed,5.049e-05,5.011e-05,5.015e-05,5.021e-05,5.067e-05,5.005e-05,5.067e-05,4.934e-05,True,2026-08-05T05:02:46.219626-03:00,0.938856662084687,0.0417998045896732,False,,,5.036e-05,5.12e-05,4.818e-05,True
16162,2026-08-04T05:02:35.675838-03:00,FETUSDT,HOLD,4h,8,STRONG,0.1463,0.1431,closed,0.1455,0.1455,0.1459,0.1524,0.1462,0.1447,0.1539,0.1437,True,2026-08-05T05:02:44.608565-03:00,0.176866719066447,-0.026031576522309,True,,,0.1339,0.1539,0.1313,True
16164,2026-08-04T05:02:35.675838-03:00,SNXUSDT,COILING,4h,3,STRONG,0.216,0.222,closed,0.217,0.217,0.214,0.211,0.218,0.213,0.218,0.21,True,2026-08-05T05:02:48.549124-03:00,0.137759731042609,0.0632769955283477,False,,,0.208,0.219,0.208,True
16173,2026-08-04T06:02:36.362663-03:00,BTCUSDT,COILING,4h,4,WATCH,63685.74,64080.0,closed,63542.55,63560.0,63884.0,64102.95,64062.46,63451.8,64549.16,63451.8,True,2026-08-05T06:02:39.365515-03:00,0.0393022948588274,0.0299602822936544,False,,,64300.0,65474.46,63451.8,True
16185,2026-08-04T07:02:34.124428-03:00,NIGHTUSDT,PREBREAK,1h,4,STRONG,0.01961,0.01965,closed,0.01954,0.01972,0.0195,0.01902,0.01987,0.01941,0.01987,0.01847,True,2026-08-05T07:02:35.29287-03:00,0.00833636251611453,-0.0092269432793476,False,,,0.0174,0.01987,0.01736,True
16186,2026-08-04T07:02:34.124428-03:00,POLUSDT,PREBREAK,1h,2,WATCH,0.07402,0.07443,closed,0.07384,0.07397,0.07439,0.07552,0.07561,0.0737,0.07561,0.0737,True,2026-08-05T07:02:38.217144-03:00,-0.134839248523222,-0.00580969459531851,True,,,0.07585,0.07864,0.0737,True
16184,2026-08-04T07:02:34.124428-03:00,TUTUSDT,BREAKOUT,4h,14,BEST,0.02347,0.0215,closed,0.02285,0.02297,0.02383,0.02457,0.02415,0.02242,0.02597,0.02085,True,2026-08-05T07:02:36.686316-03:00,1.00631667808184,0.105590292199877,True,,,0.0957,0.30563,0.02085,True
16195,2026-08-04T08:02:33.530386-03:00,HBARUSDT,PREBREAK,1h,9,WATCH,0.07109,0.07156,closed,0.07095,0.07091,0.06977,0.0694,0.07124,0.06919,0.07124,0.06901,True,2026-08-05T08:02:40.229844-03:00,0.191902864808747,-0.0264869820069295,True,,,0.06718,0.07096,0.06685,True
16196,2026-08-04T08:02:33.530386-03:00,DASHUSDT,PREBREAK,1h,5,STRONG,31.22,31.55,closed,31.18,31.12,31.3,31.31,31.31,30.96,31.69,30.96,True,2026-08-05T08:02:38.867344-03:00,-0.111455720468594,-0.0603696724558365,False,,,30.73,32.32,30.06,True
16205,2026-08-04T09:02:38.362335-03:00,ICPUSDT,HOLD,4h,9,WATCH,2.107,2.096,closed,2.104,2.094,2.092,2.096,2.11,2.077,2.126,2.077,True,2026-08-05T09:02:47.547658-03:00,0.311040126472978,-0.0173798253602282,True,,,2.298,2.397,2.063,True
16206,2026-08-04T09:02:38.362335-03:00,WBTCUSDT,COILING,4h,8,WATCH,63953.82,64098.7,closed,63834.28,63897.37,64150.2,64077.9,64256.32,63627.2,64545.6,63627.2,True,2026-08-05T09:02:50.884055-03:00,11.5796072038496,0.166131379463671,False,,,64339.51,65480.19,63627.2,True
16204,2026-08-04T09:02:38.362335-03:00,TUTUSDT,HOLD,4h,11,BEST,0.02394,0.02162,closed,0.02374,0.02377,0.02349,0.02487,0.02435,0.02308,0.02597,0.02085,True,2026-08-05T09:02:49.266448-03:00,0.889089638156729,0.0971447733239983,True,,,0.10005,0.30563,0.02085,True
16225,2026-08-04T11:02:46.43452-03:00,WBTCUSDT,PREBREAK,1h,13,WATCH,63742.31,64233.0,closed,63782.71,64196.56,64053.24,64378.0,64256.32,63627.2,64587.99,63627.2,True,2026-08-05T12:02:53.629052-03:00,11.5796072038496,0.166131379463671,False,,,63784.21,65480.19,63729.92,True
16227,2026-08-04T11:02:46.43452-03:00,BCHUSDT,PREBREAK,1h,7,WATCH,213.4,214.6,closed,213.3,214.3,214.0,212.9,214.8,212.2,215.0,210.0,True,2026-08-05T12:02:49.760071-03:00,0.130306560778372,0.111197975444431,False,,,212.1,218.8,210.0,True
16229,2026-08-04T11:02:46.43452-03:00,BTCUSDT,COILING,4h,5,WATCH,63926.0,64080.0,closed,63741.06,64175.99,64038.01,64317.07,64238.0,63618.01,64581.43,63618.01,True,2026-08-05T12:02:50.998967-03:00,0.0543831180000561,0.0262509117141318,False,,,63770.03,65474.46,63714.75,True
16228,2026-08-04T11:02:46.43452-03:00,LINKUSDT,PREBREAK,1h,6,WATCH,8.184,8.264,closed,8.185,8.243,8.185,8.139,8.268,8.14,8.268,8.069,True,2026-08-05T12:02:52.36625-03:00,-0.0848822595052441,-0.15524185532518,False,,,8.553,8.715,8.068,True
16226,2026-08-04T11:02:46.43452-03:00,LTCUSDT,PREBREAK,1h,10,WATCH,44.2,44.58,closed,44.25,44.5,44.61,45.03,44.78,44.17,45.35,44.17,True,2026-08-05T12:02:47.870512-03:00,0.0101725487819548,-0.0357094802560801,False,,,45.05,46.5,44.24,True
16242,2026-08-04T12:02:45.762337-03:00,XPLUSDT,PREBREAK,1h,7,STRONG,0.07787,0.07836,closed,0.07747,0.0775,0.07834,0.07745,0.07847,0.07695,0.07996,0.07635,True,2026-08-05T12:02:56.298884-03:00,0.0429590656259543,0.0308121852435625,False,,,0.07605,0.081,0.072,True
16241,2026-08-04T12:02:45.762337-03:00,ASTERUSDT,PREBREAK,1h,8,WATCH,0.608,0.611,closed,0.607,0.608,0.61,0.606,0.61,0.606,0.61,0.603,True,2026-08-05T12:02:57.59933-03:00,0.0600992027894533,-0.10554005310266,True,,,0.601,0.621,0.596,True
16240,2026-08-04T12:02:45.762337-03:00,STOUSDT,BREAKOUT,4h,10,STRONG,0.0386,0.0375,closed,0.0425,0.0479,0.0412,0.0388,0.0501,0.0406,0.0501,0.0383,True,2026-08-05T12:02:55.162451-03:00,0.316364508200896,0.0792487499066246,True,,,0.0389,0.0501,0.0368,True
16249,2026-08-04T13:02:55.016908-03:00,STOUSDT,HOLD,4h,13,BEST,0.0488,0.0375,closed,0.0478,0.0437,0.0419,0.0389,0.0501,0.0407,0.0501,0.0383,True,2026-08-05T14:02:48.742045-03:00,0.821759958014553,0.104042465144709,True,,,0.039,0.0444,0.0368,True
16252,2026-08-04T13:02:55.016908-03:00,WBTCUSDT,COILING,4h,8,WATCH,64206.88,64233.0,closed,64121.87,64079.77,64191.02,64440.36,64435.73,63907.7,64738.2,63888.3,True,2026-08-05T14:02:50.419943-03:00,254.666406737272,0.123614925919734,True,,,63540.16,65480.19,63466.53,True
16250,2026-08-04T13:02:55.016908-03:00,ZECUSDT,BREAKOUT,4h,12,BEST,498.59,496.04,closed,497.23,495.25,506.26,516.95,509.99,493.21,525.9,493.21,True,2026-08-05T14:02:56.436442-03:00,0.253724033145936,0.00270019290099682,True,,,467.8,529.0,465.97,True
16253,2026-08-04T13:02:55.016908-03:00,HBARUSDT,COILING,4h,6,WATCH,0.06969,0.07156,closed,0.06978,0.07001,0.07011,0.06897,0.07026,0.06963,0.07026,0.0687,True,2026-08-05T14:02:52.467679-03:00,0.104217991120452,0.04377215225882,False,,,0.06609,0.07026,0.06588,True
16251,2026-08-04T13:02:55.016908-03:00,PHAUSDT,HOLD,4h,8,STRONG,0.0209,0.0203,closed,0.0207,0.0208,0.0205,0.0205,0.0209,0.0204,0.0209,0.0202,True,2026-08-05T14:02:54.624044-03:00,-0.46714746306359,0.0429297990806403,False,,,0.0223,0.027,0.0202,True
16266,2026-08-04T14:02:41.725344-03:00,TRUMPUSDT,COILING,4h,5,WATCH,1.47,1.51,closed,1.468,1.467,1.481,1.469,1.486,1.464,1.486,1.451,True,2026-08-05T14:03:01.998516-03:00,0.433366641581036,0.0297067981712124,False,,,1.475,1.54,1.436,True
16265,2026-08-04T14:02:41.725344-03:00,BCHUSDT,COILING,4h,6,WATCH,214.1,215.4,closed,214.1,214.0,213.6,214.3,214.7,213.1,215.0,210.0,True,2026-08-05T14:03:00.225403-03:00,0.129972231244738,0.11562285147456,True,,,212.1,218.8,210.0,True
16264,2026-08-04T14:02:41.725344-03:00,MIRAUSDT,PREBREAK,1h,10,STRONG,0.0413,0.0416,closed,0.0408,0.0407,0.0409,0.0427,0.0414,0.0403,0.0448,0.0402,True,2026-08-05T14:02:58.17552-03:00,0.10858307329771,-0.236045238646849,False,,,0.0401,0.0481,0.0395,True
16267,2026-08-04T14:02:41.725344-03:00,ARBUSDT,COILING,4h,3,STRONG,0.0818,0.0841,closed,0.0816,0.0816,0.0825,0.0813,0.0826,0.0814,0.0826,0.0801,True,2026-08-05T14:03:03.855903-03:00,0.0346288021656706,0.0285462304126393,False,,,0.0782,0.0826,0.0769,True
16278,2026-08-04T15:02:41.899123-03:00,JTOUSDT,PREBREAK,1h,7,STRONG,0.5119,0.5166,closed,0.5095,0.5079,0.5084,0.5203,0.513,0.5053,0.5209,0.5035,True,2026-08-05T15:02:48.123653-03:00,0.0792206661051086,-0.0580879895452201,False,,,0.554,0.5787,0.4692,True
16277,2026-08-04T15:02:41.899123-03:00,ZROUSDT,BREAKOUT,4h,13,BEST,0.78,0.766,closed,0.793,0.799,0.787,0.777,0.817,0.786,0.817,0.767,True,2026-08-05T15:02:50.028129-03:00,18.5500260077406,-0.17912501197413,True,,,0.861,0.888,0.767,True
16287,2026-08-04T16:02:41.726629-03:00,BTCUSDT,COILING,4h,6,WATCH,64125.14,64243.81,closed,64322.0,64120.08,64225.99,64789.3,64420.0,64001.68,64844.99,63880.0,True,2026-08-05T17:02:53.301567-03:00,0.217685269448495,0.0538582976540909,True,,,63393.09,65474.46,63238.0,True
16298,2026-08-04T17:02:49.196587-03:00,ZROUSDT,HOLD,4h,8,STRONG,0.807,0.767,closed,0.813,0.812,0.78,0.774,0.817,0.775,0.817,0.767,True,2026-08-05T17:03:01.062186-03:00,128.959426566815,-0.152312167908385,True,,,0.858,0.888,0.767,True
16297,2026-08-04T17:02:49.196587-03:00,TAOUSDT,BREAKOUT,4h,13,WATCH,199.4,195.9,closed,199.0,197.8,195.6,196.5,201.0,195.4,201.0,194.2,True,2026-08-05T17:02:56.60585-03:00,1.60885439746293,0.0638210388379548,True,,,199.5,210.8,190.2,True
16300,2026-08-04T17:02:49.196587-03:00,ICPUSDT,COILING,4h,6,WATCH,2.102,2.127,closed,2.096,2.11,2.089,2.1,2.115,2.088,2.126,2.078,True,2026-08-05T17:02:58.054493-03:00,0.319201272905562,0.0402372014808834,False,,,2.253,2.397,2.063,True
16299,2026-08-04T17:02:49.196587-03:00,LTCUSDT,COILING,4h,6,WATCH,44.71,45.05,closed,44.59,44.89,44.9,45.25,45.17,44.57,45.44,44.57,True,2026-08-05T17:02:59.651036-03:00,0.113015825265216,0.0262813512760767,False,,,45.49,46.5,44.73,True
16296,2026-08-04T17:02:49.196587-03:00,HEIUSDT,HOLD,4h,13,BEST,0.1181,0.0906,closed,0.1267,0.1229,0.1285,0.2631,0.1315,0.1167,0.3088,0.1167,True,2026-08-05T17:02:55.079956-03:00,0.614557217166773,0.0402379392516536,True,,,0.1496,0.5401,0.1167,True
16314,2026-08-04T18:02:33.0824-03:00,PUMPUSDT,BREAKOUT,4h,10,STRONG,0.002402,0.002289,closed,0.002486,0.002472,0.002393,0.002429,0.00255,0.002385,0.00259,0.002384,True,2026-08-05T18:02:38.441355-03:00,0.167353369542345,0.0299002787494807,True,,,0.002721,0.002947,0.00224,True
16315,2026-08-04T18:02:33.0824-03:00,DASHUSDT,COILING,4h,6,STRONG,31.47,31.75,closed,31.4,31.36,31.17,31.17,31.55,31.14,31.7,31.12,True,2026-08-05T18:02:40.307851-03:00,0.288993242931798,0.0910705186592895,False,,,30.71,32.32,30.06,True
16326,2026-08-04T19:02:45.405734-03:00,BICOUSDT,BREAKOUT,4h,13,BEST,0.02136,0.01985,closed,0.023,0.02284,0.02112,0.02722,0.02383,0.02034,0.02933,0.02034,True,2026-08-05T20:02:37.452418-03:00,1.42340753837061,-0.00130355799273261,True,,,0.03886,0.09,0.02034,True
16327,2026-08-04T19:02:45.405734-03:00,GALAUSDT,PREBREAK,1h,3,STRONG,0.001808,0.001825,closed,0.001807,0.001811,0.001778,0.001781,0.001817,0.001769,0.001817,0.001748,True,2026-08-05T20:02:35.942358-03:00,-0.100901382753111,-0.0217253366138784,False,,,0.001728,0.001857,0.001694,True
16335,2026-08-04T20:02:36.098662-03:00,ZECUSDT,BREAKOUT,4h,8,STRONG,507.54,496.04,closed,507.85,505.91,514.08,514.85,519.0,503.18,525.9,503.18,True,2026-08-05T20:02:38.849063-03:00,0.371672556973636,0.0062853144264946,True,,,481.49,529.0,465.97,True
16343,2026-08-04T21:02:47.471186-03:00,POLUSDT,HOLD,4h,13,WATCH,0.07497,0.07403,closed,0.07506,0.07502,0.07467,0.07498,0.07539,0.0746,0.07557,0.07433,True,2026-08-05T22:02:36.011251-03:00,0.53485342688621,0.0350158053606426,True,,,0.07512,0.07864,0.07407,True
16344,2026-08-04T21:02:47.471186-03:00,WBTCUSDT,PREBREAK,1h,13,WATCH,64118.81,64436.16,closed,64043.17,63967.19,64166.53,64649.26,64522.69,63967.19,65072.63,63888.3,True,2026-08-05T22:02:37.59627-03:00,1.36518311632526,0.115164381236248,True,,,63777.59,65480.19,63262.77,True
16346,2026-08-04T21:02:47.471186-03:00,STRKUSDT,COILING,4h,6,STRONG,0.0256,0.02608,closed,0.02561,0.02567,0.02553,0.02532,0.02582,0.02541,0.02615,0.02515,True,2026-08-05T22:02:32.109608-03:00,1.10902977002621,0.162900976057809,False,,,0.02319,0.02646,0.0226,True
16345,2026-08-04T21:02:47.471186-03:00,TAOUSDT,COILING,4h,7,WATCH,195.7,195.9,closed,195.7,195.6,197.4,197.5,200.2,195.1,200.2,194.2,True,2026-08-05T22:02:34.006801-03:00,2.77777136534725,0.0668877730082775,False,,,204.7,210.8,190.2,True
16353,2026-08-04T22:02:36.51655-03:00,LTCUSDT,COILING,4h,5,WATCH,44.85,45.05,closed,45.06,45.24,44.95,45.39,45.35,44.74,45.47,44.73,True,2026-08-05T22:02:42.357355-03:00,0.17517535469975,0.0557359748471932,False,,,45.45,46.5,44.73,True
16352,2026-08-04T22:02:36.51655-03:00,WBTCUSDT,COILING,4h,7,WATCH,64118.81,64256.32,closed,63986.84,64410.76,64241.92,64628.34,64522.69,63967.19,65072.63,63888.3,True,2026-08-05T22:02:39.186533-03:00,1.36518311632526,0.115164381236248,True,,,63834.29,65480.19,63262.77,True
16354,2026-08-04T22:02:36.51655-03:00,DASHUSDT,COILING,4h,4,WATCH,31.29,31.75,closed,31.18,31.41,31.25,30.96,31.46,31.17,31.7,30.76,True,2026-08-05T22:02:40.773402-03:00,0.116421683830953,0.12376017100148,False,,,30.73,32.32,30.06,True
16377,2026-08-05T01:02:37.131139-03:00,BICOUSDT,HOLD,4h,8,STRONG,0.0226,0.01985,closed,0.02271,0.02256,0.0247,0.02977,0.02857,0.02229,0.03092,0.02182,True,2026-08-06T01:02:44.928047-03:00,-0.633214379952103,-0.00502232111472642,True,,,0.03612,0.09,0.02182,True
16375,2026-08-05T01:02:37.131139-03:00,BIOUSDT,HOLD,4h,13,BEST,0.02469,0.02266,closed,0.02491,0.02554,0.02416,0.02439,0.02586,0.02349,0.02586,0.02349,True,2026-08-06T01:02:50.577943-03:00,3.21516670186756,0.0772134802488916,True,,,0.02479,0.02799,0.02317,True
16378,2026-08-05T01:02:37.131139-03:00,TIAUSDT,COILING,4h,7,STRONG,0.3414,0.3438,closed,0.3408,0.3403,0.3419,0.3336,0.3422,0.3392,0.344,0.33,True,2026-08-06T01:02:47.715327-03:00,0.156086089179568,0.0471797477078562,True,,,0.3097,0.344,0.3045,True
16376,2026-08-05T01:02:37.131139-03:00,ACEUSDT,BREAKOUT,4h,12,WATCH,0.0781,0.0778,closed,0.0747,0.0704,0.0702,0.0724,0.0767,0.0683,0.0767,0.0683,True,2026-08-06T01:02:52.23404-03:00,0.228502929691415,0.0100533052983153,True,,,0.1034,0.1642,0.0683,True
16379,2026-08-05T01:02:37.131139-03:00,TURBOUSDT,COILING,4h,7,STRONG,0.000827,0.000849,closed,0.000824,0.000824,0.000825,0.000837,0.000829,0.000821,0.000839,0.000807,True,2026-08-06T01:02:49.283369-03:00,0.999368444956282,0.0369298568927711,False,,,0.000824,0.000907,0.000799,True
16392,2026-08-05T02:02:38.476739-03:00,POLUSDT,COILING,4h,5,WATCH,0.07471,0.07561,closed,0.07469,0.07475,0.07534,0.07547,0.07541,0.0746,0.07574,0.07433,True,2026-08-06T02:02:42.925532-03:00,2.88003771775152,0.0483842765662074,False,,,0.0759,0.07864,0.07407,True
16390,2026-08-05T02:02:38.476739-03:00,VIRTUALUSDT,COILING,4h,6,STRONG,0.5595,0.571,closed,0.5651,0.5669,0.5597,0.5695,0.5678,0.5564,0.5765,0.5543,True,2026-08-06T02:02:47.907024-03:00,1.69217456867243,0.0544461683005861,False,,,0.5421,0.5828,0.515,True
16388,2026-08-05T02:02:38.476739-03:00,HEIUSDT,HOLD,4h,11,BEST,0.1785,0.1235,closed,0.1876,0.1887,0.1466,0.3631,0.195,0.1362,0.419,0.1362,True,2026-08-06T02:02:45.982544-03:00,0.785898541907552,0.0530197383744521,True,,,0.1312,0.5401,0.1292,True
16389,2026-08-05T02:02:38.476739-03:00,SIGNUSDT,COILING,4h,8,STRONG,0.00701,0.00703,closed,0.00673,0.00661,0.00668,0.0065,0.00688,0.00655,0.00688,0.00644,True,2026-08-06T02:02:44.522433-03:00,0.475727849234814,0.112605007871295,True,,,0.00665,0.00713,0.00644,True
16391,2026-08-05T02:02:38.476739-03:00,BTCUSDT,COILING,4h,5,WATCH,64183.27,64413.21,closed,64312.56,64312.5,64126.0,64767.46,64525.97,63995.89,65025.22,63880.0,True,2026-08-06T02:02:40.971123-03:00,0.263066119118517,0.0243407517903777,True,,,63849.94,65474.46,63238.0,True
16405,2026-08-05T03:02:38.557974-03:00,WBTCUSDT,COILING,4h,7,WATCH,64177.92,64435.73,closed,64329.15,64248.85,64164.17,64894.74,64379.71,64026.32,65072.63,63888.3,True,2026-08-06T03:02:49.072126-03:00,1.88742999928892,0.141263615770195,True,,,63732.37,65480.19,63262.77,True
16406,2026-08-05T03:02:38.557974-03:00,LTCUSDT,COILING,4h,5,WATCH,44.83,45.05,closed,45.0,44.89,44.92,45.07,45.03,44.83,45.47,44.73,True,2026-08-06T03:02:55.172212-03:00,0.100231644620596,0.0700172004191869,True,,,45.31,46.5,44.73,True
16404,2026-08-05T03:02:38.557974-03:00,SYNUSDT,BREAKOUT,4h,13,WATCH,0.10468,0.10389,closed,0.1282,0.13184,0.12649,0.13851,0.1329,0.11183,0.148,0.11183,True,2026-08-06T03:02:50.836113-03:00,9069.99926953934,-0.0190636089628294,False,,,0.10264,0.148,0.0987,True
16408,2026-08-05T03:02:38.557974-03:00,BONKUSDT,COILING,4h,2,STRONG,2.81e-06,2.94e-06,closed,2.82e-06,2.81e-06,2.8e-06,2.81e-06,2.83e-06,2.8e-06,2.85e-06,2.77e-06,True,2026-08-06T03:02:52.434985-03:00,0.0336119590400216,0.0885462782218397,False,,,2.3e-06,2.88e-06,2.27e-06,True
16407,2026-08-05T03:02:38.557974-03:00,TAOUSDT,COILING,4h,4,WATCH,197.4,200.0,closed,198.3,197.8,197.8,196.8,199.1,195.8,199.1,194.2,True,2026-08-06T03:02:53.704755-03:00,2.74903573652656,0.0620090323582454,False,,,202.7,210.8,190.2,True
16418,2026-08-05T04:02:33.244532-03:00,NOMUSDT,BREAKOUT,4h,8,STRONG,0.00155,0.00154,closed,0.00161,0.00161,0.00169,0.00192,0.00171,0.00155,0.00197,0.00155,True,2026-08-06T04:02:43.934027-03:00,0.0727976163047324,-0.0419112386829023,True,,,0.00161,0.00199,0.00155,True
16431,2026-08-05T05:02:42.233253-03:00,PUMPUSDT,HOLD,4h,11,BEST,0.002515,0.002294,closed,0.002501,0.002505,0.002509,0.00235,0.002556,0.002465,0.00259,0.002311,True,2026-08-06T05:02:49.129957-03:00,0.191095999012203,0.0218299114255411,False,,,0.00264,0.002947,0.00224,True
16432,2026-08-05T05:02:42.233253-03:00,DOTUSDT,HOLD,4h,11,WATCH,0.855,0.848,closed,0.854,0.856,0.851,0.834,0.858,0.847,0.858,0.832,True,2026-08-06T05:02:50.968915-03:00,0.146088528554863,-0.00532502446478255,False,,,0.785,0.858,0.778,True
16434,2026-08-05T05:02:42.233253-03:00,FETUSDT,HOLD,4h,9,STRONG,0.1521,0.1468,closed,0.1516,0.1514,0.1508,0.14,0.1531,0.1505,0.1531,0.139,True,2026-08-06T05:02:46.580128-03:00,0.15752492474453,-0.0231280836031974,True,,,0.1348,0.1531,0.1313,True
16433,2026-08-05T05:02:42.233253-03:00,MITOUSDT,BREAKOUT,4h,11,BEST,0.02295,0.02267,closed,0.02269,0.02264,0.02278,0.0233,0.02389,0.02257,0.02398,0.02246,True,2026-08-06T05:02:47.900874-03:00,0.23316969499103,-0.243079513151852,True,,,0.02423,0.03431,0.02232,True
16435,2026-08-05T05:02:42.233253-03:00,KITEUSDT,HOLD,4h,7,STRONG,0.1021,0.0974,closed,0.1012,0.1014,0.1031,0.1074,0.1039,0.1004,0.1082,0.0971,True,2026-08-06T05:02:52.138561-03:00,0.0202751538511263,-0.0486803874629363,True,,,0.1038,0.1089,0.0971,True
16449,2026-08-05T06:02:38.430755-03:00,STRKUSDT,COILING,4h,3,STRONG,0.02537,0.0262,closed,0.02527,0.02521,0.02535,0.02588,0.02544,0.02515,0.02595,0.02515,True,2026-08-06T06:02:43.604132-03:00,0.231145453248735,0.143831820137602,False,,,0.0232,0.02646,0.02247,True
16456,2026-08-05T07:02:34.42076-03:00,PLUMEUSDT,BREAKOUT,4h,8,STRONG,0.01122,0.01112,closed,0.01131,0.01131,0.01129,0.0112,0.0116,0.01121,0.01165,0.01068,True,2026-08-06T07:02:45.955372-03:00,0.0740224240999235,-0.00877031515644512,False,,,0.01244,0.01322,0.01068,True
16457,2026-08-05T07:02:34.42076-03:00,POLUSDT,COILING,4h,7,WATCH,0.07522,0.07561,closed,0.07549,0.07547,0.07462,0.07571,0.07556,0.07458,0.07668,0.07433,True,2026-08-06T07:02:48.806348-03:00,1.64708446269309,0.0878022634383723,True,,,0.07527,0.07864,0.07407,True
16458,2026-08-05T07:02:34.42076-03:00,VIRTUALUSDT,COILING,4h,4,STRONG,0.561,0.571,closed,0.5607,0.5626,0.5593,0.5704,0.567,0.5543,0.5798,0.5543,True,2026-08-06T07:02:47.450929-03:00,0.761069258343147,0.0747506314364504,False,,,0.549,0.5828,0.515,True
16468,2026-08-05T08:02:37.928879-03:00,RUNEUSDT,PREBREAK,1h,9,WATCH,0.444,0.448,closed,0.443,0.443,0.445,0.444,0.447,0.442,0.45,0.441,True,2026-08-06T08:02:41.342838-03:00,0.0433090781834433,0.00603690497185227,False,,,0.428,0.458,0.42,True
16471,2026-08-05T08:02:37.928879-03:00,TAOUSDT,COILING,4h,4,WATCH,197.0,201.0,closed,196.4,195.9,197.7,193.1,198.1,194.2,199.0,192.8,True,2026-08-06T08:02:43.996807-03:00,13.4603332391947,0.0408379269630417,False,,,203.4,210.8,190.2,True
16470,2026-08-05T08:02:37.928879-03:00,APTUSDT,PREBREAK,1h,7,WATCH,0.583,0.584,closed,0.586,0.587,0.593,0.588,0.595,0.58,0.606,0.58,True,2026-08-06T08:02:42.616702-03:00,0.0528450600303838,-0.0774001106799912,True,,,0.571,0.616,0.566,True
16469,2026-08-05T08:02:37.928879-03:00,BCHUSDT,PREBREAK,1h,8,WATCH,213.0,214.7,closed,213.1,213.2,213.9,211.4,215.0,211.8,217.4,211.3,True,2026-08-06T08:02:45.473983-03:00,-1.47834429749452,-0.00536994398496204,False,,,215.3,218.8,210.8,True
16481,2026-08-05T09:02:46.650295-03:00,BCHUSDT,COILING,4h,5,WATCH,213.2,215.4,closed,214.1,213.4,212.9,211.7,215.0,211.8,217.4,211.1,True,2026-08-06T09:02:53.330916-03:00,2.16931952051953,0.121103997277892,False,,,215.9,218.8,210.8,True
16479,2026-08-05T09:02:46.650295-03:00,HFTUSDT,HOLD,4h,12,BEST,0.018418,0.01372,closed,0.018404,0.019126,0.018516,0.026539,0.020767,0.015482,0.030063,0.015482,True,2026-08-06T09:02:49.078386-03:00,0.931938793350051,0.0491445496562787,True,,,0.00856,0.04158,0.008298,True
16480,2026-08-05T09:02:46.650295-03:00,WBTCUSDT,COILING,4h,7,WATCH,64093.42,64545.6,closed,64264.08,64338.05,64440.36,64572.84,64738.2,63888.3,65072.63,63888.3,True,2026-08-06T09:02:47.726856-03:00,0.719023381947363,0.183569619023596,True,,,64149.34,65480.19,63262.77,True
16482,2026-08-05T09:02:46.650295-03:00,LTCUSDT,COILING,4h,2,WATCH,44.76,45.35,closed,44.88,45.03,45.03,45.1,45.27,44.76,45.47,44.75,True,2026-08-06T09:02:52.033854-03:00,0.0895363970058604,0.056903968862244,False,,,45.49,46.5,44.75,True
16478,2026-08-05T09:02:46.650295-03:00,RESOLVUSDT,HOLD,4h,13,BEST,0.01786,0.01659,closed,0.01748,0.01747,0.01732,0.01988,0.01787,0.01715,0.02068,0.01693,True,2026-08-06T09:02:50.571273-03:00,0.20314631997345,0.169033702663984,True,,,0.01671,0.02162,0.0163,True
16489,2026-08-05T10:02:39.575733-03:00,ICPUSDT,COILING,4h,2,WATCH,2.097,2.127,closed,2.093,2.091,2.094,2.088,2.1,2.078,2.105,2.071,True,2026-08-06T10:02:40.375907-03:00,0.0324324227430218,0.0709828404539773,False,,,2.257,2.397,2.063,True
16487,2026-08-05T10:02:39.575733-03:00,MIRAUSDT,PREBREAK,1h,5,STRONG,0.0416,0.0417,closed,0.0419,0.042,0.0426,0.0416,0.0448,0.0412,0.0481,0.0395,True,2026-08-06T10:02:41.927818-03:00,0.0445687352691047,0.27763960769748,False,,,0.041,0.0481,0.0395,True
16488,2026-08-05T10:02:39.575733-03:00,LINKUSDT,PREBREAK,1h,4,WATCH,8.173,8.223,closed,8.15,8.139,8.205,8.138,8.225,8.069,8.258,8.068,True,2026-08-06T11:02:44.370072-03:00,-21.6773172743592,-0.114511955787547,False,,,8.829,8.896,8.068,True
16510,2026-08-05T11:02:36.531093-03:00,ASTERUSDT,PREBREAK,1h,7,WATCH,0.608,0.61,closed,0.609,0.606,0.609,0.601,0.61,0.605,0.61,0.599,True,2026-08-06T11:02:48.358886-03:00,0.106471825920322,-0.0598809868393258,True,,,0.602,0.621,0.596,True
16509,2026-08-05T11:02:36.531093-03:00,ETHUSDT,PREBREAK,1h,12,WATCH,1878.53,1881.28,closed,1879.96,1877.89,1916.2,1907.57,1918.73,1869.24,1928.0,1869.24,True,2026-08-06T11:02:46.422441-03:00,1.0185338570827,0.0126757919508066,False,,,1887.79,1943.02,1853.62,True
16511,2026-08-05T11:02:36.531093-03:00,DOGEUSDT,PREBREAK,1h,5,WATCH,0.06984,0.07055,closed,0.07005,0.07006,0.07022,0.06876,0.07043,0.06969,0.07056,0.06822,True,2026-08-06T11:02:49.99944-03:00,-0.0532908951826617,0.0029836902744006,False,,,0.07047,0.07315,0.06822,True
16528,2026-08-05T12:02:46.569778-03:00,INJUSDT,PREBREAK,1h,4,STRONG,4.915,4.953,closed,4.926,4.929,4.932,4.653,4.972,4.909,4.972,4.6,True,2026-08-06T12:02:53.442658-03:00,-0.0936203226168517,-0.0991436731127521,False,,,4.569,4.972,4.283,True
16527,2026-08-05T12:02:46.569778-03:00,POLUSDT,COILING,4h,6,WATCH,0.07523,0.07561,closed,0.07471,0.07439,0.07478,0.07473,0.07495,0.07433,0.07668,0.07433,True,2026-08-06T12:02:54.895943-03:00,1.86252001632265,0.0900270929399073,True,,,0.07424,0.07864,0.07356,True
16526,2026-08-05T12:02:46.569778-03:00,HBARUSDT,PREBREAK,1h,7,WATCH,0.06968,0.06977,closed,0.06957,0.06897,0.06969,0.06966,0.07005,0.0687,0.07005,0.06818,True,2026-08-06T12:02:56.429402-03:00,-0.086691169890597,0.0363710626614492,False,,,0.06602,0.07006,0.06558,True
16525,2026-08-05T12:02:46.569778-03:00,WBTCUSDT,PREBREAK,1h,13,WATCH,64478.13,64587.99,closed,64524.71,64440.36,64794.0,64828.34,64857.57,64402.39,65072.63,64177.93,True,2026-08-06T12:02:52.052299-03:00,0.719023381947363,0.183569619023596,True,,,63483.73,65480.19,63262.77,True
16539,2026-08-05T13:02:41.60477-03:00,TURBOUSDT,COILING,4h,5,STRONG,0.000813,0.000855,closed,0.000815,0.000819,0.000817,0.000823,0.000825,0.000814,0.000844,0.000814,True,2026-08-06T20:16:03.013135-03:00,0.488518294893422,0.0373397536919784,False,,,0.000803,0.000907,0.000799,True
16537,2026-08-05T13:02:41.60477-03:00,PENGUUSDT,PREBREAK,1h,7,STRONG,0.006117,0.006126,closed,0.006138,0.006177,0.006153,0.006135,0.006211,0.006125,0.006375,0.00608,True,2026-08-06T20:16:00.97949-03:00,0.0701876170867803,-0.0455184900215211,False,,,0.006322,0.006918,0.005919,True
16536,2026-08-05T13:02:41.60477-03:00,AXSUSDT,HOLD,4h,10,WATCH,0.861,0.837,closed,0.867,0.86,0.868,0.889,0.87,0.857,0.919,0.857,True,2026-08-06T20:15:58.177502-03:00,0.383460057957708,0.023793238621108,True,,,0.87,0.94,0.859,True
16540,2026-08-05T13:02:41.60477-03:00,TAOUSDT,COILING,4h,4,WATCH,197.4,201.0,closed,198.0,197.9,196.5,193.3,198.6,196.3,198.6,190.9,True,2026-08-06T20:16:04.516999-03:00,2.8542977294613,0.0281587878510738,False,,,199.6,210.8,190.2,True
16538,2026-08-05T13:02:41.60477-03:00,BTCUSDT,COILING,4h,5,WATCH,64388.01,64549.16,closed,64577.83,64670.0,64859.99,64646.0,64936.18,64410.32,65025.22,64172.0,True,2026-08-06T20:15:59.481578-03:00,0.220522280623777,0.0482586211556377,True,,,63492.12,65474.46,63238.0,True
16553,2026-08-05T14:02:47.877241-03:00,LTCUSDT,COILING,4h,5,WATCH,45.01,45.35,closed,45.21,45.37,45.23,45.78,45.44,45.16,45.79,44.75,True,2026-08-06T20:16:10.090447-03:00,0.102848021550327,0.0439966014915199,True,,,45.18,46.5,44.75,True
16554,2026-08-05T14:02:47.877241-03:00,BCHUSDT,COILING,4h,4,WATCH,212.7,215.4,closed,214.0,215.0,216.5,215.0,217.4,214.0,217.4,210.8,True,2026-08-06T20:16:08.516245-03:00,0.238226605579056,0.147621539543222,False,,,214.3,218.8,210.8,True
16552,2026-08-05T14:02:47.877241-03:00,WBTCUSDT,COILING,4h,6,WATCH,64415.51,64545.6,closed,64597.13,64829.08,64755.75,64827.02,65072.63,64576.11,65072.63,64177.93,True,2026-08-06T20:16:05.841416-03:00,63.0044027312705,0.0320609306169655,True,,,63509.45,65480.19,63262.77,True
16555,2026-08-05T14:02:47.877241-03:00,VIRTUALUSDT,COILING,4h,4,STRONG,0.5589,0.571,closed,0.5653,0.5697,0.5699,0.5802,0.5765,0.5642,0.5828,0.5625,True,2026-08-06T20:16:07.283813-03:00,0.497371505427748,0.0325608429608421,False,,,0.5999,0.6155,0.515,True
16566,2026-08-05T15:02:47.159705-03:00,HEIUSDT,BREAKOUT,4h,13,BEST,0.1993,0.195,closed,0.2754,0.2952,0.2679,0.193,0.3088,0.2412,0.5401,0.1781,True,2026-08-06T20:16:12.983818-03:00,0.795328264259701,0.0472710099239975,True,,,0.1366,0.5401,0.1247,True
16567,2026-08-05T15:02:47.159705-03:00,CAKEUSDT,PREBREAK,1h,7,WATCH,1.427,1.439,closed,1.429,1.428,1.417,1.397,1.431,1.417,1.431,1.394,True,2026-08-06T20:16:11.800788-03:00,-5.08612667516313,0.0636331775084134,False,,,1.446,1.475,1.386,True
16579,2026-08-05T16:02:36.782602-03:00,HMSTRUSDT,BREAKOUT,4h,8,STRONG,0.0001832,0.0001807,closed,0.0001851,0.000195,0.0001999,0.0001878,0.0002017,0.000183,0.0002109,0.0001791,True,2026-08-06T20:16:14.42098-03:00,0.0360107633159889,-0.0249020509251599,True,,,0.0001784,0.000232,0.000178,True
16593,2026-08-05T17:02:52.139108-03:00,TUTUSDT,HOLD,4h,12,BEST,0.02934,0.02597,closed,0.02902,0.02957,0.02887,0.02677,0.02976,0.0276,0.03134,0.02506,True,2026-08-06T20:16:16.760934-03:00,0.470674635141623,0.0327659345474708,True,,,0.07115,0.30563,0.02411,True
16594,2026-08-05T17:02:52.139108-03:00,OPENUSDT,HOLD,4h,11,BEST,0.2081,0.1991,closed,0.2069,0.2072,0.2076,0.2114,0.2102,0.2063,0.2195,0.2043,True,2026-08-06T20:16:18.010945-03:00,0.183625384265756,-0.00931535708434293,True,,,0.2062,0.2336,0.1861,True
16595,2026-08-05T17:02:52.139108-03:00,SYNUSDT,HOLD,4h,10,WATCH,0.13648,0.10691,closed,0.13664,0.1427,0.13744,0.12593,0.148,0.13261,0.148,0.12055,True,2026-08-06T20:16:19.400001-03:00,1.42171245424055,-0.0195207142829344,True,,,0.10418,0.148,0.0987,True
16596,2026-08-05T17:02:52.139108-03:00,ASTERUSDT,PREBREAK,1h,8,WATCH,0.608,0.61,closed,0.608,0.608,0.605,0.602,0.609,0.604,0.609,0.598,True,2026-08-06T20:16:15.629736-03:00,0.149250290471496,-0.0635215798054903,True,,,0.605,0.621,0.596,True
16624,2026-08-05T21:02:34.432688-03:00,PENDLEUSDT,COILING,4h,6,STRONG,1.395,1.409,closed,1.395,1.394,1.384,1.367,1.401,1.377,1.401,1.343,True,2026-08-06T21:02:48.349545-03:00,0.162244013326234,0.0282840170236952,False,,,1.335,1.421,1.308,True
16623,2026-08-05T21:02:34.432688-03:00,HMSTRUSDT,HOLD,4h,15,BEST,0.0002012,0.000185,closed,0.0002012,0.000202,0.0001969,0.0001865,0.0002109,0.0001932,0.0002109,0.0001791,True,2026-08-06T21:02:49.819241-03:00,0.41681888315702,0.0910749969131014,True,,,0.0001783,0.000232,0.000175,True
16639,2026-08-06T00:02:37.920107-03:00,GALAUSDT,PREBREAK,1h,3,STRONG,0.001792,0.001799,closed,0.001788,0.001793,0.001794,0.001801,0.001806,0.001786,0.001826,0.001764,True,2026-08-07T00:02:40.731376-03:00,-0.107293534290071,-0.114276395613737,False,,,0.001644,0.001857,0.001612,True
16644,2026-08-06T01:02:43.688754-03:00,HEIUSDT,HOLD,4h,11,BEST,0.3127,0.2063,closed,0.3604,0.3613,0.5253,0.1767,0.5332,0.3309,0.5401,0.1659,True,2026-08-07T02:02:41.83943-03:00,0.808478495220337,0.0432674908912769,True,,,0.1293,0.5401,0.1247,True
16648,2026-08-06T01:02:43.688754-03:00,ICPUSDT,COILING,4h,3,WATCH,2.102,2.127,closed,2.101,2.103,2.099,2.071,2.105,2.092,2.105,2.065,True,2026-08-07T02:02:43.712253-03:00,0.065096107605976,0.0777611040074574,False,,,2.174,2.397,2.063,True
16646,2026-08-06T01:02:43.688754-03:00,APTUSDT,COILING,4h,7,WATCH,0.596,0.597,closed,0.598,0.602,0.598,0.589,0.606,0.596,0.606,0.585,True,2026-08-07T02:02:46.863059-03:00,5.79926796228168,0.0360657576465946,True,,,0.566,0.616,0.554,True
16645,2026-08-06T01:02:43.688754-03:00,PENGUUSDT,COILING,4h,9,STRONG,0.006182,0.00624,closed,0.006176,0.006219,0.006274,0.00599,0.006332,0.006155,0.006332,0.005919,True,2026-08-07T02:02:48.441018-03:00,0.708142732509133,0.0564271281298744,False,,,0.006279,0.006918,0.005919,True
16647,2026-08-06T01:02:43.688754-03:00,BABYUSDT,COILING,4h,6,STRONG,0.01085,0.01114,closed,0.01085,0.01082,0.01078,0.01138,0.01096,0.0107,0.01167,0.0107,True,2026-08-07T02:02:45.130745-03:00,1.09669230738019,0.0421106583947987,False,,,0.01018,0.0135,0.00997,True
16680,2026-08-06T03:02:47.982303-03:00,VIRTUALUSDT,PREBREAK,1h,6,STRONG,0.5703,0.5765,closed,0.5693,0.5753,0.5698,0.559,0.5798,0.5667,0.5828,0.5538,True,2026-08-07T04:02:40.178818-03:00,1.46375182385129,0.0298055749236974,False,,,0.5945,0.6155,0.515,True
16678,2026-08-06T03:02:47.982303-03:00,HEIUSDT,BREAKOUT,4h,15,BEST,0.3127,0.3088,closed,0.4334,0.4557,0.4032,0.1839,0.5401,0.3351,0.5401,0.1659,True,2026-08-07T04:02:42.776674-03:00,0.808478495220337,0.0432674908912769,True,,,0.1286,0.5401,0.1247,True
16679,2026-08-06T03:02:47.982303-03:00,ZROUSDT,PREBREAK,1h,9,STRONG,0.779,0.787,closed,0.775,0.78,0.791,0.825,0.794,0.773,0.854,0.773,True,2026-08-07T04:02:41.558465-03:00,0.664747040026058,0.00884500736607458,False,,,0.83,0.888,0.773,True
16699,2026-08-06T04:02:43.173795-03:00,TRBUSDT,COILING,4h,6,WATCH,13.5,13.57,closed,14.1,13.78,13.79,13.82,14.16,13.63,14.16,13.62,True,2026-08-07T04:02:44.349393-03:00,0.270045879712069,0.0723795641520834,True,,,13.55,15.21,13.23,True
16718,2026-08-06T05:02:45.519184-03:00,RESOLVUSDT,BREAKOUT,4h,12,BEST,0.01832,0.01806,closed,0.01831,0.01856,0.01988,0.01868,0.02068,0.01808,0.02162,0.01808,True,2026-08-07T05:03:18.936789-03:00,0.220646058252122,0.035685457583238,True,,,0.01693,0.02162,0.0163,True
16717,2026-08-06T05:02:45.519184-03:00,ZBTUSDT,HOLD,4h,12,BEST,0.134,0.1228,closed,0.1355,0.1396,0.1438,0.1321,0.1495,0.1336,0.2076,0.1307,True,2026-08-07T05:03:17.395268-03:00,0.726509529638286,-0.0194961826459239,True,,,0.0915,0.2076,0.089,True
16720,2026-08-06T05:02:45.519184-03:00,KITEUSDT,BREAKOUT,4h,8,STRONG,0.1073,0.1059,closed,0.1069,0.1059,0.1058,0.1038,0.1078,0.1038,0.1089,0.1029,True,2026-08-07T05:03:16.027763-03:00,0.0399714361223384,0.015193594051509,True,,,0.1012,0.1089,0.0974,True
16721,2026-08-06T05:02:45.519184-03:00,POLUSDT,COILING,4h,6,WATCH,0.0754,0.07561,closed,0.0756,0.07602,0.07565,0.07506,0.07668,0.07531,0.07668,0.07441,True,2026-08-07T05:03:14.634024-03:00,0.703726263201749,0.0714794726649059,True,,,0.07458,0.07864,0.07356,True
16719,2026-08-06T05:02:45.519184-03:00,SAHARAUSDT,HOLD,4h,10,STRONG,0.00844,0.00823,closed,0.00841,0.00838,0.00826,0.00841,0.00843,0.00819,0.00853,0.00819,True,2026-08-07T05:03:13.257088-03:00,0.208986156126319,0.0112677369712935,False,,,0.00777,0.00874,0.00768,True
16740,2026-08-06T06:02:42.557807-03:00,CHZUSDT,PREBREAK,1h,7,STRONG,0.01305,0.01313,closed,0.01298,0.01295,0.01291,0.01278,0.01312,0.01289,0.01312,0.01268,True,2026-08-07T06:02:48.729266-03:00,0.0483033649522651,-0.0468610196117566,True,,,0.01258,0.0141,0.01212,True
16739,2026-08-06T06:02:42.557807-03:00,PENGUUSDT,COILING,4h,8,STRONG,0.006273,0.006297,closed,0.006219,0.006148,0.006106,0.006054,0.00626,0.006093,0.00626,0.005919,True,2026-08-07T06:02:44.780059-03:00,15.540850282645,0.0501778876402605,True,,,0.006375,0.006918,0.005919,True
16741,2026-08-06T06:02:42.557807-03:00,BABYUSDT,COILING,4h,3,STRONG,0.01076,0.01114,closed,0.01079,0.01083,0.0109,0.01107,0.01107,0.01073,0.01167,0.01073,True,2026-08-07T06:02:46.776138-03:00,1.18599785667139,0.029933204488073,False,,,0.01035,0.0135,0.00997,True
16754,2026-08-06T07:02:44.83941-03:00,ZBTUSDT,BREAKOUT,4h,15,BEST,0.134,0.1332,closed,0.1461,0.1461,0.1542,0.1261,0.1667,0.1411,0.2076,0.1248,True,2026-08-07T08:02:40.736387-03:00,0.726509529638286,-0.0194961826459239,True,,,0.0901,0.2076,0.089,True
16755,2026-08-06T07:02:44.83941-03:00,POLUSDT,PREBREAK,1h,6,WATCH,0.07572,0.07574,closed,0.07564,0.0755,0.07555,0.07635,0.07573,0.07528,0.07693,0.07407,True,2026-08-07T08:02:43.206347-03:00,0.703726263201749,0.0714794726649059,True,,,0.07438,0.07864,0.07356,True
16770,2026-08-06T08:02:40.187665-03:00,COOKIEUSDT,BREAKOUT,4h,9,STRONG,0.0091,0.0088,closed,0.0098,0.0096,0.0102,0.0094,0.0104,0.0094,0.0122,0.0093,True,2026-08-07T08:02:45.054022-03:00,0.228920285809279,0.00655937286403881,True,,,0.0122,0.0168,0.009,True
16787,2026-08-06T09:02:46.693071-03:00,TRBUSDT,HOLD,4h,13,WATCH,13.82,13.57,closed,13.81,13.69,13.67,13.8,13.81,13.64,13.95,13.62,True,2026-08-07T10:02:37.668353-03:00,0.647018239847726,0.209736519909898,True,,,13.46,15.21,13.23,True
16788,2026-08-06T09:02:46.693071-03:00,ZROUSDT,BREAKOUT,4h,13,BEST,0.821,0.817,closed,0.824,0.826,0.823,0.821,0.854,0.817,0.854,0.811,True,2026-08-07T09:02:48.347546-03:00,0.887379843380402,-0.12019715959015,True,,,0.827,0.888,0.803,True
16789,2026-08-06T09:02:46.693071-03:00,OPENUSDT,HOLD,4h,10,STRONG,0.2133,0.2021,closed,0.2158,0.2171,0.2061,0.2111,0.2195,0.2044,0.2195,0.2043,True,2026-08-07T09:02:46.779202-03:00,0.235646049084151,0.0150888568257065,True,,,0.1928,0.2336,0.1861,True
16799,2026-08-06T10:02:37.789766-03:00,ENSOUSDT,COILING,4h,9,STRONG,0.944,0.947,closed,0.957,0.944,0.965,1.025,0.978,0.938,1.042,0.938,True,2026-08-07T10:02:40.932858-03:00,0.0994565075248646,0.152055699367055,False,,,0.865,1.058,0.86,True
16800,2026-08-06T10:02:37.789766-03:00,POLUSDT,COILING,4h,6,WATCH,0.07562,0.07574,closed,0.07545,0.07555,0.07506,0.07552,0.07568,0.07441,0.07693,0.07407,True,2026-08-07T10:02:39.163175-03:00,0.760564487914818,0.0672391251588283,True,,,0.07395,0.07864,0.07356,True
16817,2026-08-06T11:02:43.6508-03:00,PENGUUSDT,COILING,4h,5,STRONG,0.006142,0.006375,closed,0.006155,0.006196,0.006134,0.00602,0.006213,0.006103,0.006213,0.005919,True,2026-08-07T12:02:50.215714-03:00,1.51362114101118,0.0256646362612682,False,,,0.006325,0.006918,0.005919,True
16818,2026-08-06T11:02:43.6508-03:00,BABYUSDT,COILING,4h,4,STRONG,0.01095,0.01114,closed,0.01102,0.01117,0.01136,0.01141,0.01146,0.01096,0.01167,0.01096,True,2026-08-07T12:02:48.453565-03:00,1.14674981644109,0.0279204311517325,False,,,0.01053,0.0135,0.00997,True
16836,2026-08-06T12:02:50.891205-03:00,USUALUSDT,BREAKOUT,4h,12,BEST,0.00884,0.00848,closed,0.00858,0.00858,0.00863,0.00891,0.00881,0.00847,0.00926,0.00847,True,2026-08-07T12:02:52.375891-03:00,3.73847575753873,0.0722853920750089,True,,,0.00862,0.00963,0.00847,True
16835,2026-08-06T12:02:50.891205-03:00,ZBTUSDT,BREAKOUT,4h,12,BEST,0.145,0.1332,closed,0.1748,0.1717,0.1836,0.1161,0.1877,0.1505,0.2076,0.1154,True,2026-08-07T12:02:53.916581-03:00,0.82031212019969,-0.00387172608794664,True,,,0.0901,0.2076,0.089,True
16837,2026-08-06T12:02:50.891205-03:00,HBARUSDT,PREBREAK,1h,4,WATCH,0.06949,0.06953,closed,0.06946,0.06875,0.06853,0.068,0.06967,0.0684,0.06967,0.06792,True,2026-08-07T12:02:56.579829-03:00,-0.15078622172348,0.0648694596505726,False,,,0.06649,0.07006,0.06558,True
16919,2026-08-06T20:15:57.038528-03:00,ENSOUSDT,HOLD,4h,13,BEST,0.994,0.947,closed,1.013,1.016,1.013,0.992,1.023,0.993,1.058,0.986,True,2026-08-07T21:02:59.334649-03:00,0.196202848624223,0.212540506052281,True,,,0.781,1.058,0.765,True
16922,2026-08-06T20:15:57.038528-03:00,ZBTUSDT,HOLD,4h,11,BEST,0.1859,0.1495,closed,0.1837,0.1894,0.1418,0.1143,0.2076,0.1415,0.2076,0.112,True,2026-08-07T21:02:55.340205-03:00,0.938404092904461,0.00814433503797351,True,,,0.0877,0.2076,0.0867,True
16921,2026-08-06T20:15:57.038528-03:00,TRBUSDT,HOLD,4h,12,WATCH,13.81,13.57,closed,13.76,13.84,13.74,13.61,13.89,13.72,13.89,13.5,True,2026-08-07T21:02:56.81996-03:00,0.857481168274605,0.195498786680638,False,,,13.2,15.21,13.03,True
16920,2026-08-06T20:15:57.038528-03:00,STGUSDT,HOLD,4h,13,BEST,0.1383,0.1235,closed,0.1574,0.1477,0.1779,0.1428,0.1799,0.1473,0.1813,0.1381,True,2026-08-07T21:02:58.095881-03:00,0.308968725298408,0.0791702450331632,True,,,0.1431,0.1813,0.1279,True
16923,2026-08-06T20:15:57.038528-03:00,RESOLVUSDT,HOLD,4h,10,STRONG,0.02099,0.01846,closed,0.02029,0.02022,0.01888,0.01782,0.02054,0.01887,0.02054,0.01771,True,2026-08-07T21:02:53.945195-03:00,0.241249972293466,0.0192868232500505,True,,,0.01659,0.02046,0.0163,True
16934,2026-08-06T21:02:47.485783-03:00,PLUMEUSDT,HOLD,4h,12,BEST,0.0129,0.01259,closed,0.01288,0.01292,0.01262,0.01213,0.01322,0.01231,0.01322,0.01162,True,2026-08-07T21:03:00.554407-03:00,0.221527993221352,0.100290014695201,True,,,0.01256,0.01322,0.01129,True
16937,2026-08-06T21:02:47.485783-03:00,ALLOUSDT,BREAKOUT,4h,9,WATCH,0.3046,0.2794,closed,0.309,0.303,0.3046,0.3258,0.3118,0.2863,0.37,0.2839,True,2026-08-07T21:03:01.788295-03:00,1.03498524507012,-0.0598509634732615,False,,,0.2714,0.37,0.2673,True
16936,2026-08-06T21:02:47.485783-03:00,FRAXUSDT,HOLD,4h,11,BEST,0.3157,0.2969,closed,0.3118,0.3123,0.313,0.3075,0.3149,0.3066,0.3189,0.3039,True,2026-08-07T21:03:03.139758-03:00,0.665803576633451,-0.014831919605945,True,,,0.2966,0.3316,0.2871,True
16933,2026-08-06T21:02:47.485783-03:00,BABYUSDT,HOLD,4h,13,BEST,0.01136,0.01114,closed,0.01147,0.01149,0.01138,0.01171,0.01167,0.01126,0.01197,0.01101,True,2026-08-07T21:03:05.78231-03:00,0.983097618568823,0.0310808176635249,False,,,0.01012,0.0135,0.0099,True
16935,2026-08-06T21:02:47.485783-03:00,CRVUSDT,HOLD,4h,12,WATCH,0.2148,0.2119,closed,0.2151,0.2164,0.2175,0.213,0.219,0.2145,0.219,0.21,True,2026-08-07T21:03:04.524232-03:00,0.32851959809667,-0.0214797235556929,True,,,0.2536,0.2864,0.21,True
16943,2026-08-06T22:02:36.890348-03:00,ALLOUSDT,HOLD,4h,8,WATCH,0.3046,0.2794,closed,0.2955,0.291,0.2987,0.3259,0.3093,0.2839,0.37,0.2839,True,2026-08-07T22:02:44.323419-03:00,1.03498524507012,-0.0598509634732615,False,,,0.2697,0.37,0.2673,True
16955,2026-08-06T23:02:39.141069-03:00,PLUMEUSDT,BREAKOUT,4h,13,BEST,0.0129,0.01259,closed,0.01293,0.01248,0.01193,0.01247,0.01307,0.01189,0.01307,0.01162,True,2026-08-08T00:02:36.514529-03:00,0.221527993221352,0.100290014695201,True,,,0.01255,0.01284,0.01129,True
16974,2026-08-07T01:02:34.945268-03:00,CRVUSDT,COILING,4h,7,WATCH,0.2172,0.2216,closed,0.2167,0.2178,0.2159,0.216,0.2183,0.2156,0.2183,0.21,True,2026-08-08T01:02:36.851978-03:00,0.414381665364956,0.0501827062487882,False,,,0.2511,0.2864,0.21,True
16977,2026-08-07T01:02:34.945268-03:00,OPUSDT,COILING,4h,5,STRONG,0.0877,0.0896,closed,0.0879,0.0877,0.0891,0.0874,0.0894,0.0872,0.0897,0.0855,True,2026-08-08T01:02:38.532205-03:00,0.104975238112099,0.027866370769489,False,,,0.0876,0.093,0.0842,True
16976,2026-08-07T01:02:34.945268-03:00,XECUSDT,COILING,4h,7,STRONG,6.61e-06,6.64e-06,closed,6.56e-06,6.41e-06,6.66e-06,6.61e-06,6.77e-06,6.38e-06,6.77e-06,6.38e-06,True,2026-08-08T01:02:40.346487-03:00,0.163971832314259,0.0966579064822466,False,,,6.45e-06,7.19e-06,6.38e-06,True
16978,2026-08-07T01:02:34.945268-03:00,VIRTUALUSDT,COILING,4h,3,STRONG,0.5637,0.5828,closed,0.5653,0.5636,0.5582,0.569,0.5666,0.5538,0.57,0.5538,True,2026-08-08T01:02:43.563464-03:00,0.219113229339634,0.0450323880709416,False,,,0.5746,0.6155,0.515,True
16975,2026-08-07T01:02:34.945268-03:00,ALGOUSDT,COILING,4h,7,WATCH,0.0903,0.0916,closed,0.0902,0.0893,0.0896,0.0877,0.0906,0.089,0.0906,0.0866,True,2026-08-08T01:02:41.911176-03:00,0.153416985598155,0.0246840223563739,False,,,0.0785,0.0906,0.0779,True
16989,2026-08-07T02:02:41.064379-03:00,PIXELUSDT,HOLD,4h,8,STRONG,0.00455,0.00439,closed,0.00457,0.00466,0.00466,0.00443,0.00486,0.00454,0.00486,0.00437,True,2026-08-08T03:02:38.133095-03:00,12.4474242210231,-0.0356965809845725,False,,,0.00463,0.00573,0.00425,True
16988,2026-08-07T02:02:41.064379-03:00,ESPUSDT,BREAKOUT,4h,10,WATCH,0.06449,0.06428,closed,0.06669,0.06816,0.06914,0.06586,0.07,0.06514,0.08131,0.06514,True,2026-08-08T03:02:36.890241-03:00,0.11070980495699,-0.0915591844119521,False,,,0.07497,0.08469,0.06276,True
17008,2026-08-07T04:02:39.202616-03:00,DOGEUSDT,PREBREAK,1h,13,WATCH,0.06918,0.06949,closed,0.0693,0.06935,0.0695,0.07038,0.06964,0.06915,0.07039,0.06915,True,2026-08-08T04:02:43.517509-03:00,-0.129468213018078,-0.0127578810724618,False,,,0.0697,0.07315,0.06889,True
17021,2026-08-07T05:03:12.230794-03:00,FRAXUSDT,HOLD,4h,10,STRONG,0.3164,0.2969,closed,0.3165,0.313,0.3128,0.3108,0.3189,0.3108,0.3285,0.3039,True,2026-08-08T06:02:45.315269-03:00,0.670439242647781,-0.0202616603311229,False,,,0.29,0.3316,0.2792,True
17018,2026-08-07T05:03:12.230794-03:00,C98USDT,HOLD,4h,12,BEST,0.01583,0.0138,closed,0.01616,0.01657,0.01715,0.01486,0.01809,0.01563,0.01857,0.01449,True,2026-08-08T06:02:40.079942-03:00,0.554956635252851,0.0509463502666139,True,,,0.01374,0.01857,0.01326,True
17017,2026-08-07T05:03:12.230794-03:00,SAGAUSDT,BREAKOUT,4h,14,BEST,0.01476,0.01427,closed,0.01463,0.01457,0.01494,0.01347,0.01524,0.01441,0.01537,0.01315,True,2026-08-08T06:02:38.655854-03:00,0.521346563181069,0.0516279483462219,True,,,0.0127,0.02209,0.0124,True
17020,2026-08-07T05:03:12.230794-03:00,ACEUSDT,BREAKOUT,4h,11,BEST,0.1578,0.142,closed,0.1541,0.1446,0.1356,0.1063,0.1575,0.1311,0.1575,0.1018,True,2026-08-08T06:02:43.704401-03:00,0.479599316939574,0.00783296008129509,True,,,0.159,0.1641,0.0951,True
17019,2026-08-07T05:03:12.230794-03:00,ALICEUSDT,BREAKOUT,4h,12,BEST,0.1318,0.1259,closed,0.1279,0.1233,0.1217,0.1179,0.1319,0.1216,0.1319,0.1174,True,2026-08-08T06:02:41.862874-03:00,0.584484162247085,0.0661491767965609,True,,,0.1196,0.127,0.1132,True
17037,2026-08-07T06:02:43.99843-03:00,CRVUSDT,COILING,4h,6,WATCH,0.216,0.2216,closed,0.2155,0.2158,0.214,0.2237,0.2168,0.214,0.2268,0.21,True,2026-08-08T06:02:46.616649-03:00,0.345814632758291,0.070858629135708,False,,,0.2471,0.2864,0.21,True
17036,2026-08-07T06:02:43.99843-03:00,ALLOUSDT,HOLD,4h,9,WATCH,0.3233,0.2834,closed,0.3246,0.3262,0.332,0.31,0.3478,0.3188,0.37,0.3054,True,2026-08-08T06:02:48.042121-03:00,1.5724986511728,-0.0238470207244451,True,,,0.2654,0.37,0.2624,True
17035,2026-08-07T06:02:43.99843-03:00,SAGAUSDT,HOLD,4h,13,BEST,0.01476,0.01377,closed,0.01461,0.01443,0.01514,0.01346,0.01536,0.01441,0.01537,0.01315,True,2026-08-08T06:02:50.125971-03:00,0.521346563181069,0.0516279483462219,True,,,0.01269,0.02209,0.0124,True
17038,2026-08-07T06:02:43.99843-03:00,OPUSDT,COILING,4h,6,STRONG,0.0893,0.0896,closed,0.0886,0.0887,0.0883,0.0872,0.0895,0.0882,0.0895,0.0855,True,2026-08-08T06:02:51.584576-03:00,0.101478532410681,0.0610937197645582,True,,,0.0858,0.093,0.0842,True
17047,2026-08-07T07:02:38.891077-03:00,ALLOUSDT,BREAKOUT,4h,10,WATCH,0.3233,0.3055,closed,0.3304,0.3385,0.3358,0.3133,0.3478,0.3225,0.37,0.3054,True,2026-08-08T08:02:37.949833-03:00,1.5724986511728,-0.0238470207244451,True,,,0.2685,0.37,0.2624,True
17049,2026-08-07T07:02:38.891077-03:00,JUPUSDT,PREBREAK,1h,2,STRONG,0.1858,0.1863,closed,0.1858,0.1854,0.1851,0.1831,0.1871,0.1849,0.1871,0.1798,True,2026-08-08T07:02:40.290188-03:00,-0.0274763623127908,-0.0639192564103563,False,,,0.1654,0.1887,0.1652,True
17048,2026-08-07T07:02:38.891077-03:00,ETHUSDT,PREBREAK,1h,10,WATCH,1913.04,1918.47,closed,1914.51,1913.85,1922.41,1919.01,1943.02,1912.62,1943.02,1905.4,True,2026-08-08T07:02:41.76838-03:00,-6.23675858594848,-0.0579531796667627,False,,,1876.19,1943.02,1853.62,True
17046,2026-08-07T07:02:38.891077-03:00,USUALUSDT,BREAKOUT,4h,13,BEST,0.00898,0.00894,closed,0.00898,0.00911,0.00894,0.00902,0.00926,0.00894,0.00927,0.00879,True,2026-08-08T08:02:39.296323-03:00,1.8778048285529,0.067792684571345,True,,,0.00888,0.00963,0.00846,True
17070,2026-08-07T09:02:44.294879-03:00,TUTUSDT,BREAKOUT,4h,12,BEST,0.03468,0.03134,closed,0.03475,0.03487,0.03618,0.0583,0.03674,0.03327,0.06029,0.03327,True,2026-08-08T09:02:45.185951-03:00,0.275189854485792,0.0901987887674449,True,,,0.03396,0.30563,0.02855,True
17072,2026-08-07T09:02:44.294879-03:00,XECUSDT,COILING,4h,3,STRONG,6.58e-06,6.7e-06,closed,6.52e-06,6.54e-06,6.69e-06,6.78e-06,6.69e-06,6.46e-06,7.19e-06,6.46e-06,True,2026-08-08T10:02:37.57296-03:00,0.213639566758665,0.0920820917567059,False,,,6.49e-06,7.19e-06,6.36e-06,True
17071,2026-08-07T09:02:44.294879-03:00,ESPUSDT,HOLD,4h,10,WATCH,0.07279,0.065,closed,0.07727,0.07436,0.06962,0.06506,0.08131,0.06908,0.08131,0.06417,True,2026-08-08T10:02:38.901401-03:00,0.328482471845188,-0.00268047070044228,True,,,0.0759,0.08469,0.06276,True
17089,2026-08-07T10:02:36.742728-03:00,SUIUSDT,PREBREAK,1h,13,WATCH,0.6736,0.679,closed,0.6727,0.6726,0.6701,0.6927,0.6781,0.6643,0.6968,0.6643,True,2026-08-08T10:02:42.557903-03:00,-0.382679463233842,0.0011364382510912,False,,,0.6777,0.7071,0.6643,True
17090,2026-08-07T10:02:36.742728-03:00,SEIUSDT,PREBREAK,1h,13,WATCH,0.04132,0.04158,closed,0.04126,0.04127,0.04077,0.04178,0.04141,0.04067,0.04199,0.04062,True,2026-08-08T10:02:45.08346-03:00,0.00981639303008956,-0.0344771044287399,False,,,0.04003,0.04223,0.03946,True
17092,2026-08-07T10:02:36.742728-03:00,RUNEUSDT,BREAKOUT,4h,9,WATCH,0.451,0.45,closed,0.456,0.453,0.452,0.444,0.457,0.451,0.457,0.444,True,2026-08-08T10:02:41.384958-03:00,0.0552284489837984,-0.0840928349456279,True,,,0.414,0.455,0.413,True
17091,2026-08-07T10:02:36.742728-03:00,WBETHUSDT,COILING,4h,11,WATCH,2112.49,2121.57,closed,2127.25,2118.54,2105.27,2116.31,2132.17,2103.3,2132.17,2102.85,True,2026-08-08T10:02:40.221685-03:00,0.638254641843405,0.368103412501902,True,,,2064.56,2138.01,2045.34,True
17093,2026-08-07T10:02:36.742728-03:00,LTCUSDT,PREBREAK,1h,8,WATCH,45.8,45.97,closed,45.73,45.72,45.8,45.62,46.07,45.59,46.07,45.28,True,2026-08-08T10:02:43.822349-03:00,0.110563091085581,-0.0181583095732508,True,,,44.33,46.5,44.3,True
17114,2026-08-07T11:02:39.625526-03:00,HMSTRUSDT,PREBREAK,1h,7,STRONG,0.0001892,0.0001908,closed,0.000189,0.0001899,0.0001875,0.0002015,0.0001925,0.0001857,0.0002122,0.0001857,True,2026-08-08T12:02:43.597578-03:00,-0.410210729335393,-0.098199807480256,False,,,0.0001767,0.000232,0.000174,True
17113,2026-08-07T11:02:39.625526-03:00,RUNEUSDT,PREBREAK,1h,7,WATCH,0.453,0.453,closed,0.453,0.452,0.453,0.445,0.455,0.45,0.455,0.444,True,2026-08-08T12:02:41.969594-03:00,0.0552284489837984,-0.0840928349456279,True,,,0.414,0.455,0.413,True
17135,2026-08-07T12:02:46.734501-03:00,ICPUSDT,PREBREAK,1h,5,WATCH,2.081,2.1,closed,2.098,2.094,2.088,2.124,2.103,2.077,2.129,2.077,True,2026-08-08T13:02:46.60644-03:00,-0.148956009466889,-0.00251220710494555,False,,,2.198,2.397,2.077,True
17134,2026-08-07T12:02:46.734501-03:00,ALLOUSDT,BREAKOUT,4h,10,WATCH,0.3449,0.3118,closed,0.3532,0.3488,0.3562,0.331,0.37,0.3332,0.37,0.3054,True,2026-08-08T12:02:47.104963-03:00,11.2475295968018,-0.0206992848646953,True,,,0.2681,0.37,0.2624,True
17153,2026-08-07T13:02:42.826301-03:00,ZECUSDT,COILING,4h,5,STRONG,512.33,525.9,closed,515.35,512.65,513.23,505.72,517.45,509.0,517.45,497.65,True,2026-08-08T13:02:53.909122-03:00,0.058831430894085,0.0427202263310579,False,,,489.45,529.0,465.97,True
17152,2026-08-07T13:02:42.826301-03:00,ATOMUSDT,PREBREAK,1h,10,WATCH,1.355,1.364,closed,1.359,1.359,1.349,1.389,1.364,1.345,1.403,1.345,True,2026-08-08T13:02:52.215691-03:00,0.22507576560748,0.0595414028644764,False,,,1.52,1.573,1.345,True
17150,2026-08-07T13:02:42.826301-03:00,TUTUSDT,HOLD,4h,12,BEST,0.03658,0.03158,closed,0.03598,0.03747,0.03776,0.0705,0.04048,0.03565,0.07218,0.03565,True,2026-08-08T13:02:50.269118-03:00,0.263845876136408,0.0969378609826758,True,,,0.03105,0.30563,0.02855,True
17151,2026-08-07T13:02:42.826301-03:00,LTCUSDT,BREAKOUT,4h,11,WATCH,45.96,45.85,closed,45.97,45.8,45.39,45.86,46.07,45.28,46.07,45.28,True,2026-08-08T13:02:48.427614-03:00,0.164474933410094,0.00782532600249858,True,,,44.07,46.5,43.73,True
17172,2026-08-07T14:02:41.928406-03:00,XECUSDT,COILING,4h,4,STRONG,6.68e-06,6.77e-06,closed,6.66e-06,6.62e-06,6.71e-06,6.85e-06,6.75e-06,6.59e-06,7.19e-06,6.53e-06,True,2026-08-08T15:02:41.260849-03:00,0.206319829093285,0.0492860996157989,False,,,6.5e-06,7.19e-06,6.36e-06,True
17171,2026-08-07T14:02:41.928406-03:00,WBETHUSDT,COILING,4h,9,WATCH,2115.55,2121.57,closed,2106.12,2110.08,2112.19,2120.74,2117.87,2102.85,2123.54,2102.85,True,2026-08-08T14:02:43.728759-03:00,1.12526807985216,0.219218831138111,True,,,2071.96,2138.01,2045.34,True
17173,2026-08-07T14:02:41.928406-03:00,ATOMUSDT,COILING,4h,3,WATCH,1.355,1.397,closed,1.355,1.352,1.358,1.388,1.36,1.345,1.403,1.345,True,2026-08-08T14:02:42.221947-03:00,0.22507576560748,0.0595414028644764,False,,,1.515,1.573,1.345,True
17191,2026-08-07T15:02:40.16935-03:00,ALLOUSDT,HOLD,4h,7,WATCH,0.3508,0.3252,closed,0.3681,0.3562,0.3085,0.3205,0.37,0.3054,0.37,0.3054,True,2026-08-08T15:02:42.569829-03:00,5.63430331010735,-0.0291844267958149,True,,,0.2635,0.3612,0.2624,True
17208,2026-08-07T17:02:42.712627-03:00,ETHFIUSDT,HOLD,4h,10,STRONG,0.3875,0.3752,closed,0.3837,0.3815,0.3816,0.3854,0.387,0.379,0.387,0.3789,True,2026-08-08T18:02:38.49232-03:00,0.194133217432021,0.0085937284442014,False,,,0.4451,0.4589,0.3674,True
17209,2026-08-07T17:02:42.712627-03:00,RUNEUSDT,HOLD,4h,9,WATCH,0.454,0.45,closed,0.453,0.452,0.45,0.443,0.454,0.45,0.454,0.443,True,2026-08-08T18:02:34.316358-03:00,0.0864150679402822,-0.0575529632016214,True,,,0.42,0.453,0.413,True
17210,2026-08-07T17:02:42.712627-03:00,TRUMPUSDT,PREBREAK,1h,6,WATCH,1.494,1.51,closed,1.49,1.49,1.475,1.496,1.494,1.475,1.506,1.468,True,2026-08-08T18:02:35.626795-03:00,0.380754694882464,-0.0332375862769515,False,,,1.452,1.54,1.365,True
17207,2026-08-07T17:02:42.712627-03:00,TWTUSDT,HOLD,4h,12,WATCH,0.3965,0.3819,closed,0.3952,0.3954,0.3942,0.4014,0.3968,0.3904,0.4057,0.3904,True,2026-08-08T18:02:37.080915-03:00,0.225858297127513,0.180824169651376,False,,,0.4031,0.4171,0.3753,True
17216,2026-08-07T18:02:38.68216-03:00,ZECUSDT,COILING,4h,5,STRONG,514.03,525.9,closed,510.83,509.43,507.27,510.52,513.27,506.07,513.27,497.65,True,2026-08-08T18:02:39.933724-03:00,0.228454747322277,0.0421930601052463,False,,,490.83,529.0,465.97,True
17238,2026-08-07T21:02:52.852114-03:00,BROCCOLI714USDT,HOLD,4h,11,BEST,0.01584,0.015,closed,0.01602,0.01548,0.0153,0.01763,0.01604,0.01505,0.01785,0.0149,True,2026-08-08T22:02:41.271177-03:00,0.323375300842714,0.0127646657098983,False,,,0.01589,0.02179,0.0149,True
17237,2026-08-07T21:02:52.852114-03:00,TUTUSDT,HOLD,4h,11,BEST,0.03898,0.0366,closed,0.03867,0.03833,0.04168,0.10837,0.04412,0.0357,0.11537,0.0357,True,2026-08-08T22:02:39.776932-03:00,0.328918525130741,0.0955648766525672,True,,,0.03071,0.30563,0.02855,True
17248,2026-08-07T22:02:43.29586-03:00,MMTUSDT,BREAKOUT,4h,13,WATCH,0.1902,0.1871,closed,0.1892,0.1958,0.2076,0.2032,0.21,0.1869,0.2483,0.1869,True,2026-08-08T23:02:37.525523-03:00,1.96226109874049,-0.0106675083083978,True,,,0.1768,0.2483,0.1637,True
17276,2026-08-08T01:02:36.04059-03:00,TUTUSDT,BREAKOUT,4h,11,BEST,0.04283,0.04048,closed,0.04219,0.0442,0.04939,0.14171,0.04966,0.0416,0.15397,0.0416,True,2026-08-09T01:02:36.452488-03:00,0.429365724725679,0.0920914143464477,True,,,0.03275,0.30563,0.02855,True
17277,2026-08-08T01:02:36.04059-03:00,MMTUSDT,HOLD,4h,10,WATCH,0.2088,0.1871,closed,0.2057,0.2076,0.2246,0.2212,0.2483,0.199,0.2483,0.1905,True,2026-08-09T01:02:38.559429-03:00,1.15482039395023,-0.0143316514589598,True,,,0.1734,0.2483,0.1637,True
17299,2026-08-08T03:02:35.901112-03:00,MMTUSDT,BREAKOUT,4h,10,WATCH,0.2088,0.1871,closed,0.2272,0.2332,0.2282,0.2285,0.2483,0.2098,0.2483,0.1905,True,2026-08-09T03:02:39.409448-03:00,1.15482039395023,-0.0143316514589598,True,,,0.1737,0.243,0.1637,True
17300,2026-08-08T03:02:35.901112-03:00,TIAUSDT,PREBREAK,1h,3,STRONG,0.3289,0.3309,closed,0.3279,0.3301,0.3291,0.3267,0.331,0.3277,0.332,0.3259,True,2026-08-09T03:02:41.561681-03:00,-0.0369318332600245,-0.18402580103218,False,,,0.3092,0.3326,0.2971,True
17320,2026-08-08T05:02:39.445156-03:00,ORDIUSDT,COILING,4h,6,STRONG,3.46,3.474,closed,3.488,3.515,3.524,3.407,3.568,3.46,3.568,3.377,True,2026-08-09T05:02:42.939189-03:00,0.0762072217064025,0.0252609556814273,False,,,3.403,3.627,3.356,True
17321,2026-08-08T05:02:39.445156-03:00,PENGUUSDT,COILING,4h,5,STRONG,0.006197,0.006375,closed,0.006202,0.006194,0.006233,0.00633,0.006243,0.006167,0.006418,0.006167,True,2026-08-09T06:02:39.086555-03:00,3.4668434424351,0.0876402275126569,False,,,0.006027,0.006918,0.006008,True
17319,2026-08-08T05:02:39.445156-03:00,CRVUSDT,BREAKOUT,4h,11,WATCH,0.2251,0.2216,closed,0.2247,0.2237,0.2247,0.2273,0.2268,0.2229,0.2307,0.2229,True,2026-08-09T05:02:41.290443-03:00,0.0790408439638959,0.0765044469245118,True,,,0.241,0.2864,0.2229,True
17318,2026-08-08T05:02:39.445156-03:00,MUBARAKUSDT,BREAKOUT,4h,14,BEST,0.01453,0.01422,closed,0.01429,0.01441,0.01468,0.01776,0.01476,0.01412,0.02,0.01412,True,2026-08-09T05:02:39.730017-03:00,0.515544211924193,0.0560708711049857,True,,,0.01678,0.02998,0.01412,True
17337,2026-08-08T06:02:37.870083-03:00,TUTUSDT,HOLD,4h,11,BEST,0.04947,0.04048,closed,0.05289,0.05249,0.06326,0.17681,0.067,0.05113,0.30563,0.05113,True,2026-08-09T06:02:40.594059-03:00,0.458030821354918,0.0957280038005418,True,,,0.0345,0.30563,0.02855,True
17346,2026-08-08T07:02:36.253023-03:00,ALICEUSDT,PREBREAK,1h,10,STRONG,0.1205,0.1213,closed,0.1206,0.1205,0.1209,0.1204,0.1215,0.1197,0.1237,0.1193,True,2026-08-09T07:02:36.512206-03:00,0.037270066566685,-0.00995773317718053,False,,,0.1259,0.1816,0.1132,True
17358,2026-08-08T08:02:37.04155-03:00,0GUSDT,HOLD,4h,10,STRONG,0.155,0.147,closed,0.156,0.158,0.151,0.15,0.161,0.15,0.161,0.148,True,2026-08-09T08:02:38.677555-03:00,0.264157618783359,0.00139136604704254,True,,,0.168,0.17,0.147,True
17359,2026-08-08T08:02:37.04155-03:00,AVAXUSDT,PREBREAK,1h,4,WATCH,6.527,6.595,closed,6.56,6.553,6.56,6.476,6.58,6.516,6.58,6.433,True,2026-08-09T09:02:35.359248-03:00,0.0231261164726504,-0.0210157293180885,False,,,6.573,6.877,6.11,True
17370,2026-08-08T09:02:41.327085-03:00,ICPUSDT,PREBREAK,1h,7,WATCH,2.104,2.118,closed,2.102,2.108,2.143,2.178,2.148,2.101,2.257,2.101,True,2026-08-09T10:02:33.698457-03:00,0.232621973794901,0.0540012056454941,False,,,2.262,2.397,2.103,True
17369,2026-08-08T09:02:41.327085-03:00,MMTUSDT,HOLD,4h,9,WATCH,0.2307,0.21,closed,0.2322,0.2307,0.2106,0.2176,0.2359,0.2057,0.2399,0.1905,True,2026-08-09T10:02:32.365103-03:00,1.00121299287399,-0.00332720382665829,True,,,0.1756,0.243,0.1637,True
17383,2026-08-08T10:02:36.633355-03:00,LDOUSDT,PREBREAK,1h,5,STRONG,0.2928,0.2929,closed,0.2926,0.2926,0.2928,0.288,0.2943,0.2911,0.2943,0.2858,True,2026-08-09T11:02:36.285002-03:00,0.030505251432763,0.0622384596373421,False,,,0.2998,0.3083,0.2794,True
17382,2026-08-08T10:02:36.633355-03:00,ICPUSDT,COILING,4h,6,WATCH,2.104,2.118,closed,2.107,2.104,2.186,2.186,2.186,2.103,2.257,2.103,True,2026-08-09T11:02:34.544192-03:00,0.232621973794901,0.0540012056454941,False,,,2.259,2.397,2.104,True
17413,2026-08-08T12:02:41.189347-03:00,ARBUSDT,PREBREAK,1h,4,WATCH,0.0797,0.0799,closed,0.0799,0.0799,0.079,0.0781,0.08,0.079,0.08,0.0769,True,2026-08-09T12:02:42.638753-03:00,0.0239443703125399,0.0335742521409956,False,,,0.0741,0.0815,0.0729,True
17412,2026-08-08T12:02:41.189347-03:00,PEPEUSDT,PREBREAK,1h,7,STRONG,2.88e-06,2.88e-06,closed,2.88e-06,2.88e-06,2.86e-06,2.88e-06,2.9e-06,2.86e-06,2.9e-06,2.84e-06,True,2026-08-09T13:02:46.277357-03:00,0.0708986799848089,0.0371804424547325,False,,,2.66e-06,2.96e-06,2.61e-06,True
17414,2026-08-08T12:02:41.189347-03:00,VIRTUALUSDT,PREBREAK,1h,2,STRONG,0.5736,0.5755,closed,0.5737,0.5733,0.5698,0.5653,0.5752,0.5698,0.5752,0.5605,True,2026-08-09T12:02:41.289531-03:00,-0.306200601478666,-0.116989005148485,False,,,0.5622,0.6155,0.515,True
17428,2026-08-08T13:02:45.243558-03:00,NEIROUSDT,BREAKOUT,4h,15,BEST,6.602e-05,6.514e-05,closed,6.584e-05,6.556e-05,6.548e-05,7.136e-05,6.664e-05,6.488e-05,7.159e-05,6.454e-05,True,2026-08-09T13:02:54.441758-03:00,0.207254831570756,0.0518380712734022,True,,,6.616e-05,7.93e-05,6.361e-05,True
17431,2026-08-08T13:02:45.243558-03:00,BROCCOLI714USDT,BREAKOUT,4h,11,BEST,0.01672,0.01615,closed,0.01665,0.01649,0.01657,0.02036,0.01687,0.0161,0.02179,0.0161,True,2026-08-09T13:02:49.663122-03:00,0.347319513241526,0.0383018929313104,True,,,0.01579,0.02179,0.01516,True
17430,2026-08-08T13:02:45.243558-03:00,SOLUSDT,HOLD,4h,11,WATCH,76.4,75.14,closed,76.39,76.4,76.19,77.37,76.5,75.97,77.5,75.73,True,2026-08-09T13:02:47.996892-03:00,0.634174684086875,0.0462394499698464,True,,,75.5,77.84,74.63,True
17432,2026-08-08T13:02:45.243558-03:00,ORDIUSDT,COILING,4h,5,STRONG,3.469,3.477,closed,3.461,3.459,3.458,3.466,3.482,3.433,3.524,3.377,True,2026-08-09T13:02:51.287467-03:00,0.11328593474224,0.0259877012899751,True,,,3.444,3.627,3.356,True
17429,2026-08-08T13:02:45.243558-03:00,MUBARAKUSDT,BREAKOUT,4h,13,BEST,0.01541,0.015,closed,0.01537,0.0154,0.01506,0.0217,0.01566,0.01475,0.02259,0.01475,True,2026-08-09T13:02:52.760072-03:00,0.72518316355552,0.0800343391635652,True,,,0.01607,0.02998,0.01475,True
17445,2026-08-08T14:02:39.534174-03:00,JUPUSDT,PREBREAK,1h,4,STRONG,0.1846,0.1854,closed,0.1847,0.1852,0.1848,0.1867,0.1853,0.1841,0.1887,0.1832,True,2026-08-09T14:02:41.360517-03:00,-0.0030243971586509,0.0259658793831785,False,,,0.1682,0.1887,0.1647,True
17444,2026-08-08T14:02:39.534174-03:00,CHZUSDT,BREAKOUT,4h,12,BEST,0.01336,0.01319,closed,0.01359,0.01377,0.01352,0.01336,0.0141,0.01351,0.0141,0.01322,True,2026-08-09T14:02:45.749366-03:00,0.164371801828389,0.0723120289929453,True,,,0.01256,0.0141,0.01208,True
17446,2026-08-08T14:02:39.534174-03:00,PENGUUSDT,COILING,4h,4,STRONG,0.006286,0.006375,closed,0.006292,0.006299,0.006408,0.00684,0.006418,0.00628,0.006866,0.006241,True,2026-08-09T14:02:44.245938-03:00,5.90784815608325,0.0902103485583764,False,,,0.006029,0.006918,0.006,True
17447,2026-08-08T14:02:39.534174-03:00,KATUSDT,COILING,4h,4,STRONG,0.00462,0.00486,closed,0.00462,0.00461,0.00461,0.00465,0.00463,0.0046,0.00468,0.00457,True,2026-08-09T14:02:42.692927-03:00,0.210045802765631,0.208026745589799,False,,,0.00438,0.00483,0.00419,True
17466,2026-08-08T15:02:40.41733-03:00,TUTUSDT,HOLD,4h,11,BEST,0.07133,0.0495,closed,0.07666,0.0798,0.09303,0.16913,0.10692,0.07261,0.30563,0.07261,True,2026-08-09T16:02:43.03387-03:00,0.585290235235869,0.0668803220453803,True,,,0.03473,0.30563,0.02855,True
17465,2026-08-08T15:02:40.41733-03:00,DUSKUSDT,HOLD,4h,13,BEST,0.0683,0.0642,closed,0.0682,0.067,0.0657,0.0658,0.0688,0.0654,0.0688,0.0641,True,2026-08-09T16:02:44.56253-03:00,8.92771265005554,0.03819567690169,True,,,0.0654,0.0679,0.0599,True
17477,2026-08-08T16:02:38.100853-03:00,SEIUSDT,PREBREAK,1h,3,WATCH,0.04162,0.04199,closed,0.04161,0.04157,0.04145,0.04175,0.04171,0.04141,0.04203,0.0414,True,2026-08-09T16:02:45.969181-03:00,0.0111349838685294,0.00502782599207761,True,,,0.04003,0.04223,0.03946,True
17489,2026-08-08T17:02:36.533425-03:00,BROCCOLI714USDT,HOLD,4h,11,BEST,0.01672,0.01615,closed,0.01661,0.01685,0.01763,0.0204,0.01785,0.0164,0.02179,0.0164,True,2026-08-09T17:02:50.404651-03:00,0.352413117346127,0.0260986121294837,True,,,0.0158,0.02179,0.01516,True
17491,2026-08-08T17:02:36.533425-03:00,FFUSDT,COILING,4h,5,STRONG,0.06485,0.06606,closed,0.06495,0.06503,0.06481,0.06316,0.06509,0.06472,0.06956,0.06268,True,2026-08-09T17:02:47.499034-03:00,0.035014508179964,0.0437504673782868,False,,,0.06591,0.06956,0.06232,True
17490,2026-08-08T17:02:36.533425-03:00,BABYUSDT,HOLD,4h,8,STRONG,0.01266,0.01209,closed,0.01259,0.01256,0.0125,0.01335,0.0127,0.01229,0.01346,0.0122,True,2026-08-09T17:02:48.820968-03:00,1.84013712739951,-0.0597202130017611,True,,,0.00989,0.0135,0.00975,True
17509,2026-08-08T19:02:32.415802-03:00,PENGUUSDT,COILING,4h,7,STRONG,0.006335,0.006375,closed,0.00633,0.006297,0.006301,0.00664,0.006357,0.006259,0.006918,0.006241,True,2026-08-09T19:02:39.588957-03:00,2.17236901827015,0.11847055194945,True,,,0.006033,0.006918,0.006,True
17536,2026-08-08T21:02:33.299593-03:00,FORMUSDT,HOLD,4h,9,STRONG,0.2289,0.2222,closed,0.2286,0.2265,0.2377,0.236,0.2457,0.2244,0.259,0.2244,True,2026-08-09T21:02:38.325423-03:00,5.60380386495177,-0.0355005617097838,False,,,0.2054,0.259,0.2032,True
17534,2026-08-08T21:02:33.299593-03:00,CAKEUSDT,HOLD,4h,12,WATCH,1.438,1.425,closed,1.443,1.445,1.436,1.444,1.448,1.434,1.463,1.428,True,2026-08-09T21:02:41.902867-03:00,1.31129534728203,0.124891067396079,True,,,1.431,1.475,1.405,True
17533,2026-08-08T21:02:33.299593-03:00,TAOUSDT,BREAKOUT,4h,13,WATCH,203.7,198.3,closed,206.5,209.2,207.8,201.8,210.0,203.3,210.8,200.2,True,2026-08-09T21:02:43.690898-03:00,2.20128786670908,-0.00415599948401099,True,,,196.7,210.8,193.7,True
17535,2026-08-08T21:02:33.299593-03:00,COOKIEUSDT,BREAKOUT,4h,11,BEST,0.013,0.0122,closed,0.0129,0.0128,0.012,0.0153,0.0138,0.0115,0.0168,0.0114,True,2026-08-09T21:02:40.225627-03:00,0.496636874212388,-0.00430941652112667,True,,,0.0114,0.0168,0.0109,True
17553,2026-08-08T22:02:38.926476-03:00,PLUMEUSDT,PREBREAK,1h,9,STRONG,0.012,0.01211,closed,0.01195,0.01207,0.01196,0.01199,0.01227,0.01181,0.01229,0.01181,True,2026-08-09T22:02:40.107382-03:00,0.0600908387605088,0.00372253413946532,False,,,0.01297,0.01435,0.01129,True
17552,2026-08-08T22:02:38.926476-03:00,ZROUSDT,PREBREAK,1h,10,STRONG,0.842,0.843,closed,0.845,0.849,0.846,0.843,0.854,0.841,0.871,0.837,True,2026-08-09T23:02:36.77121-03:00,0.0877267518202713,-0.0249810807453109,False,,,0.771,0.888,0.769,True
17570,2026-08-08T23:02:36.750836-03:00,IOTXUSDT,BREAKOUT,4h,14,BEST,0.00267,0.00249,closed,0.00385,0.00382,0.00364,0.00284,0.00401,0.00308,0.00401,0.00278,True,2026-08-09T23:02:38.237871-03:00,1.20390944298826,0.0680897925568019,True,,,0.00258,0.00396,0.00242,True
17571,2026-08-08T23:02:36.750836-03:00,SAGAUSDT,BREAKOUT,4h,10,STRONG,0.01657,0.01537,closed,0.01667,0.0174,0.01764,0.0148,0.02209,0.01658,0.02209,0.01448,True,2026-08-09T23:02:39.732227-03:00,0.401656341467866,-0.0835788557754258,True,,,0.01295,0.02209,0.0124,True
17586,2026-08-09T00:02:42.892565-03:00,TUTUSDT,HOLD,4h,11,BEST,0.10904,0.07218,closed,0.13986,0.14061,0.20605,0.20336,0.21326,0.12983,0.30563,0.09128,True,2026-08-10T01:02:47.392255-03:00,0.627328481421686,0.0549557367744687,True,,,0.03282,0.30563,0.02855,True
17585,2026-08-09T00:02:42.892565-03:00,IOTXUSDT,HOLD,4h,12,BEST,0.00267,0.00241,closed,0.00363,0.00336,0.00334,0.00284,0.00384,0.00308,0.00384,0.00278,True,2026-08-10T01:02:41.918433-03:00,1.20390944298826,0.0680897925568019,True,,,0.00264,0.00378,0.00242,True
17588,2026-08-09T00:02:42.892565-03:00,JSTUSDT,PREBREAK,1h,4,WATCH,0.10221,0.10303,closed,0.10186,0.10234,0.10368,0.10059,0.10425,0.10151,0.10515,0.10033,True,2026-08-10T01:02:43.931004-03:00,-0.578564930539802,-0.123609785334556,False,,,0.10729,0.10775,0.09692,True
17587,2026-08-09T00:02:42.892565-03:00,WLFIUSDT,PREBREAK,1h,7,WATCH,0.0515,0.0517,closed,0.0512,0.0511,0.0518,0.0528,0.0519,0.051,0.0536,0.051,True,2026-08-10T01:02:45.77461-03:00,-1.17411989440886,-0.109205466553918,False,,,0.058,0.0598,0.0511,True
17597,2026-08-09T01:02:35.714174-03:00,SAGAUSDT,HOLD,4h,9,STRONG,0.018,0.01547,closed,0.01908,0.0213,0.01674,0.01483,0.02209,0.01611,0.02209,0.01448,True,2026-08-10T01:02:49.384128-03:00,0.868184468463787,-0.0750576186727516,True,,,0.01302,0.02209,0.0124,True
17595,2026-08-09T01:02:35.714174-03:00,PYTHUSDT,BREAKOUT,4h,11,BEST,0.04209,0.04002,closed,0.04214,0.04162,0.04228,0.04219,0.043,0.04147,0.043,0.04133,True,2026-08-10T01:02:53.00028-03:00,2.40998786209052,-0.00397771158164524,True,,,0.03944,0.04369,0.03868,True
17598,2026-08-09T01:02:35.714174-03:00,BIOUSDT,PREBREAK,1h,8,STRONG,0.02515,0.02525,closed,0.02538,0.02568,0.02591,0.0256,0.02656,0.02512,0.02656,0.02512,True,2026-08-10T01:02:56.424973-03:00,0.0256320084625793,-0.0398195091194947,False,,,0.02448,0.02799,0.0236,True
17594,2026-08-09T01:02:35.714174-03:00,JTOUSDT,HOLD,4h,11,BEST,0.5126,0.5061,closed,0.5134,0.5128,0.5166,0.5355,0.5175,0.5098,0.5363,0.5035,True,2026-08-10T01:02:51.149336-03:00,0.144581628521319,0.080577369629472,False,,,0.5878,0.6027,0.5035,True
17596,2026-08-09T01:02:35.714174-03:00,SOLUSDT,HOLD,4h,9,WATCH,75.99,75.71,closed,76.06,76.01,76.4,76.64,76.5,75.88,77.84,75.88,True,2026-08-10T01:02:54.659807-03:00,0.122410914332166,0.0535401457269512,False,,,75.45,77.84,74.63,True
17612,2026-08-09T02:02:44.5547-03:00,DYMUSDT,BREAKOUT,4h,13,BEST,0.0155,0.01489,closed,0.0158,0.01588,0.01537,0.01531,0.01616,0.01495,0.01831,0.01495,True,2026-08-10T02:02:48.466109-03:00,1.85632142566217,0.0133275238413518,True,,,0.01476,0.01831,0.01393,True
17615,2026-08-09T02:02:44.5547-03:00,WLDUSDT,PREBREAK,1h,4,STRONG,0.3076,0.3097,closed,0.3068,0.3076,0.3075,0.3275,0.3113,0.3058,0.33,0.3058,True,2026-08-10T02:02:45.338556-03:00,-0.0354421165980353,-0.00523935093221909,False,,,0.3479,0.3547,0.3059,True
17614,2026-08-09T02:02:44.5547-03:00,IOTAUSDT,COILING,4h,6,WATCH,0.0351,0.0368,closed,0.0351,0.0353,0.0358,0.0349,0.0361,0.035,0.0363,0.0348,True,2026-08-10T03:02:43.479896-03:00,0.18354372678102,0.125088856757379,False,,,0.0318,0.0363,0.0318,True
17611,2026-08-09T02:02:44.5547-03:00,BMTUSDT,BREAKOUT,4h,13,WATCH,0.01403,0.01339,closed,0.01467,0.0153,0.01988,0.03633,0.02232,0.01441,0.04361,0.01441,True,2026-08-10T02:02:46.76303-03:00,0.204486003871277,0.144789178619593,True,,,0.01468,0.04361,0.01449,True
17613,2026-08-09T02:02:44.5547-03:00,PYTHUSDT,HOLD,4h,10,STRONG,0.04209,0.04002,closed,0.04153,0.04219,0.0418,0.04234,0.043,0.04147,0.043,0.04133,True,2026-08-10T03:02:41.177932-03:00,2.40998786209052,-0.00397771158164524,True,,,0.03921,0.04369,0.03868,True
17628,2026-08-09T03:02:38.659114-03:00,CRVUSDT,PREBREAK,1h,11,WATCH,0.2277,0.23,closed,0.2272,0.2274,0.2274,0.2402,0.228,0.2261,0.2462,0.2261,True,2026-08-10T03:02:45.088899-03:00,0.105148216426972,0.0341128017959187,True,,,0.2401,0.2864,0.2261,True
17630,2026-08-09T03:02:38.659114-03:00,ORDIUSDT,COILING,4h,4,STRONG,3.498,3.568,closed,3.429,3.389,3.434,3.538,3.448,3.377,3.627,3.377,True,2026-08-10T03:02:48.829116-03:00,0.145899534146333,0.0348163381285268,False,,,3.408,3.627,3.356,True
17629,2026-08-09T03:02:38.659114-03:00,HBARUSDT,PREBREAK,1h,7,WATCH,0.06926,0.06998,closed,0.06939,0.06964,0.069,0.06876,0.06973,0.06897,0.06973,0.06842,True,2026-08-10T03:02:47.141029-03:00,1.53680209863848,0.0470064148852717,False,,,0.06512,0.06973,0.06482,True
17644,2026-08-09T04:02:39.195485-03:00,LISTAUSDT,HOLD,4h,13,BEST,0.0617,0.057,closed,0.0625,0.0636,0.0614,0.066,0.0665,0.059,0.0722,0.059,True,2026-08-10T04:02:41.302577-03:00,0.147796172560738,0.0793809915751041,True,,,0.0561,0.0722,0.0542,True
17658,2026-08-09T05:02:37.573907-03:00,FFUSDT,PREBREAK,1h,12,BEST,0.06498,0.06535,closed,0.06517,0.06526,0.06323,0.0639,0.0658,0.06296,0.0658,0.06241,True,2026-08-10T05:02:45.797599-03:00,0.119960953616834,0.0300354348702731,False,,,0.06559,0.06917,0.06232,True
17659,2026-08-09T05:02:37.573907-03:00,CAKEUSDT,PREBREAK,1h,12,WATCH,1.436,1.452,closed,1.439,1.444,1.445,1.448,1.449,1.438,1.463,1.438,True,2026-08-10T05:02:47.271244-03:00,3.99981303347876,0.0961746258877295,False,,,1.434,1.475,1.405,True
17656,2026-08-09T05:02:37.573907-03:00,IOTAUSDT,HOLD,4h,13,WATCH,0.0358,0.0346,closed,0.0355,0.0358,0.0353,0.0348,0.0359,0.035,0.0363,0.0347,True,2026-08-10T05:02:49.927874-03:00,0.180333620137408,0.118854615260251,False,,,0.0319,0.0363,0.0317,True
17657,2026-08-09T05:02:37.573907-03:00,BANANAS31USDT,BREAKOUT,4h,13,BEST,0.007999,0.00782,closed,0.007964,0.007985,0.008415,0.00844,0.00846,0.007846,0.011009,0.007846,True,2026-08-10T05:02:48.639642-03:00,3.77972900009477,0.00983194351044415,True,,,0.008611,0.011598,0.007949,True
17655,2026-08-09T05:02:37.573907-03:00,BABYUSDT,BREAKOUT,4h,15,BEST,0.01306,0.01295,closed,0.01301,0.01292,0.01262,0.01283,0.01323,0.0122,0.01346,0.0122,True,2026-08-10T05:02:51.100691-03:00,1.07871428941044,-0.0729325962018638,True,,,0.00966,0.0135,0.00951,True
17671,2026-08-09T06:02:38.179184-03:00,BMTUSDT,HOLD,4h,11,WATCH,0.01994,0.01339,closed,0.02399,0.02505,0.02385,0.03196,0.0274,0.01967,0.04361,0.01967,True,2026-08-10T06:02:41.352779-03:00,0.738825389956348,0.021297061610975,True,,,0.01503,0.04361,0.01449,True
17672,2026-08-09T06:02:38.179184-03:00,PARTIUSDT,BREAKOUT,4h,10,STRONG,0.0257,0.0245,closed,0.026,0.0258,0.0265,0.0258,0.0274,0.0256,0.0279,0.0255,True,2026-08-10T07:02:37.749332-03:00,5.94092999489214,-0.0231064793904216,True,,,0.0231,0.0279,0.0217,True
17673,2026-08-09T06:02:38.179184-03:00,BABYUSDT,HOLD,4h,9,STRONG,0.01306,0.01209,closed,0.01256,0.01246,0.01295,0.0128,0.01299,0.0122,0.01346,0.0122,True,2026-08-10T07:02:39.183971-03:00,1.07871428941044,-0.0729325962018638,True,,,0.00975,0.0135,0.00951,True
17674,2026-08-09T06:02:38.179184-03:00,HBARUSDT,COILING,4h,7,WATCH,0.06949,0.06998,closed,0.06932,0.069,0.06897,0.06859,0.0696,0.06871,0.06973,0.06842,True,2026-08-10T06:02:39.771679-03:00,0.879587857946782,0.0673780889563922,False,,,0.06507,0.06973,0.06482,True
17675,2026-08-09T06:02:38.179184-03:00,CAKEUSDT,COILING,4h,7,WATCH,1.436,1.452,closed,1.444,1.442,1.447,1.451,1.45,1.438,1.463,1.438,True,2026-08-10T06:02:38.211272-03:00,3.99981303347876,0.0961746258877295,False,,,1.452,1.475,1.405,True
17692,2026-08-09T07:02:35.74726-03:00,FFUSDT,COILING,4h,5,STRONG,0.06498,0.06606,closed,0.06405,0.06346,0.06354,0.06253,0.06429,0.06268,0.06454,0.06232,True,2026-08-10T07:02:41.977424-03:00,0.119960953616834,0.0300354348702731,False,,,0.066,0.06917,0.06232,True
17691,2026-08-09T07:02:35.74726-03:00,SPKUSDT,PREBREAK,1h,6,WATCH,0.014789,0.014835,closed,0.014828,0.014832,0.014938,0.014595,0.015152,0.014726,0.015152,0.014495,True,2026-08-10T07:02:40.645254-03:00,-0.490529194176835,0.00447739098637519,False,,,0.014396,0.015152,0.013791,True
17702,2026-08-09T08:02:35.776486-03:00,ORDIUSDT,COILING,4h,2,STRONG,3.405,3.568,closed,3.407,3.435,3.447,3.516,3.451,3.402,3.627,3.402,True,2026-08-10T08:02:37.003774-03:00,0.12175488163117,0.0306321185523639,False,,,3.411,3.627,3.356,True
17715,2026-08-09T09:02:34.474019-03:00,CRVUSDT,BREAKOUT,4h,12,WATCH,0.2376,0.23,closed,0.2379,0.2379,0.2414,0.2427,0.2462,0.2348,0.2462,0.2348,True,2026-08-10T09:02:42.496312-03:00,0.23419167029931,0.0533348506026229,True,,,0.2496,0.2864,0.2348,True
17717,2026-08-09T09:02:34.474019-03:00,BROCCOLI714USDT,BREAKOUT,4h,9,STRONG,0.01976,0.01816,closed,0.01923,0.01922,0.02036,0.01927,0.02179,0.01862,0.02179,0.01816,True,2026-08-10T09:02:46.019621-03:00,0.132418923810888,-0.00796084766429356,True,,,0.01589,0.02179,0.01509,True
17718,2026-08-09T09:02:34.474019-03:00,LUNCUSDT,HOLD,4h,8,WATCH,5.046e-05,4.983e-05,closed,5.026e-05,5.04e-05,5.025e-05,5.044e-05,5.06e-05,5.008e-05,5.06e-05,4.922e-05,True,2026-08-10T09:02:40.711331-03:00,0.633842401465302,-0.0355964950741782,True,,,4.793e-05,5.424e-05,4.721e-05,True
17716,2026-08-09T09:02:34.474019-03:00,CAKEUSDT,HOLD,4h,11,WATCH,1.448,1.425,closed,1.443,1.447,1.455,1.454,1.461,1.443,1.463,1.439,True,2026-08-10T09:02:44.083938-03:00,2.69300380272156,0.100906597713231,True,,,1.466,1.475,1.405,True
17714,2026-08-09T09:02:34.474019-03:00,COOKIEUSDT,BREAKOUT,4h,15,BEST,0.014,0.0138,closed,0.0133,0.0135,0.0126,0.0129,0.0142,0.0122,0.0168,0.012,True,2026-08-10T09:02:48.291107-03:00,0.527197102616947,0.00114509480351707,True,,,0.0117,0.0168,0.0109,True
17738,2026-08-09T10:02:31.523566-03:00,WLDUSDT,COILING,4h,6,STRONG,0.3097,0.312,closed,0.3113,0.3138,0.3206,0.3405,0.3259,0.3097,0.3542,0.3097,True,2026-08-10T10:02:42.824316-03:00,0.119149289636341,0.0264867913731034,False,,,0.3449,0.3547,0.3116,True
17737,2026-08-09T10:02:31.523566-03:00,SOLUSDT,HOLD,4h,9,WATCH,76.5,75.71,closed,76.76,76.6,77.26,76.71,77.57,76.45,77.84,76.21,True,2026-08-10T10:02:41.245758-03:00,0.176475478059657,0.0764940393767899,True,,,75.31,77.84,74.63,True
17739,2026-08-09T10:02:31.523566-03:00,PROVEUSDT,COILING,4h,5,WATCH,0.1584,0.1613,closed,0.1599,0.1591,0.1617,0.1575,0.1618,0.1588,0.1624,0.1568,True,2026-08-10T10:02:39.658008-03:00,1.93934340396582,0.0950069470282674,False,,,0.1514,0.1624,0.143,True
17751,2026-08-09T11:02:33.767427-03:00,HBARUSDT,COILING,4h,4,WATCH,0.06883,0.06998,closed,0.06911,0.0691,0.06924,0.06823,0.06938,0.069,0.06973,0.0679,True,2026-08-10T11:02:47.04262-03:00,0.366055046758179,0.0547936174046364,False,,,0.06512,0.06973,0.06482,True
17750,2026-08-09T11:02:33.767427-03:00,AVAXUSDT,PREBREAK,1h,6,WATCH,6.48,6.527,closed,6.49,6.504,6.557,6.543,6.59,6.477,6.595,6.376,True,2026-08-10T11:02:45.191594-03:00,-0.0364643340307397,-0.0299451717365484,False,,,6.415,6.877,6.11,True
17764,2026-08-09T12:02:38.579963-03:00,BANANAS31USDT,BREAKOUT,4h,12,BEST,0.008445,0.00793,closed,0.008792,0.009183,0.010081,0.009135,0.010564,0.008615,0.011009,0.008344,True,2026-08-10T12:02:51.456358-03:00,2.03814278728592,0.00942328793295179,True,,,0.00878,0.011598,0.008,True
17763,2026-08-09T12:02:38.579963-03:00,LINKUSDT,PREBREAK,1h,13,WATCH,8.304,8.36,closed,8.337,8.353,8.328,8.312,8.367,8.302,8.392,8.165,True,2026-08-10T12:02:48.789453-03:00,0.645455531672448,-0.0402116134268928,False,,,9.393,9.746,8.165,True
17765,2026-08-09T12:02:38.579963-03:00,FFUSDT,COILING,4h,3,STRONG,0.06317,0.06606,closed,0.06417,0.06399,0.06337,0.06349,0.06425,0.06336,0.06425,0.06232,True,2026-08-10T12:02:50.253052-03:00,0.0829376257546037,0.048709373263574,False,,,0.06574,0.06917,0.06232,True
17776,2026-08-09T13:02:45.30132-03:00,JOEUSDT,HOLD,4h,13,BEST,0.0336,0.0269,closed,0.0324,0.0319,0.0294,0.0282,0.0358,0.0292,0.0358,0.0272,True,2026-08-10T14:02:44.103561-03:00,0.824981035835672,0.148726160378073,True,,,0.0283,0.0328,0.0263,True
17774,2026-08-09T13:02:45.30132-03:00,PARTIUSDT,HOLD,4h,13,BEST,0.0277,0.0261,closed,0.027,0.0267,0.027,0.025,0.0276,0.0262,0.0276,0.0248,True,2026-08-10T13:02:45.319903-03:00,1.55328746828378,0.025501576485526,True,,,0.0232,0.0272,0.0217,True
17780,2026-08-09T13:02:45.30132-03:00,PEOPLEUSDT,HOLD,4h,11,BEST,0.00869,0.00789,closed,0.00868,0.0088,0.00932,0.00868,0.00958,0.0085,0.00958,0.0085,True,2026-08-10T13:02:50.339031-03:00,0.26891456910322,0.0150206832909827,True,,,0.00734,0.00958,0.00731,True
17778,2026-08-09T13:02:45.30132-03:00,LTCUSDT,HOLD,4h,12,WATCH,46.45,46.22,closed,46.4,46.3,46.14,45.24,46.46,46.13,46.46,45.07,True,2026-08-10T14:02:42.411948-03:00,0.0822350305639618,0.0619327393125271,True,,,44.56,46.34,43.39,True
17775,2026-08-09T13:02:45.30132-03:00,SOLVUSDT,HOLD,4h,13,BEST,0.00264,0.00252,closed,0.00264,0.00272,0.00279,0.00249,0.00288,0.00262,0.00296,0.00244,True,2026-08-10T13:02:46.65493-03:00,0.255930033845468,0.0331717530064131,False,,,0.0023,0.00296,0.00214,True
17779,2026-08-09T13:02:45.30132-03:00,MUBARAKUSDT,BREAKOUT,4h,12,BEST,0.02193,0.02,closed,0.02245,0.02409,0.02387,0.02167,0.02581,0.02125,0.02998,0.01933,True,2026-08-10T14:02:45.489561-03:00,0.80277717951948,-0.00949693262773582,True,,,0.01672,0.02998,0.01515,True
17777,2026-08-09T13:02:45.30132-03:00,PUMPUSDT,HOLD,4h,12,BEST,0.00269,0.002453,closed,0.002667,0.002688,0.002714,0.002764,0.002742,0.002643,0.002887,0.002634,True,2026-08-10T13:02:47.831694-03:00,0.372258248130216,0.000937522663858339,True,,,0.002739,0.00299,0.002632,True
17781,2026-08-09T13:02:45.30132-03:00,BOMEUSDT,HOLD,4h,12,BEST,0.0007566,0.0006613,closed,0.0007564,0.0007617,0.0008116,0.0008079,0.0008177,0.0007425,0.0009035,0.0007425,True,2026-08-10T13:02:49.033871-03:00,0.949986662463836,0.128834335980679,True,,,0.0008337,0.0009462,0.0007301,True
17794,2026-08-09T14:02:40.471161-03:00,DOGSUSDT,COILING,4h,9,STRONG,3.737e-05,3.751e-05,closed,3.802e-05,3.814e-05,3.889e-05,3.599e-05,3.973e-05,3.768e-05,4.09e-05,3.595e-05,True,2026-08-10T14:02:49.960074-03:00,0.343584459875638,0.0556102009321557,True,,,3.445e-05,4.09e-05,3.377e-05,True
17790,2026-08-09T14:02:40.471161-03:00,BANANAS31USDT,HOLD,4h,12,BEST,0.009331,0.008,closed,0.008952,0.009549,0.010305,0.009035,0.010564,0.008818,0.011009,0.008344,True,2026-08-10T14:02:51.493184-03:00,1.3548233273087,0.0325880285499397,True,,,0.008833,0.011598,0.008,True
17793,2026-08-09T14:02:40.471161-03:00,ICPUSDT,HOLD,4h,11,WATCH,2.221,2.148,closed,2.204,2.202,2.198,2.302,2.212,2.192,2.316,2.165,True,2026-08-10T14:02:47.174914-03:00,0.554782460671521,-0.0228014681292777,False,,,2.28,2.397,2.134,True
17792,2026-08-09T14:02:40.471161-03:00,POLUSDT,HOLD,4h,12,WATCH,0.0773,0.07693,closed,0.07741,0.07741,0.07768,0.07706,0.07782,0.07732,0.07864,0.07652,True,2026-08-10T14:02:53.019175-03:00,1.17827354115216,0.0153579812567853,False,,,0.07519,0.07864,0.07244,True
17791,2026-08-09T14:02:40.471161-03:00,PYTHUSDT,HOLD,4h,12,BEST,0.04258,0.04153,closed,0.04182,0.04177,0.04184,0.04227,0.04205,0.04142,0.04313,0.04133,True,2026-08-10T14:02:48.594481-03:00,1.2895792807282,0.027067217368574,True,,,0.0395,0.04369,0.03868,True
17816,2026-08-09T15:02:34.4821-03:00,WLDUSDT,BREAKOUT,4h,8,STRONG,0.3234,0.312,closed,0.324,0.3213,0.3221,0.3403,0.3254,0.3199,0.3542,0.3116,True,2026-08-10T15:02:44.049232-03:00,0.168408339443812,0.0390024475827198,True,,,0.3621,0.3715,0.3116,True
17817,2026-08-09T15:02:34.4821-03:00,SEIUSDT,PREBREAK,1h,7,WATCH,0.04181,0.04195,closed,0.04185,0.04175,0.04204,0.04168,0.04215,0.04168,0.04223,0.04117,True,2026-08-10T15:02:42.31923-03:00,0.0819611948942691,0.114387864210264,True,,,0.03975,0.04223,0.03939,True
17813,2026-08-09T15:02:34.4821-03:00,PNUTUSDT,BREAKOUT,4h,12,WATCH,0.0413,0.0405,closed,0.0427,0.0428,0.0435,0.0418,0.0439,0.0424,0.0461,0.0413,True,2026-08-10T15:02:45.598431-03:00,0.390441894052758,0.00439770587002878,True,,,0.0407,0.0461,0.0393,True
17814,2026-08-09T15:02:34.4821-03:00,PEOPLEUSDT,BREAKOUT,4h,11,BEST,0.00869,0.00789,closed,0.0095,0.00947,0.00934,0.00868,0.00958,0.00906,0.00958,0.00853,True,2026-08-10T15:02:47.027607-03:00,0.26891456910322,0.0150206832909827,True,,,0.00739,0.00949,0.0073,True
17815,2026-08-09T15:02:34.4821-03:00,ZENUSDT,HOLD,4h,8,WATCH,4.286,4.211,closed,4.269,4.268,4.32,4.279,4.328,4.263,4.349,4.16,True,2026-08-10T15:02:40.901985-03:00,0.306965787792332,-0.0799445370400665,True,,,4.002,4.353,3.952,True
17832,2026-08-09T16:02:41.871925-03:00,MUBARAKUSDT,HOLD,4h,11,BEST,0.02193,0.01649,closed,0.02337,0.02387,0.02612,0.02311,0.02709,0.02225,0.02998,0.01933,True,2026-08-10T17:02:42.450338-03:00,0.80277717951948,-0.00949693262773582,True,,,0.01664,0.02998,0.01515,True
17852,2026-08-09T17:02:46.091858-03:00,PNUTUSDT,HOLD,4h,13,WATCH,0.0435,0.0405,closed,0.0432,0.0437,0.0431,0.0418,0.0461,0.0426,0.0461,0.0413,True,2026-08-10T18:02:38.108209-03:00,0.532826004844927,0.105025004326296,True,,,0.0405,0.0461,0.0393,True
17855,2026-08-09T17:02:46.091858-03:00,JTOUSDT,HOLD,4h,12,BEST,0.5292,0.5175,closed,0.5291,0.5284,0.5216,0.5474,0.531,0.5174,0.5787,0.5174,True,2026-08-10T17:02:47.158692-03:00,0.289078756693186,0.056793895042467,True,,,0.5903,0.6027,0.5174,True
17853,2026-08-09T17:02:46.091858-03:00,NEIROUSDT,HOLD,4h,12,BEST,7.727e-05,6.7e-05,closed,7.615e-05,7.718e-05,7.647e-05,7.247e-05,7.804e-05,7.563e-05,7.93e-05,7.158e-05,True,2026-08-10T17:02:49.80994-03:00,1.42260167136335,0.0502495036642582,True,,,6.412e-05,7.93e-05,6.361e-05,True
17856,2026-08-09T17:02:46.091858-03:00,DOGSUSDT,BREAKOUT,4h,12,BEST,3.952e-05,3.751e-05,closed,3.901e-05,3.889e-05,3.814e-05,3.603e-05,3.951e-05,3.789e-05,4.09e-05,3.595e-05,True,2026-08-10T18:02:36.38366-03:00,0.439763047803443,0.0513225147047201,True,,,3.43e-05,4.09e-05,3.377e-05,True
17854,2026-08-09T17:02:46.091858-03:00,ADXUSDT,HOLD,4h,12,BEST,0.0664,0.0638,closed,0.0663,0.0668,0.0663,0.0633,0.067,0.0657,0.0683,0.0631,True,2026-08-10T17:02:48.550817-03:00,0.554245597532627,0.116860150738586,True,,,0.0628,0.0683,0.0586,True
17875,2026-08-09T18:02:35.797265-03:00,SCRUSDT,HOLD,4h,10,STRONG,0.02219,0.02106,closed,0.02278,0.02279,0.02202,0.02223,0.02318,0.02183,0.02318,0.02114,True,2026-08-10T18:02:42.059412-03:00,16.9897217083481,0.0156930769867629,True,,,0.02018,0.02318,0.01891,True
17876,2026-08-09T18:02:35.797265-03:00,SEIUSDT,COILING,4h,5,WATCH,0.04175,0.04199,closed,0.04193,0.04204,0.04142,0.04158,0.04223,0.04117,0.04223,0.04117,True,2026-08-10T18:02:39.699536-03:00,0.029287519029002,0.0738444471506421,True,,,0.03935,0.04223,0.03916,True
17895,2026-08-09T19:02:38.644572-03:00,MEMEUSDT,BREAKOUT,4h,11,WATCH,0.000542,0.000518,closed,0.000548,0.000547,0.000537,0.000513,0.000555,0.000536,0.000555,0.000512,True,2026-08-10T19:02:43.395731-03:00,0.505323130935778,0.010295353160648,True,,,0.000464,0.000555,0.000457,True
17896,2026-08-09T19:02:38.644572-03:00,AIXBTUSDT,HOLD,4h,10,STRONG,0.01971,0.01856,closed,0.02013,0.02005,0.01992,0.01854,0.0206,0.01984,0.0206,0.01849,True,2026-08-10T19:02:41.757045-03:00,0.429353841547386,0.0232623333588208,True,,,0.01741,0.0206,0.01721,True
17894,2026-08-09T19:02:38.644572-03:00,SCRUSDT,BREAKOUT,4h,11,BEST,0.02219,0.02166,closed,0.02285,0.02278,0.02171,0.02221,0.02318,0.02168,0.02318,0.02114,True,2026-08-10T19:02:40.220756-03:00,16.9897217083481,0.0156930769867629,True,,,0.02017,0.02287,0.01891,True
17913,2026-08-09T20:02:33.851087-03:00,ETHUSDT,PREBREAK,1h,14,WATCH,1919.55,1927.36,closed,1918.18,1911.15,1923.43,1874.26,1931.57,1906.17,1931.57,1867.96,True,2026-08-10T20:02:49.212181-03:00,0.226089811786677,-0.0193192160484341,False,,,1876.0,1931.57,1853.62,True
17914,2026-08-09T20:02:33.851087-03:00,CGPTUSDT,HOLD,4h,12,WATCH,0.0224,0.0203,closed,0.02331,0.02358,0.02152,0.0205,0.02445,0.02142,0.02445,0.0205,True,2026-08-10T20:02:50.612319-03:00,0.674722930297895,0.102274586564298,True,,,0.01979,0.02445,0.01927,True
17915,2026-08-09T20:02:33.851087-03:00,MEMEUSDT,HOLD,4h,10,WATCH,0.000542,0.000518,closed,0.000544,0.000541,0.000531,0.000514,0.000555,0.00053,0.000555,0.000509,True,2026-08-10T20:02:46.58969-03:00,0.505323130935778,0.010295353160648,True,,,0.000463,0.000555,0.000457,True
17916,2026-08-09T20:02:33.851087-03:00,DOGEUSDT,PREBREAK,1h,6,WATCH,0.07005,0.07081,closed,0.06977,0.0692,0.06997,0.06979,0.07024,0.06906,0.07024,0.06906,True,2026-08-10T20:02:47.905329-03:00,0.0155973714992214,-0.010371596856445,False,,,0.0696,0.07315,0.06889,True
17925,2026-08-09T21:02:37.524815-03:00,XLMUSDT,PREBREAK,1h,6,WATCH,0.1627,0.1642,closed,0.1641,0.1635,0.1627,0.1614,0.165,0.1622,0.166,0.161,True,2026-08-10T22:02:33.318083-03:00,-0.176033947534968,0.0236093627163583,False,,,0.1565,0.166,0.1557,True
17940,2026-08-09T22:02:37.646021-03:00,MEGAUSDT,PREBREAK,1h,5,STRONG,0.03675,0.03699,closed,0.03692,0.03653,0.03625,0.0362,0.03703,0.03608,0.03744,0.03608,True,2026-08-10T23:02:39.076631-03:00,0.010388115032309,-0.0358190479835792,False,,,0.03126,0.03744,0.03013,True
17939,2026-08-09T22:02:37.646021-03:00,FLOKIUSDT,COILING,4h,6,WATCH,2.13e-05,2.152e-05,closed,2.162e-05,2.152e-05,2.14e-05,2.088e-05,2.169e-05,2.138e-05,2.169e-05,2.084e-05,True,2026-08-10T23:02:40.336465-03:00,0.160664127966523,0.0752730758452134,False,,,2.022e-05,2.164e-05,2e-05,True
17951,2026-08-09T23:02:35.965626-03:00,BANANAS31USDT,HOLD,4h,11,BEST,0.010528,0.009331,closed,0.009277,0.008868,0.008787,0.009045,0.009587,0.008719,0.009587,0.008344,True,2026-08-10T23:02:41.761775-03:00,1.14076949287368,0.0631269429220534,True,,,0.008831,0.011598,0.008,True
17952,2026-08-09T23:02:35.965626-03:00,PLUMEUSDT,PREBREAK,1h,6,STRONG,0.01221,0.01229,closed,0.01222,0.0123,0.01233,0.01225,0.01242,0.012,0.01266,0.01191,True,2026-08-10T23:02:43.126722-03:00,-0.0536557368042015,0.00439516129104519,False,,,0.01287,0.01435,0.01129,True
17975,2026-08-10T01:02:41.008889-03:00,ACTUSDT,HOLD,4h,11,BEST,0.01185,0.01074,closed,0.01203,0.01225,0.01288,0.01132,0.01411,0.01131,0.01411,0.01063,True,2026-08-11T01:02:42.678108-03:00,0.261994676684738,0.0130696657869682,True,,,0.01022,0.01411,0.00942,True
17976,2026-08-10T01:02:41.008889-03:00,WLDUSDT,HOLD,4h,10,STRONG,0.3267,0.312,closed,0.3275,0.3275,0.3524,0.3353,0.3528,0.3251,0.3542,0.3251,True,2026-08-11T02:02:40.314603-03:00,0.109589008894258,0.00224050307560122,True,,,0.3631,0.3715,0.3245,True
17974,2026-08-10T01:02:41.008889-03:00,PHAUSDT,BREAKOUT,4h,15,BEST,0.0247,0.0246,closed,0.0246,0.0245,0.0251,0.0234,0.0255,0.0243,0.027,0.0232,True,2026-08-11T01:02:41.319311-03:00,0.577662865313815,0.110676474639125,True,,,0.0221,0.027,0.0213,True
17992,2026-08-10T02:02:40.874004-03:00,ACTUSDT,BREAKOUT,4h,11,BEST,0.01185,0.01074,closed,0.0117,0.01144,0.01225,0.01124,0.01411,0.01131,0.01411,0.01063,True,2026-08-11T02:02:43.429606-03:00,0.261994676684738,0.0130696657869682,True,,,0.01015,0.01411,0.00942,True
17991,2026-08-10T02:02:40.874004-03:00,NILUSDT,BREAKOUT,4h,13,BEST,0.04512,0.04459,closed,0.04708,0.04375,0.04429,0.03847,0.04738,0.03923,0.05023,0.03767,True,2026-08-11T02:02:42.144688-03:00,0.354771953769402,-0.060746528371467,True,,,0.04873,0.05433,0.03462,True
18000,2026-08-10T03:02:40.415109-03:00,WLDUSDT,BREAKOUT,4h,10,STRONG,0.3267,0.3259,closed,0.3393,0.3471,0.3424,0.3327,0.3542,0.3366,0.3542,0.3315,True,2026-08-11T04:02:45.843303-03:00,0.109589008894258,0.00224050307560122,True,,,0.3607,0.3715,0.3245,True
18001,2026-08-10T03:02:40.415109-03:00,FLOKIUSDT,COILING,4h,5,WATCH,2.145e-05,2.18e-05,closed,2.157e-05,2.155e-05,2.151e-05,2.084e-05,2.164e-05,2.144e-05,2.164e-05,2.08e-05,True,2026-08-11T04:02:44.163749-03:00,0.176412053730288,0.0459893256232841,False,,,2.034e-05,2.161e-05,2e-05,True
18011,2026-08-10T04:02:40.561034-03:00,BCHUSDT,PREBREAK,1h,7,WATCH,217.3,218.6,closed,217.0,217.0,216.0,215.5,217.5,215.4,217.5,212.4,True,2026-08-11T04:02:47.176499-03:00,-0.023867904767893,-0.0741738943158478,False,,,205.4,217.0,199.7,True
18023,2026-08-10T05:02:44.560292-03:00,XPLUSDT,BREAKOUT,4h,12,BEST,0.08032,0.07938,closed,0.08044,0.08011,0.07987,0.07936,0.081,0.07897,0.081,0.0772,True,2026-08-11T06:02:35.81759-03:00,0.293717348778882,0.0160334197049441,True,,,0.07685,0.081,0.07306,True
18024,2026-08-10T05:02:44.560292-03:00,POLUSDT,COILING,4h,10,WATCH,0.07785,0.07854,closed,0.07802,0.07812,0.07854,0.07598,0.07864,0.07772,0.07864,0.07534,True,2026-08-11T06:02:37.725108-03:00,0.536579937994943,0.027446802886374,True,,,0.0758,0.07864,0.07244,True
18026,2026-08-10T05:02:44.560292-03:00,TIAUSDT,COILING,4h,6,STRONG,0.3312,0.332,closed,0.3311,0.3297,0.3315,0.3184,0.3326,0.3272,0.3326,0.314,True,2026-08-11T06:02:39.991295-03:00,0.0432908973559116,0.0481241553012815,False,,,0.3007,0.3317,0.2951,True
18025,2026-08-10T05:02:44.560292-03:00,FETUSDT,COILING,4h,6,STRONG,0.1388,0.14,closed,0.1385,0.1378,0.1387,0.1335,0.139,0.137,0.139,0.1328,True,2026-08-11T06:02:42.102604-03:00,0.0729801470781973,0.0376885363370363,False,,,0.1195,0.1389,0.1192,True
18022,2026-08-10T05:02:44.560292-03:00,JTOUSDT,HOLD,4h,12,BEST,0.5649,0.5329,closed,0.5665,0.573,0.5586,0.5485,0.5787,0.5536,0.5787,0.5385,True,2026-08-11T06:02:43.878235-03:00,0.910478939615706,0.060778422038761,True,,,0.6068,0.6247,0.5306,True
18039,2026-08-10T06:02:34.056256-03:00,STRKUSDT,COILING,4h,3,STRONG,0.02468,0.02567,closed,0.02457,0.0245,0.02444,0.02382,0.02463,0.02432,0.02465,0.02374,True,2026-08-11T06:02:45.734158-03:00,0.0760908783820057,0.0647126684727438,False,,,0.02318,0.02465,0.02217,True
18038,2026-08-10T06:02:34.056256-03:00,EIGENUSDT,BREAKOUT,4h,10,STRONG,0.1848,0.1823,closed,0.1865,0.1844,0.1847,0.1796,0.1885,0.1833,0.1885,0.1763,True,2026-08-11T06:02:47.713818-03:00,0.0903568208180036,-0.0555124314773109,True,,,0.1705,0.1877,0.1637,True
18071,2026-08-10T08:02:36.249191-03:00,SEIUSDT,PREBREAK,1h,5,WATCH,0.04178,0.04223,closed,0.04175,0.04185,0.04178,0.04102,0.04192,0.04162,0.04192,0.0406,True,2026-08-11T08:02:39.439416-03:00,-0.0540353946897512,-0.0103314886125793,True,,,0.03998,0.04202,0.03916,True
18086,2026-08-10T09:02:39.746212-03:00,BIOUSDT,BREAKOUT,4h,13,BEST,0.02773,0.02656,closed,0.02776,0.02748,0.02641,0.02577,0.02799,0.02641,0.02799,0.02553,True,2026-08-11T10:02:40.429463-03:00,0.90400319009398,-0.0342721340358285,True,,,0.02466,0.02799,0.0236,True
18087,2026-08-10T09:02:39.746212-03:00,ZROUSDT,COILING,4h,6,STRONG,0.858,0.871,closed,0.86,0.857,0.858,0.863,0.869,0.855,0.877,0.846,True,2026-08-11T10:02:38.825545-03:00,0.227344439262191,0.0352787376285515,False,,,0.782,0.888,0.752,True
18088,2026-08-10T09:02:39.746212-03:00,SEIUSDT,COILING,4h,4,WATCH,0.04181,0.04223,closed,0.04179,0.04179,0.04166,0.0411,0.04192,0.04159,0.04192,0.0406,True,2026-08-11T10:02:42.476562-03:00,0.0576178138151537,0.0441351936958285,True,,,0.04005,0.04202,0.03916,True
18103,2026-08-10T10:02:38.851635-03:00,POLUSDT,COILING,4h,9,WATCH,0.07844,0.07854,closed,0.07762,0.07726,0.07703,0.07552,0.07805,0.07652,0.07805,0.07534,True,2026-08-11T10:02:45.64233-03:00,0.617526004548101,0.0315862924505262,True,,,0.07848,0.07927,0.07244,True
18102,2026-08-10T10:02:38.851635-03:00,BIOUSDT,HOLD,4h,10,STRONG,0.02773,0.02656,closed,0.02773,0.0274,0.02652,0.02541,0.02799,0.02639,0.02799,0.02536,True,2026-08-11T10:02:44.043191-03:00,0.90400319009398,-0.0342721340358285,True,,,0.02453,0.02774,0.0236,True
18117,2026-08-10T11:02:44.34604-03:00,ICPUSDT,PREBREAK,1h,8,WATCH,2.214,2.24,closed,2.216,2.219,2.285,2.289,2.329,2.212,2.397,2.212,True,2026-08-11T11:02:53.317026-03:00,0.233118905584568,-0.0549616971878644,False,,,2.267,2.397,2.134,True
18116,2026-08-10T11:02:44.34604-03:00,MEUSDT,BREAKOUT,4h,13,WATCH,0.06624,0.06585,closed,0.06772,0.06773,0.06856,0.06256,0.07222,0.06638,0.07222,0.06247,True,2026-08-11T11:02:51.480487-03:00,4.12751015491816,0.106039525381533,True,,,0.06081,0.07222,0.06053,True
18126,2026-08-10T12:02:47.784302-03:00,ALICEUSDT,BREAKOUT,4h,13,BEST,0.1247,0.1237,closed,0.1226,0.1226,0.1257,0.1188,0.1265,0.1219,0.127,0.1179,True,2026-08-11T13:02:41.036594-03:00,0.170831790163827,0.0289775618432352,False,,,0.1306,0.1816,0.1132,True
18149,2026-08-10T14:02:41.440274-03:00,ZROUSDT,PREBREAK,1h,7,STRONG,0.863,0.873,closed,0.871,0.868,0.856,0.855,0.877,0.855,0.888,0.846,True,2026-08-11T15:02:40.965821-03:00,0.223656979453968,0.00415532950975272,False,,,0.771,0.888,0.752,True
18158,2026-08-10T15:02:39.976932-03:00,CAKEUSDT,COILING,4h,6,WATCH,1.442,1.463,closed,1.446,1.453,1.449,1.457,1.46,1.445,1.475,1.439,True,2026-08-11T15:02:42.573153-03:00,0.107289368625416,0.02718819248478,False,,,1.474,1.479,1.405,True
18179,2026-08-10T17:02:41.530043-03:00,FLOKIUSDT,COILING,4h,3,WATCH,2.094e-05,2.184e-05,closed,2.095e-05,2.096e-05,2.086e-05,2.046e-05,2.101e-05,2.084e-05,2.101e-05,2.023e-05,True,2026-08-11T18:02:41.639038-03:00,0.0460307028294561,0.0344027362076498,False,,,2.028e-05,2.101e-05,2e-05,True
18178,2026-08-10T17:02:41.530043-03:00,ALICEUSDT,COILING,4h,7,STRONG,0.1242,0.1264,closed,0.1245,0.1227,0.122,0.1184,0.1247,0.1212,0.1247,0.1168,True,2026-08-11T18:02:43.804104-03:00,0.327852465573468,0.0369392955287623,False,,,0.131,0.1816,0.1132,True
18177,2026-08-10T17:02:41.530043-03:00,WLFIUSDT,BREAKOUT,4h,13,WATCH,0.0542,0.0536,closed,0.0543,0.0547,0.055,0.0549,0.0551,0.0541,0.0565,0.0541,True,2026-08-11T18:02:40.041343-03:00,1.87166666916412,0.00157416690499334,True,,,0.0605,0.0633,0.0535,True
18206,2026-08-10T20:02:45.397752-03:00,CAKEUSDT,COILING,4h,8,WATCH,1.457,1.463,closed,1.446,1.443,1.444,1.451,1.45,1.439,1.475,1.439,True,2026-08-11T21:02:37.438195-03:00,0.136196318528085,0.0718234486076143,True,,,1.466,1.479,1.405,True
18211,2026-08-10T21:02:34.236624-03:00,WLFIUSDT,HOLD,4h,10,WATCH,0.0549,0.0536,closed,0.0552,0.0564,0.055,0.0549,0.0565,0.0548,0.0565,0.0548,True,2026-08-11T21:02:40.889399-03:00,11.9712412801096,0.00797785578561661,True,,,0.0606,0.0633,0.0535,True
18212,2026-08-10T21:02:34.236624-03:00,PROMUSDT,BREAKOUT,4h,10,STRONG,2.333,2.227,closed,2.391,2.864,1.938,1.842,3.0,1.643,3.0,1.643,True,2026-08-11T21:02:39.197062-03:00,0.144988615671732,0.0195300896461789,True,,,1.93,3.627,1.643,True
18223,2026-08-10T22:02:32.620469-03:00,LINKUSDT,PREBREAK,1h,11,WATCH,8.335,8.372,closed,8.361,8.449,8.379,8.771,8.466,8.327,8.81,8.327,True,2026-08-11T22:02:44.157711-03:00,2.17734895983341,0.00718211148611225,False,,,9.44,9.746,8.368,True
18225,2026-08-10T22:02:32.620469-03:00,ARBUSDT,PREBREAK,1h,8,WATCH,0.0808,0.081,closed,0.0811,0.0813,0.0801,0.0803,0.0815,0.08,0.0815,0.0773,True,2026-08-11T22:02:45.624297-03:00,0.0904489985015882,-0.00437689459497891,False,,,0.0748,0.0814,0.0722,True
18224,2026-08-10T22:02:32.620469-03:00,WLFIUSDT,BREAKOUT,4h,10,WATCH,0.0549,0.0536,closed,0.0564,0.0562,0.0552,0.0555,0.0565,0.0549,0.0565,0.0548,True,2026-08-11T22:02:42.62599-03:00,11.9712412801096,0.00797785578561661,True,,,0.0607,0.0633,0.0535,True
18244,2026-08-11T01:02:38.946805-03:00,LDOUSDT,COILING,4h,7,STRONG,0.2987,0.2993,closed,0.2994,0.2969,0.2984,0.2924,0.3003,0.2955,0.3003,0.2834,True,2026-08-12T01:02:43.252813-03:00,0.13224550819872,0.0784886309297107,True,,,0.3018,0.3105,0.2834,True
18243,2026-08-11T01:02:38.946805-03:00,LINKUSDT,COILING,4h,9,WATCH,8.391,8.399,closed,8.407,8.379,8.503,8.721,8.505,8.368,8.823,8.368,True,2026-08-12T01:02:39.765994-03:00,0.366141340641014,0.0426631374605628,True,,,9.423,9.746,8.373,True
18242,2026-08-11T01:02:38.946805-03:00,ICPUSDT,HOLD,4h,9,WATCH,2.374,2.257,closed,2.366,2.377,2.303,2.228,2.395,2.284,2.395,2.199,True,2026-08-12T01:02:41.564575-03:00,0.529430919157786,-0.0831863837237639,True,,,2.275,2.384,2.134,True
18262,2026-08-11T03:02:33.391716-03:00,TRUMPUSDT,PREBREAK,1h,5,WATCH,1.515,1.521,closed,1.511,1.507,1.503,1.488,1.515,1.491,1.515,1.461,True,2026-08-12T03:02:44.988055-03:00,0.0850155065047874,-0.037279440442057,False,,,1.401,1.514,1.365,True
18276,2026-08-11T04:02:42.937679-03:00,CFXUSDT,PREBREAK,1h,13,BEST,0.04243,0.04248,closed,0.04206,0.04197,0.04284,0.04208,0.04297,0.04186,0.04297,0.0411,True,2026-08-12T04:02:43.3303-03:00,0.0292086887125583,-0.00642831786667689,False,,,0.0419,0.04328,0.04037,True
18277,2026-08-11T04:02:42.937679-03:00,AUDIOUSDT,COILING,4h,7,WATCH,0.0126,0.01262,closed,0.01413,0.01316,0.0128,0.01219,0.0144,0.01274,0.0144,0.01213,True,2026-08-12T04:02:44.503164-03:00,0.29312686909597,0.11629132653826,True,,,0.01166,0.01354,0.0115,True
18278,2026-08-11T04:02:42.937679-03:00,ARUSDT,PREBREAK,1h,3,WATCH,1.84,1.857,closed,1.841,1.832,1.82,1.788,1.851,1.812,1.851,1.756,True,2026-08-12T04:02:45.689559-03:00,-0.122920020605267,-0.00100892817448225,False,,,1.779,1.844,1.709,True
18294,2026-08-11T05:02:35.035004-03:00,GENIUSUSDT,COILING,4h,7,STRONG,0.3651,0.3747,closed,0.367,0.3676,0.3684,0.3659,0.3694,0.3636,0.391,0.3615,True,2026-08-12T05:02:40.198393-03:00,0.372044541625456,0.037010240174117,False,,,0.3657,0.4005,0.3575,True
18293,2026-08-11T05:02:35.035004-03:00,SKYUSDT,PREBREAK,1h,9,WATCH,0.05319,0.0532,closed,0.05286,0.05325,0.05292,0.0532,0.05335,0.05277,0.05343,0.05223,True,2026-08-12T05:02:38.692757-03:00,3.08387045373338,-0.109204002260598,False,,,0.05501,0.05525,0.05059,True
18302,2026-08-11T06:02:35.00148-03:00,CAKEUSDT,PREBREAK,1h,12,WATCH,1.454,1.46,closed,1.454,1.462,1.465,1.443,1.475,1.452,1.475,1.44,True,2026-08-12T06:02:43.874629-03:00,0.0447143219914595,0.0903364044575131,True,,,1.462,1.479,1.405,True
18303,2026-08-11T06:02:35.00148-03:00,ASTERUSDT,PREBREAK,1h,5,WATCH,0.603,0.608,closed,0.603,0.604,0.604,0.604,0.607,0.602,0.61,0.599,True,2026-08-12T06:02:45.378763-03:00,-0.138348770414512,-0.0550075337161791,False,,,0.603,0.61,0.597,True
18301,2026-08-11T06:02:35.00148-03:00,LINKUSDT,BREAKOUT,4h,15,WATCH,8.476,8.399,closed,8.564,8.662,8.654,8.746,8.715,8.498,8.823,8.497,True,2026-08-12T06:02:42.147207-03:00,0.715123310544406,0.0576789661121374,True,,,9.467,9.746,8.497,True
18311,2026-08-11T07:02:42.281153-03:00,KAVAUSDT,COILING,4h,4,WATCH,0.04095,0.04163,closed,0.04076,0.04082,0.04078,0.04106,0.0409,0.0407,0.04107,0.0403,True,2026-08-12T08:02:36.660125-03:00,0.13474907792425,0.0978697188944491,False,,,0.04075,0.04187,0.03992,True
18318,2026-08-11T08:02:38.56873-03:00,MITOUSDT,BREAKOUT,4h,9,STRONG,0.02497,0.02482,closed,0.02837,0.02994,0.02649,0.02472,0.03431,0.02532,0.03431,0.02382,True,2026-08-12T09:02:34.476777-03:00,0.054928647068501,-0.0677258870478009,True,,,0.02555,0.03138,0.02328,True
18335,2026-08-11T09:02:34.635633-03:00,LDOUSDT,COILING,4h,2,STRONG,0.293,0.3006,closed,0.292,0.2908,0.2856,0.2938,0.2933,0.2834,0.2961,0.2834,True,2026-08-12T09:02:40.438255-03:00,0.0619712449674779,0.0916020421226888,False,,,0.3022,0.3105,0.2834,True
18332,2026-08-11T09:02:34.635633-03:00,WLFIUSDT,HOLD,4h,9,WATCH,0.0555,0.055,closed,0.0555,0.0553,0.055,0.0549,0.0557,0.0548,0.0563,0.0545,True,2026-08-12T09:02:41.981943-03:00,1.2086731868569,-0.0160004023157432,False,,,0.0605,0.0633,0.0535,True
18333,2026-08-11T09:02:34.635633-03:00,CAKEUSDT,COILING,4h,9,WATCH,1.46,1.463,closed,1.467,1.465,1.452,1.454,1.472,1.443,1.474,1.44,True,2026-08-12T09:02:38.995967-03:00,0.361236862561562,0.153412829622936,True,,,1.458,1.479,1.405,True
18334,2026-08-11T09:02:34.635633-03:00,AUDIOUSDT,COILING,4h,3,WATCH,0.01254,0.0133,closed,0.01269,0.01261,0.01232,0.0122,0.0128,0.01229,0.0128,0.01202,True,2026-08-12T09:02:37.601591-03:00,0.513571851423207,0.0977488909017372,False,,,0.01176,0.0128,0.0115,True
18331,2026-08-11T09:02:34.635633-03:00,LINKUSDT,HOLD,4h,13,WATCH,8.681,8.466,closed,8.677,8.654,8.554,8.876,8.702,8.497,8.883,8.497,True,2026-08-12T09:02:36.031082-03:00,1.10146165491504,0.100038350962672,True,,,9.434,9.746,8.497,True
18345,2026-08-11T10:02:37.987847-03:00,BCHUSDT,PREBREAK,1h,5,WATCH,213.6,216.1,closed,213.5,213.3,212.0,215.8,213.9,211.1,216.8,211.1,True,2026-08-12T11:02:37.623562-03:00,-0.0189529621400861,0.100056073865516,False,,,203.3,216.8,199.7,True
18354,2026-08-11T11:02:50.692209-03:00,BANANAS31USDT,BREAKOUT,4h,14,BEST,0.011096,0.011009,closed,0.010098,0.010196,0.010053,0.008385,0.010513,0.00969,0.010513,0.008214,True,2026-08-12T12:02:44.305713-03:00,0.331178506571115,0.0125161668912997,True,,,0.008447,0.010513,0.008,True
18355,2026-08-11T11:02:50.692209-03:00,SKYUSDT,PREBREAK,1h,4,WATCH,0.05294,0.05335,closed,0.05282,0.05281,0.05252,0.05327,0.05311,0.05223,0.05361,0.05223,True,2026-08-12T12:02:42.884245-03:00,-0.432874222795524,-0.186293826079889,False,,,0.05459,0.05525,0.05059,True
18366,2026-08-11T12:02:41.587627-03:00,ASTERUSDT,PREBREAK,1h,3,WATCH,0.6,0.607,closed,0.601,0.601,0.602,0.602,0.604,0.599,0.61,0.599,True,2026-08-12T12:02:47.256178-03:00,-0.0538105370582531,-0.0710793875916999,False,,,0.6,0.61,0.597,True
18365,2026-08-11T12:02:41.587627-03:00,LTCUSDT,PREBREAK,1h,5,WATCH,45.05,45.58,closed,45.09,45.03,45.36,45.08,45.43,44.93,45.67,44.93,True,2026-08-12T12:02:48.717246-03:00,-0.0502213848570348,0.0133928951453223,False,,,44.22,45.67,43.39,True
18364,2026-08-11T12:02:41.587627-03:00,ZROUSDT,PREBREAK,1h,7,STRONG,0.867,0.868,closed,0.86,0.854,0.858,0.826,0.869,0.85,0.869,0.823,True,2026-08-12T12:02:45.828662-03:00,0.169542216939733,-0.0343709445639287,False,,,0.79,0.867,0.752,True
18363,2026-08-11T12:02:41.587627-03:00,DOGEUSDT,PREBREAK,1h,9,WATCH,0.0701,0.07075,closed,0.07024,0.07071,0.07072,0.07068,0.07129,0.06999,0.07315,0.06999,True,2026-08-12T12:02:50.289352-03:00,1.20457942575383,-0.0276144395640877,False,,,0.07033,0.07315,0.06889,True
18378,2026-08-11T13:02:40.095545-03:00,ZAMAUSDT,BREAKOUT,4h,8,STRONG,0.04838,0.04831,closed,0.04812,0.04883,0.04822,0.04601,0.04896,0.04787,0.04896,0.04472,True,2026-08-12T13:02:43.502576-03:00,0.0460225520129506,-0.00868405585132287,False,,,0.04228,0.04896,0.03998,True
18377,2026-08-11T13:02:40.095545-03:00,LUNCUSDT,BREAKOUT,4h,12,WATCH,5.302e-05,5.12e-05,closed,5.291e-05,5.271e-05,5.215e-05,4.94e-05,5.398e-05,5.129e-05,5.398e-05,4.912e-05,True,2026-08-12T13:02:48.879578-03:00,21.654385008173,0.131083371661469,True,,,4.725e-05,5.372e-05,4.6e-05,True
18379,2026-08-11T13:02:40.095545-03:00,CAKEUSDT,COILING,4h,8,WATCH,1.45,1.463,closed,1.45,1.455,1.459,1.45,1.46,1.449,1.474,1.44,True,2026-08-12T13:02:45.292032-03:00,0.205541422131342,0.173231531666765,True,,,1.487,1.488,1.405,True
18376,2026-08-11T13:02:40.095545-03:00,GIGGLEUSDT,BREAKOUT,4h,14,BEST,37.47,36.94,closed,37.36,37.22,38.95,34.73,39.11,36.65,39.5,34.41,True,2026-08-12T13:02:47.159511-03:00,0.299224749991291,-0.00776034277100346,True,,,33.45,39.5,29.84,True
18397,2026-08-11T15:02:40.169392-03:00,JTOUSDT,PREBREAK,1h,3,STRONG,0.5471,0.5537,closed,0.5516,0.5546,0.558,0.5586,0.5598,0.549,0.5737,0.5358,True,2026-08-12T16:02:41.66904-03:00,-0.161850482072118,-0.0362692897200954,False,,,0.5556,0.6247,0.5358,True
18417,2026-08-11T18:02:39.235839-03:00,HOLOUSDT,HOLD,4h,15,BEST,0.0818,0.0711,closed,0.0861,0.0854,0.097,0.071,0.0983,0.0785,0.1045,0.071,True,2026-08-12T18:02:39.35074-03:00,0.398105647932217,0.125264875494329,True,,,0.0552,0.1045,0.0526,True
18418,2026-08-11T18:02:39.235839-03:00,LINKUSDT,HOLD,4h,12,WATCH,8.615,8.477,closed,8.77,8.771,8.772,8.762,8.81,8.707,8.896,8.681,True,2026-08-12T19:02:40.834218-03:00,0.89067747819068,0.0989227380122508,False,,,9.504,9.746,8.621,True
18424,2026-08-11T19:02:33.924687-03:00,DOGEUSDT,BREAKOUT,4h,13,WATCH,0.07103,0.07096,closed,0.07294,0.07221,0.07237,0.06908,0.07299,0.07184,0.07299,0.0689,True,2026-08-12T19:02:43.021242-03:00,5.50363126648618,-0.0201449636226706,True,,,0.07007,0.07254,0.06889,True
18437,2026-08-11T21:02:36.595759-03:00,INJUSDT,BREAKOUT,4h,8,STRONG,4.665,4.537,closed,4.658,4.69,4.587,4.631,4.7,4.572,4.7,4.512,True,2026-08-12T22:02:44.268936-03:00,0.470428419952319,-0.0761027131318048,True,,,4.105,4.7,3.957,True
18438,2026-08-11T21:02:36.595759-03:00,LUNCUSDT,COILING,4h,5,WATCH,5.181e-05,5.424e-05,closed,5.176e-05,5.172e-05,5.148e-05,4.932e-05,5.216e-05,5.1e-05,5.22e-05,4.862e-05,True,2026-08-12T21:02:37.111598-03:00,1.08920399159246,0.104035708255092,False,,,4.736e-05,5.22e-05,4.6e-05,True
18436,2026-08-11T21:02:36.595759-03:00,USTCUSDT,HOLD,4h,13,WATCH,0.00525,0.00513,closed,0.00524,0.0052,0.00515,0.00493,0.00525,0.00513,0.00525,0.00487,True,2026-08-12T21:02:38.934473-03:00,1.23507641940719,0.0571567668913703,False,,,0.0048,0.0053,0.00467,True
18456,2026-08-12T00:02:41.783793-03:00,AXSUSDT,PREBREAK,1h,8,WATCH,0.898,0.906,closed,0.918,0.908,0.912,0.861,0.929,0.898,0.929,0.851,True,2026-08-13T00:02:45.618896-03:00,-2.00365999088288,-0.0138939360038714,False,,,0.85,0.929,0.835,True
18465,2026-08-12T01:02:38.953173-03:00,MORPHOUSDT,COILING,4h,4,STRONG,1.967,2.001,closed,1.968,1.974,1.953,1.972,1.985,1.949,2.007,1.949,True,2026-08-13T02:02:41.402082-03:00,0.109754571384268,0.064888361144307,False,,,2.054,2.202,1.913,True
18463,2026-08-12T01:02:38.953173-03:00,ATOMUSDT,HOLD,4h,7,WATCH,1.443,1.434,closed,1.44,1.425,1.423,1.398,1.448,1.421,1.448,1.393,True,2026-08-13T02:02:39.735783-03:00,-1.62848427436173,-0.0736291702470458,True,,,1.414,1.573,1.379,True
18464,2026-08-12T01:02:38.953173-03:00,TRBUSDT,COILING,4h,7,WATCH,14.02,14.15,closed,14.06,14.06,14.03,13.61,14.18,13.78,14.18,13.28,True,2026-08-13T01:02:39.18998-03:00,1.28480654032613,0.0923919795093094,True,,,13.04,14.12,12.61,True
18493,2026-08-12T05:02:37.87795-03:00,HYPERUSDT,COILING,4h,4,STRONG,0.0645,0.0655,closed,0.0643,0.0635,0.0646,0.064,0.0654,0.0631,0.0658,0.0625,True,2026-08-13T05:02:40.577814-03:00,0.185189460601782,0.0406626113855002,False,,,0.0626,0.0658,0.0599,True
18491,2026-08-12T05:02:37.87795-03:00,CRVUSDT,BREAKOUT,4h,11,WATCH,0.2848,0.2732,closed,0.2798,0.2785,0.2763,0.2549,0.2852,0.2745,0.2852,0.2523,True,2026-08-13T06:02:36.057735-03:00,0.348278029030574,0.0129076317256353,True,,,0.238,0.2807,0.2353,True
18490,2026-08-12T05:02:37.87795-03:00,OPENUSDT,BREAKOUT,4h,14,BEST,0.2144,0.2143,closed,0.216,0.2158,0.2076,0.1959,0.2336,0.2074,0.2336,0.1925,True,2026-08-13T05:02:41.795543-03:00,0.23039361111694,0.020067104228429,True,,,0.1487,0.2336,0.1476,True
18492,2026-08-12T05:02:37.87795-03:00,FLOWUSDT,HOLD,4h,9,STRONG,0.0332,0.0321,closed,0.0332,0.03294,0.03268,0.03257,0.03336,0.0325,0.03423,0.03196,True,2026-08-13T05:02:39.211283-03:00,0.368749444741112,-0.0259868522630161,False,,,0.02746,0.03423,0.02723,True
18502,2026-08-12T06:02:41.160393-03:00,MORPHOUSDT,COILING,4h,3,STRONG,1.953,2.001,closed,1.966,1.976,1.979,1.958,1.985,1.962,2.007,1.949,True,2026-08-13T07:02:37.583957-03:00,0.130222037560921,0.0810905086247705,False,,,2.032,2.202,1.913,True
18501,2026-08-12T06:02:41.160393-03:00,TRBUSDT,COILING,4h,7,WATCH,14.05,14.15,closed,13.77,13.67,13.62,13.49,13.79,13.55,13.82,13.28,True,2026-08-13T07:02:39.710204-03:00,1.1487031876246,0.108312795785722,True,,,13.04,13.82,12.61,True
18538,2026-08-12T09:02:33.681373-03:00,CHIPUSDT,COILING,4h,5,STRONG,0.02304,0.02429,closed,0.02313,0.02303,0.02332,0.02296,0.02338,0.02285,0.02421,0.02266,True,2026-08-13T09:02:43.166229-03:00,0.185097895959058,0.17430516019962,False,,,0.02701,0.03291,0.0216,True
18536,2026-08-12T09:02:33.681373-03:00,PROMUSDT,BREAKOUT,4h,11,WATCH,3.587,3.528,closed,3.373,3.446,3.201,2.43,3.627,3.117,3.627,2.385,True,2026-08-13T09:02:44.601308-03:00,0.352178326839957,-0.0175703383659327,True,,,2.008,3.526,1.804,True
18537,2026-08-12T09:02:33.681373-03:00,DOGEUSDT,HOLD,4h,9,WATCH,0.072,0.07135,closed,0.07208,0.07157,0.07083,0.0701,0.07224,0.07027,0.07224,0.06889,True,2026-08-13T09:02:41.605313-03:00,5.58730973106149,-0.00533106827933105,False,,,0.07063,0.0717,0.06889,True
18550,2026-08-12T10:02:35.486762-03:00,SOLUSDT,PREBREAK,1h,8,WATCH,76.65,76.9,closed,76.52,76.0,75.74,76.16,76.64,75.38,76.64,75.35,True,2026-08-13T10:02:40.365012-03:00,0.275891006950253,-0.00926078339126394,False,,,78.46,79.05,74.1,True
18552,2026-08-12T10:02:35.486762-03:00,XRPUSDT,PREBREAK,1h,7,WATCH,1.0174,1.0267,closed,1.0175,1.0131,1.0093,1.0065,1.0186,1.0081,1.0186,1.0009,True,2026-08-13T10:02:43.886043-03:00,1.0209166721016,-0.0614624126762281,False,,,1.0205,1.0207,0.9862,True
18554,2026-08-12T10:02:35.486762-03:00,PENGUUSDT,PREBREAK,1h,7,STRONG,0.006429,0.006486,closed,0.006398,0.006393,0.00634,0.006301,0.00643,0.006277,0.00643,0.006116,True,2026-08-13T10:02:47.299273-03:00,-0.0883350069280733,-0.0607294237937123,False,,,0.006208,0.00643,0.00585,True
18553,2026-08-12T10:02:35.486762-03:00,SUIUSDT,PREBREAK,1h,7,WATCH,0.6922,0.6997,closed,0.6919,0.6886,0.6837,0.6913,0.693,0.6828,0.693,0.675,True,2026-08-13T10:02:45.597394-03:00,0.58289732070602,0.0409741214240731,False,,,0.6579,0.6949,0.6354,True
18551,2026-08-12T10:02:35.486762-03:00,POLUSDT,PREBREAK,1h,8,WATCH,0.07562,0.07604,closed,0.07532,0.07437,0.07447,0.074,0.07566,0.07356,0.07566,0.07356,True,2026-08-13T10:02:42.092324-03:00,0.0523204949939933,-0.00295360609242521,False,,,0.08187,0.0849,0.07244,True
18570,2026-08-12T11:02:36.750795-03:00,HBARUSDT,PREBREAK,1h,6,WATCH,0.06606,0.06686,closed,0.06597,0.06582,0.06605,0.06645,0.06617,0.06558,0.06664,0.06558,True,2026-08-13T11:02:38.974588-03:00,-1.96449542070239,0.0430528474724981,False,,,0.06826,0.06839,0.06429,True
18571,2026-08-12T11:02:36.750795-03:00,HYPERUSDT,COILING,4h,3,STRONG,0.0646,0.0653,closed,0.0642,0.0642,0.0641,0.0645,0.0649,0.0638,0.0652,0.0625,True,2026-08-13T11:02:40.18225-03:00,0.255015079071208,0.0273744233135305,False,,,0.0637,0.0652,0.0599,True
18596,2026-08-12T13:02:42.599793-03:00,ATMUSDT,COILING,4h,3,STRONG,1.568,1.657,closed,1.561,1.538,1.542,1.782,1.613,1.511,2.05,1.511,True,2026-08-13T14:02:40.33277-03:00,0.260543638129219,0.0495631033343998,False,,,1.351,2.05,1.324,True
18595,2026-08-12T13:02:42.599793-03:00,VIRTUALUSDT,BREAKOUT,4h,11,BEST,0.6052,0.5709,closed,0.5993,0.61,0.5986,0.5748,0.6155,0.5907,0.6155,0.5721,True,2026-08-13T14:02:39.092681-03:00,0.718105473370772,0.086472553948023,True,,,0.5888,0.6155,0.5489,True
18627,2026-08-12T16:02:40.656183-03:00,HYPERUSDT,COILING,4h,3,STRONG,0.0641,0.0653,closed,0.0637,0.0634,0.0627,0.0642,0.064,0.0625,0.0652,0.0625,True,2026-08-13T16:02:41.45196-03:00,0.19141745082689,0.0299179454323937,False,,,0.0641,0.0656,0.0599,True
18698,2026-08-13T01:02:35.183278-03:00,HYPERUSDT,COILING,4h,4,STRONG,0.0642,0.0658,closed,0.0643,0.0641,0.064,0.0635,0.0647,0.0639,0.0652,0.0629,True,2026-08-14T01:02:38.749737-03:00,0.26842730640479,0.0365098595244177,False,,,0.0651,0.0676,0.0599,True
18697,2026-08-13T01:02:35.183278-03:00,BCHUSDT,PREBREAK,1h,4,WATCH,215.2,216.8,closed,215.0,214.8,215.8,205.9,215.8,214.5,216.1,205.2,True,2026-08-14T01:02:37.394695-03:00,0.0192557704809505,0.0207980390015171,False,,,211.5,216.1,199.7,True
18766,2026-08-13T07:02:36.707771-03:00,BONKUSDT,PREBREAK,1h,3,STRONG,2.3e-06,2.3e-06,closed,2.31e-06,2.33e-06,2.34e-06,2.3e-06,2.37e-06,2.29e-06,2.37e-06,2.27e-06,True,2026-08-14T08:02:43.552781-03:00,-0.0719243916819469,-0.049036370296184,False,,,2.63e-06,2.64e-06,2.25e-06,True
18765,2026-08-13T07:02:36.707771-03:00,BCHUSDT,PREBREAK,1h,6,WATCH,215.0,216.3,closed,213.2,213.6,213.7,205.2,214.9,212.8,214.9,204.6,True,2026-08-14T07:02:37.898102-03:00,0.0250305171171161,0.0527168045716918,False,,,217.0,218.2,199.7,True
18774,2026-08-13T08:02:40.905368-03:00,NOTUSDT,BREAKOUT,4h,14,WATCH,0.00038,0.000374,closed,0.00039,0.000394,0.0004,0.000376,0.00042,0.000387,0.00042,0.000372,True,2026-08-14T08:02:44.93312-03:00,0.23953615439599,0.0877041444481178,True,,,0.000409,0.00042,0.000369,True
18791,2026-08-13T09:02:40.671026-03:00,HBARUSDT,PREBREAK,1h,9,WATCH,0.06605,0.06664,closed,0.06631,0.0665,0.06654,0.06559,0.06696,0.06606,0.06696,0.06482,True,2026-08-14T09:02:46.241468-03:00,-0.0357191151329194,-0.0700733421873264,False,,,0.07299,0.0736,0.06429,True
18790,2026-08-13T09:02:40.671026-03:00,ESPUSDT,BREAKOUT,4h,10,STRONG,0.07832,0.07556,closed,0.07775,0.07792,0.07439,0.0762,0.07935,0.07369,0.07935,0.07247,True,2026-08-14T09:02:44.614815-03:00,0.0912291846338913,-0.0240584644297411,False,,,0.08873,0.08956,0.0691,True
18792,2026-08-13T09:02:40.671026-03:00,SEIUSDT,COILING,4h,4,WATCH,0.04135,0.04187,closed,0.04138,0.04146,0.041,0.04017,0.04165,0.04094,0.04165,0.04006,True,2026-08-14T09:02:41.087786-03:00,0.126486660755007,0.0268472499110912,False,,,0.04203,0.04262,0.03828,True
18789,2026-08-13T09:02:40.671026-03:00,ATOMUSDT,BREAKOUT,4h,13,WATCH,1.456,1.448,closed,1.457,1.478,1.522,1.561,1.532,1.452,1.573,1.452,True,2026-08-14T09:02:42.950348-03:00,0.142704246166182,0.0457106685429332,True,,,1.477,1.573,1.379,True
18806,2026-08-13T10:02:39.556194-03:00,EDENUSDT,BREAKOUT,4h,11,BEST,0.04835,0.04634,closed,0.04817,0.04808,0.05008,0.05453,0.05042,0.04716,0.08686,0.04716,True,2026-08-14T11:02:40.692152-03:00,0.201960310157611,0.0287493983226597,True,,,0.05366,0.08686,0.04225,True
18805,2026-08-13T10:02:39.556194-03:00,NOTUSDT,HOLD,4h,12,WATCH,0.000394,0.000374,closed,0.000394,0.0004,0.000398,0.000376,0.00042,0.000377,0.00042,0.000371,True,2026-08-14T11:02:43.432519-03:00,0.511164678715034,0.109152000915265,True,,,0.000407,0.000417,0.000369,True
18807,2026-08-13T10:02:39.556194-03:00,LDOUSDT,PREBREAK,1h,5,STRONG,0.2952,0.2967,closed,0.2972,0.2974,0.2941,0.293,0.2999,0.2934,0.305,0.2919,True,2026-08-14T11:02:42.075766-03:00,-0.298990822283944,-0.063623744069771,False,,,0.3401,0.348,0.2906,True
18850,2026-08-13T12:02:40.233664-03:00,AAVEUSDT,PREBREAK,1h,5,WATCH,88.77,89.62,closed,88.46,87.35,87.79,85.24,88.78,86.91,88.79,85.12,True,2026-08-14T13:02:36.405606-03:00,-0.129247971081017,0.0100528058271559,False,,,97.13,98.8,85.12,True
18852,2026-08-13T12:02:40.233664-03:00,FETUSDT,PREBREAK,1h,3,STRONG,0.1363,0.1364,closed,0.1358,0.1347,0.1344,0.1341,0.1363,0.1337,0.1383,0.1337,True,2026-08-14T12:02:41.905489-03:00,-0.0313577080572061,-0.0111419327936455,False,,,0.1376,0.1384,0.1192,True
18851,2026-08-13T12:02:40.233664-03:00,APTUSDT,PREBREAK,1h,4,WATCH,0.566,0.569,closed,0.564,0.558,0.56,0.534,0.567,0.555,0.567,0.533,True,2026-08-14T12:02:40.236375-03:00,-1.50521847588357,-0.0112931177025943,False,,,0.574,0.575,0.515,True
18863,2026-08-13T13:02:37.908679-03:00,ATOMUSDT,HOLD,4h,12,WATCH,1.519,1.448,closed,1.5,1.509,1.51,1.52,1.523,1.493,1.573,1.493,True,2026-08-14T13:02:41.580369-03:00,1.0587207323484,0.0183424689346194,True,,,1.507,1.573,1.379,True
18864,2026-08-13T13:02:37.908679-03:00,PNUTUSDT,COILING,4h,7,STRONG,0.0423,0.0425,closed,0.0423,0.042,0.042,0.0408,0.0426,0.0417,0.0426,0.0401,True,2026-08-14T13:02:38.288771-03:00,0.785724585817412,0.0260548689909429,False,,,0.0523,0.053,0.04,True
18865,2026-08-13T13:02:37.908679-03:00,ALGOUSDT,COILING,4h,2,STRONG,0.079,0.0833,closed,0.0785,0.0786,0.0786,0.0803,0.0792,0.0779,0.0804,0.0779,True,2026-08-14T13:02:39.976809-03:00,0.0380727009631454,0.0594582937356362,False,,,0.0874,0.0874,0.0767,True
18879,2026-08-13T14:02:38.031219-03:00,XRPUSDT,PREBREAK,1h,5,WATCH,1.005,1.0154,closed,1.0066,1.0072,1.0092,1.0026,1.0117,1.0044,1.0142,1.0,True,2026-08-14T15:02:38.993724-03:00,-0.275399874954734,-0.0869046693631794,False,,,1.3103,1.3441,0.9862,True
18894,2026-08-13T15:02:39.208851-03:00,EDENUSDT,BREAKOUT,4h,10,STRONG,0.04974,0.04806,closed,0.05199,0.059,0.07003,0.05894,0.07245,0.05148,0.08686,0.05148,True,2026-08-14T15:02:40.398238-03:00,0.260339655984911,0.0279710864995827,True,,,0.0543,0.08686,0.04225,True
18915,2026-08-13T17:02:44.206603-03:00,JSTUSDT,HOLD,4h,10,WATCH,0.10479,0.10317,closed,0.10476,0.10518,0.1053,0.1055,0.10559,0.10439,0.10683,0.10406,True,2026-08-14T18:02:42.82042-03:00,33.9535477842615,0.0793493950670383,True,,,0.10723,0.10989,0.10268,True
18914,2026-08-13T17:02:44.206603-03:00,ETHFIUSDT,HOLD,4h,13,BEST,0.4275,0.3932,closed,0.4288,0.4281,0.4404,0.4572,0.451,0.4261,0.4589,0.4231,True,2026-08-14T18:02:40.966449-03:00,0.464665672867948,0.0605389983565229,True,,,0.5365,0.5864,0.4231,True
18932,2026-08-13T20:02:31.755631-03:00,ORDIUSDT,PREBREAK,1h,7,STRONG,3.522,3.543,closed,3.528,3.53,3.514,3.397,3.57,3.505,3.57,3.382,True,2026-08-14T20:02:39.342664-03:00,0.0533348029575543,-0.00920069573412634,False,,,4.171,4.448,3.303,True
18943,2026-08-13T22:02:46.604885-03:00,ICPUSDT,PREBREAK,1h,7,WATCH,2.183,2.187,closed,2.189,2.196,2.173,2.32,2.198,2.158,2.326,2.158,True,2026-08-14T23:02:38.020047-03:00,-0.171591864266564,-0.0190145495877307,False,,,2.4,2.419,2.158,True
18967,2026-08-14T01:02:36.383145-03:00,ATOMUSDT,HOLD,4h,11,WATCH,1.542,1.465,closed,1.54,1.537,1.539,1.5,1.57,1.528,1.573,1.477,True,2026-08-15T02:02:38.36858-03:00,2.4451677002881,0.024341778514672,True,,,1.536,1.573,1.379,True
18990,2026-08-14T03:02:43.488657-03:00,SYNUSDT,BREAKOUT,4h,8,WATCH,0.1147,0.11086,closed,0.11326,0.11154,0.1109,0.10504,0.11588,0.11062,0.11588,0.10182,True,2026-08-15T03:02:43.928739-03:00,0.242937194395824,-0.0714794886449653,True,,,0.10325,0.11588,0.10051,True
19014,2026-08-14T05:02:40.452126-03:00,ACEUSDT,HOLD,4h,13,WATCH,0.1493,0.1271,closed,0.1525,0.1581,0.2424,0.2762,0.2547,0.1451,0.3784,0.1451,True,2026-08-15T06:02:34.034518-03:00,0.132741111446783,0.0376194030564949,True,,,0.2385,0.3784,0.1315,True
19013,2026-08-14T05:02:40.452126-03:00,PLUMEUSDT,BREAKOUT,4h,14,BEST,0.01322,0.01276,closed,0.01335,0.01294,0.01337,0.01331,0.01347,0.0128,0.0137,0.01219,True,2026-08-15T05:02:40.792877-03:00,0.649025346232646,0.0544678972235897,True,,,0.01444,0.01451,0.01187,True
19015,2026-08-14T05:02:40.452126-03:00,WLFIUSDT,COILING,4h,7,WATCH,0.0555,0.0563,closed,0.0556,0.0559,0.0549,0.0566,0.0564,0.0535,0.0598,0.0535,True,2026-08-15T05:02:42.304462-03:00,0.315773285375872,0.0911706270963803,False,,,0.062,0.0633,0.0535,True
19028,2026-08-14T06:02:38.460792-03:00,BNSOLUSDT,PREBREAK,1h,15,WATCH,85.3,86.2,closed,85.3,84.9,84.9,84.6,85.3,84.8,85.3,84.1,True,2026-08-15T07:02:35.539711-03:00,-1.07547537947787,0.576229318401419,False,,,103.4,105.0,83.2,True
19029,2026-08-14T06:02:38.460792-03:00,REDUSDT,COILING,4h,6,WATCH,0.0858,0.0882,closed,0.0858,0.0856,0.0859,0.0864,0.0865,0.0848,0.09,0.0848,True,2026-08-15T07:02:37.108362-03:00,37.7214294805618,0.146512275960541,False,,,0.107,0.1223,0.0823,True
19040,2026-08-14T07:02:35.080692-03:00,ICPUSDT,PREBREAK,1h,6,WATCH,2.179,2.198,closed,2.194,2.218,2.18,2.274,2.232,2.18,2.326,2.168,True,2026-08-15T07:02:38.584693-03:00,-0.0264449107090722,0.0188806909773512,False,,,2.475,2.501,2.164,True
19041,2026-08-14T07:02:35.080692-03:00,SHIBUSDT,PREBREAK,1h,5,STRONG,4.47e-06,4.5e-06,closed,4.5e-06,4.49e-06,4.52e-06,4.59e-06,4.53e-06,4.44e-06,4.68e-06,4.44e-06,True,2026-08-15T07:02:40.523189-03:00,-0.0373012161667357,-0.081767988146397,False,,,5.29e-06,5.32e-06,4.36e-06,True
19052,2026-08-14T08:02:42.67591-03:00,XPLUSDT,PREBREAK,1h,8,STRONG,0.07466,0.07554,closed,0.07526,0.07542,0.07599,0.07792,0.07613,0.07459,0.07844,0.07459,True,2026-08-15T09:02:37.344607-03:00,-0.0556730097888985,-0.0224086766416588,False,,,0.1017,0.10719,0.07399,True
19064,2026-08-14T09:02:40.278421-03:00,PLUMEUSDT,HOLD,4h,12,BEST,0.01336,0.01284,closed,0.01329,0.01327,0.01263,0.01388,0.0137,0.0125,0.01424,0.01219,True,2026-08-15T09:02:40.817343-03:00,0.724593440208004,0.0479732536396948,True,,,0.01485,0.01518,0.01187,True
19066,2026-08-14T09:02:40.278421-03:00,LDOUSDT,PREBREAK,1h,4,STRONG,0.3014,0.3035,closed,0.3011,0.293,0.2931,0.3,0.3022,0.2906,0.3083,0.2906,True,2026-08-15T10:02:33.631348-03:00,0.477689397626997,-0.00981720478047804,True,,,0.3629,0.3701,0.2906,True
19065,2026-08-14T09:02:40.278421-03:00,TLMUSDT,BREAKOUT,4h,11,WATCH,0.00166,0.001642,closed,0.00162,0.001562,0.00154,0.001598,0.001661,0.001531,0.001661,0.001531,True,2026-08-15T09:02:42.56187-03:00,0.461245316214694,-0.0553848371704882,True,,,0.001448,0.00164,0.0013,True
19074,2026-08-14T10:02:33.846161-03:00,PIXELUSDT,BREAKOUT,4h,8,STRONG,0.00477,0.00464,closed,0.00478,0.00473,0.00486,0.00474,0.00517,0.00469,0.00517,0.00449,True,2026-08-15T10:02:35.273262-03:00,0.139047912337608,-0.00239804637464718,False,,,0.00569,0.00637,0.00449,True
19088,2026-08-14T11:02:39.886705-03:00,XLMUSDT,PREBREAK,1h,6,WATCH,0.1599,0.1602,closed,0.1597,0.1588,0.1597,0.1578,0.1605,0.1588,0.1605,0.1557,True,2026-08-15T11:02:40.761241-03:00,-0.111157927796312,-0.135628808838707,False,,,0.1923,0.1947,0.1524,True
19112,2026-08-14T13:02:35.568225-03:00,CFXUSDT,PREBREAK,1h,6,STRONG,0.04255,0.0429,closed,0.0425,0.04277,0.0427,0.04259,0.04294,0.04237,0.04328,0.04237,True,2026-08-15T13:02:41.39516-03:00,0.0360805649132219,0.0138399709101054,True,,,0.04955,0.051,0.04078,True
19110,2026-08-14T13:02:35.568225-03:00,ALICEUSDT,HOLD,4h,10,STRONG,0.1431,0.1201,closed,0.1404,0.153,0.1408,0.1268,0.155,0.1332,0.1816,0.1232,True,2026-08-15T13:02:39.46256-03:00,1.60113864216538,0.0138253382025568,True,,,0.1521,0.1816,0.1211,True
19109,2026-08-14T13:02:35.568225-03:00,MOVEUSDT,BREAKOUT,4h,13,BEST,0.0071,0.007,closed,0.0072,0.0071,0.0067,0.0066,0.0073,0.0066,0.0073,0.0064,True,2026-08-15T13:02:45.076245-03:00,0.607743640614766,-0.000599648027494528,False,,,0.0072,0.0074,0.0057,True
19111,2026-08-14T13:02:35.568225-03:00,SHIBUSDT,BREAKOUT,4h,7,STRONG,4.65e-06,4.54e-06,closed,4.66e-06,4.59e-06,4.58e-06,4.59e-06,4.68e-06,4.57e-06,4.68e-06,4.52e-06,True,2026-08-15T13:02:43.415008-03:00,0.0837370592667566,-0.0641267911264445,False,,,5.4e-06,5.4e-06,4.36e-06,True
19125,2026-08-14T14:02:36.533862-03:00,ACEUSDT,HOLD,4h,11,WATCH,0.277,0.1496,closed,0.2877,0.3044,0.3322,0.1808,0.344,0.2752,0.3784,0.1611,True,2026-08-15T15:02:40.921936-03:00,0.422482557042515,0.0102936163512516,True,,,0.2356,0.3784,0.1315,True
19137,2026-08-14T15:02:37.692401-03:00,FILUSDT,PREBREAK,1h,2,STRONG,0.6771,0.6786,closed,0.6781,0.6742,0.6726,0.6889,0.6797,0.6704,0.7005,0.6704,True,2026-08-15T15:02:44.64772-03:00,-0.0443194813747445,-0.0654414252737792,False,,,0.7744,0.7961,0.6095,True
19136,2026-08-14T15:02:37.692401-03:00,ALGOUSDT,PREBREAK,1h,6,WATCH,0.08,0.0803,closed,0.0798,0.0795,0.0791,0.0794,0.0802,0.079,0.0803,0.0789,True,2026-08-15T15:02:42.975675-03:00,0.158247254906393,0.108513489101256,False,,,0.0932,0.0954,0.0767,True
19157,2026-08-14T17:02:41.113108-03:00,ETHFIUSDT,BREAKOUT,4h,15,BEST,0.4579,0.451,closed,0.4539,0.4443,0.4507,0.4754,0.4572,0.4434,0.4883,0.4434,True,2026-08-15T17:02:42.23356-03:00,0.657100280458196,0.0241585017932348,True,,,0.6152,0.6329,0.4434,True
19158,2026-08-14T17:02:41.113108-03:00,ONGUSDT,HOLD,4h,10,WATCH,0.0451,0.04303,closed,0.04495,0.04492,0.0459,0.0486,0.0473,0.04415,0.05004,0.04316,True,2026-08-15T17:02:43.926643-03:00,0.62352081857776,0.00172573489002744,True,,,0.08895,0.195,0.04316,True
19165,2026-08-14T18:02:40.169048-03:00,WLFIUSDT,PREBREAK,1h,8,WATCH,0.0562,0.0564,closed,0.0563,0.0556,0.0553,0.0566,0.0573,0.0545,0.0576,0.0545,True,2026-08-15T19:02:38.073478-03:00,-11.5965219985299,0.0375957457411408,False,,,0.0626,0.0636,0.0545,True
19201,2026-08-14T21:02:37.43642-03:00,SHIBUSDT,HOLD,4h,7,WATCH,4.62e-06,4.54e-06,closed,4.62e-06,4.62e-06,4.6e-06,4.49e-06,4.64e-06,4.57e-06,4.64e-06,4.48e-06,True,2026-08-15T21:02:40.058688-03:00,0.0225726407629289,-0.0290906697020975,False,,,6.05e-06,6.22e-06,4.36e-06,True
19199,2026-08-14T21:02:37.43642-03:00,ILVUSDT,BREAKOUT,4h,14,BEST,3.21,2.96,closed,3.17,3.1,3.02,3.0,3.22,3.01,3.22,2.92,True,2026-08-15T21:02:38.050785-03:00,0.777405698012837,0.16651081922917,True,,,3.5,3.5,2.87,True
19202,2026-08-14T21:02:37.43642-03:00,WLFIUSDT,COILING,4h,6,WATCH,0.0556,0.0564,closed,0.0559,0.0553,0.0564,0.0571,0.0565,0.0552,0.0576,0.0552,True,2026-08-15T21:02:41.679126-03:00,0.750794667102449,0.0594759570480685,False,,,0.0627,0.064,0.0552,True
19200,2026-08-14T21:02:37.43642-03:00,ALICEUSDT,BREAKOUT,4h,13,BEST,0.1647,0.1477,closed,0.1751,0.1544,0.1342,0.1232,0.1816,0.1323,0.1816,0.1221,True,2026-08-15T22:02:34.635331-03:00,2.15041254728119,0.020825993480971,True,,,0.1543,0.1555,0.1211,True
19215,2026-08-14T22:02:42.043363-03:00,ALICEUSDT,HOLD,4h,10,STRONG,0.1647,0.131,closed,0.1432,0.1365,0.1348,0.1235,0.1555,0.1323,0.1555,0.1221,True,2026-08-15T23:02:34.799093-03:00,2.15041254728119,0.020825993480971,True,,,0.1513,0.1552,0.1211,True
19214,2026-08-14T22:02:42.043363-03:00,ILVUSDT,HOLD,4h,12,BEST,3.21,2.96,closed,3.08,3.08,3.04,2.99,3.21,3.01,3.21,2.92,True,2026-08-15T23:02:36.546718-03:00,0.777405698012837,0.16651081922917,True,,,3.49,3.54,2.87,True
19226,2026-08-14T23:02:37.206745-03:00,PYTHUSDT,PREBREAK,1h,5,STRONG,0.03936,0.03967,closed,0.03957,0.04029,0.04001,0.03917,0.04037,0.03936,0.04037,0.03908,True,2026-08-15T23:02:38.188154-03:00,-0.00824837794671177,-0.0147037058490075,False,,,0.05233,0.05296,0.03763,True
19244,2026-08-15T01:02:34.060386-03:00,LINKUSDT,HOLD,4h,12,WATCH,9.58,8.904,closed,9.482,9.502,9.32,9.402,9.584,9.308,9.633,9.226,True,2026-08-16T01:02:36.474223-03:00,0.623267410467235,0.0653343517028511,True,,,12.527,12.62,9.226,True
19245,2026-08-15T01:02:34.060386-03:00,ROBOUSDT,HOLD,4h,11,BEST,0.02015,0.01582,closed,0.01985,0.02024,0.01943,0.01401,0.02172,0.01728,0.02172,0.01315,True,2026-08-16T01:02:38.270784-03:00,0.529537055563983,-0.0115012302562599,True,,,0.01517,0.02172,0.01254,True
19283,2026-08-15T05:02:38.442271-03:00,HEMIUSDT,BREAKOUT,4h,11,BEST,0.00553,0.00494,closed,0.00563,0.00583,0.00543,0.00867,0.00638,0.00515,0.009,0.00515,True,2026-08-16T05:02:42.652051-03:00,2.65769781524189,0.0822761800310744,True,,,0.00961,0.01598,0.00515,True
19285,2026-08-15T05:02:38.442271-03:00,JSTUSDT,COILING,4h,8,WATCH,0.10592,0.10683,closed,0.10573,0.10614,0.10626,0.10823,0.10657,0.10568,0.10838,0.10536,True,2026-08-16T05:02:44.526207-03:00,0.15229168097606,0.0662255385363515,True,,,0.1039,0.10989,0.10268,True
19286,2026-08-15T05:02:38.442271-03:00,WLFIUSDT,COILING,4h,5,WATCH,0.0566,0.0598,closed,0.0566,0.0568,0.0565,0.0586,0.0574,0.0561,0.0589,0.0559,True,2026-08-16T05:02:45.93106-03:00,0.760318957229759,0.0544937940463122,False,,,0.0595,0.0748,0.0559,True
19284,2026-08-15T05:02:38.442271-03:00,FFUSDT,PREBREAK,1h,9,STRONG,0.0655,0.06553,closed,0.0657,0.06595,0.06587,0.06542,0.06651,0.06546,0.06651,0.06513,True,2026-08-16T05:02:47.551599-03:00,0.039311869368886,-0.0194854116855592,False,,,0.07421,0.07671,0.06293,True
19307,2026-08-15T07:02:34.665267-03:00,CFGUSDT,COILING,4h,5,STRONG,0.1542,0.1581,closed,0.1542,0.1565,0.1524,0.156,0.1572,0.152,0.1578,0.1507,True,2026-08-16T07:02:37.190321-03:00,1.11330108915682,0.0571419332974956,False,,,0.1398,0.1673,0.1253,True
19308,2026-08-15T07:02:34.665267-03:00,DOTUSDT,PREBREAK,1h,3,WATCH,0.779,0.779,closed,0.782,0.781,0.778,0.759,0.785,0.774,0.785,0.756,True,2026-08-16T07:02:38.317253-03:00,-0.199493111224008,-0.104989780305723,False,,,0.92,1.032,0.723,True
19322,2026-08-15T08:02:37.981162-03:00,STOUSDT,PREBREAK,1h,9,STRONG,0.0391,0.0395,closed,0.0388,0.0387,0.0388,0.0388,0.0392,0.0384,0.0392,0.0384,True,2026-08-16T09:02:34.571395-03:00,0.100415364084577,0.14999713206366,False,,,0.0428,0.0459,0.0378,True
19330,2026-08-15T09:02:36.606566-03:00,SCRUSDT,COILING,4h,6,STRONG,0.02007,0.02061,closed,0.01982,0.02002,0.02052,0.02059,0.02071,0.01975,0.02071,0.01975,True,2026-08-16T10:02:37.123412-03:00,0.690126157655307,0.11119999058249,False,,,0.02281,0.02444,0.01939,True
19341,2026-08-15T10:02:32.905513-03:00,DASHUSDT,PREBREAK,1h,8,WATCH,30.06,30.22,closed,30.1,30.12,30.19,29.94,30.25,30.03,30.25,29.5,True,2026-08-16T10:02:39.647487-03:00,-0.0638117731786825,-0.0866809698124085,False,,,40.16,47.55,29.5,True
19342,2026-08-15T10:02:32.905513-03:00,WLFIUSDT,COILING,4h,5,WATCH,0.0564,0.0598,closed,0.0567,0.0563,0.0565,0.0612,0.0568,0.0559,0.0614,0.0559,True,2026-08-16T10:02:38.441329-03:00,0.713485562054829,0.063458589433084,False,,,0.0593,0.0748,0.0559,True
19352,2026-08-15T11:02:40.035929-03:00,BANANAUSDT,BREAKOUT,4h,15,BEST,4.03,3.989,closed,4.074,3.98,4.029,3.763,4.09,3.895,4.09,3.736,True,2026-08-16T12:02:33.061546-03:00,0.840934656714819,0.114232234352601,True,,,,,,False
19353,2026-08-15T11:02:40.035929-03:00,ETHFIUSDT,BREAKOUT,4h,10,STRONG,0.4827,0.4589,closed,0.484,0.4752,0.478,0.4934,0.4862,0.47,0.498,0.47,True,2026-08-16T12:02:34.593095-03:00,0.283205524476973,0.00721706574815417,True,,,,,,False
19364,2026-08-15T12:02:45.739969-03:00,BCHUSDT,PREBREAK,1h,11,WATCH,206.0,206.7,closed,206.1,205.3,203.1,204.4,207.3,202.7,207.3,202.7,True,2026-08-16T13:02:38.700387-03:00,-0.0639324219691053,-0.133915474062522,False,,,,,,False
19365,2026-08-15T12:02:45.739969-03:00,APTUSDT,PREBREAK,1h,11,WATCH,0.544,0.547,closed,0.545,0.543,0.537,0.533,0.545,0.535,0.55,0.527,True,2026-08-16T13:02:36.114254-03:00,-0.14382207823712,-0.0112171573669276,False,,,,,,False
19363,2026-08-15T12:02:45.739969-03:00,HUMAUSDT,BREAKOUT,4h,11,BEST,0.02136,0.02031,closed,0.02137,0.02152,0.02059,0.02046,0.02175,0.02057,0.02175,0.01999,True,2026-08-16T13:02:37.352497-03:00,1.09332396965866,-0.0396404308183284,True,,,,,,False
19378,2026-08-15T13:02:38.636164-03:00,WCTUSDT,COILING,4h,6,STRONG,0.03459,0.03554,closed,0.03458,0.03443,0.03432,0.03441,0.03476,0.03425,0.0356,0.03394,True,2026-08-16T13:02:41.367826-03:00,1.06445581013366,0.0469257179271323,False,,,,,,False
19377,2026-08-15T13:02:38.636164-03:00,AAVEUSDT,PREBREAK,1h,6,WATCH,87.09,87.27,closed,87.05,87.05,86.67,86.91,87.23,86.53,87.23,85.63,True,2026-08-16T13:02:42.599082-03:00,0.106328081952259,-0.0438511005103781,False,,,,,,False
19376,2026-08-15T13:02:38.636164-03:00,HEMIUSDT,HOLD,4h,10,STRONG,0.00654,0.00494,closed,0.00604,0.00635,0.00702,0.00601,0.00749,0.00596,0.009,0.00585,True,2026-08-16T13:02:43.906838-03:00,4.16145848222007,0.0211200555474032,True,,,,,,False
19374,2026-08-15T13:02:38.636164-03:00,BOMEUSDT,BREAKOUT,4h,15,BEST,0.0008479,0.0008423,closed,0.0008553,0.0009246,0.0008928,0.0008407,0.0009462,0.0008398,0.0009462,0.0008009,True,2026-08-16T13:02:45.338795-03:00,0.286849996638188,0.0548348503837755,True,,,,,,False
19375,2026-08-15T13:02:38.636164-03:00,LINKUSDT,HOLD,4h,11,WATCH,9.512,9.017,closed,9.493,9.613,9.588,9.389,9.633,9.492,9.633,9.296,True,2026-08-16T13:02:40.047168-03:00,0.51842871125893,0.045261683514522,False,,,,,,False
19393,2026-08-15T14:02:35.201598-03:00,WLDUSDT,PREBREAK,1h,5,STRONG,0.3483,0.3501,closed,0.3505,0.35,0.3504,0.3691,0.3547,0.3469,0.3701,0.3424,True,2026-08-16T15:02:34.801535-03:00,-0.0580231745794563,-0.0269343802763517,False,,,,,,False
19395,2026-08-15T14:02:35.201598-03:00,APTUSDT,COILING,4h,4,WATCH,0.544,0.569,closed,0.542,0.54,0.539,0.535,0.542,0.535,0.55,0.527,True,2026-08-16T15:02:32.940931-03:00,2.2671662337905,0.0607677571721682,False,,,,,,False
19394,2026-08-15T14:02:35.201598-03:00,BCHUSDT,COILING,4h,5,WATCH,205.2,216.3,closed,206.4,204.7,203.9,204.6,206.7,202.7,206.7,202.7,True,2026-08-16T15:02:36.675399-03:00,2.96882305858163,0.482395418855457,False,,,,,,False
19406,2026-08-15T15:02:40.144695-03:00,OPGUSDT,HOLD,4h,13,BEST,0.0975,0.095,closed,0.0967,0.098,0.0966,0.0969,0.0985,0.0963,0.1024,0.094,True,2026-08-16T16:02:32.685043-03:00,0.746053292023164,0.0912207551182904,True,,,,,,False
19426,2026-08-15T17:02:41.165357-03:00,BERAUSDT,COILING,4h,5,STRONG,0.1466,0.1493,closed,0.1462,0.1472,0.1462,0.1468,0.1627,0.1454,0.1627,0.1441,True,2026-08-16T18:02:30.634288-03:00,1.44077928926216,0.0342475105876534,False,,,,,,False
19425,2026-08-15T17:02:41.165357-03:00,CHIPUSDT,HOLD,4h,13,BEST,0.02681,0.02488,closed,0.02625,0.02656,0.02719,0.02902,0.02793,0.02612,0.032,0.02612,True,2026-08-16T18:02:32.345191-03:00,2.05356690471693,0.066874289025125,True,,,,,,False
19450,2026-08-15T19:02:37.321469-03:00,BCHUSDT,COILING,4h,4,WATCH,204.0,216.3,closed,203.5,203.5,203.8,202.7,204.0,203.1,205.0,201.9,True,2026-08-16T20:02:34.238948-03:00,1.04282319963162,0.46469537648802,False,,,,,,False
19456,2026-08-15T20:02:34.406751-03:00,GMTUSDT,COILING,4h,6,STRONG,0.00643,0.00657,closed,0.00618,0.0062,0.00613,0.00617,0.00624,0.00612,0.00631,0.00609,True,2026-08-16T20:02:35.823574-03:00,0.425320374375917,0.102583913863218,False,,,,,,False
19462,2026-08-15T21:02:35.078593-03:00,DOGEUSDT,PREBREAK,1h,6,WATCH,0.06961,0.0702,closed,0.06959,0.0696,0.06983,0.06962,0.06994,0.06951,0.07018,0.06904,True,2026-08-16T21:02:40.056565-03:00,-0.00707524570058499,-0.077477522046162,False,,,,,,False
19461,2026-08-15T21:02:35.078593-03:00,PENGUUSDT,PREBREAK,1h,7,STRONG,0.005996,0.00606,closed,0.006013,0.006006,0.006015,0.005932,0.006022,0.005981,0.006079,0.00588,True,2026-08-16T21:02:38.788156-03:00,-0.0314978683763553,-0.0279027400672734,False,,,,,,False
19463,2026-08-15T21:02:35.078593-03:00,OPGUSDT,COILING,4h,5,STRONG,0.0952,0.0981,closed,0.0951,0.0946,0.0986,0.0967,0.0991,0.094,0.1024,0.094,True,2026-08-16T21:02:36.458278-03:00,0.432522399994297,0.0716826708890433,False,,,,,,False
19464,2026-08-15T21:02:35.078593-03:00,APTUSDT,COILING,4h,3,WATCH,0.538,0.569,closed,0.538,0.538,0.533,0.518,0.54,0.527,0.54,0.515,True,2026-08-16T21:02:37.608043-03:00,0.652988262045797,0.0605859853183313,False,,,,,,False
19471,2026-08-15T22:02:33.846385-03:00,BERAUSDT,COILING,4h,3,STRONG,0.1461,0.1515,closed,0.1527,0.1491,0.1446,0.1463,0.1535,0.1441,0.1535,0.1432,True,2026-08-16T22:02:37.027808-03:00,4.34438095042114,0.0422134764397512,False,,,,,,False
19470,2026-08-15T22:02:33.846385-03:00,HBARUSDT,PREBREAK,1h,12,WATCH,0.06534,0.06591,closed,0.06518,0.0651,0.06529,0.06481,0.06534,0.06489,0.06545,0.06429,True,2026-08-16T22:02:35.123328-03:00,0.141191837735457,-0.0850807478372907,False,,,,,,False
19484,2026-08-16T01:02:35.742524-03:00,JSTUSDT,HOLD,4h,12,WATCH,0.10729,0.10683,closed,0.10787,0.10802,0.10824,0.10933,0.10838,0.10737,0.10962,0.10629,True,2026-08-17T01:02:39.074161-03:00,0.369302975284124,0.140043373480256,True,,,,,,False
19485,2026-08-16T01:02:35.742524-03:00,XPLUSDT,PREBREAK,1h,10,STRONG,0.07766,0.07828,closed,0.07761,0.07785,0.07734,0.07575,0.07832,0.07615,0.07916,0.07399,True,2026-08-17T01:02:37.576452-03:00,0.897632368656704,-0.0353976222962947,False,,,,,,False
19499,2026-08-16T03:02:32.214974-03:00,BERAUSDT,COILING,4h,3,STRONG,0.1467,0.1515,closed,0.1449,0.1444,0.1452,0.1461,0.1464,0.1443,0.1478,0.1432,True,2026-08-17T03:02:36.645086-03:00,1.39165557328759,0.0920024342505054,False,,,,,,False
19517,2026-08-16T05:02:41.805677-03:00,ETHFIUSDT,HOLD,4h,12,BEST,0.4807,0.461,closed,0.4779,0.4804,0.4845,0.507,0.4851,0.4743,0.5233,0.4743,True,2026-08-17T06:02:40.680609-03:00,0.110776066893368,0.0394752153021732,False,,,,,,False
19519,2026-08-16T05:02:41.805677-03:00,SYRUPUSDT,HOLD,4h,10,WATCH,0.16,0.1584,closed,0.16,0.1599,0.1604,0.1605,0.1687,0.159,0.1687,0.159,True,2026-08-17T05:02:45.132535-03:00,0.18636939380426,0.00954399990372412,False,,,,,,False
19516,2026-08-16T05:02:41.805677-03:00,TOWNSUSDT,BREAKOUT,4h,13,BEST,0.00229,0.00225,closed,0.00227,0.00229,0.00236,0.00235,0.00237,0.00226,0.00246,0.00226,True,2026-08-17T05:02:41.834631-03:00,0.211407364516611,0.0544548475118181,False,,,,,,False
19518,2026-08-16T05:02:41.805677-03:00,HEMIUSDT,HOLD,4h,11,BEST,0.00864,0.00749,closed,0.00859,0.00834,0.00657,0.00618,0.00872,0.00627,0.00872,0.00555,True,2026-08-17T05:02:43.421929-03:00,1.14622888052936,-0.00378341532640569,True,,,,,,False
19528,2026-08-16T06:02:35.806369-03:00,XPLUSDT,PREBREAK,1h,5,STRONG,0.07803,0.07832,closed,0.07767,0.07833,0.0777,0.07695,0.07916,0.0773,0.07916,0.07399,True,2026-08-17T06:02:42.408616-03:00,-0.917056773449435,-0.0319629635056396,False,,,,,,False
19537,2026-08-16T07:02:36.091746-03:00,ARUSDT,HOLD,4h,13,WATCH,1.817,1.778,closed,1.806,1.804,1.809,1.813,1.812,1.8,1.833,1.781,True,2026-08-17T08:02:41.658851-03:00,1.91962867429872,0.0952163453593858,True,,,,,,False
19547,2026-08-16T08:02:36.403249-03:00,DASHUSDT,PREBREAK,1h,5,WATCH,29.79,30.09,closed,29.79,29.76,30.01,30.43,30.18,29.74,30.7,29.74,True,2026-08-17T08:02:44.853302-03:00,-0.022816068542188,-0.0795784966003557,False,,,,,,False
19546,2026-08-16T08:02:36.403249-03:00,XRPUSDT,PREBREAK,1h,8,WATCH,1.0002,1.0068,closed,1.0005,0.9999,1.0012,1.0021,1.0016,0.9993,1.0074,0.9882,True,2026-08-17T08:02:43.151159-03:00,1.1555457114527,-0.127608530670379,False,,,,,,False
19563,2026-08-16T09:02:33.527984-03:00,APTUSDT,COILING,4h,4,WATCH,0.536,0.563,closed,0.535,0.535,0.536,0.521,0.536,0.531,0.537,0.515,True,2026-08-17T09:02:50.253809-03:00,0.43734527271005,0.0943944392285761,False,,,,,,False
19561,2026-08-16T09:02:33.527984-03:00,JSTUSDT,COILING,4h,10,WATCH,0.10711,0.10775,closed,0.10642,0.10675,0.10752,0.10888,0.10752,0.10629,0.10989,0.10629,True,2026-08-17T09:02:48.733053-03:00,0.506244498986592,0.171555812824494,True,,,,,,False
19560,2026-08-16T09:02:33.527984-03:00,TOWNSUSDT,HOLD,4h,13,BEST,0.00235,0.00225,closed,0.00235,0.00237,0.00233,0.00228,0.00244,0.00231,0.00246,0.00226,True,2026-08-17T09:02:51.734117-03:00,0.314739324773949,0.0610383035316802,False,,,,,,False
19562,2026-08-16T09:02:33.527984-03:00,SUIUSDT,PREBREAK,1h,7,WATCH,0.6767,0.6819,closed,0.676,0.6784,0.6803,0.6778,0.681,0.6759,0.6818,0.6668,True,2026-08-17T09:02:47.028455-03:00,-0.600048411023091,0.00415228811025952,False,,,,,,False
19576,2026-08-16T10:02:36.153272-03:00,CAKEUSDT,BREAKOUT,4h,14,WATCH,1.459,1.452,closed,1.462,1.465,1.461,1.462,1.466,1.455,1.47,1.444,True,2026-08-17T11:02:36.343427-03:00,0.459712739533132,0.0316664622662583,False,,,,,,False
19578,2026-08-16T10:02:36.153272-03:00,RAREUSDT,PREBREAK,1h,6,STRONG,0.01175,0.01179,closed,0.01168,0.01173,0.01189,0.01248,0.01274,0.01161,0.01373,0.01161,True,2026-08-17T11:02:38.245877-03:00,-3.53923746789555,0.00313142876303826,False,,,,,,False
19577,2026-08-16T10:02:36.153272-03:00,AAVEUSDT,PREBREAK,1h,8,WATCH,86.14,86.73,closed,85.8,86.11,86.95,86.67,87.3,85.65,87.3,85.33,True,2026-08-17T11:02:34.537586-03:00,0.0531944607762301,0.00135807270703898,False,,,,,,False
19589,2026-08-16T11:02:27.685953-03:00,ZECUSDT,PREBREAK,1h,9,STRONG,490.21,490.68,closed,491.52,494.91,491.18,513.4,495.76,489.49,520.0,485.1,True,2026-08-17T11:02:40.089763-03:00,0.0528837564997125,0.0305217748464476,False,,,,,,False
19612,2026-08-16T13:02:35.142259-03:00,XLMUSDT,PREBREAK,1h,6,WATCH,0.1579,0.1585,closed,0.1586,0.1588,0.1575,0.159,0.1598,0.1573,0.1598,0.1559,True,2026-08-17T13:02:40.916538-03:00,-0.0395869487252304,-0.123919693490569,False,,,,,,False
19609,2026-08-16T13:02:35.142259-03:00,WLDUSDT,BREAKOUT,4h,13,BEST,0.3585,0.3547,closed,0.3616,0.3691,0.3622,0.359,0.3715,0.3564,0.3715,0.3519,True,2026-08-17T13:02:35.538881-03:00,0.0878054941548719,0.00979539602775347,True,,,,,,False
19610,2026-08-16T13:02:35.142259-03:00,DUSKUSDT,HOLD,4h,10,STRONG,0.0733,0.0668,closed,0.0734,0.0705,0.0709,0.0671,0.0738,0.069,0.0738,0.0665,True,2026-08-17T13:02:37.339943-03:00,4.69827427822094,0.0120838277822531,True,,,,,,False
19611,2026-08-16T13:02:35.142259-03:00,ZECUSDT,COILING,4h,7,STRONG,494.09,499.0,closed,494.29,492.24,491.68,513.73,494.38,489.49,520.0,485.1,True,2026-08-17T13:02:38.951419-03:00,0.105033155824404,0.0546522572239781,False,,,,,,False
19625,2026-08-16T14:02:29.793462-03:00,JSTUSDT,COILING,4h,10,WATCH,0.10745,0.10838,closed,0.10805,0.10821,0.10851,0.10779,0.10863,0.10794,0.10989,0.10733,True,2026-08-17T14:02:38.942278-03:00,0.376602672325111,0.153798534280431,True,,,,,,False
19626,2026-08-16T14:02:29.793462-03:00,UNIUSDT,PREBREAK,1h,3,STRONG,3.309,3.315,closed,3.298,3.304,3.293,3.279,3.315,3.286,3.321,3.236,True,2026-08-17T14:02:40.196478-03:00,-0.0622630940409054,0.0188826734231862,False,,,,,,False
19624,2026-08-16T14:02:29.793462-03:00,SOLUSDT,PREBREAK,1h,15,WATCH,75.56,75.66,closed,75.53,75.28,75.01,75.98,75.6,74.93,76.22,74.1,True,2026-08-17T14:02:41.458106-03:00,0.145183331823458,-0.104219373294992,False,,,,,,False
19639,2026-08-16T15:02:32.089356-03:00,XRPUSDT,PREBREAK,1h,6,WATCH,1.001,1.0035,closed,0.999,0.9999,0.9939,1.0011,1.0025,0.9902,1.0086,0.9882,True,2026-08-17T16:02:40.882936-03:00,-0.400231570276611,-0.144483741722396,False,,,,,,False
19638,2026-08-16T15:02:32.089356-03:00,FILUSDT,PREBREAK,1h,7,WATCH,0.682,0.684,closed,0.6818,0.6814,0.6635,0.6697,0.6825,0.6583,0.6825,0.6583,True,2026-08-17T16:02:39.554661-03:00,0.0664693757267651,-0.0347760261022897,False,,,,,,False
19637,2026-08-16T15:02:32.089356-03:00,DUSKUSDT,BREAKOUT,4h,11,BEST,0.0733,0.0668,closed,0.0721,0.0709,0.07,0.0679,0.0727,0.0696,0.0727,0.0665,True,2026-08-17T16:02:38.222504-03:00,4.69827427822094,0.0120838277822531,True,,,,,,False
19640,2026-08-16T15:02:32.089356-03:00,DASHUSDT,PREBREAK,1h,6,WATCH,30.17,30.44,closed,30.19,30.14,29.8,30.39,30.3,29.76,30.7,29.76,True,2026-08-17T16:02:36.823562-03:00,0.184423494765958,-0.0152559834873037,False,,,,,,False
19679,2026-08-16T19:02:30.975332-03:00,TAOUSDT,PREBREAK,1h,7,WATCH,195.8,197.9,closed,196.3,196.5,196.6,196.5,197.2,195.2,198.6,194.6,True,2026-08-17T19:02:37.791824-03:00,-0.0482227225405796,-0.0513256796550908,False,,,,,,False
19677,2026-08-16T19:02:30.975332-03:00,BCHUSDT,PREBREAK,1h,10,WATCH,202.9,205.0,closed,203.2,203.7,204.7,204.9,205.0,202.7,205.9,202.7,True,2026-08-17T19:02:39.794104-03:00,0.811355861178525,0.557343755817521,False,,,,,,False
19676,2026-08-16T19:02:30.975332-03:00,HBARUSDT,PREBREAK,1h,13,WATCH,0.06498,0.06545,closed,0.06494,0.06482,0.06489,0.06585,0.06519,0.06429,0.06638,0.06429,True,2026-08-17T19:02:35.756921-03:00,-0.131636498746307,-0.0664543640205909,False,,,,,,False
19678,2026-08-16T19:02:30.975332-03:00,DOGEUSDT,PREBREAK,1h,7,WATCH,0.06941,0.07018,closed,0.0696,0.06965,0.07,0.07049,0.07028,0.06932,0.0706,0.06932,True,2026-08-17T19:02:33.731667-03:00,-0.0395128288068589,-0.0757653004640055,False,,,,,,False
19688,2026-08-16T20:02:33.447587-03:00,ETHUSDT,PREBREAK,1h,11,WATCH,1876.05,1892.31,closed,1874.42,1875.97,1903.34,1904.43,1908.62,1872.46,1915.5,1872.46,True,2026-08-17T20:02:35.690765-03:00,0.382500639484019,-0.0478926449954204,False,,,,,,False
19695,2026-08-16T21:02:35.233399-03:00,BARDUSDT,COILING,4h,4,STRONG,0.1047,0.11,closed,0.1044,0.1054,0.1054,0.1042,0.1063,0.1041,0.1078,0.1035,True,2026-08-17T21:02:36.326231-03:00,0.360477490070485,0.0924200810565732,False,,,,,,False
19721,2026-08-17T00:02:33.082056-03:00,POLUSDT,PREBREAK,1h,6,WATCH,0.0751,0.07557,closed,0.07501,0.07511,0.07522,0.07879,0.07547,0.0749,0.0849,0.0749,True,2026-08-18T00:02:37.657551-03:00,-0.0950191031633103,-0.00401232532830999,False,,,,,,False
19720,2026-08-17T00:02:33.082056-03:00,BCHUSDT,PREBREAK,1h,8,WATCH,205.0,205.0,closed,204.9,204.8,205.6,202.9,205.9,204.5,205.9,202.5,True,2026-08-18T00:02:41.40093-03:00,0.895326130202273,0.540174141213008,False,,,,,,False
19722,2026-08-17T00:02:33.082056-03:00,AAVEUSDT,PREBREAK,1h,5,WATCH,87.04,87.3,closed,86.87,86.8,86.34,87.98,86.97,86.23,89.62,85.69,True,2026-08-18T00:02:39.568985-03:00,0.00426582888713579,0.00431184883393977,False,,,,,,False
19732,2026-08-17T01:02:36.688035-03:00,ONDOUSDT,COILING,4h,6,STRONG,0.3338,0.3341,closed,0.3342,0.3354,0.3377,0.33,0.3396,0.3337,0.3423,0.3277,True,2026-08-18T02:02:35.632949-03:00,0.0334373893885303,0.0648087721306835,False,,,,,,False
19733,2026-08-17T01:02:36.688035-03:00,ZECUSDT,COILING,4h,4,WATCH,492.98,499.0,closed,493.35,492.48,513.59,508.27,520.0,491.49,522.09,491.49,True,2026-08-18T01:02:37.438709-03:00,0.159913173226971,0.0666358340080381,False,,,,,,False
19731,2026-08-17T01:02:36.688035-03:00,JSTUSDT,HOLD,4h,11,WATCH,0.10936,0.10838,closed,0.10926,0.10928,0.10958,0.10742,0.1098,0.10895,0.10989,0.10663,True,2026-08-18T02:02:34.352474-03:00,0.237893657008968,0.177377176122162,True,,,,,,False
19741,2026-08-17T02:02:33.542872-03:00,ZECUSDT,PREBREAK,1h,6,WATCH,492.0,495.76,closed,492.59,494.82,509.4,510.4,520.0,491.63,522.09,491.63,True,2026-08-18T02:02:38.501841-03:00,0.159913173226971,0.0666358340080381,False,,,,,,False
19740,2026-08-17T02:02:33.542872-03:00,MUBARAKUSDT,BREAKOUT,4h,10,WATCH,0.01774,0.0175,closed,0.01824,0.0179,0.01756,0.01629,0.01859,0.01724,0.01859,0.01628,True,2026-08-18T02:02:37.059091-03:00,0.0166291159521522,-0.0325579517312016,False,,,,,,False
19769,2026-08-17T05:02:39.227787-03:00,MORPHOUSDT,BREAKOUT,4h,13,WATCH,2.072,2.015,closed,2.068,2.079,2.079,2.12,2.111,2.05,2.168,2.05,True,2026-08-18T05:02:42.944443-03:00,5.69039259520169,0.00884725035458629,True,,,,,,False
19771,2026-08-17T05:02:39.227787-03:00,ONGUSDT,HOLD,4h,11,BEST,0.05919,0.05517,closed,0.05887,0.05911,0.05775,0.05919,0.06039,0.05664,0.06153,0.05196,True,2026-08-18T05:02:39.355294-03:00,0.691070668318917,0.0131128366831879,True,,,,,,False
19770,2026-08-17T05:02:39.227787-03:00,DIAUSDT,HOLD,4h,12,BEST,0.1423,0.1298,closed,0.1416,0.1452,0.1479,0.1231,0.1486,0.1402,0.1486,0.1214,True,2026-08-18T05:02:41.201111-03:00,0.0632826844660676,-0.00778360336844422,True,,,,,,False
19768,2026-08-17T05:02:39.227787-03:00,CHIPUSDT,BREAKOUT,4h,15,BEST,0.03253,0.032,closed,0.03245,0.03012,0.03131,0.02921,0.03257,0.02923,0.03257,0.02712,True,2026-08-18T06:02:45.238682-03:00,0.809058102332438,0.0144568971041778,True,,,,,,False
19772,2026-08-17T05:02:39.227787-03:00,CAKEUSDT,COILING,4h,8,WATCH,1.463,1.469,closed,1.463,1.463,1.468,1.459,1.469,1.459,1.479,1.453,True,2026-08-18T06:02:46.807098-03:00,0.287422245003061,0.061032933520645,True,,,,,,False
19783,2026-08-17T06:02:39.680934-03:00,MORPHOUSDT,HOLD,4h,12,WATCH,2.072,2.015,closed,2.092,2.086,2.081,2.142,2.111,2.074,2.168,2.072,True,2026-08-18T06:02:48.234281-03:00,5.69039259520169,0.00884725035458629,True,,,,,,False
19793,2026-08-17T08:02:40.963816-03:00,SYRUPUSDT,PREBREAK,1h,9,STRONG,0.1646,0.1654,closed,0.1651,0.1663,0.1708,0.1625,0.172,0.1642,0.172,0.1618,True,2026-08-18T09:02:39.981534-03:00,3.56718278486931,-0.0156140623426097,False,,,,,,False
19802,2026-08-17T09:02:45.79749-03:00,TAOUSDT,PREBREAK,1h,2,WATCH,196.7,198.6,closed,196.5,195.6,196.6,192.0,197.6,194.8,197.6,189.5,True,2026-08-18T10:02:33.943892-03:00,-0.101879060789322,0.0100838434552041,False,,,,,,False
19801,2026-08-17T09:02:45.79749-03:00,ATOMUSDT,COILING,4h,6,WATCH,1.441,1.526,closed,1.437,1.426,1.412,1.398,1.442,1.41,1.442,1.379,True,2026-08-18T10:02:37.542794-03:00,0.470922044688039,0.0797174411204984,False,,,,,,False
19799,2026-08-17T09:02:45.79749-03:00,ONDOUSDT,BREAKOUT,4h,12,BEST,0.341,0.3358,closed,0.3409,0.3383,0.3383,0.3316,0.3423,0.3368,0.3423,0.3277,True,2026-08-18T10:02:35.860498-03:00,0.156023899552911,0.0638433129570503,True,,,,,,False
19798,2026-08-17T09:02:45.79749-03:00,GPSUSDT,HOLD,4h,15,BEST,0.01693,0.014,closed,0.01688,0.0154,0.01585,0.01827,0.01752,0.01419,0.01857,0.01419,True,2026-08-18T09:02:47.677804-03:00,0.927381567020933,0.0767387047588473,True,,,,,,False
19800,2026-08-17T09:02:45.79749-03:00,ETHUSDT,HOLD,4h,9,WATCH,1904.46,1892.31,closed,1902.91,1898.36,1912.57,1902.52,1915.5,1896.28,1918.71,1885.78,True,2026-08-18T09:02:45.977433-03:00,1.81010934634919,0.00748493858767605,True,,,,,,False
19808,2026-08-17T10:02:31.354603-03:00,ONDOUSDT,HOLD,4h,11,BEST,0.341,0.3358,closed,0.3381,0.3392,0.3365,0.3292,0.34,0.3358,0.34,0.3277,True,2026-08-18T10:02:40.921709-03:00,0.156023899552911,0.0638433129570503,True,,,,,,False
19809,2026-08-17T10:02:31.354603-03:00,RENDERUSDT,PREBREAK,1h,7,WATCH,1.274,1.275,closed,1.275,1.273,1.27,1.265,1.28,1.265,1.28,1.247,True,2026-08-18T10:02:39.26248-03:00,0.00988996593956727,0.0391794670626831,False,,,,,,False
19827,2026-08-17T12:02:34.899899-03:00,ZAMAUSDT,PREBREAK,1h,5,STRONG,0.04249,0.04254,closed,0.04272,0.04231,0.04177,0.04307,0.04296,0.04152,0.04363,0.03998,True,2026-08-18T13:02:40.133147-03:00,-0.000873987172245389,-0.0344502119901786,False,,,,,,False
19834,2026-08-17T13:02:34.575436-03:00,ZECUSDT,HOLD,4h,8,WATCH,513.92,499.0,closed,511.39,510.51,514.51,510.96,519.2,508.5,522.09,500.1,True,2026-08-18T13:02:47.436202-03:00,1.60916811906386,-0.0267591518044514,False,,,,,,False
19832,2026-08-17T13:02:34.575436-03:00,ETHUSDT,BREAKOUT,4h,13,WATCH,1913.22,1912.6,closed,1908.8,1907.01,1906.91,1917.86,1914.19,1904.59,1923.27,1885.78,True,2026-08-18T13:02:43.72199-03:00,2.21011161156456,0.00274294612479019,True,,,,,,False
19836,2026-08-17T13:02:34.575436-03:00,PENGUUSDT,COILING,4h,4,STRONG,0.006005,0.00613,closed,0.005969,0.005917,0.005958,0.006105,0.006004,0.005903,0.006134,0.005903,True,2026-08-18T13:02:41.933195-03:00,0.0591388506311986,0.0735120811084205,False,,,,,,False
19833,2026-08-17T13:02:34.575436-03:00,VIRTUALUSDT,BREAKOUT,4h,9,STRONG,0.5874,0.5701,closed,0.5859,0.5799,0.575,0.5899,0.589,0.5745,0.5933,0.5678,True,2026-08-18T13:02:45.691189-03:00,0.138690144174285,0.0530179246414096,False,,,,,,False
19835,2026-08-17T13:02:34.575436-03:00,RENDERUSDT,COILING,4h,6,WATCH,1.275,1.284,closed,1.269,1.27,1.267,1.272,1.276,1.266,1.277,1.247,True,2026-08-18T13:02:49.284464-03:00,0.0850343659206682,0.0832667624008596,True,,,,,,False
19847,2026-08-17T14:02:37.86698-03:00,APTUSDT,PREBREAK,1h,9,WATCH,0.524,0.53,closed,0.527,0.528,0.53,0.526,0.533,0.525,0.535,0.517,True,2026-08-18T14:02:39.175375-03:00,0.0728742733499876,-0.0945215149788046,False,,,,,,False
19849,2026-08-17T14:02:37.86698-03:00,MEGAUSDT,COILING,4h,4,STRONG,0.03178,0.03287,closed,0.03212,0.03181,0.03293,0.03207,0.03298,0.0318,0.03323,0.03109,True,2026-08-18T14:02:42.467168-03:00,0.189117448864293,0.0919404295474481,False,,,,,,False
19848,2026-08-17T14:02:37.86698-03:00,JSTUSDT,COILING,4h,5,WATCH,0.10739,0.1098,closed,0.10813,0.10886,0.10874,0.10663,0.10898,0.10717,0.10898,0.1061,True,2026-08-18T14:02:40.707979-03:00,0.0674259492695872,0.0636319472055041,False,,,,,,False
19876,2026-08-17T17:02:34.270333-03:00,XPLUSDT,PREBREAK,1h,7,STRONG,0.07676,0.07759,closed,0.07668,0.07662,0.07619,0.07537,0.07675,0.07589,0.07759,0.07458,True,2026-08-18T17:02:42.694736-03:00,1.60807312023383,0.000784741622246064,False,,,,,,False
19875,2026-08-17T17:02:34.270333-03:00,COMPUSDT,HOLD,4h,13,WATCH,18.04,16.49,closed,18.01,17.85,17.89,17.47,18.5,17.68,18.5,17.11,True,2026-08-18T17:02:41.562984-03:00,0.704765422954275,0.126815467727798,True,,,,,,False
19881,2026-08-17T18:02:32.750022-03:00,RENDERUSDT,COILING,4h,2,WATCH,1.267,1.284,closed,1.273,1.275,1.273,1.262,1.277,1.268,1.277,1.247,True,2026-08-18T18:02:41.722429-03:00,0.0407092820020398,0.0762783755889892,False,,,,,,False
19886,2026-08-17T19:02:32.921374-03:00,JSTUSDT,COILING,4h,4,WATCH,0.10829,0.10989,closed,0.10801,0.10776,0.10746,0.10664,0.10816,0.10663,0.10846,0.1061,True,2026-08-18T19:02:43.744232-03:00,0.0980691096724179,0.0508550947078855,False,,,,,,False
19895,2026-08-17T20:02:34.83595-03:00,SUIUSDT,PREBREAK,1h,7,WATCH,0.6731,0.6808,closed,0.6742,0.6754,0.6515,0.6508,0.677,0.6354,0.677,0.6354,True,2026-08-18T20:02:35.705253-03:00,-0.0651491132504798,0.0288725841324103,False,,,,,,False
19900,2026-08-17T21:02:35.465033-03:00,NEARUSDT,COILING,4h,4,WATCH,1.638,1.656,closed,1.643,1.646,1.635,1.588,1.65,1.621,1.666,1.586,True,2026-08-18T21:02:53.364021-03:00,0.0506916163496733,0.0424800547552853,False,,,,,,False
19901,2026-08-17T21:02:35.465033-03:00,MEGAUSDT,COILING,4h,4,STRONG,0.03223,0.03287,closed,0.03232,0.03221,0.03203,0.03198,0.03235,0.03181,0.03235,0.03109,True,2026-08-18T21:02:54.645744-03:00,0.411787371280415,0.0624938606311428,False,,,,,,False
19898,2026-08-17T21:02:35.465033-03:00,SOLUSDT,HOLD,4h,11,WATCH,76.02,76.0,closed,76.07,75.98,75.44,77.05,76.09,75.2,77.41,75.2,True,2026-08-18T21:02:50.439605-03:00,0.064640390916434,-0.00775332978970074,True,,,,,,False
19897,2026-08-17T21:02:35.465033-03:00,AAVEUSDT,HOLD,4h,13,WATCH,89.27,87.4,closed,89.35,89.23,88.06,87.44,89.45,87.65,90.02,86.78,True,2026-08-18T21:02:56.035457-03:00,0.279424148610385,0.0447967528821988,True,,,,,,False
19899,2026-08-17T21:02:35.465033-03:00,VIRTUALUSDT,HOLD,4h,11,BEST,0.5819,0.5701,closed,0.5813,0.5779,0.572,0.5737,0.5824,0.5678,0.594,0.5678,True,2026-08-18T21:02:51.950468-03:00,0.109322990571842,0.0245550986590179,False,,,,,,False
19905,2026-08-17T22:02:32.94488-03:00,ICPUSDT,PREBREAK,1h,5,WATCH,2.284,2.298,closed,2.291,2.29,2.273,2.182,2.298,2.253,2.298,2.17,True,2026-08-18T22:02:34.734188-03:00,-0.0750341341015674,-0.00667664123899545,False,,,,,,False
19915,2026-08-18T01:02:33.448901-03:00,AAVEUSDT,COILING,4h,6,WATCH,88.19,88.55,closed,88.1,88.27,88.39,87.73,89.2,88.01,90.02,86.78,True,2026-08-19T02:02:37.165348-03:00,0.132059644766887,0.0281739823383094,True,,,,,,False
19940,2026-08-18T05:02:35.285805-03:00,XPLUSDT,PREBREAK,1h,7,STRONG,0.07688,0.0775,closed,0.07685,0.07709,0.07653,0.07558,0.07759,0.076,0.07759,0.0746,True,2026-08-19T05:02:47.722312-03:00,0.0117836538273969,-0.0161996577082005,False,,,,,,False
19941,2026-08-18T05:02:35.285805-03:00,CFGUSDT,COILING,4h,7,STRONG,0.1634,0.164,closed,0.1627,0.1644,0.162,0.1405,0.165,0.1609,0.165,0.14,True,2026-08-19T05:02:42.518058-03:00,0.705344115648981,0.0244160948171392,True,,,,,,False
19939,2026-08-18T05:02:35.285805-03:00,OPNUSDT,HOLD,4h,11,BEST,0.0573,0.0539,closed,0.0577,0.0571,0.0598,0.0543,0.0614,0.0571,0.0628,0.0514,True,2026-08-19T05:02:46.276409-03:00,0.0674887681449091,0.065869139959208,True,,,,,,False
19942,2026-08-18T05:02:35.285805-03:00,BONKUSDT,COILING,4h,3,STRONG,2.28e-06,2.38e-06,closed,2.28e-06,2.29e-06,2.3e-06,2.3e-06,2.31e-06,2.27e-06,2.35e-06,2.27e-06,True,2026-08-19T05:02:44.812918-03:00,0.102143158375058,0.0685734919678544,False,,,,,,False
19952,2026-08-18T06:02:44.372843-03:00,AAVEUSDT,COILING,4h,4,WATCH,88.54,89.62,closed,88.74,88.82,89.27,88.4,89.65,88.5,90.02,86.78,True,2026-08-19T07:02:41.75847-03:00,0.332789950352224,0.0396677055493213,False,,,,,,False
19951,2026-08-18T06:02:44.372843-03:00,PENDLEUSDT,BREAKOUT,4h,13,BEST,1.348,1.334,closed,1.359,1.352,1.345,1.301,1.362,1.343,1.362,1.295,True,2026-08-19T07:02:39.918824-03:00,0.571570127746727,0.0501123980792267,True,,,,,,False
19963,2026-08-18T07:02:35.072175-03:00,ARBUSDT,PREBREAK,1h,6,WATCH,0.0755,0.0759,closed,0.0753,0.0754,0.0752,0.077,0.0756,0.0751,0.0777,0.0748,True,2026-08-19T07:02:43.834595-03:00,0.534152639063608,-0.00671302559233537,False,,,,,,False
19971,2026-08-18T08:02:38.562041-03:00,TRUMPUSDT,PREBREAK,1h,3,WATCH,1.409,1.409,closed,1.41,1.409,1.403,1.411,1.413,1.398,1.415,1.39,True,2026-08-19T09:02:44.04065-03:00,-0.0952903059683849,-0.0122744155067076,False,,,,,,False
19978,2026-08-18T09:02:39.299875-03:00,SUIUSDT,COILING,4h,3,WATCH,0.6509,0.6841,closed,0.6515,0.6526,0.6558,0.658,0.6602,0.6507,0.6608,0.647,True,2026-08-19T09:02:45.433113-03:00,0.0574779935731078,0.0244519567477186,False,,,,,,False
19976,2026-08-18T09:02:39.299875-03:00,LAUSDT,BREAKOUT,4h,8,STRONG,0.0552,0.0519,closed,0.0546,0.0549,0.0589,0.0554,0.0599,0.0535,0.06,0.0535,True,2026-08-19T09:02:48.345067-03:00,0.0844094800245703,0.00533435515520582,True,,,,,,False
19977,2026-08-18T09:02:39.299875-03:00,ARBUSDT,COILING,4h,7,WATCH,0.0754,0.0759,closed,0.0753,0.0752,0.0756,0.077,0.0759,0.0749,0.0777,0.0748,True,2026-08-19T09:02:46.968498-03:00,1.21390478728972,0.029941183698884,True,,,,,,False
19979,2026-08-18T09:02:39.299875-03:00,RENDERUSDT,COILING,4h,2,WATCH,1.264,1.28,closed,1.267,1.264,1.272,1.27,1.276,1.261,1.276,1.256,True,2026-08-19T09:02:49.740703-03:00,0.0493988721696336,0.0528693624751152,False,,,,,,False
19989,2026-08-18T11:02:32.88386-03:00,PENGUUSDT,PREBREAK,1h,7,STRONG,0.006079,0.006091,closed,0.006074,0.006055,0.006096,0.006185,0.006134,0.006038,0.006256,0.006012,True,2026-08-19T11:02:37.289383-03:00,0.227567295455561,0.00633789472248903,False,,,,,,False
19991,2026-08-18T11:02:32.88386-03:00,UNIUSDT,PREBREAK,1h,4,STRONG,3.277,3.296,closed,3.27,3.281,3.282,3.375,3.312,3.255,3.416,3.255,True,2026-08-19T11:02:35.123901-03:00,-0.283233471210413,-0.0226386925010578,False,,,,,,False
19990,2026-08-18T11:02:32.88386-03:00,AAVEUSDT,COILING,4h,7,WATCH,89.09,89.62,closed,89.33,89.28,89.33,89.38,90.02,89.09,90.02,86.78,True,2026-08-19T11:02:39.328114-03:00,0.664242747991681,0.0400697772732376,True,,,,,,False
19996,2026-08-18T12:02:32.170499-03:00,WLFIUSDT,PREBREAK,1h,11,WATCH,0.0603,0.0609,closed,0.0604,0.0602,0.0606,0.0601,0.0608,0.06,0.0608,0.0597,True,2026-08-19T12:02:43.702717-03:00,0.0621265996706802,-0.0104909998533306,False,,,,,,False
19999,2026-08-18T12:02:32.170499-03:00,LDOUSDT,PREBREAK,1h,6,STRONG,0.3037,0.3056,closed,0.3044,0.3048,0.3048,0.3135,0.3059,0.3037,0.3139,0.3023,True,2026-08-19T12:02:47.697854-03:00,-0.0427709716547126,0.117134942055,False,,,,,,False
19998,2026-08-18T12:02:32.170499-03:00,VIRTUALUSDT,PREBREAK,1h,6,STRONG,0.5854,0.5891,closed,0.5879,0.5889,0.5856,0.5846,0.594,0.5849,0.594,0.5683,True,2026-08-19T12:02:46.402606-03:00,0.19327036822246,0.0144660192309205,False,,,,,,False
19997,2026-08-18T12:02:32.170499-03:00,HBARUSDT,PREBREAK,1h,11,WATCH,0.0661,0.06614,closed,0.06615,0.06621,0.06632,0.06819,0.06638,0.06578,0.06839,0.06578,True,2026-08-19T12:02:45.106171-03:00,5.09306362265178,-0.103295692461707,True,,,,,,False
20011,2026-08-18T13:02:39.387258-03:00,PENDLEUSDT,HOLD,4h,13,BEST,1.354,1.334,closed,1.352,1.35,1.334,1.37,1.356,1.331,1.39,1.285,True,2026-08-19T13:02:46.520326-03:00,1.22662481558239,0.0483218910397766,True,,,,,,False
20012,2026-08-18T13:02:39.387258-03:00,LAUSDT,HOLD,4h,11,BEST,0.0591,0.0522,closed,0.0599,0.0573,0.0576,0.0574,0.06,0.0557,0.06,0.0541,True,2026-08-19T13:02:41.051211-03:00,0.162760911966139,0.0458044652924566,True,,,,,,False
20010,2026-08-18T13:02:39.387258-03:00,MORPHOUSDT,BREAKOUT,4h,15,WATCH,2.191,2.168,closed,2.181,2.163,2.137,2.138,2.189,2.123,2.189,2.015,True,2026-08-19T13:02:44.709038-03:00,0.752050049047269,0.0900093863114926,True,,,,,,False
20009,2026-08-18T13:02:39.387258-03:00,SOLUSDT,BREAKOUT,4h,15,WATCH,77.19,76.27,closed,76.98,76.97,77.14,81.93,77.41,76.85,83.0,76.63,True,2026-08-19T13:02:48.151922-03:00,10.3802016031502,-0.00280671750151393,True,,,,,,False
20013,2026-08-18T13:02:39.387258-03:00,LINKUSDT,PREBREAK,1h,9,WATCH,9.48,9.557,closed,9.484,9.52,9.509,9.935,9.545,9.452,10.077,9.452,True,2026-08-19T13:02:42.872731-03:00,0.204131714538487,-0.0294397603170175,False,,,,,,False
20023,2026-08-18T14:02:38.202076-03:00,OPUSDT,COILING,4h,5,STRONG,0.0831,0.0858,closed,0.0823,0.0823,0.082,0.0857,0.0827,0.0818,0.0871,0.0811,True,2026-08-19T14:02:46.071719-03:00,0.634644576860538,0.0338479870114394,False,,,,,,False
20024,2026-08-18T14:02:38.202076-03:00,RENDERUSDT,COILING,4h,4,WATCH,1.27,1.28,closed,1.269,1.27,1.262,1.31,1.274,1.261,1.327,1.256,True,2026-08-19T14:02:49.960357-03:00,0.0452512784089645,0.034216229058833,False,,,,,,False
20022,2026-08-18T14:02:38.202076-03:00,LDOUSDT,COILING,4h,6,STRONG,0.3049,0.3105,closed,0.3043,0.3044,0.3041,0.3221,0.3054,0.3037,0.3317,0.3023,True,2026-08-19T14:02:44.325916-03:00,0.10117203902062,0.168651851043338,False,,,,,,False
20020,2026-08-18T14:02:38.202076-03:00,SOLUSDT,HOLD,4h,10,WATCH,77.19,76.27,closed,76.92,76.96,76.97,81.47,77.41,76.75,83.0,76.63,True,2026-08-19T14:02:42.406452-03:00,10.3802016031502,-0.00280671750151393,True,,,,,,False
20021,2026-08-18T14:02:38.202076-03:00,SKYUSDT,HOLD,4h,8,WATCH,0.05498,0.05434,closed,0.05514,0.05534,0.05591,0.05929,0.05608,0.0549,0.063,0.0549,True,2026-08-19T14:02:47.782288-03:00,0.148427251209836,-0.0783888247573564,True,,,,,,False
20033,2026-08-18T15:02:36.068325-03:00,WCTUSDT,COILING,4h,4,STRONG,0.03429,0.0356,closed,0.03407,0.03398,0.03371,0.03495,0.03417,0.03367,0.03551,0.03339,True,2026-08-19T15:02:44.93349-03:00,0.164584435256222,0.0489785762207075,False,,,,,,False
20032,2026-08-18T15:02:36.068325-03:00,ZROUSDT,COILING,4h,4,STRONG,0.79,0.804,closed,0.778,0.778,0.775,0.853,0.786,0.773,0.878,0.773,True,2026-08-19T15:02:43.158241-03:00,0.0311305490159698,0.0841606950157084,False,,,,,,False
20041,2026-08-18T16:02:35.620322-03:00,AAVEUSDT,COILING,4h,6,WATCH,89.5,89.62,closed,89.68,89.39,87.06,92.39,89.71,86.78,94.49,86.78,True,2026-08-19T16:02:39.556907-03:00,13.7257550249581,0.0647603018748473,True,,,,,,False
20052,2026-08-18T17:02:40.697455-03:00,BANKUSDT,BREAKOUT,4h,9,WATCH,0.038,0.0377,closed,0.0372,0.0365,0.0366,0.0355,0.0381,0.0359,0.0381,0.0351,True,2026-08-19T17:02:45.019364-03:00,0.07190949027818,0.0538195762640119,False,,,,,,False
20053,2026-08-18T17:02:40.697455-03:00,ATOMUSDT,COILING,4h,3,WATCH,1.429,1.505,closed,1.428,1.429,1.412,1.463,1.431,1.412,1.466,1.396,True,2026-08-19T17:02:46.484427-03:00,0.203607646621533,0.0311809242316586,False,,,,,,False
20078,2026-08-18T21:02:49.505664-03:00,FETUSDT,PREBREAK,1h,5,STRONG,0.1222,0.1233,closed,0.1216,0.1213,0.1218,0.1315,0.1221,0.1207,0.132,0.1207,True,2026-08-19T21:02:50.67702-03:00,0.0233986843583105,-0.0722381990161821,False,,,,,,False
20076,2026-08-18T21:02:49.505664-03:00,CAKEUSDT,HOLD,4h,11,WATCH,1.53,1.479,closed,1.518,1.515,1.521,1.624,1.527,1.513,1.638,1.513,True,2026-08-19T22:02:33.397107-03:00,0.296723088504961,-0.00227408623325985,True,,,,,,False
20075,2026-08-18T21:02:49.505664-03:00,HBARUSDT,BREAKOUT,4h,13,WATCH,0.06737,0.06646,closed,0.0672,0.06734,0.06778,0.0707,0.06782,0.06708,0.07181,0.06708,True,2026-08-19T22:02:37.727058-03:00,0.711729782366789,-0.0686124005686014,True,,,,,,False
20079,2026-08-18T21:02:49.505664-03:00,AAVEUSDT,COILING,4h,4,WATCH,87.53,90.02,closed,87.19,87.23,87.73,95.54,87.79,87.01,97.55,87.01,True,2026-08-19T22:02:34.691227-03:00,7.68664366581819,0.0440465833065647,False,,,,,,False
20077,2026-08-18T21:02:49.505664-03:00,PUMPUSDT,BREAKOUT,4h,7,STRONG,0.003098,0.003004,closed,0.003066,0.00307,0.003014,0.003009,0.003118,0.002998,0.003251,0.002934,True,2026-08-19T22:02:36.273182-03:00,0.0223272530513039,-0.0206307253747752,True,,,,,,False
20087,2026-08-18T22:02:33.975173-03:00,BANKUSDT,COILING,4h,2,WATCH,0.0365,0.0377,closed,0.0371,0.0368,0.0356,0.0361,0.0374,0.0355,0.0374,0.0351,True,2026-08-19T22:02:39.192009-03:00,0.0353593016881598,0.0334382991034632,False,,,,,,False
20086,2026-08-18T22:02:33.975173-03:00,XRPUSDT,PREBREAK,1h,7,WATCH,0.9964,1.0067,closed,0.9986,0.9986,1.0002,1.1113,1.0014,0.9962,1.1363,0.9962,True,2026-08-19T22:02:40.463776-03:00,0.188488266279766,-0.0695249735616008,True,,,,,,False
20103,2026-08-19T01:02:32.622152-03:00,ZROUSDT,COILING,4h,6,STRONG,0.803,0.804,closed,0.806,0.805,0.833,0.865,0.841,0.798,0.888,0.798,True,2026-08-20T01:02:44.848745-03:00,0.0554314538057516,0.133727670308165,True,,,,,,False
20102,2026-08-19T01:02:32.622152-03:00,PENGUUSDT,COILING,4h,7,STRONG,0.006108,0.006134,closed,0.006117,0.006165,0.00618,0.006427,0.006205,0.006101,0.006645,0.006101,True,2026-08-20T01:02:46.258587-03:00,0.321603320950576,0.0262037945687441,True,,,,,,False
20101,2026-08-19T01:02:32.622152-03:00,LINKUSDT,BREAKOUT,4h,13,WATCH,9.705,9.585,closed,9.597,9.606,9.682,10.443,9.723,9.563,10.892,9.563,True,2026-08-20T01:02:43.269833-03:00,0.19049185248688,0.0007996298203115,True,,,,,,False
20109,2026-08-19T02:02:35.95596-03:00,HBARUSDT,BREAKOUT,4h,12,WATCH,0.06771,0.06646,closed,0.06788,0.06753,0.06777,0.07116,0.06799,0.06734,0.07181,0.06734,True,2026-08-20T02:02:38.328432-03:00,0.635347975471857,-0.0527853684378236,True,,,,,,False
20128,2026-08-19T03:02:45.48168-03:00,BANKUSDT,COILING,4h,1,WATCH,0.0361,0.0381,closed,0.0356,0.0357,0.0355,0.0357,0.0359,0.0351,0.0366,0.0351,True,2026-08-20T04:02:39.344719-03:00,0.0282339397745222,0.0298904963505277,False,,,,,,False
20126,2026-08-19T03:02:45.48168-03:00,BCHUSDT,PREBREAK,1h,9,WATCH,203.0,205.0,closed,202.8,202.8,203.5,211.5,205.1,202.1,214.3,202.1,True,2026-08-20T04:02:37.712928-03:00,0.0147967761471738,-0.0812254174681865,False,,,,,,False
20127,2026-08-19T03:02:45.48168-03:00,HBARUSDT,HOLD,4h,8,WATCH,0.06771,0.06646,closed,0.0675,0.06759,0.06766,0.07148,0.06789,0.06734,0.07181,0.06734,True,2026-08-20T04:02:36.055111-03:00,0.635347975471857,-0.0527853684378236,True,,,,,,False
20138,2026-08-19T04:02:29.22736-03:00,TAOUSDT,PREBREAK,1h,6,WATCH,192.0,193.4,closed,191.7,191.9,192.3,206.7,192.6,191.4,209.9,191.4,True,2026-08-20T04:02:40.870665-03:00,-0.422340709373951,-0.0599006965936633,False,,,,,,False
20148,2026-08-19T05:02:41.842297-03:00,NEARUSDT,COILING,4h,3,WATCH,1.613,1.666,closed,1.608,1.61,1.619,1.741,1.629,1.599,1.772,1.599,True,2026-08-20T05:02:54.24285-03:00,0.10651248007863,0.0807871943266267,False,,,,,,False
20145,2026-08-19T05:02:41.842297-03:00,LINKUSDT,HOLD,4h,11,WATCH,9.699,9.585,closed,9.669,9.794,9.773,10.551,9.84,9.664,10.892,9.658,True,2026-08-20T05:02:49.93089-03:00,0.183138734799068,0.00515845794042571,True,,,,,,False
20146,2026-08-19T05:02:41.842297-03:00,UNIUSDT,COILING,4h,7,STRONG,3.329,3.34,closed,3.34,3.33,3.381,3.628,3.393,3.269,3.761,3.269,True,2026-08-20T05:02:51.215817-03:00,0.206989601158352,0.0429677303750836,True,,,,,,False
20147,2026-08-19T05:02:41.842297-03:00,LDOUSDT,PREBREAK,1h,6,STRONG,0.3051,0.3059,closed,0.3047,0.306,0.3062,0.3367,0.3069,0.3044,0.3423,0.3044,True,2026-08-20T05:02:52.854609-03:00,0.215337873833044,0.288553377413645,False,,,,,,False
20156,2026-08-19T06:02:34.498448-03:00,LDOUSDT,COILING,4h,4,STRONG,0.3051,0.3105,closed,0.3057,0.3049,0.3076,0.343,0.3083,0.3046,0.348,0.3046,True,2026-08-20T06:02:47.082748-03:00,0.215337873833044,0.288553377413645,False,,,,,,False
20154,2026-08-19T06:02:34.498448-03:00,AVAXUSDT,PREBREAK,1h,9,WATCH,6.359,6.382,closed,6.357,6.337,6.351,6.915,6.371,6.306,6.947,6.291,True,2026-08-20T06:02:48.878022-03:00,0.0776011665736907,-0.131294443556033,False,,,,,,False
20155,2026-08-19T06:02:34.498448-03:00,CAKEUSDT,HOLD,4h,8,WATCH,1.543,1.515,closed,1.536,1.537,1.539,1.629,1.56,1.533,1.638,1.533,True,2026-08-20T06:02:45.454982-03:00,0.321512077905099,-0.0400337612738024,True,,,,,,False
20170,2026-08-19T07:02:39.022453-03:00,ZROUSDT,BREAKOUT,4h,10,STRONG,0.829,0.804,closed,0.849,0.848,0.863,0.898,0.867,0.827,0.918,0.827,True,2026-08-20T08:07:40.904836-03:00,0.125810553201539,0.127032701151801,True,,,,,,False
20194,2026-08-19T09:02:43.324159-03:00,HEMIUSDT,HOLD,4h,12,BEST,0.00907,0.00754,closed,0.0095,0.00928,0.00911,0.00914,0.00974,0.00835,0.00974,0.00801,True,2026-08-20T09:02:49.287861-03:00,0.54191043767995,-0.0226353460918083,True,,,,,,False
20195,2026-08-19T09:02:43.324159-03:00,NIGHTUSDT,HOLD,4h,11,BEST,0.01802,0.01748,closed,0.01797,0.01793,0.01866,0.01994,0.0192,0.01784,0.01996,0.01784,True,2026-08-20T09:02:51.388578-03:00,0.119276860952282,0.0748523277583514,True,,,,,,False
20191,2026-08-19T09:02:43.324159-03:00,PENGUUSDT,HOLD,4h,13,BEST,0.00623,0.006157,closed,0.006233,0.006217,0.00631,0.007244,0.00646,0.006174,0.007268,0.006174,True,2026-08-20T09:02:47.471151-03:00,0.440367029528145,0.0482292402451914,True,,,,,,False
20192,2026-08-19T09:02:43.324159-03:00,UNIUSDT,BREAKOUT,4h,13,BEST,3.392,3.34,closed,3.392,3.381,3.516,3.72,3.529,3.369,3.761,3.369,True,2026-08-20T09:02:45.57514-03:00,0.343464120911863,0.0600496926105412,True,,,,,,False
20193,2026-08-19T09:02:43.324159-03:00,DOTUSDT,BREAKOUT,4h,13,WATCH,0.777,0.77,closed,0.778,0.776,0.779,0.821,0.796,0.768,0.824,0.768,True,2026-08-20T09:02:53.014587-03:00,0.619788427878422,-0.105314675680025,False,,,,,,False
20205,2026-08-19T10:02:38.963593-03:00,INJUSDT,HOLD,4h,10,STRONG,4.245,4.191,closed,4.246,4.251,4.383,4.776,4.431,4.23,4.893,4.23,True,2026-08-20T10:02:54.133587-03:00,0.0552421053581863,-0.01182853381536,False,,,,,,False
20206,2026-08-19T10:02:38.963593-03:00,ESPUSDT,BREAKOUT,4h,10,STRONG,0.07794,0.07524,closed,0.07868,0.0792,0.07984,0.08915,0.0805,0.07562,0.08956,0.07562,True,2026-08-20T10:02:58.936803-03:00,0.0976199338297042,0.00833348453565781,True,,,,,,False
20204,2026-08-19T10:02:38.963593-03:00,MUBARAKUSDT,BREAKOUT,4h,11,BEST,0.01903,0.01859,closed,0.01849,0.01945,0.02372,0.01968,0.0253,0.01838,0.0253,0.01838,True,2026-08-20T10:02:57.386982-03:00,0.117394945456961,0.067716494762609,True,,,,,,False
20207,2026-08-19T10:02:38.963593-03:00,NEARUSDT,COILING,4h,4,WATCH,1.619,1.666,closed,1.619,1.623,1.679,1.73,1.697,1.615,1.772,1.615,True,2026-08-20T10:02:55.761304-03:00,0.471167304484841,0.0648014496975031,False,,,,,,False
20223,2026-08-19T11:02:34.296184-03:00,PEPEUSDT,PREBREAK,1h,7,WATCH,2.6e-06,2.61e-06,closed,2.61e-06,2.66e-06,2.71e-06,3.14e-06,2.77e-06,2.59e-06,3.22e-06,2.59e-06,True,2026-08-20T11:02:43.411597-03:00,0.0806289721352308,-0.00807832129639374,False,,,,,,False
20224,2026-08-19T11:02:34.296184-03:00,ETHFIUSDT,PREBREAK,1h,6,STRONG,0.4948,0.4981,closed,0.4954,0.5019,0.5035,0.5435,0.5214,0.494,0.5864,0.494,True,2026-08-20T11:02:42.154626-03:00,0.0156824849129581,-0.0678613220305238,False,,,,,,False
20244,2026-08-19T12:02:42.256636-03:00,AVAXUSDT,PREBREAK,1h,10,WATCH,6.378,6.393,closed,6.446,6.583,6.521,6.993,6.729,6.384,6.995,6.384,True,2026-08-20T12:02:44.189485-03:00,-0.254318470468256,-0.133964182667082,False,,,,,,False
20247,2026-08-19T12:02:42.256636-03:00,VIRTUALUSDT,PREBREAK,1h,5,STRONG,0.5838,0.5865,closed,0.5873,0.5885,0.5897,0.6288,0.6055,0.583,0.6603,0.583,True,2026-08-20T13:02:47.153352-03:00,-0.0255614117569652,-0.0870705755883833,False,,,,,,False
20246,2026-08-19T12:02:42.256636-03:00,HBARUSDT,HOLD,4h,7,WATCH,0.06779,0.0674,closed,0.06888,0.06941,0.06939,0.07327,0.07045,0.0682,0.07395,0.0682,True,2026-08-20T12:02:42.788969-03:00,0.654742369689935,-0.0306062187261935,True,,,,,,False
20245,2026-08-19T12:02:42.256636-03:00,ICPUSDT,PREBREAK,1h,8,WATCH,2.209,2.225,closed,2.237,2.248,2.226,2.353,2.29,2.213,2.388,2.213,True,2026-08-20T12:02:45.457566-03:00,-0.174565872109378,-0.0415588169451472,False,,,,,,False
20264,2026-08-19T13:02:39.804044-03:00,ZECUSDT,BREAKOUT,4h,13,WATCH,550.62,522.09,closed,551.72,556.9,550.85,573.32,560.0,545.0,580.0,545.0,True,2026-08-20T13:02:50.297288-03:00,1.64616498324252,0.0400396522447138,True,,,,,,False
20267,2026-08-19T13:02:39.804044-03:00,BCHUSDT,PREBREAK,1h,13,WATCH,204.8,205.1,closed,207.5,206.7,207.6,223.0,208.5,205.5,223.2,205.5,True,2026-08-20T13:02:54.970715-03:00,0.632151268036919,0.460348208523991,False,,,,,,False
20263,2026-08-19T13:02:39.804044-03:00,UNIUSDT,HOLD,4h,13,BEST,3.513,3.34,closed,3.57,3.552,3.545,3.699,3.609,3.478,3.761,3.478,True,2026-08-20T13:02:48.751969-03:00,0.536629579917288,0.0923839700533557,True,,,,,,False
20265,2026-08-19T13:02:39.804044-03:00,LDOUSDT,BREAKOUT,4h,13,BEST,0.3286,0.3099,closed,0.3252,0.3218,0.3239,0.3405,0.3302,0.3163,0.348,0.3163,True,2026-08-20T13:02:51.887958-03:00,1.23364332239174,0.290914851304885,True,,,,,,False
20266,2026-08-19T13:02:39.804044-03:00,METUSDT,BREAKOUT,4h,13,BEST,0.1823,0.1812,closed,0.1816,0.1776,0.1838,0.213,0.1849,0.1766,0.23,0.1766,True,2026-08-20T13:02:53.414714-03:00,0.0898540668389958,0.0350977700969406,True,,,,,,False
20285,2026-08-19T14:02:41.399051-03:00,ARBUSDT,BREAKOUT,4h,11,WATCH,0.0797,0.0772,closed,0.0803,0.0806,0.085,0.0906,0.0852,0.0797,0.0912,0.0797,True,2026-08-20T14:02:53.050269-03:00,1.13089551909763,0.0025438174785791,True,,,,,,False
20284,2026-08-19T14:02:41.399051-03:00,SOLUSDT,HOLD,4h,11,WATCH,81.83,77.41,closed,81.24,81.67,84.18,87.86,84.3,81.01,88.1,81.01,True,2026-08-20T14:02:51.545589-03:00,0.879559151427589,0.0399858912504519,True,,,,,,False
20288,2026-08-19T14:02:41.399051-03:00,CAKEUSDT,HOLD,4h,8,WATCH,1.574,1.532,closed,1.577,1.583,1.61,1.637,1.613,1.563,1.64,1.563,True,2026-08-20T14:02:50.127054-03:00,0.520443417795519,-0.0649960830702761,True,,,,,,False
20287,2026-08-19T14:02:41.399051-03:00,NEXOUSDT,BREAKOUT,4h,9,WATCH,0.738,0.716,closed,0.744,0.745,0.755,0.794,0.756,0.728,0.807,0.72,True,2026-08-20T14:02:48.558166-03:00,0.314443749578725,-0.0298074116159497,True,,,,,,False
20286,2026-08-19T14:02:41.399051-03:00,WBETHUSDT,HOLD,4h,9,WATCH,2302.89,2124.74,closed,2294.85,2309.18,2455.48,2584.62,2472.96,2281.76,2603.42,2281.76,True,2026-08-20T14:02:54.531763-03:00,0.353736513899569,-0.108286166458886,True,,,,,,False
20309,2026-08-19T15:02:42.296497-03:00,AAVEUSDT,BREAKOUT,4h,11,WATCH,92.92,90.02,closed,92.29,92.37,96.16,97.12,97.55,91.97,98.8,91.97,True,2026-08-20T15:02:48.227399-03:00,0.993917052437818,0.0429080664379518,True,,,,,,False
20311,2026-08-19T15:02:42.296497-03:00,ARBUSDT,HOLD,4h,10,WATCH,0.0797,0.076,closed,0.0804,0.0805,0.0891,0.0895,0.0897,0.0801,0.0912,0.0801,True,2026-08-20T15:02:45.250682-03:00,1.13089551909763,0.0025438174785791,True,,,,,,False
20307,2026-08-19T15:02:42.296497-03:00,HBARUSDT,BREAKOUT,4h,13,WATCH,0.06921,0.068,closed,0.06916,0.06939,0.07169,0.07322,0.07181,0.06896,0.07449,0.06896,True,2026-08-20T15:02:46.840465-03:00,0.582425145924246,-0.00988160193408572,True,,,,,,False
20310,2026-08-19T15:02:42.296497-03:00,FETUSDT,BREAKOUT,4h,11,BEST,0.1264,0.1254,closed,0.1253,0.1257,0.1314,0.1417,0.132,0.1248,0.145,0.1248,True,2026-08-20T15:02:43.660018-03:00,0.101994839686801,-0.0236940496888288,False,,,,,,False
20308,2026-08-19T15:02:42.296497-03:00,SOLUSDT,BREAKOUT,4h,12,WATCH,81.83,77.41,closed,81.5,82.11,86.15,87.11,87.21,81.27,88.1,81.27,True,2026-08-20T16:02:36.963306-03:00,0.879559151427589,0.0399858912504519,True,,,,,,False
20325,2026-08-19T16:02:38.568354-03:00,PENDLEUSDT,BREAKOUT,4h,7,STRONG,1.367,1.362,closed,1.372,1.381,1.421,1.477,1.451,1.368,1.522,1.368,True,2026-08-20T16:02:38.796212-03:00,0.0579153463594516,-0.158545331935663,True,,,,,,False
20323,2026-08-19T16:02:38.568354-03:00,DASHUSDT,BREAKOUT,4h,11,WATCH,30.85,30.7,closed,30.72,31.08,31.53,32.52,32.31,30.64,33.65,30.64,True,2026-08-20T16:02:43.685539-03:00,0.117819046576248,0.0418527821681061,True,,,,,,False
20326,2026-08-19T16:02:38.568354-03:00,OPUSDT,COILING,4h,7,STRONG,0.0849,0.0857,closed,0.0853,0.0866,0.0899,0.0936,0.092,0.0851,0.0967,0.0851,True,2026-08-20T16:02:40.336897-03:00,0.459235378445251,0.0549604865118853,False,,,,,,False
20324,2026-08-19T16:02:38.568354-03:00,BCHUSDT,COILING,4h,8,WATCH,204.8,205.9,closed,206.0,207.6,211.8,220.7,214.0,205.7,226.7,205.7,True,2026-08-20T16:02:42.050652-03:00,0.632151268036919,0.460348208523991,False,,,,,,False
20322,2026-08-19T16:02:38.568354-03:00,CAKEUSDT,BREAKOUT,4h,15,WATCH,1.574,1.547,closed,1.594,1.588,1.617,1.626,1.638,1.586,1.647,1.585,True,2026-08-20T16:02:45.323721-03:00,0.520443417795519,-0.0649960830702761,True,,,,,,False
20337,2026-08-19T17:02:44.270144-03:00,ETCUSDT,HOLD,4h,13,WATCH,6.35,6.24,closed,6.36,6.49,6.55,6.83,6.69,6.35,6.96,6.35,True,2026-08-20T17:02:47.095625-03:00,1.02901899973922,0.0914877046240808,True,,,,,,False
20336,2026-08-19T17:02:44.270144-03:00,LUNCUSDT,HOLD,4h,13,WATCH,4.931e-05,4.873e-05,closed,4.947e-05,5.008e-05,5.022e-05,5.258e-05,5.15e-05,4.928e-05,5.382e-05,4.928e-05,True,2026-08-20T17:02:51.104238-03:00,23.17118640114,0.0586555116919554,True,,,,,,False
20340,2026-08-19T17:02:44.270144-03:00,OPUSDT,BREAKOUT,4h,12,BEST,0.0864,0.0857,closed,0.0867,0.0892,0.0902,0.0933,0.092,0.0865,0.0967,0.0865,True,2026-08-20T17:02:48.323546-03:00,0.321543478679354,0.0101101849182949,True,,,,,,False
20339,2026-08-19T17:02:44.270144-03:00,ENAUSDT,HOLD,4h,11,BEST,0.0899,0.0863,closed,0.0898,0.093,0.0937,0.1071,0.0952,0.0897,0.1105,0.0897,True,2026-08-20T17:02:45.398394-03:00,0.191744993817543,0.038081009189453,True,,,,,,False
20335,2026-08-19T17:02:44.270144-03:00,SKYUSDT,HOLD,4h,13,WATCH,0.05994,0.05652,closed,0.0601,0.06019,0.06013,0.06192,0.06181,0.05932,0.06211,0.05932,True,2026-08-20T17:02:49.730937-03:00,1.94119869547365,0.152334735888592,False,,,,,,False
20338,2026-08-19T17:02:44.270144-03:00,NEIROUSDT,HOLD,4h,13,BEST,6.691e-05,6.484e-05,closed,6.703e-05,6.838e-05,6.871e-05,8.747e-05,7.007e-05,6.682e-05,8.995e-05,6.682e-05,True,2026-08-20T18:02:42.239311-03:00,0.728607832109596,0.0345928124334771,False,,,,,,False
20334,2026-08-19T17:02:44.270144-03:00,RENDERUSDT,HOLD,4h,13,WATCH,1.335,1.28,closed,1.334,1.355,1.376,1.382,1.402,1.333,1.427,1.333,True,2026-08-20T18:02:40.43966-03:00,0.903199643059988,0.137161688190255,True,,,,,,False
20358,2026-08-19T18:02:38.606788-03:00,WIFUSDT,BREAKOUT,4h,13,WATCH,0.1418,0.1392,closed,0.1457,0.1469,0.1481,0.1637,0.1485,0.1439,0.1657,0.1439,True,2026-08-20T18:02:44.152224-03:00,1.32748624579831,-0.0098109648869505,True,,,,,,False
20357,2026-08-19T18:02:38.606788-03:00,ETCUSDT,BREAKOUT,4h,13,WATCH,6.35,6.24,closed,6.58,6.62,6.61,6.88,6.69,6.49,6.96,6.49,True,2026-08-20T18:02:52.901634-03:00,1.02901899973922,0.0914877046240808,True,,,,,,False
20359,2026-08-19T18:02:38.606788-03:00,NEARUSDT,BREAKOUT,4h,12,WATCH,1.7,1.666,closed,1.742,1.759,1.747,1.739,1.772,1.72,1.772,1.704,True,2026-08-20T18:02:45.910711-03:00,2.79665428373288,0.0536906896290523,True,,,,,,False
20361,2026-08-19T18:02:38.606788-03:00,TAOUSDT,BREAKOUT,4h,12,WATCH,199.4,198.6,closed,206.4,208.0,206.5,210.9,209.9,203.8,214.7,202.9,True,2026-08-20T18:02:49.408731-03:00,0.385082483681357,-0.0299337206335038,True,,,,,,False
20360,2026-08-19T18:02:38.606788-03:00,ADAUSDT,BREAKOUT,4h,12,WATCH,0.1813,0.1779,closed,0.1881,0.1897,0.1862,0.1983,0.1923,0.1852,0.2035,0.1818,True,2026-08-20T18:02:47.667443-03:00,0.254453005698788,-0.0404039217893496,True,,,,,,False
20362,2026-08-19T18:02:38.606788-03:00,ORDIUSDT,BREAKOUT,4h,12,BEST,3.537,3.489,closed,3.659,3.701,3.677,4.09,3.711,3.603,4.448,3.58,True,2026-08-20T18:02:51.177315-03:00,0.326775669151003,0.0220886457186588,True,,,,,,False
20378,2026-08-19T19:02:40.389828-03:00,SUIUSDT,BREAKOUT,4h,11,WATCH,0.6961,0.6808,closed,0.7149,0.7062,0.7103,0.7344,0.7195,0.7022,0.7532,0.6905,True,2026-08-20T20:02:41.600964-03:00,6.30316515610201,-0.0178309460570944,True,,,,,,False
20380,2026-08-19T19:02:40.389828-03:00,LINKUSDT,HOLD,4h,10,WATCH,10.117,9.84,closed,10.724,10.567,10.551,10.536,10.744,10.466,10.876,10.365,True,2026-08-20T20:02:45.599035-03:00,0.474505211606366,0.0185864853501967,True,,,,,,False
20379,2026-08-19T19:02:40.389828-03:00,FLOKIUSDT,BREAKOUT,4h,11,WATCH,2.128e-05,2.038e-05,closed,2.197e-05,2.18e-05,2.196e-05,2.333e-05,2.223e-05,2.17e-05,2.364e-05,2.149e-05,True,2026-08-20T20:02:44.330535-03:00,1.0374484915105,-0.0495482145683257,True,,,,,,False
20377,2026-08-19T19:02:40.389828-03:00,DOGEUSDT,BREAKOUT,4h,11,WATCH,0.07311,0.0706,closed,0.07527,0.0748,0.07568,0.0801,0.07573,0.074,0.08355,0.074,True,2026-08-20T20:02:40.320286-03:00,2.52168592417485,0.0222673432680134,True,,,,,,False
20376,2026-08-19T19:02:40.389828-03:00,INJUSDT,HOLD,4h,12,BEST,4.52,4.271,closed,4.599,4.588,4.656,4.763,4.66,4.542,4.893,4.542,True,2026-08-20T20:02:42.901049-03:00,0.484511327204604,0.06079396843108,True,,,,,,False
20388,2026-08-19T20:02:38.460207-03:00,APTUSDT,HOLD,4h,10,WATCH,0.55,0.537,closed,0.564,0.562,0.56,0.574,0.567,0.556,0.585,0.555,True,2026-08-20T20:02:52.253382-03:00,0.644677998247274,-0.00979545900253847,True,,,,,,False
20387,2026-08-19T20:02:38.460207-03:00,DOTUSDT,HOLD,4h,10,WATCH,0.78,0.77,closed,0.789,0.79,0.788,0.841,0.797,0.787,0.849,0.78,True,2026-08-20T20:02:46.867837-03:00,5.13345216239196,-0.0109590769142214,True,,,,,,False
20389,2026-08-19T20:02:38.460207-03:00,TIAUSDT,HOLD,4h,10,STRONG,0.3214,0.3068,closed,0.3256,0.3241,0.3234,0.3426,0.3267,0.3211,0.3446,0.3203,True,2026-08-20T20:02:48.113912-03:00,0.31901954266355,-0.0132422983689227,True,,,,,,False
20385,2026-08-19T20:02:38.460207-03:00,TRUMPUSDT,HOLD,4h,10,WATCH,1.496,1.419,closed,1.786,1.763,1.689,1.624,1.865,1.668,1.865,1.602,True,2026-08-20T20:02:49.608922-03:00,0.42656310918393,-0.0203991509382525,True,,,,,,False
20386,2026-08-19T20:02:38.460207-03:00,FETUSDT,HOLD,4h,10,STRONG,0.1273,0.1246,closed,0.1308,0.1315,0.1305,0.144,0.1331,0.1303,0.145,0.1287,True,2026-08-20T20:02:50.989114-03:00,0.143401235056689,-0.00640665544337806,False,,,,,,False
20397,2026-08-19T21:02:42.884485-03:00,ZAMAUSDT,HOLD,4h,10,STRONG,0.04682,0.04363,closed,0.04658,0.0462,0.04656,0.04632,0.04679,0.04549,0.04707,0.0448,True,2026-08-20T21:02:47.467901-03:00,0.0266535265183645,0.00497281291270261,True,,,,,,False
20396,2026-08-19T21:02:42.884485-03:00,ZKUSDT,BREAKOUT,4h,11,BEST,0.00832,0.00815,closed,0.00829,0.00827,0.00828,0.00883,0.00836,0.00823,0.00888,0.00823,True,2026-08-20T21:02:46.009082-03:00,1.15743515982359,-0.0281443127695279,True,,,,,,False
20395,2026-08-19T21:02:42.884485-03:00,METUSDT,BREAKOUT,4h,11,BEST,0.2,0.1828,closed,0.2104,0.211,0.2248,0.2095,0.2255,0.1987,0.23,0.1987,True,2026-08-20T21:02:44.261863-03:00,0.331368139892819,0.0783543256427443,True,,,,,,False
20394,2026-08-19T21:02:42.884485-03:00,BCHUSDT,BREAKOUT,4h,13,WATCH,213.3,210.2,closed,213.4,213.0,210.8,223.6,214.3,208.5,226.7,208.5,True,2026-08-20T22:02:42.262221-03:00,0.8826517868345,0.524868228180221,True,,,,,,False
20393,2026-08-19T21:02:42.884485-03:00,PEPEUSDT,HOLD,4h,13,BEST,2.87e-06,2.63e-06,closed,2.9e-06,2.91e-06,2.91e-06,3.2e-06,2.95e-06,2.87e-06,3.27e-06,2.87e-06,True,2026-08-20T21:02:48.836608-03:00,0.390021901863896,0.0944454307330466,True,,,,,,False
20410,2026-08-19T22:02:32.6119-03:00,ICPUSDT,COILING,4h,9,WATCH,2.311,2.324,closed,2.32,2.326,2.295,2.386,2.356,2.279,2.419,2.275,True,2026-08-20T22:02:47.886095-03:00,0.263311871506368,0.0267088377047524,True,,,,,,False
20412,2026-08-19T22:02:32.6119-03:00,SHIBUSDT,HOLD,4h,8,WATCH,4.75e-06,4.51e-06,closed,4.72e-06,4.78e-06,4.79e-06,4.96e-06,4.81e-06,4.7e-06,5.02e-06,4.7e-06,True,2026-08-20T22:02:45.195883-03:00,0.248960873256627,-0.0385572136172171,True,,,,,,False
20409,2026-08-19T22:02:32.6119-03:00,MMTUSDT,HOLD,4h,9,WATCH,0.1856,0.1815,closed,0.1828,0.1834,0.1819,0.1759,0.1873,0.1786,0.1873,0.1736,True,2026-08-20T22:02:49.221622-03:00,0.0094113820798133,0.00805329710952469,True,,,,,,False
20411,2026-08-19T22:02:32.6119-03:00,RAYUSDT,COILING,4h,9,WATCH,0.6506,0.6541,closed,0.6485,0.6553,0.6521,0.697,0.6553,0.6438,0.7046,0.6438,True,2026-08-20T22:02:46.658439-03:00,1.23455560389403,0.075764836861666,True,,,,,,False
20408,2026-08-19T22:02:32.6119-03:00,WIFUSDT,HOLD,4h,10,WATCH,0.1464,0.1392,closed,0.1466,0.1479,0.147,0.1655,0.1481,0.1447,0.1688,0.1447,True,2026-08-20T22:02:43.716178-03:00,1.3725299689577,-0.0232332790935694,True,,,,,,False
20426,2026-08-19T23:02:35.277742-03:00,ALGOUSDT,COILING,4h,7,WATCH,0.0821,0.0824,closed,0.0829,0.0825,0.084,0.0889,0.0842,0.0821,0.0893,0.0821,True,2026-08-20T23:02:39.140796-03:00,0.482997906075029,0.0632149871049874,True,,,,,,False
20425,2026-08-19T23:02:35.277742-03:00,SYRUPUSDT,COILING,4h,8,STRONG,0.1644,0.172,closed,0.1633,0.1623,0.1637,0.1801,0.1644,0.1616,0.1845,0.1616,True,2026-08-20T23:02:44.54793-03:00,0.53011370281793,0.284368313118653,False,,,,,,False
20423,2026-08-19T23:02:35.277742-03:00,SHIBUSDT,BREAKOUT,4h,9,WATCH,4.75e-06,4.63e-06,closed,4.75e-06,4.74e-06,4.74e-06,4.98e-06,4.81e-06,4.7e-06,5.02e-06,4.7e-06,True,2026-08-20T23:02:41.801857-03:00,0.248960873256627,-0.0385572136172171,True,,,,,,False
20422,2026-08-19T23:02:35.277742-03:00,ENSUSDT,BREAKOUT,4h,11,WATCH,4.24,4.1,closed,4.23,4.2,4.16,4.62,4.25,4.15,4.63,4.15,True,2026-08-20T23:02:40.410101-03:00,2.87437230519491,0.00316649340532697,True,,,,,,False
20424,2026-08-19T23:02:35.277742-03:00,PENDLEUSDT,BREAKOUT,4h,9,STRONG,1.452,1.39,closed,1.51,1.499,1.467,1.531,1.522,1.455,1.557,1.424,True,2026-08-20T23:02:43.201813-03:00,1.79094834044759,-0.154853172285929,True,,,,,,False
20437,2026-08-20T00:02:34.922912-03:00,ARBUSDT,HOLD,4h,8,WATCH,0.0895,0.0807,closed,0.0875,0.0875,0.0889,0.0913,0.0893,0.0869,0.0925,0.0869,True,2026-08-21T00:02:40.871109-03:00,1.1085417486318,-0.0615955500905131,True,,,,,,False
20436,2026-08-20T00:02:34.922912-03:00,ENSUSDT,HOLD,4h,10,WATCH,4.24,3.97,closed,4.16,4.17,4.2,4.68,4.21,4.15,4.8,4.15,True,2026-08-21T00:02:39.626445-03:00,2.87437230519491,0.00316649340532697,True,,,,,,False
20448,2026-08-20T01:02:42.447354-03:00,HEMIUSDT,HOLD,4h,10,STRONG,0.00883,0.00754,closed,0.00901,0.00918,0.00901,0.01067,0.00947,0.00857,0.0116,0.00854,True,2026-08-21T01:03:00.096135-03:00,0.629052045174216,-0.0146940193199204,False,,,,,,False
20449,2026-08-20T01:02:42.447354-03:00,MEGAUSDT,HOLD,4h,10,STRONG,0.03513,0.03333,closed,0.03517,0.03532,0.03485,0.03835,0.03544,0.03466,0.03977,0.03466,True,2026-08-21T01:02:54.356232-03:00,12.0381891638108,-0.0107444908082577,False,,,,,,False
20447,2026-08-20T01:02:42.447354-03:00,ESPUSDT,HOLD,4h,12,BEST,0.07956,0.07553,closed,0.07952,0.08053,0.0845,0.08628,0.08634,0.0794,0.08956,0.0794,True,2026-08-21T01:02:58.335228-03:00,0.0564276871231274,0.00286011755652797,False,,,,,,False
20445,2026-08-20T01:02:42.447354-03:00,ALGOUSDT,HOLD,4h,13,WATCH,0.0834,0.0801,closed,0.0835,0.0835,0.0838,0.0886,0.0846,0.0831,0.0893,0.0831,True,2026-08-21T01:02:55.77606-03:00,0.496910592477055,0.130283457871082,True,,,,,,False
20446,2026-08-20T01:02:42.447354-03:00,METUSDT,HOLD,4h,12,BEST,0.2223,0.1849,closed,0.2195,0.217,0.2192,0.2191,0.2257,0.2085,0.23,0.2039,True,2026-08-21T01:02:56.863033-03:00,0.676646731568231,0.121497954715677,True,,,,,,False
20455,2026-08-20T02:02:37.558331-03:00,PLUMEUSDT,PREBREAK,1h,7,STRONG,0.01316,0.01328,closed,0.01317,0.01299,0.01292,0.01391,0.01322,0.01239,0.01398,0.01239,True,2026-08-21T02:02:42.608315-03:00,-0.400336160982498,0.0193124596548765,False,,,,,,False
20452,2026-08-20T02:02:37.558331-03:00,CRVUSDT,BREAKOUT,4h,15,BEST,0.2629,0.2589,closed,0.265,0.2671,0.2716,0.314,0.2741,0.2639,0.324,0.2639,True,2026-08-21T02:02:40.535101-03:00,0.908325315300555,-0.0284500487646142,True,,,,,,False
20454,2026-08-20T02:02:37.558331-03:00,XPLUSDT,HOLD,4h,8,STRONG,0.08202,0.07759,closed,0.08182,0.08117,0.08318,0.09395,0.08355,0.08081,0.09451,0.08081,True,2026-08-21T02:02:44.712499-03:00,3.83717570736744,-0.0561808165058086,True,,,,,,False
20453,2026-08-20T02:02:37.558331-03:00,SUSDT,HOLD,4h,9,STRONG,0.02388,0.02272,closed,0.02406,0.02387,0.02451,0.02515,0.02476,0.0238,0.0254,0.0238,True,2026-08-21T02:02:39.019418-03:00,0.706918138075782,0.00177419505449955,True,,,,,,False
20485,2026-08-20T05:02:48.970584-03:00,ORDIUSDT,HOLD,4h,15,BEST,3.78,3.54,closed,3.837,3.925,4.386,4.455,4.448,3.756,4.498,3.756,True,2026-08-21T05:02:51.476052-03:00,0.454641508324417,0.0416902174131926,True,,,,,,False
20488,2026-08-20T05:02:48.970584-03:00,CFXUSDT,HOLD,4h,13,WATCH,0.04389,0.04317,closed,0.04449,0.04439,0.04463,0.04646,0.04466,0.04384,0.04653,0.04384,True,2026-08-21T05:02:58.945525-03:00,0.129548915272796,0.0355134833706021,False,,,,,,False
20489,2026-08-20T05:02:48.970584-03:00,PEPEUSDT,BREAKOUT,4h,13,BEST,2.98e-06,2.93e-06,closed,3.07e-06,3.2e-06,3.17e-06,3.48e-06,3.22e-06,2.96e-06,3.51e-06,2.96e-06,True,2026-08-21T05:02:56.761504-03:00,0.458440755940261,0.0866372236481625,True,,,,,,False
20487,2026-08-20T05:02:48.970584-03:00,AAVEUSDT,HOLD,4h,13,WATCH,97.16,94.49,closed,98.13,98.46,98.02,106.35,98.8,97.03,106.42,95.96,True,2026-08-21T05:02:53.297493-03:00,0.569476287700759,0.0435423859493555,True,,,,,,False
20486,2026-08-20T05:02:48.970584-03:00,RAYUSDT,BREAKOUT,4h,14,WATCH,0.6875,0.6592,closed,0.6973,0.6977,0.6919,0.7164,0.7046,0.6853,0.7178,0.6779,True,2026-08-21T05:02:55.112636-03:00,1.2253491500557,0.103294934540077,True,,,,,,False
20490,2026-08-20T05:02:48.970584-03:00,ETHFIUSDT,BREAKOUT,4h,11,BEST,0.5686,0.5284,closed,0.5611,0.5703,0.5541,0.5649,0.5864,0.5526,0.5864,0.5328,True,2026-08-21T05:03:00.540429-03:00,0.241053544741243,-0.00328748872150135,True,,,,,,False
20507,2026-08-20T06:02:44.202579-03:00,RENDERUSDT,HOLD,4h,12,WATCH,1.374,1.335,closed,1.399,1.398,1.395,1.471,1.409,1.377,1.496,1.376,True,2026-08-21T06:02:48.415355-03:00,1.25764989580614,0.050432226024868,False,,,,,,False
20506,2026-08-20T06:02:44.202579-03:00,PEPEUSDT,HOLD,4h,12,BEST,2.98e-06,2.77e-06,closed,3.19e-06,3.07e-06,3.13e-06,3.48e-06,3.22e-06,3.06e-06,3.57e-06,3.06e-06,True,2026-08-21T06:02:46.629405-03:00,0.458440755940261,0.0866372236481625,True,,,,,,False
20505,2026-08-20T06:02:44.202579-03:00,DOGEUSDT,HOLD,4h,12,WATCH,0.07531,0.07418,closed,0.07697,0.07666,0.07738,0.08403,0.07791,0.07641,0.08577,0.07641,True,2026-08-21T06:02:44.845647-03:00,1.32002764472719,0.0269057168745868,False,,,,,,False
20504,2026-08-20T06:02:44.202579-03:00,WIFUSDT,BREAKOUT,4h,13,WATCH,0.1504,0.1483,closed,0.1537,0.1532,0.1555,0.1747,0.1594,0.1518,0.18,0.1518,True,2026-08-21T07:02:53.049403-03:00,1.82139388079918,-0.0462378601718365,True,,,,,,False
20508,2026-08-20T06:02:44.202579-03:00,ETCUSDT,HOLD,4h,12,WATCH,6.6,6.39,closed,6.74,6.73,6.75,7.38,6.78,6.69,7.52,6.68,True,2026-08-21T06:02:50.180273-03:00,0.804843025605498,0.131891837027668,False,,,,,,False
20521,2026-08-20T07:02:37.191332-03:00,BNSOLUSDT,HOLD,4h,12,WATCH,97.0,93.5,closed,98.6,98.4,97.5,103.3,99.1,97.1,105.0,97.0,True,2026-08-21T07:02:54.575399-03:00,0.661307888286353,0.3579161118057,False,,,,,,False
20520,2026-08-20T07:02:37.191332-03:00,LUNCUSDT,HOLD,4h,12,WATCH,5.055e-05,4.974e-05,closed,5.15e-05,5.14e-05,5.136e-05,5.554e-05,5.198e-05,5.101e-05,5.58e-05,5.101e-05,True,2026-08-21T07:02:55.981456-03:00,4.12571855768156,0.0643878138448229,False,,,,,,False
20524,2026-08-20T07:02:37.191332-03:00,XRPUSDT,HOLD,4h,11,WATCH,1.1122,1.0745,closed,1.1586,1.1603,1.2161,1.4217,1.2233,1.1474,1.43,1.1474,True,2026-08-21T07:02:57.382022-03:00,2.11677681559778,-0.0150864703573295,False,,,,,,False
20523,2026-08-20T07:02:37.191332-03:00,SOLUSDT,HOLD,4h,11,WATCH,86.18,83.0,closed,87.63,87.39,86.48,91.52,88.1,86.21,93.39,86.16,True,2026-08-21T07:02:58.908862-03:00,0.845996774645721,0.057047214710078,False,,,,,,False
20522,2026-08-20T07:02:37.191332-03:00,RAYUSDT,HOLD,4h,12,WATCH,0.6875,0.624,closed,0.6932,0.6894,0.6887,0.7258,0.6977,0.6779,0.7357,0.6779,True,2026-08-21T07:03:00.346923-03:00,1.2253491500557,0.103294934540077,True,,,,,,False
20540,2026-08-20T08:07:39.832074-03:00,LINKUSDT,HOLD,4h,10,WATCH,10.548,10.149,closed,10.702,10.612,10.595,11.397,10.768,10.519,11.857,10.5,True,2026-08-21T09:02:52.84106-03:00,0.52011983073398,0.00943856060832525,False,,,,,,False
20537,2026-08-20T08:07:39.832074-03:00,1000SATSUSDT,BREAKOUT,4h,13,BEST,1.101e-05,1.1e-05,closed,1.176e-05,1.168e-05,1.183e-05,1.265e-05,1.204e-05,1.142e-05,1.296e-05,1.142e-05,True,2026-08-21T09:02:47.276016-03:00,0.275174767591098,-0.0580607560036076,True,,,,,,False
20538,2026-08-20T08:07:39.832074-03:00,NEARUSDT,HOLD,4h,11,WATCH,1.74,1.711,closed,1.742,1.733,1.731,1.9,1.762,1.704,1.949,1.704,True,2026-08-21T09:02:49.108543-03:00,2.64198300019192,0.0761182133283392,False,,,,,,False
20539,2026-08-20T08:07:39.832074-03:00,SYNUSDT,HOLD,4h,11,WATCH,0.11374,0.10768,closed,0.11265,0.11226,0.10944,0.10825,0.11441,0.10879,0.11441,0.10051,True,2026-08-21T09:02:50.937438-03:00,0.102317106322905,0.0272873284000117,True,,,,,,False
20541,2026-08-20T08:07:39.832074-03:00,ENAUSDT,HOLD,4h,10,STRONG,0.0939,0.0906,closed,0.1011,0.0989,0.1,0.1401,0.1017,0.098,0.1448,0.098,True,2026-08-21T09:02:54.626202-03:00,0.229035098016865,0.0222580991260393,False,,,,,,False
20559,2026-08-20T09:02:44.743737-03:00,NIGHTUSDT,HOLD,4h,12,BEST,0.01993,0.01928,closed,0.01974,0.01973,0.0196,0.02145,0.01998,0.01948,0.02211,0.01916,True,2026-08-21T09:03:09.486025-03:00,0.47647742102369,0.0472886170127788,True,,,,,,False
20558,2026-08-20T09:02:44.743737-03:00,MEGAUSDT,BREAKOUT,4h,11,BEST,0.03766,0.03595,closed,0.03734,0.03879,0.0375,0.04136,0.03977,0.03732,0.04166,0.03687,True,2026-08-21T09:03:07.730463-03:00,8.49191536354175,-0.00135905051572354,True,,,,,,False
20557,2026-08-20T09:02:44.743737-03:00,CHIPUSDT,BREAKOUT,4h,13,BEST,0.03096,0.02951,closed,0.0306,0.03048,0.03062,0.03309,0.03115,0.02945,0.03473,0.02917,True,2026-08-21T09:03:05.91604-03:00,0.751542288999266,-0.0144634107904182,False,,,,,,False
20556,2026-08-20T09:02:44.743737-03:00,DOTUSDT,BREAKOUT,4h,13,WATCH,0.82,0.808,closed,0.823,0.829,0.837,0.882,0.839,0.818,0.905,0.818,True,2026-08-21T09:03:04.179798-03:00,2.24484450521465,0.0597222255584882,True,,,,,,False
20552,2026-08-20T09:02:44.743737-03:00,BOMEUSDT,HOLD,4h,13,BEST,0.0013085,0.000919,closed,0.001236,0.0012316,0.0011592,0.0012901,0.001329,0.0011135,0.0015687,0.0010932,True,2026-08-21T09:02:56.591116-03:00,0.66402939645406,0.0802583238997441,True,,,,,,False
20554,2026-08-20T09:02:44.743737-03:00,XRPUSDT,BREAKOUT,4h,13,WATCH,1.1907,1.1363,closed,1.1801,1.1953,1.2634,1.3525,1.2667,1.1776,1.43,1.1776,True,2026-08-21T09:03:00.369736-03:00,1.44808835236693,0.0127760410789468,True,,,,,,False
20553,2026-08-20T09:02:44.743737-03:00,TRBUSDT,HOLD,4h,13,WATCH,14.42,13.74,closed,14.4,14.48,14.63,16.0,14.76,14.28,16.32,14.28,True,2026-08-21T09:02:58.491912-03:00,0.381023074816234,0.0661548390813154,True,,,,,,False
20560,2026-08-20T09:02:44.743737-03:00,NEIROUSDT,HOLD,4h,11,BEST,7.977e-05,7.007e-05,closed,8.594e-05,8.065e-05,8.392e-05,0.00010038,8.995e-05,7.906e-05,0.00011546,7.906e-05,True,2026-08-21T09:03:11.290954-03:00,2.38903838736661,0.0188902930825827,True,,,,,,False
20555,2026-08-20T09:02:44.743737-03:00,PENGUUSDT,BREAKOUT,4h,13,BEST,0.00721,0.006645,closed,0.007189,0.007079,0.007158,0.007687,0.00726,0.006911,0.007926,0.006911,True,2026-08-21T09:03:02.430631-03:00,0.541245454097917,0.0503169523930439,True,,,,,,False
20578,2026-08-20T10:02:53.414991-03:00,PNUTUSDT,HOLD,4h,12,BEST,0.0521,0.0471,closed,0.0511,0.0526,0.0523,0.0549,0.053,0.0507,0.0563,0.0505,True,2026-08-21T11:02:45.403237-03:00,0.537675071497033,0.0252130778136492,True,,,,,,False
20581,2026-08-20T10:02:53.414991-03:00,ESPUSDT,HOLD,4h,11,BEST,0.08817,0.08152,closed,0.08808,0.085,0.08449,0.0858,0.0892,0.08295,0.08946,0.08258,True,2026-08-21T10:02:54.423101-03:00,0.174965434269136,-0.00176363062554341,True,,,,,,False
20582,2026-08-20T10:02:53.414991-03:00,BONKUSDT,BREAKOUT,4h,11,BEST,2.62e-06,2.5e-06,closed,2.63e-06,2.6e-06,2.67e-06,2.91e-06,2.67e-06,2.59e-06,2.95e-06,2.59e-06,True,2026-08-21T10:02:55.914585-03:00,1.0792584383654,0.000447525916526209,True,,,,,,False
20580,2026-08-20T10:02:53.414991-03:00,XLMUSDT,BREAKOUT,4h,12,WATCH,0.1813,0.173,closed,0.1806,0.1812,0.1861,0.1909,0.1867,0.1795,0.1947,0.1772,True,2026-08-21T11:02:43.546282-03:00,2.48771011815858,0.0645723351324277,True,,,,,,False
20577,2026-08-20T10:02:53.414991-03:00,INJUSDT,HOLD,4h,12,BEST,4.865,4.554,closed,4.75,4.742,4.77,4.973,4.835,4.637,5.029,4.637,True,2026-08-21T10:02:59.025104-03:00,1.6854983479469,0.0633487463308172,True,,,,,,False
20576,2026-08-20T10:02:53.414991-03:00,XPLUSDT,BREAKOUT,4h,13,BEST,0.08332,0.08225,closed,0.08273,0.08276,0.08983,0.10329,0.09064,0.08222,0.10719,0.08222,True,2026-08-21T10:02:57.436756-03:00,2.32546153260783,-0.0312945166443468,True,,,,,,False
20579,2026-08-20T10:02:53.414991-03:00,ALGOUSDT,HOLD,4h,12,WATCH,0.0858,0.0836,closed,0.0853,0.0858,0.0873,0.0946,0.0875,0.0848,0.095,0.0848,True,2026-08-21T11:02:47.236307-03:00,0.581339451902788,0.118139296576017,True,,,,,,False
20600,2026-08-20T11:02:41.18002-03:00,ETCUSDT,BREAKOUT,4h,13,WATCH,6.75,6.69,closed,6.74,6.79,6.89,7.4,6.96,6.74,7.52,6.74,True,2026-08-21T11:02:49.048728-03:00,1.95110258177836,0.161289502551243,True,,,,,,False
20601,2026-08-20T11:02:41.18002-03:00,CFXUSDT,BREAKOUT,4h,13,WATCH,0.04455,0.04451,closed,0.04432,0.04444,0.04486,0.04935,0.04514,0.04406,0.051,0.04406,True,2026-08-21T11:02:50.854506-03:00,0.174215485502466,0.0129773157784922,True,,,,,,False
20602,2026-08-20T11:02:41.18002-03:00,STRKUSDT,BREAKOUT,4h,11,BEST,0.02526,0.02453,closed,0.02538,0.02583,0.02558,0.02805,0.02628,0.02535,0.02832,0.02506,True,2026-08-21T11:02:52.736489-03:00,0.763450931684664,-0.0377532626518118,True,,,,,,False
20597,2026-08-20T11:02:41.18002-03:00,ARUSDT,BREAKOUT,4h,15,WATCH,1.928,1.9,closed,1.925,1.94,1.981,2.098,2.005,1.917,2.166,1.917,True,2026-08-21T11:02:54.544854-03:00,2.67532505028535,0.0663306414945041,True,,,,,,False
20598,2026-08-20T11:02:41.18002-03:00,PNUTUSDT,BREAKOUT,4h,13,BEST,0.0521,0.0471,closed,0.0517,0.0529,0.0516,0.0535,0.053,0.051,0.0563,0.0505,True,2026-08-21T11:02:56.467365-03:00,0.537675071497033,0.0252130778136492,True,,,,,,False
20599,2026-08-20T11:02:41.18002-03:00,ALGOUSDT,BREAKOUT,4h,13,WATCH,0.0858,0.0836,closed,0.0856,0.0866,0.0867,0.094,0.0882,0.0854,0.095,0.0853,True,2026-08-21T11:02:58.267875-03:00,0.581339451902788,0.118139296576017,True,,,,,,False
20623,2026-08-20T12:02:40.431874-03:00,PEOPLEUSDT,BREAKOUT,4h,10,STRONG,0.00846,0.00826,closed,0.00931,0.00964,0.01032,0.01192,0.0106,0.00905,0.01315,0.00905,True,2026-08-21T12:02:55.210174-03:00,0.0841102418734284,-0.0264546388477076,True,,,,,,False
20624,2026-08-20T12:02:40.431874-03:00,MEMEUSDT,BREAKOUT,4h,10,STRONG,0.000512,0.000497,closed,0.000516,0.000515,0.000506,0.000553,0.000519,0.000506,0.000553,0.000506,True,2026-08-21T12:02:53.486012-03:00,1.33192511902891,-0.0882283642810917,True,,,,,,False
20620,2026-08-20T12:02:40.431874-03:00,DOGEUSDT,BREAKOUT,4h,15,WATCH,0.07717,0.0764,closed,0.07949,0.07992,0.07989,0.08429,0.08355,0.07869,0.08577,0.07869,True,2026-08-21T12:02:49.875895-03:00,1.25641456950597,0.0503151800504886,True,,,,,,False
20622,2026-08-20T12:02:40.431874-03:00,FORMUSDT,HOLD,4h,10,STRONG,0.2469,0.2077,closed,0.2388,0.2425,0.2395,0.267,0.2428,0.237,0.276,0.237,True,2026-08-21T12:02:48.109616-03:00,1.65543735699763,-0.018984101232007,True,,,,,,False
20621,2026-08-20T12:02:40.431874-03:00,PYTHUSDT,BREAKOUT,4h,11,BEST,0.0444,0.04287,closed,0.04428,0.04422,0.04382,0.04852,0.04458,0.0435,0.05086,0.0435,True,2026-08-21T12:02:51.69861-03:00,0.938370430607466,-0.0104266989516623,True,,,,,,False
20646,2026-08-20T13:02:46.030789-03:00,APTUSDT,BREAKOUT,4h,13,WATCH,0.574,0.569,closed,0.572,0.579,0.568,0.643,0.585,0.567,0.651,0.567,True,2026-08-21T13:02:52.600745-03:00,0.702556799034634,-0.0562145463893635,True,,,,,,False
20644,2026-08-20T13:02:46.030789-03:00,LUNAUSDT,HOLD,4h,13,BEST,0.0457,0.0451,closed,0.0457,0.0459,0.0456,0.0487,0.0464,0.0453,0.0495,0.0453,True,2026-08-21T13:02:59.58921-03:00,0.174197667610944,0.0623638706774526,True,,,,,,False
20648,2026-08-20T13:02:46.030789-03:00,EIGENUSDT,BREAKOUT,4h,11,BEST,0.1943,0.1885,closed,0.193,0.195,0.1916,0.2164,0.1983,0.1907,0.2196,0.1907,True,2026-08-21T13:02:56.027631-03:00,1.15242407271589,-0.0262035768644679,True,,,,,,False
20647,2026-08-20T13:02:46.030789-03:00,1000SATSUSDT,HOLD,4h,12,BEST,1.226e-05,1.112e-05,closed,1.229e-05,1.225e-05,1.187e-05,1.287e-05,1.25e-05,1.171e-05,1.32e-05,1.171e-05,True,2026-08-21T13:02:54.458969-03:00,0.565048056058034,-0.0205289731374888,True,,,,,,False
20642,2026-08-20T13:02:46.030789-03:00,SEIUSDT,HOLD,4h,13,WATCH,0.04282,0.04155,closed,0.04275,0.04324,0.04264,0.04706,0.04341,0.04257,0.04728,0.04257,True,2026-08-21T13:02:49.483596-03:00,0.879481730934655,0.051853050337646,True,,,,,,False
20645,2026-08-20T13:02:46.030789-03:00,RPLUSDT,HOLD,4h,13,BEST,1.575,1.49,closed,1.565,1.569,1.568,1.703,1.582,1.556,1.743,1.556,True,2026-08-21T13:02:51.096476-03:00,0.808373593280956,0.0645819692739182,False,,,,,,False
20643,2026-08-20T13:02:46.030789-03:00,ZKUSDT,HOLD,4h,13,BEST,0.00864,0.00815,closed,0.00859,0.00872,0.00867,0.00926,0.00879,0.00859,0.00947,0.00859,True,2026-08-21T13:03:01.128114-03:00,3.18736990615872,0.0246887500414244,True,,,,,,False
20649,2026-08-20T13:02:46.030789-03:00,FILUSDT,BREAKOUT,4h,11,BEST,0.723,0.6998,closed,0.7164,0.7486,0.7289,0.7857,0.7718,0.7153,0.7961,0.7153,True,2026-08-21T13:02:57.827848-03:00,2.88775520728454,0.0247388117586498,True,,,,,,False
20669,2026-08-20T14:02:46.455022-03:00,OPUSDT,HOLD,4h,11,BEST,0.0947,0.0871,closed,0.0961,0.0951,0.095,0.1046,0.0967,0.0931,0.1056,0.0931,True,2026-08-21T14:02:54.641186-03:00,0.507497951815131,0.0250572762401044,True,,,,,,False
20671,2026-08-20T14:02:46.455022-03:00,TURBOUSDT,BREAKOUT,4h,11,BEST,0.000909,0.000848,closed,0.000911,0.000917,0.00094,0.00103,0.000955,0.000907,0.001117,0.000907,True,2026-08-21T14:02:58.867793-03:00,0.611442690865337,-0.0420456224632349,True,,,,,,False
20665,2026-08-20T14:02:46.455022-03:00,XTZUSDT,BREAKOUT,4h,15,WATCH,0.2198,0.219,closed,0.2207,0.2218,0.2214,0.235,0.224,0.2196,0.28,0.2192,True,2026-08-21T14:02:51.902327-03:00,3.15462573278789,0.164962000136607,True,,,,,,False
20667,2026-08-20T14:02:46.455022-03:00,ETHUSDT,HOLD,4h,12,WATCH,2326.41,2115.0,closed,2342.51,2333.65,2318.31,2408.13,2351.28,2310.44,2447.98,2306.67,True,2026-08-21T14:03:01.489108-03:00,0.748071617435129,0.0499491666650924,True,,,,,,False
20670,2026-08-20T14:02:46.455022-03:00,ONTUSDT,BREAKOUT,4h,11,BEST,0.04269,0.041,closed,0.04322,0.04394,0.05916,0.04921,0.065,0.04308,0.065,0.04308,True,2026-08-21T14:02:57.325014-03:00,0.323069529703409,-0.0334331593272731,True,,,,,,False
20664,2026-08-20T14:02:46.455022-03:00,SYRUPUSDT,BREAKOUT,4h,15,BEST,0.1785,0.1698,closed,0.1801,0.1821,0.1803,0.1985,0.1845,0.1781,0.2009,0.177,True,2026-08-21T14:02:56.019234-03:00,0.663854613962594,0.218681535312396,True,,,,,,False
20668,2026-08-20T14:02:46.455022-03:00,PENGUUSDT,HOLD,4h,12,BEST,0.007176,0.006645,closed,0.007306,0.007248,0.007168,0.008293,0.007342,0.007092,0.008536,0.007092,True,2026-08-21T14:02:53.268-03:00,0.381720305334482,0.0135516923043801,True,,,,,,False
20666,2026-08-20T14:02:46.455022-03:00,AVAXUSDT,BREAKOUT,4h,14,WATCH,7.056,6.879,closed,7.256,7.228,7.216,7.647,7.322,7.119,7.699,7.119,True,2026-08-21T14:03:00.188307-03:00,1.19057933645162,0.075871675013931,True,,,,,,False
20682,2026-08-20T15:02:41.014985-03:00,PEPEUSDT,HOLD,4h,12,BEST,3.21e-06,2.99e-06,closed,3.13e-06,3.09e-06,3.19e-06,4e-06,3.26e-06,3.09e-06,4.01e-06,3.09e-06,True,2026-08-21T15:02:43.682892-03:00,0.611603440065582,0.0816314253154946,True,,,,,,False
20683,2026-08-20T15:02:41.014985-03:00,DOTUSDT,HOLD,4h,12,WATCH,0.836,0.808,closed,0.836,0.831,0.841,0.909,0.845,0.829,0.911,0.829,True,2026-08-21T15:02:45.027296-03:00,1.39241178726355,0.0572358289306359,True,,,,,,False
20684,2026-08-20T15:02:41.014985-03:00,RENDERUSDT,HOLD,4h,12,WATCH,1.415,1.335,closed,1.389,1.385,1.395,1.489,1.4,1.376,1.52,1.376,True,2026-08-21T15:02:46.393536-03:00,6.14558071841577,0.0450117625243616,True,,,,,,False
20685,2026-08-20T15:02:41.014985-03:00,WBETHUSDT,HOLD,4h,12,WATCH,2567.52,2335.6,closed,2564.69,2555.88,2553.65,2676.38,2577.51,2549.69,2700.0,2546.75,True,2026-08-21T15:02:47.749554-03:00,0.65012696893289,0.384963607211676,True,,,,,,False
20686,2026-08-20T15:02:41.014985-03:00,ETCUSDT,HOLD,4h,12,WATCH,6.85,6.69,closed,6.86,6.82,6.89,7.52,6.93,6.8,7.54,6.8,True,2026-08-21T15:02:48.970548-03:00,4.41297127525575,0.152011551360547,True,,,,,,False
20696,2026-08-20T16:02:36.04166-03:00,ARUSDT,HOLD,4h,12,WATCH,1.944,1.9,closed,1.976,1.966,2.039,2.085,2.044,1.959,2.166,1.959,True,2026-08-21T16:02:44.049199-03:00,2.10708914007152,0.0638695080218238,True,,,,,,False
20699,2026-08-20T16:02:36.04166-03:00,XLMUSDT,HOLD,4h,11,WATCH,0.1828,0.173,closed,0.178,0.1778,0.1806,0.1902,0.182,0.1772,0.1953,0.1772,True,2026-08-21T16:02:40.639355-03:00,33.3441955679399,0.060804662348513,True,,,,,,False
20695,2026-08-20T16:02:36.04166-03:00,XTZUSDT,HOLD,4h,13,WATCH,0.2198,0.2131,closed,0.2224,0.2228,0.2206,0.231,0.28,0.2198,0.28,0.2192,True,2026-08-21T16:02:42.358894-03:00,3.15462573278789,0.164962000136607,True,,,,,,False
20698,2026-08-20T16:02:36.04166-03:00,DOGEUSDT,HOLD,4h,11,WATCH,0.08024,0.0764,closed,0.08001,0.07969,0.07946,0.08408,0.08062,0.07908,0.08577,0.07908,True,2026-08-21T16:02:38.823828-03:00,1.16647354024981,0.0462981614853064,True,,,,,,False
20697,2026-08-20T16:02:36.04166-03:00,SOLUSDT,HOLD,4h,11,WATCH,87.37,83.0,closed,87.22,87.29,87.29,91.27,87.88,87.0,93.39,87.0,True,2026-08-21T16:02:45.80392-03:00,0.993669967376589,0.0551270658646899,True,,,,,,False
20708,2026-08-20T17:02:41.334506-03:00,MORPHOUSDT,HOLD,4h,12,WATCH,2.357,2.275,closed,2.348,2.325,2.313,2.311,2.367,2.303,2.525,2.251,True,2026-08-21T17:02:43.859858-03:00,0.570040240026066,0.0745068210474568,True,,,,,,False
20710,2026-08-20T17:02:41.334506-03:00,TURBOUSDT,HOLD,4h,10,STRONG,0.00094,0.000888,closed,0.000945,0.00094,0.000931,0.000992,0.000955,0.000912,0.001117,0.000912,True,2026-08-21T18:02:39.31154-03:00,0.70554692656224,-0.0106660895535685,True,,,,,,False
20706,2026-08-20T17:02:41.334506-03:00,PEOPLEUSDT,HOLD,4h,15,BEST,0.01064,0.00848,closed,0.0108,0.0112,0.01054,0.01119,0.01134,0.01006,0.01315,0.01006,True,2026-08-21T18:02:40.688387-03:00,0.423610907109778,0.0656489039975096,True,,,,,,False
20709,2026-08-20T17:02:41.334506-03:00,ONTUSDT,HOLD,4h,12,BEST,0.04491,0.04102,closed,0.04672,0.05916,0.05021,0.04839,0.065,0.04492,0.065,0.04492,True,2026-08-21T17:02:45.624292-03:00,0.35922530411826,0.0116552837289398,True,,,,,,False
20707,2026-08-20T17:02:41.334506-03:00,ONGUSDT,HOLD,4h,12,BEST,0.09488,0.06448,closed,0.12727,0.17729,0.11873,0.08647,0.195,0.09813,0.195,0.07921,True,2026-08-21T17:02:41.945629-03:00,0.286415521799075,-0.00746012052958536,True,,,,,,False
20726,2026-08-20T18:02:39.621371-03:00,ENAUSDT,BREAKOUT,4h,11,BEST,0.1077,0.1017,closed,0.113,0.1134,0.1199,0.1417,0.1202,0.1103,0.1555,0.1103,True,2026-08-21T18:02:43.582409-03:00,0.423494823063663,-0.000394430921277232,True,,,,,,False
20724,2026-08-20T18:02:39.621371-03:00,GASUSDT,HOLD,4h,12,WATCH,1.062,1.014,closed,1.101,1.078,1.155,1.171,1.207,1.071,1.248,1.071,True,2026-08-21T18:02:44.895776-03:00,0.754001770434673,0.1255989853502,True,,,,,,False
20725,2026-08-20T18:02:39.621371-03:00,NEIROUSDT,HOLD,4h,11,BEST,8.726e-05,8.066e-05,closed,8.639e-05,9.065e-05,8.458e-05,0.00010389,9.3e-05,8.415e-05,0.00011546,8.415e-05,True,2026-08-21T18:02:42.133225-03:00,1.23371725093154,0.0170661747780204,True,,,,,,False
20749,2026-08-20T20:02:39.306554-03:00,KAVAUSDT,PREBREAK,1h,11,WATCH,0.04158,0.04183,closed,0.04184,0.04211,0.0425,0.04545,0.04287,0.04155,0.04545,0.04155,True,2026-08-21T20:02:41.220565-03:00,0.954350268247905,-0.0900681662381243,True,,,,,,False
20761,2026-08-20T21:02:41.541306-03:00,IOUSDT,HOLD,4h,15,BEST,0.1312,0.1277,closed,0.1307,0.1305,0.1318,0.1414,0.1337,0.1298,0.1472,0.1298,True,2026-08-21T21:02:43.203217-03:00,12.1009725886146,0.0320685494021357,True,,,,,,False
20762,2026-08-20T21:02:41.541306-03:00,ETCUSDT,BREAKOUT,4h,15,WATCH,6.96,6.87,closed,6.96,6.95,7.05,8.41,7.11,6.94,8.44,6.94,True,2026-08-21T21:02:51.417874-03:00,6.88827648824474,0.109414358014926,True,,,,,,False
20766,2026-08-20T21:02:41.541306-03:00,OSMOUSDT,HOLD,4h,11,BEST,0.0444,0.0318,closed,0.042,0.0402,0.0387,0.0384,0.0425,0.0383,0.0425,0.0359,True,2026-08-21T21:02:44.860927-03:00,1.13883929416891,0.00692290286611815,True,,,,,,False
20765,2026-08-20T21:02:41.541306-03:00,BERAUSDT,HOLD,4h,12,BEST,0.1702,0.1596,closed,0.177,0.1745,0.1783,0.1966,0.1783,0.1697,0.2061,0.1697,True,2026-08-21T21:02:46.249141-03:00,0.486763557371385,-0.00849763108603891,True,,,,,,False
20763,2026-08-20T21:02:41.541306-03:00,AVAXUSDT,HOLD,4h,12,WATCH,7.291,7.137,closed,7.312,7.268,7.334,7.86,7.357,7.218,7.893,7.218,True,2026-08-21T21:02:49.846452-03:00,1.23898123908041,0.082357719780354,True,,,,,,False
20764,2026-08-20T21:02:41.541306-03:00,BCHUSDT,HOLD,4h,12,WATCH,223.1,218.2,closed,226.0,224.2,228.4,289.3,228.7,223.6,301.3,223.6,True,2026-08-21T21:02:48.023488-03:00,0.898132277902465,0.474474001788563,True,,,,,,False
20788,2026-08-20T22:02:41.192885-03:00,FILUSDT,HOLD,4h,10,STRONG,0.7355,0.728,closed,0.7485,0.753,0.7516,0.8259,0.7605,0.7417,0.8267,0.7417,True,2026-08-21T22:02:46.65013-03:00,2.24287376319987,0.0377238096957819,True,,,,,,False
20787,2026-08-20T22:02:41.192885-03:00,ENAUSDT,HOLD,4h,10,STRONG,0.1166,0.1031,closed,0.1195,0.1212,0.1261,0.1424,0.1266,0.1177,0.1555,0.1177,True,2026-08-21T22:02:53.590161-03:00,0.517512015693249,-0.016669748286104,True,,,,,,False
20786,2026-08-20T22:02:41.192885-03:00,XPLUSDT,HOLD,4h,10,STRONG,0.0889,0.08389,closed,0.08849,0.08918,0.09393,0.1029,0.09451,0.08741,0.10719,0.08741,True,2026-08-21T22:02:51.778582-03:00,1.78798379279858,-0.0236416785038431,True,,,,,,False
20785,2026-08-20T22:02:41.192885-03:00,XRPUSDT,HOLD,4h,10,WATCH,1.2681,1.1962,closed,1.2777,1.287,1.3096,1.464,1.3212,1.269,1.4822,1.269,True,2026-08-21T22:02:49.912023-03:00,1.30302295769662,-0.00856470901083152,True,,,,,,False
20784,2026-08-20T22:02:41.192885-03:00,ZKUSDT,HOLD,4h,12,BEST,0.00883,0.00855,closed,0.00879,0.00878,0.00887,0.00961,0.00888,0.00874,0.00963,0.00874,True,2026-08-21T22:02:48.38297-03:00,3.44375204623293,0.0364480750747821,True,,,,,,False
20804,2026-08-20T23:02:37.950656-03:00,AXSUSDT,HOLD,4h,9,WATCH,0.962,0.948,closed,0.972,0.978,0.975,1.062,0.979,0.967,1.085,0.967,True,2026-08-21T23:02:55.029433-03:00,0.387215518115372,-0.0411761528556512,True,,,,,,False
20801,2026-08-20T23:02:37.950656-03:00,MBLUSDT,HOLD,4h,10,WATCH,0.000651,0.000604,closed,0.00065,0.000669,0.000652,0.000675,0.000672,0.000644,0.000698,0.000644,True,2026-08-21T23:02:59.030781-03:00,0.446383574195047,0.0196861234677975,True,,,,,,False
20802,2026-08-20T23:02:37.950656-03:00,VIRTUALUSDT,HOLD,4h,9,STRONG,0.6443,0.6219,closed,0.646,0.6506,0.6587,0.7374,0.6623,0.643,0.7473,0.643,True,2026-08-21T23:02:57.701586-03:00,0.912926400155493,-0.0424386831007531,False,,,,,,False
20803,2026-08-20T23:02:37.950656-03:00,SEIUSDT,HOLD,4h,9,WATCH,0.0437,0.04262,closed,0.0439,0.04386,0.04446,0.04879,0.04459,0.04365,0.04905,0.04365,True,2026-08-21T23:02:56.357901-03:00,0.706415074649968,0.0565806227379081,True,,,,,,False
20800,2026-08-20T23:02:37.950656-03:00,OPUSDT,HOLD,4h,11,BEST,0.098,0.0925,closed,0.097,0.0968,0.0981,0.1085,0.0984,0.0955,0.1092,0.0955,True,2026-08-21T23:02:53.576546-03:00,0.54498453141199,0.0319957249886691,True,,,,,,False
20824,2026-08-21T00:02:38.566912-03:00,FORMUSDT,HOLD,4h,8,STRONG,0.2467,0.2164,closed,0.2508,0.2516,0.2536,0.2767,0.2592,0.2485,0.2829,0.2485,True,2026-08-22T00:02:43.196449-03:00,1.80880247063015,-0.0641479855038822,False,,,,,,False
20820,2026-08-21T00:02:38.566912-03:00,DOTUSDT,HOLD,4h,11,WATCH,0.848,0.821,closed,0.843,0.85,0.852,0.999,0.854,0.838,1.001,0.838,True,2026-08-22T00:02:41.418795-03:00,1.44308105847322,0.0563974062427463,True,,,,,,False
20823,2026-08-21T00:02:38.566912-03:00,PYTHUSDT,HOLD,4h,8,STRONG,0.04429,0.04287,closed,0.04546,0.04547,0.0488,0.0526,0.04881,0.0453,0.05296,0.0453,True,2026-08-22T00:02:44.832384-03:00,-1.2077451615552,-0.0188651891555099,False,,,,,,False
20821,2026-08-21T00:02:38.566912-03:00,ETCUSDT,HOLD,4h,11,WATCH,6.96,6.79,closed,7.04,7.05,7.09,8.95,7.14,7.02,8.98,7.02,True,2026-08-22T00:02:48.310182-03:00,6.88827648824474,0.109414358014926,True,,,,,,False
20822,2026-08-21T00:02:38.566912-03:00,JUPUSDT,HOLD,4h,9,WATCH,0.1916,0.1856,closed,0.1914,0.1925,0.1944,0.2113,0.1956,0.1909,0.2175,0.1909,True,2026-08-22T00:02:46.559552-03:00,0.621571769544918,-0.0551079609173297,True,,,,,,False
20830,2026-08-21T01:02:53.231826-03:00,NEARUSDT,BREAKOUT,4h,15,WATCH,1.804,1.772,closed,1.807,1.811,1.929,2.097,1.933,1.796,2.122,1.796,True,2026-08-22T01:03:00.129943-03:00,0.900037526604171,0.0292746694787563,True,,,,,,False
20836,2026-08-21T01:02:53.231826-03:00,CKBUSDT,HOLD,4h,11,BEST,0.000905,0.000874,closed,0.000905,0.000905,0.000934,0.001033,0.000935,0.000875,0.001041,0.000875,True,2026-08-22T01:02:59.037204-03:00,0.658295960405848,-0.0169882369032371,True,,,,,,False
20833,2026-08-21T01:02:53.231826-03:00,CRVUSDT,HOLD,4h,12,BEST,0.3214,0.2774,closed,0.3199,0.314,0.3151,0.3426,0.324,0.3069,0.3533,0.3069,True,2026-08-22T01:02:54.743869-03:00,0.900163819450502,0.0437973691250746,True,,,,,,False
20834,2026-08-21T01:02:53.231826-03:00,XPLUSDT,BREAKOUT,4h,12,BEST,0.09333,0.09064,closed,0.09255,0.09393,0.09642,0.10583,0.0969,0.09244,0.109,0.09244,True,2026-08-22T01:02:55.967521-03:00,1.26650701104583,-0.000433699548018092,True,,,,,,False
20832,2026-08-21T01:02:53.231826-03:00,LTCUSDT,HOLD,4h,12,WATCH,48.32,47.71,closed,48.41,48.72,49.77,54.03,49.98,48.34,55.0,48.34,True,2026-08-22T02:02:49.745021-03:00,0.258511378878741,0.0325442013839772,True,,,,,,False
20835,2026-08-21T01:02:53.231826-03:00,CVXUSDT,BREAKOUT,4h,11,BEST,1.782,1.731,closed,1.802,1.785,1.806,2.034,1.817,1.758,2.062,1.758,True,2026-08-22T01:02:57.707442-03:00,0.115742843122523,0.0983131728135652,True,,,,,,False
20831,2026-08-21T01:02:53.231826-03:00,STXUSDT,BREAKOUT,4h,13,BEST,0.1546,0.143,closed,0.1568,0.1569,0.1591,0.2096,0.1601,0.1539,0.2132,0.1539,True,2026-08-22T02:02:51.428663-03:00,3.99108687217865,-0.042698457798064,True,,,,,,False
20850,2026-08-21T02:02:38.206901-03:00,HEMIUSDT,BREAKOUT,4h,11,BEST,0.0108,0.00974,closed,0.01074,0.0109,0.01099,0.01129,0.01157,0.01051,0.01598,0.00952,True,2026-08-22T02:02:58.385326-03:00,0.200874309805953,-0.0469711331969654,True,,,,,,False
20848,2026-08-21T02:02:38.206901-03:00,ARUSDT,HOLD,4h,11,WATCH,2.075,2.005,closed,2.081,2.086,2.136,2.382,2.166,2.067,2.399,2.067,True,2026-08-22T02:02:54.964324-03:00,1.2586495363647,0.0290188064265801,True,,,,,,False
20847,2026-08-21T02:02:38.206901-03:00,PEOPLEUSDT,HOLD,4h,11,BEST,0.01091,0.00956,closed,0.01088,0.01092,0.01206,0.01183,0.01315,0.01065,0.01315,0.01065,True,2026-08-22T02:02:53.111705-03:00,0.355047368059506,0.0254231899370224,True,,,,,,False
20846,2026-08-21T02:02:38.206901-03:00,BCHUSDT,BREAKOUT,4h,15,WATCH,227.5,226.7,closed,230.9,237.8,262.0,297.4,269.4,227.9,305.6,227.9,True,2026-08-22T02:03:00.151665-03:00,0.533149878347742,0.333445485522863,True,,,,,,False
20849,2026-08-21T02:02:38.206901-03:00,LUNCUSDT,HOLD,4h,11,WATCH,5.403e-05,5.203e-05,closed,5.403e-05,5.409e-05,5.516e-05,6.388e-05,5.58e-05,5.337e-05,6.406e-05,5.337e-05,True,2026-08-22T02:02:56.625554-03:00,1.32272132206746,0.0252631351601691,True,,,,,,False
20872,2026-08-21T03:02:41.132155-03:00,SPKUSDT,BREAKOUT,4h,11,WATCH,0.016043,0.015098,closed,0.017566,0.017304,0.017394,0.017737,0.019689,0.016627,0.019689,0.0155,True,2026-08-22T03:03:02.360714-03:00,1.66036265583433,-0.0336608363060925,True,,,,,,False
20874,2026-08-21T03:02:41.132155-03:00,AAVEUSDT,HOLD,4h,10,WATCH,100.99,98.8,closed,100.59,100.49,109.37,119.55,110.3,100.12,129.02,100.12,True,2026-08-22T03:02:57.973825-03:00,0.492468245899259,0.0121477028298397,True,,,,,,False
20873,2026-08-21T03:02:41.132155-03:00,NEIROUSDT,HOLD,4h,10,STRONG,9.086e-05,8.066e-05,closed,0.00010559,0.00010582,0.00010514,9.394e-05,0.00011546,9.692e-05,0.00011546,8.325e-05,True,2026-08-22T03:02:56.384436-03:00,1.12906040129682,0.0136155167450805,True,,,,,,False
20870,2026-08-21T03:02:41.132155-03:00,LUNCUSDT,BREAKOUT,4h,15,WATCH,5.403e-05,5.382e-05,closed,5.425e-05,5.462e-05,5.554e-05,5.851e-05,5.58e-05,5.398e-05,6.406e-05,5.398e-05,True,2026-08-22T03:02:59.695898-03:00,1.32272132206746,0.0252631351601691,True,,,,,,False
20871,2026-08-21T03:02:41.132155-03:00,WIFUSDT,BREAKOUT,4h,14,WATCH,0.1659,0.1657,closed,0.1696,0.1692,0.1791,0.2072,0.1804,0.1672,0.2299,0.1672,True,2026-08-22T03:03:01.078376-03:00,1.03480019460925,-0.0533831211604532,True,,,,,,False
20892,2026-08-21T04:02:38.910196-03:00,CKBUSDT,BREAKOUT,4h,15,BEST,0.000905,0.0009,closed,0.000919,0.000934,0.00096,0.001004,0.000965,0.000917,0.001051,0.000917,True,2026-08-22T04:02:47.488095-03:00,0.658295960405848,-0.0169882369032371,True,,,,,,False
20894,2026-08-21T04:02:38.910196-03:00,0GUSDT,HOLD,4h,10,STRONG,0.1639,0.1577,closed,0.1652,0.1697,0.171,0.1682,0.1724,0.164,0.1861,0.15,True,2026-08-22T04:02:52.652519-03:00,0.201041420202374,0.00443882701294749,True,,,,,,False
20893,2026-08-21T04:02:38.910196-03:00,KAVAUSDT,HOLD,4h,10,WATCH,0.04269,0.04183,closed,0.04277,0.04289,0.04343,0.04554,0.04355,0.04255,0.04728,0.04152,True,2026-08-22T04:02:54.406304-03:00,3.69500978748156,-0.155540744499856,True,,,,,,False
20895,2026-08-21T04:02:38.910196-03:00,WIFUSDT,HOLD,4h,9,WATCH,0.1659,0.1606,closed,0.1707,0.1753,0.1832,0.2072,0.1846,0.1692,0.2299,0.1692,True,2026-08-22T04:02:50.914315-03:00,1.03480019460925,-0.0533831211604532,True,,,,,,False
20896,2026-08-21T04:02:38.910196-03:00,ZENUSDT,HOLD,4h,9,WATCH,4.516,4.327,closed,4.623,4.688,4.879,5.382,4.921,4.596,6.123,4.596,True,2026-08-22T04:02:49.104467-03:00,0.653675350915857,-0.0457014919256756,True,,,,,,False
20917,2026-08-21T05:02:50.590919-03:00,SUSDT,BREAKOUT,4h,15,BEST,0.02572,0.02536,closed,0.02573,0.02631,0.02673,0.02957,0.02694,0.02568,0.03141,0.02568,True,2026-08-22T06:02:46.416896-03:00,10.6066956291297,0.000391993151895928,True,,,,,,False
20913,2026-08-21T05:02:50.590919-03:00,CVXUSDT,HOLD,4h,15,BEST,1.806,1.74,closed,1.822,1.826,1.819,2.007,1.876,1.798,2.087,1.787,True,2026-08-22T05:02:50.79744-03:00,0.211188346209397,0.095338617775023,True,,,,,,False
20919,2026-08-21T05:02:50.590919-03:00,UNIUSDT,HOLD,4h,13,BEST,3.917,3.81,closed,3.94,3.969,3.894,4.188,4.062,3.849,4.447,3.743,True,2026-08-22T05:02:52.062568-03:00,0.241307675110466,0.0282438402750511,True,,,,,,False
20916,2026-08-21T05:02:50.590919-03:00,JUPUSDT,BREAKOUT,4h,15,WATCH,0.1958,0.1927,closed,0.1977,0.1996,0.2055,0.2097,0.2085,0.1955,0.2261,0.1914,True,2026-08-22T06:02:48.361482-03:00,0.696937459628113,-0.0455277478522692,True,,,,,,False
20915,2026-08-21T05:02:50.590919-03:00,FORMUSDT,BREAKOUT,4h,15,BEST,0.261,0.258,closed,0.2614,0.2527,0.2702,0.2597,0.2737,0.2497,0.288,0.2417,True,2026-08-22T06:02:50.401335-03:00,1.40512689565067,-0.0289520239533425,True,,,,,,False
20918,2026-08-21T05:02:50.590919-03:00,BOMEUSDT,BREAKOUT,4h,13,BEST,0.0014523,0.001329,closed,0.0014872,0.0013685,0.0012898,0.0011626,0.0015687,0.00124,0.0015687,0.0009971,True,2026-08-22T06:02:44.495396-03:00,0.601986750785366,0.00315371102674613,True,,,,,,False
20914,2026-08-21T05:02:50.590919-03:00,ORDIUSDT,BREAKOUT,4h,15,BEST,4.498,4.448,closed,4.523,4.497,4.35,4.298,4.699,4.282,5.15,4.0,True,2026-08-22T05:02:53.328837-03:00,0.625860827654836,0.0075924736931612,True,,,,,,False
20942,2026-08-21T06:02:42.338164-03:00,HBARUSDT,BREAKOUT,4h,15,WATCH,0.07573,0.07449,closed,0.07524,0.07656,0.07821,0.07782,0.07821,0.07483,0.08687,0.0746,True,2026-08-22T06:03:07.603963-03:00,0.568762826422792,0.00669604086580758,True,,,,,,False
20945,2026-08-21T06:02:42.338164-03:00,ZECUSDT,BREAKOUT,4h,14,BEST,638.0,595.96,closed,631.85,644.24,645.19,788.81,665.3,622.03,857.63,622.03,True,2026-08-22T06:02:58.323382-03:00,0.791711749789749,0.065839083016919,True,,,,,,False
20944,2026-08-21T06:02:42.338164-03:00,IOUSDT,BREAKOUT,4h,15,BEST,0.1333,0.1326,closed,0.1352,0.1357,0.1427,0.1397,0.1472,0.1325,0.1505,0.1325,True,2026-08-22T06:03:03.986879-03:00,4.48680997241549,-0.0292423328389469,True,,,,,,False
20949,2026-08-21T06:02:42.338164-03:00,AIXBTUSDT,HOLD,4h,12,BEST,0.02034,0.01892,closed,0.0202,0.0205,0.02078,0.02137,0.02094,0.02002,0.02348,0.01958,True,2026-08-22T06:02:54.550532-03:00,0.300236404385492,0.0411383092116082,True,,,,,,False
20946,2026-08-21T06:02:42.338164-03:00,SUIUSDT,BREAKOUT,4h,14,WATCH,0.7775,0.7532,closed,0.7817,0.7978,0.7941,0.8443,0.8044,0.7765,0.954,0.7722,True,2026-08-22T06:03:02.07237-03:00,0.952242156713513,0.0739092701525394,True,,,,,,False
20943,2026-08-21T06:02:42.338164-03:00,VIRTUALUSDT,BREAKOUT,4h,15,BEST,0.6656,0.6603,closed,0.6598,0.6738,0.6934,0.6835,0.7011,0.6543,0.768,0.626,True,2026-08-22T06:03:05.788797-03:00,2.538532904231,-0.0429256326854892,True,,,,,,False
20948,2026-08-21T06:02:42.338164-03:00,XPLUSDT,BREAKOUT,4h,12,BEST,0.09634,0.09064,closed,0.09631,0.10254,0.10329,0.09343,0.10719,0.09534,0.109,0.08475,True,2026-08-22T06:02:56.471899-03:00,1.02878093336694,0.00594714112723253,True,,,,,,False
20950,2026-08-21T06:02:42.338164-03:00,CELOUSDT,HOLD,4h,11,BEST,0.0688,0.06503,closed,0.07011,0.0709,0.07245,0.07296,0.07291,0.06969,0.07769,0.0694,True,2026-08-22T06:02:52.599551-03:00,1.70922066083962,-0.0111516715440335,False,,,,,,False
20947,2026-08-21T06:02:42.338164-03:00,EIGENUSDT,BREAKOUT,4h,12,BEST,0.2108,0.1984,closed,0.2067,0.2114,0.215,0.2135,0.215,0.2049,0.2363,0.1919,True,2026-08-22T06:03:00.380977-03:00,1.62970863861371,-0.0101615428081603,True,,,,,,False
20984,2026-08-21T07:02:51.999946-03:00,DYDXUSDT,BREAKOUT,4h,11,BEST,0.11981,0.11703,closed,0.12224,0.11718,0.11994,0.12485,0.12389,0.11533,0.1343,0.11507,True,2026-08-22T08:02:51.43473-03:00,1.60857827981976,0.0138996596322783,True,,,,,,False
20987,2026-08-21T07:02:51.999946-03:00,TURBOUSDT,BREAKOUT,4h,12,BEST,0.00101,0.000955,closed,0.00109,0.001075,0.001039,0.000979,0.001101,0.001007,0.001124,0.000898,True,2026-08-22T08:02:55.215528-03:00,0.662695042414925,-0.00152288704758587,True,,,,,,False
20982,2026-08-21T07:02:51.999946-03:00,ARKMUSDT,HOLD,4h,13,WATCH,0.1001,0.0971,closed,0.105,0.1054,0.1055,0.109,0.1066,0.1035,0.1196,0.1035,True,2026-08-22T08:02:53.955611-03:00,1.08312738421968,0.0314637129460859,True,,,,,,False
20986,2026-08-21T07:02:51.999946-03:00,SUSDT,HOLD,4h,11,BEST,0.02572,0.02427,closed,0.02639,0.02674,0.02763,0.02802,0.02795,0.02614,0.03141,0.02614,True,2026-08-22T08:02:52.692645-03:00,10.6066956291297,0.000391993151895928,True,,,,,,False
20980,2026-08-21T07:02:51.999946-03:00,NEXOUSDT,BREAKOUT,4h,14,WATCH,0.816,0.807,closed,0.901,0.913,0.847,0.807,0.954,0.84,0.954,0.806,True,2026-08-22T08:02:47.384526-03:00,0.49487508331489,-0.0129103405396249,True,,,,,,False
20979,2026-08-21T07:02:51.999946-03:00,OPUSDT,BREAKOUT,4h,14,BEST,0.0988,0.0983,closed,0.1014,0.1008,0.1023,0.1084,0.103,0.1002,0.1235,0.1002,True,2026-08-22T08:02:48.654898-03:00,0.333594645724369,0.0373927418187936,True,,,,,,False
20978,2026-08-21T07:02:51.999946-03:00,PEPEUSDT,BREAKOUT,4h,14,BEST,3.44e-06,3.27e-06,closed,3.66e-06,3.62e-06,3.63e-06,4.04e-06,3.73e-06,3.49e-06,4.56e-06,3.49e-06,True,2026-08-22T08:02:49.915718-03:00,0.578566524248916,0.0571564118569346,True,,,,,,False
20983,2026-08-21T07:02:51.999946-03:00,LUNAUSDT,HOLD,4h,12,BEST,0.0474,0.0451,closed,0.048,0.0481,0.0488,0.0488,0.0492,0.0476,0.0549,0.0473,True,2026-08-22T08:02:44.654917-03:00,0.171007328373538,0.0811633416886827,True,,,,,,False
20985,2026-08-21T07:02:51.999946-03:00,DOGSUSDT,HOLD,4h,12,BEST,4.174e-05,3.732e-05,closed,4.129e-05,4.123e-05,4.141e-05,4.058e-05,4.195e-05,4.086e-05,4.588e-05,3.62e-05,True,2026-08-22T08:02:43.210476-03:00,0.226369957774465,0.00256954963952825,True,,,,,,False
20981,2026-08-21T07:02:51.999946-03:00,SANDUSDT,HOLD,4h,13,WATCH,0.04586,0.04392,closed,0.04776,0.04697,0.04753,0.04666,0.04797,0.04658,0.05229,0.043,True,2026-08-22T08:02:46.123607-03:00,5.14134075988883,0.0456457514269156,True,,,,,,False
21010,2026-08-21T08:02:43.347303-03:00,AAVEUSDT,BREAKOUT,4h,13,WATCH,105.8,99.38,closed,112.94,109.39,112.31,120.89,113.69,108.22,129.02,108.22,True,2026-08-22T08:02:59.015221-03:00,0.519100630657004,0.0256732212323549,True,,,,,,False
21016,2026-08-21T08:02:43.347303-03:00,FETUSDT,BREAKOUT,4h,11,BEST,0.1516,0.145,closed,0.1609,0.1569,0.1611,0.1614,0.1626,0.1555,0.1845,0.1478,True,2026-08-22T08:03:04.03924-03:00,1.40717316246765,-0.028141626966491,True,,,,,,False
21011,2026-08-21T08:02:43.347303-03:00,ZENUSDT,BREAKOUT,4h,13,WATCH,4.669,4.483,closed,4.864,4.782,4.903,5.112,4.974,4.755,6.123,4.755,True,2026-08-22T08:02:57.743641-03:00,0.634115502149851,-0.0469957192050531,True,,,,,,False
21013,2026-08-21T08:02:43.347303-03:00,ZKUSDT,BREAKOUT,4h,13,BEST,0.00913,0.00888,closed,0.00938,0.00938,0.00934,0.00917,0.00947,0.00926,0.01,0.00877,True,2026-08-22T08:02:56.482109-03:00,2.34382337180242,0.0491722321056331,True,,,,,,False
21015,2026-08-21T08:02:43.347303-03:00,PNUTUSDT,BREAKOUT,4h,12,BEST,0.0545,0.053,closed,0.0552,0.0549,0.0553,0.054,0.0561,0.0531,0.062,0.0482,True,2026-08-22T08:03:00.274986-03:00,0.626085676535725,0.0192129510478503,True,,,,,,False
21012,2026-08-21T08:02:43.347303-03:00,FFUSDT,BREAKOUT,4h,13,WATCH,0.0667,0.06591,closed,0.0697,0.07021,0.07196,0.07528,0.07265,0.06892,0.07671,0.06892,True,2026-08-22T08:03:06.566177-03:00,0.0926422182208387,-0.0179642541078888,True,,,,,,False
21009,2026-08-21T08:02:43.347303-03:00,APEUSDT,HOLD,4h,13,WATCH,0.1361,0.1323,closed,0.1376,0.1368,0.1397,0.1431,0.1403,0.1363,0.1592,0.1363,True,2026-08-22T08:03:01.52935-03:00,0.615700648776521,0.0794808452138073,True,,,,,,False
21017,2026-08-21T08:02:43.347303-03:00,PENDLEUSDT,HOLD,4h,12,BEST,1.586,1.525,closed,1.591,1.572,1.604,1.632,1.613,1.569,1.768,1.517,True,2026-08-22T08:03:02.775646-03:00,1.50457856006646,0.0610545890792473,True,,,,,,False
21014,2026-08-21T08:02:43.347303-03:00,STRKUSDT,BREAKOUT,4h,12,BEST,0.02655,0.02628,closed,0.02686,0.02706,0.0282,0.02741,0.02832,0.02674,0.03075,0.02587,True,2026-08-22T08:03:05.298805-03:00,1.25090453160888,-0.0739897830403575,True,,,,,,False
21048,2026-08-21T09:02:46.328716-03:00,ASTERUSDT,BREAKOUT,4h,13,WATCH,0.735,0.682,closed,0.731,0.731,0.727,0.663,0.748,0.719,0.777,0.612,True,2026-08-22T09:02:53.961368-03:00,0.590487274466266,-0.00399232388204756,True,,,,,,False
21046,2026-08-21T09:02:46.328716-03:00,ACTUSDT,HOLD,4h,13,BEST,0.012,0.01124,closed,0.01221,0.01204,0.01245,0.01148,0.01248,0.01187,0.01366,0.0092,True,2026-08-22T10:02:39.390411-03:00,0.119927164782689,0.0351305344335113,True,,,,,,False
21050,2026-08-21T09:02:46.328716-03:00,DOLOUSDT,HOLD,4h,12,BEST,0.02603,0.02458,closed,0.02652,0.02643,0.02642,0.02502,0.02709,0.02602,0.02842,0.02263,True,2026-08-22T09:02:49.860376-03:00,0.246426870255059,-0.00422863431611994,True,,,,,,False
21047,2026-08-21T09:02:46.328716-03:00,NOMUSDT,HOLD,4h,13,BEST,0.00193,0.00175,closed,0.00204,0.00197,0.00189,0.0018,0.00206,0.00187,0.00206,0.0015,True,2026-08-22T09:02:55.786193-03:00,0.128679924508122,0.066346972455667,True,,,,,,False
21049,2026-08-21T09:02:46.328716-03:00,FFUSDT,HOLD,4h,12,WATCH,0.06981,0.06614,closed,0.071,0.07233,0.07328,0.07556,0.07425,0.06997,0.07671,0.06959,True,2026-08-22T09:02:51.687328-03:00,0.179864352753467,0.0203817623885709,True,,,,,,False
21051,2026-08-21T09:02:46.328716-03:00,SAGAUSDT,HOLD,4h,12,BEST,0.01501,0.0143,closed,0.01528,0.01585,0.01557,0.01437,0.01613,0.01511,0.01671,0.01283,True,2026-08-22T09:02:47.892998-03:00,0.177674793465263,0.00104208412585272,True,,,,,,False
21045,2026-08-21T09:02:46.328716-03:00,MAVUSDT,HOLD,4h,15,BEST,0.01091,0.01009,closed,0.01106,0.01115,0.01092,0.01051,0.01119,0.01075,0.01136,0.01032,True,2026-08-22T09:02:57.400137-03:00,0.288605240381818,0.0811598974974762,True,,,,,,False
21072,2026-08-21T10:02:48.644695-03:00,USUALUSDT,HOLD,4h,12,BEST,0.01157,0.0101,closed,0.01172,0.01187,0.01195,0.01182,0.01256,0.01166,0.01423,0.01072,True,2026-08-22T11:02:43.142322-03:00,0.488207785546071,0.118761081219787,True,,,,,,False
21071,2026-08-21T10:02:48.644695-03:00,TIAUSDT,BREAKOUT,4h,13,BEST,0.3723,0.346,closed,0.3766,0.3784,0.3908,0.3823,0.3965,0.3697,0.4236,0.3342,True,2026-08-22T11:02:41.305608-03:00,1.96100946022855,-0.0151671235207999,True,,,,,,False
21076,2026-08-21T10:02:48.644695-03:00,FORMUSDT,BREAKOUT,4h,12,BEST,0.2709,0.258,closed,0.2682,0.2683,0.2797,0.26,0.2829,0.2631,0.288,0.2417,True,2026-08-22T10:02:48.72805-03:00,1.15759907810083,-0.0152904545082844,True,,,,,,False
21075,2026-08-21T10:02:48.644695-03:00,SUSDT,BREAKOUT,4h,12,BEST,0.02673,0.0254,closed,0.02734,0.02763,0.02824,0.02798,0.02867,0.02718,0.03141,0.02718,True,2026-08-22T11:02:39.555143-03:00,2.70539685119833,0.0146176831397122,True,,,,,,False
21078,2026-08-21T10:02:48.644695-03:00,ZKUSDT,HOLD,4h,11,BEST,0.00943,0.00895,closed,0.0093,0.00932,0.00932,0.00914,0.00939,0.00921,0.01,0.00877,True,2026-08-22T10:02:50.201197-03:00,1.3046838375197,0.0156922142527699,True,,,,,,False
21073,2026-08-21T10:02:48.644695-03:00,THETAUSDT,HOLD,4h,12,WATCH,0.1759,0.1645,closed,0.1809,0.1819,0.1907,0.1886,0.191,0.1793,0.2068,0.1753,True,2026-08-22T11:02:45.095477-03:00,0.256854363825206,0.0436240317028327,True,,,,,,False
21074,2026-08-21T10:02:48.644695-03:00,PHAUSDT,HOLD,4h,12,BEST,0.0255,0.0237,closed,0.0254,0.0254,0.0254,0.0245,0.0256,0.0251,0.0269,0.0236,True,2026-08-22T11:02:47.198454-03:00,1.00417453084349,0.0228067434792794,True,,,,,,False
21077,2026-08-21T10:02:48.644695-03:00,ZROUSDT,BREAKOUT,4h,11,BEST,0.991,0.918,closed,0.991,1.019,1.015,0.999,1.049,0.982,1.087,0.876,True,2026-08-22T10:02:51.724902-03:00,0.150665032610135,0.0963634575453429,True,,,,,,False
21103,2026-08-21T11:02:42.463347-03:00,SEIUSDT,BREAKOUT,4h,12,WATCH,0.04602,0.04412,closed,0.04651,0.04702,0.04703,0.04724,0.04728,0.04623,0.05098,0.04412,True,2026-08-22T11:02:55.949532-03:00,1.6141993502435,0.0574230107329756,True,,,,,,False
21106,2026-08-21T11:02:42.463347-03:00,MEGAUSDT,BREAKOUT,4h,11,BEST,0.04156,0.03977,closed,0.04159,0.04139,0.04037,0.04114,0.04222,0.03977,0.04415,0.03751,True,2026-08-22T11:02:50.459419-03:00,3.13637710593467,0.0181334443904994,True,,,,,,False
21105,2026-08-21T11:02:42.463347-03:00,TAOUSDT,HOLD,4h,11,WATCH,225.3,218.8,closed,228.3,232.1,229.6,222.8,233.9,226.9,250.3,214.0,True,2026-08-22T11:02:52.297442-03:00,0.436537475444963,0.00839849494267898,True,,,,,,False
21101,2026-08-21T11:02:42.463347-03:00,HYPERUSDT,BREAKOUT,4h,13,BEST,0.0677,0.0676,closed,0.0687,0.0688,0.0695,0.0691,0.0696,0.0685,0.0756,0.0653,True,2026-08-22T11:02:48.788301-03:00,0.12547964344749,0.00904212135725361,True,,,,,,False
21104,2026-08-21T11:02:42.463347-03:00,FLOKIUSDT,BREAKOUT,4h,12,WATCH,2.582e-05,2.409e-05,closed,2.612e-05,2.641e-05,2.676e-05,2.72e-05,2.695e-05,2.567e-05,3.131e-05,2.537e-05,True,2026-08-22T11:02:54.046392-03:00,0.889548477061287,-0.0585669748738263,True,,,,,,False
21102,2026-08-21T11:02:42.463347-03:00,WIFUSDT,BREAKOUT,4h,12,WATCH,0.1847,0.1688,closed,0.1837,0.1866,0.1874,0.2009,0.1896,0.181,0.2299,0.181,True,2026-08-22T11:02:57.766816-03:00,0.921072660259664,-0.0171792560061576,True,,,,,,False
21131,2026-08-21T12:02:47.350215-03:00,OGUSDT,HOLD,4h,11,WATCH,2.72,2.662,closed,2.75,2.748,2.737,2.709,2.78,2.731,2.909,2.605,True,2026-08-22T13:02:44.827283-03:00,0.555749932436696,-0.0180041195210929,False,,,,,,False
21129,2026-08-21T12:02:47.350215-03:00,OPUSDT,BREAKOUT,4h,13,BEST,0.1012,0.0999,closed,0.1043,0.1051,0.1018,0.1083,0.1056,0.1015,0.1235,0.1003,True,2026-08-22T13:02:51.440186-03:00,0.294355233969668,0.0423852428503726,True,,,,,,False
21130,2026-08-21T12:02:47.350215-03:00,ASTERUSDT,HOLD,4h,11,WATCH,0.735,0.682,closed,0.739,0.727,0.685,0.656,0.745,0.682,0.777,0.612,True,2026-08-22T13:02:49.824308-03:00,0.590487274466266,-0.00399232388204756,True,,,,,,False
21132,2026-08-21T12:02:47.350215-03:00,JUPUSDT,BREAKOUT,4h,11,WATCH,0.2056,0.1941,closed,0.2134,0.2125,0.2086,0.2027,0.2167,0.2082,0.2261,0.1914,True,2026-08-22T13:02:48.205093-03:00,1.424741165381,-0.0681166960315234,True,,,,,,False
21133,2026-08-21T12:02:47.350215-03:00,CHZUSDT,BREAKOUT,4h,11,WATCH,0.014,0.01336,closed,0.01442,0.01444,0.01402,0.01465,0.01455,0.01402,0.01579,0.01383,True,2026-08-22T13:02:46.291604-03:00,15.6914919507437,-0.0259297080190868,True,,,,,,False
21166,2026-08-21T13:02:48.428829-03:00,OPUSDT,HOLD,4h,11,BEST,0.1047,0.0999,closed,0.1042,0.1046,0.1025,0.1087,0.1056,0.1003,0.1235,0.1003,True,2026-08-22T13:02:57.922901-03:00,0.39633113438313,0.049042426676395,True,,,,,,False
21162,2026-08-21T13:02:48.428829-03:00,ZBTUSDT,HOLD,4h,13,WATCH,0.0815,0.0798,closed,0.0814,0.0814,0.0794,0.0789,0.0819,0.0793,0.0859,0.0766,True,2026-08-22T13:03:04.29931-03:00,17.8918814941059,0.0416572273129383,True,,,,,,False
21167,2026-08-21T13:02:48.428829-03:00,ONDOUSDT,BREAKOUT,4h,11,BEST,0.3996,0.3757,closed,0.4022,0.3955,0.3797,0.369,0.4066,0.3752,0.4282,0.3384,True,2026-08-22T13:02:56.28013-03:00,0.621355481073675,0.0198445741814366,True,,,,,,False
21164,2026-08-21T13:02:48.428829-03:00,ZECUSDT,HOLD,4h,12,BEST,654.13,595.96,closed,659.49,677.67,683.68,791.1,686.92,650.47,857.63,650.47,True,2026-08-22T13:03:01.071351-03:00,0.763306357137482,0.0733646146307062,True,,,,,,False
21165,2026-08-21T13:02:48.428829-03:00,HYPERUSDT,HOLD,4h,12,BEST,0.0694,0.0676,closed,0.0691,0.0691,0.0689,0.0675,0.0698,0.0686,0.0756,0.0653,True,2026-08-22T13:02:59.566432-03:00,0.281800047934654,0.0208796342939498,True,,,,,,False
21160,2026-08-21T13:02:48.428829-03:00,ZROUSDT,HOLD,4h,15,BEST,1.031,0.918,closed,1.018,1.015,0.967,1.021,1.041,0.96,1.087,0.876,True,2026-08-22T13:02:54.686022-03:00,0.223321095541603,0.119858738857554,True,,,,,,False
21161,2026-08-21T13:02:48.428829-03:00,BCHUSDT,BREAKOUT,4h,14,WATCH,287.1,263.4,closed,287.0,299.4,281.3,276.0,301.3,273.9,305.6,262.1,True,2026-08-22T13:02:53.063127-03:00,0.654518385443593,0.153007922104713,True,,,,,,False
21163,2026-08-21T13:02:48.428829-03:00,ENSUSDT,BREAKOUT,4h,13,WATCH,5.28,4.86,closed,5.22,5.37,5.27,5.61,5.46,5.2,6.59,5.2,True,2026-08-22T13:03:02.812929-03:00,1.49220713637523,-0.0225384852280274,True,,,,,,False
21200,2026-08-21T14:02:50.832251-03:00,PEPEUSDT,BREAKOUT,4h,12,BEST,3.7e-06,3.51e-06,closed,3.91e-06,4e-06,3.83e-06,,4.1e-06,3.72e-06,4.56e-06,3.63e-06,False,2026-08-22T13:03:17.279772-03:00,0.558518653710633,0.0274229051848528,True,,,,,,False
21199,2026-08-21T14:02:50.832251-03:00,TIAUSDT,HOLD,4h,11,BEST,0.388,0.3577,closed,0.3864,0.3873,0.3892,,0.3916,0.3754,0.4236,0.3342,False,2026-08-22T13:03:07.548536-03:00,1.6409871576092,-0.022708229525431,True,,,,,,False
21197,2026-08-21T14:02:50.832251-03:00,CAKEUSDT,HOLD,4h,12,WATCH,1.738,1.666,closed,1.772,1.797,1.744,,1.821,1.722,1.857,1.677,False,2026-08-22T13:03:12.585416-03:00,0.409169108579885,0.0431458466296529,True,,,,,,False
21198,2026-08-21T14:02:50.832251-03:00,JASMYUSDT,BREAKOUT,4h,11,BEST,0.00447,0.00418,closed,0.00459,0.00454,0.00456,,0.00462,0.0044,0.0048,0.00419,False,2026-08-22T13:03:15.810696-03:00,1.15986717081251,-0.0192997425936773,True,,,,,,False
21195,2026-08-21T14:02:50.832251-03:00,LINKUSDT,HOLD,4h,12,WATCH,11.527,11.038,closed,11.522,11.615,11.867,,11.91,11.475,12.62,10.936,False,2026-08-22T13:03:05.780836-03:00,0.305094729037073,0.075691482717592,False,,,,,,False
21194,2026-08-21T14:02:50.832251-03:00,SUIUSDT,HOLD,4h,12,WATCH,0.815,0.7819,closed,0.8052,0.8146,0.8169,,0.8228,0.7902,0.954,0.7722,False,2026-08-22T13:03:09.216862-03:00,0.942770013174514,0.0808838318574089,True,,,,,,False
21193,2026-08-21T14:02:50.832251-03:00,ZECUSDT,BREAKOUT,4h,15,BEST,654.13,647.46,closed,670.24,670.03,708.76,,722.0,660.54,857.63,660.54,False,2026-08-22T13:03:14.056065-03:00,0.763306357137482,0.0733646146307062,True,,,,,,False
21196,2026-08-21T14:02:50.832251-03:00,ADAUSDT,HOLD,4h,12,WATCH,0.2195,0.2035,closed,0.2186,0.2194,0.219,,0.2218,0.214,0.2584,0.2088,False,2026-08-22T13:03:10.992843-03:00,0.42817618265615,0.0215234146788489,True,,,,,,False
21224,2026-08-21T15:02:42.807378-03:00,SKYUSDT,HOLD,4h,12,WATCH,0.06655,0.063,closed,0.06641,0.06639,0.06903,,0.06907,0.06601,0.06934,0.06319,False,2026-08-22T13:03:19.033444-03:00,1.04178502265765,0.104261208223145,True,,,,,,False
21226,2026-08-21T15:02:42.807378-03:00,BCHUSDT,HOLD,4h,11,WATCH,287.1,228.7,closed,294.4,291.7,293.3,,297.8,273.9,305.6,262.1,False,2026-08-22T13:03:23.736337-03:00,0.654518385443593,0.153007922104713,True,,,,,,False
21225,2026-08-21T15:02:42.807378-03:00,RAYUSDT,HOLD,4h,12,WATCH,0.7373,0.7061,closed,0.7289,0.7223,0.7444,,0.7479,0.7176,0.7994,0.7013,False,2026-08-22T13:03:21.960083-03:00,0.582642392556416,0.0717807734006998,True,,,,,,False
21228,2026-08-21T15:02:42.807378-03:00,LTCUSDT,HOLD,4h,11,WATCH,51.83,49.98,closed,51.8,51.45,52.71,,52.8,51.29,55.45,50.32,False,2026-08-22T13:03:20.48169-03:00,0.420554302660752,0.0270563310067285,True,,,,,,False
21227,2026-08-21T15:02:42.807378-03:00,AVAXUSDT,HOLD,4h,11,WATCH,7.618,7.357,closed,7.638,7.503,7.769,,7.78,7.467,8.317,7.0,False,2026-08-22T13:03:25.943808-03:00,0.754156071808913,0.0750977621275924,True,,,,,,False
21256,2026-08-21T16:02:37.916396-03:00,ATOMUSDT,HOLD,4h,11,WATCH,1.579,1.547,closed,1.551,1.544,1.61,,1.623,1.543,1.721,1.513,False,2026-08-22T13:03:35.159054-03:00,0.21563615945257,0.0228253451804631,True,,,,,,False
21254,2026-08-21T16:02:37.916396-03:00,DOTUSDT,HOLD,4h,11,WATCH,0.9,0.871,closed,0.893,0.894,0.945,,0.947,0.888,1.032,0.888,False,2026-08-22T13:03:36.722365-03:00,0.705122353551643,0.0347709766119505,True,,,,,,False
21257,2026-08-21T16:02:37.916396-03:00,SUSDT,HOLD,4h,11,BEST,0.02818,0.02586,closed,0.02738,0.02755,0.02859,,0.02879,0.02724,0.03141,0.02716,False,2026-08-22T13:03:30.417675-03:00,1.94347673097862,0.0249777081849045,True,,,,,,False
21252,2026-08-21T16:02:37.916396-03:00,MINAUSDT,HOLD,4h,15,WATCH,0.0523,0.0491,closed,0.0538,0.0536,0.0572,,0.0597,0.0533,0.0632,0.0533,False,2026-08-22T13:03:28.423588-03:00,0.586709564635308,0.033071102504025,True,,,,,,False
21255,2026-08-21T16:02:37.916396-03:00,ETCUSDT,HOLD,4h,11,WATCH,7.48,7.11,closed,7.55,7.58,8.06,,8.06,7.48,9.1,7.3,False,2026-08-22T13:03:33.637173-03:00,1.37559012924309,0.0284630966847392,True,,,,,,False
21253,2026-08-21T16:02:37.916396-03:00,PEPEUSDT,HOLD,4h,12,BEST,3.7e-06,3.51e-06,closed,3.74e-06,3.8e-06,4.1e-06,,4.14e-06,3.72e-06,4.56e-06,3.63e-06,False,2026-08-22T13:03:31.957625-03:00,0.558518653710633,0.0274229051848528,True,,,,,,False
21287,2026-08-21T17:02:36.908426-03:00,COTIUSDT,HOLD,4h,10,WATCH,0.01349,0.01056,closed,0.01428,0.01248,0.01141,,0.01467,0.01105,0.01467,0.01052,False,2026-08-22T13:03:41.384859-03:00,0.217813494435375,0.0185658324759394,True,,,,,,False
21288,2026-08-21T17:02:36.908426-03:00,POLUSDT,HOLD,4h,9,WATCH,0.08938,0.08382,closed,0.09016,0.09042,0.09526,,0.09587,0.08946,0.12147,0.08946,False,2026-08-22T13:03:38.229113-03:00,0.538869189656556,-0.0324233378356159,False,,,,,,False
21289,2026-08-21T17:02:36.908426-03:00,KAVAUSDT,HOLD,4h,9,WATCH,0.04471,0.04183,closed,0.0448,0.04471,0.04556,,0.04565,0.04459,0.04728,0.04152,False,2026-08-22T13:03:39.877993-03:00,2.08547563460288,-0.0588681412770734,False,,,,,,False
21290,2026-08-21T17:02:36.908426-03:00,RSRUSDT,HOLD,4h,9,WATCH,0.00151,0.001484,closed,0.001518,0.00151,0.001525,,0.001548,0.001497,0.001596,0.001294,False,2026-08-22T13:03:42.988298-03:00,0.273383658949053,-0.0678700615066338,True,,,,,,False
21331,2026-08-21T19:02:34.333899-03:00,ZECUSDT,BREAKOUT,4h,13,BEST,680.51,665.3,closed,727.9,738.98,803.12,,814.39,717.87,857.63,692.68,False,2026-08-22T13:03:44.606638-03:00,0.742055315619365,0.0812959757765501,True,,,,,,False
21332,2026-08-21T19:02:34.333899-03:00,THETAUSDT,HOLD,4h,10,WATCH,0.1913,0.1779,closed,0.1885,0.1888,0.1897,,0.1924,0.1858,0.2068,0.1753,False,2026-08-22T13:03:46.238713-03:00,0.423430711199228,0.0215937594242346,True,,,,,,False
21365,2026-08-21T21:02:42.186875-03:00,BTCUSDT,HOLD,4h,12,WATCH,78338.03,75785.82,closed,77988.01,77988.0,78296.33,,78828.15,77683.37,78828.15,76500.0,False,2026-08-22T13:03:49.50883-03:00,0.617705514736037,0.0250466714222425,False,,,,,,False
21363,2026-08-21T21:02:42.186875-03:00,GRTUSDT,BREAKOUT,4h,13,WATCH,0.01728,0.01652,closed,0.01732,0.01746,0.01777,,0.0179,0.01712,0.01822,0.01585,False,2026-08-22T13:03:48.623205-03:00,1.43837387311664,-0.03181891753863,True,,,,,,False
21361,2026-08-21T21:02:42.186875-03:00,AMPUSDT,BREAKOUT,4h,15,WATCH,0.000433,0.000421,closed,0.000431,0.000427,0.000441,,0.000443,0.000425,0.000446,0.000416,False,2026-08-22T13:03:47.742615-03:00,0.941274089094967,0.136161240628667,True,,,,,,False
21366,2026-08-21T21:02:42.186875-03:00,ZAMAUSDT,BREAKOUT,4h,11,BEST,0.05197,0.04866,closed,0.05128,0.05058,0.05507,,0.0573,0.05012,0.06652,0.05012,False,2026-08-22T13:03:56.039811-03:00,0.091649003050065,0.0668933936782038,True,,,,,,False
21370,2026-08-21T21:02:42.186875-03:00,SAHARAUSDT,BREAKOUT,4h,12,BEST,0.00905,0.00877,closed,0.00886,0.00915,0.00927,,0.0093,0.00884,0.00944,0.00787,False,2026-08-22T13:03:51.461445-03:00,1.6237404533495,-0.0866725198801455,True,,,,,,False
21367,2026-08-21T21:02:42.186875-03:00,2ZUSDT,HOLD,4h,12,BEST,0.05858,0.05691,closed,0.05898,0.05899,0.06042,,0.06054,0.05858,0.06205,0.05132,False,2026-08-22T13:03:53.216903-03:00,0.221367142995473,0.00390048171629441,True,,,,,,False
21368,2026-08-21T21:02:42.186875-03:00,JTOUSDT,HOLD,4h,11,BEST,0.6515,0.5999,closed,0.655,0.6589,0.6637,,0.6716,0.6479,0.6772,0.5271,False,2026-08-22T13:03:52.338404-03:00,0.278737042583901,-0.0146201171603438,True,,,,,,False
21364,2026-08-21T21:02:42.186875-03:00,SOLUSDT,HOLD,4h,12,WATCH,93.72,90.2,closed,93.61,93.89,96.37,,97.59,92.86,102.74,87.72,False,2026-08-22T13:03:54.127624-03:00,0.382891863271054,0.0488757051107424,True,,,,,,False
21362,2026-08-21T21:02:42.186875-03:00,APEUSDT,HOLD,4h,14,WATCH,0.1442,0.1362,closed,0.1455,0.1459,0.1572,,0.1592,0.1432,0.1592,0.1365,False,2026-08-22T13:03:55.159716-03:00,0.613704851903678,0.0717578602374453,True,,,,,,False
21369,2026-08-21T21:02:42.186875-03:00,CRVUSDT,HOLD,4h,11,BEST,0.3435,0.2888,closed,0.3394,0.3447,0.3426,,0.3533,0.3344,0.3537,0.2881,False,2026-08-22T13:03:50.571128-03:00,0.714556082589386,0.0303271762321988,True,,,,,,False
21400,2026-08-21T22:02:45.710187-03:00,ICPUSDT,BREAKOUT,4h,14,WATCH,2.525,2.52,closed,2.558,2.572,2.683,,2.714,2.546,2.714,2.203,False,2026-08-22T13:04:02.144807-03:00,0.309705123904161,0.0284378406524602,True,,,,,,False
21402,2026-08-21T22:02:45.710187-03:00,AAVEUSDT,BREAKOUT,4h,13,WATCH,122.69,113.69,closed,123.55,124.52,126.27,,129.02,122.4,129.02,111.49,False,2026-08-22T13:04:04.796869-03:00,0.537862231211961,0.0756360654036485,True,,,,,,False
21404,2026-08-21T22:02:45.710187-03:00,JTOUSDT,BREAKOUT,4h,11,BEST,0.6515,0.632,closed,0.6539,0.65,0.6698,,0.6772,0.6479,0.6772,0.5271,False,2026-08-22T13:04:03.006594-03:00,0.278737042583901,-0.0146201171603438,True,,,,,,False
21406,2026-08-21T22:02:45.710187-03:00,ZECUSDT,HOLD,4h,11,BEST,734.27,665.3,closed,737.68,803.12,820.07,,857.63,730.0,857.63,692.68,False,2026-08-22T13:04:01.274397-03:00,0.711765365300382,0.0750190310143812,True,,,,,,False
21403,2026-08-21T22:02:45.710187-03:00,DASHUSDT,BREAKOUT,4h,13,WATCH,38.71,35.61,closed,39.43,41.42,43.98,,47.55,39.2,47.55,36.43,False,2026-08-22T13:04:03.911424-03:00,1.69958069549339,0.0146874109448452,True,,,,,,False
21408,2026-08-21T22:02:45.710187-03:00,FETUSDT,HOLD,4h,11,BEST,0.1714,0.152,closed,0.1713,0.174,0.1814,,0.1845,0.1701,0.1845,0.1478,False,2026-08-22T13:04:00.395151-03:00,12.6269007066008,-0.00937001910218252,True,,,,,,False
21405,2026-08-21T22:02:45.710187-03:00,HYPERUSDT,HOLD,4h,11,BEST,0.0714,0.0682,closed,0.0726,0.0732,0.0753,,0.0756,0.0716,0.0756,0.0653,False,2026-08-22T13:03:57.782185-03:00,0.962571676166438,0.00831182456323072,True,,,,,,False
21401,2026-08-21T22:02:45.710187-03:00,NEARUSDT,BREAKOUT,4h,13,WATCH,1.968,1.949,closed,1.981,2.018,2.113,,2.147,1.971,2.147,1.728,False,2026-08-22T13:03:56.913142-03:00,0.266307152205685,0.0170942450610126,True,,,,,,False
21399,2026-08-21T22:02:45.710187-03:00,SEIUSDT,BREAKOUT,4h,15,WATCH,0.04807,0.04728,closed,0.04853,0.0488,0.0509,,0.05098,0.04838,0.05098,0.04412,False,2026-08-22T13:03:59.518445-03:00,8.49617667385347,0.0833804163604088,True,,,,,,False
21407,2026-08-21T22:02:45.710187-03:00,STRKUSDT,BREAKOUT,4h,11,BEST,0.02896,0.02839,closed,0.02968,0.02961,0.0305,,0.03075,0.0293,0.03075,0.02587,False,2026-08-22T13:03:58.649635-03:00,5.77487396069721,-0.0783343182928924,True,,,,,,False
21437,2026-08-21T23:02:52.386377-03:00,PENGUUSDT,HOLD,4h,11,BEST,0.008918,0.007926,closed,0.009098,0.009018,0.008632,,0.009459,0.007493,0.009459,0.007493,False,2026-08-22T13:04:09.100848-03:00,0.466985912238981,-0.0115373688169302,True,,,,,,False
21439,2026-08-21T23:02:52.386377-03:00,SLPUSDT,HOLD,4h,11,BEST,0.00069,0.000643,closed,0.000682,0.00069,0.00065,,0.000696,0.000624,0.000696,0.000602,False,2026-08-22T13:04:11.691977-03:00,0.632095964173576,0.0202174419686388,True,,,,,,False
21436,2026-08-21T23:02:52.386377-03:00,HYPERUSDT,BREAKOUT,4h,12,BEST,0.0714,0.0696,closed,0.0741,0.0736,0.0708,,0.0756,0.0653,0.0756,0.0653,False,2026-08-22T13:04:09.977791-03:00,0.962571676166438,0.00831182456323072,True,,,,,,False
21438,2026-08-21T23:02:52.386377-03:00,ZKUSDT,HOLD,4h,11,BEST,0.00945,0.00915,closed,0.00969,0.00985,0.00935,,0.01,0.00877,0.01,0.00877,False,2026-08-22T13:04:12.564849-03:00,1.25970104328256,0.0354962159648263,True,,,,,,False
21433,2026-08-21T23:02:52.386377-03:00,SSVUSDT,HOLD,4h,12,BEST,2.879,2.599,closed,2.892,2.837,2.744,,3.017,2.46,3.017,2.46,False,2026-08-22T13:04:06.516839-03:00,1.07882773686832,0.0468522123420619,False,,,,,,False
21435,2026-08-21T23:02:52.386377-03:00,SAPIENUSDT,HOLD,4h,12,BEST,0.0849,0.0823,closed,0.085,0.0855,0.0807,,0.0867,0.0765,0.0867,0.0765,False,2026-08-22T13:04:05.662582-03:00,1.10246627327102,0.0976003066355869,True,,,,,,False
21431,2026-08-21T23:02:52.386377-03:00,TRBUSDT,BREAKOUT,4h,13,WATCH,18.03,17.19,closed,20.4,21.26,18.56,,22.9,16.53,22.9,16.53,False,2026-08-22T13:04:10.841594-03:00,0.518000213905368,0.0396729766112405,True,,,,,,False
21432,2026-08-21T23:02:52.386377-03:00,BNSOLUSDT,HOLD,4h,12,WATCH,105.8,101.6,closed,106.6,107.9,106.1,,115.8,98.8,115.8,98.8,False,2026-08-22T13:04:07.379973-03:00,0.200049771682111,0.291700206105153,True,,,,,,False
21434,2026-08-21T23:02:52.386377-03:00,NEOUSDT,HOLD,4h,12,WATCH,2.159,2.073,closed,2.233,2.235,2.15,,2.279,2.032,2.279,2.032,False,2026-08-22T13:04:08.240978-03:00,1.28838093373026,0.0243006256358241,True,,,,,,False
21482,2026-08-22T00:02:40.497518-03:00,SOLUSDT,BREAKOUT,4h,14,WATCH,93.72,93.39,closed,96.51,96.37,94.59,,102.74,87.72,102.74,87.72,False,2026-08-22T13:04:13.403776-03:00,0.382891863271054,0.0488757051107424,True,,,,,,False
21483,2026-08-22T00:02:40.497518-03:00,OPUSDT,BREAKOUT,4h,13,BEST,0.1072,0.1054,closed,0.1139,0.1177,0.1124,,0.1235,0.1019,0.1235,0.1019,False,2026-08-22T13:04:18.505813-03:00,0.323323731780733,0.0344553193432334,True,,,,,,False
21484,2026-08-22T00:02:40.497518-03:00,ADAUSDT,BREAKOUT,4h,11,BEST,0.2291,0.2202,closed,0.2429,0.2435,0.2339,,0.2584,0.2088,0.2584,0.2088,False,2026-08-22T13:04:17.668133-03:00,0.331978848149269,0.0304721576544085,True,,,,,,False
21480,2026-08-22T00:02:40.497518-03:00,SANDUSDT,BREAKOUT,4h,15,WATCH,0.04903,0.04828,closed,0.0498,0.04875,0.0475,,0.05229,0.04387,0.05229,0.04387,False,2026-08-22T13:04:15.965925-03:00,1.93025669921845,0.0710813481054674,True,,,,,,False
21479,2026-08-22T00:02:40.497518-03:00,XRPUSDT,BREAKOUT,4h,15,WATCH,1.4544,1.43,closed,1.5663,1.5585,1.5814,,1.6999,1.378,1.6999,1.378,False,2026-08-22T13:04:14.254576-03:00,0.788372146693523,-0.0223509953036764,True,,,,,,False
21481,2026-08-22T00:02:40.497518-03:00,ARKMUSDT,BREAKOUT,4h,15,WATCH,0.1084,0.1076,closed,0.1156,0.1175,0.1134,,0.1196,0.1046,0.1196,0.1046,False,2026-08-22T13:04:16.820952-03:00,0.813874018003251,0.0630991581517314,True,,,,,,False
21478,2026-08-22T00:02:40.497518-03:00,ZKPUSDT,HOLD,4h,15,BEST,0.0459,0.0444,closed,0.0463,0.0468,0.0442,,0.0476,0.0394,0.0476,0.0394,False,2026-08-22T13:04:15.099195-03:00,0.260911533461925,0.0474043081380473,False,,,,,,False
21516,2026-08-22T01:02:50.538332-03:00,SAGAUSDT,HOLD,4h,11,BEST,0.01637,0.01516,closed,0.01644,0.01669,0.0151,,0.01671,0.01283,0.01671,0.01283,False,2026-08-22T13:04:23.627149-03:00,0.353830464351355,-0.0222976638994603,True,,,,,,False
21510,2026-08-22T01:02:50.538332-03:00,STOUSDT,HOLD,4h,15,BEST,0.0452,0.0439,closed,0.0454,0.0458,0.0435,,0.0459,0.0403,0.0459,0.0403,False,2026-08-22T13:04:19.355412-03:00,0.261067699536335,0.0361348036351687,True,,,,,,False
21517,2026-08-22T01:02:50.538332-03:00,PIXELUSDT,HOLD,4h,12,BEST,0.00576,0.0055,closed,0.00577,0.00588,0.00551,,0.0059,0.00513,0.0059,0.00513,False,2026-08-22T13:04:24.479544-03:00,0.29226811340097,-0.00508649912850419,True,,,,,,False
21515,2026-08-22T01:02:50.538332-03:00,GIGGLEUSDT,HOLD,4h,12,BEST,41.25,36.21,closed,41.25,41.78,37.13,,42.19,34.11,42.19,34.11,False,2026-08-22T13:04:22.765636-03:00,0.121846256592801,-0.0109398276948234,True,,,,,,False
21513,2026-08-22T01:02:50.538332-03:00,DOLOUSDT,HOLD,4h,14,BEST,0.02785,0.0258,closed,0.02772,0.02821,0.02567,,0.02842,0.02263,0.02842,0.02263,False,2026-08-22T13:04:20.195755-03:00,0.369599576749205,0.0634434089842695,True,,,,,,False
21512,2026-08-22T01:02:50.538332-03:00,MAVUSDT,HOLD,4h,14,BEST,0.01119,0.01056,closed,0.01115,0.01136,0.01088,,0.01136,0.01032,0.01136,0.01032,False,2026-08-22T13:04:21.032239-03:00,0.285636629263762,0.0543645133054139,True,,,,,,False
21511,2026-08-22T01:02:50.538332-03:00,UNIUSDT,HOLD,4h,14,BEST,4.41,4.062,closed,4.409,4.41,4.188,,4.447,3.743,4.447,3.743,False,2026-08-22T13:04:21.912442-03:00,0.297459520160139,0.0361267419508664,True,,,,,,False
21514,2026-08-22T01:02:50.538332-03:00,MOVEUSDT,HOLD,4h,13,BEST,0.0085,0.0069,closed,0.0085,0.0094,0.0093,,0.0098,0.0074,0.0098,0.0074,False,2026-08-22T13:04:25.666483-03:00,0.318383679111936,0.0731704182231694,True,,,,,,False
21590,2026-08-22T02:02:48.854957-03:00,BONKUSDT,BREAKOUT,4h,13,BEST,3.37e-06,3.2e-06,closed,3.21e-06,3.25e-06,3.26e-06,,3.64e-06,2.91e-06,3.64e-06,2.91e-06,False,2026-08-22T13:04:34.351911-03:00,0.554083755631862,0.0223307677438371,True,,,,,,False
21588,2026-08-22T02:02:48.854957-03:00,XECUSDT,HOLD,4h,11,BEST,7.97e-06,7.42e-06,closed,7.38e-06,7.42e-06,7.26e-06,,7.99e-06,6.81e-06,7.99e-06,6.81e-06,False,2026-08-22T13:04:32.614574-03:00,0.0608162149022117,0.0115114799899693,True,,,,,,False
21587,2026-08-22T02:02:48.854957-03:00,MIRAUSDT,HOLD,4h,12,BEST,0.0459,0.04306,closed,0.04262,0.04289,0.04253,,0.04641,0.03939,0.04641,0.03939,False,2026-08-22T13:04:31.761482-03:00,0.017207946604492,0.0372845532319915,True,,,,,,False
21586,2026-08-22T02:02:48.854957-03:00,DUSKUSDT,HOLD,4h,11,BEST,0.0862,0.0785,closed,0.0761,0.0772,0.0769,,0.0848,0.0698,0.0848,0.0698,False,2026-08-22T13:04:30.904024-03:00,1.29320236048081,-0.020959472894889,True,,,,,,False
21589,2026-08-22T02:02:48.854957-03:00,AIGENSYNUSDT,HOLD,4h,11,BEST,0.02299,0.02241,closed,0.02115,0.0216,0.02116,,0.02344,0.01853,0.02344,0.01853,False,2026-08-22T13:04:33.478671-03:00,0.161214629318627,0.02601360028796,True,,,,,,False
21584,2026-08-22T02:02:48.854957-03:00,LPTUSDT,HOLD,4h,13,WATCH,1.535,1.416,closed,1.424,1.426,1.407,,1.582,1.305,1.582,1.305,False,2026-08-22T13:04:29.136-03:00,0.186748552379242,0.0301033071526144,True,,,,,,False
21583,2026-08-22T02:02:48.854957-03:00,AVAXUSDT,BREAKOUT,4h,14,WATCH,8.073,7.702,closed,7.663,7.654,7.509,,8.305,7.0,8.305,7.0,False,2026-08-22T13:04:28.300598-03:00,0.606235613983321,0.0670759485608342,True,,,,,,False
21582,2026-08-22T02:02:48.854957-03:00,ENAUSDT,BREAKOUT,4h,15,BEST,0.1557,0.1555,closed,0.1502,0.1495,0.1517,,0.1622,0.1364,0.1622,0.1364,False,2026-08-22T13:04:26.577846-03:00,0.626326451368934,0.00396111352988161,True,,,,,,False
21581,2026-08-22T02:02:48.854957-03:00,DCRUSDT,HOLD,4h,15,BEST,14.85,12.69,closed,13.53,14.02,13.96,,14.59,13.45,14.59,13.37,False,2026-08-22T13:04:27.442948-03:00,0.500480620470683,0.0356493490182451,True,,,,,,False
21585,2026-08-22T02:02:48.854957-03:00,SUIUSDT,BREAKOUT,4h,13,WATCH,0.9128,0.8235,closed,0.8369,0.8497,0.8443,,0.9501,0.7722,0.9501,0.7722,False,2026-08-22T13:04:30.052296-03:00,0.746017187140869,0.0636027837949463,True,,,,,,False
21655,2026-08-22T03:02:55.043926-03:00,IDUSDT,HOLD,4h,12,BEST,0.034,0.0324,closed,0.0326,0.033,0.0325,,0.0335,0.032,0.0335,0.031,False,2026-08-22T13:04:37.759101-03:00,2.16876341212713,0.0243588573047421,True,,,,,,False
21654,2026-08-22T03:02:55.043926-03:00,SHELLUSDT,HOLD,4h,12,BEST,0.0241,0.023,closed,0.0228,0.023,0.0237,,0.0241,0.0225,0.0257,0.0225,False,2026-08-22T13:04:36.914144-03:00,0.648662178981197,-0.00929121359445231,True,,,,,,False
21653,2026-08-22T03:02:55.043926-03:00,IOUSDT,HOLD,4h,12,BEST,0.1472,0.1337,closed,0.1415,0.1445,0.1378,,0.1449,0.1378,0.1449,0.1361,False,2026-08-22T13:04:36.070509-03:00,1.17189540350989,-0.021339271935785,True,,,,,,False
21652,2026-08-22T03:02:55.043926-03:00,BONKUSDT,HOLD,4h,11,BEST,3.37e-06,2.96e-06,closed,3.22e-06,3.26e-06,3.23e-06,,3.35e-06,3.16e-06,3.35e-06,3.08e-06,False,2026-08-22T13:04:35.20428-03:00,0.554083755631862,0.0223307677438371,True,,,,,,False
21650,2026-08-22T03:02:55.043926-03:00,XLMUSDT,HOLD,4h,12,WATCH,0.2132,0.1953,closed,0.2079,0.2116,0.1988,,0.2145,0.1987,0.2145,0.193,False,2026-08-22T13:04:41.054648-03:00,1.86899083415385,0.0346148519584825,True,,,,,,False
21649,2026-08-22T03:02:55.043926-03:00,NEARUSDT,HOLD,4h,12,WATCH,2.098,1.949,closed,1.959,1.996,1.91,,2.007,1.909,2.007,1.856,False,2026-08-22T13:04:40.187403-03:00,0.599008337160802,0.0300875816509643,True,,,,,,False
21648,2026-08-22T03:02:55.043926-03:00,DOGEUSDT,HOLD,4h,12,WATCH,0.09567,0.08577,closed,0.0919,0.09282,0.08992,,0.09392,0.08964,0.09392,0.08769,False,2026-08-22T13:04:39.327765-03:00,0.507686601476284,0.0353844814731674,True,,,,,,False
21647,2026-08-22T03:02:55.043926-03:00,FLOWUSDT,HOLD,4h,13,BEST,0.03233,0.03058,closed,0.03124,0.03158,0.03088,,0.03168,0.03082,0.03168,0.03034,False,2026-08-22T13:04:38.493122-03:00,0.319032613094813,0.112340008761935,True,,,,,,False
21651,2026-08-22T03:02:55.043926-03:00,HBARUSDT,HOLD,4h,12,WATCH,0.08274,0.0786,closed,0.0788,0.07897,0.07739,,0.0806,0.07739,0.0806,0.07594,False,2026-08-22T13:04:41.877905-03:00,0.319773813396721,0.0469935390034253,True,,,,,,False
21828,2026-08-22T04:02:46.523537-03:00,CFGUSDT,BREAKOUT,4h,11,BEST,0.1578,0.1483,closed,0.1439,0.1436,0.1389,,0.1457,0.1356,0.1457,0.1356,False,2026-08-22T13:04:45.105496-03:00,0.642061877803327,0.0281312191009252,False,,,,,,False
21829,2026-08-22T04:02:46.523537-03:00,HYPERUSDT,BREAKOUT,4h,12,BEST,0.0737,0.0698,closed,0.0708,0.0702,0.0673,,0.0715,0.0667,0.0715,0.0667,False,2026-08-22T13:04:46.809692-03:00,0.80935780857464,-0.0226134067553457,True,,,,,,False
21827,2026-08-22T04:02:46.523537-03:00,IDUSDT,BREAKOUT,4h,13,BEST,0.034,0.0324,closed,0.0331,0.0333,0.0322,,0.0335,0.0316,0.0335,0.031,False,2026-08-22T13:04:44.402739-03:00,2.16876341212713,0.0243588573047421,True,,,,,,False
21830,2026-08-22T04:02:46.523537-03:00,SPKUSDT,HOLD,4h,11,BEST,0.018336,0.0161,closed,0.017649,0.01787,0.016799,,0.017966,0.016633,0.017966,0.016633,False,2026-08-22T13:04:47.641097-03:00,5.40725779486552,0.000238455823693021,False,,,,,,False
21825,2026-08-22T04:02:46.523537-03:00,XLMUSDT,BREAKOUT,4h,13,WATCH,0.2132,0.1953,closed,0.2109,0.2067,0.1974,,0.2145,0.1938,0.2145,0.193,False,2026-08-22T13:04:48.509962-03:00,1.86899083415385,0.0346148519584825,True,,,,,,False
21824,2026-08-22T04:02:46.523537-03:00,FILUSDT,BREAKOUT,4h,14,BEST,0.8469,0.7961,closed,0.7878,0.7883,0.7658,,0.8016,0.7505,0.8016,0.7505,False,2026-08-22T13:04:45.949272-03:00,0.768155666247997,0.0752081167502879,True,,,,,,False
21823,2026-08-22T04:02:46.523537-03:00,FLOWUSDT,BREAKOUT,4h,15,BEST,0.03233,0.03208,closed,0.03158,0.03145,0.03064,,0.03168,0.03034,0.03168,0.03034,False,2026-08-22T13:04:42.732748-03:00,0.319032613094813,0.112340008761935,True,,,,,,False
21826,2026-08-22T04:02:46.523537-03:00,MEMEUSDT,BREAKOUT,4h,13,BEST,0.000595,0.000574,closed,0.000589,0.000582,0.000558,,0.000597,0.000554,0.000597,0.000554,False,2026-08-22T13:04:43.57472-03:00,1.8509450371391,-0.0364559561489397,True,,,,,,False
22005,2026-08-22T05:02:44.33604-03:00,MINAUSDT,HOLD,4h,8,STRONG,0.0607,0.0527,closed,0.0579,0.0559,0.0562,,0.0627,0.0549,0.0627,0.0546,False,2026-08-22T13:04:50.895271-03:00,0.653045869480407,-0.0850482645012326,True,,,,,,False
22006,2026-08-22T05:02:44.33604-03:00,STORJUSDT,COILING,4h,4,STRONG,0.0417,0.0434,closed,0.0416,0.0421,0.0413,,0.0425,0.0405,0.0425,0.0405,False,2026-08-22T13:04:49.375154-03:00,0.182679393370195,0.154421389913972,False,,,,,,False
22004,2026-08-22T05:02:44.33604-03:00,POLUSDT,HOLD,4h,10,WATCH,0.11341,0.09587,closed,0.1131,0.11888,0.10957,,0.12147,0.10257,0.12147,0.10257,False,2026-08-22T13:04:50.056807-03:00,0.770759196188115,-0.00978176388041428,True,,,,,,False
22243,2026-08-22T09:02:45.368505-03:00,CVXUSDT,BREAKOUT,4h,14,BEST,2.093,2.062,closed,2.098,2.1,2.104,,2.156,2.042,2.156,2.042,False,2026-08-22T13:04:51.734288-03:00,0.373090530329319,0.0162467738347871,True,,,,,,False
