symbol,signal,tf,target,ts,week,rb,outcome,hit,hit_dart,r,r_dart,n_darts
BARDUSDT,COILING,4h,res,2026-05-31T13:03:00.007087-03:00,2026-W22,0.6511862695608278,stop,0.0,0.8,-1.0,0.520949015648662,10
BARDUSDT,COILING,4h,major,2026-05-31T13:03:00.007087-03:00,2026-W22,1.7667844522968206,stop,0.0,0.0,-1.0,-0.4,10
OPENUSDT,BREAKOUT,4h,major,2026-05-31T13:03:00.007087-03:00,2026-W22,2.73252758801892,stop,0.0,0.2,-1.0,0.09900963072865587,10
CGPTUSDT,BREAKOUT,4h,major,2026-05-31T13:03:00.007087-03:00,2026-W22,0.4547121378804552,stop,0.0,0.7,-1.0,0.018298496516318725,10
ACEUSDT,COILING,4h,major,2026-05-31T17:02:37.840069-03:00,2026-W22,0.35805626598465423,target,1.0,0.3,0.35805626598465423,-0.39258312020460356,10
LUNCUSDT,BREAKOUT,4h,res,2026-05-31T21:02:33.05449-03:00,2026-W23,0.6960000000000008,stop,0.0,0.4,-1.0,-0.3215999999999995,10
LUNCUSDT,BREAKOUT,4h,major,2026-05-31T21:02:33.05449-03:00,2026-W23,0.6960000000000008,stop,0.0,0.6,-1.0,0.017600000000000705,10
RONINUSDT,BREAKOUT,4h,res,2026-05-31T22:02:38.144746-03:00,2026-W23,0.8737864077669903,target,1.0,0.5,0.8737864077669903,0.0018665806215777182,10
RONINUSDT,BREAKOUT,4h,major,2026-05-31T22:02:38.144746-03:00,2026-W23,2.827669902912622,stop,0.0,0.0,-1.0,-1.0,10
DUSDT,COILING,4h,res,2026-06-01T01:02:41.470636-03:00,2026-W23,0.15833333333333272,target,1.0,0.5,0.15833333333333272,-0.02083333333333362,10
DUSDT,COILING,4h,major,2026-06-01T01:02:41.470636-03:00,2026-W23,1.6250000000000022,stop,0.0,0.1,-1.0,-0.1375,10
DUSDT,COILING,4h,res,2026-06-01T02:02:34.308175-03:00,2026-W23,0.15833333333333272,target,1.0,0.5,0.15833333333333272,-0.22083333333333366,10
DUSDT,COILING,4h,major,2026-06-01T02:02:34.308175-03:00,2026-W23,1.6250000000000022,stop,0.0,0.0,-1.0,-0.7,10
DUSDT,COILING,4h,res,2026-06-01T06:02:41.22038-03:00,2026-W23,0.1583333333333356,stop,0.0,0.4,-1.0,-0.1366666666666661,10
DUSDT,COILING,4h,major,2026-06-01T06:02:41.22038-03:00,2026-W23,1.6250000000000022,stop,0.0,0.1,-1.0,-0.43749999999999983,10
DUSDT,COILING,4h,major,2026-06-01T11:02:44.080506-03:00,2026-W23,,sin_entrada,0.0,0.1,0.0,-0.35561936013125517,10
HEMIUSDT,PREBREAK,1h,res,2026-06-01T13:02:39.009703-03:00,2026-W23,0.09358288770053565,stop,0.0,0.5,-1.0,-0.15320855614973222,10
HEMIUSDT,PREBREAK,1h,major,2026-06-01T13:02:39.009703-03:00,2026-W23,0.4411764705882373,stop,0.0,0.3,-1.0,-0.4676470588235288,10
SEIUSDT,BREAKOUT,4h,res,2026-06-01T17:02:41.344565-03:00,2026-W23,0.03941996339574863,target,1.0,0.9,0.03941996339574863,-0.0645220329438268,10
SEIUSDT,BREAKOUT,4h,major,2026-06-01T17:02:41.344565-03:00,2026-W23,0.305504716317048,stop,0.0,0.9,-1.0,0.17495424468534398,10
YBUSDT,COILING,4h,res,2026-06-01T17:02:41.344565-03:00,2026-W23,0.6001846722068351,stop,0.0,0.5,-1.0,-0.09990766389658298,10
YBUSDT,COILING,4h,major,2026-06-01T17:02:41.344565-03:00,2026-W23,2.668513388734998,stop,0.0,0.0,-1.0,-0.5212757698896431,10
OPUSDT,BREAKOUT,4h,major,2026-06-01T17:02:41.344565-03:00,2026-W23,0.9615384615384631,stop,0.0,0.7,-1.0,0.49044158089102013,10
NEARUSDT,BREAKOUT,4h,res,2026-06-01T18:02:38.038254-03:00,2026-W23,0.06883365200764743,target,1.0,0.8,0.06883365200764743,-0.1449330783938823,10
NEARUSDT,BREAKOUT,4h,major,2026-06-01T18:02:38.038254-03:00,2026-W23,1.3881453154875725,target,1.0,0.6,1.3881453154875725,0.4328871892925436,10
YBUSDT,COILING,4h,res,2026-06-01T18:02:38.038254-03:00,2026-W23,0.6001846722068351,stop,0.0,0.6,-1.0,0.1601108033241006,10
YBUSDT,COILING,4h,major,2026-06-01T18:02:38.038254-03:00,2026-W23,2.668513388734998,stop,0.0,0.0,-1.0,-0.035118143459074914,10
APEUSDT,RIDING,4h,res,2026-06-01T21:02:45.056617-03:00,2026-W23,0.1829268292682914,target,1.0,0.7,0.1829268292682914,-0.17195121951219666,10
APEUSDT,RIDING,4h,major,2026-06-01T21:02:45.056617-03:00,2026-W23,0.1829268292682914,target,1.0,0.9,0.1829268292682914,0.06463414634146165,10
ORDIUSDT,BREAKOUT,4h,major,2026-06-01T21:02:45.056617-03:00,2026-W23,0.7069952701020659,stop,0.0,0.7,-1.0,0.19489668907144658,10
NEARUSDT,HOLD,4h,major,2026-06-02T01:02:36.842159-03:00,2026-W23,0.8924652523774694,stop,0.0,0.5,-1.0,-0.05376737381126501,10
APEUSDT,RIDING,4h,res,2026-06-02T04:02:37.221582-03:00,2026-W23,0.41355932203389834,target,1.0,0.7,0.41355932203389834,-0.01050847457627111,10
APEUSDT,RIDING,4h,major,2026-06-02T04:02:37.221582-03:00,2026-W23,0.41355932203389834,target,1.0,0.7,0.41355932203389834,-0.010508474576271043,10
WLFIUSDT,PREBREAK,1h,res,2026-06-02T12:02:45.38517-03:00,2026-W23,0.16666666666666685,target,1.0,1.0,0.16666666666666685,0.1666666666666666,10
WLFIUSDT,PREBREAK,1h,major,2026-06-02T12:02:45.38517-03:00,2026-W23,0.16666666666666685,target,1.0,0.9,0.16666666666666685,0.05000000000000008,10
DEXEUSDT,PREBREAK,1h,res,2026-06-02T20:02:36.121111-03:00,2026-W23,0.3604436229205181,target,1.0,1.0,0.3604436229205181,0.3604436229205184,10
DEXEUSDT,PREBREAK,1h,major,2026-06-02T20:02:36.121111-03:00,2026-W23,0.704577579645539,target,1.0,1.0,0.704577579645539,0.7045775796455394,10
ENAUSDT,BREAKOUT,4h,major,2026-06-03T05:02:38.960469-03:00,2026-W23,0.14619883040935697,target,1.0,1.0,0.14619883040935697,0.14619883040935627,10
NEARUSDT,HOLD,4h,major,2026-06-03T09:02:40.943312-03:00,2026-W23,0.09149440867502583,target,1.0,0.8,0.09149440867502583,-0.12680447305997955,10
ZECUSDT,RIDING,4h,res,2026-06-03T21:02:34.053751-03:00,2026-W23,0.3862764688819403,stop,0.0,1.0,-1.0,0.386276468881941,10
ZECUSDT,RIDING,4h,major,2026-06-03T21:02:34.053751-03:00,2026-W23,1.0710026750894392,stop,0.0,0.5,-1.0,0.2196872346865278,10
METUSDT,COILING,4h,major,2026-06-04T00:02:42.082282-03:00,2026-W23,,sin_entrada,0.0,0.8,0.0,0.16971470373079883,10
ZBTUSDT,PREBREAK,1h,res,2026-06-04T00:02:42.082282-03:00,2026-W23,0.03233629749393561,target,1.0,0.9,0.03233629749393561,0.029102667744542517,10
ZBTUSDT,PREBREAK,1h,major,2026-06-04T00:02:42.082282-03:00,2026-W23,0.4122877930476942,target,1.0,1.0,0.4122877930476942,0.41228779304769436,10
FORMUSDT,COILING,4h,res,2026-06-04T05:02:47.646199-03:00,2026-W23,0.29669075694180186,target,1.0,0.8,0.29669075694180186,0.1373526055534418,10
FORMUSDT,COILING,4h,major,2026-06-04T05:02:47.646199-03:00,2026-W23,0.29669075694180186,target,1.0,0.4,0.29669075694180186,-0.3813236972232791,10
OPNUSDT,RIDING,4h,res,2026-06-05T05:02:36.519824-03:00,2026-W23,0.23180940115904847,stop,0.0,0.7,-1.0,-0.13773341918866575,10
OPNUSDT,RIDING,4h,major,2026-06-05T05:02:36.519824-03:00,2026-W23,0.23180940115904847,stop,0.0,0.3,-1.0,-0.6304571796522854,10
ALLOUSDT,HOLD,4h,major,2026-06-06T05:02:36.774516-03:00,2026-W23,4.187697160883283,target,1.0,0.3,4.187697160883283,0.5563091482649841,10
LDOUSDT,PREBREAK,1h,major,2026-06-06T23:02:43.889068-03:00,2026-W23,0.9257142857142833,abierto,0.0,0.5,0.02666666666666595,0.1531256445819542,10
OGUSDT,BREAKOUT,4h,major,2026-06-07T13:02:33.685436-03:00,2026-W23,0.23454157782516083,target,1.0,0.6,0.23454157782516083,-0.2592750533049038,10
ALLOUSDT,RIDING,4h,res,2026-06-08T05:02:40.41818-03:00,2026-W24,0.2238648363252387,target,1.0,0.7,0.2238648363252387,-0.1432946145723333,10
ALLOUSDT,RIDING,4h,major,2026-06-08T05:02:40.41818-03:00,2026-W24,0.2238648363252387,target,1.0,0.9,0.2238648363252387,0.10147835269271477,10
APEUSDT,COILING,4h,res,2026-06-08T09:02:50.820145-03:00,2026-W24,1.0956790123456825,stop,0.0,0.1,-1.0,-0.16541587451446177,10
APEUSDT,COILING,4h,major,2026-06-08T09:02:50.820145-03:00,2026-W24,2.2067901234567913,stop,0.0,0.0,-1.0,-0.18621146808688835,10
IMXUSDT,BREAKOUT,4h,res,2026-06-08T10:02:44.271523-03:00,2026-W24,0.31402651779483415,target,1.0,0.6,0.31402651779483415,-0.16725009329924248,10
IMXUSDT,BREAKOUT,4h,major,2026-06-08T10:02:44.271523-03:00,2026-W24,1.7655268667131871,abierto,0.0,0.0,0.6071179344033495,0.021770619464539242,10
APEUSDT,COILING,4h,res,2026-06-08T14:02:48.20566-03:00,2026-W24,1.0956790123456805,stop,0.0,0.0,-1.0,-0.19390712540765723,10
APEUSDT,COILING,4h,major,2026-06-08T14:02:48.20566-03:00,2026-W24,2.2067901234567913,stop,0.0,0.0,-1.0,-0.1599408175953249,10
AMPUSDT,COILING,4h,res,2026-06-08T17:02:42.435819-03:00,2026-W24,2.9821428571428608,stop,0.0,0.1,-1.0,-0.025678413898640028,10
AMPUSDT,COILING,4h,major,2026-06-08T17:02:42.435819-03:00,2026-W24,5.803571428571435,stop,0.0,0.0,-1.0,-0.43063730746394197,10
ZBTUSDT,HOLD,4h,res,2026-06-08T17:02:42.435819-03:00,2026-W24,0.3662182361733921,target,1.0,0.8,0.3662182361733921,0.09297458893871377,10
ZBTUSDT,HOLD,4h,major,2026-06-08T17:02:42.435819-03:00,2026-W24,0.3662182361733921,target,1.0,0.6,0.3662182361733921,-0.18026905829596476,10
BROCCOLI714USDT,HOLD,4h,major,2026-06-08T17:02:42.435819-03:00,2026-W24,1.8648018648018658,abierto,0.0,0.2,0.37296037296037365,-0.09361948815073788,10
BATUSDT,HOLD,4h,res,2026-06-08T19:02:45.060887-03:00,2026-W24,1.3144058885383811,abierto,0.0,0.1,-0.29442691903259877,-0.33275190871866156,10
BATUSDT,HOLD,4h,major,2026-06-08T19:02:45.060887-03:00,2026-W24,3.333333333333331,abierto,0.0,0.0,-0.29442691903259877,-0.46893099733401805,10
CAKEUSDT,HOLD,4h,res,2026-06-09T01:02:40.563329-03:00,2026-W24,0.09097801364670388,target,1.0,0.9,0.09097801364670388,-0.01811978771796714,10
CAKEUSDT,HOLD,4h,major,2026-06-09T01:02:40.563329-03:00,2026-W24,1.8650492797573932,abierto,0.0,0.0,0.5913570887035635,0.3786945119828961,10
OPENUSDT,RIDING,4h,major,2026-06-09T05:02:37.18654-03:00,2026-W24,0.5179654689687353,target,1.0,0.9,0.5179654689687353,0.3661689220718617,10
RUNEUSDT,HOLD,4h,major,2026-06-09T10:02:44.241438-03:00,2026-W24,1.328125,abierto,0.0,0.2,0.5208333333333348,0.14686703875190182,10
SENTUSDT,HOLD,4h,major,2026-06-09T13:02:43.652458-03:00,2026-W24,0.09708737864077614,target,1.0,0.9,0.09708737864077614,-0.012621359223300965,10
CGPTUSDT,BREAKOUT,4h,major,2026-06-09T17:02:43.971516-03:00,2026-W24,2.7634011090573036,abierto,0.0,0.0,-0.15711645101663563,0.04498337355077149,10
TREEUSDT,COILING,4h,res,2026-06-10T13:02:41.465337-03:00,2026-W24,0.1973684210526326,target,1.0,0.6,0.1973684210526326,-0.18157894736842078,10
TREEUSDT,COILING,4h,major,2026-06-10T13:02:41.465337-03:00,2026-W24,3.9254385964912264,abierto,0.0,0.0,0.37280701754385914,-0.4445806028867551,10
MORPHOUSDT,BREAKOUT,4h,major,2026-06-10T13:02:41.465337-03:00,2026-W24,0.3126480341070574,stop,0.0,0.8,-1.0,0.09439553571938046,10
NOTUSDT,BREAKOUT,4h,major,2026-06-10T16:02:36.724994-03:00,2026-W24,2.6315789473684217,target,1.0,0.4,2.6315789473684217,0.5034915298073198,10
TREEUSDT,COILING,4h,res,2026-06-10T17:02:44.814534-03:00,2026-W24,0.02155172413793166,target,1.0,0.0,0.02155172413793166,-0.1,10
TREEUSDT,COILING,4h,major,2026-06-10T17:02:44.814534-03:00,2026-W24,3.685344827586209,abierto,0.0,0.0,0.04310344827586299,-0.17268368402391104,10
TREEUSDT,COILING,4h,major,2026-06-10T23:02:38.753034-03:00,2026-W24,3.481953290870487,abierto,0.0,0.0,-0.02123142250531007,-0.37109260166585034,10
WBETHUSDT,PREBREAK,1h,major,2026-06-11T01:02:37.095304-03:00,2026-W24,0.26612379450178075,target,1.0,0.8,0.26612379450178075,0.112899035601425,10
TREEUSDT,COILING,4h,major,2026-06-11T04:02:38.611244-03:00,2026-W24,3.481953290870489,abierto,0.0,0.0,-0.23354564755838747,0.13776666183511566,10
ZKUSDT,BREAKOUT,4h,major,2026-06-11T05:02:40.253229-03:00,2026-W24,2.901824500434409,abierto,0.0,0.0,0.3214596003475245,0.6112059277090796,10
GPSUSDT,COILING,4h,res,2026-06-11T09:02:47.180838-03:00,2026-W24,0.8490566037735847,target,1.0,0.8,0.8490566037735847,0.4792452830188677,10
GPSUSDT,COILING,4h,major,2026-06-11T09:02:47.180838-03:00,2026-W24,3.0862533692722383,target,1.0,0.3,3.0862533692722383,0.784547624769251,10
TREEUSDT,COILING,4h,major,2026-06-11T09:02:47.180838-03:00,2026-W24,3.397027600849256,abierto,0.0,0.0,-0.42462845010615924,0.05591380673435897,10
PROMUSDT,HOLD,4h,major,2026-06-11T09:02:47.180838-03:00,2026-W24,0.7341092211280227,target,1.0,1.0,0.7341092211280227,0.7341092211280231,10
EPICUSDT,HOLD,4h,res,2026-06-11T13:02:44.525577-03:00,2026-W24,2.2985074626865676,stop,0.0,0.6,-1.0,0.9791044776119394,10
EPICUSDT,HOLD,4h,major,2026-06-11T13:02:44.525577-03:00,2026-W24,2.2985074626865676,stop,0.0,0.4,-1.0,0.31940298507462617,10
LDOUSDT,COILING,4h,res,2026-06-11T13:02:44.525577-03:00,2026-W24,,sin_entrada,0.0,0.6,0.0,0.17677635802596883,10
LDOUSDT,COILING,4h,major,2026-06-11T13:02:44.525577-03:00,2026-W24,,sin_entrada,0.0,0.0,0.0,-0.18470090001913944,10
AXSUSDT,COILING,4h,res,2026-06-11T13:02:44.525577-03:00,2026-W24,0.08298755186721996,target,1.0,0.7,0.08298755186721996,0.05809128630705405,10
AXSUSDT,COILING,4h,major,2026-06-11T13:02:44.525577-03:00,2026-W24,2.572614107883815,abierto,0.0,0.0,-0.269709543568466,-0.10669944459123042,10
TRUMPUSDT,COILING,4h,major,2026-06-11T13:02:44.525577-03:00,2026-W24,2.256203115983842,target,1.0,0.5,2.256203115983842,0.6281015579919208,10
SKYUSDT,COILING,4h,major,2026-06-11T14:02:47.808311-03:00,2026-W24,,sin_entrada,0.0,0.0,0.0,-0.029296977766180808,10
AXSUSDT,COILING,4h,res,2026-06-11T14:02:47.808311-03:00,2026-W24,0.08298755186721996,target,1.0,0.4,0.08298755186721996,-0.06680497925311205,10
AXSUSDT,COILING,4h,major,2026-06-11T14:02:47.808311-03:00,2026-W24,2.572614107883815,abierto,0.0,0.1,-0.36307053941908696,0.5712078635493185,10
ENSOUSDT,COILING,4h,res,2026-06-11T14:02:47.808311-03:00,2026-W24,0.22617124394184204,target,1.0,0.4,0.22617124394184204,0.09046849757673668,10
ENSOUSDT,COILING,4h,major,2026-06-11T14:02:47.808311-03:00,2026-W24,1.6801292407108248,abierto,0.0,0.3,-0.4523424878836835,0.20403877221324737,10
BOMEUSDT,COILING,4h,major,2026-06-11T16:02:44.569373-03:00,2026-W24,1.9457013574660644,abierto,0.0,0.0,-0.04524886877828038,0.043546617393923806,10
ZAMAUSDT,HOLD,4h,major,2026-06-11T17:02:42.661579-03:00,2026-W24,1.1903304773561805,target,1.0,0.7,1.1903304773561805,0.6724905088936045,10
SKYUSDT,COILING,4h,res,2026-06-11T19:02:37.642996-03:00,2026-W24,,sin_entrada,0.0,0.8,0.0,-0.029427190865372665,10
SKYUSDT,COILING,4h,major,2026-06-11T19:02:37.642996-03:00,2026-W24,,sin_entrada,0.0,0.0,0.0,0.11520464233489391,10
AXSUSDT,COILING,4h,res,2026-06-11T19:02:37.642996-03:00,2026-W24,0.2423603793466833,target,1.0,1.0,0.2423603793466833,0.24236037934668228,10
AXSUSDT,COILING,4h,major,2026-06-11T19:02:37.642996-03:00,2026-W24,2.7713382507903073,abierto,0.0,0.3,0.06322444678609207,1.0857665940413614,10
XPLUSDT,BREAKOUT,4h,major,2026-06-11T21:02:52.897275-03:00,2026-W24,3.584656084656086,target,1.0,0.2,3.584656084656086,-0.02042203813815293,10
PYTHUSDT,HOLD,4h,major,2026-06-11T21:02:52.897275-03:00,2026-W24,1.233595800524933,abierto,0.0,0.4,-0.5249343832021003,0.006703697187212465,10
AUSDT,HOLD,4h,major,2026-06-11T21:02:52.897275-03:00,2026-W24,0.616438356164384,abierto,0.0,0.6,-0.6164383561643827,-0.030136986301369663,10
FOGOUSDT,HOLD,4h,major,2026-06-11T21:02:52.897275-03:00,2026-W24,2.0176848874598066,abierto,0.0,0.1,0.3536977491961424,0.7911907381860294,10
BANKUSDT,RIDING,4h,res,2026-06-11T21:02:52.897275-03:00,2026-W24,0.042283298097252814,stop,0.0,1.0,-1.0,0.0422832980972521,10
BANKUSDT,RIDING,4h,major,2026-06-11T21:02:52.897275-03:00,2026-W24,0.042283298097252814,stop,0.0,1.0,-1.0,0.04228329809725187,10
BANKUSDT,RIDING,4h,res,2026-06-11T22:02:51.876406-03:00,2026-W24,0.042283298097252814,stop,0.0,1.0,-1.0,0.04228329809725194,10
BANKUSDT,RIDING,4h,major,2026-06-11T22:02:51.876406-03:00,2026-W24,0.042283298097252814,stop,0.0,0.8,-1.0,-0.1661733615221986,10
LDOUSDT,COILING,4h,res,2026-06-11T22:02:51.876406-03:00,2026-W24,0.4776119402985068,target,1.0,0.6,0.4776119402985068,0.08764385985346405,10
LDOUSDT,COILING,4h,major,2026-06-11T22:02:51.876406-03:00,2026-W24,2.500000000000003,abierto,0.0,0.0,0.43283582089552297,-0.3121394818986313,10
SKYUSDT,COILING,4h,res,2026-06-12T00:02:42.535465-03:00,2026-W24,,sin_entrada,0.0,0.7,0.0,0.03656767955801159,10
SKYUSDT,COILING,4h,major,2026-06-12T00:02:42.535465-03:00,2026-W24,,sin_entrada,0.0,0.0,0.0,0.04093406907527197,10
TRUMPUSDT,HOLD,4h,res,2026-06-12T01:02:44.632957-03:00,2026-W24,0.005691519635744645,target,1.0,1.0,0.005691519635744645,0.005691519635744067,10
TRUMPUSDT,HOLD,4h,major,2026-06-12T01:02:44.632957-03:00,2026-W24,1.8440523619806495,target,1.0,0.4,1.8440523619806495,0.13762094479226014,10
ENSOUSDT,BREAKOUT,4h,major,2026-06-12T03:02:46.169637-03:00,2026-W24,0.7518796992481193,stop,0.0,0.8,-1.0,0.4015037593984955,10
MOVRUSDT,HOLD,4h,major,2026-06-12T03:02:46.169637-03:00,2026-W24,2.7686567164179126,abierto,0.0,0.0,-0.5000000000000016,-0.11760620311583354,10
NIGHTUSDT,PREBREAK,1h,res,2026-06-12T07:02:40.185451-03:00,2026-W24,0.31435349940687973,target,1.0,1.0,0.31435349940687973,0.3143534994068797,10
NIGHTUSDT,PREBREAK,1h,major,2026-06-12T07:02:40.185451-03:00,2026-W24,0.31435349940687973,target,1.0,0.7,0.31435349940687973,-0.07995255041518456,10
GIGGLEUSDT,COILING,4h,res,2026-06-12T09:02:35.508253-03:00,2026-W24,0.8411867364746963,abierto,0.0,0.0,-0.6596858638743441,-0.15572218771260385,10
GIGGLEUSDT,COILING,4h,major,2026-06-12T09:02:35.508253-03:00,2026-W24,1.071553228621292,abierto,0.0,0.1,-0.6596858638743441,-0.2629238152528895,10
SEIUSDT,HOLD,4h,major,2026-06-12T09:02:35.508253-03:00,2026-W24,3.559548843433379,abierto,0.0,0.0,0.3039571783597794,0.277469778321099,10
ETHFIUSDT,COILING,4h,major,2026-06-12T13:02:44.306245-03:00,2026-W24,2.197452229299368,target,1.0,0.1,2.197452229299368,0.8896522832819393,10
CAKEUSDT,PREBREAK,1h,res,2026-06-12T13:02:44.306245-03:00,2026-W24,0.014914243102162592,target,1.0,1.0,0.014914243102162592,0.014914243102162716,10
CAKEUSDT,PREBREAK,1h,major,2026-06-12T13:02:44.306245-03:00,2026-W24,0.014914243102162592,target,1.0,1.0,0.014914243102162592,0.014914243102161991,10
BCHUSDT,PREBREAK,1h,res,2026-06-12T13:02:44.306245-03:00,2026-W24,0.14016433059449177,target,1.0,0.7,0.14016433059449177,-0.2018849685838556,10
BCHUSDT,PREBREAK,1h,major,2026-06-12T13:02:44.306245-03:00,2026-W24,0.14016433059449177,target,1.0,0.9,0.14016433059449177,0.12614789753504296,10
WBETHUSDT,PREBREAK,1h,res,2026-06-12T14:02:38.35067-03:00,2026-W24,0.04175985651464576,target,1.0,0.8,0.04175985651464576,-0.04532116058940787,10
WBETHUSDT,PREBREAK,1h,major,2026-06-12T14:02:38.35067-03:00,2026-W24,0.04175985651464576,target,1.0,1.0,0.04175985651464576,0.04175985651464619,10
BCHUSDT,COILING,4h,res,2026-06-12T15:02:40.463233-03:00,2026-W24,,sin_entrada,0.0,0.3,0.0,0.10438512869399372,10
BCHUSDT,COILING,4h,major,2026-06-12T15:02:40.463233-03:00,2026-W24,,sin_entrada,0.0,0.0,0.0,-0.3046694245644349,10
ETHFIUSDT,COILING,4h,major,2026-06-12T18:02:41.388123-03:00,2026-W24,2.1974522292993646,target,1.0,0.4,2.1974522292993646,1.2261623879278805,10
BCHUSDT,COILING,4h,res,2026-06-12T20:02:35.185585-03:00,2026-W24,0.21448999046711165,target,1.0,0.2,0.21448999046711165,0.04289799809342238,10
BCHUSDT,COILING,4h,major,2026-06-12T20:02:35.185585-03:00,2026-W24,3.7321258341277432,abierto,0.0,0.0,-0.5338417540514784,-0.3,10
PNUTUSDT,COILING,4h,major,2026-06-13T01:02:37.758297-03:00,2026-W24,1.9953596287703017,abierto,0.0,0.0,0.278422273781902,-0.2331124113389882,10
DOTUSDT,BREAKOUT,4h,major,2026-06-13T05:02:39.888958-03:00,2026-W24,1.4098690835850967,abierto,0.0,0.0,-0.27190332326283984,-0.21794846765981984,10
ESPUSDT,RIDING,4h,res,2026-06-13T09:02:41.926245-03:00,2026-W24,0.009139574356967555,target,1.0,1.0,0.009139574356967555,0.0091395743569668,10
ESPUSDT,RIDING,4h,major,2026-06-13T09:02:41.926245-03:00,2026-W24,0.009139574356967555,target,1.0,1.0,0.009139574356967555,0.009139574356966653,10
ZENUSDT,PREBREAK,1h,major,2026-06-13T13:02:43.620887-03:00,2026-W24,0.04538234626730104,target,1.0,1.0,0.04538234626730104,0.045382346267301234,10
PENGUUSDT,PREBREAK,1h,res,2026-06-13T13:02:43.620887-03:00,2026-W24,0.0873871249635902,target,1.0,0.9,0.0873871249635902,0.07864841246723035,10
PENGUUSDT,PREBREAK,1h,major,2026-06-13T13:02:43.620887-03:00,2026-W24,0.0873871249635902,target,1.0,0.8,0.0873871249635902,0.06990969997087158,10
LTCUSDT,HOLD,4h,major,2026-06-13T13:02:43.620887-03:00,2026-W24,1.0190649114843386,abierto,0.0,0.0,0.059010440308668866,0.08918646712945395,10
ICPUSDT,BREAKOUT,4h,major,2026-06-13T14:02:46.874279-03:00,2026-W24,2.622239747634069,stop,0.0,0.0,-1.0,0.1244291100708332,10
ETHUSDT,PREBREAK,1h,res,2026-06-13T14:02:46.874279-03:00,2026-W24,0.043355090065743715,target,1.0,1.0,0.043355090065743715,0.04335509006574445,10
ETHUSDT,PREBREAK,1h,major,2026-06-13T14:02:46.874279-03:00,2026-W24,0.05832150471857489,target,1.0,0.8,0.05832150471857489,0.04665720377486056,10
BERAUSDT,PREBREAK,1h,res,2026-06-13T14:02:46.874279-03:00,2026-W24,0.15384615384615402,target,1.0,0.6,0.15384615384615402,-0.20769230769230668,10
BERAUSDT,PREBREAK,1h,major,2026-06-13T14:02:46.874279-03:00,2026-W24,0.15384615384615402,target,1.0,0.8,0.15384615384615402,-0.07692307692307575,10
ESPUSDT,RIDING,4h,res,2026-06-13T16:02:42.898967-03:00,2026-W24,0.09348255431204765,target,1.0,0.8,0.09348255431204765,-0.12521395655036188,10
ESPUSDT,RIDING,4h,major,2026-06-13T16:02:42.898967-03:00,2026-W24,0.09348255431204765,target,1.0,1.0,0.09348255431204765,0.09348255431204824,10
LDOUSDT,PREBREAK,1h,major,2026-06-13T23:02:40.902685-03:00,2026-W24,0.19475655430711544,target,1.0,0.6,0.19475655430711544,-0.08314606741573062,10
WLFIUSDT,PREBREAK,1h,res,2026-06-14T00:02:44.797976-03:00,2026-W24,0.11744966442953007,target,1.0,0.9,0.11744966442953007,0.10570469798657753,10
WLFIUSDT,PREBREAK,1h,major,2026-06-14T00:02:44.797976-03:00,2026-W24,0.45302013422818926,target,1.0,0.8,0.45302013422818926,0.318109195847109,10
ETHFIUSDT,PREBREAK,1h,res,2026-06-14T00:02:44.797976-03:00,2026-W24,0.031055900621118033,target,1.0,1.0,0.031055900621118033,0.031055900621119098,10
ETHFIUSDT,PREBREAK,1h,major,2026-06-14T00:02:44.797976-03:00,2026-W24,0.0931677018633541,target,1.0,1.0,0.0931677018633541,0.0931677018633559,10
LDOUSDT,COILING,4h,major,2026-06-14T01:02:38.147517-03:00,2026-W24,1.2417340191036004,abierto,0.0,0.1,0.12123438648053098,-0.22675613340488346,10
PYTHUSDT,RIDING,4h,res,2026-06-14T05:02:31.29386-03:00,2026-W24,0.3333333333333339,target,1.0,0.7,0.3333333333333339,-0.06666666666666587,10
PYTHUSDT,RIDING,4h,major,2026-06-14T05:02:31.29386-03:00,2026-W24,0.3333333333333339,target,1.0,0.9,0.3333333333333339,0.2000000000000013,10
LDOUSDT,COILING,4h,major,2026-06-14T06:02:41.34245-03:00,2026-W24,0.9955914768552542,target,1.0,0.2,0.9955914768552542,0.10854902812103426,10
GIGGLEUSDT,COILING,4h,major,2026-06-14T09:02:42.495736-03:00,2026-W24,0.7548476454293646,abierto,0.0,0.0,-0.7444598337950126,-0.8170342220062079,10
OPENUSDT,RIDING,4h,res,2026-06-14T09:02:42.495736-03:00,2026-W24,0.047543581616480965,target,1.0,1.0,0.047543581616480965,0.047543581616480354,10
OPENUSDT,RIDING,4h,major,2026-06-14T09:02:42.495736-03:00,2026-W24,0.047543581616480965,target,1.0,1.0,0.047543581616480965,0.04754358161648053,10
MIRAUSDT,BREAKOUT,4h,major,2026-06-14T09:02:42.495736-03:00,2026-W24,1.7606837606837598,stop,0.0,0.4,-1.0,0.10427350427350453,10
ESPUSDT,PREBREAK,1h,res,2026-06-14T10:02:41.883927-03:00,2026-W24,0.5166351095482812,target,1.0,0.5,0.5166351095482812,-0.041682445225860135,10
ESPUSDT,PREBREAK,1h,major,2026-06-14T10:02:41.883927-03:00,2026-W24,0.5166351095482812,target,1.0,0.5,0.5166351095482812,-0.24168244522585977,10
PYTHUSDT,RIDING,4h,res,2026-06-14T11:02:39.659902-03:00,2026-W24,0.3333333333333339,target,1.0,0.7,0.3333333333333339,-0.0666666666666661,10
PYTHUSDT,RIDING,4h,major,2026-06-14T11:02:39.659902-03:00,2026-W24,0.3333333333333339,target,1.0,0.9,0.3333333333333339,0.2000000000000009,10
WBTCUSDT,PREBREAK,1h,res,2026-06-14T12:02:41.232829-03:00,2026-W24,0.021089882273695792,target,1.0,0.7,0.021089882273695792,0.014762917591587413,10
WBTCUSDT,PREBREAK,1h,major,2026-06-14T12:02:41.232829-03:00,2026-W24,0.021089882273695792,target,1.0,0.7,0.021089882273695792,0.014762917591587474,10
MEMEUSDT,HOLD,4h,major,2026-06-14T13:02:44.425532-03:00,2026-W24,0.6944444444444452,stop,0.0,0.7,-1.0,0.18611111111111112,10
LAUSDT,COILING,4h,major,2026-06-14T13:02:44.425532-03:00,2026-W24,5.2284263959390875,stop,0.0,0.0,-1.0,-0.1540124197082156,10
TOWNSUSDT,COILING,4h,res,2026-06-14T17:02:37.170195-03:00,2026-W24,0.12875536480686908,target,1.0,0.5,0.12875536480686908,-0.03562231759656563,10
TOWNSUSDT,COILING,4h,major,2026-06-14T17:02:37.170195-03:00,2026-W24,1.115879828326177,stop,0.0,0.0,-1.0,-0.6431713377767003,10
BANANAS31USDT,HOLD,4h,res,2026-06-14T17:02:37.170195-03:00,2026-W24,0.059324466558223654,target,1.0,0.7,0.059324466558223654,-0.2584728734092434,10
BANANAS31USDT,HOLD,4h,major,2026-06-14T17:02:37.170195-03:00,2026-W24,1.4237871973973761,stop,0.0,0.3,-1.0,-0.27286384078078685,10
HUMAUSDT,HOLD,4h,major,2026-06-14T17:02:37.170195-03:00,2026-W24,0.4042466312780718,target,1.0,0.1,0.4042466312780718,-0.8595753368721928,10
AMPUSDT,COILING,4h,res,2026-06-14T18:02:39.218626-03:00,2026-W24,0.3853211009174308,target,1.0,0.4,0.3853211009174308,-0.14587155963302736,10
AMPUSDT,COILING,4h,major,2026-06-14T18:02:39.218626-03:00,2026-W24,3.339449541284405,abierto,0.0,0.0,-0.5137614678899083,-0.38256596651371444,10
TRBUSDT,COILING,4h,major,2026-06-14T19:02:35.800637-03:00,2026-W24,0.7236842105263145,target,1.0,0.5,0.7236842105263145,0.1618421052631577,10
WBTCUSDT,BREAKOUT,4h,major,2026-06-14T21:02:43.722736-03:00,2026-W25,1.5810013860631305,abierto,0.0,0.0,-0.2794910021643049,-0.39625954038609595,10
REZUSDT,COILING,4h,major,2026-06-14T21:02:43.722736-03:00,2026-W25,,sin_entrada,0.0,0.2,0.0,-0.12388525986935528,10
ALICEUSDT,COILING,4h,major,2026-06-14T21:02:43.722736-03:00,2026-W25,0.08028545941123981,target,1.0,1.0,0.08028545941123981,0.08028545941123968,10
BABYUSDT,HOLD,4h,major,2026-06-14T21:02:43.722736-03:00,2026-W25,4.505617977528089,stop,0.0,0.0,-1.0,-0.7877955233410041,10
REZUSDT,COILING,4h,major,2026-06-14T22:02:41.342093-03:00,2026-W25,,sin_entrada,0.0,0.1,0.0,-0.16194262993467765,10
ALICEUSDT,COILING,4h,major,2026-06-14T22:02:41.342093-03:00,2026-W25,0.08028545941123981,target,1.0,0.9,0.08028545941123981,0.07225691347011573,10
RAYUSDT,COILING,4h,major,2026-06-14T22:02:41.342093-03:00,2026-W25,0.09584664536741225,target,1.0,1.0,0.09584664536741225,0.0958466453674118,10
GPSUSDT,BREAKOUT,4h,major,2026-06-14T23:02:41.844658-03:00,2026-W25,0.03740648379052434,target,1.0,1.0,0.03740648379052434,0.03740648379052537,10
ZECUSDT,HOLD,4h,major,2026-06-15T01:02:39.910595-03:00,2026-W25,0.8051953389917592,target,1.0,0.6,0.8051953389917592,0.08311720339505597,10
JTOUSDT,BREAKOUT,4h,res,2026-06-15T01:02:39.910595-03:00,2026-W25,0.29126213592233097,target,1.0,0.6,0.29126213592233097,-0.225242718446602,10
JTOUSDT,BREAKOUT,4h,major,2026-06-15T01:02:39.910595-03:00,2026-W25,1.7545076282940386,target,1.0,0.3,1.7545076282940386,-0.17364771151178846,10
WBTCUSDT,HOLD,4h,major,2026-06-15T01:02:39.910595-03:00,2026-W25,1.5532131284230397,abierto,0.0,0.0,-0.2737488665838528,-0.0008547808464995921,10
YBUSDT,COILING,4h,res,2026-06-15T03:02:36.862108-03:00,2026-W25,0.021052631578949443,target,1.0,0.8,0.021052631578949443,0.01684210526315883,10
YBUSDT,COILING,4h,major,2026-06-15T03:02:36.862108-03:00,2026-W25,0.4947368421052645,stop,0.0,0.7,-1.0,0.14631578947368493,10
API3USDT,HOLD,4h,major,2026-06-15T04:02:49.116223-03:00,2026-W25,0.13914317099963477,target,1.0,0.7,0.13914317099963477,-0.20259978030025633,10
YBUSDT,COILING,4h,res,2026-06-15T04:02:49.116223-03:00,2026-W25,0.021052631578949443,target,1.0,1.0,0.021052631578949443,0.021052631578947715,10
YBUSDT,COILING,4h,major,2026-06-15T04:02:49.116223-03:00,2026-W25,0.4947368421052645,stop,0.0,0.8,-1.0,0.2957894736842115,10
YBUSDT,BREAKOUT,4h,major,2026-06-15T05:02:48.545714-03:00,2026-W25,0.21516393442622844,stop,0.0,0.9,-1.0,0.09364754098360525,10
TONUSDT,BREAKOUT,4h,major,2026-06-15T05:02:48.545714-03:00,2026-W25,0.01656543346217622,target,1.0,1.0,0.01656543346217622,0.016565433462176732,10
GALAUSDT,BREAKOUT,4h,res,2026-06-15T09:02:43.767259-03:00,2026-W25,0.14388489208633284,abierto,0.0,0.9,-0.46762589928057485,0.029496402877699123,10
GALAUSDT,BREAKOUT,4h,major,2026-06-15T09:02:43.767259-03:00,2026-W25,0.14388489208633284,abierto,0.0,0.9,-0.46762589928057485,0.029496402877698974,10
JTOUSDT,HOLD,4h,major,2026-06-15T09:02:43.767259-03:00,2026-W25,0.6973808772483436,target,1.0,0.8,0.6973808772483436,0.35790470179867506,10
ASTERUSDT,BREAKOUT,4h,major,2026-06-15T13:02:48.298032-03:00,2026-W25,0.30534351145038197,target,1.0,0.6,0.30534351145038197,-0.04483127630734076,10
DOGEUSDT,BREAKOUT,4h,res,2026-06-15T13:02:48.298032-03:00,2026-W25,0.19402491456289103,abierto,0.0,0.6,-0.8080696725829573,-0.274158490745362,10
DOGEUSDT,BREAKOUT,4h,major,2026-06-15T13:02:48.298032-03:00,2026-W25,0.19402491456289103,abierto,0.0,0.7,-0.8080696725829573,-0.16418255980597618,10
BERAUSDT,COILING,4h,major,2026-06-15T14:02:47.096829-03:00,2026-W25,,sin_entrada,0.0,0.5,0.0,-0.036363636363638166,10
METISUSDT,HOLD,4h,res,2026-06-15T14:02:47.096829-03:00,2026-W25,0.32362459546925626,target,1.0,0.8,0.32362459546925626,0.058899676375404955,10
METISUSDT,HOLD,4h,major,2026-06-15T14:02:47.096829-03:00,2026-W25,0.32362459546925626,target,1.0,0.9,0.32362459546925626,0.1912621359223305,10
EULUSDT,HOLD,4h,res,2026-06-15T14:02:47.096829-03:00,2026-W25,0.23277467411545555,target,1.0,1.0,0.23277467411545555,0.23277467411545477,10
EULUSDT,HOLD,4h,major,2026-06-15T14:02:47.096829-03:00,2026-W25,0.23277467411545555,target,1.0,1.0,0.23277467411545555,0.23277467411545452,10
AMPUSDT,COILING,4h,res,2026-06-15T15:02:59.53734-03:00,2026-W25,0.2909090909090899,target,1.0,0.9,0.2909090909090899,0.26181818181818134,10
AMPUSDT,COILING,4h,major,2026-06-15T15:02:59.53734-03:00,2026-W25,1.3272727272727252,abierto,0.0,0.2,-0.7090909090909103,-0.15009130033857104,10
BERAUSDT,COILING,4h,major,2026-06-15T15:02:59.53734-03:00,2026-W25,,sin_entrada,0.0,0.4,0.0,-0.06909090909091035,10
MEUSDT,HOLD,4h,major,2026-06-15T15:02:59.53734-03:00,2026-W25,0.17830609212481524,stop,0.0,1.0,-1.0,0.17830609212481577,10
AMPUSDT,COILING,4h,res,2026-06-15T16:02:38.462808-03:00,2026-W25,0.2909090909090899,target,1.0,0.8,0.2909090909090899,0.23272727272727195,10
AMPUSDT,COILING,4h,major,2026-06-15T16:02:38.462808-03:00,2026-W25,1.3272727272727252,abierto,0.0,0.1,-0.7090909090909103,-0.24704384563027543,10
BERAUSDT,COILING,4h,major,2026-06-15T16:02:38.462808-03:00,2026-W25,,sin_entrada,0.0,0.6,0.0,-0.003636363636365747,10
GALAUSDT,COILING,4h,major,2026-06-15T17:02:52.616141-03:00,2026-W25,,sin_entrada,0.0,0.6,0.0,0.06451612903225803,10
GALAUSDT,COILING,4h,major,2026-06-15T22:02:44.829201-03:00,2026-W25,,sin_entrada,0.0,0.5,0.0,0.01779359430605048,10
JSTUSDT,HOLD,4h,major,2026-06-16T05:02:50.612344-03:00,2026-W25,0.5387877276128701,target,1.0,0.8,0.5387877276128701,0.29687685034919287,10
HIVEUSDT,COILING,4h,res,2026-06-16T05:02:50.612344-03:00,2026-W25,0.4798464491362769,abierto,0.0,1.0,-0.7869481765834929,0.4798464491362779,10
HIVEUSDT,COILING,4h,major,2026-06-16T05:02:50.612344-03:00,2026-W25,1.9001919385796533,abierto,0.0,0.1,-0.7869481765834929,0.037554989963090216,10
POLUSDT,PREBREAK,1h,res,2026-06-16T07:02:47.446109-03:00,2026-W25,0.056976449734112394,target,1.0,1.0,0.056976449734112394,0.05697644973411227,10
POLUSDT,PREBREAK,1h,major,2026-06-16T07:02:47.446109-03:00,2026-W25,0.056976449734112394,target,1.0,0.9,0.056976449734112394,0.05127880476070096,10
BERAUSDT,COILING,4h,major,2026-06-16T09:02:48.796882-03:00,2026-W25,,sin_entrada,0.0,0.2,0.0,-0.23454545454545467,10
HEMIUSDT,PREBREAK,1h,res,2026-06-16T23:02:42.776717-03:00,2026-W25,0.5525846702317283,abierto,0.0,0.7,-0.7843137254901966,0.08680926916220999,10
HEMIUSDT,PREBREAK,1h,major,2026-06-16T23:02:42.776717-03:00,2026-W25,1.3725490196078431,abierto,0.0,0.2,-0.7843137254901966,-0.49227719968853967,10
ESPUSDT,PREBREAK,1h,major,2026-06-17T03:02:38.642755-03:00,2026-W25,,sin_entrada,0.0,0.6,0.0,-0.1653971566453635,10
CRVUSDT,COILING,4h,major,2026-06-17T09:02:43.49691-03:00,2026-W25,,sin_entrada,0.0,0.4,0.0,-0.2689243027888445,10
GIGGLEUSDT,PREBREAK,1h,major,2026-06-17T11:02:53.726949-03:00,2026-W25,0.12589316093909528,target,1.0,0.8,0.12589316093909528,-0.09928547124872378,10
BERAUSDT,COILING,4h,major,2026-06-17T13:03:02.219831-03:00,2026-W25,,sin_entrada,0.0,0.4,0.0,0.030909090909090157,10
FLOKIUSDT,PREBREAK,1h,major,2026-06-17T13:03:02.219831-03:00,2026-W25,0.3153988868274583,target,1.0,0.6,0.3153988868274583,-0.0779783235790806,10
AXLUSDT,COILING,4h,res,2026-06-17T13:03:02.219831-03:00,2026-W25,,sin_entrada,0.0,0.3,0.0,-0.02712550607287449,10
AXLUSDT,COILING,4h,major,2026-06-17T13:03:02.219831-03:00,2026-W25,,sin_entrada,0.0,0.0,0.0,-0.5412299896349188,10
CRVUSDT,COILING,4h,major,2026-06-17T14:02:48.042427-03:00,2026-W25,,sin_entrada,0.0,0.0,0.0,-0.3,10
MITOUSDT,BREAKOUT,4h,res,2026-06-17T14:02:48.042427-03:00,2026-W25,0.2347791484281724,target,1.0,0.9,0.2347791484281724,0.11130123358535515,10
MITOUSDT,BREAKOUT,4h,major,2026-06-17T14:02:48.042427-03:00,2026-W25,0.2347791484281724,target,1.0,0.9,0.2347791484281724,0.11130123358535515,10
2ZUSDT,BREAKOUT,4h,major,2026-06-17T14:02:48.042427-03:00,2026-W25,0.10065359477124267,target,1.0,1.0,0.10065359477124267,0.10065359477124272,10
ATUSDT,HOLD,4h,major,2026-06-17T17:02:43.390512-03:00,2026-W25,0.9364977549711359,stop,0.0,0.7,-1.0,0.48734425413751303,10
AXLUSDT,COILING,4h,res,2026-06-17T18:02:41.211133-03:00,2026-W25,,sin_entrada,0.0,0.1,0.0,-0.1757085020242915,10
AXLUSDT,COILING,4h,major,2026-06-17T18:02:41.211133-03:00,2026-W25,,sin_entrada,0.0,0.4,0.0,0.32105263157894776,10
ATUSDT,BREAKOUT,4h,major,2026-06-17T19:02:41.893994-03:00,2026-W25,0.9364977549711359,stop,0.0,0.8,-1.0,0.7541877996630342,10
CKBUSDT,PREBREAK,1h,res,2026-06-17T22:02:43.064672-03:00,2026-W25,,sin_entrada,0.0,0.5,0.0,-0.13500866551126514,10
CKBUSDT,PREBREAK,1h,major,2026-06-17T22:02:43.064672-03:00,2026-W25,,sin_entrada,0.0,0.6,0.0,-0.07123050259965233,10
LUMIAUSDT,PREBREAK,1h,res,2026-06-18T08:02:38.697925-03:00,2026-W25,0.1446480231436853,target,1.0,0.9,0.1446480231436853,0.03018322082931584,10
LUMIAUSDT,PREBREAK,1h,major,2026-06-18T08:02:38.697925-03:00,2026-W25,0.617164898746386,target,1.0,0.9,0.617164898746386,0.4554484088717471,10
ATUSDT,HOLD,4h,major,2026-06-18T09:02:41.649129-03:00,2026-W25,0.3836784409257006,stop,0.0,0.8,-1.0,0.1069427527405609,10
PSGUSDT,COILING,4h,res,2026-06-19T09:02:41.963181-03:00,2026-W25,,sin_entrada,0.0,0.0,0.0,0.0,5
PSGUSDT,COILING,4h,major,2026-06-19T09:02:41.963181-03:00,2026-W25,,sin_entrada,0.0,0.3,0.0,-0.23782036905222875,10
BELUSDT,HOLD,4h,res,2026-06-19T17:02:35.611987-03:00,2026-W25,0.3530377668308691,target,1.0,0.6,0.3530377668308691,-0.18817733990147908,10
BELUSDT,HOLD,4h,major,2026-06-19T17:02:35.611987-03:00,2026-W25,0.3530377668308691,target,1.0,1.0,0.3530377668308691,0.35303776683086835,10
FORMUSDT,PREBREAK,1h,major,2026-06-19T17:02:35.611987-03:00,2026-W25,0.16604400166044017,target,1.0,0.6,0.16604400166044017,-0.07566164255950991,10
FORMUSDT,COILING,4h,major,2026-06-19T18:02:37.460756-03:00,2026-W25,0.6778276847692942,target,1.0,0.2,0.6778276847692942,0.03323955463077779,10
WBTCUSDT,PREBREAK,1h,major,2026-06-19T19:02:40.188473-03:00,2026-W25,0.4744848706031452,abierto,0.0,0.1,-0.5326071353390482,-0.21798766352837856,10
NEWTUSDT,PREBREAK,1h,major,2026-06-19T22:02:39.51794-03:00,2026-W25,0.3977272727272736,target,1.0,0.7,0.3977272727272736,-0.021590909090908245,10
FORMUSDT,COILING,4h,major,2026-06-19T23:02:40.260622-03:00,2026-W25,0.6778276847692922,target,1.0,0.4,0.6778276847692922,0.17113107390771704,10
PYTHUSDT,PREBREAK,1h,major,2026-06-20T02:02:36.518562-03:00,2026-W25,1.3259668508287297,stop,0.0,0.1,-1.0,-0.41766786518167737,10
DOLOUSDT,BREAKOUT,4h,major,2026-06-20T11:02:37.749037-03:00,2026-W25,0.19303557910673744,target,1.0,1.0,0.19303557910673744,0.1930355791067373,10
BCHUSDT,PREBREAK,1h,major,2026-06-20T12:02:43.08114-03:00,2026-W25,0.7217521154803384,abierto,0.0,0.4,-0.06470881035340881,-0.21129915380786457,10
LINKUSDT,PREBREAK,1h,major,2026-06-20T12:02:43.08114-03:00,2026-W25,0.14968192590744803,target,1.0,0.6,0.14968192590744803,-0.1544259744609055,10
PEPEUSDT,PREBREAK,1h,major,2026-06-20T12:02:43.08114-03:00,2026-W25,0.34843205574912856,stop,0.0,0.4,-1.0,-0.021226104152933495,10
DOTUSDT,PREBREAK,1h,major,2026-06-20T13:02:39.022341-03:00,2026-W25,0.33880903490759806,stop,0.0,0.2,-1.0,-0.5087829284100477,10
ARBUSDT,PREBREAK,1h,res,2026-06-20T13:02:39.022341-03:00,2026-W25,0.07075471698113245,target,1.0,0.3,0.07075471698113245,-0.07877358490566046,10
ARBUSDT,PREBREAK,1h,major,2026-06-20T13:02:39.022341-03:00,2026-W25,0.35377358490566224,stop,0.0,0.3,-1.0,-0.39386792452830155,10
FILUSDT,PREBREAK,1h,res,2026-06-20T13:02:39.022341-03:00,2026-W25,0.1253132832080188,target,1.0,0.8,0.1253132832080188,0.00025062656641535174,10
FILUSDT,PREBREAK,1h,major,2026-06-20T13:02:39.022341-03:00,2026-W25,0.1253132832080188,target,1.0,0.8,0.1253132832080188,0.00025062656641541283,10
CAKEUSDT,COILING,4h,res,2026-06-20T14:02:40.439502-03:00,2026-W25,0.24130589070262615,stop,0.0,0.2,-1.0,-0.04430216426197493,10
CAKEUSDT,COILING,4h,major,2026-06-20T14:02:40.439502-03:00,2026-W25,0.24130589070262615,stop,0.0,0.4,-1.0,-0.1459364343117913,10
SKYUSDT,PREBREAK,1h,major,2026-06-20T20:02:34.739549-03:00,2026-W25,0.09743589743589641,target,1.0,0.6,0.09743589743589641,-0.1415384615384617,10
TNSRUSDT,HOLD,4h,res,2026-06-20T21:02:37.46619-03:00,2026-W25,0.03236245954692651,target,1.0,1.0,0.03236245954692651,0.03236245954692617,10
TNSRUSDT,HOLD,4h,major,2026-06-20T21:02:37.46619-03:00,2026-W25,0.970873786407767,target,1.0,0.7,0.970873786407767,0.4571397403730776,10
TONUSDT,PREBREAK,1h,major,2026-06-21T03:02:39.900789-03:00,2026-W25,0.25408348457350427,target,1.0,0.8,0.25408348457350427,0.20326678765880324,10
KITEUSDT,PREBREAK,1h,major,2026-06-21T03:02:39.900789-03:00,2026-W25,0.9425014819205675,stop,0.0,0.0,-1.0,-1.0,10
SAGAUSDT,COILING,4h,res,2026-06-21T05:02:41.814798-03:00,2026-W25,0.34989503149054957,target,1.0,0.6,0.34989503149054957,0.20993701889433028,10
SAGAUSDT,COILING,4h,major,2026-06-21T05:02:41.814798-03:00,2026-W25,0.34989503149054957,target,1.0,0.7,0.34989503149054957,0.14492652204338502,10
HOLOUSDT,COILING,4h,res,2026-06-21T05:02:41.814798-03:00,2026-W25,,sin_entrada,0.0,0.8,0.0,0.07692307692307601,10
HOLOUSDT,COILING,4h,major,2026-06-21T05:02:41.814798-03:00,2026-W25,,sin_entrada,0.0,0.8,0.0,0.020879120879119317,10
TONUSDT,COILING,4h,res,2026-06-21T05:02:41.814798-03:00,2026-W25,0.03539823008849561,target,1.0,0.9,0.03539823008849561,0.03185840707964584,10
TONUSDT,COILING,4h,major,2026-06-21T05:02:41.814798-03:00,2026-W25,0.7787610619469021,stop,0.0,0.0,-1.0,-0.0937679963173581,10
PYTHUSDT,COILING,4h,res,2026-06-21T09:02:42.152237-03:00,2026-W25,0.8753315649867396,stop,0.0,0.4,-1.0,0.0501326259946957,10
PYTHUSDT,COILING,4h,major,2026-06-21T09:02:42.152237-03:00,2026-W25,1.1936339522546444,stop,0.0,0.2,-1.0,-0.26127320954907124,10
FILUSDT,COILING,4h,res,2026-06-21T09:02:42.152237-03:00,2026-W25,0.30940594059405835,stop,0.0,0.8,-1.0,0.13039797859834906,10
FILUSDT,COILING,4h,major,2026-06-21T09:02:42.152237-03:00,2026-W25,0.30940594059405835,stop,0.0,0.4,-1.0,0.03196133811379909,10
BROCCOLI714USDT,BREAKOUT,4h,major,2026-06-21T09:02:42.152237-03:00,2026-W25,0.3624260355029582,stop,0.0,0.6,-1.0,-0.18254437869822498,10
WLFIUSDT,PREBREAK,1h,major,2026-06-21T10:02:41.839649-03:00,2026-W25,0.1016949152542391,target,1.0,0.9,0.1016949152542391,0.09152542372881475,10
TONUSDT,COILING,4h,res,2026-06-21T10:02:41.839649-03:00,2026-W25,0.03539823008849692,target,1.0,1.0,0.03539823008849692,0.03539823008849709,10
TONUSDT,COILING,4h,major,2026-06-21T10:02:41.839649-03:00,2026-W25,0.7787610619469021,stop,0.0,0.0,-1.0,0.012016802251101443,10
EDUUSDT,HOLD,4h,res,2026-06-21T13:02:43.734566-03:00,2026-W25,0.3883495145631057,stop,0.0,0.8,-1.0,0.11067961165048548,10
EDUUSDT,HOLD,4h,major,2026-06-21T13:02:43.734566-03:00,2026-W25,0.3883495145631057,stop,0.0,0.9,-1.0,0.24951456310679604,10
BERAUSDT,COILING,4h,res,2026-06-21T13:02:43.734566-03:00,2026-W25,1.000000000000001,stop,0.0,0.3,-1.0,-0.2999999999999997,10
BERAUSDT,COILING,4h,major,2026-06-21T13:02:43.734566-03:00,2026-W25,1.458333333333335,stop,0.0,0.1,-1.0,-0.18787043162841613,10
DOTUSDT,PREBREAK,1h,major,2026-06-21T13:02:43.734566-03:00,2026-W25,0.061475409836065614,stop,0.0,0.6,-1.0,-0.16311475409836035,10
PYTHUSDT,COILING,4h,res,2026-06-21T14:02:38.007223-03:00,2026-W25,0.8753315649867396,stop,0.0,0.6,-1.0,0.22519893899204318,10
PYTHUSDT,COILING,4h,major,2026-06-21T14:02:38.007223-03:00,2026-W25,1.1936339522546444,stop,0.0,0.1,-1.0,-0.6806366047745355,10
GIGGLEUSDT,PREBREAK,1h,res,2026-06-21T14:02:38.007223-03:00,2026-W25,0.037147102526000855,target,1.0,1.0,0.037147102526000855,0.03714710252600126,10
GIGGLEUSDT,PREBREAK,1h,major,2026-06-21T14:02:38.007223-03:00,2026-W25,0.14858841010401003,target,1.0,0.8,0.14858841010401003,0.1188707280832082,10
TONUSDT,COILING,4h,major,2026-06-21T15:02:35.471169-03:00,2026-W25,0.7787610619469021,stop,0.0,0.0,-1.0,-0.4462805351752722,10
CITYUSDT,COILING,4h,major,2026-06-21T17:02:39.508567-03:00,2026-W25,,sin_entrada,0.0,0.3,0.0,-0.1731051344743278,10
PEPEUSDT,PREBREAK,1h,res,2026-06-21T19:02:38.323951-03:00,2026-W25,0.035087719298246785,target,1.0,0.6,0.035087719298246785,-0.2789473684210516,10
PEPEUSDT,PREBREAK,1h,major,2026-06-21T19:02:38.323951-03:00,2026-W25,0.07017543859649208,target,1.0,0.7,0.07017543859649208,-0.05087719298245519,10
TONUSDT,COILING,4h,major,2026-06-21T20:02:35.760904-03:00,2026-W25,0.7724056603773574,stop,0.0,0.1,-1.0,-0.38868297660157763,10
HMSTRUSDT,BREAKOUT,4h,major,2026-06-21T21:02:41.514447-03:00,2026-W26,10.864600326264279,stop,0.0,0.1,-1.0,1.6410790829333834,10
BERAUSDT,COILING,4h,res,2026-06-21T21:02:41.514447-03:00,2026-W26,,sin_entrada,0.0,0.3,0.0,0.15925925925925982,10
BERAUSDT,COILING,4h,major,2026-06-21T21:02:41.514447-03:00,2026-W26,,sin_entrada,0.0,0.0,0.0,-0.007551240560949135,10
AAVEUSDT,PREBREAK,1h,res,2026-06-21T22:02:43.97548-03:00,2026-W26,0.11834319526627288,target,1.0,1.0,0.11834319526627288,0.11834319526627217,10
AAVEUSDT,PREBREAK,1h,major,2026-06-21T22:02:43.97548-03:00,2026-W26,0.14069690992768005,target,1.0,0.7,0.14069690992768005,-0.10151216305062402,10
KATUSDT,PREBREAK,1h,res,2026-06-21T23:02:44.008926-03:00,2026-W26,0.9764918625678135,stop,0.0,0.3,-1.0,-0.00019459586099990211,10
KATUSDT,PREBREAK,1h,major,2026-06-21T23:02:44.008926-03:00,2026-W26,1.6094032549728796,stop,0.0,0.1,-1.0,-0.24338980288347312,10
KITEUSDT,PREBREAK,1h,res,2026-06-21T23:02:44.008926-03:00,2026-W26,,sin_entrada,0.0,0.3,0.0,-0.23761140819964383,10
KITEUSDT,PREBREAK,1h,major,2026-06-21T23:02:44.008926-03:00,2026-W26,,sin_entrada,0.0,0.0,0.0,-0.3,10
FILUSDT,COILING,4h,res,2026-06-22T01:02:38.801614-03:00,2026-W26,,sin_entrada,0.0,0.0,0.0,0.0,9
FILUSDT,COILING,4h,major,2026-06-22T01:02:38.801614-03:00,2026-W26,,sin_entrada,0.0,0.7,0.0,0.05932203389830511,10
BERAUSDT,COILING,4h,res,2026-06-22T02:02:34.98605-03:00,2026-W26,,sin_entrada,0.0,0.4,0.0,-0.05185185185185165,10
BERAUSDT,COILING,4h,major,2026-06-22T02:02:34.98605-03:00,2026-W26,,sin_entrada,0.0,0.0,0.0,-0.24179387679750758,10
ATOMUSDT,COILING,4h,res,2026-06-22T09:02:45.203855-03:00,2026-W26,0.25150355385456424,stop,0.0,0.5,-1.0,0.0007803952295904138,10
ATOMUSDT,COILING,4h,major,2026-06-22T09:02:45.203855-03:00,2026-W26,1.1317659923455428,stop,0.0,0.0,-1.0,-0.6100120389122738,10
BERAUSDT,COILING,4h,major,2026-06-22T09:02:45.203855-03:00,2026-W26,,sin_entrada,0.0,0.0,0.0,-0.6050185888996531,10
ORCAUSDT,COILING,4h,major,2026-06-22T09:02:45.203855-03:00,2026-W26,,sin_entrada,0.0,0.5,0.0,0.34309929943141326,10
HYPERUSDT,COILING,4h,res,2026-06-22T09:02:45.203855-03:00,2026-W26,,sin_entrada,0.0,0.9,0.0,0.25399284862932114,10
HYPERUSDT,COILING,4h,major,2026-06-22T09:02:45.203855-03:00,2026-W26,,sin_entrada,0.0,0.9,0.0,0.25399284862932114,10
WIFUSDT,COILING,4h,res,2026-06-22T10:02:52.371895-03:00,2026-W26,0.017783046828691317,target,1.0,0.8,0.017783046828691317,0.014226437462952855,10
WIFUSDT,COILING,4h,major,2026-06-22T10:02:52.371895-03:00,2026-W26,0.6757557794902207,stop,0.0,0.5,-1.0,-0.1621221102548888,10
XLMUSDT,PREBREAK,1h,res,2026-06-22T10:02:52.371895-03:00,2026-W26,,sin_entrada,0.0,0.8,0.0,0.022099447513813215,10
XLMUSDT,PREBREAK,1h,major,2026-06-22T10:02:52.371895-03:00,2026-W26,,sin_entrada,0.0,0.7,0.0,-0.13232044198895002,10
LDOUSDT,COILING,4h,res,2026-06-22T10:02:52.371895-03:00,2026-W26,,sin_entrada,0.0,0.5,0.0,-0.10912268437609204,10
LDOUSDT,COILING,4h,major,2026-06-22T10:02:52.371895-03:00,2026-W26,,sin_entrada,0.0,0.4,0.0,0.001328206920656949,10
ENAUSDT,BREAKOUT,4h,major,2026-06-22T10:02:52.371895-03:00,2026-W26,0.20746887966804864,target,1.0,0.8,0.20746887966804864,-0.034024896265560725,10
ALGOUSDT,PREBREAK,1h,res,2026-06-22T12:02:51.038011-03:00,2026-W26,0.06521739130434667,target,1.0,0.9,0.06521739130434667,0.05869565217391252,10
ALGOUSDT,PREBREAK,1h,major,2026-06-22T12:02:51.038011-03:00,2026-W26,0.4021739130434792,target,1.0,0.9,0.4021739130434792,0.3619565217391314,10
NEIROUSDT,COILING,4h,major,2026-06-22T13:02:47.356699-03:00,2026-W26,,sin_entrada,0.0,0.4,0.0,0.06992429456297294,10
POLUSDT,PREBREAK,1h,res,2026-06-22T13:02:47.356699-03:00,2026-W26,0.11105626850937785,stop,0.0,1.0,-1.0,0.1110562685093778,10
POLUSDT,PREBREAK,1h,major,2026-06-22T13:02:47.356699-03:00,2026-W26,0.37018756169792727,stop,0.0,0.7,-1.0,0.039511335645981034,10
ATOMUSDT,COILING,4h,res,2026-06-22T14:02:46.999785-03:00,2026-W26,,sin_entrada,0.0,0.0,0.0,-0.20205759542949148,10
ATOMUSDT,COILING,4h,major,2026-06-22T14:02:46.999785-03:00,2026-W26,,sin_entrada,0.0,0.0,0.0,-0.544091848105837,10
HYPERUSDT,COILING,4h,res,2026-06-22T14:02:46.999785-03:00,2026-W26,,sin_entrada,0.0,0.5,0.0,-0.30333730631704386,10
HYPERUSDT,COILING,4h,major,2026-06-22T14:02:46.999785-03:00,2026-W26,,sin_entrada,0.0,0.7,0.0,-0.024672228843861565,10
BERAUSDT,COILING,4h,major,2026-06-22T14:02:46.999785-03:00,2026-W26,,sin_entrada,0.0,0.0,0.0,-0.1,10
APEUSDT,PREBREAK,1h,major,2026-06-22T20:02:41.282106-03:00,2026-W26,,sin_entrada,0.0,1.0,0.0,0.0917431192660529,10
HYPERUSDT,COILING,4h,res,2026-06-23T01:02:41.683771-03:00,2026-W26,,sin_entrada,0.0,0.3,0.0,-0.3331770222743267,10
HYPERUSDT,COILING,4h,major,2026-06-23T01:02:41.683771-03:00,2026-W26,,sin_entrada,0.0,0.5,0.0,-0.08862837045721103,10
NIGHTUSDT,PREBREAK,1h,res,2026-06-23T04:02:37.289827-03:00,2026-W26,0.2606850560775992,stop,0.0,0.7,-1.0,-0.11752046074568057,10
NIGHTUSDT,PREBREAK,1h,major,2026-06-23T04:02:37.289827-03:00,2026-W26,0.31827826614125565,stop,0.0,0.8,-1.0,0.15462261291300528,10
ZAMAUSDT,PREBREAK,1h,res,2026-06-23T04:02:37.289827-03:00,2026-W26,0.38995568685376725,stop,0.0,0.2,-1.0,-0.5220088626292465,10
ZAMAUSDT,PREBREAK,1h,major,2026-06-23T04:02:37.289827-03:00,2026-W26,0.5376661742983759,stop,0.0,0.5,-1.0,-0.13116691285081186,10
DODOUSDT,COILING,4h,res,2026-06-23T05:02:45.658558-03:00,2026-W26,0.7997664915353183,target,1.0,0.8,0.7997664915353183,0.6398131932282547,10
DODOUSDT,COILING,4h,major,2026-06-23T05:02:45.658558-03:00,2026-W26,0.7997664915353183,target,1.0,1.0,0.7997664915353183,0.7997664915353184,10
SCRUSDT,COILING,4h,major,2026-06-23T07:02:40.967744-03:00,2026-W26,0.7460414129110846,stop,0.0,0.0,-1.0,-0.6,10
ATOMUSDT,COILING,4h,res,2026-06-23T09:02:36.398608-03:00,2026-W26,,sin_entrada,0.0,0.1,0.0,0.008705114254624606,10
ATOMUSDT,COILING,4h,major,2026-06-23T09:02:36.398608-03:00,2026-W26,,sin_entrada,0.0,0.0,0.0,-0.2,10
KAIAUSDT,COILING,4h,major,2026-06-23T10:02:39.138577-03:00,2026-W26,0.5555555555555551,stop,0.0,0.0,-1.0,-0.03990986536636354,10
AVAXUSDT,COILING,4h,major,2026-06-23T13:02:46.316345-03:00,2026-W26,0.9378862793572305,abierto,0.0,0.1,0.10506798516687121,0.34032510048622966,10
SCRUSDT,COILING,4h,major,2026-06-23T13:02:46.316345-03:00,2026-W26,,sin_entrada,0.0,0.3,0.0,0.024229458490165112,10
KAIAUSDT,COILING,4h,major,2026-06-23T14:02:44.617229-03:00,2026-W26,0.5555555555555551,stop,0.0,0.0,-1.0,-0.1633099081665635,10
KAIAUSDT,COILING,4h,major,2026-06-23T19:02:38.706312-03:00,2026-W26,0.5555555555555534,stop,0.0,0.0,-1.0,-0.054868058291252096,10
KAIAUSDT,COILING,4h,major,2026-06-24T01:02:39.880485-03:00,2026-W26,,sin_entrada,0.0,0.0,0.0,-0.09101225106505609,10
ETCUSDT,COILING,4h,res,2026-06-24T05:02:39.171057-03:00,2026-W26,,sin_entrada,0.0,0.1,0.0,-0.0038008787600793013,10
ETCUSDT,COILING,4h,major,2026-06-24T05:02:39.171057-03:00,2026-W26,,sin_entrada,0.0,0.0,0.0,-0.4127449181594322,10
UNIUSDT,PREBREAK,1h,major,2026-06-24T08:02:37.847641-03:00,2026-W26,0.5593220338983084,abierto,0.0,0.4,-0.7118644067796598,-0.22266764922623344,10
LINKUSDT,PREBREAK,1h,res,2026-06-24T09:02:42.881514-03:00,2026-W26,,sin_entrada,0.0,0.9,0.0,0.02580813347236676,10
LINKUSDT,PREBREAK,1h,major,2026-06-24T09:02:42.881514-03:00,2026-W26,,sin_entrada,0.0,0.5,0.0,0.05346546059304232,10
NEWTUSDT,BREAKOUT,4h,res,2026-06-24T09:02:42.881514-03:00,2026-W26,0.16635859519408472,stop,0.0,1.0,-1.0,0.16635859519408486,10
NEWTUSDT,BREAKOUT,4h,major,2026-06-24T09:02:42.881514-03:00,2026-W26,1.0720887245841038,stop,0.0,0.5,-1.0,0.0360443622920517,10
ZROUSDT,PREBREAK,1h,res,2026-06-24T10:02:39.430876-03:00,2026-W26,,sin_entrada,0.0,0.8,0.0,0.08545837723919944,10
ZROUSDT,PREBREAK,1h,major,2026-06-24T10:02:39.430876-03:00,2026-W26,,sin_entrada,0.0,0.2,0.0,-0.37355110642781886,10
PSGUSDT,COILING,4h,major,2026-06-24T13:02:39.222309-03:00,2026-W26,0.45126353790613355,target,1.0,0.5,0.45126353790613355,-0.036735964147891716,10
MANTAUSDT,HOLD,4h,res,2026-06-24T17:02:42.681195-03:00,2026-W26,0.20737882806848326,target,1.0,0.9,0.20737882806848326,0.08664094526163486,10
MANTAUSDT,HOLD,4h,major,2026-06-24T17:02:42.681195-03:00,2026-W26,0.20737882806848326,target,1.0,0.7,0.20737882806848326,-0.15483482035206192,10
OPUSDT,COILING,4h,res,2026-06-24T21:02:39.835248-03:00,2026-W26,0.03816793893129614,target,1.0,0.8,0.03816793893129614,0.030534351145037303,10
OPUSDT,COILING,4h,major,2026-06-24T21:02:39.835248-03:00,2026-W26,0.7156488549618298,stop,0.0,0.6,-1.0,0.41899029812115235,10
RUNEUSDT,COILING,4h,major,2026-06-25T01:02:45.75773-03:00,2026-W26,,sin_entrada,0.0,0.5,0.0,0.10489510489510463,10
ETCUSDT,COILING,4h,res,2026-06-25T01:02:45.75773-03:00,2026-W26,,sin_entrada,0.0,0.2,0.0,0.013422818791946085,10
ETCUSDT,COILING,4h,major,2026-06-25T01:02:45.75773-03:00,2026-W26,,sin_entrada,0.0,0.0,0.0,-0.1610212191301256,10
WLFIUSDT,BREAKOUT,4h,major,2026-06-25T05:02:59.43414-03:00,2026-W26,0.37459283387622205,abierto,0.0,0.7,-0.48859934853420217,0.23594877562355837,10
ASRUSDT,COILING,4h,major,2026-06-25T09:02:42.847135-03:00,2026-W26,,sin_entrada,0.0,0.0,0.0,-0.22714529570720163,10
FFUSDT,COILING,4h,res,2026-06-25T13:02:42.005652-03:00,2026-W26,,sin_entrada,0.0,0.0,0.0,0.0,10
FFUSDT,COILING,4h,major,2026-06-25T13:02:42.005652-03:00,2026-W26,,sin_entrada,0.0,0.0,0.0,-0.2,10
KAITOUSDT,BREAKOUT,4h,res,2026-06-26T01:02:40.450206-03:00,2026-W26,0.10792860107928565,target,1.0,0.9,0.10792860107928565,-0.0028642590286427115,10
KAITOUSDT,BREAKOUT,4h,major,2026-06-26T01:02:40.450206-03:00,2026-W26,0.7555002075550018,target,1.0,0.9,0.7555002075550018,0.5799501867995019,10
HMSTRUSDT,HOLD,4h,res,2026-06-26T09:02:41.944288-03:00,2026-W26,2.35261089275688,abierto,0.0,0.8,2.1673217293655256,1.6820887142055039,10
HMSTRUSDT,HOLD,4h,major,2026-06-26T09:02:41.944288-03:00,2026-W26,2.35261089275688,abierto,0.0,0.9,2.1673217293655256,2.0173498034811916,10
TUTUSDT,COILING,4h,major,2026-06-26T09:02:41.944288-03:00,2026-W26,0.40142729705620034,abierto,0.0,0.3,-0.3746654772524538,0.020428189116859913,10
OGNUSDT,PREBREAK,1h,res,2026-06-26T11:02:42.727303-03:00,2026-W26,0.24358130348913573,target,1.0,0.8,0.24358130348913573,-0.005134957208690905,10
OGNUSDT,PREBREAK,1h,major,2026-06-26T11:02:42.727303-03:00,2026-W26,0.6649111257406182,target,1.0,0.5,0.6649111257406182,-0.16754443712969103,10
WBETHUSDT,PREBREAK,1h,res,2026-06-26T11:02:42.727303-03:00,2026-W26,0.3746174741257785,target,1.0,0.6,0.3746174741257785,-0.07522951552453291,10
WBETHUSDT,PREBREAK,1h,major,2026-06-26T11:02:42.727303-03:00,2026-W26,0.6594917993329443,target,1.0,0.1,0.6594917993329443,-0.6340508200667058,10
LUNAUSDT,COILING,4h,res,2026-06-26T17:02:38.129442-03:00,2026-W26,0.623742454728372,abierto,0.0,0.4,0.12072434607645954,0.05180187152018166,10
LUNAUSDT,COILING,4h,major,2026-06-26T17:02:38.129442-03:00,2026-W26,1.2676056338028194,abierto,0.0,0.1,0.12072434607645954,-0.17037239512831204,10
LUNAUSDT,COILING,4h,major,2026-06-27T01:02:36.382833-03:00,2026-W26,,sin_entrada,0.0,0.1,0.0,0.02941176470588245,10
WIFUSDT,HOLD,4h,major,2026-06-27T05:02:38.813375-03:00,2026-W26,0.6631142687981068,target,1.0,0.5,0.6631142687981068,-0.08479010348144295,10
METUSDT,HOLD,4h,major,2026-06-27T05:02:38.813375-03:00,2026-W26,0.9763142692085504,stop,0.0,0.6,-1.0,0.18578856152512943,10
PENDLEUSDT,COILING,4h,res,2026-06-27T05:02:38.813375-03:00,2026-W26,0.5981595092024525,target,1.0,0.4,0.5981595092024525,0.039263803680981244,10
PENDLEUSDT,COILING,4h,major,2026-06-27T05:02:38.813375-03:00,2026-W26,1.8021472392638018,target,1.0,0.1,1.8021472392638018,0.22372036644920526,10
TONUSDT,PREBREAK,1h,major,2026-06-27T08:02:34.013127-03:00,2026-W26,0.13801756587202021,target,1.0,0.8,0.13801756587202021,-0.0033438987224541417,10
WBETHUSDT,PREBREAK,1h,res,2026-06-27T10:02:36.058116-03:00,2026-W26,0.026841258849318563,target,1.0,0.8,0.026841258849318563,0.02147300707945445,10
WBETHUSDT,PREBREAK,1h,major,2026-06-27T10:02:36.058116-03:00,2026-W26,0.4361561485941262,target,1.0,0.5,0.4361561485941262,-0.2819219257029366,10
DASHUSDT,COILING,4h,res,2026-06-27T13:02:38.908004-03:00,2026-W26,,sin_entrada,0.0,0.1,0.0,-0.1395087021566212,10
DASHUSDT,COILING,4h,major,2026-06-27T13:02:38.908004-03:00,2026-W26,,sin_entrada,0.0,0.2,0.0,0.009031833323582794,10
CAKEUSDT,PREBREAK,1h,res,2026-06-27T15:02:35.459399-03:00,2026-W26,0.0670141474311253,target,1.0,0.7,0.0670141474311253,-0.15309009679821262,10
CAKEUSDT,PREBREAK,1h,major,2026-06-27T15:02:35.459399-03:00,2026-W26,0.08190618019359576,target,1.0,0.8,0.08190618019359576,-0.03447505584512321,10
WLFIUSDT,PREBREAK,1h,major,2026-06-27T15:02:35.459399-03:00,2026-W26,0.5602716468590828,abierto,0.0,0.3,-0.373514431239389,0.05852826416876704,10
ALGOUSDT,PREBREAK,1h,major,2026-06-27T18:02:36.091233-03:00,2026-W26,0.2265005662514157,target,1.0,0.9,0.2265005662514157,0.1507186165073305,10
MMTUSDT,BREAKOUT,4h,res,2026-06-27T21:02:42.184562-03:00,2026-W26,0.03436426116838518,stop,0.0,1.0,-1.0,0.03436426116838498,10
MMTUSDT,BREAKOUT,4h,major,2026-06-27T21:02:42.184562-03:00,2026-W26,0.45164457535591623,stop,0.0,0.7,-1.0,0.016151202749141454,10
KATUSDT,PREBREAK,1h,major,2026-06-28T00:02:43.594796-03:00,2026-W26,0.6358381502890171,stop,0.0,0.5,-1.0,0.010155342784875721,10
ACTUSDT,BREAKOUT,4h,major,2026-06-28T02:02:35.966742-03:00,2026-W26,2.9565217391304386,target,1.0,0.3,2.9565217391304386,0.1869565217391306,10
SUSDT,BREAKOUT,4h,major,2026-06-28T05:02:43.314971-03:00,2026-W26,2.5495426829268317,stop,0.0,0.1,-1.0,0.15202099231038432,10
OPNUSDT,HOLD,4h,res,2026-06-28T05:02:43.314971-03:00,2026-W26,1.7611940298507456,stop,0.0,0.4,-1.0,0.5247002051512053,10
OPNUSDT,HOLD,4h,major,2026-06-28T05:02:43.314971-03:00,2026-W26,2.2388059701492544,stop,0.0,0.4,-1.0,0.6972258742640269,10
PUMPUSDT,BREAKOUT,4h,major,2026-06-28T05:02:43.314971-03:00,2026-W26,0.33311125916056045,target,1.0,0.8,0.33311125916056045,0.0664890073284489,10
CHZUSDT,PREBREAK,1h,res,2026-06-28T08:02:38.785388-03:00,2026-W26,0.12863534675615285,target,1.0,0.9,0.12863534675615285,0.015771812080536626,10
CHZUSDT,PREBREAK,1h,major,2026-06-28T08:02:38.785388-03:00,2026-W26,0.3187919463087258,target,1.0,0.4,0.3187919463087258,-0.37248322147650964,10
GASUSDT,COILING,4h,major,2026-06-28T10:02:32.57672-03:00,2026-W26,0.5959031657355668,target,1.0,0.6,0.5959031657355668,0.3575418994413392,10
SAGAUSDT,COILING,4h,res,2026-06-28T13:02:42.704514-03:00,2026-W26,0.5114899925871002,target,1.0,0.9,0.5114899925871002,0.36034099332839004,10
SAGAUSDT,COILING,4h,major,2026-06-28T13:02:42.704514-03:00,2026-W26,3.2765011119347665,abierto,0.0,0.0,0.1779095626389915,-0.17175178490369142,10
POLUSDT,PREBREAK,1h,res,2026-06-28T13:02:42.704514-03:00,2026-W26,0.06535038932146608,target,1.0,0.9,0.06535038932146608,-0.041184649610679774,10
POLUSDT,PREBREAK,1h,major,2026-06-28T13:02:42.704514-03:00,2026-W26,0.48526140155728464,abierto,0.0,0.5,0.18353726362625,-0.05482252006145634,10
DYMUSDT,COILING,4h,res,2026-06-28T17:02:39.011861-03:00,2026-W26,1.3479623824451434,stop,0.0,0.4,-1.0,0.4469169117409443,10
DYMUSDT,COILING,4h,major,2026-06-28T17:02:39.011861-03:00,2026-W26,3.291536050156742,stop,0.0,0.0,-1.0,-0.3109198383691448,10
ATOMUSDT,PREBREAK,1h,res,2026-06-28T17:02:39.011861-03:00,2026-W26,0.09469696969697056,target,1.0,0.4,0.09469696969697056,-0.08480262866612243,10
ATOMUSDT,PREBREAK,1h,major,2026-06-28T17:02:39.011861-03:00,2026-W26,0.29671717171717293,abierto,0.0,0.5,-0.05681818181818121,-0.008253991012710248,10
FETUSDT,PREBREAK,1h,major,2026-06-28T18:02:32.906879-03:00,2026-W26,0.33955857385399185,target,1.0,0.9,0.33955857385399185,0.20560271646859257,10
SAGAUSDT,COILING,4h,res,2026-06-28T18:02:32.906879-03:00,2026-W26,0.5114899925871015,target,1.0,0.5,0.5114899925871015,-0.04425500370644948,10
SAGAUSDT,COILING,4h,major,2026-06-28T18:02:32.906879-03:00,2026-W26,3.2765011119347665,abierto,0.0,0.0,0.2668643439584861,-0.2717941227291644,10
AIUSDT,COILING,4h,res,2026-06-28T19:02:37.041908-03:00,2026-W26,0.47619047619047716,target,1.0,0.2,0.47619047619047716,0.09523809523809543,10
AIUSDT,COILING,4h,major,2026-06-28T19:02:37.041908-03:00,2026-W26,1.7989417989417997,target,1.0,0.3,1.7989417989417997,0.5396825396825398,10
VANAUSDT,COILING,4h,major,2026-06-28T19:02:37.041908-03:00,2026-W26,0.6316725978647679,target,1.0,0.7,0.6316725978647679,0.5143254416434031,10
WLFIUSDT,PREBREAK,1h,major,2026-06-28T22:02:37.410005-03:00,2026-W27,0.15306122448979687,target,1.0,1.0,0.15306122448979687,0.15306122448979756,10
VANAUSDT,COILING,4h,major,2026-06-29T00:02:39.94214-03:00,2026-W27,0.6316725978647679,target,1.0,0.9,0.6316725978647679,0.5685053380782911,10
ONDOUSDT,PREBREAK,1h,res,2026-06-29T00:02:39.94214-03:00,2026-W27,0.019187719859291512,target,1.0,1.0,0.019187719859291512,0.019187719859291054,10
ONDOUSDT,PREBREAK,1h,major,2026-06-29T00:02:39.94214-03:00,2026-W27,0.34218100415734104,target,1.0,0.7,0.34218100415734104,0.09724311266356907,10
UNIUSDT,COILING,4h,major,2026-06-29T01:02:43.056284-03:00,2026-W27,,sin_entrada,0.0,0.5,0.0,0.18179184874680612,10
AXSUSDT,COILING,4h,res,2026-06-29T01:02:43.056284-03:00,2026-W27,,sin_entrada,0.0,0.4,0.0,-0.03242038457179586,10
AXSUSDT,COILING,4h,major,2026-06-29T01:02:43.056284-03:00,2026-W27,,sin_entrada,0.0,0.0,0.0,-0.32480876079724463,10
TURBOUSDT,HOLD,4h,res,2026-06-29T01:02:43.056284-03:00,2026-W27,0.02162162162162097,target,1.0,1.0,0.02162162162162097,0.021621621621621505,10
TURBOUSDT,HOLD,4h,major,2026-06-29T01:02:43.056284-03:00,2026-W27,0.03243243243243204,target,1.0,0.9,0.03243243243243204,-0.07081081081081111,10
INJUSDT,PREBREAK,1h,res,2026-06-29T02:02:39.865101-03:00,2026-W27,0.18092805449127272,target,1.0,0.4,0.18092805449127272,-0.02762877820349093,10
INJUSDT,PREBREAK,1h,major,2026-06-29T02:02:39.865101-03:00,2026-W27,0.8067262664963801,abierto,0.0,0.2,0.19582801191996513,0.1365997769698047,10
ARBUSDT,PREBREAK,1h,major,2026-06-29T02:02:39.865101-03:00,2026-W27,0.1200000000000017,target,1.0,0.8,0.1200000000000017,-0.0039999999999986505,10
WBETHUSDT,PREBREAK,1h,major,2026-06-29T02:02:39.865101-03:00,2026-W27,0.14512690006190204,target,1.0,0.8,0.14512690006190204,0.01610152004952184,10
ANIMEUSDT,BREAKOUT,4h,major,2026-06-29T05:02:42.894397-03:00,2026-W27,1.0526315789473668,stop,0.0,0.5,-1.0,0.27049599963835297,10
ORCAUSDT,COILING,4h,major,2026-06-29T05:02:42.894397-03:00,2026-W27,0.5945499587118072,target,1.0,0.2,0.5945499587118072,-0.186544776668907,10
ARBUSDT,COILING,4h,res,2026-06-29T05:02:42.894397-03:00,2026-W27,0.19762845849802574,target,1.0,0.9,0.19762845849802574,0.07786561264822264,10
ARBUSDT,COILING,4h,major,2026-06-29T05:02:42.894397-03:00,2026-W27,1.4624505928853755,abierto,0.0,0.2,0.36890645586297843,0.5057745743158496,10
ETCUSDT,PREBREAK,1h,res,2026-06-29T07:02:39.668799-03:00,2026-W27,0.0421940928270033,target,1.0,0.7,0.0421940928270033,0.012828944177698953,10
ETCUSDT,PREBREAK,1h,major,2026-06-29T07:02:39.668799-03:00,2026-W27,0.4078762306610394,abierto,0.0,0.2,0.02812939521800173,-0.009680055549318167,10
SYRUPUSDT,PREBREAK,1h,res,2026-06-29T09:02:40.155078-03:00,2026-W27,0.753521126760563,target,1.0,0.6,0.753521126760563,0.15211267605633827,10
SYRUPUSDT,PREBREAK,1h,major,2026-06-29T09:02:40.155078-03:00,2026-W27,1.2746478873239429,target,1.0,0.7,1.2746478873239429,0.6922535211267596,10
LDOUSDT,COILING,4h,res,2026-06-29T09:02:40.155078-03:00,2026-W27,0.24256651017214334,target,1.0,0.5,0.24256651017214334,-0.08395777232021279,10
LDOUSDT,COILING,4h,major,2026-06-29T09:02:40.155078-03:00,2026-W27,1.19327073552426,abierto,0.0,0.4,0.2934272300469476,0.5821050630548977,10
GRTUSDT,COILING,4h,res,2026-06-29T10:02:41.713895-03:00,2026-W27,0.21230266739248874,target,1.0,0.5,0.21230266739248874,-0.0035308060072144374,10
GRTUSDT,COILING,4h,major,2026-06-29T10:02:41.713895-03:00,2026-W27,1.2629286880783912,abierto,0.0,0.0,-0.10887316276537717,-0.11372921071222009,10
ORCAUSDT,COILING,4h,major,2026-06-29T10:02:41.713895-03:00,2026-W27,0.5945499587118054,target,1.0,0.5,0.5945499587118054,0.010172094513909814,10
ETHUSDT,PREBREAK,1h,major,2026-06-29T10:02:41.713895-03:00,2026-W27,0.13379462179588125,target,1.0,0.7,0.13379462179588125,-0.12799778896306185,10
SHIBUSDT,PREBREAK,1h,major,2026-06-29T11:02:39.554328-03:00,2026-W27,0.37825059101655084,target,1.0,0.7,0.37825059101655084,0.2523784812316211,10
SKYUSDT,COILING,4h,res,2026-06-29T11:02:39.554328-03:00,2026-W27,0.7948062168011012,target,1.0,0.8,0.7948062168011012,0.5358449734408816,10
SKYUSDT,COILING,4h,major,2026-06-29T11:02:39.554328-03:00,2026-W27,1.8040527247688365,target,1.0,0.1,1.8040527247688365,0.14943221605015702,10
XLMUSDT,COILING,4h,res,2026-06-29T13:02:42.423901-03:00,2026-W27,0.3713968957871403,target,1.0,0.3,0.3713968957871403,0.011419068736141824,10
XLMUSDT,COILING,4h,major,2026-06-29T13:02:42.423901-03:00,2026-W27,2.439024390243903,abierto,0.0,0.0,1.0864745011086496,0.23015623150493925,10
AXSUSDT,COILING,4h,res,2026-06-29T13:02:42.423901-03:00,2026-W27,,sin_entrada,0.0,0.4,0.0,-0.04966785869454226,10
AXSUSDT,COILING,4h,major,2026-06-29T13:02:42.423901-03:00,2026-W27,,sin_entrada,0.0,0.0,0.0,-0.4208619574801363,10
ENAUSDT,COILING,4h,res,2026-06-29T13:02:42.423901-03:00,2026-W27,,sin_entrada,0.0,0.4,0.0,-0.016680366402804635,10
ENAUSDT,COILING,4h,major,2026-06-29T13:02:42.423901-03:00,2026-W27,,sin_entrada,0.0,0.0,0.0,-0.2660376747159618,10
ZROUSDT,COILING,4h,res,2026-06-29T13:02:42.423901-03:00,2026-W27,0.8312958435207833,target,1.0,0.4,0.8312958435207833,0.332518337408313,10
ZROUSDT,COILING,4h,major,2026-06-29T13:02:42.423901-03:00,2026-W27,2.3349633251833737,target,1.0,0.0,2.3349633251833737,0.33053963105459117,10
ARBUSDT,COILING,4h,res,2026-06-29T14:02:40.93379-03:00,2026-W27,0.14416775884665664,target,1.0,1.0,0.14416775884665664,0.14416775884665567,10
ARBUSDT,COILING,4h,major,2026-06-29T14:02:40.93379-03:00,2026-W27,1.402359108781124,abierto,0.0,0.3,0.4325032765399728,0.5775044809932666,10
GIGGLEUSDT,PREBREAK,1h,major,2026-06-29T15:02:43.121398-03:00,2026-W27,0.24901185770750797,target,1.0,0.5,0.24901185770750797,0.02450592885375432,10
GRTUSDT,COILING,4h,res,2026-06-29T15:02:43.121398-03:00,2026-W27,,sin_entrada,0.0,0.8,0.0,-0.004154022769350401,10
GRTUSDT,COILING,4h,major,2026-06-29T15:02:43.121398-03:00,2026-W27,,sin_entrada,0.0,0.0,0.0,-0.11427881577428403,10
FILUSDT,COILING,4h,res,2026-06-29T17:02:48.144137-03:00,2026-W27,,sin_entrada,0.0,0.6,0.0,0.05562913907284693,10
FILUSDT,COILING,4h,major,2026-06-29T17:02:48.144137-03:00,2026-W27,,sin_entrada,0.0,0.0,0.0,-0.0332136405352097,10
NEIROUSDT,COILING,4h,major,2026-06-29T17:02:48.144137-03:00,2026-W27,1.3711065894506163,abierto,0.0,0.0,0.43042729691657344,0.11293249648102074,10
ENSOUSDT,HOLD,4h,major,2026-06-29T17:02:48.144137-03:00,2026-W27,0.46898638426626243,target,1.0,0.9,0.46898638426626243,0.3220877458396351,10
UNIUSDT,COILING,4h,major,2026-06-29T17:02:48.144137-03:00,2026-W27,,sin_entrada,0.0,0.6,0.0,0.14696241712284938,10
XLMUSDT,COILING,4h,res,2026-06-29T18:02:39.334329-03:00,2026-W27,0.2783964365256096,target,1.0,0.6,0.2783964365256096,-0.13296213808463317,10
XLMUSDT,COILING,4h,major,2026-06-29T18:02:39.334329-03:00,2026-W27,2.494432071269486,abierto,0.0,0.0,1.2750556792873047,0.04670020316135988,10
ENAUSDT,COILING,4h,res,2026-06-29T18:02:39.334329-03:00,2026-W27,,sin_entrada,0.0,0.4,0.0,-0.08278845073587232,10
ENAUSDT,COILING,4h,major,2026-06-29T18:02:39.334329-03:00,2026-W27,,sin_entrada,0.0,0.0,0.0,-0.49787640098546104,10
GRTUSDT,COILING,4h,major,2026-06-29T20:02:33.788334-03:00,2026-W27,,sin_entrada,0.0,0.0,0.0,-0.05387556999580356,10
ZAMAUSDT,COILING,4h,res,2026-06-29T21:02:36.56766-03:00,2026-W27,0.21020092735703258,target,1.0,0.8,0.21020092735703258,-0.03183925811437384,10
ZAMAUSDT,COILING,4h,major,2026-06-29T21:02:36.56766-03:00,2026-W27,1.2024729520865554,abierto,0.0,0.1,0.6862442040185468,0.08253092335735272,10
NEIROUSDT,COILING,4h,major,2026-06-29T22:02:42.472083-03:00,2026-W27,1.3711065894506198,abierto,0.0,0.1,0.36781969009234583,0.22559239966346709,10
SKYUSDT,HOLD,4h,res,2026-06-30T01:02:36.342214-03:00,2026-W27,0.07141514752865974,target,1.0,0.9,0.07141514752865974,-0.035726367224206156,10
SKYUSDT,HOLD,4h,major,2026-06-30T01:02:36.342214-03:00,2026-W27,1.2760759255778973,target,1.0,0.6,1.2760759255778973,0.8710003248855933,10
FFUSDT,PREBREAK,1h,major,2026-06-30T01:02:36.342214-03:00,2026-W27,0.11901219875037121,target,1.0,0.5,0.11901219875037121,0.059506099375185584,10
XLMUSDT,BREAKOUT,4h,major,2026-06-30T02:02:34.987456-03:00,2026-W27,1.9967177242888416,abierto,0.0,0.4,0.7275711159737419,0.828305357145096,10
HYPERUSDT,PREBREAK,1h,major,2026-06-30T04:02:36.715729-03:00,2026-W27,0.29090909090909106,stop,0.0,0.5,-1.0,-0.15454545454545354,10
MORPHOUSDT,HOLD,4h,major,2026-06-30T05:02:39.402681-03:00,2026-W27,0.09906152241918849,target,1.0,1.0,0.09906152241918849,0.09906152241918845,10
RENDERUSDT,COILING,4h,res,2026-06-30T09:02:37.652935-03:00,2026-W27,,sin_entrada,0.0,0.2,0.0,-0.009509792822371157,10
RENDERUSDT,COILING,4h,major,2026-06-30T09:02:37.652935-03:00,2026-W27,,sin_entrada,0.0,0.0,0.0,0.0,10
ZAMAUSDT,HOLD,4h,major,2026-06-30T09:02:37.652935-03:00,2026-W27,0.8428657435279967,abierto,0.0,0.7,0.19566526189042754,0.5259302164507199,10
ZROUSDT,PREBREAK,1h,res,2026-06-30T10:02:37.88849-03:00,2026-W27,0.03601440576230498,target,1.0,0.9,0.03601440576230498,0.03241296518607407,10
ZROUSDT,PREBREAK,1h,major,2026-06-30T10:02:37.88849-03:00,2026-W27,0.03601440576230498,target,1.0,0.8,0.03601440576230498,-0.07118847539015659,10
XLMUSDT,COILING,4h,major,2026-06-30T13:02:39.77506-03:00,2026-W27,1.668443496801707,abierto,0.0,0.1,0.298507462686568,-0.13315565031982926,10
NEIROUSDT,COILING,4h,major,2026-06-30T13:02:39.77506-03:00,2026-W27,,sin_entrada,0.0,0.1,0.0,-0.2487700142416248,10
FFUSDT,BREAKOUT,4h,major,2026-06-30T13:02:39.77506-03:00,2026-W27,0.4083665338645439,stop,0.0,0.4,-1.0,-0.1229765758355271,10
ARBUSDT,COILING,4h,major,2026-06-30T13:02:39.77506-03:00,2026-W27,1.1111111111111105,abierto,0.0,0.0,0.1404853128991057,0.03598178111126815,10
GLMUSDT,BREAKOUT,4h,res,2026-06-30T14:02:35.94637-03:00,2026-W27,1.3071297989031097,stop,0.0,0.5,-1.0,0.3969018355225071,10
GLMUSDT,BREAKOUT,4h,major,2026-06-30T14:02:35.94637-03:00,2026-W27,1.3071297989031097,stop,0.0,0.5,-1.0,0.43490751219978174,10
STOUSDT,PREBREAK,1h,res,2026-06-30T19:02:34.985706-03:00,2026-W27,0.04291845493562208,target,1.0,0.7,0.04291845493562208,0.030042918454934835,10
STOUSDT,PREBREAK,1h,major,2026-06-30T19:02:34.985706-03:00,2026-W27,0.04291845493562208,target,1.0,0.9,0.04291845493562208,-0.06137339055794078,10
NMRUSDT,COILING,4h,major,2026-06-30T21:02:37.911113-03:00,2026-W27,0.4673913043478277,target,1.0,0.5,0.4673913043478277,0.15618360488968308,10
APTUSDT,PREBREAK,1h,res,2026-06-30T23:02:35.905423-03:00,2026-W27,0.06944444444444453,target,1.0,0.7,0.06944444444444453,0.048611111111112,10
APTUSDT,PREBREAK,1h,major,2026-06-30T23:02:35.905423-03:00,2026-W27,0.3472222222222226,target,1.0,0.8,0.3472222222222226,0.23238519889761772,10
MITOUSDT,COILING,4h,major,2026-07-01T05:02:39.711573-03:00,2026-W27,,sin_entrada,0.0,0.1,0.0,-0.3456167571761054,10
JUPUSDT,BREAKOUT,4h,res,2026-07-01T05:02:39.711573-03:00,2026-W27,0.44444444444444253,target,1.0,0.4,0.44444444444444253,-0.42222222222222294,10
JUPUSDT,BREAKOUT,4h,major,2026-07-01T05:02:39.711573-03:00,2026-W27,0.5066666666666666,target,1.0,0.8,0.5066666666666666,0.2053333333333332,10
ETHFIUSDT,PREBREAK,1h,res,2026-07-01T06:02:35.850214-03:00,2026-W27,0.06134969325153206,target,1.0,0.8,0.06134969325153206,0.04907975460122548,10
ETHFIUSDT,PREBREAK,1h,major,2026-07-01T06:02:35.850214-03:00,2026-W27,0.8282208588957024,target,1.0,0.5,0.8282208588957024,-0.017001552584375145,10
NOMUSDT,COILING,4h,res,2026-07-01T08:02:47.413-03:00,2026-W27,0.21126760563380187,target,1.0,0.4,0.21126760563380187,-0.015492957746479163,10
NOMUSDT,COILING,4h,major,2026-07-01T08:02:47.413-03:00,2026-W27,3.0985915492957754,target,1.0,0.3,3.0985915492957754,0.8295774647887326,10
AXSUSDT,COILING,4h,major,2026-07-01T09:02:42.145778-03:00,2026-W27,1.764705882352941,abierto,0.0,0.0,-0.303921568627451,-0.1271738868467496,10
MEUSDT,COILING,4h,res,2026-07-01T09:02:42.145778-03:00,2026-W27,0.414112970018219,target,1.0,0.4,0.414112970018219,0.0131777863277578,10
MEUSDT,COILING,4h,major,2026-07-01T09:02:42.145778-03:00,2026-W27,2.2246148749378825,target,1.0,0.5,2.2246148749378825,1.0586705262191345,10
JUPUSDT,BREAKOUT,4h,major,2026-07-01T10:02:37.807487-03:00,2026-W27,0.05102040816326444,target,1.0,0.8,0.05102040816326444,-0.15918367346938822,10
ETCUSDT,PREBREAK,1h,res,2026-07-01T11:02:34.856926-03:00,2026-W27,0.0860832137733149,target,1.0,0.7,0.0860832137733149,0.024307243558581684,10
ETCUSDT,PREBREAK,1h,major,2026-07-01T11:02:34.856926-03:00,2026-W27,0.27259684361549424,target,1.0,0.7,0.27259684361549424,0.19081779053084622,10
ETHUSDT,PREBREAK,1h,major,2026-07-01T12:02:34.830484-03:00,2026-W27,0.20922432388623685,target,1.0,0.9,0.20922432388623685,0.188301891497613,10
IOTAUSDT,HOLD,4h,res,2026-07-01T13:02:46.318188-03:00,2026-W27,0.4438642297650149,target,1.0,0.6,0.4438642297650149,-0.13368146214099164,10
IOTAUSDT,HOLD,4h,major,2026-07-01T13:02:46.318188-03:00,2026-W27,1.8798955613577035,abierto,0.0,0.2,-0.2610966057441255,0.25665835679972004,10
MITOUSDT,COILING,4h,major,2026-07-01T13:02:46.318188-03:00,2026-W27,,sin_entrada,0.0,0.1,0.0,-0.3052237649671702,10
SEIUSDT,PREBREAK,1h,res,2026-07-01T13:02:46.318188-03:00,2026-W27,0.2099792099792107,target,1.0,0.7,0.2099792099792107,0.09922014191123003,10
SEIUSDT,PREBREAK,1h,major,2026-07-01T13:02:46.318188-03:00,2026-W27,0.523908523908524,target,1.0,0.4,0.523908523908524,-0.00973275095709455,10
MEUSDT,COILING,4h,res,2026-07-01T14:02:37.575645-03:00,2026-W27,0.14079840980619684,target,1.0,0.9,0.14079840980619684,0.12671856882557647,10
MEUSDT,COILING,4h,major,2026-07-01T14:02:37.575645-03:00,2026-W27,2.2246148749378847,target,1.0,0.3,2.2246148749378847,0.684853661858553,10
AXSUSDT,COILING,4h,major,2026-07-01T14:02:37.575645-03:00,2026-W27,1.3529411764705874,abierto,0.0,0.0,-0.303921568627451,-0.02836908084305212,10
COOKIEUSDT,BREAKOUT,4h,res,2026-07-01T18:02:33.070624-03:00,2026-W27,0.7843137254901946,stop,0.0,0.6,-1.0,0.15971867007672597,10
COOKIEUSDT,BREAKOUT,4h,major,2026-07-01T18:02:33.070624-03:00,2026-W27,0.7843137254901946,stop,0.0,0.2,-1.0,-0.3846577227382181,10
CRVUSDT,BREAKOUT,4h,major,2026-07-01T19:02:41.103246-03:00,2026-W27,0.8768373035985815,target,1.0,0.3,0.8768373035985815,0.20007731321573194,10
SUIUSDT,COILING,4h,major,2026-07-01T21:02:43.987654-03:00,2026-W27,0.3143173636111905,target,1.0,0.9,0.3143173636111905,0.2828856272500711,10
AXSUSDT,COILING,4h,major,2026-07-01T21:02:43.987654-03:00,2026-W27,0.9215686274509814,abierto,0.0,0.0,-0.22549019607843168,-0.015950530345235525,10
HEMIUSDT,HOLD,4h,major,2026-07-01T21:02:43.987654-03:00,2026-W27,1.1111111111111125,stop,0.0,0.3,-1.0,-0.30122390208783234,10
OGNUSDT,COILING,4h,res,2026-07-01T21:02:43.987654-03:00,2026-W27,0.27813712807244595,target,1.0,1.0,0.27813712807244595,0.27813712807244656,10
OGNUSDT,COILING,4h,major,2026-07-01T21:02:43.987654-03:00,2026-W27,1.0737386804657176,target,1.0,0.9,1.0737386804657176,0.9663648124191455,10
PEPEUSDT,COILING,4h,major,2026-07-02T01:02:41.112085-03:00,2026-W27,2.0661157024793386,abierto,0.0,0.0,0.7851239669421473,0.5323775960533145,10
ZAMAUSDT,PREBREAK,1h,res,2026-07-02T06:02:37.381745-03:00,2026-W27,0.11490866234531577,target,1.0,0.9,0.11490866234531577,0.0034177961107846972,10
ZAMAUSDT,PREBREAK,1h,major,2026-07-02T06:02:37.381745-03:00,2026-W27,0.1974071891573357,target,1.0,1.0,0.1974071891573357,0.1974071891573374,10
DOGEUSDT,PREBREAK,1h,major,2026-07-02T07:02:40.370046-03:00,2026-W27,0.02027300986619777,target,1.0,0.6,0.02027300986619777,0.012163805919719233,10
RENDERUSDT,COILING,4h,major,2026-07-02T09:02:41.401577-03:00,2026-W27,0.6911581569115836,abierto,0.0,0.0,-0.33623910336239016,-0.029454360975255556,10
ALGOUSDT,COILING,4h,res,2026-07-02T09:02:41.401577-03:00,2026-W27,0.2380952380952372,target,1.0,0.8,0.2380952380952372,0.1904761904761898,10
ALGOUSDT,COILING,4h,major,2026-07-02T09:02:41.401577-03:00,2026-W27,0.9523809523809519,abierto,0.0,0.1,-0.35147392290249546,-0.21216674467690302,10
UNIUSDT,BREAKOUT,4h,major,2026-07-02T09:02:41.401577-03:00,2026-W27,0.22317033147358079,target,1.0,1.0,0.22317033147358079,0.2231703314735809,10
ASTERUSDT,BREAKOUT,4h,major,2026-07-02T09:02:41.401577-03:00,2026-W27,0.09360374414976617,target,1.0,0.8,0.09360374414976617,0.03758425735293992,10
SEIUSDT,COILING,4h,res,2026-07-02T09:02:41.401577-03:00,2026-W27,0.05751685838952909,target,1.0,0.2,0.05751685838952909,0.011503371677905801,10
SEIUSDT,COILING,4h,major,2026-07-02T09:02:41.401577-03:00,2026-W27,1.8544228480761618,abierto,0.0,0.0,-0.5037683458944853,-0.07392383334563601,10
BONKUSDT,PREBREAK,1h,res,2026-07-02T09:02:41.401577-03:00,2026-W27,0.022675736961451046,target,1.0,0.9,0.022675736961451046,0.020408163265305753,10
BONKUSDT,PREBREAK,1h,major,2026-07-02T09:02:41.401577-03:00,2026-W27,0.022675736961451046,target,1.0,1.0,0.022675736961451046,0.02267573696145025,10
DASHUSDT,BREAKOUT,4h,major,2026-07-02T10:02:39.430312-03:00,2026-W27,0.7277471730936501,target,1.0,0.2,0.7277471730936501,0.14246932703280465,10
ZENUSDT,BREAKOUT,4h,major,2026-07-02T10:02:39.430312-03:00,2026-W27,1.122906345836283,abierto,0.0,0.2,-0.24534088228355788,0.17755080163765302,10
LUNCUSDT,PREBREAK,1h,res,2026-07-02T11:02:45.077107-03:00,2026-W27,0.035807291666667976,target,1.0,0.9,0.035807291666667976,-0.028161965326734827,10
LUNCUSDT,PREBREAK,1h,major,2026-07-02T11:02:45.077107-03:00,2026-W27,0.035807291666667976,target,1.0,1.0,0.035807291666667976,0.03580729166666731,10
SEIUSDT,PREBREAK,1h,res,2026-07-02T12:03:07.364287-03:00,2026-W27,0.05753030614341824,target,1.0,0.8,0.05753030614341824,0.04602424491473377,10
SEIUSDT,PREBREAK,1h,major,2026-07-02T12:03:07.364287-03:00,2026-W27,0.3534004520238355,target,1.0,0.3,0.3534004520238355,0.06881358694686283,10
ICPUSDT,COILING,4h,major,2026-07-02T13:02:59.025042-03:00,2026-W27,0.2790079716563338,abierto,0.0,0.5,0.026572187776792155,0.13211111196104078,10
GMTUSDT,COILING,4h,major,2026-07-02T13:02:59.025042-03:00,2026-W27,0.5472636815920391,target,1.0,0.5,0.5472636815920391,0.28891292543029373,10
FLOKIUSDT,COILING,4h,res,2026-07-02T13:02:59.025042-03:00,2026-W27,0.039893617021276966,target,1.0,0.8,0.039893617021276966,0.031914893617021635,10
FLOKIUSDT,COILING,4h,major,2026-07-02T13:02:59.025042-03:00,2026-W27,1.5647163120567382,abierto,0.0,0.0,0.02216312056737557,-0.02210828157027689,10
ALGOUSDT,COILING,4h,res,2026-07-02T13:02:59.025042-03:00,2026-W27,0.343642611683849,target,1.0,0.3,0.343642611683849,-0.033134405820101846,10
ALGOUSDT,COILING,4h,major,2026-07-02T13:02:59.025042-03:00,2026-W27,1.0652920962199315,abierto,0.0,0.0,-0.26345933562428314,-0.1682565234354425,10
RENDERUSDT,COILING,4h,res,2026-07-02T14:02:42.703109-03:00,2026-W27,0.13888888888888912,target,1.0,1.0,0.13888888888888912,0.13888888888888887,10
RENDERUSDT,COILING,4h,major,2026-07-02T14:02:42.703109-03:00,2026-W27,0.8396464646464653,abierto,0.0,0.0,-0.2209595959595967,0.022287327548357716,10
DASHUSDT,COILING,4h,major,2026-07-02T17:02:36.847105-03:00,2026-W27,0.6077981651376161,target,1.0,0.4,0.6077981651376161,0.034084700379939006,10
AXSUSDT,COILING,4h,major,2026-07-02T17:02:36.847105-03:00,2026-W27,0.8789062500000013,abierto,0.0,0.1,-0.1660156250000011,0.005373819194247442,10
FLOKIUSDT,COILING,4h,res,2026-07-02T18:02:37.005507-03:00,2026-W27,0.11612326931666113,target,1.0,0.6,0.11612326931666113,0.06967396158999631,10
FLOKIUSDT,COILING,4h,major,2026-07-02T18:02:37.005507-03:00,2026-W27,1.652523447967845,abierto,0.0,0.0,0.08932559178204569,0.25948284257007637,10
GMTUSDT,COILING,4h,major,2026-07-02T18:02:37.005507-03:00,2026-W27,0.5472636815920391,target,1.0,0.1,0.5472636815920391,0.05472636815920397,10
SAHARAUSDT,PREBREAK,1h,res,2026-07-02T20:02:35.427955-03:00,2026-W27,0.10242085661080139,target,1.0,0.9,0.10242085661080139,-0.007821229050279028,10
SAHARAUSDT,PREBREAK,1h,major,2026-07-02T20:02:35.427955-03:00,2026-W27,0.10242085661080139,target,1.0,0.8,0.10242085661080139,-0.11806331471135927,10
SHIBUSDT,COILING,4h,major,2026-07-02T21:02:39.046544-03:00,2026-W27,0.728929384965831,abierto,0.0,0.0,-0.22779043280182432,-0.21323635104292107,10
PEPEUSDT,HOLD,4h,res,2026-07-02T21:02:39.046544-03:00,2026-W27,0.20408163265306464,target,1.0,0.9,0.20408163265306464,0.16247205596019562,10
PEPEUSDT,HOLD,4h,major,2026-07-02T21:02:39.046544-03:00,2026-W27,1.6734693877551066,target,1.0,0.3,1.6734693877551066,0.7949853628648873,10
TRUMPUSDT,PREBREAK,1h,major,2026-07-02T23:02:36.106699-03:00,2026-W27,0.06362058993637752,target,1.0,0.7,0.06362058993637752,-0.012825438103963926,10
SNXUSDT,BREAKOUT,4h,major,2026-07-03T01:02:43.271219-03:00,2026-W27,0.7563025210084044,stop,0.0,0.8,-1.0,0.5135890253537326,10
0GUSDT,COILING,4h,major,2026-07-03T01:02:43.271219-03:00,2026-W27,,sin_entrada,0.0,0.0,0.0,-0.18103117960378118,10
TRUMPUSDT,COILING,4h,major,2026-07-03T01:02:43.271219-03:00,2026-W27,0.9195402298850573,abierto,0.0,0.5,-0.7011494252873551,0.4257677281276312,10
RENDERUSDT,COILING,4h,major,2026-07-03T01:02:43.271219-03:00,2026-W27,0.2383863080684606,abierto,0.0,0.3,-0.45843520782396063,-0.06707389322698795,10
RSRUSDT,HOLD,4h,res,2026-07-03T05:02:50.079222-03:00,2026-W27,0.2951096121416535,target,1.0,0.8,0.2951096121416535,0.036087689713322726,10
RSRUSDT,HOLD,4h,major,2026-07-03T05:02:50.079222-03:00,2026-W27,1.0539629005059035,target,1.0,0.4,1.0539629005059035,0.4372676625426422,10
AXSUSDT,COILING,4h,major,2026-07-03T05:02:50.079222-03:00,2026-W27,0.6909788867562389,abierto,0.0,0.1,-0.27831094049904137,0.014608245624946259,10
NEIROUSDT,COILING,4h,res,2026-07-03T05:02:50.079222-03:00,2026-W27,0.03682111077017454,target,1.0,1.0,0.03682111077017454,0.03682111077017387,10
NEIROUSDT,COILING,4h,major,2026-07-03T05:02:50.079222-03:00,2026-W27,0.26848726603252554,target,1.0,0.7,0.26848726603252554,-0.012058913777232162,10
GALAUSDT,COILING,4h,major,2026-07-03T05:02:50.079222-03:00,2026-W27,0.6800166875260764,target,1.0,0.4,0.6800166875260764,0.23118344520096784,10
ARKMUSDT,HOLD,4h,major,2026-07-03T06:02:38.589592-03:00,2026-W27,0.33360455655004134,stop,0.0,0.8,-1.0,0.1785929749595906,10
DOGEUSDT,PREBREAK,1h,res,2026-07-03T06:02:38.589592-03:00,2026-W27,0.019891261105953788,target,1.0,0.7,0.019891261105953788,0.01392388277416744,10
DOGEUSDT,PREBREAK,1h,major,2026-07-03T06:02:38.589592-03:00,2026-W27,0.019891261105953788,target,1.0,0.4,0.019891261105953788,0.007956504442381409,10
AAVEUSDT,PREBREAK,1h,res,2026-07-03T08:02:37.242658-03:00,2026-W27,0.10845986984815813,target,1.0,0.8,0.10845986984815813,0.08676789587852668,10
AAVEUSDT,PREBREAK,1h,major,2026-07-03T08:02:37.242658-03:00,2026-W27,0.10845986984815813,target,1.0,0.8,0.10845986984815813,-0.013232104121473876,10
HYPERUSDT,PREBREAK,1h,major,2026-07-03T09:02:41.309273-03:00,2026-W27,0.10856453558504209,stop,0.0,0.8,-1.0,-0.11314837153196569,10
ICPUSDT,COILING,4h,major,2026-07-03T09:02:41.309273-03:00,2026-W27,0.1417183348095661,target,1.0,0.6,0.1417183348095661,-0.20219015054500203,10
ONDOUSDT,PREBREAK,1h,res,2026-07-03T09:02:41.309273-03:00,2026-W27,0.13432835820895545,target,1.0,0.9,0.13432835820895545,0.05357543040301036,10
ONDOUSDT,PREBREAK,1h,major,2026-07-03T09:02:41.309273-03:00,2026-W27,0.13432835820895545,target,1.0,0.9,0.13432835820895545,0.04806670330059819,10
UNIUSDT,HOLD,4h,res,2026-07-03T09:02:41.309273-03:00,2026-W27,0.169962917181705,target,1.0,1.0,0.169962917181705,0.16996291718170548,10
UNIUSDT,HOLD,4h,major,2026-07-03T09:02:41.309273-03:00,2026-W27,0.169962917181705,target,1.0,1.0,0.169962917181705,0.16996291718170536,10
HBARUSDT,COILING,4h,major,2026-07-03T10:02:39.147443-03:00,2026-W27,0.557779556978915,abierto,0.0,0.0,-0.5297571390445688,-0.10646784578036661,10
SHIBUSDT,COILING,4h,major,2026-07-03T10:02:39.147443-03:00,2026-W27,0.6150341685649209,abierto,0.0,0.2,0.0227790432801811,-0.29605291320342914,10
ETCUSDT,PREBREAK,1h,res,2026-07-03T10:02:39.147443-03:00,2026-W27,0.027700831024930175,target,1.0,1.0,0.027700831024930175,0.027700831024930577,10
ETCUSDT,PREBREAK,1h,major,2026-07-03T10:02:39.147443-03:00,2026-W27,0.027700831024930175,target,1.0,1.0,0.027700831024930175,0.02770083102493056,10
MANAUSDT,BREAKOUT,4h,major,2026-07-03T12:02:35.235685-03:00,2026-W27,0.1111111111111124,target,1.0,0.9,0.1111111111111124,0.036339522546420644,10
SHIBUSDT,COILING,4h,major,2026-07-03T15:02:42.139274-03:00,2026-W27,0.5694760820045518,abierto,0.0,0.3,-0.09111617312073217,0.1320408995249093,10
HBARUSDT,COILING,4h,major,2026-07-03T15:02:42.139274-03:00,2026-W27,0.443021083533492,abierto,0.0,0.1,-0.6805444355484391,0.04430210835334926,10
EDUUSDT,HOLD,4h,res,2026-07-03T16:02:38.553897-03:00,2026-W27,0.2866242038216576,target,1.0,1.0,0.2866242038216576,0.28662420382165743,10
EDUUSDT,HOLD,4h,major,2026-07-03T16:02:38.553897-03:00,2026-W27,0.2866242038216576,target,1.0,1.0,0.2866242038216576,0.28662420382165693,10
AAVEUSDT,COILING,4h,res,2026-07-03T17:02:43.651005-03:00,2026-W27,0.6245764626157655,target,1.0,0.8,0.6245764626157655,0.39966117009261287,10
AAVEUSDT,COILING,4h,major,2026-07-03T17:02:43.651005-03:00,2026-W27,1.2062344702959091,abierto,0.0,0.3,0.9667946690761231,-0.12349624489732705,10
FLOKIUSDT,HOLD,4h,res,2026-07-03T17:02:43.651005-03:00,2026-W27,0.008628127696291283,target,1.0,1.0,0.008628127696291283,0.008628127696290788,10
FLOKIUSDT,HOLD,4h,major,2026-07-03T17:02:43.651005-03:00,2026-W27,0.4400345125107823,target,1.0,0.7,0.4400345125107823,0.21676576245217474,10
OPUSDT,HOLD,4h,major,2026-07-03T17:02:43.651005-03:00,2026-W27,0.16713091922005532,target,1.0,1.0,0.16713091922005532,0.16713091922005555,10
ICPUSDT,PREBREAK,1h,major,2026-07-03T18:02:40.398785-03:00,2026-W27,0.02219263204616022,target,1.0,0.9,0.02219263204616022,0.019973368841545498,10
HBARUSDT,COILING,4h,major,2026-07-03T20:02:36.393619-03:00,2026-W27,0.443021083533492,abierto,0.0,0.4,-0.6124899919935967,0.11034669260167011,10
AAVEUSDT,COILING,4h,res,2026-07-03T22:02:33.279767-03:00,2026-W27,,sin_entrada,0.0,0.6,0.0,0.07286044207110233,10
AAVEUSDT,COILING,4h,major,2026-07-03T22:02:33.279767-03:00,2026-W27,,sin_entrada,0.0,0.2,0.0,0.0537593693742384,10
ZAMAUSDT,COILING,4h,res,2026-07-04T01:02:35.399597-03:00,2026-W27,,sin_entrada,0.0,0.6,0.0,0.04893678997961019,10
ZAMAUSDT,COILING,4h,major,2026-07-04T01:02:35.399597-03:00,2026-W27,,sin_entrada,0.0,0.5,0.0,-0.05921934168365818,10
DEXEUSDT,COILING,4h,major,2026-07-04T01:02:35.399597-03:00,2026-W27,0.760401721664276,target,1.0,1.0,0.760401721664276,0.7604017216642756,10
FFUSDT,PREBREAK,1h,major,2026-07-04T05:02:42.467779-03:00,2026-W27,0.31589023611997397,abierto,0.0,0.6,-0.7498404594767072,0.1775440361867179,10
ALICEUSDT,HOLD,4h,major,2026-07-04T05:02:42.467779-03:00,2026-W27,1.016825164594003,target,1.0,0.5,1.016825164594003,0.0710142083132624,10
ZAMAUSDT,COILING,4h,res,2026-07-04T06:02:39.69477-03:00,2026-W27,,sin_entrada,0.0,0.6,0.0,0.05599300087489123,10
ZAMAUSDT,COILING,4h,major,2026-07-04T06:02:39.69477-03:00,2026-W27,,sin_entrada,0.0,0.3,0.0,0.02799650043744567,10
DEXEUSDT,COILING,4h,major,2026-07-04T09:02:36.548775-03:00,2026-W27,0.760401721664276,target,1.0,1.0,0.760401721664276,0.7604017216642752,10
ALGOUSDT,HOLD,4h,res,2026-07-04T09:02:36.548775-03:00,2026-W27,0.3467561521252801,target,1.0,0.4,0.3467561521252801,-0.04587229528848419,10
ALGOUSDT,HOLD,4h,major,2026-07-04T09:02:36.548775-03:00,2026-W27,0.5369127516778536,abierto,0.0,0.8,-0.32438478747203625,0.3843067456906281,10
PORTALUSDT,PREBREAK,1h,major,2026-07-04T10:02:42.393908-03:00,2026-W27,0.19561815336463384,target,1.0,1.0,0.19561815336463384,0.1956181533646337,10
DEXEUSDT,PREBREAK,1h,major,2026-07-04T11:02:39.060797-03:00,2026-W27,0.046633881634729306,target,1.0,1.0,0.046633881634729306,0.046633881634729396,10
LDOUSDT,PREBREAK,1h,res,2026-07-04T12:02:47.851346-03:00,2026-W27,0.14820303816228253,target,1.0,1.0,0.14820303816228253,0.14820303816228214,10
LDOUSDT,PREBREAK,1h,major,2026-07-04T12:02:47.851346-03:00,2026-W27,0.14820303816228253,target,1.0,0.9,0.14820303816228253,0.13338273434605347,10
TSTUSDT,HOLD,4h,major,2026-07-04T12:02:47.851346-03:00,2026-W27,0.24221453287197164,stop,0.0,0.9,-1.0,0.11799307958477438,10
ICPUSDT,PREBREAK,1h,res,2026-07-04T12:02:47.851346-03:00,2026-W27,0.017785682525566945,target,1.0,1.0,0.017785682525566945,0.017785682525566157,10
ICPUSDT,PREBREAK,1h,major,2026-07-04T12:02:47.851346-03:00,2026-W27,0.022232103156958186,target,1.0,1.0,0.022232103156958186,0.02223210315695749,10
DASHUSDT,PREBREAK,1h,res,2026-07-04T13:02:42.29487-03:00,2026-W27,0.02492384381057975,target,1.0,0.9,0.02492384381057975,0.022431459429520583,10
DASHUSDT,PREBREAK,1h,major,2026-07-04T13:02:42.29487-03:00,2026-W27,0.1356964829687074,target,1.0,1.0,0.1356964829687074,0.1356964829687068,10
SUIUSDT,PREBREAK,1h,res,2026-07-04T13:02:42.29487-03:00,2026-W27,0.07885211995863489,target,1.0,1.0,0.07885211995863489,0.07885211995863595,10
SUIUSDT,PREBREAK,1h,major,2026-07-04T13:02:42.29487-03:00,2026-W27,0.07885211995863489,target,1.0,1.0,0.07885211995863489,0.07885211995863586,10
AAVEUSDT,COILING,4h,major,2026-07-04T13:02:42.29487-03:00,2026-W27,0.8973091707852826,target,1.0,0.8,0.8973091707852826,0.5320796027783012,10
DEXEUSDT,COILING,4h,major,2026-07-04T14:02:41.345781-03:00,2026-W27,0.760401721664276,target,1.0,1.0,0.760401721664276,0.7604017216642764,10
FETUSDT,PREBREAK,1h,res,2026-07-04T15:02:36.580788-03:00,2026-W27,0.14893617021276592,stop,0.0,0.4,-1.0,-0.18660982284220012,10
FETUSDT,PREBREAK,1h,major,2026-07-04T15:02:36.580788-03:00,2026-W27,0.14893617021276592,stop,0.0,0.5,-1.0,-0.15256433072319292,10
PORTALUSDT,COILING,4h,res,2026-07-04T17:02:42.2378-03:00,2026-W27,1.4044512663085185,stop,0.0,0.0,-1.0,-0.8392097565890339,10
PORTALUSDT,COILING,4h,major,2026-07-04T17:02:42.2378-03:00,2026-W27,2.808902532617037,stop,0.0,0.0,-1.0,-0.5653372952389244,10
PYTHUSDT,PREBREAK,1h,res,2026-07-04T18:02:34.946774-03:00,2026-W27,0.2530991735537194,target,1.0,1.0,0.2530991735537194,0.25309917355371897,10
PYTHUSDT,PREBREAK,1h,major,2026-07-04T18:02:34.946774-03:00,2026-W27,0.7024793388429752,target,1.0,1.0,0.7024793388429752,0.7024793388429742,10
PORTALUSDT,COILING,4h,res,2026-07-04T22:02:34.424631-03:00,2026-W27,1.2405446293494709,stop,0.0,0.2,-1.0,-0.2518910741301058,10
PORTALUSDT,COILING,4h,major,2026-07-04T22:02:34.424631-03:00,2026-W27,2.6248108925869897,stop,0.0,0.0,-1.0,-0.7786305767029242,10
SANDUSDT,PREBREAK,1h,major,2026-07-04T23:02:34.559685-03:00,2026-W27,0.304972804972804,abierto,0.0,0.7,-0.4681429681429683,0.09660187442509001,10
AAVEUSDT,PREBREAK,1h,res,2026-07-05T11:02:34.039049-03:00,2026-W27,0.06465277003678656,target,1.0,1.0,0.06465277003678656,0.06465277003678774,10
AAVEUSDT,PREBREAK,1h,major,2026-07-05T11:02:34.039049-03:00,2026-W27,0.1493701928436075,target,1.0,0.7,0.1493701928436075,0.004559134990525723,10
PYTHUSDT,COILING,4h,res,2026-07-05T17:02:38.968165-03:00,2026-W27,0.35899975241396204,target,1.0,0.9,0.35899975241396204,0.32309977717256605,10
PYTHUSDT,COILING,4h,major,2026-07-05T17:02:38.968165-03:00,2026-W27,0.6610547165139864,target,1.0,0.9,0.6610547165139864,0.5949492448625888,10
ARBUSDT,PREBREAK,1h,res,2026-07-05T19:02:38.135848-03:00,2026-W27,0.1618929016189303,target,1.0,0.8,0.1618929016189303,-0.07048567870485603,10
ARBUSDT,PREBREAK,1h,major,2026-07-05T19:02:38.135848-03:00,2026-W27,0.2241594022415954,target,1.0,0.9,0.2241594022415954,0.10174346201743564,10
ZECUSDT,PREBREAK,1h,res,2026-07-05T21:02:42.370646-03:00,2026-W28,0.09080590238365395,target,1.0,0.9,0.09080590238365395,0.0817253121452895,10
ZECUSDT,PREBREAK,1h,major,2026-07-05T21:02:42.370646-03:00,2026-W28,0.2015291371297619,target,1.0,0.8,0.2015291371297619,0.1612233097038094,10
ICPUSDT,PREBREAK,1h,res,2026-07-05T21:02:42.370646-03:00,2026-W28,0.16143497757847558,target,1.0,0.8,0.16143497757847558,-0.0325093393652998,10
ICPUSDT,PREBREAK,1h,major,2026-07-05T21:02:42.370646-03:00,2026-W28,0.3139013452914793,target,1.0,0.7,0.3139013452914793,0.2197309417040342,10
RUNEUSDT,PREBREAK,1h,res,2026-07-05T21:02:42.370646-03:00,2026-W28,0.07228915662650612,target,1.0,1.0,0.07228915662650612,0.07228915662650597,10
RUNEUSDT,PREBREAK,1h,major,2026-07-05T21:02:42.370646-03:00,2026-W28,0.1204819277108422,stop,0.0,1.0,-1.0,0.12048192771084269,10
PYTHUSDT,COILING,4h,res,2026-07-05T22:02:43.474161-03:00,2026-W28,0.00239062873535979,target,1.0,0.8,0.00239062873535979,0.0019125029882872727,10
PYTHUSDT,COILING,4h,major,2026-07-05T22:02:43.474161-03:00,2026-W28,0.29404733444896225,target,1.0,1.0,0.29404733444896225,0.2940473344489622,10
DASHUSDT,PREBREAK,1h,res,2026-07-05T22:02:43.474161-03:00,2026-W28,0.02511861568518098,target,1.0,0.9,0.02511861568518098,0.022606754116661094,10
DASHUSDT,PREBREAK,1h,major,2026-07-05T22:02:43.474161-03:00,2026-W28,0.23164945576332843,target,1.0,0.7,0.23164945576332843,0.06958313792030005,10
XLMUSDT,PREBREAK,1h,major,2026-07-06T06:02:43.847239-03:00,2026-W28,0.49124513618677046,stop,0.0,0.4,-1.0,0.006260789059212147,10
PSGUSDT,PREBREAK,1h,res,2026-07-06T07:02:52.541451-03:00,2026-W28,,sin_entrada,0.0,0.8,0.0,0.23230490018148528,10
PSGUSDT,PREBREAK,1h,major,2026-07-06T07:02:52.541451-03:00,2026-W28,,sin_entrada,0.0,1.0,0.0,0.29038112522685733,10
SENTUSDT,PREBREAK,1h,res,2026-07-06T08:02:38.910493-03:00,2026-W28,0.39268788083954026,target,1.0,0.9,0.39268788083954026,0.2534190927555854,10
SENTUSDT,PREBREAK,1h,major,2026-07-06T08:02:38.910493-03:00,2026-W28,0.41976980365605915,target,1.0,0.7,0.41976980365605915,0.2938388625592404,10
ONDOUSDT,PREBREAK,1h,major,2026-07-06T08:02:38.910493-03:00,2026-W28,0.3386809269162203,abierto,0.0,0.8,-0.5377302436125964,0.20703942518552726,10
ZKUSDT,PREBREAK,1h,major,2026-07-06T10:02:41.102414-03:00,2026-W28,0.21316033364226392,target,1.0,0.6,0.21316033364226392,-0.08332443439469267,10
WIFUSDT,COILING,4h,major,2026-07-06T13:02:42.855112-03:00,2026-W28,,sin_entrada,0.0,0.1,0.0,-0.08751357220412595,10
ZAMAUSDT,COILING,4h,res,2026-07-06T13:02:42.855112-03:00,2026-W28,0.1301775147928983,target,1.0,0.9,0.1301775147928983,0.11715976331360892,10
ZAMAUSDT,COILING,4h,major,2026-07-06T13:02:42.855112-03:00,2026-W28,0.23964497041420288,target,1.0,0.8,0.23964497041420288,0.1917159763313619,10
AAVEUSDT,BREAKOUT,4h,major,2026-07-06T13:02:42.855112-03:00,2026-W28,0.2861289653742489,stop,0.0,0.9,-1.0,0.15751606883682373,10
BNSOLUSDT,PREBREAK,1h,res,2026-07-06T16:02:38.606986-03:00,2026-W28,0.010845986984813462,target,1.0,1.0,0.010845986984813462,0.010845986984814076,10
BNSOLUSDT,PREBREAK,1h,major,2026-07-06T16:02:38.606986-03:00,2026-W28,0.14099783080260275,target,1.0,0.5,0.14099783080260275,-0.03776307315310053,10
SOMIUSDT,BREAKOUT,4h,res,2026-07-06T16:02:38.606986-03:00,2026-W28,0.08196721311475516,target,1.0,1.0,0.08196721311475516,0.08196721311475555,10
SOMIUSDT,BREAKOUT,4h,major,2026-07-06T16:02:38.606986-03:00,2026-W28,0.08196721311475516,target,1.0,1.0,0.08196721311475516,0.08196721311475524,10
INJUSDT,COILING,4h,major,2026-07-06T17:02:37.933682-03:00,2026-W28,0.25656565656565605,target,1.0,0.8,0.25656565656565605,0.20436184916548608,10
AVAXUSDT,PREBREAK,1h,res,2026-07-06T18:02:40.026475-03:00,2026-W28,0.025751072961373103,target,1.0,0.7,0.025751072961373103,-0.012167820178775308,10
AVAXUSDT,PREBREAK,1h,major,2026-07-06T18:02:40.026475-03:00,2026-W28,0.17882689556509304,stop,0.0,0.8,-1.0,0.14306151645207477,10
ANIMEUSDT,COILING,4h,major,2026-07-06T18:02:40.026475-03:00,2026-W28,,sin_entrada,0.0,0.0,0.0,-0.12377206915157879,10
STGUSDT,BREAKOUT,4h,major,2026-07-06T20:02:40.588935-03:00,2026-W28,0.6904622586307804,target,1.0,0.7,0.6904622586307804,0.22184817120548,10
ANIMEUSDT,HOLD,4h,res,2026-07-06T21:02:44.574528-03:00,2026-W28,0.1030927835051549,abierto,0.0,0.9,-0.6872852233676963,0.02260806655814784,10
ANIMEUSDT,HOLD,4h,major,2026-07-06T21:02:44.574528-03:00,2026-W28,1.6151202749140905,abierto,0.0,0.0,-0.6872852233676963,-0.09939849852162996,10
PENDLEUSDT,COILING,4h,res,2026-07-06T21:02:44.574528-03:00,2026-W28,0.3748326639892924,target,1.0,0.6,0.3748326639892924,0.22489959839357554,10
PENDLEUSDT,COILING,4h,major,2026-07-06T21:02:44.574528-03:00,2026-W28,0.3748326639892924,target,1.0,0.5,0.3748326639892924,0.18741633199464633,10
STGUSDT,HOLD,4h,major,2026-07-06T21:02:44.574528-03:00,2026-W28,0.2813731007315702,stop,0.0,0.8,-1.0,0.02509848058525622,10
SEIUSDT,COILING,4h,major,2026-07-06T22:02:38.567632-03:00,2026-W28,,sin_entrada,0.0,0.3,0.0,-0.08602652365319931,10
UNIUSDT,COILING,4h,res,2026-07-06T22:02:38.567632-03:00,2026-W28,0.07612667478684644,target,1.0,0.7,0.07612667478684644,-0.04671132764920724,10
UNIUSDT,COILING,4h,major,2026-07-06T22:02:38.567632-03:00,2026-W28,0.07612667478684644,target,1.0,0.6,0.07612667478684644,0.04567600487210797,10
MIRAUSDT,PREBREAK,1h,res,2026-07-06T22:02:38.567632-03:00,2026-W28,1.0505050505050493,stop,0.0,0.2,-1.0,-0.21295908212774095,10
MIRAUSDT,PREBREAK,1h,major,2026-07-06T22:02:38.567632-03:00,2026-W28,2.82828282828283,stop,0.0,0.6,-1.0,1.4629265157533795,10
STOUSDT,COILING,4h,major,2026-07-07T01:02:36.0562-03:00,2026-W28,0.32854209445585164,stop,0.0,0.7,-1.0,-0.009506631888562095,10
UNIUSDT,COILING,4h,res,2026-07-07T03:02:35.412492-03:00,2026-W28,0.07612667478684779,target,1.0,0.6,0.07612667478684779,0.0456760048721082,10
UNIUSDT,COILING,4h,major,2026-07-07T03:02:35.412492-03:00,2026-W28,0.07612667478684779,target,1.0,0.6,0.07612667478684779,0.045676004872108454,10
SOLUSDT,COILING,4h,res,2026-07-07T09:02:41.395461-03:00,2026-W28,,sin_entrada,0.0,0.8,0.0,0.022928110819204078,10
SOLUSDT,COILING,4h,major,2026-07-07T09:02:41.395461-03:00,2026-W28,,sin_entrada,0.0,0.1,0.0,-0.09563131388669767,10
BANANAUSDT,COILING,4h,res,2026-07-07T11:02:37.229481-03:00,2026-W28,0.2176578786020851,target,1.0,0.9,0.2176578786020851,0.1690315820484987,10
BANANAUSDT,COILING,4h,major,2026-07-07T11:02:37.229481-03:00,2026-W28,0.2176578786020851,target,1.0,1.0,0.2176578786020851,0.2176578786020848,10
WIFUSDT,COILING,4h,res,2026-07-07T13:02:43.392959-03:00,2026-W28,,sin_entrada,0.0,0.0,0.0,0.0,10
WIFUSDT,COILING,4h,major,2026-07-07T13:02:43.392959-03:00,2026-W28,,sin_entrada,0.0,0.0,0.0,-0.2,10
PENDLEUSDT,BREAKOUT,4h,major,2026-07-07T13:02:43.392959-03:00,2026-W28,0.19736842105263333,target,1.0,1.0,0.19736842105263333,0.19736842105263247,10
JUPUSDT,PREBREAK,1h,res,2026-07-07T13:02:43.392959-03:00,2026-W28,0.00830564784053065,target,1.0,1.0,0.00830564784053065,0.008305647840530641,10
JUPUSDT,PREBREAK,1h,major,2026-07-07T13:02:43.392959-03:00,2026-W28,0.3612956810631236,stop,0.0,0.4,-1.0,-0.29131758774672356,10
NEARUSDT,COILING,4h,res,2026-07-07T13:02:43.392959-03:00,2026-W28,,sin_entrada,0.0,0.8,0.0,0.02274881516587682,10
NEARUSDT,COILING,4h,major,2026-07-07T13:02:43.392959-03:00,2026-W28,,sin_entrada,0.0,1.0,0.0,0.028436018957345866,10
FLOKIUSDT,PREBREAK,1h,res,2026-07-07T14:02:44.825431-03:00,2026-W28,,sin_entrada,0.0,0.5,0.0,-0.04538771202112313,10
FLOKIUSDT,PREBREAK,1h,major,2026-07-07T14:02:44.825431-03:00,2026-W28,,sin_entrada,0.0,0.5,0.0,0.024711613206312905,10
SOLUSDT,COILING,4h,res,2026-07-07T14:02:44.825431-03:00,2026-W28,,sin_entrada,0.0,0.8,0.0,0.022928110819202225,10
SOLUSDT,COILING,4h,major,2026-07-07T14:02:44.825431-03:00,2026-W28,,sin_entrada,0.0,0.7,0.0,0.020062096966802036,10
ZENUSDT,COILING,4h,res,2026-07-07T14:02:44.825431-03:00,2026-W28,0.09842069123369225,abierto,0.0,0.7,-0.29297322041657137,0.06889448386358397,10
ZENUSDT,COILING,4h,major,2026-07-07T14:02:44.825431-03:00,2026-W28,0.09842069123369225,abierto,0.0,1.0,-0.29297322041657137,0.09842069123369133,10
SIGNUSDT,COILING,4h,major,2026-07-07T14:02:44.825431-03:00,2026-W28,,sin_entrada,0.0,0.9,0.0,0.257142857142857,10
ONDOUSDT,COILING,4h,res,2026-07-07T14:02:44.825431-03:00,2026-W28,,sin_entrada,0.0,0.8,0.0,0.1162322250777235,10
ONDOUSDT,COILING,4h,major,2026-07-07T14:02:44.825431-03:00,2026-W28,,sin_entrada,0.0,0.8,0.0,0.06679398532247334,10
LUNCUSDT,PREBREAK,1h,res,2026-07-07T15:02:37.087905-03:00,2026-W28,0.10235087158164206,abierto,0.0,0.9,-0.2894610586918278,0.058594023628988634,10
LUNCUSDT,PREBREAK,1h,major,2026-07-07T15:02:37.087905-03:00,2026-W28,0.10235087158164206,abierto,0.0,1.0,-0.2894610586918278,0.10235087158164138,10
BARUSDT,PREBREAK,1h,res,2026-07-07T16:02:36.745775-03:00,2026-W28,0.03649635036496353,target,1.0,1.0,0.03649635036496353,0.0364963503649626,10
BARUSDT,PREBREAK,1h,major,2026-07-07T16:02:36.745775-03:00,2026-W28,0.4014598540145968,target,1.0,1.0,0.4014598540145968,0.4014598540145964,10
JUPUSDT,COILING,4h,res,2026-07-07T17:02:50.785317-03:00,2026-W28,,sin_entrada,0.0,0.0,0.0,0.0,10
JUPUSDT,COILING,4h,major,2026-07-07T17:02:50.785317-03:00,2026-W28,,sin_entrada,0.0,0.6,0.0,-0.027855711422845226,10
FLOKIUSDT,COILING,4h,res,2026-07-07T17:02:50.785317-03:00,2026-W28,,sin_entrada,0.0,0.2,0.0,-0.20422536656327797,10
FLOKIUSDT,COILING,4h,major,2026-07-07T17:02:50.785317-03:00,2026-W28,,sin_entrada,0.0,0.5,0.0,-0.08954790194782863,10
PEPEUSDT,COILING,4h,res,2026-07-07T17:02:50.785317-03:00,2026-W28,,sin_entrada,0.0,0.7,0.0,0.1340869936999353,10
PEPEUSDT,COILING,4h,major,2026-07-07T17:02:50.785317-03:00,2026-W28,,sin_entrada,0.0,0.8,0.0,0.15543930686719531,10
AUDIOUSDT,COILING,4h,res,2026-07-07T17:02:50.785317-03:00,2026-W28,1.0566829951014705,abierto,0.0,0.7,-0.5878236529041292,0.6867615905556145,10
AUDIOUSDT,COILING,4h,major,2026-07-07T17:02:50.785317-03:00,2026-W28,1.0566829951014705,abierto,0.0,0.6,-0.5878236529041292,0.5677360567283187,10
NEARUSDT,COILING,4h,res,2026-07-07T18:02:37.55879-03:00,2026-W28,,sin_entrada,0.0,0.6,0.0,0.017061611374408932,10
NEARUSDT,COILING,4h,major,2026-07-07T18:02:37.55879-03:00,2026-W28,,sin_entrada,0.0,0.8,0.0,0.022748815165878653,10
ORCAUSDT,COILING,4h,major,2026-07-07T18:02:37.55879-03:00,2026-W28,,sin_entrada,0.0,0.4,0.0,0.043688677140117,10
ZENUSDT,COILING,4h,res,2026-07-07T19:02:43.984557-03:00,2026-W28,,sin_entrada,0.0,1.0,0.0,0.11462631820266096,10
ZENUSDT,COILING,4h,major,2026-07-07T19:02:43.984557-03:00,2026-W28,,sin_entrada,0.0,1.0,0.0,0.11462631820266034,10
SIGNUSDT,COILING,4h,major,2026-07-07T19:02:43.984557-03:00,2026-W28,,sin_entrada,0.0,0.4,0.0,0.010460627979615878,10
SOLUSDT,COILING,4h,res,2026-07-07T19:02:43.984557-03:00,2026-W28,,sin_entrada,0.0,0.3,0.0,0.008598041557200922,10
SOLUSDT,COILING,4h,major,2026-07-07T19:02:43.984557-03:00,2026-W28,,sin_entrada,0.0,0.4,0.0,-0.052924157624760514,10
AUDIOUSDT,COILING,4h,res,2026-07-07T22:02:39.729094-03:00,2026-W28,1.0566829951014705,abierto,0.0,0.5,-0.6298110566829951,0.4176908963823373,10
AUDIOUSDT,COILING,4h,major,2026-07-07T22:02:39.729094-03:00,2026-W28,1.0566829951014705,abierto,0.0,0.4,-0.6298110566829951,0.2815387512849642,10
JUPUSDT,COILING,4h,major,2026-07-07T22:02:39.729094-03:00,2026-W28,,sin_entrada,0.0,0.1,0.0,-0.28797595190380754,10
ZENUSDT,COILING,4h,res,2026-07-08T00:02:37.393985-03:00,2026-W28,,sin_entrada,0.0,0.5,0.0,0.057313159101329905,10
ZENUSDT,COILING,4h,major,2026-07-08T00:02:37.393985-03:00,2026-W28,,sin_entrada,0.0,0.9,0.0,0.1031636863823943,10
ZAMAUSDT,PREBREAK,1h,res,2026-07-08T01:02:37.106055-03:00,2026-W28,0.18485915492957922,target,1.0,1.0,0.18485915492957922,0.18485915492957924,10
ZAMAUSDT,PREBREAK,1h,major,2026-07-08T01:02:37.106055-03:00,2026-W28,0.40492957746479286,abierto,0.0,0.8,0.14671361502347713,0.3235626533306919,10
MORPHOUSDT,BREAKOUT,4h,major,2026-07-08T05:02:44.097831-03:00,2026-W28,0.6108706108706099,target,1.0,0.6,0.6108706108706099,0.29567735557660324,10
APEUSDT,BREAKOUT,4h,res,2026-07-08T05:02:44.097831-03:00,2026-W28,0.10128291694800826,target,1.0,0.9,0.10128291694800826,0.010004465508799198,10
APEUSDT,BREAKOUT,4h,major,2026-07-08T05:02:44.097831-03:00,2026-W28,0.18230925050641336,target,1.0,0.9,0.18230925050641336,0.09681375146474136,10
LUNCUSDT,COILING,4h,res,2026-07-08T05:02:44.097831-03:00,2026-W28,,sin_entrada,0.0,0.0,0.0,0.0,10
LUNCUSDT,COILING,4h,major,2026-07-08T05:02:44.097831-03:00,2026-W28,,sin_entrada,0.0,0.0,0.0,0.0,10
WCTUSDT,COILING,4h,res,2026-07-08T06:02:42.710296-03:00,2026-W28,,sin_entrada,0.0,0.9,0.0,0.005854293148308558,10
WCTUSDT,COILING,4h,major,2026-07-08T06:02:42.710296-03:00,2026-W28,,sin_entrada,0.0,0.8,0.0,0.1811934812802115,10
WLFIUSDT,PREBREAK,1h,res,2026-07-08T11:02:40.620792-03:00,2026-W28,0.4576271186440654,abierto,0.0,0.2,-0.33898305084745783,-0.05249847194414777,10
WLFIUSDT,PREBREAK,1h,major,2026-07-08T11:02:40.620792-03:00,2026-W28,0.4576271186440654,abierto,0.0,0.5,-0.33898305084745783,0.1576981043538278,10
WCTUSDT,COILING,4h,res,2026-07-08T11:02:40.620792-03:00,2026-W28,,sin_entrada,0.0,0.8,0.0,-0.024634997614167046,10
WCTUSDT,COILING,4h,major,2026-07-08T11:02:40.620792-03:00,2026-W28,,sin_entrada,0.0,0.3,0.0,-0.19583883188539147,10
MANAUSDT,BREAKOUT,4h,major,2026-07-08T17:02:40.116684-03:00,2026-W28,0.8108108108108111,abierto,0.0,0.2,-0.5810810810810807,0.05116650957351403,10
MANAUSDT,HOLD,4h,major,2026-07-09T01:02:35.870864-03:00,2026-W28,0.5960264900662257,abierto,0.0,0.8,-0.6490066225165569,0.41936565169730355,10
XLMUSDT,PREBREAK,1h,res,2026-07-09T02:02:38.34541-03:00,2026-W28,0.20685900925421874,target,1.0,0.7,0.20685900925421874,0.041703748873658034,10
XLMUSDT,PREBREAK,1h,major,2026-07-09T02:02:38.34541-03:00,2026-W28,1.1050626020685894,abierto,0.0,0.0,0.2667392487751763,-0.2961363362835331,10
SKLUSDT,COILING,4h,res,2026-07-09T15:02:41.914003-03:00,2026-W28,0.05434782608695669,target,1.0,0.6,0.05434782608695669,0.03260869565217375,10
SKLUSDT,COILING,4h,major,2026-07-09T15:02:41.914003-03:00,2026-W28,0.7608695652173912,target,1.0,0.8,0.7608695652173912,0.6086956521739124,10
MORPHOUSDT,BREAKOUT,4h,major,2026-07-09T20:02:40.325604-03:00,2026-W28,0.022716946842345927,target,1.0,1.0,0.022716946842345927,0.02271694684234523,10
WLFIUSDT,PREBREAK,1h,res,2026-07-09T22:02:38.288253-03:00,2026-W28,0.05110732538330522,target,1.0,1.0,0.05110732538330522,0.05110732538330465,10
WLFIUSDT,PREBREAK,1h,major,2026-07-09T22:02:38.288253-03:00,2026-W28,0.5110732538330475,abierto,0.0,0.1,-0.15332197614991605,-0.13781854739285287,10
PEPEUSDT,PREBREAK,1h,major,2026-07-10T01:02:50.747404-03:00,2026-W28,0.2985074626865661,target,1.0,1.0,0.2985074626865661,0.2985074626865665,10
TAOUSDT,COILING,4h,res,2026-07-10T01:02:50.747404-03:00,2026-W28,,sin_entrada,0.0,0.6,0.0,-0.055882352941176126,10
TAOUSDT,COILING,4h,major,2026-07-10T01:02:50.747404-03:00,2026-W28,,sin_entrada,0.0,0.8,0.0,0.050095331737347946,10
ALGOUSDT,COILING,4h,res,2026-07-10T01:02:50.747404-03:00,2026-W28,,sin_entrada,0.0,0.0,0.0,-0.18105324903018083,10
ALGOUSDT,COILING,4h,major,2026-07-10T01:02:50.747404-03:00,2026-W28,,sin_entrada,0.0,0.0,0.0,-0.0997993506070195,10
PEPEUSDT,COILING,4h,res,2026-07-10T02:02:39.081979-03:00,2026-W28,0.18115942028985488,target,1.0,0.6,0.18115942028985488,0.10869565217391282,10
PEPEUSDT,COILING,4h,major,2026-07-10T02:02:39.081979-03:00,2026-W28,0.398550724637682,target,1.0,0.4,0.398550724637682,0.11900145521021457,10
GALAUSDT,PREBREAK,1h,major,2026-07-10T04:02:39.875151-03:00,2026-W28,0.3411710465652389,abierto,0.0,0.3,-0.6592899953895803,-0.1534551281384645,10
BONKUSDT,PREBREAK,1h,res,2026-07-10T04:02:39.875151-03:00,2026-W28,0.024691358024691124,target,1.0,0.7,0.024691358024691124,0.017283950617284397,10
BONKUSDT,PREBREAK,1h,major,2026-07-10T04:02:39.875151-03:00,2026-W28,0.5185185185185199,stop,0.0,0.2,-1.0,-0.4833101271697765,10
GUNUSDT,BREAKOUT,4h,major,2026-07-10T05:02:35.8675-03:00,2026-W28,1.978021978021979,stop,0.0,0.2,-1.0,-0.2223443223443223,10
LUNCUSDT,PREBREAK,1h,res,2026-07-10T06:02:39.278349-03:00,2026-W28,0.07558700546799622,target,1.0,0.7,0.07558700546799622,0.003376617138811949,10
LUNCUSDT,PREBREAK,1h,major,2026-07-10T06:02:39.278349-03:00,2026-W28,0.07558700546799622,target,1.0,1.0,0.07558700546799622,0.07558700546799742,10
ZENUSDT,PREBREAK,1h,major,2026-07-10T06:02:39.278349-03:00,2026-W28,0.3129479216435743,target,1.0,0.9,0.3129479216435743,0.2816531294792175,10
BIOUSDT,PREBREAK,1h,res,2026-07-10T07:02:42.626671-03:00,2026-W28,0.04490500863557798,target,1.0,1.0,0.04490500863557798,0.044905008635578114,10
BIOUSDT,PREBREAK,1h,major,2026-07-10T07:02:42.626671-03:00,2026-W28,0.04490500863557798,target,1.0,1.0,0.04490500863557798,0.044905008635578315,10
WLFIUSDT,PREBREAK,1h,major,2026-07-10T07:02:42.626671-03:00,2026-W28,0.18675721561969388,abierto,0.0,0.4,-0.3395585738539897,-0.10368178284824565,10
TRUMPUSDT,COILING,4h,res,2026-07-10T09:02:47.424289-03:00,2026-W28,,sin_entrada,0.0,0.2,0.0,0.038984051978735515,10
TRUMPUSDT,COILING,4h,major,2026-07-10T09:02:47.424289-03:00,2026-W28,,sin_entrada,0.0,0.0,0.0,-0.30149109862222495,10
ONDOUSDT,COILING,4h,res,2026-07-10T09:02:47.424289-03:00,2026-W28,,sin_entrada,0.0,0.2,0.0,-0.07810650887573993,10
ONDOUSDT,COILING,4h,major,2026-07-10T09:02:47.424289-03:00,2026-W28,,sin_entrada,0.0,0.5,0.0,-0.1520710059171605,10
FILUSDT,BREAKOUT,4h,res,2026-07-10T09:02:47.424289-03:00,2026-W28,0.012300123001230035,abierto,0.0,1.0,-0.5904059040590393,0.01230012300122955,10
FILUSDT,BREAKOUT,4h,major,2026-07-10T09:02:47.424289-03:00,2026-W28,0.061500615006148805,abierto,0.0,0.9,-0.5904059040590393,-0.044649446494465665,10
SUIUSDT,COILING,4h,res,2026-07-10T10:02:35.380429-03:00,2026-W28,0.22364217252396226,target,1.0,0.4,0.22364217252396226,0.005664648589422472,10
SUIUSDT,COILING,4h,major,2026-07-10T10:02:35.380429-03:00,2026-W28,0.42066027689031,abierto,0.0,0.3,-0.24893503727369426,0.04874727567674732,10
DOTUSDT,BREAKOUT,4h,res,2026-07-10T11:02:38.753932-03:00,2026-W28,0.2714932126696846,abierto,0.0,0.8,-0.42986425339366585,0.13637117246760982,10
DOTUSDT,BREAKOUT,4h,major,2026-07-10T11:02:38.753932-03:00,2026-W28,0.2714932126696846,abierto,0.0,0.5,-0.42986425339366585,-0.03838233213580323,10
ALGOUSDT,PREBREAK,1h,major,2026-07-10T11:02:38.753932-03:00,2026-W28,0.011467889908258812,target,1.0,0.9,0.011467889908258812,0.01032110091743289,10
ALGOUSDT,COILING,4h,res,2026-07-10T13:02:41.182214-03:00,2026-W28,0.3207331042382553,abierto,0.0,0.0,-0.48109965635739105,-0.2014437937907311,10
ALGOUSDT,COILING,4h,major,2026-07-10T13:02:41.182214-03:00,2026-W28,0.607101947308131,abierto,0.0,0.0,-0.48109965635739105,-0.31816860993019425,10
CRVUSDT,COILING,4h,res,2026-07-10T13:02:41.182214-03:00,2026-W28,0.36949313121743405,target,1.0,0.4,0.36949313121743405,0.048113897581679346,10
CRVUSDT,COILING,4h,major,2026-07-10T13:02:41.182214-03:00,2026-W28,0.39791567977262066,target,1.0,0.3,0.39791567977262066,-0.08038532351387584,10
YFIUSDT,PREBREAK,1h,res,2026-07-10T13:02:41.182214-03:00,2026-W28,0.3113553113553115,abierto,0.0,0.6,-0.42124542124542086,0.07256140476559222,10
YFIUSDT,PREBREAK,1h,major,2026-07-10T13:02:41.182214-03:00,2026-W28,0.6639194139194143,abierto,0.0,0.1,-0.42124542124542086,-0.30960498507376943,10
PEPEUSDT,BREAKOUT,4h,res,2026-07-10T13:02:41.182214-03:00,2026-W28,0.18181818181818013,target,1.0,1.0,0.18181818181818013,0.18181818181818066,10
PEPEUSDT,BREAKOUT,4h,major,2026-07-10T13:02:41.182214-03:00,2026-W28,0.43636363636363695,target,1.0,1.0,0.43636363636363695,0.43636363636363706,10
RENDERUSDT,COILING,4h,res,2026-07-10T13:02:41.182214-03:00,2026-W28,0.3209565764631853,abierto,0.0,0.0,-0.6733794839521712,0.00804038069955082,10
RENDERUSDT,COILING,4h,major,2026-07-10T13:02:41.182214-03:00,2026-W28,0.32724984266834506,abierto,0.0,0.0,-0.6733794839521712,-0.04245007209374574,10
ATMUSDT,HOLD,4h,res,2026-07-10T18:02:39.650401-03:00,2026-W28,0.10917913465426658,target,1.0,0.7,0.10917913465426658,-0.22357460574201324,10
ATMUSDT,HOLD,4h,major,2026-07-10T18:02:39.650401-03:00,2026-W28,0.10917913465426658,target,1.0,0.9,0.10917913465426658,-0.0017387788111597607,10
VIRTUALUSDT,BREAKOUT,4h,major,2026-07-10T19:02:34.58905-03:00,2026-W28,0.029069767441861072,target,1.0,1.0,0.029069767441861072,0.029069767441860482,10
FUSDT,HOLD,4h,res,2026-07-10T21:02:36.223116-03:00,2026-W28,0.1648351648351642,stop,0.0,1.0,-1.0,0.16483516483516444,10
FUSDT,HOLD,4h,major,2026-07-10T21:02:36.223116-03:00,2026-W28,0.8791208791208797,stop,0.0,0.2,-1.0,-0.10734738556389864,10
BCHUSDT,HOLD,4h,res,2026-07-11T01:02:38.618948-03:00,2026-W28,0.37413582757218444,stop,0.0,0.3,-1.0,-0.44389318448641973,10
BCHUSDT,HOLD,4h,major,2026-07-11T01:02:38.618948-03:00,2026-W28,0.37413582757218444,stop,0.0,0.6,-1.0,-0.17551850345668968,10
WLDUSDT,BREAKOUT,4h,major,2026-07-11T09:02:39.486498-03:00,2026-W28,1.1400247831474595,stop,0.0,0.5,-1.0,0.07001239157373,10
1MBABYDOGEUSDT,HOLD,4h,major,2026-07-11T09:02:39.486498-03:00,2026-W28,0.024457352491593396,target,1.0,0.7,0.024457352491593396,-0.1414653703918478,10
TUTUSDT,HOLD,4h,res,2026-07-11T17:02:45.413507-03:00,2026-W28,0.28637770897832865,target,1.0,1.0,0.28637770897832865,0.28637770897832937,10
TUTUSDT,HOLD,4h,major,2026-07-11T17:02:45.413507-03:00,2026-W28,0.28637770897832865,target,1.0,0.9,0.28637770897832865,0.15773993808049663,10
APTUSDT,HOLD,4h,res,2026-07-11T17:02:45.413507-03:00,2026-W28,0.07739938080495364,stop,0.0,1.0,-1.0,0.07739938080495463,10
APTUSDT,HOLD,4h,major,2026-07-11T17:02:45.413507-03:00,2026-W28,0.07739938080495364,stop,0.0,0.9,-1.0,-0.03034055727554071,10
GIGGLEUSDT,BREAKOUT,4h,res,2026-07-12T04:02:39.161297-03:00,2026-W28,0.17729158807996806,target,1.0,0.7,0.17729158807996806,-0.06085378182608969,10
GIGGLEUSDT,BREAKOUT,4h,major,2026-07-12T04:02:39.161297-03:00,2026-W28,2.048283666540929,abierto,0.0,0.0,-0.09807619766126097,-0.1711752262639707,10
WLDUSDT,BREAKOUT,4h,major,2026-07-12T09:02:39.820148-03:00,2026-W28,0.566525622943113,stop,0.0,0.6,-1.0,-0.06008462623413222,10
FFUSDT,BREAKOUT,4h,major,2026-07-12T14:02:36.760208-03:00,2026-W28,0.675251774806009,target,1.0,0.5,0.675251774806009,0.1419329468167527,10
WLDUSDT,HOLD,4h,major,2026-07-12T17:02:28.063789-03:00,2026-W28,0.23917995444191242,stop,0.0,0.8,-1.0,-0.008656036446469806,10
RUNEUSDT,PREBREAK,1h,major,2026-07-13T09:02:44.865421-03:00,2026-W29,0.12285012285012428,target,1.0,1.0,0.12285012285012428,0.12285012285012364,10
EIGENUSDT,BREAKOUT,4h,res,2026-07-13T10:02:35.707644-03:00,2026-W29,0.4080808080808081,abierto,0.0,0.9,-0.49696969696969684,0.26727272727272733,10
EIGENUSDT,BREAKOUT,4h,major,2026-07-13T10:02:35.707644-03:00,2026-W29,0.4080808080808081,abierto,0.0,0.7,-0.49696969696969684,0.13867050806016068,10
ZBTUSDT,HOLD,4h,major,2026-07-13T21:02:37.601231-03:00,2026-W29,0.48236141108711433,target,1.0,0.8,0.48236141108711433,0.18588912886969053,10
FFUSDT,BREAKOUT,4h,major,2026-07-14T05:02:37.139026-03:00,2026-W29,0.24801271860095495,target,1.0,0.8,0.24801271860095495,0.1795929252521653,10
ESPUSDT,BREAKOUT,4h,res,2026-07-14T08:02:38.85243-03:00,2026-W29,0.5095360091090233,target,1.0,0.9,0.5095360091090233,0.35858240819812137,10
ESPUSDT,BREAKOUT,4h,major,2026-07-14T08:02:38.85243-03:00,2026-W29,0.5095360091090233,target,1.0,1.0,0.5095360091090233,0.5095360091090241,10
NEARUSDT,HOLD,4h,major,2026-07-14T13:02:42.426702-03:00,2026-W29,0.3128054740957971,abierto,0.0,1.0,-0.5180840664711628,0.31280547409579634,10
KAITOUSDT,BREAKOUT,4h,major,2026-07-14T13:02:42.426702-03:00,2026-W29,1.276623718117275,target,1.0,0.9,1.276623718117275,1.048961346305549,10
SUIUSDT,BREAKOUT,4h,major,2026-07-14T15:02:37.074719-03:00,2026-W29,0.3108535300316146,abierto,0.0,0.9,0.06849315068493178,0.2804300780080662,10
SUIUSDT,HOLD,4h,major,2026-07-14T17:02:34.249139-03:00,2026-W29,0.2716178979136603,abierto,0.0,0.8,0.08266631675633018,0.0172943183309289,10
PENDLEUSDT,BREAKOUT,4h,res,2026-07-14T21:02:36.702242-03:00,2026-W29,0.16487000634115287,target,1.0,0.9,0.16487000634115287,0.048383005707038115,10
PENDLEUSDT,BREAKOUT,4h,major,2026-07-14T21:02:36.702242-03:00,2026-W29,0.20925808497146717,target,1.0,0.8,0.20925808497146717,-0.03259353202282672,10
SANTOSUSDT,HOLD,4h,major,2026-07-14T21:02:36.702242-03:00,2026-W29,0.13937282229965167,stop,0.0,1.0,-1.0,0.13937282229965256,10
CRVUSDT,HOLD,4h,res,2026-07-15T01:02:37.024481-03:00,2026-W29,0.16777041942604723,abierto,0.0,0.9,-0.5342163355408391,0.10324314791503171,10
CRVUSDT,HOLD,4h,major,2026-07-15T01:02:37.024481-03:00,2026-W29,0.16777041942604723,abierto,0.0,1.0,-0.5342163355408391,0.16777041942604767,10
0GUSDT,BREAKOUT,4h,res,2026-07-15T05:02:34.338773-03:00,2026-W29,0.41666666666666713,target,1.0,0.6,0.41666666666666713,-0.14999999999999933,10
0GUSDT,BREAKOUT,4h,major,2026-07-15T05:02:34.338773-03:00,2026-W29,1.1458333333333333,target,1.0,0.3,1.1458333333333333,0.02444231280313631,10
TIAUSDT,BREAKOUT,4h,res,2026-07-15T09:02:41.280291-03:00,2026-W29,0.004757373929591666,target,1.0,0.9,0.004757373929591666,-0.09571836346336765,10
TIAUSDT,BREAKOUT,4h,major,2026-07-15T09:02:41.280291-03:00,2026-W29,0.1831588962892481,stop,0.0,0.7,-1.0,-0.10644341299629186,10
VIRTUALUSDT,BREAKOUT,4h,res,2026-07-15T09:02:41.280291-03:00,2026-W29,0.6346343063299432,target,1.0,0.8,0.6346343063299432,0.4128079087424717,10
VIRTUALUSDT,BREAKOUT,4h,major,2026-07-15T09:02:41.280291-03:00,2026-W29,0.6346343063299432,target,1.0,0.6,0.6346343063299432,0.0011816167616607088,10
KAITOUSDT,HOLD,4h,major,2026-07-15T09:02:41.280291-03:00,2026-W29,0.5980476955393553,stop,0.0,1.0,-1.0,0.5980476955393544,10
PEPEUSDT,PREBREAK,1h,res,2026-07-15T10:02:36.92127-03:00,2026-W29,0.24647887323943746,target,1.0,0.9,0.24647887323943746,0.12183098591549377,10
PEPEUSDT,PREBREAK,1h,major,2026-07-15T10:02:36.92127-03:00,2026-W29,0.24647887323943746,target,1.0,1.0,0.24647887323943746,0.24647887323943748,10
ENSOUSDT,BREAKOUT,4h,res,2026-07-15T11:02:41.626594-03:00,2026-W29,0.054495912806539544,target,1.0,1.0,0.054495912806539544,0.05449591280654024,10
ENSOUSDT,BREAKOUT,4h,major,2026-07-15T11:02:41.626594-03:00,2026-W29,0.10899182561307909,target,1.0,1.0,0.10899182561307909,0.10899182561307896,10
SUIUSDT,PREBREAK,1h,res,2026-07-15T11:02:41.626594-03:00,2026-W29,0.03660609229964881,target,1.0,0.9,0.03660609229964881,0.03294548306968341,10
SUIUSDT,PREBREAK,1h,major,2026-07-15T11:02:41.626594-03:00,2026-W29,0.03660609229964881,target,1.0,0.9,0.03660609229964881,0.03294548306968324,10
TNSRUSDT,BREAKOUT,4h,major,2026-07-15T13:02:40.724101-03:00,2026-W29,1.0714285714285716,abierto,0.0,0.5,-0.44642857142857206,0.5279849066630927,10
PUMPUSDT,HOLD,4h,res,2026-07-15T13:02:40.724101-03:00,2026-W29,0.03603603603603561,target,1.0,0.9,0.03603603603603561,-0.06756756756756752,10
PUMPUSDT,HOLD,4h,major,2026-07-15T13:02:40.724101-03:00,2026-W29,0.18618618618618618,target,1.0,0.9,0.18618618618618618,0.06756756756756722,10
ETHFIUSDT,BREAKOUT,4h,res,2026-07-15T13:02:40.724101-03:00,2026-W29,0.11441647597254137,target,1.0,1.0,0.11441647597254137,0.11441647597254079,10
ETHFIUSDT,BREAKOUT,4h,major,2026-07-15T13:02:40.724101-03:00,2026-W29,0.4118993135011444,target,1.0,1.0,0.4118993135011444,0.41189931350114517,10
VIRTUALUSDT,HOLD,4h,res,2026-07-15T17:02:42.276155-03:00,2026-W29,0.007964319847084188,target,1.0,0.9,0.007964319847084188,-0.09283211213762392,10
VIRTUALUSDT,HOLD,4h,major,2026-07-15T17:02:42.276155-03:00,2026-W29,0.32972284166932075,target,1.0,0.7,0.32972284166932075,-0.06919401083147621,10
ORDIUSDT,BREAKOUT,4h,major,2026-07-15T21:02:35.923485-03:00,2026-W29,0.14069264069264076,target,1.0,1.0,0.14069264069264076,0.14069264069264117,10
VIRTUALUSDT,BREAKOUT,4h,major,2026-07-16T09:02:37.234099-03:00,2026-W29,0.17574140906951194,target,1.0,0.8,0.17574140906951194,-0.05940687274439012,10
CFGUSDT,BREAKOUT,4h,major,2026-07-16T13:02:36.473499-03:00,2026-W29,0.43388429752066093,stop,0.0,0.6,-1.0,-0.042382389474580964,10
BCHUSDT,PREBREAK,1h,res,2026-07-17T04:02:37.248256-03:00,2026-W29,,sin_entrada,0.0,0.3,0.0,-0.16393588601958994,10
BCHUSDT,PREBREAK,1h,major,2026-07-17T04:02:37.248256-03:00,2026-W29,,sin_entrada,0.0,0.0,0.0,-0.29438795710253285,10
MUBARAKUSDT,BREAKOUT,4h,res,2026-07-17T06:02:33.727906-03:00,2026-W29,0.3621581670362152,stop,0.0,0.8,-1.0,0.08972653362897223,10
MUBARAKUSDT,BREAKOUT,4h,major,2026-07-17T06:02:33.727906-03:00,2026-W29,0.3621581670362152,stop,0.0,0.8,-1.0,0.08972653362897201,10
HUMAUSDT,BREAKOUT,4h,major,2026-07-17T13:02:41.623002-03:00,2026-W29,1.7357512953367882,abierto,0.0,0.0,-0.7167530224525054,-0.2758216123570504,10
STRKUSDT,BREAKOUT,4h,res,2026-07-18T21:02:36.080125-03:00,2026-W29,0.20477815699658827,target,1.0,0.8,0.20477815699658827,0.13351949529423998,10
STRKUSDT,BREAKOUT,4h,major,2026-07-18T21:02:36.080125-03:00,2026-W29,0.7849829351535852,abierto,0.0,0.3,0.2320819112627981,-0.12926791343590294,10
BANKUSDT,HOLD,4h,res,2026-07-19T01:02:35.736921-03:00,2026-W29,0.7508833922261493,target,1.0,0.9,0.7508833922261493,0.5757950530035346,10
BANKUSDT,HOLD,4h,major,2026-07-19T01:02:35.736921-03:00,2026-W29,0.7508833922261493,target,1.0,1.0,0.7508833922261493,0.7508833922261495,10
PEPEUSDT,BREAKOUT,4h,res,2026-07-19T07:02:36.358495-03:00,2026-W29,0.4982206405693964,target,1.0,1.0,0.4982206405693964,0.4982206405693959,10
PEPEUSDT,BREAKOUT,4h,major,2026-07-19T07:02:36.358495-03:00,2026-W29,0.4982206405693964,target,1.0,0.9,0.4982206405693964,0.46575968762356723,10
SOLVUSDT,BREAKOUT,4h,major,2026-07-19T10:02:40.520549-03:00,2026-W29,0.3971119133574019,target,1.0,0.8,0.3971119133574019,0.11768953068592194,10
PEPEUSDT,HOLD,4h,res,2026-07-19T17:02:40.003943-03:00,2026-W29,0.35087719298245745,target,1.0,1.0,0.35087719298245745,0.35087719298245723,10
PEPEUSDT,HOLD,4h,major,2026-07-19T17:02:40.003943-03:00,2026-W29,0.35087719298245745,target,1.0,0.9,0.35087719298245745,0.3331505847953227,10
PUMPUSDT,BREAKOUT,4h,res,2026-07-19T18:02:37.477471-03:00,2026-W29,0.02810567734682414,target,1.0,1.0,0.02810567734682414,0.028105677346823656,10
PUMPUSDT,BREAKOUT,4h,major,2026-07-19T18:02:37.477471-03:00,2026-W29,0.02810567734682414,target,1.0,1.0,0.02810567734682414,0.02810567734682378,10
XVGUSDT,HOLD,4h,res,2026-07-20T01:02:42.757021-03:00,2026-W30,0.20380434782608675,target,1.0,1.0,0.20380434782608675,0.20380434782608625,10
XVGUSDT,HOLD,4h,major,2026-07-20T01:02:42.757021-03:00,2026-W30,0.20380434782608675,target,1.0,1.0,0.20380434782608675,0.20380434782608642,10
SPKUSDT,BREAKOUT,4h,res,2026-07-20T05:02:41.129962-03:00,2026-W30,0.4951450797796824,abierto,0.0,0.5,-0.3980466753733458,-0.2210788613327556,10
SPKUSDT,BREAKOUT,4h,major,2026-07-20T05:02:41.129962-03:00,2026-W30,0.4951450797796824,abierto,0.0,0.6,-0.3980466753733458,-0.03543098639729401,10
METUSDT,HOLD,4h,res,2026-07-20T05:02:41.129962-03:00,2026-W30,0.2712933753943216,target,1.0,0.9,0.2712933753943216,0.14416403785488902,10
METUSDT,HOLD,4h,major,2026-07-20T05:02:41.129962-03:00,2026-W30,0.8832807570977906,target,1.0,0.8,0.8832807570977906,0.5395657821488209,10
PUMPUSDT,HOLD,4h,res,2026-07-20T06:02:35.177357-03:00,2026-W30,0.05469915464942676,target,1.0,1.0,0.05469915464942676,0.05469915464942683,10
PUMPUSDT,HOLD,4h,major,2026-07-20T06:02:35.177357-03:00,2026-W30,0.05469915464942676,target,1.0,1.0,0.05469915464942676,0.05469915464942693,10
PENDLEUSDT,BREAKOUT,4h,res,2026-07-20T09:02:42.322933-03:00,2026-W30,0.3761755485893421,target,1.0,0.9,0.3761755485893421,0.23855799373040734,10
PENDLEUSDT,BREAKOUT,4h,major,2026-07-20T09:02:42.322933-03:00,2026-W30,0.3761755485893421,target,1.0,0.5,0.3761755485893421,-0.31191222570532917,10
FORMUSDT,BREAKOUT,4h,major,2026-07-20T09:02:42.322933-03:00,2026-W30,0.5076392311483491,abierto,0.0,0.7,-0.27106949236076927,0.2721328127702737,10
JTOUSDT,HOLD,4h,res,2026-07-20T13:02:41.446598-03:00,2026-W30,0.06379846229347315,target,1.0,1.0,0.06379846229347315,0.06379846229347372,10
JTOUSDT,HOLD,4h,major,2026-07-20T13:02:41.446598-03:00,2026-W30,1.277605103876984,abierto,0.0,0.3,-0.248650417143792,-0.3087500789784917,10
PUMPUSDT,HOLD,4h,res,2026-07-20T15:02:33.165408-03:00,2026-W30,0.22200296003946682,target,1.0,1.0,0.22200296003946682,0.22200296003946698,10
PUMPUSDT,HOLD,4h,major,2026-07-20T15:02:33.165408-03:00,2026-W30,0.22200296003946682,target,1.0,0.9,0.22200296003946682,0.09980266403551989,10
LDOUSDT,BREAKOUT,4h,res,2026-07-20T19:02:50.742975-03:00,2026-W30,0.2550617933210634,target,1.0,0.8,0.2550617933210634,0.07598884364617255,10
LDOUSDT,BREAKOUT,4h,major,2026-07-20T19:02:50.742975-03:00,2026-W30,0.2550617933210634,target,1.0,1.0,0.2550617933210634,0.25506179332106316,10
AAVEUSDT,BREAKOUT,4h,major,2026-07-21T01:02:39.05308-03:00,2026-W30,1.0424543588635644,target,1.0,0.1,1.0424543588635644,-0.0796931396106583,10
AAVEUSDT,HOLD,4h,major,2026-07-21T05:02:39.697974-03:00,2026-W30,0.769068689422671,target,1.0,0.5,0.769068689422671,0.050199378461657895,10
FETUSDT,BREAKOUT,4h,res,2026-07-21T05:02:39.697974-03:00,2026-W30,0.10006253908693218,stop,0.0,0.8,-1.0,-0.04793504335732051,10
FETUSDT,BREAKOUT,4h,major,2026-07-21T05:02:39.697974-03:00,2026-W30,0.28767979987492304,stop,0.0,0.5,-1.0,-0.1339792124098987,10
CFGUSDT,BREAKOUT,4h,res,2026-07-21T05:02:39.697974-03:00,2026-W30,0.7018528916339113,target,1.0,0.8,0.7018528916339113,0.3614823133071295,10
CFGUSDT,BREAKOUT,4h,major,2026-07-21T05:02:39.697974-03:00,2026-W30,1.0724312184166191,abierto,0.0,0.3,0.11791128579449639,0.15860016541012606,10
ONDOUSDT,BREAKOUT,4h,major,2026-07-21T05:02:39.697974-03:00,2026-W30,0.10496671786994353,target,1.0,1.0,0.10496671786994353,0.10496671786994323,10
ONDOUSDT,HOLD,4h,major,2026-07-21T06:02:43.180997-03:00,2026-W30,0.10496671786994353,target,1.0,1.0,0.10496671786994353,0.10496671786994323,10
CFGUSDT,HOLD,4h,major,2026-07-21T09:02:40.026866-03:00,2026-W30,0.5680600214362277,abierto,0.0,0.6,-0.30010718113612,0.31228008215422054,10
AAVEUSDT,BREAKOUT,4h,major,2026-07-21T13:02:34.422708-03:00,2026-W30,0.6290943121555573,target,1.0,0.8,0.6290943121555573,0.3032754497244464,10
GIGGLEUSDT,BREAKOUT,4h,major,2026-07-21T13:02:34.422708-03:00,2026-W30,0.4951958610495196,abierto,0.0,0.5,-0.28455284552845517,0.02513048405170439,10
PLUMEUSDT,HOLD,4h,res,2026-07-21T17:02:34.526533-03:00,2026-W30,0.044014084507041994,target,1.0,1.0,0.044014084507041994,0.04401408450704263,10
PLUMEUSDT,HOLD,4h,major,2026-07-21T17:02:34.526533-03:00,2026-W30,0.044014084507041994,target,1.0,1.0,0.044014084507041994,0.044014084507042604,10
ARKMUSDT,HOLD,4h,major,2026-07-21T17:02:34.526533-03:00,2026-W30,0.2928127772848279,stop,0.0,0.0,-1.0,-0.748108459944503,10
OPUSDT,HOLD,4h,major,2026-07-21T17:02:34.526533-03:00,2026-W30,0.9499489274770183,stop,0.0,0.0,-1.0,-0.7362474058844048,10
MORPHOUSDT,BREAKOUT,4h,major,2026-07-21T21:02:35.094019-03:00,2026-W30,0.6708494208494197,stop,0.0,0.4,-1.0,-0.06331899610925909,10
EPICUSDT,HOLD,4h,res,2026-07-21T21:02:35.094019-03:00,2026-W30,0.12844036697247718,target,1.0,1.0,0.12844036697247718,0.1284403669724776,10
EPICUSDT,HOLD,4h,major,2026-07-21T21:02:35.094019-03:00,2026-W30,0.12844036697247718,target,1.0,1.0,0.12844036697247718,0.12844036697247763,10
MORPHOUSDT,HOLD,4h,major,2026-07-21T22:02:29.310728-03:00,2026-W30,0.6708494208494197,stop,0.0,0.4,-1.0,-0.17468355528135807,10
DYDXUSDT,HOLD,4h,res,2026-07-23T05:02:39.723295-03:00,2026-W30,0.07796663028223924,stop,0.0,0.8,-1.0,-0.0551856560083271,10
DYDXUSDT,HOLD,4h,major,2026-07-23T05:02:39.723295-03:00,2026-W30,0.31030718852331063,stop,0.0,0.8,-1.0,0.13800269526309333,10
TRUMPUSDT,BREAKOUT,4h,res,2026-07-23T09:02:37.476517-03:00,2026-W30,0.1457194899817865,stop,0.0,0.8,-1.0,0.04122298573418095,10
TRUMPUSDT,BREAKOUT,4h,major,2026-07-23T09:02:37.476517-03:00,2026-W30,0.3885853066180937,stop,0.0,0.4,-1.0,-0.2214432109854419,10
JTOUSDT,BREAKOUT,4h,major,2026-07-23T13:02:41.277504-03:00,2026-W30,0.6126847290640418,stop,0.0,0.4,-1.0,-0.29204068774248404,10
FFUSDT,PREBREAK,1h,major,2026-07-23T22:02:33.300505-03:00,2026-W30,0.16910195370218636,target,1.0,0.6,0.16910195370218636,-0.07287180646268746,10
BEAMXUSDT,HOLD,4h,major,2026-07-24T12:02:39.123698-03:00,2026-W30,0.7800982800982795,stop,0.0,0.8,-1.0,0.4240786240786244,10
ZROUSDT,BREAKOUT,4h,major,2026-07-24T21:02:44.743919-03:00,2026-W30,0.3508771929824577,target,1.0,0.7,0.3508771929824577,-0.05438596491227989,10
BCHUSDT,PREBREAK,1h,res,2026-07-25T05:02:38.289977-03:00,2026-W30,0.08983451536643185,target,1.0,0.8,0.08983451536643185,-0.024480628681090667,10
BCHUSDT,PREBREAK,1h,major,2026-07-25T05:02:38.289977-03:00,2026-W30,0.4444444444444446,target,1.0,0.5,0.4444444444444446,0.06235981440050329,10
CVXUSDT,BREAKOUT,4h,major,2026-07-25T15:02:39.679992-03:00,2026-W30,0.219198790627365,target,1.0,0.9,0.219198790627365,0.09727891156462751,10
NEIROUSDT,BREAKOUT,4h,major,2026-07-25T17:02:38.980407-03:00,2026-W30,0.2007122045969583,target,1.0,0.9,0.2007122045969583,0.08064098413726205,10
XLMUSDT,PREBREAK,1h,res,2026-07-26T00:02:43.260095-03:00,2026-W30,0.03344481605351115,target,1.0,0.8,0.03344481605351115,0.026755852842808635,10
XLMUSDT,PREBREAK,1h,major,2026-07-26T00:02:43.260095-03:00,2026-W30,0.3121516164994425,abierto,0.0,0.3,-0.30100334448160626,-0.23549394792042017,10
PEPEUSDT,BREAKOUT,4h,res,2026-07-26T01:02:41.817983-03:00,2026-W30,0.03424657534246543,target,1.0,1.0,0.03424657534246543,0.03424657534246475,10
PEPEUSDT,BREAKOUT,4h,major,2026-07-26T01:02:41.817983-03:00,2026-W30,0.20547945205479262,target,1.0,1.0,0.20547945205479262,0.2054794520547934,10
PENGUUSDT,BREAKOUT,4h,res,2026-07-26T01:02:41.817983-03:00,2026-W30,0.05180533751962334,target,1.0,1.0,0.05180533751962334,0.051805337519623774,10
PENGUUSDT,BREAKOUT,4h,major,2026-07-26T01:02:41.817983-03:00,2026-W30,0.15698587127158609,target,1.0,0.9,0.15698587127158609,0.04128728414442824,10
NEARUSDT,PREBREAK,1h,major,2026-07-26T05:02:40.730269-03:00,2026-W30,0.6204986149584509,stop,0.0,0.0,-1.0,-0.17041403884130593,10
TAOUSDT,HOLD,4h,res,2026-07-26T13:02:38.163651-03:00,2026-W30,0.19687026754164733,abierto,0.0,0.8,-0.28773346794548127,0.0977185401619167,10
TAOUSDT,HOLD,4h,major,2026-07-26T13:02:38.163651-03:00,2026-W30,0.23220595658758172,abierto,0.0,0.9,-0.28773346794548127,0.18288094325814036,10
AAVEUSDT,BREAKOUT,4h,res,2026-07-26T13:02:38.163651-03:00,2026-W30,0.12171422726807644,target,1.0,0.9,0.12171422726807644,0.06676947120793611,10
AAVEUSDT,BREAKOUT,4h,major,2026-07-26T13:02:38.163651-03:00,2026-W30,0.12171422726807644,target,1.0,0.7,0.12171422726807644,-0.214800040912346,10
HOLOUSDT,BREAKOUT,4h,major,2026-07-26T13:02:38.163651-03:00,2026-W30,0.5790960451977408,stop,0.0,0.7,-1.0,0.40618702717176747,10
EULUSDT,HOLD,4h,res,2026-07-26T13:02:38.163651-03:00,2026-W30,0.9489633173843703,stop,0.0,0.7,-1.0,0.36427432216905925,10
EULUSDT,HOLD,4h,major,2026-07-26T13:02:38.163651-03:00,2026-W30,0.9489633173843703,stop,0.0,0.7,-1.0,0.36427432216905914,10
PUMPUSDT,HOLD,4h,res,2026-07-27T05:02:36.536447-03:00,2026-W31,0.14756517461879035,target,1.0,0.8,0.14756517461879035,-0.08194786030496708,10
PUMPUSDT,HOLD,4h,major,2026-07-27T05:02:36.536447-03:00,2026-W31,0.3148057058534177,target,1.0,1.0,0.3148057058534177,0.3148057058534182,10
LDOUSDT,BREAKOUT,4h,res,2026-07-27T06:02:34.580712-03:00,2026-W31,0.18258080434246277,stop,0.0,1.0,-1.0,0.18258080434246252,10
LDOUSDT,BREAKOUT,4h,major,2026-07-27T06:02:34.580712-03:00,2026-W31,0.18258080434246277,stop,0.0,0.6,-1.0,-0.2904515173945225,10
PUMPUSDT,HOLD,4h,res,2026-07-27T17:02:35.402674-03:00,2026-W31,0.16447368421052574,target,1.0,1.0,0.16447368421052574,0.16447368421052672,10
PUMPUSDT,HOLD,4h,major,2026-07-27T17:02:35.402674-03:00,2026-W31,0.16447368421052574,target,1.0,1.0,0.16447368421052574,0.1644736842105267,10
SAPIENUSDT,BREAKOUT,4h,major,2026-07-27T18:02:40.228361-03:00,2026-W31,0.38416763678696125,target,1.0,0.7,0.38416763678696125,0.2433506946509465,10
MMTUSDT,BREAKOUT,4h,major,2026-07-28T12:02:46.892548-03:00,2026-W31,0.026288117770767623,target,1.0,1.0,0.026288117770767623,0.026288117770767595,10
COTIUSDT,HOLD,4h,res,2026-07-28T13:02:41.359287-03:00,2026-W31,0.4843304843304847,stop,0.0,1.0,-1.0,0.4843304843304842,10
COTIUSDT,HOLD,4h,major,2026-07-28T13:02:41.359287-03:00,2026-W31,0.4843304843304847,stop,0.0,0.8,-1.0,0.18746438746438732,10
VANAUSDT,HOLD,4h,res,2026-07-29T01:02:40.888277-03:00,2026-W31,0.6554756195043971,stop,0.0,0.3,-1.0,-0.04421232396694563,10
VANAUSDT,HOLD,4h,major,2026-07-29T01:02:40.888277-03:00,2026-W31,0.6554756195043971,stop,0.0,0.6,-1.0,0.17751321076918733,10
JUPUSDT,BREAKOUT,4h,major,2026-07-29T05:02:38.353805-03:00,2026-W31,0.42629686697483343,abierto,0.0,0.3,-0.35439137134052445,-0.15257334641255904,10
GIGGLEUSDT,BREAKOUT,4h,res,2026-07-30T09:02:43.129057-03:00,2026-W31,0.09451108687749833,target,1.0,0.9,0.09451108687749833,-0.01494002181025166,10
GIGGLEUSDT,BREAKOUT,4h,major,2026-07-30T09:02:43.129057-03:00,2026-W31,0.09451108687749833,target,1.0,0.9,0.09451108687749833,-0.014940021810252025,10
GIGGLEUSDT,HOLD,4h,res,2026-07-31T02:02:37.895947-03:00,2026-W31,0.006542361792606995,target,1.0,0.7,0.006542361792606995,-0.2954203467451748,10
GIGGLEUSDT,HOLD,4h,major,2026-07-31T02:02:37.895947-03:00,2026-W31,0.006542361792606995,target,1.0,1.0,0.006542361792606995,0.006542361792607294,10
TSTUSDT,BREAKOUT,4h,major,2026-07-31T08:02:46.277281-03:00,2026-W31,0.21582733812949448,stop,0.0,0.8,-1.0,-0.027338129496403997,10
ORDIUSDT,BREAKOUT,4h,res,2026-07-31T17:02:44.238287-03:00,2026-W31,0.5285118219749636,target,1.0,0.7,0.5285118219749636,0.40599560651648153,10
ORDIUSDT,BREAKOUT,4h,major,2026-07-31T17:02:44.238287-03:00,2026-W31,1.4297635605006942,abierto,0.0,0.5,-0.9457579972183594,0.6962376485547158,10
NEIROUSDT,HOLD,4h,major,2026-07-31T21:02:44.004887-03:00,2026-W31,0.5552926329073975,abierto,0.0,1.0,-0.25240574223063583,0.5552926329073983,10
ORDIUSDT,HOLD,4h,res,2026-07-31T21:02:44.004887-03:00,2026-W31,0.10078997548351933,target,1.0,1.0,0.10078997548351933,0.10078997548351958,10
ORDIUSDT,HOLD,4h,major,2026-07-31T21:02:44.004887-03:00,2026-W31,1.193135385453556,stop,0.0,0.2,-1.0,-0.051342184014620915,10
SHIBUSDT,BREAKOUT,4h,res,2026-08-01T03:02:41.186533-03:00,2026-W31,0.24242424242424207,target,1.0,0.6,0.24242424242424207,-0.1633742797943169,10
SHIBUSDT,BREAKOUT,4h,major,2026-08-01T03:02:41.186533-03:00,2026-W31,1.7777777777777797,abierto,0.0,0.1,-0.5454545454545456,-0.42539112746252006,10
ARBUSDT,BREAKOUT,4h,major,2026-08-02T01:02:36.329541-03:00,2026-W31,1.2995049504950518,abierto,0.0,0.0,-0.34653465346534573,-0.07703957605454126,10
ENAUSDT,BREAKOUT,4h,major,2026-08-02T01:02:36.329541-03:00,2026-W31,1.003541912632822,target,1.0,0.5,1.003541912632822,0.03065984520529972,10
PEPEUSDT,HOLD,4h,major,2026-08-02T05:02:36.18171-03:00,2026-W31,0.5084745762711842,abierto,0.0,0.2,-0.23728813559322104,-0.2569016076057496,10
EDENUSDT,BREAKOUT,4h,major,2026-08-02T14:02:39.865191-03:00,2026-W31,1.2610186092066613,target,1.0,0.9,1.2610186092066613,1.0349167482859951,10
LUNCUSDT,BREAKOUT,4h,major,2026-08-02T18:02:39.061451-03:00,2026-W31,1.1545988258317035,abierto,0.0,0.0,-0.19765166340508733,-0.039006621583209666,10
BICOUSDT,HOLD,4h,major,2026-08-02T19:02:40.807232-03:00,2026-W31,0.5635948210205658,target,1.0,0.8,0.5635948210205658,0.2508758568164525,10
ZKUSDT,BREAKOUT,4h,res,2026-08-02T21:02:40.806283-03:00,2026-W32,0.09852216748768496,target,1.0,0.7,0.09852216748768496,-0.20220885998281996,10
ZKUSDT,BREAKOUT,4h,major,2026-08-02T21:02:40.806283-03:00,2026-W32,1.6502463054187178,abierto,0.0,0.0,-0.08620689655172487,-0.5475062224299385,10
EDENUSDT,HOLD,4h,major,2026-08-02T21:02:40.806283-03:00,2026-W32,0.4784688995215309,stop,0.0,0.8,-1.0,0.18277511961722484,10
MIRAUSDT,PREBREAK,1h,major,2026-08-03T01:02:41.983156-03:00,2026-W32,0.33333333333333276,target,1.0,0.6,0.33333333333333276,-0.20000000000000098,10
PORTALUSDT,HOLD,4h,res,2026-08-03T01:02:41.983156-03:00,2026-W32,1.1359404096834267,target,1.0,0.9,1.1359404096834267,0.9223463687150846,10
PORTALUSDT,HOLD,4h,major,2026-08-03T01:02:41.983156-03:00,2026-W32,1.1359404096834267,target,1.0,0.7,1.1359404096834267,0.668574085821853,10
ZECUSDT,BREAKOUT,4h,major,2026-08-04T13:02:55.016908-03:00,2026-W32,0.2402775827834498,target,1.0,0.7,0.2402775827834498,-0.06825629728391605,10
ZROUSDT,BREAKOUT,4h,major,2026-08-04T15:02:41.899123-03:00,2026-W32,2.371794871794871,abierto,0.0,0.0,1.038461538461537,0.4983702565592861,10
BIOUSDT,HOLD,4h,major,2026-08-05T01:02:37.131139-03:00,2026-W32,0.9558525718914535,target,1.0,0.8,0.9558525718914535,0.6137092948672487,10
PUMPUSDT,HOLD,4h,res,2026-08-05T05:02:42.233253-03:00,2026-W32,0.16699801192842917,target,1.0,1.0,0.16699801192842917,0.16699801192842986,10
PUMPUSDT,HOLD,4h,major,2026-08-05T05:02:42.233253-03:00,2026-W32,0.16699801192842917,target,1.0,1.0,0.16699801192842917,0.16699801192842975,10
MITOUSDT,BREAKOUT,4h,major,2026-08-05T05:02:42.233253-03:00,2026-W32,0.5185185185185189,target,1.0,1.0,0.5185185185185189,0.5185185185185185,10
RESOLVUSDT,HOLD,4h,major,2026-08-05T09:02:46.650295-03:00,2026-W32,0.8454647256438959,target,1.0,0.6,0.8454647256438959,0.2527622771964414,10
RESOLVUSDT,BREAKOUT,4h,major,2026-08-06T05:02:45.519184-03:00,2026-W32,0.47489082969432267,target,1.0,0.5,0.47489082969432267,-0.013223846620821756,10
ZROUSDT,BREAKOUT,4h,major,2026-08-06T09:02:46.693071-03:00,2026-W32,1.7539585870889158,abierto,0.0,0.1,0.0730816077953711,0.47411272474949195,10
USUALUSDT,BREAKOUT,4h,major,2026-08-06T12:02:50.891205-03:00,2026-W32,0.16968325791855113,target,1.0,1.0,0.16968325791855113,0.1696832579185516,10
FRAXUSDT,HOLD,4h,res,2026-08-06T21:02:47.485783-03:00,2026-W32,0.0950269242952171,target,1.0,1.0,0.0950269242952171,0.09502692429521592,10
FRAXUSDT,HOLD,4h,major,2026-08-06T21:02:47.485783-03:00,2026-W32,0.0950269242952171,target,1.0,0.9,0.0950269242952171,-0.014475768134305464,10
BABYUSDT,HOLD,4h,res,2026-08-06T21:02:47.485783-03:00,2026-W32,0.22887323943661958,target,1.0,0.8,0.22887323943661958,-0.01690140845070383,10
BABYUSDT,HOLD,4h,major,2026-08-06T21:02:47.485783-03:00,2026-W32,2.10387323943662,stop,0.0,0.3,-1.0,0.15628512454034627,10
BROCCOLI714USDT,HOLD,4h,res,2026-08-07T21:02:52.852114-03:00,2026-W32,0.19570707070707144,target,1.0,1.0,0.19570707070707144,0.19570707070707155,10
BROCCOLI714USDT,HOLD,4h,major,2026-08-07T21:02:52.852114-03:00,2026-W32,0.19570707070707144,target,1.0,1.0,0.19570707070707144,0.195707070707072,10
CHZUSDT,BREAKOUT,4h,major,2026-08-08T14:02:39.534174-03:00,2026-W32,0.15718562874251502,target,1.0,0.9,0.15718562874251502,0.08250480171732053,10
JTOUSDT,HOLD,4h,res,2026-08-09T01:02:35.714174-03:00,2026-W32,0.2419040187280547,target,1.0,1.0,0.2419040187280547,0.2419040187280539,10
JTOUSDT,HOLD,4h,major,2026-08-09T01:02:35.714174-03:00,2026-W32,0.6964494732735093,target,1.0,1.0,0.6964494732735093,0.6964494732735088,10
FFUSDT,PREBREAK,1h,major,2026-08-09T05:02:37.573907-03:00,2026-W32,0.10864575363427521,target,1.0,0.9,0.10864575363427521,0.09778117827084941,10
BABYUSDT,BREAKOUT,4h,major,2026-08-09T05:02:37.573907-03:00,2026-W32,0.5283307810107195,stop,0.0,0.8,-1.0,0.22266462480857582,10
SOLVUSDT,HOLD,4h,res,2026-08-09T13:02:45.30132-03:00,2026-W32,0.4924242424242439,target,1.0,0.9,0.4924242424242439,0.4136459532029158,10
SOLVUSDT,HOLD,4h,major,2026-08-09T13:02:45.30132-03:00,2026-W32,0.4924242424242439,target,1.0,0.7,0.4924242424242439,0.04469696969697036,10
PYTHUSDT,HOLD,4h,res,2026-08-09T14:02:40.471161-03:00,2026-W32,0.09863785814936356,target,1.0,1.0,0.09863785814936356,0.09863785814936385,10
PYTHUSDT,HOLD,4h,major,2026-08-09T14:02:40.471161-03:00,2026-W32,0.09863785814936356,target,1.0,1.0,0.09863785814936356,0.09863785814936442,10
ALICEUSDT,BREAKOUT,4h,res,2026-08-10T12:02:47.784302-03:00,2026-W33,0.6335204490777862,target,1.0,1.0,0.6335204490777862,0.6335204490777869,10
ALICEUSDT,BREAKOUT,4h,major,2026-08-10T12:02:47.784302-03:00,2026-W33,0.6335204490777862,target,1.0,1.0,0.6335204490777862,0.6335204490777866,10
CFXUSDT,PREBREAK,1h,res,2026-08-11T04:02:42.937679-03:00,2026-W33,0.06355932203389977,target,1.0,1.0,0.06355932203389977,0.06355932203389983,10
CFXUSDT,PREBREAK,1h,major,2026-08-11T04:02:42.937679-03:00,2026-W33,0.11064030131826859,target,1.0,1.0,0.11064030131826859,0.11064030131826967,10
GIGGLEUSDT,BREAKOUT,4h,major,2026-08-11T13:02:40.095545-03:00,2026-W33,3.23458767013611,stop,0.0,0.4,-1.0,1.141681027598223,10
OPENUSDT,BREAKOUT,4h,major,2026-08-12T05:02:37.87795-03:00,2026-W33,0.23787313432835674,target,1.0,0.4,0.23787313432835674,-0.5048507462686571,10
MOVEUSDT,BREAKOUT,4h,res,2026-08-14T13:02:35.568225-03:00,2026-W33,0.14084507042253563,target,1.0,0.9,0.14084507042253563,0.026760563380281564,10
MOVEUSDT,BREAKOUT,4h,major,2026-08-14T13:02:35.568225-03:00,2026-W33,0.9859154929577458,stop,0.0,0.4,-1.0,-0.20563380281690175,10
HEMIUSDT,BREAKOUT,4h,major,2026-08-15T05:02:38.442271-03:00,2026-W33,0.39783001808318236,target,1.0,0.8,0.39783001808318236,0.11826401446654652,10
HUMAUSDT,BREAKOUT,4h,major,2026-08-15T12:02:45.739969-03:00,2026-W33,0.6741573033707869,target,1.0,0.9,0.6741573033707869,0.5067415730337075,10
BOMEUSDT,BREAKOUT,4h,major,2026-08-15T13:02:38.636164-03:00,2026-W33,0.6557377049180337,target,1.0,0.9,0.6557377049180337,0.4901639344262304,10
OPGUSDT,HOLD,4h,major,2026-08-15T15:02:40.144695-03:00,2026-W33,0.287179487179487,target,1.0,1.0,0.287179487179487,0.28717948717948755,10
