symbol,signal,tf,target,ts,week,rb,outcome,hit,hit_dart,r,r_dart,n_darts
BARDUSDT,COILING,4h,res,2026-05-31T13:03:00.007087-03:00,2026-W22,0.6511862695608278,stop,0.0,0.2,-1.0,-0.26294152535938514,10
BARDUSDT,COILING,4h,major,2026-05-31T13:03:00.007087-03:00,2026-W22,1.7667844522968206,stop,0.0,0.0,-1.0,-0.20379531474937843,10
OPENUSDT,BREAKOUT,4h,major,2026-05-31T13:03:00.007087-03:00,2026-W22,2.73252758801892,stop,0.0,0.0,-1.0,-0.5186908379694563,10
CGPTUSDT,BREAKOUT,4h,major,2026-05-31T13:03:00.007087-03:00,2026-W22,0.4547121378804552,stop,0.0,0.5,-1.0,-0.27264393105977225,10
ACEUSDT,COILING,4h,major,2026-05-31T17:02:37.840069-03:00,2026-W22,0.35805626598465423,target,1.0,0.4,0.35805626598465423,-0.15677749360613807,10
LUNCUSDT,BREAKOUT,4h,res,2026-05-31T21:02:33.05449-03:00,2026-W23,0.6960000000000008,stop,0.0,0.8,-1.0,0.4661079055189285,10
LUNCUSDT,BREAKOUT,4h,major,2026-05-31T21:02:33.05449-03:00,2026-W23,0.6960000000000008,stop,0.0,0.7,-1.0,0.28761140976412597,10
RONINUSDT,BREAKOUT,4h,res,2026-05-31T22:02:38.144746-03:00,2026-W23,0.8737864077669903,target,1.0,0.5,0.8737864077669903,-0.06310679611650498,10
RONINUSDT,BREAKOUT,4h,major,2026-05-31T22:02:38.144746-03:00,2026-W23,2.827669902912622,stop,0.0,0.0,-1.0,-0.5538451625106525,10
DUSDT,COILING,4h,res,2026-06-01T01:02:41.470636-03:00,2026-W23,0.15833333333333272,target,1.0,0.7,0.15833333333333272,0.11083333333333285,10
DUSDT,COILING,4h,major,2026-06-01T01:02:41.470636-03:00,2026-W23,1.6250000000000022,stop,0.0,0.1,-1.0,-0.43749999999999967,10
DUSDT,COILING,4h,res,2026-06-01T02:02:34.308175-03:00,2026-W23,0.15833333333333272,target,1.0,0.7,0.15833333333333272,0.11083333333333263,10
DUSDT,COILING,4h,major,2026-06-01T02:02:34.308175-03:00,2026-W23,1.6250000000000022,stop,0.0,0.1,-1.0,-0.4375,10
DUSDT,COILING,4h,res,2026-06-01T06:02:41.22038-03:00,2026-W23,0.1583333333333356,stop,0.0,0.9,-1.0,0.042500000000000836,10
DUSDT,COILING,4h,major,2026-06-01T06:02:41.22038-03:00,2026-W23,1.6250000000000022,stop,0.0,0.1,-1.0,-0.6046876382503841,10
DUSDT,COILING,4h,major,2026-06-01T11:02:44.080506-03:00,2026-W23,,sin_entrada,0.0,0.2,0.0,-0.22576915861398295,10
HEMIUSDT,PREBREAK,1h,res,2026-06-01T13:02:39.009703-03:00,2026-W23,0.09358288770053565,stop,0.0,0.6,-1.0,-0.14385026737967851,10
HEMIUSDT,PREBREAK,1h,major,2026-06-01T13:02:39.009703-03:00,2026-W23,0.4411764705882373,stop,0.0,0.4,-1.0,-0.3235294117647052,10
SEIUSDT,BREAKOUT,4h,res,2026-06-01T17:02:41.344565-03:00,2026-W23,0.03941996339574863,target,1.0,0.9,0.03941996339574863,-0.06452203294382655,10
SEIUSDT,BREAKOUT,4h,major,2026-06-01T17:02:41.344565-03:00,2026-W23,0.305504716317048,stop,0.0,1.0,-1.0,0.30550471631704895,10
YBUSDT,COILING,4h,res,2026-06-01T17:02:41.344565-03:00,2026-W23,0.6001846722068351,stop,0.0,0.5,-1.0,9.233610341707887e-05,10
YBUSDT,COILING,4h,major,2026-06-01T17:02:41.344565-03:00,2026-W23,2.668513388734998,stop,0.0,0.4,-1.0,0.567405355493999,10
OPUSDT,BREAKOUT,4h,major,2026-06-01T17:02:41.344565-03:00,2026-W23,0.9615384615384631,stop,0.0,0.1,-1.0,-0.4039408439412421,10
NEARUSDT,BREAKOUT,4h,res,2026-06-01T18:02:38.038254-03:00,2026-W23,0.06883365200764743,target,1.0,1.0,0.06883365200764743,0.06883365200764698,10
NEARUSDT,BREAKOUT,4h,major,2026-06-01T18:02:38.038254-03:00,2026-W23,1.3881453154875725,target,1.0,0.3,1.3881453154875725,-0.28355640535372817,10
YBUSDT,COILING,4h,res,2026-06-01T18:02:38.038254-03:00,2026-W23,0.6001846722068351,stop,0.0,0.7,-1.0,0.2201292705447837,10
YBUSDT,COILING,4h,major,2026-06-01T18:02:38.038254-03:00,2026-W23,2.668513388734998,stop,0.0,0.1,-1.0,-0.5317011479541304,10
APEUSDT,RIDING,4h,res,2026-06-01T21:02:45.056617-03:00,2026-W23,0.1829268292682914,target,1.0,0.9,0.1829268292682914,0.06463414634146164,10
APEUSDT,RIDING,4h,major,2026-06-01T21:02:45.056617-03:00,2026-W23,0.1829268292682914,target,1.0,0.8,0.1829268292682914,-0.053658536585367324,10
ORDIUSDT,BREAKOUT,4h,major,2026-06-01T21:02:45.056617-03:00,2026-W23,0.7069952701020659,stop,0.0,0.5,-1.0,-0.14650236494896676,10
NEARUSDT,HOLD,4h,major,2026-06-02T01:02:36.842159-03:00,2026-W23,0.8924652523774694,stop,0.0,0.7,-1.0,0.324725676664229,10
APEUSDT,RIDING,4h,res,2026-06-02T04:02:37.221582-03:00,2026-W23,0.41355932203389834,target,1.0,0.7,0.41355932203389834,0.04336993213232442,10
APEUSDT,RIDING,4h,major,2026-06-02T04:02:37.221582-03:00,2026-W23,0.41355932203389834,target,1.0,0.9,0.41355932203389834,0.3100525518416817,10
WLFIUSDT,PREBREAK,1h,res,2026-06-02T12:02:45.38517-03:00,2026-W23,0.16666666666666685,target,1.0,0.8,0.16666666666666685,0.03333333333333326,10
WLFIUSDT,PREBREAK,1h,major,2026-06-02T12:02:45.38517-03:00,2026-W23,0.16666666666666685,target,1.0,0.8,0.16666666666666685,0.1333333333333332,10
DEXEUSDT,PREBREAK,1h,res,2026-06-02T20:02:36.121111-03:00,2026-W23,0.3604436229205181,target,1.0,0.6,0.3604436229205181,-0.18373382624768914,10
DEXEUSDT,PREBREAK,1h,major,2026-06-02T20:02:36.121111-03:00,2026-W23,0.704577579645539,target,1.0,0.8,0.704577579645539,0.3636620637164315,10
ENAUSDT,BREAKOUT,4h,major,2026-06-03T05:02:38.960469-03:00,2026-W23,0.14619883040935697,target,1.0,0.7,0.14619883040935697,-0.19766081871345037,10
NEARUSDT,HOLD,4h,major,2026-06-03T09:02:40.943312-03:00,2026-W23,0.09149440867502583,target,1.0,0.9,0.09149440867502583,-0.017655032192476716,10
ZECUSDT,RIDING,4h,res,2026-06-03T21:02:34.053751-03:00,2026-W23,0.3862764688819403,stop,0.0,0.4,-1.0,-0.4454894124472236,10
ZECUSDT,RIDING,4h,major,2026-06-03T21:02:34.053751-03:00,2026-W23,1.0710026750894392,stop,0.0,0.4,-1.0,-0.035826449956202655,10
METUSDT,COILING,4h,major,2026-06-04T00:02:42.082282-03:00,2026-W23,,sin_entrada,0.0,0.5,0.0,-0.29392831016825066,10
ZBTUSDT,PREBREAK,1h,res,2026-06-04T00:02:42.082282-03:00,2026-W23,0.03233629749393561,target,1.0,1.0,0.03233629749393561,0.03233629749393575,10
ZBTUSDT,PREBREAK,1h,major,2026-06-04T00:02:42.082282-03:00,2026-W23,0.4122877930476942,target,1.0,0.3,0.4122877930476942,-0.3763136620856917,10
FORMUSDT,COILING,4h,res,2026-06-04T05:02:47.646199-03:00,2026-W23,0.29669075694180186,target,1.0,0.7,0.29669075694180186,-0.09231647014073825,10
FORMUSDT,COILING,4h,major,2026-06-04T05:02:47.646199-03:00,2026-W23,0.29669075694180186,target,1.0,0.6,0.29669075694180186,-0.021985545834918484,10
OPNUSDT,RIDING,4h,res,2026-06-05T05:02:36.519824-03:00,2026-W23,0.23180940115904847,stop,0.0,0.7,-1.0,-0.1377334191886657,10
OPNUSDT,RIDING,4h,major,2026-06-05T05:02:36.519824-03:00,2026-W23,0.23180940115904847,stop,0.0,0.9,-1.0,0.10862846104314405,10
ALLOUSDT,HOLD,4h,major,2026-06-06T05:02:36.774516-03:00,2026-W23,4.187697160883283,target,1.0,0.4,4.187697160883283,1.502070920622344,10
LDOUSDT,PREBREAK,1h,major,2026-06-06T23:02:43.889068-03:00,2026-W23,0.9257142857142833,abierto,0.0,0.2,0.02666666666666595,-0.18400281376316333,10
OGUSDT,BREAKOUT,4h,major,2026-06-07T13:02:33.685436-03:00,2026-W23,0.23454157782516083,target,1.0,0.5,0.23454157782516083,-0.31683204845338536,10
ALLOUSDT,RIDING,4h,res,2026-06-08T05:02:40.41818-03:00,2026-W24,0.2238648363252387,target,1.0,1.0,0.2238648363252387,0.22386483632523801,10
ALLOUSDT,RIDING,4h,major,2026-06-08T05:02:40.41818-03:00,2026-W24,0.2238648363252387,target,1.0,0.9,0.2238648363252387,0.10147835269271444,10
APEUSDT,COILING,4h,res,2026-06-08T09:02:50.820145-03:00,2026-W24,1.0956790123456825,stop,0.0,0.3,-1.0,0.003357640883474322,10
APEUSDT,COILING,4h,major,2026-06-08T09:02:50.820145-03:00,2026-W24,2.2067901234567913,stop,0.0,0.0,-1.0,-0.28264676668522604,10
IMXUSDT,BREAKOUT,4h,res,2026-06-08T10:02:44.271523-03:00,2026-W24,0.31402651779483415,target,1.0,0.3,0.31402651779483415,-0.6057920446615498,10
IMXUSDT,BREAKOUT,4h,major,2026-06-08T10:02:44.271523-03:00,2026-W24,1.7655268667131871,abierto,0.0,0.0,0.6071179344033495,-0.9397154712507408,10
APEUSDT,COILING,4h,res,2026-06-08T14:02:48.20566-03:00,2026-W24,1.0956790123456805,stop,0.0,0.3,-1.0,0.22938146588343641,10
APEUSDT,COILING,4h,major,2026-06-08T14:02:48.20566-03:00,2026-W24,2.2067901234567913,stop,0.0,0.0,-1.0,-0.36416723132505757,10
AMPUSDT,COILING,4h,res,2026-06-08T17:02:42.435819-03:00,2026-W24,2.9821428571428608,stop,0.0,0.0,-1.0,-0.6,10
AMPUSDT,COILING,4h,major,2026-06-08T17:02:42.435819-03:00,2026-W24,5.803571428571435,stop,0.0,0.0,-1.0,-0.48202323991797674,10
ZBTUSDT,HOLD,4h,res,2026-06-08T17:02:42.435819-03:00,2026-W24,0.3662182361733921,target,1.0,0.9,0.3662182361733921,0.229596412556053,10
ZBTUSDT,HOLD,4h,major,2026-06-08T17:02:42.435819-03:00,2026-W24,0.3662182361733921,target,1.0,0.5,0.3662182361733921,-0.3168908819133039,10
BROCCOLI714USDT,HOLD,4h,major,2026-06-08T17:02:42.435819-03:00,2026-W24,1.8648018648018658,abierto,0.0,0.0,0.37296037296037365,-0.6439433403845192,10
BATUSDT,HOLD,4h,res,2026-06-08T19:02:45.060887-03:00,2026-W24,1.3144058885383811,abierto,0.0,0.1,-0.29442691903259877,-0.25537840626124353,10
BATUSDT,HOLD,4h,major,2026-06-08T19:02:45.060887-03:00,2026-W24,3.333333333333331,abierto,0.0,0.0,-0.29442691903259877,0.28319314715116173,10
CAKEUSDT,HOLD,4h,res,2026-06-09T01:02:40.563329-03:00,2026-W24,0.09097801364670388,target,1.0,0.9,0.09097801364670388,0.03874577662423269,10
CAKEUSDT,HOLD,4h,major,2026-06-09T01:02:40.563329-03:00,2026-W24,1.8650492797573932,abierto,0.0,0.0,0.5913570887035635,-0.3644160842437315,10
OPENUSDT,RIDING,4h,major,2026-06-09T05:02:37.18654-03:00,2026-W24,0.5179654689687353,target,1.0,0.5,0.5179654689687353,-0.24101726551563224,10
RUNEUSDT,HOLD,4h,major,2026-06-09T10:02:44.241438-03:00,2026-W24,1.328125,abierto,0.0,0.0,0.5208333333333348,-0.2384008499675236,10
SENTUSDT,HOLD,4h,major,2026-06-09T13:02:43.652458-03:00,2026-W24,0.09708737864077614,target,1.0,0.7,0.09708737864077614,-0.23203883495145644,10
CGPTUSDT,BREAKOUT,4h,major,2026-06-09T17:02:43.971516-03:00,2026-W24,2.7634011090573036,abierto,0.0,0.0,-0.15711645101663563,-0.40669851484694275,10
TREEUSDT,COILING,4h,res,2026-06-10T13:02:41.465337-03:00,2026-W24,0.1973684210526326,target,1.0,0.2,0.1973684210526326,-0.1605263157894733,10
TREEUSDT,COILING,4h,major,2026-06-10T13:02:41.465337-03:00,2026-W24,3.9254385964912264,abierto,0.0,0.0,0.37280701754385914,-0.47869134042001543,10
MORPHOUSDT,BREAKOUT,4h,major,2026-06-10T13:02:41.465337-03:00,2026-W24,0.3126480341070574,stop,0.0,0.6,-1.0,-0.21241117953576566,10
NOTUSDT,BREAKOUT,4h,major,2026-06-10T16:02:36.724994-03:00,2026-W24,2.6315789473684217,target,1.0,0.0,2.6315789473684217,-0.6753095674385031,10
TREEUSDT,COILING,4h,res,2026-06-10T17:02:44.814534-03:00,2026-W24,0.02155172413793166,target,1.0,0.2,0.02155172413793166,0.00431034482758636,10
TREEUSDT,COILING,4h,major,2026-06-10T17:02:44.814534-03:00,2026-W24,3.685344827586209,abierto,0.0,0.0,0.04310344827586299,-0.2,10
TREEUSDT,COILING,4h,major,2026-06-10T23:02:38.753034-03:00,2026-W24,3.481953290870487,abierto,0.0,0.0,-0.02123142250531007,-0.019015295922637176,10
WBETHUSDT,PREBREAK,1h,major,2026-06-11T01:02:37.095304-03:00,2026-W24,0.26612379450178075,target,1.0,0.4,0.26612379450178075,-0.11801000936380932,10
TREEUSDT,COILING,4h,major,2026-06-11T04:02:38.611244-03:00,2026-W24,3.481953290870489,abierto,0.0,0.0,-0.23354564755838747,-0.1542262007230161,10
ZKUSDT,BREAKOUT,4h,major,2026-06-11T05:02:40.253229-03:00,2026-W24,2.901824500434409,abierto,0.0,0.0,0.3214596003475245,-0.7223427130547779,10
GPSUSDT,COILING,4h,res,2026-06-11T09:02:47.180838-03:00,2026-W24,0.8490566037735847,target,1.0,0.6,0.8490566037735847,0.40707736242327364,10
GPSUSDT,COILING,4h,major,2026-06-11T09:02:47.180838-03:00,2026-W24,3.0862533692722383,target,1.0,0.1,3.0862533692722383,0.6744157445098427,10
TREEUSDT,COILING,4h,major,2026-06-11T09:02:47.180838-03:00,2026-W24,3.397027600849256,abierto,0.0,0.0,-0.42462845010615924,-0.17989476599279988,10
PROMUSDT,HOLD,4h,major,2026-06-11T09:02:47.180838-03:00,2026-W24,0.7341092211280227,target,1.0,0.5,0.7341092211280227,0.021412576530580974,10
EPICUSDT,HOLD,4h,res,2026-06-11T13:02:44.525577-03:00,2026-W24,2.2985074626865676,stop,0.0,0.5,-1.0,0.8584915087679346,10
EPICUSDT,HOLD,4h,major,2026-06-11T13:02:44.525577-03:00,2026-W24,2.2985074626865676,stop,0.0,0.5,-1.0,0.6492537313432829,10
LDOUSDT,COILING,4h,res,2026-06-11T13:02:44.525577-03:00,2026-W24,,sin_entrada,0.0,0.4,0.0,-0.17816513761467928,10
LDOUSDT,COILING,4h,major,2026-06-11T13:02:44.525577-03:00,2026-W24,,sin_entrada,0.0,0.0,0.0,-0.2,10
AXSUSDT,COILING,4h,res,2026-06-11T13:02:44.525577-03:00,2026-W24,0.08298755186721996,target,1.0,0.4,0.08298755186721996,-0.06680497925311216,10
AXSUSDT,COILING,4h,major,2026-06-11T13:02:44.525577-03:00,2026-W24,2.572614107883815,abierto,0.0,0.1,-0.269709543568466,0.14775360606366988,10
TRUMPUSDT,COILING,4h,major,2026-06-11T13:02:44.525577-03:00,2026-W24,2.256203115983842,target,1.0,0.0,2.256203115983842,-0.691536434759292,10
SKYUSDT,COILING,4h,major,2026-06-11T14:02:47.808311-03:00,2026-W24,,sin_entrada,0.0,0.0,0.0,-0.4,10
AXSUSDT,COILING,4h,res,2026-06-11T14:02:47.808311-03:00,2026-W24,0.08298755186721996,target,1.0,0.5,0.08298755186721996,0.041493775933609825,10
AXSUSDT,COILING,4h,major,2026-06-11T14:02:47.808311-03:00,2026-W24,2.572614107883815,abierto,0.0,0.0,-0.36307053941908696,-0.4,10
ENSOUSDT,COILING,4h,res,2026-06-11T14:02:47.808311-03:00,2026-W24,0.22617124394184204,target,1.0,0.4,0.22617124394184204,0.09046849757673665,10
ENSOUSDT,COILING,4h,major,2026-06-11T14:02:47.808311-03:00,2026-W24,1.6801292407108248,abierto,0.0,0.0,-0.4523424878836835,-0.07719072178083079,10
BOMEUSDT,COILING,4h,major,2026-06-11T16:02:44.569373-03:00,2026-W24,1.9457013574660644,abierto,0.0,0.0,-0.04524886877828038,-0.07904380892362588,10
ZAMAUSDT,HOLD,4h,major,2026-06-11T17:02:42.661579-03:00,2026-W24,1.1903304773561805,target,1.0,0.4,1.1903304773561805,0.009359028003175429,10
SKYUSDT,COILING,4h,res,2026-06-11T19:02:37.642996-03:00,2026-W24,,sin_entrada,0.0,0.7,0.0,-0.16298636815022016,10
SKYUSDT,COILING,4h,major,2026-06-11T19:02:37.642996-03:00,2026-W24,,sin_entrada,0.0,0.0,0.0,-0.2974759428141298,10
AXSUSDT,COILING,4h,res,2026-06-11T19:02:37.642996-03:00,2026-W24,0.2423603793466833,target,1.0,0.7,0.2423603793466833,-0.03034773445732253,10
AXSUSDT,COILING,4h,major,2026-06-11T19:02:37.642996-03:00,2026-W24,2.7713382507903073,abierto,0.0,0.0,0.06322444678609207,-0.32695852771747524,10
XPLUSDT,BREAKOUT,4h,major,2026-06-11T21:02:52.897275-03:00,2026-W24,3.584656084656086,target,1.0,0.0,3.584656084656086,-0.025102915868725574,10
PYTHUSDT,HOLD,4h,major,2026-06-11T21:02:52.897275-03:00,2026-W24,1.233595800524933,abierto,0.0,0.3,-0.5249343832021003,-0.32992125984251974,10
AUSDT,HOLD,4h,major,2026-06-11T21:02:52.897275-03:00,2026-W24,0.616438356164384,abierto,0.0,0.1,-0.6164383561643827,-0.6901649565303819,10
FOGOUSDT,HOLD,4h,major,2026-06-11T21:02:52.897275-03:00,2026-W24,2.0176848874598066,abierto,0.0,0.1,0.3536977491961424,-0.5947281954342748,10
BANKUSDT,RIDING,4h,res,2026-06-11T21:02:52.897275-03:00,2026-W24,0.042283298097252814,stop,0.0,1.0,-1.0,0.042283298097252106,10
BANKUSDT,RIDING,4h,major,2026-06-11T21:02:52.897275-03:00,2026-W24,0.042283298097252814,stop,0.0,1.0,-1.0,0.042283298097252155,10
BANKUSDT,RIDING,4h,res,2026-06-11T22:02:51.876406-03:00,2026-W24,0.042283298097252814,stop,0.0,0.9,-1.0,-0.06194503171247336,10
BANKUSDT,RIDING,4h,major,2026-06-11T22:02:51.876406-03:00,2026-W24,0.042283298097252814,stop,0.0,1.0,-1.0,0.042283298097251995,10
LDOUSDT,COILING,4h,res,2026-06-11T22:02:51.876406-03:00,2026-W24,0.4776119402985068,target,1.0,0.3,0.4776119402985068,-0.3755233158218236,10
LDOUSDT,COILING,4h,major,2026-06-11T22:02:51.876406-03:00,2026-W24,2.500000000000003,abierto,0.0,0.1,0.43283582089552297,-0.4050535071915351,10
SKYUSDT,COILING,4h,res,2026-06-12T00:02:42.535465-03:00,2026-W24,,sin_entrada,0.0,0.1,0.0,0.01950966850828744,10
SKYUSDT,COILING,4h,major,2026-06-12T00:02:42.535465-03:00,2026-W24,,sin_entrada,0.0,0.1,0.0,0.19968307130059687,10
TRUMPUSDT,HOLD,4h,res,2026-06-12T01:02:44.632957-03:00,2026-W24,0.005691519635744645,target,1.0,1.0,0.005691519635744645,0.0056915196357442245,10
TRUMPUSDT,HOLD,4h,major,2026-06-12T01:02:44.632957-03:00,2026-W24,1.8440523619806495,target,1.0,0.0,1.8440523619806495,-0.4323520899371952,10
ENSOUSDT,BREAKOUT,4h,major,2026-06-12T03:02:46.169637-03:00,2026-W24,0.7518796992481193,stop,0.0,0.5,-1.0,-0.12406015037594025,10
MOVRUSDT,HOLD,4h,major,2026-06-12T03:02:46.169637-03:00,2026-W24,2.7686567164179126,abierto,0.0,0.2,-0.5000000000000016,0.17824309435938485,10
NIGHTUSDT,PREBREAK,1h,res,2026-06-12T07:02:40.185451-03:00,2026-W24,0.31435349940687973,target,1.0,0.9,0.31435349940687973,0.182918149466192,10
NIGHTUSDT,PREBREAK,1h,major,2026-06-12T07:02:40.185451-03:00,2026-W24,0.31435349940687973,target,1.0,0.8,0.31435349940687973,0.07861554449551619,10
GIGGLEUSDT,COILING,4h,res,2026-06-12T09:02:35.508253-03:00,2026-W24,0.8411867364746963,abierto,0.0,0.3,-0.6596858638743441,-0.04764397905759158,10
GIGGLEUSDT,COILING,4h,major,2026-06-12T09:02:35.508253-03:00,2026-W24,1.071553228621292,abierto,0.0,0.2,-0.6596858638743441,0.11431064572425828,10
SEIUSDT,HOLD,4h,major,2026-06-12T09:02:35.508253-03:00,2026-W24,3.559548843433379,abierto,0.0,0.0,0.3039571783597794,-0.40295941660108864,10
ETHFIUSDT,COILING,4h,major,2026-06-12T13:02:44.306245-03:00,2026-W24,2.197452229299368,target,1.0,0.0,2.197452229299368,-0.45236249140926343,10
CAKEUSDT,PREBREAK,1h,res,2026-06-12T13:02:44.306245-03:00,2026-W24,0.014914243102162592,target,1.0,0.9,0.014914243102162592,0.013422818791945868,10
CAKEUSDT,PREBREAK,1h,major,2026-06-12T13:02:44.306245-03:00,2026-W24,0.014914243102162592,target,1.0,0.8,0.014914243102162592,0.011931394481729873,10
BCHUSDT,PREBREAK,1h,res,2026-06-12T13:02:44.306245-03:00,2026-W24,0.14016433059449177,target,1.0,0.5,0.14016433059449177,-0.029917834702754175,10
BCHUSDT,PREBREAK,1h,major,2026-06-12T13:02:44.306245-03:00,2026-W24,0.14016433059449177,target,1.0,0.7,0.14016433059449177,-0.0018849685838556647,10
WBETHUSDT,PREBREAK,1h,res,2026-06-12T14:02:38.35067-03:00,2026-W24,0.04175985651464576,target,1.0,0.6,0.04175985651464576,-0.023745573732034363,10
WBETHUSDT,PREBREAK,1h,major,2026-06-12T14:02:38.35067-03:00,2026-W24,0.04175985651464576,target,1.0,0.8,0.04175985651464576,0.0334078852117171,10
BCHUSDT,COILING,4h,res,2026-06-12T15:02:40.463233-03:00,2026-W24,,sin_entrada,0.0,0.2,0.0,-0.13040991420400433,10
BCHUSDT,COILING,4h,major,2026-06-12T15:02:40.463233-03:00,2026-W24,,sin_entrada,0.0,0.0,0.0,-0.5,10
ETHFIUSDT,COILING,4h,major,2026-06-12T18:02:41.388123-03:00,2026-W24,2.1974522292993646,target,1.0,0.3,2.1974522292993646,0.45515781052372456,10
BCHUSDT,COILING,4h,res,2026-06-12T20:02:35.185585-03:00,2026-W24,0.21448999046711165,target,1.0,0.4,0.21448999046711165,-0.3142040038131553,10
BCHUSDT,COILING,4h,major,2026-06-12T20:02:35.185585-03:00,2026-W24,3.7321258341277432,abierto,0.0,0.0,-0.5338417540514784,0.36082407129121735,10
PNUTUSDT,COILING,4h,major,2026-06-13T01:02:37.758297-03:00,2026-W24,1.9953596287703017,abierto,0.0,0.0,0.278422273781902,-0.5644585542505159,10
DOTUSDT,BREAKOUT,4h,major,2026-06-13T05:02:39.888958-03:00,2026-W24,1.4098690835850967,abierto,0.0,0.0,-0.27190332326283984,-0.40197081069689117,10
ESPUSDT,RIDING,4h,res,2026-06-13T09:02:41.926245-03:00,2026-W24,0.009139574356967555,target,1.0,1.0,0.009139574356967555,0.009139574356966652,10
ESPUSDT,RIDING,4h,major,2026-06-13T09:02:41.926245-03:00,2026-W24,0.009139574356967555,target,1.0,1.0,0.009139574356967555,0.009139574356966631,10
ZENUSDT,PREBREAK,1h,major,2026-06-13T13:02:43.620887-03:00,2026-W24,0.04538234626730104,target,1.0,0.7,0.04538234626730104,-0.010257212064649003,10
PENGUUSDT,PREBREAK,1h,res,2026-06-13T13:02:43.620887-03:00,2026-W24,0.0873871249635902,target,1.0,1.0,0.0873871249635902,0.08738712496358883,10
PENGUUSDT,PREBREAK,1h,major,2026-06-13T13:02:43.620887-03:00,2026-W24,0.0873871249635902,target,1.0,0.9,0.0873871249635902,-0.021351587532769483,10
LTCUSDT,HOLD,4h,major,2026-06-13T13:02:43.620887-03:00,2026-W24,1.0190649114843386,abierto,0.0,0.0,0.059010440308668866,-0.2979960302845618,10
ICPUSDT,BREAKOUT,4h,major,2026-06-13T14:02:46.874279-03:00,2026-W24,2.622239747634069,stop,0.0,0.0,-1.0,-0.2559615264235815,10
ETHUSDT,PREBREAK,1h,res,2026-06-13T14:02:46.874279-03:00,2026-W24,0.043355090065743715,target,1.0,0.6,0.043355090065743715,-0.2739869459605534,10
ETHUSDT,PREBREAK,1h,major,2026-06-13T14:02:46.874279-03:00,2026-W24,0.05832150471857489,target,1.0,0.9,0.05832150471857489,0.05248935424671778,10
BERAUSDT,PREBREAK,1h,res,2026-06-13T14:02:46.874279-03:00,2026-W24,0.15384615384615402,target,1.0,0.9,0.15384615384615402,0.03846153846153986,10
BERAUSDT,PREBREAK,1h,major,2026-06-13T14:02:46.874279-03:00,2026-W24,0.15384615384615402,target,1.0,0.7,0.15384615384615402,0.007692307692308881,10
ESPUSDT,RIDING,4h,res,2026-06-13T16:02:42.898967-03:00,2026-W24,0.09348255431204765,target,1.0,0.6,0.09348255431204765,-0.34391046741277165,10
ESPUSDT,RIDING,4h,major,2026-06-13T16:02:42.898967-03:00,2026-W24,0.09348255431204765,target,1.0,0.9,0.09348255431204765,-0.015865701119157173,10
LDOUSDT,PREBREAK,1h,major,2026-06-13T23:02:40.902685-03:00,2026-W24,0.19475655430711544,target,1.0,0.8,0.19475655430711544,0.055805243445692085,10
WLFIUSDT,PREBREAK,1h,res,2026-06-14T00:02:44.797976-03:00,2026-W24,0.11744966442953007,target,1.0,0.8,0.11744966442953007,-0.011152650781496423,10
WLFIUSDT,PREBREAK,1h,major,2026-06-14T00:02:44.797976-03:00,2026-W24,0.45302013422818926,target,1.0,0.3,0.45302013422818926,-0.21451945367323133,10
ETHFIUSDT,PREBREAK,1h,res,2026-06-14T00:02:44.797976-03:00,2026-W24,0.031055900621118033,target,1.0,0.9,0.031055900621118033,0.027950310559007298,10
ETHFIUSDT,PREBREAK,1h,major,2026-06-14T00:02:44.797976-03:00,2026-W24,0.0931677018633541,target,1.0,0.7,0.0931677018633541,-0.13478260869565103,10
LDOUSDT,COILING,4h,major,2026-06-14T01:02:38.147517-03:00,2026-W24,1.2417340191036004,abierto,0.0,0.2,0.12123438648053098,-0.15034079921262422,10
PYTHUSDT,RIDING,4h,res,2026-06-14T05:02:31.29386-03:00,2026-W24,0.3333333333333339,target,1.0,1.0,0.3333333333333339,0.3333333333333344,10
PYTHUSDT,RIDING,4h,major,2026-06-14T05:02:31.29386-03:00,2026-W24,0.3333333333333339,target,1.0,0.7,0.3333333333333339,-0.06666666666666592,10
LDOUSDT,COILING,4h,major,2026-06-14T06:02:41.34245-03:00,2026-W24,0.9955914768552542,target,1.0,0.1,0.9955914768552542,-0.005725817388365029,10
GIGGLEUSDT,COILING,4h,major,2026-06-14T09:02:42.495736-03:00,2026-W24,0.7548476454293646,abierto,0.0,0.7,-0.7444598337950126,0.4393415379246394,10
OPENUSDT,RIDING,4h,res,2026-06-14T09:02:42.495736-03:00,2026-W24,0.047543581616480965,target,1.0,0.8,0.047543581616480965,-0.16196513470681564,10
OPENUSDT,RIDING,4h,major,2026-06-14T09:02:42.495736-03:00,2026-W24,0.047543581616480965,target,1.0,0.8,0.047543581616480965,-0.16196513470681556,10
MIRAUSDT,BREAKOUT,4h,major,2026-06-14T09:02:42.495736-03:00,2026-W24,1.7606837606837598,stop,0.0,0.4,-1.0,0.10427350427350421,10
ESPUSDT,PREBREAK,1h,res,2026-06-14T10:02:41.883927-03:00,2026-W24,0.5166351095482812,target,1.0,0.6,0.5166351095482812,0.10998106572896824,10
ESPUSDT,PREBREAK,1h,major,2026-06-14T10:02:41.883927-03:00,2026-W24,0.5166351095482812,target,1.0,0.6,0.5166351095482812,0.20998106572896785,10
PYTHUSDT,RIDING,4h,res,2026-06-14T11:02:39.659902-03:00,2026-W24,0.3333333333333339,target,1.0,0.7,0.3333333333333339,-0.06666666666666622,10
PYTHUSDT,RIDING,4h,major,2026-06-14T11:02:39.659902-03:00,2026-W24,0.3333333333333339,target,1.0,0.9,0.3333333333333339,0.20000000000000084,10
WBTCUSDT,PREBREAK,1h,res,2026-06-14T12:02:41.232829-03:00,2026-W24,0.021089882273695792,target,1.0,0.3,0.021089882273695792,0.0063269646821089015,10
WBTCUSDT,PREBREAK,1h,major,2026-06-14T12:02:41.232829-03:00,2026-W24,0.021089882273695792,target,1.0,0.4,0.021089882273695792,-0.09156404709052135,10
MEMEUSDT,HOLD,4h,major,2026-06-14T13:02:44.425532-03:00,2026-W24,0.6944444444444452,stop,0.0,0.7,-1.0,0.18611111111111095,10
LAUSDT,COILING,4h,major,2026-06-14T13:02:44.425532-03:00,2026-W24,5.2284263959390875,stop,0.0,0.0,-1.0,-0.488109692911876,10
TOWNSUSDT,COILING,4h,res,2026-06-14T17:02:37.170195-03:00,2026-W24,0.12875536480686908,target,1.0,0.5,0.12875536480686908,-0.23562231759656588,10
TOWNSUSDT,COILING,4h,major,2026-06-14T17:02:37.170195-03:00,2026-W24,1.115879828326177,stop,0.0,0.3,-1.0,0.10443362967504584,10
BANANAS31USDT,HOLD,4h,res,2026-06-14T17:02:37.170195-03:00,2026-W24,0.059324466558223654,target,1.0,0.9,0.059324466558223654,-0.046607980097598506,10
BANANAS31USDT,HOLD,4h,major,2026-06-14T17:02:37.170195-03:00,2026-W24,1.4237871973973761,stop,0.0,0.0,-1.0,-0.7511085885777147,10
HUMAUSDT,HOLD,4h,major,2026-06-14T17:02:37.170195-03:00,2026-W24,0.4042466312780718,target,1.0,0.6,0.4042466312780718,-0.05874345472433253,10
AMPUSDT,COILING,4h,res,2026-06-14T18:02:39.218626-03:00,2026-W24,0.3853211009174308,target,1.0,0.3,0.3853211009174308,0.07448506437939066,10
AMPUSDT,COILING,4h,major,2026-06-14T18:02:39.218626-03:00,2026-W24,3.339449541284405,abierto,0.0,0.0,-0.5137614678899083,-0.4036381255721316,10
TRBUSDT,COILING,4h,major,2026-06-14T19:02:35.800637-03:00,2026-W24,0.7236842105263145,target,1.0,0.3,0.7236842105263145,0.09848485382466476,10
WBTCUSDT,BREAKOUT,4h,major,2026-06-14T21:02:43.722736-03:00,2026-W25,1.5810013860631305,abierto,0.0,0.3,-0.2794910021643049,0.21106903535982777,10
REZUSDT,COILING,4h,major,2026-06-14T21:02:43.722736-03:00,2026-W25,,sin_entrada,0.0,0.3,0.0,0.07219525627082206,10
ALICEUSDT,COILING,4h,major,2026-06-14T21:02:43.722736-03:00,2026-W25,0.08028545941123981,target,1.0,0.8,0.08028545941123981,-0.03577163247100781,10
BABYUSDT,HOLD,4h,major,2026-06-14T21:02:43.722736-03:00,2026-W25,4.505617977528089,stop,0.0,0.0,-1.0,0.2855226223590365,10
REZUSDT,COILING,4h,major,2026-06-14T22:02:41.342093-03:00,2026-W25,,sin_entrada,0.0,0.2,0.0,-0.023885259869355434,10
ALICEUSDT,COILING,4h,major,2026-06-14T22:02:41.342093-03:00,2026-W25,0.08028545941123981,target,1.0,1.0,0.08028545941123981,0.0802854594112398,10
RAYUSDT,COILING,4h,major,2026-06-14T22:02:41.342093-03:00,2026-W25,0.09584664536741225,target,1.0,0.8,0.09584664536741225,-0.12332268370607058,10
GPSUSDT,BREAKOUT,4h,major,2026-06-14T23:02:41.844658-03:00,2026-W25,0.03740648379052434,target,1.0,1.0,0.03740648379052434,0.037406483790525136,10
ZECUSDT,HOLD,4h,major,2026-06-15T01:02:39.910595-03:00,2026-W25,0.8051953389917592,target,1.0,0.3,0.8051953389917592,-0.4584413983024719,10
JTOUSDT,BREAKOUT,4h,res,2026-06-15T01:02:39.910595-03:00,2026-W25,0.29126213592233097,target,1.0,0.9,0.29126213592233097,0.16213592233009705,10
JTOUSDT,BREAKOUT,4h,major,2026-06-15T01:02:39.910595-03:00,2026-W25,1.7545076282940386,target,1.0,0.4,1.7545076282940386,0.20456984973658726,10
WBTCUSDT,HOLD,4h,major,2026-06-15T01:02:39.910595-03:00,2026-W25,1.5532131284230397,abierto,0.0,0.0,-0.2737488665838528,-0.2663694896156284,10
YBUSDT,COILING,4h,res,2026-06-15T03:02:36.862108-03:00,2026-W25,0.021052631578949443,target,1.0,0.5,0.021052631578949443,-0.08947368421052573,10
YBUSDT,COILING,4h,major,2026-06-15T03:02:36.862108-03:00,2026-W25,0.4947368421052645,stop,0.0,0.6,-1.0,0.19684210526315854,10
API3USDT,HOLD,4h,major,2026-06-15T04:02:49.116223-03:00,2026-W25,0.13914317099963477,target,1.0,0.8,0.13914317099963477,-0.0886854632002929,10
YBUSDT,COILING,4h,res,2026-06-15T04:02:49.116223-03:00,2026-W25,0.021052631578949443,target,1.0,0.7,0.021052631578949443,-0.08526315789473628,10
YBUSDT,COILING,4h,major,2026-06-15T04:02:49.116223-03:00,2026-W25,0.4947368421052645,stop,0.0,0.8,-1.0,0.2957894736842114,10
YBUSDT,BREAKOUT,4h,major,2026-06-15T05:02:48.545714-03:00,2026-W25,0.21516393442622844,stop,0.0,0.9,-1.0,0.09364754098360499,10
TONUSDT,BREAKOUT,4h,major,2026-06-15T05:02:48.545714-03:00,2026-W25,0.01656543346217622,target,1.0,0.9,0.01656543346217622,-0.08509110988404078,10
GALAUSDT,BREAKOUT,4h,res,2026-06-15T09:02:43.767259-03:00,2026-W25,0.14388489208633284,abierto,0.0,0.8,-0.46762589928057485,-0.08489208633093426,10
GALAUSDT,BREAKOUT,4h,major,2026-06-15T09:02:43.767259-03:00,2026-W25,0.14388489208633284,abierto,0.0,1.0,-0.46762589928057485,0.14388489208633234,10
JTOUSDT,HOLD,4h,major,2026-06-15T09:02:43.767259-03:00,2026-W25,0.6973808772483436,target,1.0,0.6,0.6973808772483436,0.01842852634900608,10
ASTERUSDT,BREAKOUT,4h,major,2026-06-15T13:02:48.298032-03:00,2026-W25,0.30534351145038197,target,1.0,0.8,0.30534351145038197,0.21301002209405961,10
DOGEUSDT,BREAKOUT,4h,res,2026-06-15T13:02:48.298032-03:00,2026-W25,0.19402491456289103,abierto,0.0,0.7,-0.8080696725829573,-0.16418255980597593,10
DOGEUSDT,BREAKOUT,4h,major,2026-06-15T13:02:48.298032-03:00,2026-W25,0.19402491456289103,abierto,0.0,0.6,-0.8080696725829573,-0.2835850512622651,10
BERAUSDT,COILING,4h,major,2026-06-15T14:02:47.096829-03:00,2026-W25,,sin_entrada,0.0,0.5,0.0,0.06363636363636191,10
METISUSDT,HOLD,4h,res,2026-06-15T14:02:47.096829-03:00,2026-W25,0.32362459546925626,target,1.0,0.6,0.32362459546925626,-0.2058252427184463,10
METISUSDT,HOLD,4h,major,2026-06-15T14:02:47.096829-03:00,2026-W25,0.32362459546925626,target,1.0,0.6,0.32362459546925626,-0.20582524271844624,10
EULUSDT,HOLD,4h,res,2026-06-15T14:02:47.096829-03:00,2026-W25,0.23277467411545555,target,1.0,0.9,0.23277467411545555,0.10949720670390901,10
EULUSDT,HOLD,4h,major,2026-06-15T14:02:47.096829-03:00,2026-W25,0.23277467411545555,target,1.0,0.5,0.23277467411545555,-0.3836126629422726,10
AMPUSDT,COILING,4h,res,2026-06-15T15:02:59.53734-03:00,2026-W25,0.2909090909090899,target,1.0,0.4,0.2909090909090899,-0.02732323232323261,10
AMPUSDT,COILING,4h,major,2026-06-15T15:02:59.53734-03:00,2026-W25,1.3272727272727252,abierto,0.0,0.4,-0.7090909090909103,0.22981524096953682,10
BERAUSDT,COILING,4h,major,2026-06-15T15:02:59.53734-03:00,2026-W25,,sin_entrada,0.0,0.4,0.0,-0.06909090909091038,10
MEUSDT,HOLD,4h,major,2026-06-15T15:02:59.53734-03:00,2026-W25,0.17830609212481524,stop,0.0,0.6,-1.0,-0.2930163447251107,10
AMPUSDT,COILING,4h,res,2026-06-15T16:02:38.462808-03:00,2026-W25,0.2909090909090899,target,1.0,0.5,0.2909090909090899,0.14545454545454498,10
AMPUSDT,COILING,4h,major,2026-06-15T16:02:38.462808-03:00,2026-W25,1.3272727272727252,abierto,0.0,0.1,-0.7090909090909103,-0.4672727272727273,10
BERAUSDT,COILING,4h,major,2026-06-15T16:02:38.462808-03:00,2026-W25,,sin_entrada,0.0,0.6,0.0,-0.10363636363636557,10
GALAUSDT,COILING,4h,major,2026-06-15T17:02:52.616141-03:00,2026-W25,,sin_entrada,0.0,0.7,0.0,0.07526881720430083,10
GALAUSDT,COILING,4h,major,2026-06-15T22:02:44.829201-03:00,2026-W25,,sin_entrada,0.0,0.4,0.0,0.014234875444840405,10
JSTUSDT,HOLD,4h,major,2026-06-16T05:02:50.612344-03:00,2026-W25,0.5387877276128701,target,1.0,0.4,0.5387877276128701,-0.22842725602599795,10
HIVEUSDT,COILING,4h,res,2026-06-16T05:02:50.612344-03:00,2026-W25,0.4798464491362769,abierto,0.0,0.6,-0.7869481765834929,0.14402775727152,10
HIVEUSDT,COILING,4h,major,2026-06-16T05:02:50.612344-03:00,2026-W25,1.9001919385796533,abierto,0.0,0.0,-0.7869481765834929,-0.4481525639402701,10
POLUSDT,PREBREAK,1h,res,2026-06-16T07:02:47.446109-03:00,2026-W25,0.056976449734112394,target,1.0,0.8,0.056976449734112394,0.04558115978728975,10
POLUSDT,PREBREAK,1h,major,2026-06-16T07:02:47.446109-03:00,2026-W25,0.056976449734112394,target,1.0,0.9,0.056976449734112394,0.05127880476070096,10
BERAUSDT,COILING,4h,major,2026-06-16T09:02:48.796882-03:00,2026-W25,,sin_entrada,0.0,0.5,0.0,0.16363636363636352,10
HEMIUSDT,PREBREAK,1h,res,2026-06-16T23:02:42.776717-03:00,2026-W25,0.5525846702317283,abierto,0.0,0.7,-0.7843137254901966,0.0868092691622099,10
HEMIUSDT,PREBREAK,1h,major,2026-06-16T23:02:42.776717-03:00,2026-W25,1.3725490196078431,abierto,0.0,0.5,-0.7843137254901966,0.18627450980392143,10
ESPUSDT,PREBREAK,1h,major,2026-06-17T03:02:38.642755-03:00,2026-W25,,sin_entrada,0.0,0.8,0.0,-0.020529542193817862,10
CRVUSDT,COILING,4h,major,2026-06-17T09:02:43.49691-03:00,2026-W25,,sin_entrada,0.0,0.5,0.0,0.08956551548266575,10
GIGGLEUSDT,PREBREAK,1h,major,2026-06-17T11:02:53.726949-03:00,2026-W25,0.12589316093909528,target,1.0,0.9,0.12589316093909528,0.11330384484518574,10
BERAUSDT,COILING,4h,major,2026-06-17T13:03:02.219831-03:00,2026-W25,,sin_entrada,0.0,0.6,0.0,0.19636363636363502,10
FLOKIUSDT,PREBREAK,1h,major,2026-06-17T13:03:02.219831-03:00,2026-W25,0.3153988868274583,target,1.0,0.8,0.3153988868274583,0.1234081964702409,10
AXLUSDT,COILING,4h,res,2026-06-17T13:03:02.219831-03:00,2026-W25,,sin_entrada,0.0,0.4,0.0,-0.07604743156409018,10
AXLUSDT,COILING,4h,major,2026-06-17T13:03:02.219831-03:00,2026-W25,,sin_entrada,0.0,0.2,0.0,0.1481732630371908,10
CRVUSDT,COILING,4h,major,2026-06-17T14:02:48.042427-03:00,2026-W25,,sin_entrada,0.0,0.5,0.0,0.18884462151394404,10
MITOUSDT,BREAKOUT,4h,res,2026-06-17T14:02:48.042427-03:00,2026-W25,0.2347791484281724,target,1.0,0.4,0.2347791484281724,-0.5060883406287311,10
MITOUSDT,BREAKOUT,4h,major,2026-06-17T14:02:48.042427-03:00,2026-W25,0.2347791484281724,target,1.0,0.8,0.2347791484281724,-0.012176681257461889,10
2ZUSDT,BREAKOUT,4h,major,2026-06-17T14:02:48.042427-03:00,2026-W25,0.10065359477124267,target,1.0,1.0,0.10065359477124267,0.10065359477124255,10
ATUSDT,HOLD,4h,major,2026-06-17T17:02:43.390512-03:00,2026-W25,0.9364977549711359,stop,0.0,0.7,-1.0,0.4120410656953234,10
AXLUSDT,COILING,4h,res,2026-06-17T18:02:41.211133-03:00,2026-W25,,sin_entrada,0.0,0.4,0.0,0.09716599190283423,10
AXLUSDT,COILING,4h,major,2026-06-17T18:02:41.211133-03:00,2026-W25,,sin_entrada,0.0,0.1,0.0,-0.12829641978248793,10
ATUSDT,BREAKOUT,4h,major,2026-06-17T19:02:41.893994-03:00,2026-W25,0.9364977549711359,stop,0.0,0.7,-1.0,0.6827418699589503,10
CKBUSDT,PREBREAK,1h,res,2026-06-17T22:02:43.064672-03:00,2026-W25,,sin_entrada,0.0,0.8,0.0,-0.026213033150425585,10
CKBUSDT,PREBREAK,1h,major,2026-06-17T22:02:43.064672-03:00,2026-W25,,sin_entrada,0.0,0.3,0.0,-0.4187915184247454,10
LUMIAUSDT,PREBREAK,1h,res,2026-06-18T08:02:38.697925-03:00,2026-W25,0.1446480231436853,target,1.0,0.8,0.1446480231436853,-0.08428158148505205,10
LUMIAUSDT,PREBREAK,1h,major,2026-06-18T08:02:38.697925-03:00,2026-W25,0.617164898746386,target,1.0,0.5,0.617164898746386,-0.1914175506268069,10
ATUSDT,HOLD,4h,major,2026-06-18T09:02:41.649129-03:00,2026-W25,0.3836784409257006,stop,0.0,1.0,-1.0,0.3836784409257009,10
PSGUSDT,COILING,4h,res,2026-06-19T09:02:41.963181-03:00,2026-W25,,sin_entrada,0.0,0.0,0.0,0.0,8
PSGUSDT,COILING,4h,major,2026-06-19T09:02:41.963181-03:00,2026-W25,,sin_entrada,0.0,0.2,0.0,-0.20458342904576537,10
BELUSDT,HOLD,4h,res,2026-06-19T17:02:35.611987-03:00,2026-W25,0.3530377668308691,target,1.0,0.9,0.3530377668308691,0.2177339901477815,10
BELUSDT,HOLD,4h,major,2026-06-19T17:02:35.611987-03:00,2026-W25,0.3530377668308691,target,1.0,0.7,0.3530377668308691,-0.052873563218392275,10
FORMUSDT,PREBREAK,1h,major,2026-06-19T17:02:35.611987-03:00,2026-W25,0.16604400166044017,target,1.0,0.6,0.16604400166044017,-0.2003735990037357,10
FORMUSDT,COILING,4h,major,2026-06-19T18:02:37.460756-03:00,2026-W25,0.6778276847692942,target,1.0,0.5,0.6778276847692942,0.13207723268972804,10
WBTCUSDT,PREBREAK,1h,major,2026-06-19T19:02:40.188473-03:00,2026-W25,0.4744848706031452,abierto,0.0,0.4,-0.5326071353390482,0.25163560720038464,10
NEWTUSDT,PREBREAK,1h,major,2026-06-19T22:02:39.51794-03:00,2026-W25,0.3977272727272736,target,1.0,0.5,0.3977272727272736,-0.20113636363636314,10
FORMUSDT,COILING,4h,major,2026-06-19T23:02:40.260622-03:00,2026-W25,0.6778276847692922,target,1.0,0.2,0.6778276847692922,-0.40967408228923075,10
PYTHUSDT,PREBREAK,1h,major,2026-06-20T02:02:36.518562-03:00,2026-W25,1.3259668508287297,stop,0.0,0.8,-1.0,1.0607734806629832,10
DOLOUSDT,BREAKOUT,4h,major,2026-06-20T11:02:37.749037-03:00,2026-W25,0.19303557910673744,target,1.0,0.6,0.19303557910673744,-0.23889644659024464,10
BCHUSDT,PREBREAK,1h,major,2026-06-20T12:02:43.08114-03:00,2026-W25,0.7217521154803384,abierto,0.0,0.5,-0.06470881035340881,-0.016109599457591207,10
LINKUSDT,PREBREAK,1h,major,2026-06-20T12:02:43.08114-03:00,2026-W25,0.14968192590744803,target,1.0,0.9,0.14968192590744803,0.0347137333167022,10
PEPEUSDT,PREBREAK,1h,major,2026-06-20T12:02:43.08114-03:00,2026-W25,0.34843205574912856,stop,0.0,0.9,-1.0,0.31358885017421545,10
DOTUSDT,PREBREAK,1h,major,2026-06-20T13:02:39.022341-03:00,2026-W25,0.33880903490759806,stop,0.0,0.5,-1.0,-0.010185355221174341,10
ARBUSDT,PREBREAK,1h,res,2026-06-20T13:02:39.022341-03:00,2026-W25,0.07075471698113245,target,1.0,0.9,0.07075471698113245,0.06367924528301874,10
ARBUSDT,PREBREAK,1h,major,2026-06-20T13:02:39.022341-03:00,2026-W25,0.35377358490566224,stop,0.0,0.5,-1.0,-0.023113207547169397,10
FILUSDT,PREBREAK,1h,res,2026-06-20T13:02:39.022341-03:00,2026-W25,0.1253132832080188,target,1.0,0.9,0.1253132832080188,0.012781954887217126,10
FILUSDT,PREBREAK,1h,major,2026-06-20T13:02:39.022341-03:00,2026-W25,0.1253132832080188,target,1.0,0.9,0.1253132832080188,0.012781954887217442,10
CAKEUSDT,COILING,4h,res,2026-06-20T14:02:40.439502-03:00,2026-W25,0.24130589070262615,stop,0.0,0.6,-1.0,0.044783534421576135,10
CAKEUSDT,COILING,4h,major,2026-06-20T14:02:40.439502-03:00,2026-W25,0.24130589070262615,stop,0.0,0.5,-1.0,0.0206529453513132,10
SKYUSDT,PREBREAK,1h,major,2026-06-20T20:02:34.739549-03:00,2026-W25,0.09743589743589641,target,1.0,0.9,0.09743589743589641,0.08769230769230775,10
TNSRUSDT,HOLD,4h,res,2026-06-20T21:02:37.46619-03:00,2026-W25,0.03236245954692651,target,1.0,1.0,0.03236245954692651,0.032362459546926285,10
TNSRUSDT,HOLD,4h,major,2026-06-20T21:02:37.46619-03:00,2026-W25,0.970873786407767,target,1.0,0.3,0.970873786407767,-0.10183123799331903,10
TONUSDT,PREBREAK,1h,major,2026-06-21T03:02:39.900789-03:00,2026-W25,0.25408348457350427,target,1.0,0.7,0.25408348457350427,0.07785843920145304,10
KITEUSDT,PREBREAK,1h,major,2026-06-21T03:02:39.900789-03:00,2026-W25,0.9425014819205675,stop,0.0,0.3,-1.0,-0.3224264320416037,10
SAGAUSDT,COILING,4h,res,2026-06-21T05:02:41.814798-03:00,2026-W25,0.34989503149054957,target,1.0,0.5,0.34989503149054957,-0.02505248425472504,10
SAGAUSDT,COILING,4h,major,2026-06-21T05:02:41.814798-03:00,2026-W25,0.34989503149054957,target,1.0,0.4,0.34989503149054957,-0.16004198740377995,10
HOLOUSDT,COILING,4h,res,2026-06-21T05:02:41.814798-03:00,2026-W25,,sin_entrada,0.0,0.7,0.0,-0.13269230769230833,10
HOLOUSDT,COILING,4h,major,2026-06-21T05:02:41.814798-03:00,2026-W25,,sin_entrada,0.0,0.7,0.0,-0.094230769230771,10
TONUSDT,COILING,4h,res,2026-06-21T05:02:41.814798-03:00,2026-W25,0.03539823008849561,target,1.0,1.0,0.03539823008849561,0.0353982300884957,10
TONUSDT,COILING,4h,major,2026-06-21T05:02:41.814798-03:00,2026-W25,0.7787610619469021,stop,0.0,0.1,-1.0,-0.22032673776496708,10
PYTHUSDT,COILING,4h,res,2026-06-21T09:02:42.152237-03:00,2026-W25,0.8753315649867396,stop,0.0,0.4,-1.0,0.15013262599469585,10
PYTHUSDT,COILING,4h,major,2026-06-21T09:02:42.152237-03:00,2026-W25,1.1936339522546444,stop,0.0,0.5,-1.0,0.23634094100625633,10
FILUSDT,COILING,4h,res,2026-06-21T09:02:42.152237-03:00,2026-W25,0.30940594059405835,stop,0.0,0.7,-1.0,-0.03369177081642637,10
FILUSDT,COILING,4h,major,2026-06-21T09:02:42.152237-03:00,2026-W25,0.30940594059405835,stop,0.0,0.7,-1.0,-0.04382813281328206,10
BROCCOLI714USDT,BREAKOUT,4h,major,2026-06-21T09:02:42.152237-03:00,2026-W25,0.3624260355029582,stop,0.0,0.8,-1.0,0.08994082840236695,10
WLFIUSDT,PREBREAK,1h,major,2026-06-21T10:02:41.839649-03:00,2026-W25,0.1016949152542391,target,1.0,1.0,0.1016949152542391,0.10169491525423877,10
TONUSDT,COILING,4h,res,2026-06-21T10:02:41.839649-03:00,2026-W25,0.03539823008849692,target,1.0,1.0,0.03539823008849692,0.03539823008849705,10
TONUSDT,COILING,4h,major,2026-06-21T10:02:41.839649-03:00,2026-W25,0.7787610619469021,stop,0.0,0.4,-1.0,-0.18019979233596448,10
EDUUSDT,HOLD,4h,res,2026-06-21T13:02:43.734566-03:00,2026-W25,0.3883495145631057,stop,0.0,0.7,-1.0,-0.028155339805825325,10
EDUUSDT,HOLD,4h,major,2026-06-21T13:02:43.734566-03:00,2026-W25,0.3883495145631057,stop,0.0,0.9,-1.0,0.24951456310679618,10
BERAUSDT,COILING,4h,res,2026-06-21T13:02:43.734566-03:00,2026-W25,1.000000000000001,stop,0.0,0.2,-1.0,-0.245098498873955,10
BERAUSDT,COILING,4h,major,2026-06-21T13:02:43.734566-03:00,2026-W25,1.458333333333335,stop,0.0,0.2,-1.0,-0.4354753762243993,10
DOTUSDT,PREBREAK,1h,major,2026-06-21T13:02:43.734566-03:00,2026-W25,0.061475409836065614,stop,0.0,0.9,-1.0,0.05532786885245934,10
PYTHUSDT,COILING,4h,res,2026-06-21T14:02:38.007223-03:00,2026-W25,0.8753315649867396,stop,0.0,0.9,-1.0,0.7877984084880644,10
PYTHUSDT,COILING,4h,major,2026-06-21T14:02:38.007223-03:00,2026-W25,1.1936339522546444,stop,0.0,0.8,-1.0,0.7549071618037146,10
GIGGLEUSDT,PREBREAK,1h,res,2026-06-21T14:02:38.007223-03:00,2026-W25,0.037147102526000855,target,1.0,1.0,0.037147102526000855,0.03714710252600085,10
GIGGLEUSDT,PREBREAK,1h,major,2026-06-21T14:02:38.007223-03:00,2026-W25,0.14858841010401003,target,1.0,1.0,0.14858841010401003,0.14858841010401072,10
TONUSDT,COILING,4h,major,2026-06-21T15:02:35.471169-03:00,2026-W25,0.7787610619469021,stop,0.0,0.3,-1.0,-0.16004314321728835,10
CITYUSDT,COILING,4h,major,2026-06-21T17:02:39.508567-03:00,2026-W25,,sin_entrada,0.0,0.9,0.0,0.13202933985329995,10
PEPEUSDT,PREBREAK,1h,res,2026-06-21T19:02:38.323951-03:00,2026-W25,0.035087719298246785,target,1.0,0.9,0.035087719298246785,-0.06842105263157724,10
PEPEUSDT,PREBREAK,1h,major,2026-06-21T19:02:38.323951-03:00,2026-W25,0.07017543859649208,target,1.0,0.9,0.07017543859649208,0.06315789473684315,10
TONUSDT,COILING,4h,major,2026-06-21T20:02:35.760904-03:00,2026-W25,0.7724056603773574,stop,0.0,0.4,-1.0,0.061195951844209784,10
HMSTRUSDT,BREAKOUT,4h,major,2026-06-21T21:02:41.514447-03:00,2026-W26,10.864600326264279,stop,0.0,0.3,-1.0,2.7189513180558924,10
BERAUSDT,COILING,4h,res,2026-06-21T21:02:41.514447-03:00,2026-W26,,sin_entrada,0.0,0.0,0.0,0.0,10
BERAUSDT,COILING,4h,major,2026-06-21T21:02:41.514447-03:00,2026-W26,,sin_entrada,0.0,0.0,0.0,-0.2488353706744512,10
AAVEUSDT,PREBREAK,1h,res,2026-06-21T22:02:43.97548-03:00,2026-W26,0.11834319526627288,target,1.0,0.8,0.11834319526627288,-0.005325443786982624,10
AAVEUSDT,PREBREAK,1h,major,2026-06-21T22:02:43.97548-03:00,2026-W26,0.14069690992768005,target,1.0,0.9,0.14069690992768005,0.026627218934912267,10
KATUSDT,PREBREAK,1h,res,2026-06-21T23:02:44.008926-03:00,2026-W26,0.9764918625678135,stop,0.0,0.4,-1.0,0.07769890564921642,10
KATUSDT,PREBREAK,1h,major,2026-06-21T23:02:44.008926-03:00,2026-W26,1.6094032549728796,stop,0.0,0.2,-1.0,-0.24551287386412596,10
KITEUSDT,PREBREAK,1h,res,2026-06-21T23:02:44.008926-03:00,2026-W26,,sin_entrada,0.0,0.7,0.0,-0.05442661913250189,10
KITEUSDT,PREBREAK,1h,major,2026-06-21T23:02:44.008926-03:00,2026-W26,,sin_entrada,0.0,0.3,0.0,-0.0995133660914485,10
FILUSDT,COILING,4h,res,2026-06-22T01:02:38.801614-03:00,2026-W26,,sin_entrada,0.0,0.0,0.0,0.0,10
FILUSDT,COILING,4h,major,2026-06-22T01:02:38.801614-03:00,2026-W26,,sin_entrada,0.0,0.4,0.0,0.03389830508474583,10
BERAUSDT,COILING,4h,res,2026-06-22T02:02:34.98605-03:00,2026-W26,,sin_entrada,0.0,0.4,0.0,0.14814814814814808,10
BERAUSDT,COILING,4h,major,2026-06-22T02:02:34.98605-03:00,2026-W26,,sin_entrada,0.0,0.0,0.0,-0.429434330752598,10
ATOMUSDT,COILING,4h,res,2026-06-22T09:02:45.203855-03:00,2026-W26,0.25150355385456424,stop,0.0,0.7,-1.0,0.004621323038510478,10
ATOMUSDT,COILING,4h,major,2026-06-22T09:02:45.203855-03:00,2026-W26,1.1317659923455428,stop,0.0,0.2,-1.0,-0.19199904867596831,10
BERAUSDT,COILING,4h,major,2026-06-22T09:02:45.203855-03:00,2026-W26,,sin_entrada,0.0,0.1,0.0,-0.058712467611644656,10
ORCAUSDT,COILING,4h,major,2026-06-22T09:02:45.203855-03:00,2026-W26,,sin_entrada,0.0,0.2,0.0,0.2359650797131759,10
HYPERUSDT,COILING,4h,res,2026-06-22T09:02:45.203855-03:00,2026-W26,,sin_entrada,0.0,0.3,0.0,-0.2102781933913219,10
HYPERUSDT,COILING,4h,major,2026-06-22T09:02:45.203855-03:00,2026-W26,,sin_entrada,0.0,0.3,0.0,-0.38200238379022644,10
WIFUSDT,COILING,4h,res,2026-06-22T10:02:52.371895-03:00,2026-W26,0.017783046828691317,target,1.0,1.0,0.017783046828691317,0.01778304682869093,10
WIFUSDT,COILING,4h,major,2026-06-22T10:02:52.371895-03:00,2026-W26,0.6757557794902207,stop,0.0,0.3,-1.0,0.1337307919787598,10
XLMUSDT,PREBREAK,1h,res,2026-06-22T10:02:52.371895-03:00,2026-W26,,sin_entrada,0.0,0.9,0.0,0.024861878453039644,10
XLMUSDT,PREBREAK,1h,major,2026-06-22T10:02:52.371895-03:00,2026-W26,,sin_entrada,0.0,0.8,0.0,-0.022651933701657183,10
LDOUSDT,COILING,4h,res,2026-06-22T10:02:52.371895-03:00,2026-W26,,sin_entrada,0.0,0.8,0.0,0.14540370499825292,10
LDOUSDT,COILING,4h,major,2026-06-22T10:02:52.371895-03:00,2026-W26,,sin_entrada,0.0,0.8,0.0,0.3619057028790954,10
ENAUSDT,BREAKOUT,4h,major,2026-06-22T10:02:52.371895-03:00,2026-W26,0.20746887966804864,target,1.0,0.9,0.20746887966804864,0.08672199170124448,10
ALGOUSDT,PREBREAK,1h,res,2026-06-22T12:02:51.038011-03:00,2026-W26,0.06521739130434667,target,1.0,0.4,0.06521739130434667,-0.08765635957820754,10
ALGOUSDT,PREBREAK,1h,major,2026-06-22T12:02:51.038011-03:00,2026-W26,0.4021739130434792,target,1.0,0.5,0.4021739130434792,0.05702266071793192,10
NEIROUSDT,COILING,4h,major,2026-06-22T13:02:47.356699-03:00,2026-W26,,sin_entrada,0.0,0.3,0.0,-0.14755677907777037,10
POLUSDT,PREBREAK,1h,res,2026-06-22T13:02:47.356699-03:00,2026-W26,0.11105626850937785,stop,0.0,0.9,-1.0,0.09995064165844025,10
POLUSDT,PREBREAK,1h,major,2026-06-22T13:02:47.356699-03:00,2026-W26,0.37018756169792727,stop,0.0,0.8,-1.0,0.09615004935834197,10
ATOMUSDT,COILING,4h,res,2026-06-22T14:02:46.999785-03:00,2026-W26,,sin_entrada,0.0,0.2,0.0,-0.3800486393817052,10
ATOMUSDT,COILING,4h,major,2026-06-22T14:02:46.999785-03:00,2026-W26,,sin_entrada,0.0,0.2,0.0,-0.16767508017038488,10
HYPERUSDT,COILING,4h,res,2026-06-22T14:02:46.999785-03:00,2026-W26,,sin_entrada,0.0,0.6,0.0,0.03599523241954718,10
HYPERUSDT,COILING,4h,major,2026-06-22T14:02:46.999785-03:00,2026-W26,,sin_entrada,0.0,0.6,0.0,0.13599523241954733,10
BERAUSDT,COILING,4h,major,2026-06-22T14:02:46.999785-03:00,2026-W26,,sin_entrada,0.0,0.0,0.0,-0.3,10
APEUSDT,PREBREAK,1h,major,2026-06-22T20:02:41.282106-03:00,2026-W26,,sin_entrada,0.0,0.9,0.0,0.08256880733944771,10
HYPERUSDT,COILING,4h,res,2026-06-23T01:02:41.683771-03:00,2026-W26,,sin_entrada,0.0,0.2,0.0,0.04454865181711585,10
HYPERUSDT,COILING,4h,major,2026-06-23T01:02:41.683771-03:00,2026-W26,,sin_entrada,0.0,0.2,0.0,-0.055451348182884296,10
NIGHTUSDT,PREBREAK,1h,res,2026-06-23T04:02:37.289827-03:00,2026-W26,0.2606850560775992,stop,0.0,0.8,-1.0,0.10854804486207933,10
NIGHTUSDT,PREBREAK,1h,major,2026-06-23T04:02:37.289827-03:00,2026-W26,0.31827826614125565,stop,0.0,0.6,-1.0,-0.00903304031524621,10
ZAMAUSDT,PREBREAK,1h,res,2026-06-23T04:02:37.289827-03:00,2026-W26,0.38995568685376725,stop,0.0,0.7,-1.0,0.048739620775213974,10
ZAMAUSDT,PREBREAK,1h,major,2026-06-23T04:02:37.289827-03:00,2026-W26,0.5376661742983759,stop,0.0,0.6,-1.0,0.022599704579025916,10
DODOUSDT,COILING,4h,res,2026-06-23T05:02:45.658558-03:00,2026-W26,0.7997664915353183,target,1.0,0.6,0.7997664915353183,0.179859894921191,10
DODOUSDT,COILING,4h,major,2026-06-23T05:02:45.658558-03:00,2026-W26,0.7997664915353183,target,1.0,0.7,0.7997664915353183,0.25983654407472306,10
SCRUSDT,COILING,4h,major,2026-06-23T07:02:40.967744-03:00,2026-W26,0.7460414129110846,stop,0.0,0.0,-1.0,-0.25645220694195064,10
ATOMUSDT,COILING,4h,res,2026-06-23T09:02:36.398608-03:00,2026-W26,,sin_entrada,0.0,0.4,0.0,0.03482045701849827,10
ATOMUSDT,COILING,4h,major,2026-06-23T09:02:36.398608-03:00,2026-W26,,sin_entrada,0.0,0.0,0.0,-0.3172264698888082,10
KAIAUSDT,COILING,4h,major,2026-06-23T10:02:39.138577-03:00,2026-W26,0.5555555555555551,stop,0.0,0.0,-1.0,0.0,10
AVAXUSDT,COILING,4h,major,2026-06-23T13:02:46.316345-03:00,2026-W26,0.9378862793572305,abierto,0.0,0.0,0.10506798516687121,-0.3617930940080855,10
SCRUSDT,COILING,4h,major,2026-06-23T13:02:46.316345-03:00,2026-W26,,sin_entrada,0.0,0.0,0.0,-0.35710791159035804,10
KAIAUSDT,COILING,4h,major,2026-06-23T14:02:44.617229-03:00,2026-W26,0.5555555555555551,stop,0.0,0.2,-1.0,-0.26799122920678853,10
KAIAUSDT,COILING,4h,major,2026-06-23T19:02:38.706312-03:00,2026-W26,0.5555555555555534,stop,0.0,0.0,-1.0,-0.25735444467619384,10
KAIAUSDT,COILING,4h,major,2026-06-24T01:02:39.880485-03:00,2026-W26,,sin_entrada,0.0,0.0,0.0,-0.08622608464412651,10
ETCUSDT,COILING,4h,res,2026-06-24T05:02:39.171057-03:00,2026-W26,,sin_entrada,0.0,0.0,0.0,-0.0765259550937949,10
ETCUSDT,COILING,4h,major,2026-06-24T05:02:39.171057-03:00,2026-W26,,sin_entrada,0.0,0.0,0.0,-0.01648232162273633,10
UNIUSDT,PREBREAK,1h,major,2026-06-24T08:02:37.847641-03:00,2026-W26,0.5593220338983084,abierto,0.0,0.6,-0.7118644067796598,0.24978619913294836,10
LINKUSDT,PREBREAK,1h,res,2026-06-24T09:02:42.881514-03:00,2026-W26,,sin_entrada,0.0,0.8,0.0,0.022940563086548054,10
LINKUSDT,PREBREAK,1h,major,2026-06-24T09:02:42.881514-03:00,2026-W26,,sin_entrada,0.0,0.7,0.0,0.44191573092296876,10
NEWTUSDT,BREAKOUT,4h,res,2026-06-24T09:02:42.881514-03:00,2026-W26,0.16635859519408472,stop,0.0,0.6,-1.0,-0.30018484288354913,10
NEWTUSDT,BREAKOUT,4h,major,2026-06-24T09:02:42.881514-03:00,2026-W26,1.0720887245841038,stop,0.0,0.1,-1.0,-0.5339374488758671,10
ZROUSDT,PREBREAK,1h,res,2026-06-24T10:02:39.430876-03:00,2026-W26,,sin_entrada,0.0,0.6,0.0,-0.060906217070600434,10
ZROUSDT,PREBREAK,1h,major,2026-06-24T10:02:39.430876-03:00,2026-W26,,sin_entrada,0.0,0.4,0.0,-0.14710221285563768,10
PSGUSDT,COILING,4h,major,2026-06-24T13:02:39.222309-03:00,2026-W26,0.45126353790613355,target,1.0,0.1,0.45126353790613355,-0.2908950944998943,10
MANTAUSDT,HOLD,4h,res,2026-06-24T17:02:42.681195-03:00,2026-W26,0.20737882806848326,target,1.0,1.0,0.20737882806848326,0.20737882806848304,10
MANTAUSDT,HOLD,4h,major,2026-06-24T17:02:42.681195-03:00,2026-W26,0.20737882806848326,target,1.0,1.0,0.20737882806848326,0.2073788280684829,10
OPUSDT,COILING,4h,res,2026-06-24T21:02:39.835248-03:00,2026-W26,0.03816793893129614,target,1.0,1.0,0.03816793893129614,0.03816793893129734,10
OPUSDT,COILING,4h,major,2026-06-24T21:02:39.835248-03:00,2026-W26,0.7156488549618298,stop,0.0,0.5,-1.0,0.026238379581076297,10
RUNEUSDT,COILING,4h,major,2026-06-25T01:02:45.75773-03:00,2026-W26,,sin_entrada,0.0,0.8,0.0,0.06783216783216738,10
ETCUSDT,COILING,4h,res,2026-06-25T01:02:45.75773-03:00,2026-W26,,sin_entrada,0.0,0.3,0.0,0.020134228187919066,10
ETCUSDT,COILING,4h,major,2026-06-25T01:02:45.75773-03:00,2026-W26,,sin_entrada,0.0,0.0,0.0,0.01249400767018205,10
WLFIUSDT,BREAKOUT,4h,major,2026-06-25T05:02:59.43414-03:00,2026-W26,0.37459283387622205,abierto,0.0,0.6,-0.48859934853420217,0.10988671928304636,10
ASRUSDT,COILING,4h,major,2026-06-25T09:02:42.847135-03:00,2026-W26,,sin_entrada,0.0,0.0,0.0,0.23946150820033757,10
FFUSDT,COILING,4h,res,2026-06-25T13:02:42.005652-03:00,2026-W26,,sin_entrada,0.0,0.1,0.0,-0.28005982053838474,10
FFUSDT,COILING,4h,major,2026-06-25T13:02:42.005652-03:00,2026-W26,,sin_entrada,0.0,0.0,0.0,-0.1,10
KAITOUSDT,BREAKOUT,4h,res,2026-06-26T01:02:40.450206-03:00,2026-W26,0.10792860107928565,target,1.0,1.0,0.10792860107928565,0.10792860107928588,10
KAITOUSDT,BREAKOUT,4h,major,2026-06-26T01:02:40.450206-03:00,2026-W26,0.7555002075550018,target,1.0,0.3,0.7555002075550018,-0.4733499377334992,10
HMSTRUSDT,HOLD,4h,res,2026-06-26T09:02:41.944288-03:00,2026-W26,2.35261089275688,abierto,0.0,0.3,2.1673217293655256,0.05851826517172669,10
HMSTRUSDT,HOLD,4h,major,2026-06-26T09:02:41.944288-03:00,2026-W26,2.35261089275688,abierto,0.0,0.4,2.1673217293655256,0.418906128161067,10
TUTUSDT,COILING,4h,major,2026-06-26T09:02:41.944288-03:00,2026-W26,0.40142729705620034,abierto,0.0,0.6,-0.3746654772524538,0.24085637823372014,10
OGNUSDT,PREBREAK,1h,res,2026-06-26T11:02:42.727303-03:00,2026-W26,0.24358130348913573,target,1.0,0.6,0.24358130348913573,-0.16731936967791608,10
OGNUSDT,PREBREAK,1h,major,2026-06-26T11:02:42.727303-03:00,2026-W26,0.6649111257406182,target,1.0,0.6,0.6649111257406182,0.2921443314051031,10
WBETHUSDT,PREBREAK,1h,res,2026-06-26T11:02:42.727303-03:00,2026-W26,0.3746174741257785,target,1.0,0.3,0.3746174741257785,-0.021258280787079097,10
WBETHUSDT,PREBREAK,1h,major,2026-06-26T11:02:42.727303-03:00,2026-W26,0.6594917993329443,target,1.0,0.5,0.6594917993329443,0.35387109002189254,10
LUNAUSDT,COILING,4h,res,2026-06-26T17:02:38.129442-03:00,2026-W26,0.623742454728372,abierto,0.0,0.3,0.12072434607645954,0.10738697500313296,10
LUNAUSDT,COILING,4h,major,2026-06-26T17:02:38.129442-03:00,2026-W26,1.2676056338028194,abierto,0.0,0.0,0.12072434607645954,-0.04887284419939519,10
LUNAUSDT,COILING,4h,major,2026-06-27T01:02:36.382833-03:00,2026-W26,,sin_entrada,0.0,0.1,0.0,-0.03813559322033876,10
WIFUSDT,HOLD,4h,major,2026-06-27T05:02:38.813375-03:00,2026-W26,0.6631142687981068,target,1.0,0.2,0.6631142687981068,-0.24055676512624427,10
METUSDT,HOLD,4h,major,2026-06-27T05:02:38.813375-03:00,2026-W26,0.9763142692085504,stop,0.0,0.8,-1.0,0.5810514153668395,10
PENDLEUSDT,COILING,4h,res,2026-06-27T05:02:38.813375-03:00,2026-W26,0.5981595092024525,target,1.0,0.4,0.5981595092024525,0.23926380368098146,10
PENDLEUSDT,COILING,4h,major,2026-06-27T05:02:38.813375-03:00,2026-W26,1.8021472392638018,target,1.0,0.3,1.8021472392638018,0.21199126187037032,10
TONUSDT,PREBREAK,1h,major,2026-06-27T08:02:34.013127-03:00,2026-W26,0.13801756587202021,target,1.0,0.5,0.13801756587202021,-0.13099121706399028,10
WBETHUSDT,PREBREAK,1h,res,2026-06-27T10:02:36.058116-03:00,2026-W26,0.026841258849318563,target,1.0,1.0,0.026841258849318563,0.026841258849318324,10
WBETHUSDT,PREBREAK,1h,major,2026-06-27T10:02:36.058116-03:00,2026-W26,0.4361561485941262,target,1.0,0.6,0.4361561485941262,0.22208969255808064,10
DASHUSDT,COILING,4h,res,2026-06-27T13:02:38.908004-03:00,2026-W26,,sin_entrada,0.0,0.5,0.0,0.15266619639497092,10
DASHUSDT,COILING,4h,major,2026-06-27T13:02:38.908004-03:00,2026-W26,,sin_entrada,0.0,0.1,0.0,-0.3158592842763269,10
CAKEUSDT,PREBREAK,1h,res,2026-06-27T15:02:35.459399-03:00,2026-W26,0.0670141474311253,target,1.0,0.8,0.0670141474311253,0.05361131794489969,10
CAKEUSDT,PREBREAK,1h,major,2026-06-27T15:02:35.459399-03:00,2026-W26,0.08190618019359576,target,1.0,0.8,0.08190618019359576,0.06552494415487667,10
WLFIUSDT,PREBREAK,1h,major,2026-06-27T15:02:35.459399-03:00,2026-W26,0.5602716468590828,abierto,0.0,0.4,-0.373514431239389,0.018202004918604943,10
ALGOUSDT,PREBREAK,1h,major,2026-06-27T18:02:36.091233-03:00,2026-W26,0.2265005662514157,target,1.0,0.8,0.2265005662514157,0.03878163765176838,10
MMTUSDT,BREAKOUT,4h,res,2026-06-27T21:02:42.184562-03:00,2026-W26,0.03436426116838518,stop,0.0,0.9,-1.0,-0.0690721649484537,10
MMTUSDT,BREAKOUT,4h,major,2026-06-27T21:02:42.184562-03:00,2026-W26,0.45164457535591623,stop,0.0,1.0,-1.0,0.45164457535591634,10
KATUSDT,PREBREAK,1h,major,2026-06-28T00:02:43.594796-03:00,2026-W26,0.6358381502890171,stop,0.0,0.8,-1.0,0.3086705202312134,10
ACTUSDT,BREAKOUT,4h,major,2026-06-28T02:02:35.966742-03:00,2026-W26,2.9565217391304386,target,1.0,0.0,2.9565217391304386,-0.48674444995880545,10
SUSDT,BREAKOUT,4h,major,2026-06-28T05:02:43.314971-03:00,2026-W26,2.5495426829268317,stop,0.0,0.0,-1.0,-0.5761844355503316,10
OPNUSDT,HOLD,4h,res,2026-06-28T05:02:43.314971-03:00,2026-W26,1.7611940298507456,stop,0.0,0.4,-1.0,0.3725221308777284,10
OPNUSDT,HOLD,4h,major,2026-06-28T05:02:43.314971-03:00,2026-W26,2.2388059701492544,stop,0.0,0.2,-1.0,-0.017417392357006366,10
PUMPUSDT,BREAKOUT,4h,major,2026-06-28T05:02:43.314971-03:00,2026-W26,0.33311125916056045,target,1.0,0.9,0.33311125916056045,0.1998001332445049,10
CHZUSDT,PREBREAK,1h,res,2026-06-28T08:02:38.785388-03:00,2026-W26,0.12863534675615285,target,1.0,0.5,0.12863534675615285,-0.13568232662192378,10
CHZUSDT,PREBREAK,1h,major,2026-06-28T08:02:38.785388-03:00,2026-W26,0.3187919463087258,target,1.0,0.6,0.3187919463087258,-0.1087248322147647,10
GASUSDT,COILING,4h,major,2026-06-28T10:02:32.57672-03:00,2026-W26,0.5959031657355668,target,1.0,0.0,0.5959031657355668,-0.29243931359779146,10
SAGAUSDT,COILING,4h,res,2026-06-28T13:02:42.704514-03:00,2026-W26,0.5114899925871002,target,1.0,0.7,0.5114899925871002,0.25804299481096993,10
SAGAUSDT,COILING,4h,major,2026-06-28T13:02:42.704514-03:00,2026-W26,3.2765011119347665,abierto,0.0,0.4,0.1779095626389915,1.3165724967265267,10
POLUSDT,PREBREAK,1h,res,2026-06-28T13:02:42.704514-03:00,2026-W26,0.06535038932146608,target,1.0,1.0,0.06535038932146608,0.06535038932146683,10
POLUSDT,PREBREAK,1h,major,2026-06-28T13:02:42.704514-03:00,2026-W26,0.48526140155728464,abierto,0.0,0.7,0.18353726362625,0.11022196105524906,10
DYMUSDT,COILING,4h,res,2026-06-28T17:02:39.011861-03:00,2026-W26,1.3479623824451434,stop,0.0,0.3,-1.0,0.22786868396600796,10
DYMUSDT,COILING,4h,major,2026-06-28T17:02:39.011861-03:00,2026-W26,3.291536050156742,stop,0.0,0.0,-1.0,-0.02311348583424113,10
ATOMUSDT,PREBREAK,1h,res,2026-06-28T17:02:39.011861-03:00,2026-W26,0.09469696969697056,target,1.0,0.5,0.09469696969697056,0.04734848484848493,10
ATOMUSDT,PREBREAK,1h,major,2026-06-28T17:02:39.011861-03:00,2026-W26,0.29671717171717293,abierto,0.0,0.1,-0.05681818181818121,-0.48413793020232543,10
FETUSDT,PREBREAK,1h,major,2026-06-28T18:02:32.906879-03:00,2026-W26,0.33955857385399185,target,1.0,0.4,0.33955857385399185,-0.044999460748308365,10
SAGAUSDT,COILING,4h,res,2026-06-28T18:02:32.906879-03:00,2026-W26,0.5114899925871015,target,1.0,0.6,0.5114899925871015,0.1548943546864705,10
SAGAUSDT,COILING,4h,major,2026-06-28T18:02:32.906879-03:00,2026-W26,3.2765011119347665,abierto,0.0,0.0,0.2668643439584861,-0.09055509617973527,10
AIUSDT,COILING,4h,res,2026-06-28T19:02:37.041908-03:00,2026-W26,0.47619047619047716,target,1.0,0.1,0.47619047619047716,-0.2058013052936909,10
AIUSDT,COILING,4h,major,2026-06-28T19:02:37.041908-03:00,2026-W26,1.7989417989417997,target,1.0,0.0,1.7989417989417997,-0.38576590527810045,10
VANAUSDT,COILING,4h,major,2026-06-28T19:02:37.041908-03:00,2026-W26,0.6316725978647679,target,1.0,0.8,0.6316725978647679,0.4053380782918149,10
WLFIUSDT,PREBREAK,1h,major,2026-06-28T22:02:37.410005-03:00,2026-W27,0.15306122448979687,target,1.0,0.7,0.15306122448979687,-0.1621845512398498,10
VANAUSDT,COILING,4h,major,2026-06-29T00:02:39.94214-03:00,2026-W27,0.6316725978647679,target,1.0,0.5,0.6316725978647679,0.06754514700853745,10
ONDOUSDT,PREBREAK,1h,res,2026-06-29T00:02:39.94214-03:00,2026-W27,0.019187719859291512,target,1.0,0.6,0.019187719859291512,-0.08848736808442544,10
ONDOUSDT,PREBREAK,1h,major,2026-06-29T00:02:39.94214-03:00,2026-W27,0.34218100415734104,target,1.0,0.5,0.34218100415734104,-0.32890949792132973,10
UNIUSDT,COILING,4h,major,2026-06-29T01:02:43.056284-03:00,2026-W27,,sin_entrada,0.0,0.6,0.0,0.3039026226628182,10
AXSUSDT,COILING,4h,res,2026-06-29T01:02:43.056284-03:00,2026-W27,,sin_entrada,0.0,0.1,0.0,0.006860433125024545,10
AXSUSDT,COILING,4h,major,2026-06-29T01:02:43.056284-03:00,2026-W27,,sin_entrada,0.0,0.2,0.0,0.2035520338771283,10
TURBOUSDT,HOLD,4h,res,2026-06-29T01:02:43.056284-03:00,2026-W27,0.02162162162162097,target,1.0,1.0,0.02162162162162097,0.02162162162162142,10
TURBOUSDT,HOLD,4h,major,2026-06-29T01:02:43.056284-03:00,2026-W27,0.03243243243243204,target,1.0,1.0,0.03243243243243204,0.03243243243243219,10
INJUSDT,PREBREAK,1h,res,2026-06-29T02:02:39.865101-03:00,2026-W27,0.18092805449127272,target,1.0,0.6,0.18092805449127272,0.008556832694763839,10
INJUSDT,PREBREAK,1h,major,2026-06-29T02:02:39.865101-03:00,2026-W27,0.8067262664963801,abierto,0.0,0.1,0.19582801191996513,-0.37020089800188183,10
ARBUSDT,PREBREAK,1h,major,2026-06-29T02:02:39.865101-03:00,2026-W27,0.1200000000000017,target,1.0,1.0,0.1200000000000017,0.12000000000000163,10
WBETHUSDT,PREBREAK,1h,major,2026-06-29T02:02:39.865101-03:00,2026-W27,0.14512690006190204,target,1.0,0.9,0.14512690006190204,0.13061421005571192,10
ANIMEUSDT,BREAKOUT,4h,major,2026-06-29T05:02:42.894397-03:00,2026-W27,1.0526315789473668,stop,0.0,0.2,-1.0,-0.1884101085970635,10
ORCAUSDT,COILING,4h,major,2026-06-29T05:02:42.894397-03:00,2026-W27,0.5945499587118072,target,1.0,0.2,0.5945499587118072,-0.03776991059869415,10
ARBUSDT,COILING,4h,res,2026-06-29T05:02:42.894397-03:00,2026-W27,0.19762845849802574,target,1.0,0.8,0.19762845849802574,0.06629933076809147,10
ARBUSDT,COILING,4h,major,2026-06-29T05:02:42.894397-03:00,2026-W27,1.4624505928853755,abierto,0.0,0.1,0.36890645586297843,-0.29229303732379036,10
ETCUSDT,PREBREAK,1h,res,2026-06-29T07:02:39.668799-03:00,2026-W27,0.0421940928270033,target,1.0,0.6,0.0421940928270033,0.025316455696201685,10
ETCUSDT,PREBREAK,1h,major,2026-06-29T07:02:39.668799-03:00,2026-W27,0.4078762306610394,abierto,0.0,0.4,0.02812939521800173,0.11044924040601858,10
SYRUPUSDT,PREBREAK,1h,res,2026-06-29T09:02:40.155078-03:00,2026-W27,0.753521126760563,target,1.0,0.6,0.753521126760563,0.25211267605633886,10
SYRUPUSDT,PREBREAK,1h,major,2026-06-29T09:02:40.155078-03:00,2026-W27,1.2746478873239429,target,1.0,0.4,1.2746478873239429,0.39275679184708917,10
LDOUSDT,COILING,4h,res,2026-06-29T09:02:40.155078-03:00,2026-W27,0.24256651017214334,target,1.0,0.8,0.24256651017214334,0.09405320813771456,10
LDOUSDT,COILING,4h,major,2026-06-29T09:02:40.155078-03:00,2026-W27,1.19327073552426,abierto,0.0,0.3,0.2934272300469476,0.2748594308698933,10
GRTUSDT,COILING,4h,res,2026-06-29T10:02:41.713895-03:00,2026-W27,0.21230266739248874,target,1.0,0.4,0.21230266739248874,-0.02553827392927017,10
GRTUSDT,COILING,4h,major,2026-06-29T10:02:41.713895-03:00,2026-W27,1.2629286880783912,abierto,0.0,0.0,-0.10887316276537717,-0.312069159742168,10
ORCAUSDT,COILING,4h,major,2026-06-29T10:02:41.713895-03:00,2026-W27,0.5945499587118054,target,1.0,0.1,0.5945499587118054,-0.4250208339589526,10
ETHUSDT,PREBREAK,1h,major,2026-06-29T10:02:41.713895-03:00,2026-W27,0.13379462179588125,target,1.0,0.9,0.13379462179588125,0.020415159616293102,10
SHIBUSDT,PREBREAK,1h,major,2026-06-29T11:02:39.554328-03:00,2026-W27,0.37825059101655084,target,1.0,0.6,0.37825059101655084,0.0913730196259177,10
SKYUSDT,COILING,4h,res,2026-06-29T11:02:39.554328-03:00,2026-W27,0.7948062168011012,target,1.0,0.3,0.7948062168011012,0.1755379963866227,10
SKYUSDT,COILING,4h,major,2026-06-29T11:02:39.554328-03:00,2026-W27,1.8040527247688365,target,1.0,0.0,1.8040527247688365,0.3816608901432125,10
XLMUSDT,COILING,4h,res,2026-06-29T13:02:42.423901-03:00,2026-W27,0.3713968957871403,target,1.0,0.2,0.3713968957871403,0.08320567454343446,10
XLMUSDT,COILING,4h,major,2026-06-29T13:02:42.423901-03:00,2026-W27,2.439024390243903,abierto,0.0,0.0,1.0864745011086496,-0.3204725328326263,10
AXSUSDT,COILING,4h,res,2026-06-29T13:02:42.423901-03:00,2026-W27,,sin_entrada,0.0,0.3,0.0,0.027666939089467036,10
AXSUSDT,COILING,4h,major,2026-06-29T13:02:42.423901-03:00,2026-W27,,sin_entrada,0.0,0.1,0.0,0.1601582332485531,10
ENAUSDT,COILING,4h,res,2026-06-29T13:02:42.423901-03:00,2026-W27,,sin_entrada,0.0,0.6,0.0,0.4074074074074064,10
ENAUSDT,COILING,4h,major,2026-06-29T13:02:42.423901-03:00,2026-W27,,sin_entrada,0.0,0.1,0.0,0.41818784004200554,10
ZROUSDT,COILING,4h,res,2026-06-29T13:02:42.423901-03:00,2026-W27,0.8312958435207833,target,1.0,0.3,0.8312958435207833,0.04938875305623469,10
ZROUSDT,COILING,4h,major,2026-06-29T13:02:42.423901-03:00,2026-W27,2.3349633251833737,target,1.0,0.3,2.3349633251833737,0.4004889975550121,10
ARBUSDT,COILING,4h,res,2026-06-29T14:02:40.93379-03:00,2026-W27,0.14416775884665664,target,1.0,1.0,0.14416775884665664,0.1441677588466553,10
ARBUSDT,COILING,4h,major,2026-06-29T14:02:40.93379-03:00,2026-W27,1.402359108781124,abierto,0.0,0.0,0.4325032765399728,-0.564584592148333,10
GIGGLEUSDT,PREBREAK,1h,major,2026-06-29T15:02:43.121398-03:00,2026-W27,0.24901185770750797,target,1.0,0.8,0.24901185770750797,0.12652780192682886,10
GRTUSDT,COILING,4h,res,2026-06-29T15:02:43.121398-03:00,2026-W27,,sin_entrada,0.0,0.5,0.0,0.08165487207403377,10
GRTUSDT,COILING,4h,major,2026-06-29T15:02:43.121398-03:00,2026-W27,,sin_entrada,0.0,0.0,0.0,-0.4272472369356679,10
FILUSDT,COILING,4h,res,2026-06-29T17:02:48.144137-03:00,2026-W27,,sin_entrada,0.0,0.7,0.0,0.06490066225165482,10
FILUSDT,COILING,4h,major,2026-06-29T17:02:48.144137-03:00,2026-W27,,sin_entrada,0.0,0.0,0.0,-0.20569720527007243,10
NEIROUSDT,COILING,4h,major,2026-06-29T17:02:48.144137-03:00,2026-W27,1.3711065894506163,abierto,0.0,0.0,0.43042729691657344,-0.07856077028266188,10
ENSOUSDT,HOLD,4h,major,2026-06-29T17:02:48.144137-03:00,2026-W27,0.46898638426626243,target,1.0,0.8,0.46898638426626243,0.2886480576148931,10
UNIUSDT,COILING,4h,major,2026-06-29T17:02:48.144137-03:00,2026-W27,,sin_entrada,0.0,0.4,0.0,-0.011256117455138496,10
XLMUSDT,COILING,4h,res,2026-06-29T18:02:39.334329-03:00,2026-W27,0.2783964365256096,target,1.0,0.7,0.2783964365256096,0.1406143135226131,10
XLMUSDT,COILING,4h,major,2026-06-29T18:02:39.334329-03:00,2026-W27,2.494432071269486,abierto,0.0,0.1,1.2750556792873047,-0.05331517266007775,10
ENAUSDT,COILING,4h,res,2026-06-29T18:02:39.334329-03:00,2026-W27,,sin_entrada,0.0,0.9,0.0,0.4590062111801245,10
ENAUSDT,COILING,4h,major,2026-06-29T18:02:39.334329-03:00,2026-W27,,sin_entrada,0.0,0.0,0.0,0.1817126262165531,10
GRTUSDT,COILING,4h,major,2026-06-29T20:02:33.788334-03:00,2026-W27,,sin_entrada,0.0,0.0,0.0,-0.15121117959106614,10
ZAMAUSDT,COILING,4h,res,2026-06-29T21:02:36.56766-03:00,2026-W27,0.21020092735703258,target,1.0,0.9,0.21020092735703258,0.1891808346213297,10
ZAMAUSDT,COILING,4h,major,2026-06-29T21:02:36.56766-03:00,2026-W27,1.2024729520865554,abierto,0.0,0.5,0.6862442040185468,0.29741237909403573,10
NEIROUSDT,COILING,4h,major,2026-06-29T22:02:42.472083-03:00,2026-W27,1.3711065894506198,abierto,0.0,0.0,0.36781969009234583,-0.5667414467717229,10
SKYUSDT,HOLD,4h,res,2026-06-30T01:02:36.342214-03:00,2026-W27,0.07141514752865974,target,1.0,1.0,0.07141514752865974,0.07141514752865953,10
SKYUSDT,HOLD,4h,major,2026-06-30T01:02:36.342214-03:00,2026-W27,1.2760759255778973,target,1.0,0.1,1.2760759255778973,-0.07115591503646464,10
FFUSDT,PREBREAK,1h,major,2026-06-30T01:02:36.342214-03:00,2026-W27,0.11901219875037121,target,1.0,0.7,0.11901219875037121,-0.04362756074840637,10
XLMUSDT,BREAKOUT,4h,major,2026-06-30T02:02:34.987456-03:00,2026-W27,1.9967177242888416,abierto,0.0,0.2,0.7275711159737419,0.22637463136384692,10
HYPERUSDT,PREBREAK,1h,major,2026-06-30T04:02:36.715729-03:00,2026-W27,0.29090909090909106,stop,0.0,0.7,-1.0,0.06872658694441003,10
MORPHOUSDT,HOLD,4h,major,2026-06-30T05:02:39.402681-03:00,2026-W27,0.09906152241918849,target,1.0,1.0,0.09906152241918849,0.09906152241918825,10
RENDERUSDT,COILING,4h,res,2026-06-30T09:02:37.652935-03:00,2026-W27,,sin_entrada,0.0,0.1,0.0,0.019925280199252597,10
RENDERUSDT,COILING,4h,major,2026-06-30T09:02:37.652935-03:00,2026-W27,,sin_entrada,0.0,0.0,0.0,-0.05682597922245436,10
ZAMAUSDT,HOLD,4h,major,2026-06-30T09:02:37.652935-03:00,2026-W27,0.8428657435279967,abierto,0.0,0.7,0.19566526189042754,0.6143805751413314,10
ZROUSDT,PREBREAK,1h,res,2026-06-30T10:02:37.88849-03:00,2026-W27,0.03601440576230498,target,1.0,0.8,0.03601440576230498,0.028811524609843646,10
ZROUSDT,PREBREAK,1h,major,2026-06-30T10:02:37.88849-03:00,2026-W27,0.03601440576230498,target,1.0,0.9,0.03601440576230498,0.03241296518607413,10
XLMUSDT,COILING,4h,major,2026-06-30T13:02:39.77506-03:00,2026-W27,1.668443496801707,abierto,0.0,0.0,0.298507462686568,-0.36876559205306075,10
NEIROUSDT,COILING,4h,major,2026-06-30T13:02:39.77506-03:00,2026-W27,,sin_entrada,0.0,0.0,0.0,-0.3,10
FFUSDT,BREAKOUT,4h,major,2026-06-30T13:02:39.77506-03:00,2026-W27,0.4083665338645439,stop,0.0,0.7,-1.0,0.1036455065990062,10
ARBUSDT,COILING,4h,major,2026-06-30T13:02:39.77506-03:00,2026-W27,1.1111111111111105,abierto,0.0,0.1,0.1404853128991057,0.0479720185616328,10
GLMUSDT,BREAKOUT,4h,res,2026-06-30T14:02:35.94637-03:00,2026-W27,1.3071297989031097,stop,0.0,0.0,-1.0,-0.24015874293259273,10
GLMUSDT,BREAKOUT,4h,major,2026-06-30T14:02:35.94637-03:00,2026-W27,1.3071297989031097,stop,0.0,0.0,-1.0,-0.2857365805093041,10
STOUSDT,PREBREAK,1h,res,2026-06-30T19:02:34.985706-03:00,2026-W27,0.04291845493562208,target,1.0,0.9,0.04291845493562208,-0.06137339055794019,10
STOUSDT,PREBREAK,1h,major,2026-06-30T19:02:34.985706-03:00,2026-W27,0.04291845493562208,target,1.0,0.8,0.04291845493562208,-0.021983346848362235,10
NMRUSDT,COILING,4h,major,2026-06-30T21:02:37.911113-03:00,2026-W27,0.4673913043478277,target,1.0,0.0,0.4673913043478277,-0.2,10
APTUSDT,PREBREAK,1h,res,2026-06-30T23:02:35.905423-03:00,2026-W27,0.06944444444444453,target,1.0,1.0,0.06944444444444453,0.06944444444444617,10
APTUSDT,PREBREAK,1h,major,2026-06-30T23:02:35.905423-03:00,2026-W27,0.3472222222222226,target,1.0,0.3,0.3472222222222226,-0.0545942457225471,10
MITOUSDT,COILING,4h,major,2026-07-01T05:02:39.711573-03:00,2026-W27,,sin_entrada,0.0,0.4,0.0,0.2637766654983801,10
JUPUSDT,BREAKOUT,4h,res,2026-07-01T05:02:39.711573-03:00,2026-W27,0.44444444444444253,target,1.0,0.8,0.44444444444444253,0.2601898840834744,10
JUPUSDT,BREAKOUT,4h,major,2026-07-01T05:02:39.711573-03:00,2026-W27,0.5066666666666666,target,1.0,0.6,0.5066666666666666,0.05992766576058008,10
ETHFIUSDT,PREBREAK,1h,res,2026-07-01T06:02:35.850214-03:00,2026-W27,0.06134969325153206,target,1.0,0.9,0.06134969325153206,0.05521472392637951,10
ETHFIUSDT,PREBREAK,1h,major,2026-07-01T06:02:35.850214-03:00,2026-W27,0.8282208588957024,target,1.0,0.7,0.8282208588957024,0.3128117913832188,10
NOMUSDT,COILING,4h,res,2026-07-01T08:02:47.413-03:00,2026-W27,0.21126760563380187,target,1.0,0.1,0.21126760563380187,0.021126760563380233,10
NOMUSDT,COILING,4h,major,2026-07-01T08:02:47.413-03:00,2026-W27,3.0985915492957754,target,1.0,0.0,3.0985915492957754,-0.44367142452027597,10
AXSUSDT,COILING,4h,major,2026-07-01T09:02:42.145778-03:00,2026-W27,1.764705882352941,abierto,0.0,0.2,-0.303921568627451,0.08059446917409765,10
MEUSDT,COILING,4h,res,2026-07-01T09:02:42.145778-03:00,2026-W27,0.414112970018219,target,1.0,0.7,0.414112970018219,0.18987907901275347,10
MEUSDT,COILING,4h,major,2026-07-01T09:02:42.145778-03:00,2026-W27,2.2246148749378825,target,1.0,0.0,2.2246148749378825,-0.19172427911834627,10
JUPUSDT,BREAKOUT,4h,major,2026-07-01T10:02:37.807487-03:00,2026-W27,0.05102040816326444,target,1.0,0.9,0.05102040816326444,-0.054081632653061505,10
ETCUSDT,PREBREAK,1h,res,2026-07-01T11:02:34.856926-03:00,2026-W27,0.0860832137733149,target,1.0,0.9,0.0860832137733149,0.0404845983400013,10
ETCUSDT,PREBREAK,1h,major,2026-07-01T11:02:34.856926-03:00,2026-W27,0.27259684361549424,target,1.0,0.6,0.27259684361549424,0.16355810616929695,10
ETHUSDT,PREBREAK,1h,major,2026-07-01T12:02:34.830484-03:00,2026-W27,0.20922432388623685,target,1.0,0.7,0.20922432388623685,0.04433643246571193,10
IOTAUSDT,HOLD,4h,res,2026-07-01T13:02:46.318188-03:00,2026-W27,0.4438642297650149,target,1.0,0.4,0.4438642297650149,-0.39240249462249177,10
IOTAUSDT,HOLD,4h,major,2026-07-01T13:02:46.318188-03:00,2026-W27,1.8798955613577035,abierto,0.0,0.0,-0.2610966057441255,-0.5784053393057006,10
MITOUSDT,COILING,4h,major,2026-07-01T13:02:46.318188-03:00,2026-W27,,sin_entrada,0.0,0.4,0.0,0.3715924819241156,10
SEIUSDT,PREBREAK,1h,res,2026-07-01T13:02:46.318188-03:00,2026-W27,0.2099792099792107,target,1.0,0.7,0.2099792099792107,-0.022704258418543413,10
SEIUSDT,PREBREAK,1h,major,2026-07-01T13:02:46.318188-03:00,2026-W27,0.523908523908524,target,1.0,0.6,0.523908523908524,0.17519359008319374,10
MEUSDT,COILING,4h,res,2026-07-01T14:02:37.575645-03:00,2026-W27,0.14079840980619684,target,1.0,0.9,0.14079840980619684,0.12671856882557606,10
MEUSDT,COILING,4h,major,2026-07-01T14:02:37.575645-03:00,2026-W27,2.2246148749378847,target,1.0,0.0,2.2246148749378847,-0.03234810576057978,10
AXSUSDT,COILING,4h,major,2026-07-01T14:02:37.575645-03:00,2026-W27,1.3529411764705874,abierto,0.0,0.1,-0.303921568627451,-0.2304890184857326,10
COOKIEUSDT,BREAKOUT,4h,res,2026-07-01T18:02:33.070624-03:00,2026-W27,0.7843137254901946,stop,0.0,0.5,-1.0,-0.019471044231646317,10
COOKIEUSDT,BREAKOUT,4h,major,2026-07-01T18:02:33.070624-03:00,2026-W27,0.7843137254901946,stop,0.0,0.6,-1.0,0.14970911441499654,10
CRVUSDT,BREAKOUT,4h,major,2026-07-01T19:02:41.103246-03:00,2026-W27,0.8768373035985815,target,1.0,0.2,0.8768373035985815,-0.43786268786537086,10
SUIUSDT,COILING,4h,major,2026-07-01T21:02:43.987654-03:00,2026-W27,0.3143173636111905,target,1.0,0.6,0.3143173636111905,-0.06257765360367218,10
AXSUSDT,COILING,4h,major,2026-07-01T21:02:43.987654-03:00,2026-W27,0.9215686274509814,abierto,0.0,0.3,-0.22549019607843168,0.060183907383643785,10
HEMIUSDT,HOLD,4h,major,2026-07-01T21:02:43.987654-03:00,2026-W27,1.1111111111111125,stop,0.0,0.5,-1.0,0.17135690995736172,10
OGNUSDT,COILING,4h,res,2026-07-01T21:02:43.987654-03:00,2026-W27,0.27813712807244595,target,1.0,0.4,0.27813712807244595,-0.08874514877102133,10
OGNUSDT,COILING,4h,major,2026-07-01T21:02:43.987654-03:00,2026-W27,1.0737386804657176,target,1.0,0.1,1.0737386804657176,-0.303411183583811,10
PEPEUSDT,COILING,4h,major,2026-07-02T01:02:41.112085-03:00,2026-W27,2.0661157024793386,abierto,0.0,0.0,0.7851239669421473,-0.23762620131589846,10
ZAMAUSDT,PREBREAK,1h,res,2026-07-02T06:02:37.381745-03:00,2026-W27,0.11490866234531577,target,1.0,0.9,0.11490866234531577,0.10341779611078457,10
ZAMAUSDT,PREBREAK,1h,major,2026-07-02T06:02:37.381745-03:00,2026-W27,0.1974071891573357,target,1.0,0.7,0.1974071891573357,-0.06181496758986401,10
DOGEUSDT,PREBREAK,1h,major,2026-07-02T07:02:40.370046-03:00,2026-W27,0.02027300986619777,target,1.0,0.9,0.02027300986619777,-0.08175429112042122,10
RENDERUSDT,COILING,4h,major,2026-07-02T09:02:41.401577-03:00,2026-W27,0.6911581569115836,abierto,0.0,0.1,-0.33623910336239016,-0.01442222834370691,10
ALGOUSDT,COILING,4h,res,2026-07-02T09:02:41.401577-03:00,2026-W27,0.2380952380952372,target,1.0,0.5,0.2380952380952372,0.06616993052469461,10
ALGOUSDT,COILING,4h,major,2026-07-02T09:02:41.401577-03:00,2026-W27,0.9523809523809519,abierto,0.0,0.3,-0.35147392290249546,0.17752722614433303,10
UNIUSDT,BREAKOUT,4h,major,2026-07-02T09:02:41.401577-03:00,2026-W27,0.22317033147358079,target,1.0,0.9,0.22317033147358079,0.100853298326223,10
ASTERUSDT,BREAKOUT,4h,major,2026-07-02T09:02:41.401577-03:00,2026-W27,0.09360374414976617,target,1.0,0.8,0.09360374414976617,0.03557719425923102,10
SEIUSDT,COILING,4h,res,2026-07-02T09:02:41.401577-03:00,2026-W27,0.05751685838952909,target,1.0,0.3,0.05751685838952909,0.01725505751685873,10
SEIUSDT,COILING,4h,major,2026-07-02T09:02:41.401577-03:00,2026-W27,1.8544228480761618,abierto,0.0,0.0,-0.5037683458944853,-0.20314118322276623,10
BONKUSDT,PREBREAK,1h,res,2026-07-02T09:02:41.401577-03:00,2026-W27,0.022675736961451046,target,1.0,1.0,0.022675736961451046,0.022675736961450678,10
BONKUSDT,PREBREAK,1h,major,2026-07-02T09:02:41.401577-03:00,2026-W27,0.022675736961451046,target,1.0,0.9,0.022675736961451046,0.020408163265305753,10
DASHUSDT,BREAKOUT,4h,major,2026-07-02T10:02:39.430312-03:00,2026-W27,0.7277471730936501,target,1.0,0.4,0.7277471730936501,-0.21677846995601757,10
ZENUSDT,BREAKOUT,4h,major,2026-07-02T10:02:39.430312-03:00,2026-W27,1.122906345836283,abierto,0.0,0.1,-0.24534088228355788,-0.20737851502342491,10
LUNCUSDT,PREBREAK,1h,res,2026-07-02T11:02:45.077107-03:00,2026-W27,0.035807291666667976,target,1.0,1.0,0.035807291666667976,0.03580729166666709,10
LUNCUSDT,PREBREAK,1h,major,2026-07-02T11:02:45.077107-03:00,2026-W27,0.035807291666667976,target,1.0,0.6,0.035807291666667976,-0.23104552711473988,10
SEIUSDT,PREBREAK,1h,res,2026-07-02T12:03:07.364287-03:00,2026-W27,0.05753030614341824,target,1.0,0.4,0.05753030614341824,-0.12106854352783329,10
SEIUSDT,PREBREAK,1h,major,2026-07-02T12:03:07.364287-03:00,2026-W27,0.3534004520238355,target,1.0,0.6,0.3534004520238355,0.10135219642145862,10
ICPUSDT,COILING,4h,major,2026-07-02T13:02:59.025042-03:00,2026-W27,0.2790079716563338,abierto,0.0,0.2,0.026572187776792155,-0.3441984056687336,10
GMTUSDT,COILING,4h,major,2026-07-02T13:02:59.025042-03:00,2026-W27,0.5472636815920391,target,1.0,0.0,0.5472636815920391,-0.1,10
FLOKIUSDT,COILING,4h,res,2026-07-02T13:02:59.025042-03:00,2026-W27,0.039893617021276966,target,1.0,0.8,0.039893617021276966,0.03191489361702146,10
FLOKIUSDT,COILING,4h,major,2026-07-02T13:02:59.025042-03:00,2026-W27,1.5647163120567382,abierto,0.0,0.0,0.02216312056737557,-0.3094360163889146,10
ALGOUSDT,COILING,4h,res,2026-07-02T13:02:59.025042-03:00,2026-W27,0.343642611683849,target,1.0,0.3,0.343642611683849,0.0513419247128045,10
ALGOUSDT,COILING,4h,major,2026-07-02T13:02:59.025042-03:00,2026-W27,1.0652920962199315,abierto,0.0,0.0,-0.26345933562428314,-0.30606071104571153,10
RENDERUSDT,COILING,4h,res,2026-07-02T14:02:42.703109-03:00,2026-W27,0.13888888888888912,target,1.0,0.7,0.13888888888888912,-0.04658185537546016,10
RENDERUSDT,COILING,4h,major,2026-07-02T14:02:42.703109-03:00,2026-W27,0.8396464646464653,abierto,0.0,0.1,-0.2209595959595967,-0.35784548898855084,10
DASHUSDT,COILING,4h,major,2026-07-02T17:02:36.847105-03:00,2026-W27,0.6077981651376161,target,1.0,0.0,0.6077981651376161,-0.34152148885363126,10
AXSUSDT,COILING,4h,major,2026-07-02T17:02:36.847105-03:00,2026-W27,0.8789062500000013,abierto,0.0,0.5,-0.1660156250000011,0.10106727337015149,10
FLOKIUSDT,COILING,4h,res,2026-07-02T18:02:37.005507-03:00,2026-W27,0.11612326931666113,target,1.0,0.4,0.11612326931666113,-0.05355069227333557,10
FLOKIUSDT,COILING,4h,major,2026-07-02T18:02:37.005507-03:00,2026-W27,1.652523447967845,abierto,0.0,0.0,0.08932559178204569,-0.5276345464426452,10
GMTUSDT,COILING,4h,major,2026-07-02T18:02:37.005507-03:00,2026-W27,0.5472636815920391,target,1.0,0.0,0.5472636815920391,0.0,10
SAHARAUSDT,PREBREAK,1h,res,2026-07-02T20:02:35.427955-03:00,2026-W27,0.10242085661080139,target,1.0,0.9,0.10242085661080139,-0.007821229050279361,10
SAHARAUSDT,PREBREAK,1h,major,2026-07-02T20:02:35.427955-03:00,2026-W27,0.10242085661080139,target,1.0,0.5,0.10242085661080139,-0.40557190607945753,10
SHIBUSDT,COILING,4h,major,2026-07-02T21:02:39.046544-03:00,2026-W27,0.728929384965831,abierto,0.0,0.2,-0.22779043280182432,0.10440794003622025,10
PEPEUSDT,HOLD,4h,res,2026-07-02T21:02:39.046544-03:00,2026-W27,0.20408163265306464,target,1.0,0.8,0.20408163265306464,-0.0367346938775491,10
PEPEUSDT,HOLD,4h,major,2026-07-02T21:02:39.046544-03:00,2026-W27,1.6734693877551066,target,1.0,0.0,1.6734693877551066,-0.48871960359876354,10
TRUMPUSDT,PREBREAK,1h,major,2026-07-02T23:02:36.106699-03:00,2026-W27,0.06362058993637752,target,1.0,0.8,0.06362058993637752,0.050896471949102115,10
SNXUSDT,BREAKOUT,4h,major,2026-07-03T01:02:43.271219-03:00,2026-W27,0.7563025210084044,stop,0.0,0.6,-1.0,0.1709488945792918,10
0GUSDT,COILING,4h,major,2026-07-03T01:02:43.271219-03:00,2026-W27,,sin_entrada,0.0,0.2,0.0,-0.1799957545042053,10
TRUMPUSDT,COILING,4h,major,2026-07-03T01:02:43.271219-03:00,2026-W27,0.9195402298850573,abierto,0.0,0.3,-0.7011494252873551,-0.023044649070609612,10
RENDERUSDT,COILING,4h,major,2026-07-03T01:02:43.271219-03:00,2026-W27,0.2383863080684606,abierto,0.0,0.2,-0.45843520782396063,-0.15232273838630767,10
RSRUSDT,HOLD,4h,res,2026-07-03T05:02:50.079222-03:00,2026-W27,0.2951096121416535,target,1.0,0.9,0.2951096121416535,0.16559865092748768,10
RSRUSDT,HOLD,4h,major,2026-07-03T05:02:50.079222-03:00,2026-W27,1.0539629005059035,target,1.0,0.0,1.0539629005059035,-0.7216307144922542,10
AXSUSDT,COILING,4h,major,2026-07-03T05:02:50.079222-03:00,2026-W27,0.6909788867562389,abierto,0.0,0.3,-0.27831094049904137,-0.12404304692800801,10
NEIROUSDT,COILING,4h,res,2026-07-03T05:02:50.079222-03:00,2026-W27,0.03682111077017454,target,1.0,0.7,0.03682111077017454,0.025774777539121885,10
NEIROUSDT,COILING,4h,major,2026-07-03T05:02:50.079222-03:00,2026-W27,0.26848726603252554,target,1.0,0.3,0.26848726603252554,-0.006555465485956052,10
GALAUSDT,COILING,4h,major,2026-07-03T05:02:50.079222-03:00,2026-W27,0.6800166875260764,target,1.0,0.1,0.6800166875260764,-0.3057409250796274,10
ARKMUSDT,HOLD,4h,major,2026-07-03T06:02:38.589592-03:00,2026-W27,0.33360455655004134,stop,0.0,0.7,-1.0,0.06266338737444219,10
DOGEUSDT,PREBREAK,1h,res,2026-07-03T06:02:38.589592-03:00,2026-W27,0.019891261105953788,target,1.0,0.6,0.019891261105953788,0.011934756663571754,10
DOGEUSDT,PREBREAK,1h,major,2026-07-03T06:02:38.589592-03:00,2026-W27,0.019891261105953788,target,1.0,0.6,0.019891261105953788,-0.15170986228149885,10
AAVEUSDT,PREBREAK,1h,res,2026-07-03T08:02:37.242658-03:00,2026-W27,0.10845986984815813,target,1.0,0.7,0.10845986984815813,0.008899203881854568,10
AAVEUSDT,PREBREAK,1h,major,2026-07-03T08:02:37.242658-03:00,2026-W27,0.10845986984815813,target,1.0,0.8,0.10845986984815813,-0.013232104121473914,10
HYPERUSDT,PREBREAK,1h,major,2026-07-03T09:02:41.309273-03:00,2026-W27,0.10856453558504209,stop,0.0,0.7,-1.0,0.0759951749095298,10
ICPUSDT,COILING,4h,major,2026-07-03T09:02:41.309273-03:00,2026-W27,0.1417183348095661,target,1.0,0.7,0.1417183348095661,-0.16210887488708475,10
ONDOUSDT,PREBREAK,1h,res,2026-07-03T09:02:41.309273-03:00,2026-W27,0.13432835820895545,target,1.0,0.7,0.13432835820895545,0.09402985074626834,10
ONDOUSDT,PREBREAK,1h,major,2026-07-03T09:02:41.309273-03:00,2026-W27,0.13432835820895545,target,1.0,0.7,0.13432835820895545,-0.10597014925373224,10
UNIUSDT,HOLD,4h,res,2026-07-03T09:02:41.309273-03:00,2026-W27,0.169962917181705,target,1.0,0.8,0.169962917181705,0.0281324959075262,10
UNIUSDT,HOLD,4h,major,2026-07-03T09:02:41.309273-03:00,2026-W27,0.169962917181705,target,1.0,1.0,0.169962917181705,0.16996291718170534,10
HBARUSDT,COILING,4h,major,2026-07-03T10:02:39.147443-03:00,2026-W27,0.557779556978915,abierto,0.0,0.0,-0.5297571390445688,-0.019235342507582964,10
SHIBUSDT,COILING,4h,major,2026-07-03T10:02:39.147443-03:00,2026-W27,0.6150341685649209,abierto,0.0,0.0,0.0227790432801811,-0.24603708513401307,10
ETCUSDT,PREBREAK,1h,res,2026-07-03T10:02:39.147443-03:00,2026-W27,0.027700831024930175,target,1.0,1.0,0.027700831024930175,0.027700831024930372,10
ETCUSDT,PREBREAK,1h,major,2026-07-03T10:02:39.147443-03:00,2026-W27,0.027700831024930175,target,1.0,1.0,0.027700831024930175,0.027700831024930588,10
MANAUSDT,BREAKOUT,4h,major,2026-07-03T12:02:35.235685-03:00,2026-W27,0.1111111111111124,target,1.0,0.6,0.1111111111111124,-0.2205563575536754,10
SHIBUSDT,COILING,4h,major,2026-07-03T15:02:42.139274-03:00,2026-W27,0.5694760820045518,abierto,0.0,0.3,-0.09111617312073217,-0.030008218917258623,10
HBARUSDT,COILING,4h,major,2026-07-03T15:02:42.139274-03:00,2026-W27,0.443021083533492,abierto,0.0,0.0,-0.6805444355484391,-0.04444938043466051,10
EDUUSDT,HOLD,4h,res,2026-07-03T16:02:38.553897-03:00,2026-W27,0.2866242038216576,target,1.0,0.9,0.2866242038216576,0.2482215236992314,10
EDUUSDT,HOLD,4h,major,2026-07-03T16:02:38.553897-03:00,2026-W27,0.2866242038216576,target,1.0,0.7,0.2866242038216576,-0.09936305732484019,10
AAVEUSDT,COILING,4h,res,2026-07-03T17:02:43.651005-03:00,2026-W27,0.6245764626157655,target,1.0,0.3,0.6245764626157655,0.05363620545292155,10
AAVEUSDT,COILING,4h,major,2026-07-03T17:02:43.651005-03:00,2026-W27,1.2062344702959091,abierto,0.0,0.2,0.9667946690761231,-0.03900681256488485,10
FLOKIUSDT,HOLD,4h,res,2026-07-03T17:02:43.651005-03:00,2026-W27,0.008628127696291283,target,1.0,0.8,0.008628127696291283,-0.1390136126332544,10
FLOKIUSDT,HOLD,4h,major,2026-07-03T17:02:43.651005-03:00,2026-W27,0.4400345125107823,target,1.0,0.6,0.4400345125107823,0.01426814476345124,10
OPUSDT,HOLD,4h,major,2026-07-03T17:02:43.651005-03:00,2026-W27,0.16713091922005532,target,1.0,1.0,0.16713091922005532,0.16713091922005555,10
ICPUSDT,PREBREAK,1h,major,2026-07-03T18:02:40.398785-03:00,2026-W27,0.02219263204616022,target,1.0,0.9,0.02219263204616022,0.019973368841545446,10
HBARUSDT,COILING,4h,major,2026-07-03T20:02:36.393619-03:00,2026-W27,0.443021083533492,abierto,0.0,0.1,-0.6124899919935967,-0.012134060256613927,10
AAVEUSDT,COILING,4h,res,2026-07-03T22:02:33.279767-03:00,2026-W27,,sin_entrada,0.0,0.8,0.0,0.11350906095552085,10
AAVEUSDT,COILING,4h,major,2026-07-03T22:02:33.279767-03:00,2026-W27,,sin_entrada,0.0,0.3,0.0,0.315415411697472,10
ZAMAUSDT,COILING,4h,res,2026-07-04T01:02:35.399597-03:00,2026-W27,,sin_entrada,0.0,0.4,0.0,-0.0673754733469265,10
ZAMAUSDT,COILING,4h,major,2026-07-04T01:02:35.399597-03:00,2026-W27,,sin_entrada,0.0,0.5,0.0,0.04078065831634173,10
DEXEUSDT,COILING,4h,major,2026-07-04T01:02:35.399597-03:00,2026-W27,0.760401721664276,target,1.0,0.5,0.760401721664276,0.08020086083213743,10
FFUSDT,PREBREAK,1h,major,2026-07-04T05:02:42.467779-03:00,2026-W27,0.31589023611997397,abierto,0.0,0.9,-0.7498404594767072,0.2843012125079746,10
ALICEUSDT,HOLD,4h,major,2026-07-04T05:02:42.467779-03:00,2026-W27,1.016825164594003,target,1.0,0.5,1.016825164594003,0.029830147782364237,10
ZAMAUSDT,COILING,4h,res,2026-07-04T06:02:39.69477-03:00,2026-W27,,sin_entrada,0.0,0.5,0.0,-0.05333916593759108,10
ZAMAUSDT,COILING,4h,major,2026-07-04T06:02:39.69477-03:00,2026-W27,,sin_entrada,0.0,0.4,0.0,0.03732866724992723,10
DEXEUSDT,COILING,4h,major,2026-07-04T09:02:36.548775-03:00,2026-W27,0.760401721664276,target,1.0,0.5,0.760401721664276,0.18020086083213765,10
ALGOUSDT,HOLD,4h,res,2026-07-04T09:02:36.548775-03:00,2026-W27,0.3467561521252801,target,1.0,0.5,0.3467561521252801,-0.05031245387238361,10
ALGOUSDT,HOLD,4h,major,2026-07-04T09:02:36.548775-03:00,2026-W27,0.5369127516778536,abierto,0.0,0.3,-0.32438478747203625,-0.33020232078687617,10
PORTALUSDT,PREBREAK,1h,major,2026-07-04T10:02:42.393908-03:00,2026-W27,0.19561815336463384,target,1.0,0.6,0.19561815336463384,-0.08262910798121963,10
DEXEUSDT,PREBREAK,1h,major,2026-07-04T11:02:39.060797-03:00,2026-W27,0.046633881634729306,target,1.0,0.9,0.046633881634729306,0.0419704934712564,10
LDOUSDT,PREBREAK,1h,res,2026-07-04T12:02:47.851346-03:00,2026-W27,0.14820303816228253,target,1.0,0.9,0.14820303816228253,0.033382734346053246,10
LDOUSDT,PREBREAK,1h,major,2026-07-04T12:02:47.851346-03:00,2026-W27,0.14820303816228253,target,1.0,0.9,0.14820303816228253,0.13338273434605402,10
TSTUSDT,HOLD,4h,major,2026-07-04T12:02:47.851346-03:00,2026-W27,0.24221453287197164,stop,0.0,0.7,-1.0,-0.13044982698961954,10
ICPUSDT,PREBREAK,1h,res,2026-07-04T12:02:47.851346-03:00,2026-W27,0.017785682525566945,target,1.0,0.5,0.017785682525566945,0.008892841262782857,10
ICPUSDT,PREBREAK,1h,major,2026-07-04T12:02:47.851346-03:00,2026-W27,0.022232103156958186,target,1.0,0.9,0.022232103156958186,0.020008892841261918,10
DASHUSDT,PREBREAK,1h,res,2026-07-04T13:02:42.29487-03:00,2026-W27,0.02492384381057975,target,1.0,0.7,0.02492384381057975,0.017446690667404518,10
DASHUSDT,PREBREAK,1h,major,2026-07-04T13:02:42.29487-03:00,2026-W27,0.1356964829687074,target,1.0,0.6,0.1356964829687074,-0.01858211021877614,10
SUIUSDT,PREBREAK,1h,res,2026-07-04T13:02:42.29487-03:00,2026-W27,0.07885211995863489,target,1.0,0.7,0.07885211995863489,-0.04480351602895448,10
SUIUSDT,PREBREAK,1h,major,2026-07-04T13:02:42.29487-03:00,2026-W27,0.07885211995863489,target,1.0,0.8,0.07885211995863489,-0.03691830403309153,10
AAVEUSDT,COILING,4h,major,2026-07-04T13:02:42.29487-03:00,2026-W27,0.8973091707852826,target,1.0,0.6,0.8973091707852826,0.35666978448355724,10
DEXEUSDT,COILING,4h,major,2026-07-04T14:02:41.345781-03:00,2026-W27,0.760401721664276,target,1.0,0.4,0.760401721664276,-0.19583931133428972,10
FETUSDT,PREBREAK,1h,res,2026-07-04T15:02:36.580788-03:00,2026-W27,0.14893617021276592,stop,0.0,0.5,-1.0,0.03197881760803181,10
FETUSDT,PREBREAK,1h,major,2026-07-04T15:02:36.580788-03:00,2026-W27,0.14893617021276592,stop,0.0,0.3,-1.0,-0.2511731682540254,10
PORTALUSDT,COILING,4h,res,2026-07-04T17:02:42.2378-03:00,2026-W27,1.4044512663085185,stop,0.0,0.2,-1.0,-0.03827906110596213,10
PORTALUSDT,COILING,4h,major,2026-07-04T17:02:42.2378-03:00,2026-W27,2.808902532617037,stop,0.0,0.4,-1.0,0.7745979006875625,10
PYTHUSDT,PREBREAK,1h,res,2026-07-04T18:02:34.946774-03:00,2026-W27,0.2530991735537194,target,1.0,0.9,0.2530991735537194,0.12778925619834683,10
PYTHUSDT,PREBREAK,1h,major,2026-07-04T18:02:34.946774-03:00,2026-W27,0.7024793388429752,target,1.0,0.3,0.7024793388429752,-0.38925619834710756,10
PORTALUSDT,COILING,4h,res,2026-07-04T22:02:34.424631-03:00,2026-W27,1.2405446293494709,stop,0.0,0.3,-1.0,0.0892752782210435,10
PORTALUSDT,COILING,4h,major,2026-07-04T22:02:34.424631-03:00,2026-W27,2.6248108925869897,stop,0.0,0.0,-1.0,-0.6218293700635327,10
SANDUSDT,PREBREAK,1h,major,2026-07-04T23:02:34.559685-03:00,2026-W27,0.304972804972804,abierto,0.0,0.6,-0.4681429681429683,0.18298368298368314,10
AAVEUSDT,PREBREAK,1h,res,2026-07-05T11:02:34.039049-03:00,2026-W27,0.06465277003678656,target,1.0,0.7,0.06465277003678656,-0.05474306097424839,10
AAVEUSDT,PREBREAK,1h,major,2026-07-05T11:02:34.039049-03:00,2026-W27,0.1493701928436075,target,1.0,0.8,0.1493701928436075,0.01949615427488642,10
PYTHUSDT,COILING,4h,res,2026-07-05T17:02:38.968165-03:00,2026-W27,0.35899975241396204,target,1.0,0.2,0.35899975241396204,-0.3282000495172075,10
PYTHUSDT,COILING,4h,major,2026-07-05T17:02:38.968165-03:00,2026-W27,0.6610547165139864,target,1.0,0.4,0.6610547165139864,-0.07418144949547496,10
ARBUSDT,PREBREAK,1h,res,2026-07-05T19:02:38.135848-03:00,2026-W27,0.1618929016189303,target,1.0,0.8,0.1618929016189303,-0.05768214669602615,10
ARBUSDT,PREBREAK,1h,major,2026-07-05T19:02:38.135848-03:00,2026-W27,0.2241594022415954,target,1.0,0.7,0.2241594022415954,0.010089346308643287,10
ZECUSDT,PREBREAK,1h,res,2026-07-05T21:02:42.370646-03:00,2026-W28,0.09080590238365395,target,1.0,0.6,0.09080590238365395,-0.24551645856980717,10
ZECUSDT,PREBREAK,1h,major,2026-07-05T21:02:42.370646-03:00,2026-W28,0.2015291371297619,target,1.0,0.6,0.2015291371297619,-0.17908251772214248,10
ICPUSDT,PREBREAK,1h,res,2026-07-05T21:02:42.370646-03:00,2026-W28,0.16143497757847558,target,1.0,0.6,0.16143497757847558,-0.10313901345291479,10
ICPUSDT,PREBREAK,1h,major,2026-07-05T21:02:42.370646-03:00,2026-W28,0.3139013452914793,target,1.0,0.4,0.3139013452914793,-0.04673382487509854,10
RUNEUSDT,PREBREAK,1h,res,2026-07-05T21:02:42.370646-03:00,2026-W28,0.07228915662650612,target,1.0,0.7,0.07228915662650612,-0.17859467065341636,10
RUNEUSDT,PREBREAK,1h,major,2026-07-05T21:02:42.370646-03:00,2026-W28,0.1204819277108422,stop,0.0,0.7,-1.0,-0.2156626506024101,10
PYTHUSDT,COILING,4h,res,2026-07-05T22:02:43.474161-03:00,2026-W28,0.00239062873535979,target,1.0,0.6,0.00239062873535979,0.0014343772412157355,10
PYTHUSDT,COILING,4h,major,2026-07-05T22:02:43.474161-03:00,2026-W28,0.29404733444896225,target,1.0,0.2,0.29404733444896225,0.058809466889792494,10
DASHUSDT,PREBREAK,1h,res,2026-07-05T22:02:43.474161-03:00,2026-W28,0.02511861568518098,target,1.0,0.9,0.02511861568518098,0.022606754116661125,10
DASHUSDT,PREBREAK,1h,major,2026-07-05T22:02:43.474161-03:00,2026-W28,0.23164945576332843,target,1.0,0.6,0.23164945576332843,-0.14372111761969178,10
XLMUSDT,PREBREAK,1h,major,2026-07-06T06:02:43.847239-03:00,2026-W28,0.49124513618677046,stop,0.0,0.2,-1.0,-0.41339288017961345,10
PSGUSDT,PREBREAK,1h,res,2026-07-06T07:02:52.541451-03:00,2026-W28,,sin_entrada,0.0,0.4,0.0,-0.13796803083046466,10
PSGUSDT,PREBREAK,1h,major,2026-07-06T07:02:52.541451-03:00,2026-W28,,sin_entrada,0.0,0.7,0.0,0.12859542841540642,10
SENTUSDT,PREBREAK,1h,res,2026-07-06T08:02:38.910493-03:00,2026-W28,0.39268788083954026,target,1.0,0.5,0.39268788083954026,-0.0036560595802302975,10
SENTUSDT,PREBREAK,1h,major,2026-07-06T08:02:38.910493-03:00,2026-W28,0.41976980365605915,target,1.0,0.8,0.41976980365605915,0.13581584292484636,10
ONDOUSDT,PREBREAK,1h,major,2026-07-06T08:02:38.910493-03:00,2026-W28,0.3386809269162203,abierto,0.0,0.6,-0.5377302436125964,-0.09679144385026776,10
ZKUSDT,PREBREAK,1h,major,2026-07-06T10:02:41.102414-03:00,2026-W28,0.21316033364226392,target,1.0,0.6,0.21316033364226392,-0.07210379981464224,10
WIFUSDT,COILING,4h,major,2026-07-06T13:02:42.855112-03:00,2026-W28,,sin_entrada,0.0,0.6,0.0,0.07491856677524396,10
ZAMAUSDT,COILING,4h,res,2026-07-06T13:02:42.855112-03:00,2026-W28,0.1301775147928983,target,1.0,0.8,0.1301775147928983,0.10414201183431912,10
ZAMAUSDT,COILING,4h,major,2026-07-06T13:02:42.855112-03:00,2026-W28,0.23964497041420288,target,1.0,0.9,0.23964497041420288,0.11568047337278169,10
AAVEUSDT,BREAKOUT,4h,major,2026-07-06T13:02:42.855112-03:00,2026-W28,0.2861289653742489,stop,0.0,1.0,-1.0,0.2861289653742483,10
BNSOLUSDT,PREBREAK,1h,res,2026-07-06T16:02:38.606986-03:00,2026-W28,0.010845986984813462,target,1.0,0.9,0.010845986984813462,0.009761388286332735,10
BNSOLUSDT,PREBREAK,1h,major,2026-07-06T16:02:38.606986-03:00,2026-W28,0.14099783080260275,target,1.0,0.8,0.14099783080260275,0.05060059981196807,10
SOMIUSDT,BREAKOUT,4h,res,2026-07-06T16:02:38.606986-03:00,2026-W28,0.08196721311475516,target,1.0,1.0,0.08196721311475516,0.08196721311475545,10
SOMIUSDT,BREAKOUT,4h,major,2026-07-06T16:02:38.606986-03:00,2026-W28,0.08196721311475516,target,1.0,0.9,0.08196721311475516,-0.026229508196720108,10
INJUSDT,COILING,4h,major,2026-07-06T17:02:37.933682-03:00,2026-W28,0.25656565656565605,target,1.0,0.7,0.25656565656565605,0.07959595959595914,10
AVAXUSDT,PREBREAK,1h,res,2026-07-06T18:02:40.026475-03:00,2026-W28,0.025751072961373103,target,1.0,0.8,0.025751072961373103,0.02060085836909803,10
AVAXUSDT,PREBREAK,1h,major,2026-07-06T18:02:40.026475-03:00,2026-W28,0.17882689556509304,stop,0.0,0.6,-1.0,0.02301056574801804,10
ANIMEUSDT,COILING,4h,major,2026-07-06T18:02:40.026475-03:00,2026-W28,,sin_entrada,0.0,0.3,0.0,0.19636003655193437,10
STGUSDT,BREAKOUT,4h,major,2026-07-06T20:02:40.588935-03:00,2026-W28,0.6904622586307804,target,1.0,0.2,0.6904622586307804,-0.46367330077878943,10
ANIMEUSDT,HOLD,4h,res,2026-07-06T21:02:44.574528-03:00,2026-W28,0.1030927835051549,abierto,0.0,0.8,-0.6872852233676963,-0.11752577319587632,10
ANIMEUSDT,HOLD,4h,major,2026-07-06T21:02:44.574528-03:00,2026-W28,1.6151202749140905,abierto,0.0,0.2,-0.6872852233676963,-0.3318631630622948,10
PENDLEUSDT,COILING,4h,res,2026-07-06T21:02:44.574528-03:00,2026-W28,0.3748326639892924,target,1.0,0.5,0.3748326639892924,-0.012583668005353705,10
PENDLEUSDT,COILING,4h,major,2026-07-06T21:02:44.574528-03:00,2026-W28,0.3748326639892924,target,1.0,0.3,0.3748326639892924,0.010931375915314923,10
STGUSDT,HOLD,4h,major,2026-07-06T21:02:44.574528-03:00,2026-W28,0.2813731007315702,stop,0.0,0.6,-1.0,-0.23117613956105795,10
SEIUSDT,COILING,4h,major,2026-07-06T22:02:38.567632-03:00,2026-W28,,sin_entrada,0.0,0.4,0.0,0.07711614444636564,10
UNIUSDT,COILING,4h,res,2026-07-06T22:02:38.567632-03:00,2026-W28,0.07612667478684644,target,1.0,0.6,0.07612667478684644,0.04567600487210804,10
UNIUSDT,COILING,4h,major,2026-07-06T22:02:38.567632-03:00,2026-W28,0.07612667478684644,target,1.0,0.5,0.07612667478684644,0.038063337393423186,10
MIRAUSDT,PREBREAK,1h,res,2026-07-06T22:02:38.567632-03:00,2026-W28,1.0505050505050493,stop,0.0,0.6,-1.0,0.23030303030302912,10
MIRAUSDT,PREBREAK,1h,major,2026-07-06T22:02:38.567632-03:00,2026-W28,2.82828282828283,stop,0.0,0.3,-1.0,0.3484848484848483,10
STOUSDT,COILING,4h,major,2026-07-07T01:02:36.0562-03:00,2026-W28,0.32854209445585164,stop,0.0,0.7,-1.0,0.04083873005844288,10
UNIUSDT,COILING,4h,res,2026-07-07T03:02:35.412492-03:00,2026-W28,0.07612667478684779,target,1.0,0.4,0.07612667478684779,0.030450669914738916,10
UNIUSDT,COILING,4h,major,2026-07-07T03:02:35.412492-03:00,2026-W28,0.07612667478684779,target,1.0,0.3,0.07612667478684779,0.02283800243605416,10
SOLUSDT,COILING,4h,res,2026-07-07T09:02:41.395461-03:00,2026-W28,,sin_entrada,0.0,0.3,0.0,0.008598041557201454,10
SOLUSDT,COILING,4h,major,2026-07-07T09:02:41.395461-03:00,2026-W28,,sin_entrada,0.0,0.7,0.0,0.020062096966803715,10
BANANAUSDT,COILING,4h,res,2026-07-07T11:02:37.229481-03:00,2026-W28,0.2176578786020851,target,1.0,0.6,0.2176578786020851,-0.16940527283874907,10
BANANAUSDT,COILING,4h,major,2026-07-07T11:02:37.229481-03:00,2026-W28,0.2176578786020851,target,1.0,0.6,0.2176578786020851,-0.19072897768970004,10
WIFUSDT,COILING,4h,res,2026-07-07T13:02:43.392959-03:00,2026-W28,,sin_entrada,0.0,0.2,0.0,-0.1521956642579208,10
WIFUSDT,COILING,4h,major,2026-07-07T13:02:43.392959-03:00,2026-W28,,sin_entrada,0.0,0.2,0.0,0.07337409672040016,10
PENDLEUSDT,BREAKOUT,4h,major,2026-07-07T13:02:43.392959-03:00,2026-W28,0.19736842105263333,target,1.0,1.0,0.19736842105263333,0.19736842105263286,10
JUPUSDT,PREBREAK,1h,res,2026-07-07T13:02:43.392959-03:00,2026-W28,0.00830564784053065,target,1.0,1.0,0.00830564784053065,0.008305647840530613,10
JUPUSDT,PREBREAK,1h,major,2026-07-07T13:02:43.392959-03:00,2026-W28,0.3612956810631236,stop,0.0,0.8,-1.0,0.12820496563617512,10
NEARUSDT,COILING,4h,res,2026-07-07T13:02:43.392959-03:00,2026-W28,,sin_entrada,0.0,0.3,0.0,0.008530805687203788,10
NEARUSDT,COILING,4h,major,2026-07-07T13:02:43.392959-03:00,2026-W28,,sin_entrada,0.0,0.4,0.0,-0.18862559241706162,10
FLOKIUSDT,PREBREAK,1h,res,2026-07-07T14:02:44.825431-03:00,2026-W28,,sin_entrada,0.0,0.4,0.0,-0.2306260575296108,10
FLOKIUSDT,PREBREAK,1h,major,2026-07-07T14:02:44.825431-03:00,2026-W28,,sin_entrada,0.0,0.5,0.0,0.13113367174280924,10
SOLUSDT,COILING,4h,res,2026-07-07T14:02:44.825431-03:00,2026-W28,,sin_entrada,0.0,0.7,0.0,-0.0939477443490182,10
SOLUSDT,COILING,4h,major,2026-07-07T14:02:44.825431-03:00,2026-W28,,sin_entrada,0.0,0.4,0.0,0.011464055409601416,10
ZENUSDT,COILING,4h,res,2026-07-07T14:02:44.825431-03:00,2026-W28,0.09842069123369225,abierto,0.0,0.4,-0.29297322041657137,-0.06063172350652327,10
ZENUSDT,COILING,4h,major,2026-07-07T14:02:44.825431-03:00,2026-W28,0.09842069123369225,abierto,0.0,0.2,-0.29297322041657137,0.01968413824673841,10
SIGNUSDT,COILING,4h,major,2026-07-07T14:02:44.825431-03:00,2026-W28,,sin_entrada,0.0,0.4,0.0,0.03374767118849245,10
ONDOUSDT,COILING,4h,res,2026-07-07T14:02:44.825431-03:00,2026-W28,,sin_entrada,0.0,0.5,0.0,-0.20781387181738392,10
ONDOUSDT,COILING,4h,major,2026-07-07T14:02:44.825431-03:00,2026-W28,,sin_entrada,0.0,0.9,0.0,0.16593503072870944,10
LUNCUSDT,PREBREAK,1h,res,2026-07-07T15:02:37.087905-03:00,2026-W28,0.10235087158164206,abierto,0.0,0.7,-0.2894610586918278,-0.13278169380588806,10
LUNCUSDT,PREBREAK,1h,major,2026-07-07T15:02:37.087905-03:00,2026-W28,0.10235087158164206,abierto,0.0,0.6,-0.2894610586918278,-0.13858947705101518,10
BARUSDT,PREBREAK,1h,res,2026-07-07T16:02:36.745775-03:00,2026-W28,0.03649635036496353,target,1.0,0.9,0.03649635036496353,-0.02429614181439061,10
BARUSDT,PREBREAK,1h,major,2026-07-07T16:02:36.745775-03:00,2026-W28,0.4014598540145968,target,1.0,0.4,0.4014598540145968,-0.17146249460073182,10
JUPUSDT,COILING,4h,res,2026-07-07T17:02:50.785317-03:00,2026-W28,,sin_entrada,0.0,0.0,0.0,0.0,6
JUPUSDT,COILING,4h,major,2026-07-07T17:02:50.785317-03:00,2026-W28,,sin_entrada,0.0,0.3,0.0,-0.06392785571142254,10
FLOKIUSDT,COILING,4h,res,2026-07-07T17:02:50.785317-03:00,2026-W28,,sin_entrada,0.0,0.1,0.0,0.01648804616652953,10
FLOKIUSDT,COILING,4h,major,2026-07-07T17:02:50.785317-03:00,2026-W28,,sin_entrada,0.0,0.0,0.0,-0.3,10
PEPEUSDT,COILING,4h,res,2026-07-07T17:02:50.785317-03:00,2026-W28,,sin_entrada,0.0,0.4,0.0,0.08540925266903868,10
PEPEUSDT,COILING,4h,major,2026-07-07T17:02:50.785317-03:00,2026-W28,,sin_entrada,0.0,0.5,0.0,0.0067615658362986525,10
AUDIOUSDT,COILING,4h,res,2026-07-07T17:02:50.785317-03:00,2026-W28,1.0566829951014705,abierto,0.0,0.3,-0.5878236529041292,-0.3700859553454715,10
AUDIOUSDT,COILING,4h,major,2026-07-07T17:02:50.785317-03:00,2026-W28,1.0566829951014705,abierto,0.0,0.1,-0.5878236529041292,-0.38393689599566916,10
NEARUSDT,COILING,4h,res,2026-07-07T18:02:37.55879-03:00,2026-W28,,sin_entrada,0.0,0.1,0.0,0.0028436018957347696,10
NEARUSDT,COILING,4h,major,2026-07-07T18:02:37.55879-03:00,2026-W28,,sin_entrada,0.0,0.1,0.0,0.0028436018957348516,10
ORCAUSDT,COILING,4h,major,2026-07-07T18:02:37.55879-03:00,2026-W28,,sin_entrada,0.0,0.2,0.0,-0.25987225900902455,10
ZENUSDT,COILING,4h,res,2026-07-07T19:02:43.984557-03:00,2026-W28,,sin_entrada,0.0,0.4,0.0,-0.1015071664026358,10
ZENUSDT,COILING,4h,major,2026-07-07T19:02:43.984557-03:00,2026-W28,,sin_entrada,0.0,0.6,0.0,0.020079054916352524,10
SIGNUSDT,COILING,4h,major,2026-07-07T19:02:43.984557-03:00,2026-W28,,sin_entrada,0.0,0.1,0.0,-0.25674348526600355,10
SOLUSDT,COILING,4h,res,2026-07-07T19:02:43.984557-03:00,2026-W28,,sin_entrada,0.0,0.2,0.0,-0.02129900097464181,10
SOLUSDT,COILING,4h,major,2026-07-07T19:02:43.984557-03:00,2026-W28,,sin_entrada,0.0,0.6,0.0,0.017196083114402107,10
AUDIOUSDT,COILING,4h,res,2026-07-07T22:02:39.729094-03:00,2026-W28,1.0566829951014705,abierto,0.0,0.1,-0.6298110566829951,-0.1166697084764287,10
AUDIOUSDT,COILING,4h,major,2026-07-07T22:02:39.729094-03:00,2026-W28,1.0566829951014705,abierto,0.0,0.1,-0.6298110566829951,0.07237641581776984,10
JUPUSDT,COILING,4h,major,2026-07-07T22:02:39.729094-03:00,2026-W28,,sin_entrada,0.0,0.3,0.0,0.03607214428857749,10
ZENUSDT,COILING,4h,res,2026-07-08T00:02:37.393985-03:00,2026-W28,,sin_entrada,0.0,0.2,0.0,-0.07707473635946797,10
ZENUSDT,COILING,4h,major,2026-07-08T00:02:37.393985-03:00,2026-W28,,sin_entrada,0.0,0.2,0.0,0.022925263640532,10
ZAMAUSDT,PREBREAK,1h,res,2026-07-08T01:02:37.106055-03:00,2026-W28,0.18485915492957922,target,1.0,0.9,0.18485915492957922,0.1663732394366209,10
ZAMAUSDT,PREBREAK,1h,major,2026-07-08T01:02:37.106055-03:00,2026-W28,0.40492957746479286,abierto,0.0,0.9,0.14671361502347713,0.3644366197183117,10
MORPHOUSDT,BREAKOUT,4h,major,2026-07-08T05:02:44.097831-03:00,2026-W28,0.6108706108706099,target,1.0,0.1,0.6108706108706099,-0.7094078642188681,10
APEUSDT,BREAKOUT,4h,res,2026-07-08T05:02:44.097831-03:00,2026-W28,0.10128291694800826,target,1.0,1.0,0.10128291694800826,0.10128291694800881,10
APEUSDT,BREAKOUT,4h,major,2026-07-08T05:02:44.097831-03:00,2026-W28,0.18230925050641336,target,1.0,1.0,0.18230925050641336,0.1823092505064141,10
LUNCUSDT,COILING,4h,res,2026-07-08T05:02:44.097831-03:00,2026-W28,,sin_entrada,0.0,0.1,0.0,-0.0911696359411308,10
LUNCUSDT,COILING,4h,major,2026-07-08T05:02:44.097831-03:00,2026-W28,,sin_entrada,0.0,0.0,0.0,-0.2,10
WCTUSDT,COILING,4h,res,2026-07-08T06:02:42.710296-03:00,2026-W28,,sin_entrada,0.0,0.7,0.0,0.004553339115350999,10
WCTUSDT,COILING,4h,major,2026-07-08T06:02:42.710296-03:00,2026-W28,,sin_entrada,0.0,0.5,0.0,-0.14605377276669543,10
WLFIUSDT,PREBREAK,1h,res,2026-07-08T11:02:40.620792-03:00,2026-W28,0.4576271186440654,abierto,0.0,0.2,-0.33898305084745783,-0.21024965643609744,10
WLFIUSDT,PREBREAK,1h,major,2026-07-08T11:02:40.620792-03:00,2026-W28,0.4576271186440654,abierto,0.0,0.2,-0.33898305084745783,-0.1836154243691675,10
WCTUSDT,COILING,4h,res,2026-07-08T11:02:40.620792-03:00,2026-W28,,sin_entrada,0.0,0.6,0.0,0.0039028620988726197,10
WCTUSDT,COILING,4h,major,2026-07-08T11:02:40.620792-03:00,2026-W28,,sin_entrada,0.0,0.4,0.0,0.02315698178664341,10
MANAUSDT,BREAKOUT,4h,major,2026-07-08T17:02:40.116684-03:00,2026-W28,0.8108108108108111,abierto,0.0,0.3,-0.5810810810810807,-0.12135998076692625,10
MANAUSDT,HOLD,4h,major,2026-07-09T01:02:35.870864-03:00,2026-W28,0.5960264900662257,abierto,0.0,0.4,-0.6490066225165569,0.00017322754957562747,10
XLMUSDT,PREBREAK,1h,res,2026-07-09T02:02:38.34541-03:00,2026-W28,0.20685900925421874,target,1.0,0.6,0.20685900925421874,-0.1374182815337885,10
XLMUSDT,PREBREAK,1h,major,2026-07-09T02:02:38.34541-03:00,2026-W28,1.1050626020685894,abierto,0.0,0.2,0.2667392487751763,-0.19984094870196648,10
SKLUSDT,COILING,4h,res,2026-07-09T15:02:41.914003-03:00,2026-W28,0.05434782608695669,target,1.0,0.5,0.05434782608695669,0.027173913043477972,10
SKLUSDT,COILING,4h,major,2026-07-09T15:02:41.914003-03:00,2026-W28,0.7608695652173912,target,1.0,0.4,0.7608695652173912,0.30434782608695615,10
MORPHOUSDT,BREAKOUT,4h,major,2026-07-09T20:02:40.325604-03:00,2026-W28,0.022716946842345927,target,1.0,1.0,0.022716946842345927,0.022716946842345043,10
WLFIUSDT,PREBREAK,1h,res,2026-07-09T22:02:38.288253-03:00,2026-W28,0.05110732538330522,target,1.0,0.9,0.05110732538330522,0.045996592844974024,10
WLFIUSDT,PREBREAK,1h,major,2026-07-09T22:02:38.288253-03:00,2026-W28,0.5110732538330475,abierto,0.0,0.1,-0.15332197614991605,-0.2200229976733315,10
PEPEUSDT,PREBREAK,1h,major,2026-07-10T01:02:50.747404-03:00,2026-W28,0.2985074626865661,target,1.0,0.8,0.2985074626865661,0.03880597014925316,10
TAOUSDT,COILING,4h,res,2026-07-10T01:02:50.747404-03:00,2026-W28,,sin_entrada,0.0,0.7,0.0,0.0514705882352942,10
TAOUSDT,COILING,4h,major,2026-07-10T01:02:50.747404-03:00,2026-W28,,sin_entrada,0.0,0.9,0.0,0.07858455882353124,10
ALGOUSDT,COILING,4h,res,2026-07-10T01:02:50.747404-03:00,2026-W28,,sin_entrada,0.0,0.2,0.0,-0.16378005907786838,10
ALGOUSDT,COILING,4h,major,2026-07-10T01:02:50.747404-03:00,2026-W28,,sin_entrada,0.0,0.1,0.0,-0.25219620563922185,10
PEPEUSDT,COILING,4h,res,2026-07-10T02:02:39.081979-03:00,2026-W28,0.18115942028985488,target,1.0,0.1,0.18115942028985488,0.018115942028985397,10
PEPEUSDT,COILING,4h,major,2026-07-10T02:02:39.081979-03:00,2026-W28,0.398550724637682,target,1.0,0.4,0.398550724637682,0.05942028985507257,10
GALAUSDT,PREBREAK,1h,major,2026-07-10T04:02:39.875151-03:00,2026-W28,0.3411710465652389,abierto,0.0,0.2,-0.6592899953895803,-0.36032838877349993,10
BONKUSDT,PREBREAK,1h,res,2026-07-10T04:02:39.875151-03:00,2026-W28,0.024691358024691124,target,1.0,0.8,0.024691358024691124,0.01975308641975365,10
BONKUSDT,PREBREAK,1h,major,2026-07-10T04:02:39.875151-03:00,2026-W28,0.5185185185185199,stop,0.0,0.4,-1.0,-0.24834054834054822,10
GUNUSDT,BREAKOUT,4h,major,2026-07-10T05:02:35.8675-03:00,2026-W28,1.978021978021979,stop,0.0,0.1,-1.0,-0.6478337754199824,10
LUNCUSDT,PREBREAK,1h,res,2026-07-10T06:02:39.278349-03:00,2026-W28,0.07558700546799622,target,1.0,0.7,0.07558700546799622,-0.04708909617240207,10
LUNCUSDT,PREBREAK,1h,major,2026-07-10T06:02:39.278349-03:00,2026-W28,0.07558700546799622,target,1.0,0.8,0.07558700546799622,-0.039530395625602545,10
ZENUSDT,PREBREAK,1h,major,2026-07-10T06:02:39.278349-03:00,2026-W28,0.3129479216435743,target,1.0,0.3,0.3129479216435743,-0.1510425260658686,10
BIOUSDT,PREBREAK,1h,res,2026-07-10T07:02:42.626671-03:00,2026-W28,0.04490500863557798,target,1.0,0.9,0.04490500863557798,0.040414507772020505,10
BIOUSDT,PREBREAK,1h,major,2026-07-10T07:02:42.626671-03:00,2026-W28,0.04490500863557798,target,1.0,1.0,0.04490500863557798,0.04490500863557796,10
WLFIUSDT,PREBREAK,1h,major,2026-07-10T07:02:42.626671-03:00,2026-W28,0.18675721561969388,abierto,0.0,0.2,-0.3395585738539897,-0.16014262134833268,10
TRUMPUSDT,COILING,4h,res,2026-07-10T09:02:47.424289-03:00,2026-W28,,sin_entrada,0.0,0.2,0.0,-0.13384844578807592,10
TRUMPUSDT,COILING,4h,major,2026-07-10T09:02:47.424289-03:00,2026-W28,,sin_entrada,0.0,0.0,0.0,-0.2592387297407411,10
ONDOUSDT,COILING,4h,res,2026-07-10T09:02:47.424289-03:00,2026-W28,,sin_entrada,0.0,0.3,0.0,0.004944509936326502,10
ONDOUSDT,COILING,4h,major,2026-07-10T09:02:47.424289-03:00,2026-W28,,sin_entrada,0.0,0.6,0.0,0.15770553518035899,10
FILUSDT,BREAKOUT,4h,res,2026-07-10T09:02:47.424289-03:00,2026-W28,0.012300123001230035,abierto,0.0,1.0,-0.5904059040590393,0.012300123001230387,10
FILUSDT,BREAKOUT,4h,major,2026-07-10T09:02:47.424289-03:00,2026-W28,0.061500615006148805,abierto,0.0,0.9,-0.5904059040590393,0.05666807656218764,10
SUIUSDT,COILING,4h,res,2026-07-10T10:02:35.380429-03:00,2026-W28,0.22364217252396226,target,1.0,0.6,0.22364217252396226,0.13160541528308367,10
SUIUSDT,COILING,4h,major,2026-07-10T10:02:35.380429-03:00,2026-W28,0.42066027689031,abierto,0.0,0.4,-0.24893503727369426,-0.012016845522039276,10
DOTUSDT,BREAKOUT,4h,res,2026-07-10T11:02:38.753932-03:00,2026-W28,0.2714932126696846,abierto,0.0,0.6,-0.42986425339366585,-0.1973746751042163,10
DOTUSDT,BREAKOUT,4h,major,2026-07-10T11:02:38.753932-03:00,2026-W28,0.2714932126696846,abierto,0.0,0.6,-0.42986425339366585,-0.14814320800575748,10
ALGOUSDT,PREBREAK,1h,major,2026-07-10T11:02:38.753932-03:00,2026-W28,0.011467889908258812,target,1.0,1.0,0.011467889908258812,0.011467889908258724,10
ALGOUSDT,COILING,4h,res,2026-07-10T13:02:41.182214-03:00,2026-W28,0.3207331042382553,abierto,0.0,0.6,-0.48109965635739105,0.1924398625429541,10
ALGOUSDT,COILING,4h,major,2026-07-10T13:02:41.182214-03:00,2026-W28,0.607101947308131,abierto,0.0,0.3,-0.48109965635739105,0.06334432345730082,10
CRVUSDT,COILING,4h,res,2026-07-10T13:02:41.182214-03:00,2026-W28,0.36949313121743405,target,1.0,0.5,0.36949313121743405,0.054551819513923405,10
CRVUSDT,COILING,4h,major,2026-07-10T13:02:41.182214-03:00,2026-W28,0.39791567977262066,target,1.0,0.6,0.39791567977262066,0.17558330408057915,10
YFIUSDT,PREBREAK,1h,res,2026-07-10T13:02:41.182214-03:00,2026-W28,0.3113553113553115,abierto,0.0,0.3,-0.42124542124542086,-0.15431748346440224,10
YFIUSDT,PREBREAK,1h,major,2026-07-10T13:02:41.182214-03:00,2026-W28,0.6639194139194143,abierto,0.0,0.3,-0.42124542124542086,0.025572505139998758,10
PEPEUSDT,BREAKOUT,4h,res,2026-07-10T13:02:41.182214-03:00,2026-W28,0.18181818181818013,target,1.0,0.9,0.18181818181818013,0.0636363636363626,10
PEPEUSDT,BREAKOUT,4h,major,2026-07-10T13:02:41.182214-03:00,2026-W28,0.43636363636363695,target,1.0,0.8,0.43636363636363695,0.1490909090909099,10
RENDERUSDT,COILING,4h,res,2026-07-10T13:02:41.182214-03:00,2026-W28,0.3209565764631853,abierto,0.0,0.1,-0.6733794839521712,-0.04907968019985983,10
RENDERUSDT,COILING,4h,major,2026-07-10T13:02:41.182214-03:00,2026-W28,0.32724984266834506,abierto,0.0,0.1,-0.6733794839521712,-0.12107490147944136,10
ATMUSDT,HOLD,4h,res,2026-07-10T18:02:39.650401-03:00,2026-W28,0.10917913465426658,target,1.0,0.8,0.10917913465426658,-0.1126566922765864,10
ATMUSDT,HOLD,4h,major,2026-07-10T18:02:39.650401-03:00,2026-W28,0.10917913465426658,target,1.0,0.8,0.10917913465426658,-0.11265669227658634,10
VIRTUALUSDT,BREAKOUT,4h,major,2026-07-10T19:02:34.58905-03:00,2026-W28,0.029069767441861072,target,1.0,1.0,0.029069767441861072,0.02906976744186081,10
FUSDT,HOLD,4h,res,2026-07-10T21:02:36.223116-03:00,2026-W28,0.1648351648351642,stop,0.0,0.8,-1.0,-0.06813186813186856,10
FUSDT,HOLD,4h,major,2026-07-10T21:02:36.223116-03:00,2026-W28,0.8791208791208797,stop,0.0,0.5,-1.0,0.008525956801818613,10
BCHUSDT,HOLD,4h,res,2026-07-11T01:02:38.618948-03:00,2026-W28,0.37413582757218444,stop,0.0,0.8,-1.0,0.2588820362264298,10
BCHUSDT,HOLD,4h,major,2026-07-11T01:02:38.618948-03:00,2026-W28,0.37413582757218444,stop,0.0,0.7,-1.0,0.14291614253714477,10
WLDUSDT,BREAKOUT,4h,major,2026-07-11T09:02:39.486498-03:00,2026-W28,1.1400247831474595,stop,0.0,0.1,-1.0,-0.49055191150790567,10
1MBABYDOGEUSDT,HOLD,4h,major,2026-07-11T09:02:39.486498-03:00,2026-W28,0.024457352491593396,target,1.0,1.0,0.024457352491593396,0.024457352491593354,10
TUTUSDT,HOLD,4h,res,2026-07-11T17:02:45.413507-03:00,2026-W28,0.28637770897832865,target,1.0,0.5,0.28637770897832865,-0.28711417581386545,10
TUTUSDT,HOLD,4h,major,2026-07-11T17:02:45.413507-03:00,2026-W28,0.28637770897832865,target,1.0,1.0,0.28637770897832865,0.2863777089783293,10
APTUSDT,HOLD,4h,res,2026-07-11T17:02:45.413507-03:00,2026-W28,0.07739938080495364,stop,0.0,1.0,-1.0,0.07739938080495437,10
APTUSDT,HOLD,4h,major,2026-07-11T17:02:45.413507-03:00,2026-W28,0.07739938080495364,stop,0.0,0.8,-1.0,-0.1380804953560363,10
GIGGLEUSDT,BREAKOUT,4h,res,2026-07-12T04:02:39.161297-03:00,2026-W28,0.17729158807996806,target,1.0,0.9,0.17729158807996806,0.1312459048344232,10
GIGGLEUSDT,BREAKOUT,4h,major,2026-07-12T04:02:39.161297-03:00,2026-W28,2.048283666540929,abierto,0.0,0.3,-0.09807619766126097,0.45674546129885096,10
WLDUSDT,BREAKOUT,4h,major,2026-07-12T09:02:39.820148-03:00,2026-W28,0.566525622943113,stop,0.0,0.3,-1.0,-0.5300423131170664,10
FFUSDT,BREAKOUT,4h,major,2026-07-12T14:02:36.760208-03:00,2026-W28,0.675251774806009,target,1.0,0.7,0.675251774806009,0.30628277754815414,10
WLDUSDT,HOLD,4h,major,2026-07-12T17:02:28.063789-03:00,2026-W28,0.23917995444191242,stop,0.0,0.6,-1.0,-0.2564920273348523,10
RUNEUSDT,PREBREAK,1h,major,2026-07-13T09:02:44.865421-03:00,2026-W29,0.12285012285012428,target,1.0,0.6,0.12285012285012428,0.07371007371007404,10
EIGENUSDT,BREAKOUT,4h,res,2026-07-13T10:02:35.707644-03:00,2026-W29,0.4080808080808081,abierto,0.0,0.8,-0.49696969696969684,0.12646464646464706,10
EIGENUSDT,BREAKOUT,4h,major,2026-07-13T10:02:35.707644-03:00,2026-W29,0.4080808080808081,abierto,0.0,0.5,-0.49696969696969684,-0.20748395426237193,10
ZBTUSDT,HOLD,4h,major,2026-07-13T21:02:37.601231-03:00,2026-W29,0.48236141108711433,target,1.0,0.7,0.48236141108711433,0.037652987760979494,10
FFUSDT,BREAKOUT,4h,major,2026-07-14T05:02:37.139026-03:00,2026-W29,0.24801271860095495,target,1.0,0.8,0.24801271860095495,0.06952405196678027,10
ESPUSDT,BREAKOUT,4h,res,2026-07-14T08:02:38.85243-03:00,2026-W29,0.5095360091090233,target,1.0,0.6,0.5095360091090233,-0.06837374203602166,10
ESPUSDT,BREAKOUT,4h,major,2026-07-14T08:02:38.85243-03:00,2026-W29,0.5095360091090233,target,1.0,0.7,0.5095360091090233,0.056675206376316935,10
NEARUSDT,HOLD,4h,major,2026-07-14T13:02:42.426702-03:00,2026-W29,0.3128054740957971,abierto,0.0,0.4,-0.5180840664711628,-0.36749228598945116,10
KAITOUSDT,BREAKOUT,4h,major,2026-07-14T13:02:42.426702-03:00,2026-W29,1.276623718117275,target,1.0,0.9,1.276623718117275,1.0489613463055483,10
SUIUSDT,BREAKOUT,4h,major,2026-07-14T15:02:37.074719-03:00,2026-W29,0.3108535300316146,abierto,0.0,0.5,0.06849315068493178,-0.13633264796670236,10
SUIUSDT,HOLD,4h,major,2026-07-14T17:02:34.249139-03:00,2026-W29,0.2716178979136603,abierto,0.0,0.6,0.08266631675633018,0.09703952355123688,10
PENDLEUSDT,BREAKOUT,4h,res,2026-07-14T21:02:36.702242-03:00,2026-W29,0.16487000634115287,target,1.0,0.6,0.16487000634115287,-0.26086060489095997,10
PENDLEUSDT,BREAKOUT,4h,major,2026-07-14T21:02:36.702242-03:00,2026-W29,0.20925808497146717,target,1.0,0.7,0.20925808497146717,-0.12504522607855634,10
SANTOSUSDT,HOLD,4h,major,2026-07-14T21:02:36.702242-03:00,2026-W29,0.13937282229965167,stop,0.0,0.9,-1.0,0.06755130853276095,10
CRVUSDT,HOLD,4h,res,2026-07-15T01:02:37.024481-03:00,2026-W29,0.16777041942604723,abierto,0.0,0.9,-0.5342163355408391,0.09050012480777966,10
CRVUSDT,HOLD,4h,major,2026-07-15T01:02:37.024481-03:00,2026-W29,0.16777041942604723,abierto,0.0,1.0,-0.5342163355408391,0.16777041942604778,10
0GUSDT,BREAKOUT,4h,res,2026-07-15T05:02:34.338773-03:00,2026-W29,0.41666666666666713,target,1.0,0.4,0.41666666666666713,-0.39414414414414356,10
0GUSDT,BREAKOUT,4h,major,2026-07-15T05:02:34.338773-03:00,2026-W29,1.1458333333333333,target,1.0,0.3,1.1458333333333333,-0.1275021705575922,10
TIAUSDT,BREAKOUT,4h,res,2026-07-15T09:02:41.280291-03:00,2026-W29,0.004757373929591666,target,1.0,1.0,0.004757373929591666,0.004757373929591314,10
TIAUSDT,BREAKOUT,4h,major,2026-07-15T09:02:41.280291-03:00,2026-W29,0.1831588962892481,stop,0.0,0.9,-1.0,0.06484300666032333,10
VIRTUALUSDT,BREAKOUT,4h,res,2026-07-15T09:02:41.280291-03:00,2026-W29,0.6346343063299432,target,1.0,0.3,0.6346343063299432,-0.014846441803832777,10
VIRTUALUSDT,BREAKOUT,4h,major,2026-07-15T09:02:41.280291-03:00,2026-W29,0.6346343063299432,target,1.0,0.6,0.6346343063299432,0.28446971101438673,10
KAITOUSDT,HOLD,4h,major,2026-07-15T09:02:41.280291-03:00,2026-W29,0.5980476955393553,stop,0.0,0.8,-1.0,0.2784381564314836,10
PEPEUSDT,PREBREAK,1h,res,2026-07-15T10:02:36.92127-03:00,2026-W29,0.24647887323943746,target,1.0,1.0,0.24647887323943746,0.24647887323943768,10
PEPEUSDT,PREBREAK,1h,major,2026-07-15T10:02:36.92127-03:00,2026-W29,0.24647887323943746,target,1.0,1.0,0.24647887323943746,0.24647887323943754,10
ENSOUSDT,BREAKOUT,4h,res,2026-07-15T11:02:41.626594-03:00,2026-W29,0.054495912806539544,target,1.0,1.0,0.054495912806539544,0.05449591280654033,10
ENSOUSDT,BREAKOUT,4h,major,2026-07-15T11:02:41.626594-03:00,2026-W29,0.10899182561307909,target,1.0,1.0,0.10899182561307909,0.10899182561307834,10
SUIUSDT,PREBREAK,1h,res,2026-07-15T11:02:41.626594-03:00,2026-W29,0.03660609229964881,target,1.0,1.0,0.03660609229964881,0.03660609229964799,10
SUIUSDT,PREBREAK,1h,major,2026-07-15T11:02:41.626594-03:00,2026-W29,0.03660609229964881,target,1.0,0.8,0.03660609229964881,0.029284873839718527,10
TNSRUSDT,BREAKOUT,4h,major,2026-07-15T13:02:40.724101-03:00,2026-W29,1.0714285714285716,abierto,0.0,0.5,-0.44642857142857206,0.5550733610887748,10
PUMPUSDT,HOLD,4h,res,2026-07-15T13:02:40.724101-03:00,2026-W29,0.03603603603603561,target,1.0,1.0,0.03603603603603561,0.036036036036035606,10
PUMPUSDT,HOLD,4h,major,2026-07-15T13:02:40.724101-03:00,2026-W29,0.18618618618618618,target,1.0,0.9,0.18618618618618618,0.0675675675675673,10
ETHFIUSDT,BREAKOUT,4h,res,2026-07-15T13:02:40.724101-03:00,2026-W29,0.11441647597254137,target,1.0,0.8,0.11441647597254137,-0.10846681922196748,10
ETHFIUSDT,BREAKOUT,4h,major,2026-07-15T13:02:40.724101-03:00,2026-W29,0.4118993135011444,target,1.0,0.5,0.4118993135011444,-0.2940503432494276,10
VIRTUALUSDT,HOLD,4h,res,2026-07-15T17:02:42.276155-03:00,2026-W29,0.007964319847084188,target,1.0,0.9,0.007964319847084188,-0.03133952396246623,10
VIRTUALUSDT,HOLD,4h,major,2026-07-15T17:02:42.276155-03:00,2026-W29,0.32972284166932075,target,1.0,0.9,0.32972284166932075,0.296750557502388,10
ORDIUSDT,BREAKOUT,4h,major,2026-07-15T21:02:35.923485-03:00,2026-W29,0.14069264069264076,target,1.0,0.9,0.14069264069264076,0.026623376623377142,10
VIRTUALUSDT,BREAKOUT,4h,major,2026-07-16T09:02:37.234099-03:00,2026-W29,0.17574140906951194,target,1.0,1.0,0.17574140906951194,0.17574140906951194,10
CFGUSDT,BREAKOUT,4h,major,2026-07-16T13:02:36.473499-03:00,2026-W29,0.43388429752066093,stop,0.0,0.5,-1.0,-0.18994737473702808,10
BCHUSDT,PREBREAK,1h,res,2026-07-17T04:02:37.248256-03:00,2026-W29,,sin_entrada,0.0,1.0,0.0,0.12021371326803387,10
BCHUSDT,PREBREAK,1h,major,2026-07-17T04:02:37.248256-03:00,2026-W29,,sin_entrada,0.0,0.3,0.0,0.12430422911434968,10
MUBARAKUSDT,BREAKOUT,4h,res,2026-07-17T06:02:33.727906-03:00,2026-W29,0.3621581670362152,stop,0.0,1.0,-1.0,0.3621581670362151,10
MUBARAKUSDT,BREAKOUT,4h,major,2026-07-17T06:02:33.727906-03:00,2026-W29,0.3621581670362152,stop,0.0,1.0,-1.0,0.36215816703621523,10
HUMAUSDT,BREAKOUT,4h,major,2026-07-17T13:02:41.623002-03:00,2026-W29,1.7357512953367882,abierto,0.0,0.4,-0.7167530224525054,0.4753102247753205,10
STRKUSDT,BREAKOUT,4h,res,2026-07-18T21:02:36.080125-03:00,2026-W29,0.20477815699658827,target,1.0,1.0,0.20477815699658827,0.20477815699658802,10
STRKUSDT,BREAKOUT,4h,major,2026-07-18T21:02:36.080125-03:00,2026-W29,0.7849829351535852,abierto,0.0,0.2,0.2320819112627981,-0.27991554699391236,10
BANKUSDT,HOLD,4h,res,2026-07-19T01:02:35.736921-03:00,2026-W29,0.7508833922261493,target,1.0,0.8,0.7508833922261493,0.4007067137809196,10
BANKUSDT,HOLD,4h,major,2026-07-19T01:02:35.736921-03:00,2026-W29,0.7508833922261493,target,1.0,0.8,0.7508833922261493,0.40070671378091954,10
PEPEUSDT,BREAKOUT,4h,res,2026-07-19T07:02:36.358495-03:00,2026-W29,0.4982206405693964,target,1.0,0.8,0.4982206405693964,0.27261611056426377,10
PEPEUSDT,BREAKOUT,4h,major,2026-07-19T07:02:36.358495-03:00,2026-W29,0.4982206405693964,target,1.0,0.6,0.4982206405693964,0.21176982851548765,10
SOLVUSDT,BREAKOUT,4h,major,2026-07-19T10:02:40.520549-03:00,2026-W29,0.3971119133574019,target,1.0,0.7,0.3971119133574019,-0.022021660649818503,10
PEPEUSDT,HOLD,4h,res,2026-07-19T17:02:40.003943-03:00,2026-W29,0.35087719298245745,target,1.0,0.6,0.35087719298245745,0.07787930441792193,10
PEPEUSDT,HOLD,4h,major,2026-07-19T17:02:40.003943-03:00,2026-W29,0.35087719298245745,target,1.0,0.7,0.35087719298245745,0.2215340363075268,10
PUMPUSDT,BREAKOUT,4h,res,2026-07-19T18:02:37.477471-03:00,2026-W29,0.02810567734682414,target,1.0,0.8,0.02810567734682414,-0.17751545812254133,10
PUMPUSDT,BREAKOUT,4h,major,2026-07-19T18:02:37.477471-03:00,2026-W29,0.02810567734682414,target,1.0,0.7,0.02810567734682414,-0.28032602585722344,10
XVGUSDT,HOLD,4h,res,2026-07-20T01:02:42.757021-03:00,2026-W30,0.20380434782608675,target,1.0,0.8,0.20380434782608675,-0.03695652173913089,10
XVGUSDT,HOLD,4h,major,2026-07-20T01:02:42.757021-03:00,2026-W30,0.20380434782608675,target,1.0,1.0,0.20380434782608675,0.20380434782608647,10
SPKUSDT,BREAKOUT,4h,res,2026-07-20T05:02:41.129962-03:00,2026-W30,0.4951450797796824,abierto,0.0,0.2,-0.3980466753733458,-0.22242666406336725,10
SPKUSDT,BREAKOUT,4h,major,2026-07-20T05:02:41.129962-03:00,2026-W30,0.4951450797796824,abierto,0.0,0.3,-0.3980466753733458,-0.2265334909074254,10
METUSDT,HOLD,4h,res,2026-07-20T05:02:41.129962-03:00,2026-W30,0.2712933753943216,target,1.0,0.3,0.2712933753943216,-0.5397263568831699,10
METUSDT,HOLD,4h,major,2026-07-20T05:02:41.129962-03:00,2026-W30,0.8832807570977906,target,1.0,0.4,0.8832807570977906,-0.13668181134569804,10
PUMPUSDT,HOLD,4h,res,2026-07-20T06:02:35.177357-03:00,2026-W30,0.05469915464942676,target,1.0,0.9,0.05469915464942676,-0.05077076081551589,10
PUMPUSDT,HOLD,4h,major,2026-07-20T06:02:35.177357-03:00,2026-W30,0.05469915464942676,target,1.0,0.9,0.05469915464942676,-0.05077076081551588,10
PENDLEUSDT,BREAKOUT,4h,res,2026-07-20T09:02:42.322933-03:00,2026-W30,0.3761755485893421,target,1.0,0.5,0.3761755485893421,-0.10736329647403517,10
PENDLEUSDT,BREAKOUT,4h,major,2026-07-20T09:02:42.322933-03:00,2026-W30,0.3761755485893421,target,1.0,0.5,0.3761755485893421,-0.01467474543362889,10
FORMUSDT,BREAKOUT,4h,major,2026-07-20T09:02:42.322933-03:00,2026-W30,0.5076392311483491,abierto,0.0,0.8,-0.27106949236076927,0.2675747995528258,10
JTOUSDT,HOLD,4h,res,2026-07-20T13:02:41.446598-03:00,2026-W30,0.06379846229347315,target,1.0,0.9,0.06379846229347315,-0.042581383935873365,10
JTOUSDT,HOLD,4h,major,2026-07-20T13:02:41.446598-03:00,2026-W30,1.277605103876984,abierto,0.0,0.2,-0.248650417143792,-0.23525183538950972,10
PUMPUSDT,HOLD,4h,res,2026-07-20T15:02:33.165408-03:00,2026-W30,0.22200296003946682,target,1.0,0.9,0.22200296003946682,0.09980266403551992,10
PUMPUSDT,HOLD,4h,major,2026-07-20T15:02:33.165408-03:00,2026-W30,0.22200296003946682,target,1.0,0.7,0.22200296003946682,-0.14459792797237328,10
LDOUSDT,BREAKOUT,4h,res,2026-07-20T19:02:50.742975-03:00,2026-W30,0.2550617933210634,target,1.0,0.6,0.2550617933210634,-0.1823045598202194,10
LDOUSDT,BREAKOUT,4h,major,2026-07-20T19:02:50.742975-03:00,2026-W30,0.2550617933210634,target,1.0,0.9,0.2550617933210634,0.12955561398895704,10
AAVEUSDT,BREAKOUT,4h,major,2026-07-21T01:02:39.05308-03:00,2026-W30,1.0424543588635644,target,1.0,0.2,1.0424543588635644,-0.14747548073025224,10
AAVEUSDT,HOLD,4h,major,2026-07-21T05:02:39.697974-03:00,2026-W30,0.769068689422671,target,1.0,0.2,0.769068689422671,-0.12269815537617032,10
FETUSDT,BREAKOUT,4h,res,2026-07-21T05:02:39.697974-03:00,2026-W30,0.10006253908693218,stop,0.0,0.9,-1.0,-0.009943714821761854,10
FETUSDT,BREAKOUT,4h,major,2026-07-21T05:02:39.697974-03:00,2026-W30,0.28767979987492304,stop,0.0,0.3,-1.0,-0.3715281870389956,10
CFGUSDT,BREAKOUT,4h,res,2026-07-21T05:02:39.697974-03:00,2026-W30,0.7018528916339113,target,1.0,0.1,0.7018528916339113,-0.6543445127482215,10
CFGUSDT,BREAKOUT,4h,major,2026-07-21T05:02:39.697974-03:00,2026-W30,1.0724312184166191,abierto,0.0,0.0,0.11791128579449639,-0.7907990393412625,10
ONDOUSDT,BREAKOUT,4h,major,2026-07-21T05:02:39.697974-03:00,2026-W30,0.10496671786994353,target,1.0,0.5,0.10496671786994353,-0.423181829535095,10
ONDOUSDT,HOLD,4h,major,2026-07-21T06:02:43.180997-03:00,2026-W30,0.10496671786994353,target,1.0,0.8,0.10496671786994353,-0.11602662570404536,10
CFGUSDT,HOLD,4h,major,2026-07-21T09:02:40.026866-03:00,2026-W30,0.5680600214362277,abierto,0.0,0.3,-0.30010718113612,-0.4714529032668667,10
AAVEUSDT,BREAKOUT,4h,major,2026-07-21T13:02:34.422708-03:00,2026-W30,0.6290943121555573,target,1.0,0.4,0.6290943121555573,0.004819711517012992,10
GIGGLEUSDT,BREAKOUT,4h,major,2026-07-21T13:02:34.422708-03:00,2026-W30,0.4951958610495196,abierto,0.0,0.8,-0.28455284552845517,0.1961566888396161,10
PLUMEUSDT,HOLD,4h,res,2026-07-21T17:02:34.526533-03:00,2026-W30,0.044014084507041994,target,1.0,0.9,0.044014084507041994,-0.06038732394366182,10
PLUMEUSDT,HOLD,4h,major,2026-07-21T17:02:34.526533-03:00,2026-W30,0.044014084507041994,target,1.0,0.9,0.044014084507041994,-0.06038732394366168,10
ARKMUSDT,HOLD,4h,major,2026-07-21T17:02:34.526533-03:00,2026-W30,0.2928127772848279,stop,0.0,0.7,-1.0,0.11131703263056654,10
OPUSDT,HOLD,4h,major,2026-07-21T17:02:34.526533-03:00,2026-W30,0.9499489274770183,stop,0.0,0.1,-1.0,-0.08967114932449557,10
MORPHOUSDT,BREAKOUT,4h,major,2026-07-21T21:02:35.094019-03:00,2026-W30,0.6708494208494197,stop,0.0,0.4,-1.0,-0.08842251376844379,10
EPICUSDT,HOLD,4h,res,2026-07-21T21:02:35.094019-03:00,2026-W30,0.12844036697247718,target,1.0,0.9,0.12844036697247718,0.015596330275230183,10
EPICUSDT,HOLD,4h,major,2026-07-21T21:02:35.094019-03:00,2026-W30,0.12844036697247718,target,1.0,1.0,0.12844036697247718,0.12844036697247738,10
MORPHOUSDT,HOLD,4h,major,2026-07-21T22:02:29.310728-03:00,2026-W30,0.6708494208494197,stop,0.0,0.4,-1.0,0.01613786880027135,10
DYDXUSDT,HOLD,4h,res,2026-07-23T05:02:39.723295-03:00,2026-W30,0.07796663028223924,stop,0.0,0.8,-1.0,-0.13762669577420789,10
DYDXUSDT,HOLD,4h,major,2026-07-23T05:02:39.723295-03:00,2026-W30,0.31030718852331063,stop,0.0,0.7,-1.0,-0.02353869283648684,10
TRUMPUSDT,BREAKOUT,4h,res,2026-07-23T09:02:37.476517-03:00,2026-W30,0.1457194899817865,stop,0.0,0.9,-1.0,0.031147540983607315,10
TRUMPUSDT,BREAKOUT,4h,major,2026-07-23T09:02:37.476517-03:00,2026-W30,0.3885853066180937,stop,0.0,0.7,-1.0,0.1873681173273135,10
JTOUSDT,BREAKOUT,4h,major,2026-07-23T13:02:41.277504-03:00,2026-W30,0.6126847290640418,stop,0.0,0.5,-1.0,-0.11769609700644072,10
FFUSDT,PREBREAK,1h,major,2026-07-23T22:02:33.300505-03:00,2026-W30,0.16910195370218636,target,1.0,0.9,0.16910195370218636,0.05219175833196728,10
BEAMXUSDT,HOLD,4h,major,2026-07-24T12:02:39.123698-03:00,2026-W30,0.7800982800982795,stop,0.0,0.4,-1.0,0.0629609900236072,10
ZROUSDT,BREAKOUT,4h,major,2026-07-24T21:02:44.743919-03:00,2026-W30,0.3508771929824577,target,1.0,0.8,0.3508771929824577,0.0807017543859659,10
BCHUSDT,PREBREAK,1h,res,2026-07-25T05:02:38.289977-03:00,2026-W30,0.08983451536643185,target,1.0,0.8,0.08983451536643185,-0.08440545043748202,10
BCHUSDT,PREBREAK,1h,major,2026-07-25T05:02:38.289977-03:00,2026-W30,0.4444444444444446,target,1.0,0.3,0.4444444444444446,-0.1645022558594275,10
CVXUSDT,BREAKOUT,4h,major,2026-07-25T15:02:39.679992-03:00,2026-W30,0.219198790627365,target,1.0,0.9,0.219198790627365,0.09727891156462758,10
NEIROUSDT,BREAKOUT,4h,major,2026-07-25T17:02:38.980407-03:00,2026-W30,0.2007122045969583,target,1.0,0.8,0.2007122045969583,0.05627858138406812,10
XLMUSDT,PREBREAK,1h,res,2026-07-26T00:02:43.260095-03:00,2026-W30,0.03344481605351115,target,1.0,0.5,0.03344481605351115,0.016722408026755644,10
XLMUSDT,PREBREAK,1h,major,2026-07-26T00:02:43.260095-03:00,2026-W30,0.3121516164994425,abierto,0.0,0.5,-0.30100334448160626,-0.00027248453619859727,10
PEPEUSDT,BREAKOUT,4h,res,2026-07-26T01:02:41.817983-03:00,2026-W30,0.03424657534246543,target,1.0,1.0,0.03424657534246543,0.03424657534246483,10
PEPEUSDT,BREAKOUT,4h,major,2026-07-26T01:02:41.817983-03:00,2026-W30,0.20547945205479262,target,1.0,0.9,0.20547945205479262,0.08493150684931408,10
PENGUUSDT,BREAKOUT,4h,res,2026-07-26T01:02:41.817983-03:00,2026-W30,0.05180533751962334,target,1.0,1.0,0.05180533751962334,0.05180533751962385,10
PENGUUSDT,BREAKOUT,4h,major,2026-07-26T01:02:41.817983-03:00,2026-W30,0.15698587127158609,target,1.0,0.8,0.15698587127158609,-0.036712638011338415,10
NEARUSDT,PREBREAK,1h,major,2026-07-26T05:02:40.730269-03:00,2026-W30,0.6204986149584509,stop,0.0,0.1,-1.0,-0.35996052028910225,10
TAOUSDT,HOLD,4h,res,2026-07-26T13:02:38.163651-03:00,2026-W30,0.19687026754164733,abierto,0.0,0.6,-0.28773346794548127,-0.19629308589742483,10
TAOUSDT,HOLD,4h,major,2026-07-26T13:02:38.163651-03:00,2026-W30,0.23220595658758172,abierto,0.0,0.6,-0.28773346794548127,-0.09881327044199315,10
AAVEUSDT,BREAKOUT,4h,res,2026-07-26T13:02:38.163651-03:00,2026-W30,0.12171422726807644,target,1.0,0.9,0.12171422726807644,0.0869888361168253,10
AAVEUSDT,BREAKOUT,4h,major,2026-07-26T13:02:38.163651-03:00,2026-W30,0.12171422726807644,target,1.0,0.8,0.12171422726807644,-0.0393475359437518,10
HOLOUSDT,BREAKOUT,4h,major,2026-07-26T13:02:38.163651-03:00,2026-W30,0.5790960451977408,stop,0.0,0.5,-1.0,-0.21045197740112992,10
EULUSDT,HOLD,4h,res,2026-07-26T13:02:38.163651-03:00,2026-W30,0.9489633173843703,stop,0.0,0.4,-1.0,0.013864547389316795,10
EULUSDT,HOLD,4h,major,2026-07-26T13:02:38.163651-03:00,2026-W30,0.9489633173843703,stop,0.0,0.1,-1.0,-0.36410978181676723,10
PUMPUSDT,HOLD,4h,res,2026-07-27T05:02:36.536447-03:00,2026-W31,0.14756517461879035,target,1.0,1.0,0.14756517461879035,0.1475651746187912,10
PUMPUSDT,HOLD,4h,major,2026-07-27T05:02:36.536447-03:00,2026-W31,0.3148057058534177,target,1.0,1.0,0.3148057058534177,0.31480570585341805,10
LDOUSDT,BREAKOUT,4h,res,2026-07-27T06:02:34.580712-03:00,2026-W31,0.18258080434246277,stop,0.0,0.9,-1.0,0.11305752509125963,10
LDOUSDT,BREAKOUT,4h,major,2026-07-27T06:02:34.580712-03:00,2026-W31,0.18258080434246277,stop,0.0,1.0,-1.0,0.18258080434246252,10
PUMPUSDT,HOLD,4h,res,2026-07-27T17:02:35.402674-03:00,2026-W31,0.16447368421052574,target,1.0,1.0,0.16447368421052574,0.16447368421052655,10
PUMPUSDT,HOLD,4h,major,2026-07-27T17:02:35.402674-03:00,2026-W31,0.16447368421052574,target,1.0,0.9,0.16447368421052574,0.04802631578947408,10
SAPIENUSDT,BREAKOUT,4h,major,2026-07-27T18:02:40.228361-03:00,2026-W31,0.38416763678696125,target,1.0,0.8,0.38416763678696125,0.18366226763352392,10
MMTUSDT,BREAKOUT,4h,major,2026-07-28T12:02:46.892548-03:00,2026-W31,0.026288117770767623,target,1.0,1.0,0.026288117770767623,0.02628811777076759,10
COTIUSDT,HOLD,4h,res,2026-07-28T13:02:41.359287-03:00,2026-W31,0.4843304843304847,stop,0.0,0.6,-1.0,-0.013704803011077122,10
COTIUSDT,HOLD,4h,major,2026-07-28T13:02:41.359287-03:00,2026-W31,0.4843304843304847,stop,0.0,0.4,-1.0,-0.37834492069566705,10
VANAUSDT,HOLD,4h,res,2026-07-29T01:02:40.888277-03:00,2026-W31,0.6554756195043971,stop,0.0,0.8,-1.0,0.4895643942007445,10
VANAUSDT,HOLD,4h,major,2026-07-29T01:02:40.888277-03:00,2026-W31,0.6554756195043971,stop,0.0,0.7,-1.0,0.4540347790971384,10
JUPUSDT,BREAKOUT,4h,major,2026-07-29T05:02:38.353805-03:00,2026-W31,0.42629686697483343,abierto,0.0,0.3,-0.35439137134052445,-0.4223815997946018,10
GIGGLEUSDT,BREAKOUT,4h,res,2026-07-30T09:02:43.129057-03:00,2026-W31,0.09451108687749833,target,1.0,1.0,0.09451108687749833,0.09451108687749779,10
GIGGLEUSDT,BREAKOUT,4h,major,2026-07-30T09:02:43.129057-03:00,2026-W31,0.09451108687749833,target,1.0,1.0,0.09451108687749833,0.09451108687749776,10
GIGGLEUSDT,HOLD,4h,res,2026-07-31T02:02:37.895947-03:00,2026-W31,0.006542361792606995,target,1.0,1.0,0.006542361792606995,0.006542361792607622,10
GIGGLEUSDT,HOLD,4h,major,2026-07-31T02:02:37.895947-03:00,2026-W31,0.006542361792606995,target,1.0,1.0,0.006542361792606995,0.006542361792607687,10
TSTUSDT,BREAKOUT,4h,major,2026-07-31T08:02:46.277281-03:00,2026-W31,0.21582733812949448,stop,0.0,0.9,-1.0,0.09424460431654555,10
ORDIUSDT,BREAKOUT,4h,res,2026-07-31T17:02:44.238287-03:00,2026-W31,0.5285118219749636,target,1.0,0.4,0.5285118219749636,0.0952761950907691,10
ORDIUSDT,BREAKOUT,4h,major,2026-07-31T17:02:44.238287-03:00,2026-W31,1.4297635605006942,abierto,0.0,0.4,-0.9457579972183594,0.5953861042690225,10
NEIROUSDT,HOLD,4h,major,2026-07-31T21:02:44.004887-03:00,2026-W31,0.5552926329073975,abierto,0.0,0.6,-0.25240574223063583,0.08967343405023169,10
ORDIUSDT,HOLD,4h,res,2026-07-31T21:02:44.004887-03:00,2026-W31,0.10078997548351933,target,1.0,1.0,0.10078997548351933,0.10078997548351956,10
ORDIUSDT,HOLD,4h,major,2026-07-31T21:02:44.004887-03:00,2026-W31,1.193135385453556,stop,0.0,0.6,-1.0,0.6965028183296565,10
SHIBUSDT,BREAKOUT,4h,res,2026-08-01T03:02:41.186533-03:00,2026-W31,0.24242424242424207,target,1.0,0.8,0.24242424242424207,0.09785950800203314,10
SHIBUSDT,BREAKOUT,4h,major,2026-08-01T03:02:41.186533-03:00,2026-W31,1.7777777777777797,abierto,0.0,0.3,-0.5454545454545456,0.4697092409438586,10
ARBUSDT,BREAKOUT,4h,major,2026-08-02T01:02:36.329541-03:00,2026-W31,1.2995049504950518,abierto,0.0,0.0,-0.34653465346534573,-0.640601966347911,10
ENAUSDT,BREAKOUT,4h,major,2026-08-02T01:02:36.329541-03:00,2026-W31,1.003541912632822,target,1.0,0.6,1.003541912632822,0.2586468867101276,10
PEPEUSDT,HOLD,4h,major,2026-08-02T05:02:36.18171-03:00,2026-W31,0.5084745762711842,abierto,0.0,0.8,-0.23728813559322104,0.2782082324455194,10
EDENUSDT,BREAKOUT,4h,major,2026-08-02T14:02:39.865191-03:00,2026-W31,1.2610186092066613,target,1.0,0.3,1.2610186092066613,0.06658112329322022,10
LUNCUSDT,BREAKOUT,4h,major,2026-08-02T18:02:39.061451-03:00,2026-W31,1.1545988258317035,abierto,0.0,0.2,-0.19765166340508733,-0.29322217535710793,10
BICOUSDT,HOLD,4h,major,2026-08-02T19:02:40.807232-03:00,2026-W31,0.5635948210205658,target,1.0,0.1,0.5635948210205658,-0.7648393483073,10
ZKUSDT,BREAKOUT,4h,res,2026-08-02T21:02:40.806283-03:00,2026-W32,0.09852216748768496,target,1.0,1.0,0.09852216748768496,0.09852216748768462,10
ZKUSDT,BREAKOUT,4h,major,2026-08-02T21:02:40.806283-03:00,2026-W32,1.6502463054187178,abierto,0.0,0.3,-0.08620689655172487,0.02903954766824359,10
EDENUSDT,HOLD,4h,major,2026-08-02T21:02:40.806283-03:00,2026-W32,0.4784688995215309,stop,0.0,0.8,-1.0,0.26602314195319543,10
MIRAUSDT,PREBREAK,1h,major,2026-08-03T01:02:41.983156-03:00,2026-W32,0.33333333333333276,target,1.0,0.7,0.33333333333333276,0.23373910967895842,10
PORTALUSDT,HOLD,4h,res,2026-08-03T01:02:41.983156-03:00,2026-W32,1.1359404096834267,target,1.0,0.3,1.1359404096834267,-0.15758196925982534,10
PORTALUSDT,HOLD,4h,major,2026-08-03T01:02:41.983156-03:00,2026-W32,1.1359404096834267,target,1.0,0.5,1.1359404096834267,0.24536950936315685,10
ZECUSDT,BREAKOUT,4h,major,2026-08-04T13:02:55.016908-03:00,2026-W32,0.2402775827834498,target,1.0,0.8,0.2402775827834498,-0.007777933773239704,10
ZROUSDT,BREAKOUT,4h,major,2026-08-04T15:02:41.899123-03:00,2026-W32,2.371794871794871,abierto,0.0,0.3,1.038461538461537,0.3432820307632415,10
BIOUSDT,HOLD,4h,major,2026-08-05T01:02:37.131139-03:00,2026-W32,0.9558525718914535,target,1.0,0.8,0.9558525718914535,0.5646820575131628,10
PUMPUSDT,HOLD,4h,res,2026-08-05T05:02:42.233253-03:00,2026-W32,0.16699801192842917,target,1.0,0.9,0.16699801192842917,0.05029821073558678,10
PUMPUSDT,HOLD,4h,major,2026-08-05T05:02:42.233253-03:00,2026-W32,0.16699801192842917,target,1.0,0.9,0.16699801192842917,0.05029821073558671,10
MITOUSDT,BREAKOUT,4h,major,2026-08-05T05:02:42.233253-03:00,2026-W32,0.5185185185185189,target,1.0,0.6,0.5185185185185189,0.06973100613458143,10
RESOLVUSDT,HOLD,4h,major,2026-08-05T09:02:46.650295-03:00,2026-W32,0.8454647256438959,target,1.0,0.4,0.8454647256438959,-0.2618141097424417,10
RESOLVUSDT,BREAKOUT,4h,major,2026-08-06T05:02:45.519184-03:00,2026-W32,0.47489082969432267,target,1.0,0.7,0.47489082969432267,0.10816984944274285,10
ZROUSDT,BREAKOUT,4h,major,2026-08-06T09:02:46.693071-03:00,2026-W32,1.7539585870889158,abierto,0.0,0.5,0.0730816077953711,0.37697929354445747,10
USUALUSDT,BREAKOUT,4h,major,2026-08-06T12:02:50.891205-03:00,2026-W32,0.16968325791855113,target,1.0,0.9,0.16968325791855113,0.05271493212669587,10
FRAXUSDT,HOLD,4h,res,2026-08-06T21:02:47.485783-03:00,2026-W32,0.0950269242952171,target,1.0,1.0,0.0950269242952171,0.09502692429521621,10
FRAXUSDT,HOLD,4h,major,2026-08-06T21:02:47.485783-03:00,2026-W32,0.0950269242952171,target,1.0,1.0,0.0950269242952171,0.09502692429521642,10
BABYUSDT,HOLD,4h,res,2026-08-06T21:02:47.485783-03:00,2026-W32,0.22887323943661958,target,1.0,1.0,0.22887323943661958,0.2288732394366201,10
BABYUSDT,HOLD,4h,major,2026-08-06T21:02:47.485783-03:00,2026-W32,2.10387323943662,stop,0.0,0.4,-1.0,0.3375810418063942,10
BROCCOLI714USDT,HOLD,4h,res,2026-08-07T21:02:52.852114-03:00,2026-W32,0.19570707070707144,target,1.0,0.9,0.19570707070707144,0.07613636363636477,10
BROCCOLI714USDT,HOLD,4h,major,2026-08-07T21:02:52.852114-03:00,2026-W32,0.19570707070707144,target,1.0,0.9,0.19570707070707144,0.07613636363636456,10
CHZUSDT,BREAKOUT,4h,major,2026-08-08T14:02:39.534174-03:00,2026-W32,0.15718562874251502,target,1.0,0.7,0.15718562874251502,-0.18997005988023902,10
JTOUSDT,HOLD,4h,res,2026-08-09T01:02:35.714174-03:00,2026-W32,0.2419040187280547,target,1.0,0.9,0.2419040187280547,0.11771361685524857,10
JTOUSDT,HOLD,4h,major,2026-08-09T01:02:35.714174-03:00,2026-W32,0.6964494732735093,target,1.0,0.4,0.6964494732735093,-0.057110463711259565,10
FFUSDT,PREBREAK,1h,major,2026-08-09T05:02:37.573907-03:00,2026-W32,0.10864575363427521,target,1.0,0.9,0.10864575363427521,0.09778117827084933,10
BABYUSDT,BREAKOUT,4h,major,2026-08-09T05:02:37.573907-03:00,2026-W32,0.5283307810107195,stop,0.0,0.4,-1.0,-0.19963823626618496,10
SOLVUSDT,HOLD,4h,res,2026-08-09T13:02:45.30132-03:00,2026-W32,0.4924242424242439,target,1.0,0.8,0.4924242424242439,0.23646812957157842,10
SOLVUSDT,HOLD,4h,major,2026-08-09T13:02:45.30132-03:00,2026-W32,0.4924242424242439,target,1.0,0.5,0.4924242424242439,-0.09599479289450112,10
PYTHUSDT,HOLD,4h,res,2026-08-09T14:02:40.471161-03:00,2026-W32,0.09863785814936356,target,1.0,0.9,0.09863785814936356,-0.011225927665572417,10
PYTHUSDT,HOLD,4h,major,2026-08-09T14:02:40.471161-03:00,2026-W32,0.09863785814936356,target,1.0,0.8,0.09863785814936356,-0.12108971348050905,10
ALICEUSDT,BREAKOUT,4h,res,2026-08-10T12:02:47.784302-03:00,2026-W33,0.6335204490777862,target,1.0,0.5,0.6335204490777862,-0.06398448220240603,10
ALICEUSDT,BREAKOUT,4h,major,2026-08-10T12:02:47.784302-03:00,2026-W33,0.6335204490777862,target,1.0,0.5,0.6335204490777862,0.046817191491647404,10
CFXUSDT,PREBREAK,1h,res,2026-08-11T04:02:42.937679-03:00,2026-W33,0.06355932203389977,target,1.0,1.0,0.06355932203389977,0.06355932203390022,10
CFXUSDT,PREBREAK,1h,major,2026-08-11T04:02:42.937679-03:00,2026-W33,0.11064030131826859,target,1.0,1.0,0.11064030131826859,0.11064030131826971,10
GIGGLEUSDT,BREAKOUT,4h,major,2026-08-11T13:02:40.095545-03:00,2026-W33,3.23458767013611,stop,0.0,0.4,-1.0,1.4210834473090457,10
OPENUSDT,BREAKOUT,4h,major,2026-08-12T05:02:37.87795-03:00,2026-W33,0.23787313432835674,target,1.0,0.9,0.23787313432835674,0.1140858208955213,10
MOVEUSDT,BREAKOUT,4h,res,2026-08-14T13:02:35.568225-03:00,2026-W33,0.14084507042253563,target,1.0,0.5,0.14084507042253563,-0.42957746478873254,8
MOVEUSDT,BREAKOUT,4h,major,2026-08-14T13:02:35.568225-03:00,2026-W33,0.9859154929577458,stop,0.0,0.0,-1.0,-0.8483030976181661,10
HEMIUSDT,BREAKOUT,4h,major,2026-08-15T05:02:38.442271-03:00,2026-W33,0.39783001808318236,target,1.0,0.7,0.39783001808318236,-0.02151898734177194,10
HUMAUSDT,BREAKOUT,4h,major,2026-08-15T12:02:45.739969-03:00,2026-W33,0.6741573033707869,target,1.0,0.5,0.6741573033707869,0.32044989333091534,8
BOMEUSDT,BREAKOUT,4h,major,2026-08-15T13:02:38.636164-03:00,2026-W33,0.6557377049180337,target,1.0,0.9,0.6557377049180337,0.5868361474045993,10
OPGUSDT,HOLD,4h,major,2026-08-15T15:02:40.144695-03:00,2026-W33,0.287179487179487,target,1.0,0.8,0.287179487179487,0.02974358974359006,10
